split,fold,epoch,batch,batch_size,batch_time_seconds,epoch_accumulated_time_seconds,total_accumulated_time_seconds,loss,precision,accuracy,recall,f1,learning_rate,difficulty_mean,difficulty_min,difficulty_max,difficulty_labels
test,0,1,1,32,0.7744188430078793,0.8410880070005078,0.8417135700001381,0.6764747500419617,0.3333333333333333,0.625,0.45454545454545453,0.38461538461538464,1.0050251256281409e-07,0.0,0.0,0.0,easy
test,0,1,2,32,0.5197637160017621,1.3824870079988614,1.3831125819997396,0.6916064023971558,0.2833333333333333,0.53125,0.4473684210526316,0.3469387755102041,2.0100502512562817e-07,0.0,0.0,0.0,easy
test,0,1,3,32,0.5227880209858995,1.9058051999891177,1.9064307959924918,0.6831633448600769,0.3225806451612903,0.625,0.47619047619047616,0.38461538461538464,3.0150753768844224e-07,0.0,0.0,0.0,easy
test,0,1,4,32,0.5209900650079362,2.427341181988595,2.4279667579976376,0.6918848752975464,0.5,0.5,0.5,0.3816425120772947,4.0201005025125634e-07,0.0,0.0,0.0,easy
test,0,1,5,32,0.5224360710126348,2.9503320119983982,2.950957605993608,0.7126073837280273,0.265625,0.53125,0.5,0.3469387755102041,5.025125628140704e-07,0.0,0.0,0.0,easy
test,0,1,6,32,0.522139317006804,3.4730158489837777,3.473641418997431,0.6514703631401062,0.3125,0.625,0.5,0.38461538461538464,6.030150753768845e-07,0.0,0.0,0.0,easy
test,0,1,7,32,0.522995653009275,3.9965659840090666,3.997191585978726,0.6891244053840637,0.2833333333333333,0.53125,0.4473684210526316,0.3469387755102041,7.035175879396985e-07,0.0,0.0,0.0,easy
test,0,1,8,32,0.5225088029983453,4.519703614001628,4.520329218998086,0.7033842206001282,0.265625,0.53125,0.5,0.3469387755102041,8.040201005025127e-07,0.0,0.0,0.0,easy
test,0,1,9,32,0.5235515160020441,5.043778349994682,5.044403914973373,0.6782360076904297,0.28125,0.5625,0.5,0.36,9.045226130653267e-07,0.0,0.0,0.0,easy
test,0,1,10,32,0.5229803039983381,5.567305974982446,5.567931534984382,0.6871720552444458,0.7580645161290323,0.53125,0.53125,0.3992490613266583,1.0050251256281409e-06,0.0,0.0,0.0,easy
test,0,1,11,32,0.5221640550007578,6.089998351002578,6.090623904980021,0.678362250328064,0.296875,0.59375,0.5,0.37254901960784315,1.105527638190955e-06,0.0,0.0,0.0,easy
test,0,1,12,32,0.521786526980577,6.612330158997793,6.6129557359963655,0.6999964714050293,0.25,0.5,0.5,0.3333333333333333,1.206030150753769e-06,0.0,0.0,0.0,easy
test,0,1,13,32,0.5235087490000296,7.136355246999301,7.136980793002294,0.6441063284873962,0.3548387096774194,0.6875,0.4782608695652174,0.4074074074074074,1.3065326633165831e-06,0.0,0.0,0.0,easy
test,0,1,14,32,0.5232408099982422,7.660128946008626,7.6607544839789625,0.6500848531723022,0.6781609195402298,0.6875,0.5670995670995671,0.5428571428571429,1.407035175879397e-06,0.0,0.0,0.0,easy
test,0,1,15,32,0.5234146589937154,8.184054345998447,8.184679934987798,0.6693675518035889,0.4770114942528736,0.59375,0.4916666666666667,0.4340136054421769,1.507537688442211e-06,0.0,0.0,0.0,easy
test,0,1,16,32,0.5221566529944539,8.706740630004788,8.70736616497743,0.6997912526130676,0.45977011494252873,0.5625,0.4858299595141701,0.4166666666666667,1.6080402010050254e-06,0.0,0.0,0.0,easy
test,0,1,17,32,0.5226903680013493,9.229967580991797,9.230593134998344,0.6653209924697876,0.28125,0.5625,0.5,0.36,1.7085427135678393e-06,0.0,0.0,0.0,easy
test,0,1,18,32,0.5234760680177715,9.753954260988394,9.754579806991387,0.6744778752326965,0.28125,0.5625,0.5,0.36,1.8090452261306535e-06,0.0,0.0,0.0,easy
test,0,1,19,32,0.5235947239852976,10.278024706989527,10.278650212974753,0.705889105796814,0.7833333333333333,0.59375,0.5666666666666667,0.4793491864831039,1.9095477386934674e-06,0.0,0.0,0.0,easy
test,0,1,20,32,0.5230546540115029,10.801572105003288,10.8021976389864,0.6891565918922424,0.2903225806451613,0.5625,0.47368421052631576,0.36,2.0100502512562818e-06,0.0,0.0,0.0,easy
test,0,1,21,32,0.5228193509974517,11.324902091990225,11.325527972978307,0.7257404327392578,0.234375,0.46875,0.5,0.3191489361702128,2.1105527638190957e-06,0.0,0.0,0.0,easy
test,0,1,22,32,0.5237910810101312,11.849221201002365,11.84984676699969,0.6841394901275635,0.265625,0.53125,0.5,0.3469387755102041,2.21105527638191e-06,0.0,0.0,0.0,easy
test,0,1,23,32,0.5238232410047203,12.37355931600905,12.374184903979767,0.6990041732788086,0.3225806451612903,0.625,0.47619047619047616,0.38461538461538464,2.311557788944724e-06,0.0,0.0,0.0,easy
test,0,1,24,32,0.5235165240010247,12.897596158989472,12.898221726994962,0.7276458144187927,0.234375,0.46875,0.5,0.3191489361702128,2.412060301507538e-06,0.0,0.0,0.0,easy
test,0,1,25,32,0.5228331650141627,13.420932898006868,13.421558463975089,0.7075085639953613,0.234375,0.46875,0.5,0.3191489361702128,2.512562814070352e-06,0.0,0.0,0.0,easy
test,0,1,26,32,0.5241154289979022,13.94557348600938,13.946199069992872,0.7067045569419861,0.25,0.5,0.5,0.3333333333333333,2.6130653266331663e-06,0.0,0.0,0.0,easy
test,0,1,27,32,0.5239108230161946,14.469985128002008,14.470610668999143,0.6426958441734314,0.34375,0.6875,0.5,0.4074074074074074,2.71356783919598e-06,0.0,0.0,0.0,easy
test,0,1,28,32,0.523821370996302,14.99434840399772,14.99497396199149,0.6626121997833252,0.328125,0.65625,0.5,0.39622641509433965,2.814070351758794e-06,0.0,0.0,0.0,easy
test,0,1,29,32,0.5232629769889172,15.518189043010352,15.518814588984242,0.6850411891937256,0.2833333333333333,0.53125,0.4473684210526316,0.3469387755102041,2.914572864321608e-06,0.0,0.0,0.0,easy
test,0,1,30,32,0.5241962730069645,16.042962022998836,16.043587586987996,0.7079842686653137,0.4666666666666667,0.4375,0.4920634920634921,0.34545454545454546,3.015075376884422e-06,0.0,0.0,0.0,easy
test,0,1,31,32,0.52349260498886,16.567003450996708,16.567629047989612,0.6925964951515198,0.5919540229885057,0.53125,0.53125,0.43859649122807015,3.115577889447237e-06,0.0,0.0,0.0,easy
test,0,1,32,32,0.5233415629772935,17.09086648898665,17.091492134990403,0.6806240081787109,0.8225806451612903,0.65625,0.5416666666666666,0.46907993966817496,3.2160804020100507e-06,0.0,0.0,0.0,easy
test,0,1,33,32,0.5228390319971368,17.614194588008104,17.614820142975077,0.701736330986023,0.265625,0.53125,0.5,0.3469387755102041,3.3165829145728647e-06,0.0,0.0,0.0,easy
test,0,1,34,32,0.5240109839942306,18.13879399598227,18.139419536979403,0.707541286945343,0.7419354838709677,0.5,0.5294117647058824,0.3816425120772947,3.4170854271356786e-06,0.0,0.0,0.0,easy
test,0,1,35,32,0.5249008259852417,18.664219083002536,18.664844633982284,0.6671586036682129,0.7903225806451613,0.59375,0.5357142857142857,0.4340136054421769,3.517587939698493e-06,0.0,0.0,0.0,easy
test,0,1,36,32,0.5232665479998104,19.188022596004885,19.188648135983385,0.6801693439483643,0.3064516129032258,0.59375,0.475,0.37254901960784315,3.618090452261307e-06,0.0,0.0,0.0,easy
test,0,1,37,32,0.5227226989809424,19.711249660002068,19.711875214998145,0.6984095573425293,0.24193548387096775,0.46875,0.46875,0.3191489361702128,3.718592964824121e-06,0.0,0.0,0.0,easy
test,0,1,38,32,0.5243921770015731,20.236208796006395,20.236834352981532,0.6771005392074585,0.296875,0.59375,0.5,0.37254901960784315,3.819095477386935e-06,0.0,0.0,0.0,easy
test,0,1,39,32,0.5247194370022044,20.761506679002196,20.762132267002016,0.6891373991966248,0.7833333333333333,0.59375,0.5666666666666667,0.4793491864831039,3.919597989949749e-06,0.0,0.0,0.0,easy
test,0,1,40,32,0.523539110989077,21.285492928989697,21.286118477000855,0.6573045253753662,0.34375,0.6875,0.5,0.4074074074074074,4.0201005025125635e-06,0.0,0.0,0.0,easy
test,0,1,41,32,0.5230229209992103,21.809030186996097,21.809655735996785,0.6531385183334351,0.328125,0.65625,0.5,0.39622641509433965,4.120603015075377e-06,0.0,0.0,0.0,easy
test,0,1,42,32,0.5241750190034509,22.33366858799127,22.33429446897935,0.7077878713607788,0.5178571428571428,0.53125,0.5078431372549019,0.43859649122807015,4.221105527638191e-06,0.0,0.0,0.0,easy
test,0,1,43,32,0.5245249180006795,22.85873391898349,22.859359472000506,0.6632005572319031,0.8064516129032258,0.625,0.5384615384615384,0.4514285714285714,4.321608040201005e-06,0.0,0.0,0.0,easy
test,0,1,44,32,0.5238184360205196,23.383008809993044,23.38363436999498,0.6785210967063904,0.55,0.59375,0.5121457489878543,0.4340136054421769,4.42211055276382e-06,0.0,0.0,0.0,easy
test,0,1,45,32,0.5229670240078121,23.906531676009763,23.907157218985958,0.7089704275131226,0.48333333333333334,0.46875,0.49607843137254903,0.36374269005847953,4.522613065326634e-06,0.0,0.0,0.0,easy
test,0,1,46,32,0.5261041240009945,24.433162578003248,24.433788219990674,0.7003005743026733,0.7580645161290323,0.53125,0.53125,0.3992490613266583,4.623115577889448e-06,0.0,0.0,0.0,easy
test,0,1,47,32,0.5257423889997881,24.959849348990247,24.960474906984018,0.6946084499359131,0.8064516129032258,0.625,0.5384615384615384,0.4514285714285714,4.7236180904522615e-06,0.0,0.0,0.0,easy
test,0,1,48,32,0.5237696850090288,25.48421341800713,25.48483896997641,0.6873459219932556,0.7580645161290323,0.53125,0.53125,0.3992490613266583,4.824120603015076e-06,0.0,0.0,0.0,easy
test,0,1,49,32,0.5248584770015441,26.00968857499538,26.01031415097532,0.7156515121459961,0.25806451612903225,0.5,0.47058823529411764,0.3333333333333333,4.92462311557789e-06,0.0,0.0,0.0,easy
test,0,1,50,32,0.5257891639776062,26.53598664898891,26.536612198979128,0.699495792388916,0.6091954022988506,0.5625,0.5372549019607843,0.45893719806763283,5.025125628140704e-06,0.0,0.0,0.0,easy
test,0,1,51,32,0.5262207009945996,27.062750065000728,27.06337567398441,0.6576340794563293,0.8064516129032258,0.625,0.5384615384615384,0.4514285714285714,5.125628140703518e-06,0.0,0.0,0.0,easy
test,0,1,52,32,0.5252222570125014,27.58850501998677,27.589130568987457,0.6936602592468262,0.40804597701149425,0.46875,0.46875,0.36374269005847953,5.2261306532663325e-06,0.0,0.0,0.0,easy
test,0,1,53,32,0.5248863369924948,28.11394494000706,28.114570835983614,0.6988431811332703,0.5333333333333333,0.5625,0.5079365079365079,0.4166666666666667,5.326633165829146e-06,0.0,0.0,0.0,easy
test,0,1,54,32,0.5261714760272298,28.640625692991307,28.641251230001217,0.6606868505477905,0.8333333333333333,0.6875,0.5833333333333334,0.5428571428571429,5.42713567839196e-06,0.0,0.0,0.0,easy
test,0,1,55,32,0.5257337359944358,29.166913383000065,29.167538927984424,0.6933528184890747,0.4777777777777778,0.53125,0.48809523809523814,0.43859649122807015,5.527638190954774e-06,0.0,0.0,0.0,easy
test,0,1,56,32,0.5254061869927682,29.692812444991432,29.69343799399212,0.668918251991272,0.75,0.53125,0.5588235294117647,0.43859649122807015,5.628140703517588e-06,0.0,0.0,0.0,easy
test,0,1,57,32,0.5256474040215835,30.219005741993897,30.219631357991602,0.7029727697372437,0.5402298850574713,0.4375,0.51417004048583,0.37662337662337664,5.728643216080403e-06,0.0,0.0,0.0,easy
test,0,1,58,32,0.5255641179974191,30.745077800995205,30.745703357999446,0.6900370121002197,0.5166666666666666,0.53125,0.503921568627451,0.3992490613266583,5.829145728643216e-06,0.0,0.0,0.0,easy
test,0,1,59,32,0.5259841669758316,31.27151734099607,31.27214287398965,0.635543704032898,0.6888888888888889,0.75,0.6231884057971014,0.6342857142857142,5.9296482412060305e-06,0.0,0.0,0.0,easy
test,0,1,60,32,0.5256065920111723,31.797667799983174,31.79829334898386,0.6611145734786987,0.3103448275862069,0.5625,0.42857142857142855,0.36,6.030150753768844e-06,0.0,0.0,0.0,easy
test,0,1,61,32,0.5248757399967872,32.323098455992294,32.323724043992115,0.6928957104682922,0.44252873563218387,0.53125,0.4801587301587301,0.3992490613266583,6.130653266331658e-06,0.0,0.0,0.0,easy
test,0,1,62,32,0.5261440729955211,32.84981151600368,32.85043705199496,0.6838615536689758,0.3908045977011494,0.4375,0.4627450980392157,0.34545454545454546,6.231155778894474e-06,0.0,0.0,0.0,easy
test,0,1,63,32,0.5263193759892602,33.37667414499447,33.37730001399177,0.6881479024887085,0.7419354838709677,0.5,0.5294117647058824,0.3816425120772947,6.331658291457286e-06,0.0,0.0,0.0,easy
test,0,1,64,32,0.5251351889746729,33.90237641299609,33.90300196499447,0.6662327647209167,0.49425287356321834,0.625,0.49783549783549785,0.4514285714285714,6.4321608040201015e-06,0.0,0.0,0.0,easy
test,0,1,65,32,0.526782605011249,34.42966340400744,34.43028899299679,0.6689199209213257,0.4770114942528736,0.59375,0.4916666666666667,0.4340136054421769,6.532663316582916e-06,0.0,0.0,0.0,easy
test,0,1,66,32,0.5267501630005427,34.95694606198231,34.95757160699577,0.7189352512359619,0.44074074074074077,0.46875,0.46875,0.39756367663344405,6.633165829145729e-06,0.0625,0.0,1.0,easy|medium
test,0,1,67,32,0.5256238669971935,35.48315456000273,35.48378012797912,0.6655570864677429,0.8225806451612903,0.65625,0.5416666666666666,0.46907993966817496,6.733668341708544e-06,1.0,1.0,1.0,medium
test,0,1,68,32,0.5253727380186319,36.00904296399676,36.00966850700206,0.660121738910675,0.7931034482758621,0.625,0.6,0.536231884057971,6.834170854271357e-06,1.0,1.0,1.0,medium
test,0,1,69,32,0.5272348450089339,36.536794557003304,36.53742010597489,0.7016249895095825,0.7333333333333334,0.5,0.5555555555555556,0.4181818181818182,6.934673366834172e-06,1.0,1.0,1.0,medium
test,0,1,70,32,0.5264717669924721,37.06379277998349,37.064418329973705,0.6472840309143066,0.375,0.75,0.5,0.42857142857142855,7.035175879396986e-06,1.0,1.0,1.0,medium
test,0,1,71,32,0.5257515029807109,37.59015443199314,37.590779972000746,0.7231284379959106,0.7096774193548387,0.4375,0.5263157894736842,0.34545454545454546,7.1356783919597995e-06,1.0,1.0,1.0,medium
test,0,1,72,32,0.5257994160056114,38.11646015298902,38.11708571598865,0.6704561114311218,0.8064516129032258,0.625,0.5384615384615384,0.4514285714285714,7.236180904522614e-06,1.0,1.0,1.0,medium
test,0,1,73,32,0.52671926599578,38.64362689899281,38.64425246499013,0.6336003541946411,0.8833333333333333,0.78125,0.6111111111111112,0.6157804459691252,7.336683417085427e-06,1.0,1.0,1.0,medium
test,0,1,74,32,0.5262802049983293,39.17042337000021,39.171048951975536,0.6544865369796753,0.5114942528735632,0.65625,0.5045454545454545,0.46907993966817496,7.437185929648242e-06,1.0,1.0,1.0,medium
test,0,1,75,32,0.5264919649926014,39.697349936992396,39.697975803981535,0.6401331424713135,0.8387096774193548,0.6875,0.5454545454545454,0.48717948717948717,7.537688442211056e-06,1.0,1.0,1.0,medium
test,0,1,76,32,0.5260823419957887,40.22396745899459,40.22459296899615,0.6454727649688721,0.5833333333333333,0.65625,0.5216450216450216,0.46907993966817496,7.63819095477387e-06,1.0,1.0,1.0,medium
test,0,1,77,32,0.5265354049915913,40.7510448829853,40.75167037898791,0.6797083616256714,0.265625,0.53125,0.5,0.3469387755102041,7.738693467336685e-06,1.0,1.0,1.0,medium
test,0,1,78,32,0.5264090430282522,41.277950871008215,41.278576502983924,0.6190707683563232,0.6,0.6875,0.5272727272727273,0.48717948717948717,7.839195979899498e-06,1.0,1.0,1.0,medium
test,0,1,79,32,0.5251673099992331,41.80365124400123,41.80427678799606,0.6540980339050293,0.7903225806451613,0.59375,0.5357142857142857,0.4340136054421769,7.939698492462312e-06,1.0,1.0,1.0,medium
test,0,1,80,32,0.526886656996794,42.33102474900079,42.33165029599331,0.6015377044677734,0.328125,0.65625,0.5,0.39622641509433965,8.040201005025127e-06,1.0,1.0,1.0,medium
test,0,1,81,32,0.5272135830018669,42.85887783698854,42.859503377985675,0.6331585645675659,0.8166666666666667,0.65625,0.5769230769230769,0.5210884353741496,8.14070351758794e-06,1.0,1.0,1.0,medium
test,0,1,82,32,0.525976224016631,43.38534277700819,43.38596834699274,0.6397508382797241,0.25806451612903225,0.5,0.47058823529411764,0.3333333333333333,8.241206030150754e-06,1.0,1.0,1.0,medium
test,0,1,83,32,0.5256851470039692,43.91163374399184,43.91225930998917,0.6497361660003662,0.8064516129032258,0.625,0.5384615384615384,0.4514285714285714,8.341708542713568e-06,1.0,1.0,1.0,medium
test,0,1,84,32,0.5269627409870736,44.43912357499357,44.439749127981486,0.6118787527084351,0.7580645161290323,0.53125,0.53125,0.3992490613266583,8.442211055276383e-06,1.0,1.0,1.0,medium
test,0,1,85,32,0.5264514909940772,44.96615331800422,44.96677893298329,0.6370649933815002,0.4252873563218391,0.5,0.4745098039215686,0.3816425120772947,8.542713567839196e-06,1.0,1.0,1.0,medium
test,0,1,86,32,0.5260616590094287,45.492738793982426,45.493364335998194,0.5643158555030823,0.6518518518518519,0.6875,0.5887445887445888,0.5833333333333333,8.64321608040201e-06,1.0,1.0,1.0,medium
test,0,1,87,32,0.5255396509892307,46.01883328499389,46.019458864990156,0.6585714817047119,0.6592592592592592,0.5625,0.5843137254901961,0.5151515151515151,8.743718592964825e-06,1.0,1.0,1.0,medium
test,0,1,88,32,0.526769443997182,46.54612360600731,46.54674915599753,0.554663896560669,0.7267206477732794,0.71875,0.71875,0.716256157635468,8.84422110552764e-06,1.0,1.0,1.0,medium
test,0,1,89,32,0.5269687879772391,47.073649416008266,47.07427500697668,0.5022339820861816,0.8411764705882353,0.84375,0.8452380952380952,0.8423645320197044,8.944723618090452e-06,1.0,1.0,1.0,medium
test,0,1,90,32,0.5253120640118141,47.599477007985115,47.60010255299858,0.6340345144271851,0.7261904761904762,0.71875,0.723529411764706,0.718475073313783,9.045226130653267e-06,1.0,1.0,1.0,medium
test,0,1,91,32,0.5275296009785961,48.12759195800754,48.128217510995455,0.48447489738464355,0.8363636363636364,0.8125,0.7936507936507937,0.8,9.14572864321608e-06,1.0,1.0,1.0,medium
test,0,1,92,32,0.5280967110011261,48.656186420004815,48.656811984983506,0.45630359649658203,0.7771428571428571,0.8125,0.7342995169082125,0.75,9.246231155778896e-06,1.0,1.0,1.0,medium
test,0,1,93,32,0.5265805090020876,49.18340758199338,49.18403315299656,0.4286108911037445,0.9047619047619048,0.875,0.8666666666666667,0.8704453441295547,9.34673366834171e-06,1.0,1.0,1.0,medium
test,0,1,94,32,0.52606111599016,49.71007077000104,49.71069630899001,0.4738139510154724,0.875,0.84375,0.8529411764705883,0.8423645320197044,9.447236180904523e-06,1.0,1.0,1.0,medium
test,0,1,95,32,0.5278737529879436,50.238493023993215,50.23911860497901,0.4234864115715027,0.8562753036437247,0.84375,0.84375,0.8423645320197044,9.547738693467338e-06,1.0,1.0,1.0,medium
test,0,1,96,32,0.526902889017947,50.765933154994855,50.76655870699324,0.6947229504585266,0.5992063492063493,0.59375,0.5980392156862745,0.5933528836754643,9.648241206030152e-06,1.0,1.0,1.0,medium
test,0,1,97,32,0.5264922450005542,51.2929554329894,51.29358102098922,0.526699423789978,0.7408906882591093,0.75,0.7408906882591093,0.7408906882591093,9.748743718592965e-06,1.0,1.0,1.0,medium
test,0,1,98,32,0.5250159139977768,51.81851104198722,51.819136587000685,0.34347251057624817,0.8888888888888888,0.875,0.8888888888888888,0.875,9.84924623115578e-06,1.0,1.0,1.0,medium
test,0,1,99,32,0.5274733739788644,52.346545289008645,52.347170858993195,0.5287234783172607,0.8036437246963564,0.78125,0.7976190476190477,0.7810361681329423,9.949748743718594e-06,1.0,1.0,1.0,medium
test,0,1,100,32,0.5266519789875019,52.87370683098561,52.874332407984184,0.5976787805557251,0.71875,0.71875,0.7267206477732794,0.716256157635468,1.0050251256281408e-05,1.0,1.0,1.0,medium
test,0,1,101,32,0.5251317680231296,53.39933982701041,53.39996538698324,0.598656415939331,0.7166666666666667,0.6875,0.7063492063492063,0.6862745098039216,1.0150753768844221e-05,1.0,1.0,1.0,medium
test,0,1,102,32,0.5269799759844318,53.926873015007004,53.92749857099261,0.5654237270355225,0.75,0.75,0.753968253968254,0.7490196078431373,1.0251256281407036e-05,1.0,1.0,1.0,medium
test,0,1,103,32,0.5275671280105598,54.45494044298539,54.45556599099655,0.4035661220550537,0.84375,0.84375,0.8562753036437247,0.8423645320197044,1.035175879396985e-05,1.0,1.0,1.0,medium
test,0,1,104,32,0.5266078679997008,54.98209700998268,54.982722549000755,0.4824056625366211,0.7636363636363637,0.75,0.7301587301587301,0.7333333333333334,1.0452261306532665e-05,1.0,1.0,1.0,medium
test,0,1,105,32,0.5260567849909421,55.508709768997505,55.50933531599003,0.38135212659835815,0.8562753036437247,0.84375,0.84375,0.8423645320197044,1.0552763819095477e-05,1.0,1.0,1.0,medium
test,0,1,106,32,0.5274932459869888,56.03673657300533,56.037362425995525,0.31815868616104126,0.8967611336032388,0.90625,0.9083333333333333,0.9015384615384616,1.0653266331658292e-05,1.0,1.0,1.0,medium
test,0,1,107,32,0.5268275820126291,56.56408375900355,56.56470931999502,0.3927106261253357,0.8117647058823529,0.8125,0.8117647058823529,0.8117647058823529,1.0753768844221106e-05,1.0,1.0,1.0,medium
test,0,1,108,32,0.5267573929741047,57.09132077000686,57.091946312983055,0.43104493618011475,0.8373015873015872,0.84375,0.8441295546558705,0.8398398398398399,1.085427135678392e-05,1.0,1.0,1.0,medium
test,0,1,109,32,0.5259906459832564,57.61788588500349,57.61851142998785,0.3823437988758087,0.8831168831168831,0.875,0.8582995951417004,0.8666666666666667,1.0954773869346736e-05,1.0,1.0,1.0,medium
test,0,1,110,32,0.527300682006171,58.14570777598419,58.14633334398968,0.3236202597618103,0.8916666666666666,0.90625,0.9069264069264069,0.8981972428419936,1.1055276381909548e-05,1.0,1.0,1.0,medium
test,0,1,111,32,0.5267963660007808,58.67307550899568,58.673701044986956,0.5288496017456055,0.8809523809523809,0.84375,0.84375,0.8398398398398399,1.1155778894472361e-05,1.0,1.0,1.0,medium
test,0,1,112,32,0.526089093007613,59.19967669900507,59.200302284996724,0.6321535110473633,0.8125,0.71875,0.7352941176470589,0.7046153846153846,1.1256281407035177e-05,1.0,1.0,1.0,medium
test,0,1,113,32,0.5273786860052496,59.72759895800846,59.72822453198023,0.39143893122673035,0.8590909090909091,0.84375,0.819838056680162,0.8303287380699894,1.1356783919597992e-05,1.0,1.0,1.0,medium
test,0,1,114,32,0.5273290249751881,60.255446764989756,60.256072338990634,0.39117392897605896,0.8913043478260869,0.84375,0.8214285714285714,0.8303287380699894,1.1457286432160805e-05,1.0,1.0,1.0,medium
test,0,1,115,32,0.5265783609938808,60.78248278499814,60.783108340983745,0.3804328143596649,0.8562753036437247,0.84375,0.84375,0.8423645320197044,1.1557788944723619e-05,1.0,1.0,1.0,medium
test,0,1,116,32,0.5265266789938323,61.30953953100834,61.310165078000864,0.4928532838821411,0.7408906882591093,0.75,0.7408906882591093,0.7408906882591093,1.1658291457286432e-05,1.0,1.0,1.0,medium
test,0,1,117,32,0.5273768450133502,61.83746246798546,61.83808801698615,0.5730483531951904,0.8157894736842105,0.78125,0.825,0.7810361681329423,1.1758793969849248e-05,1.0,1.0,1.0,medium
test,0,1,118,32,0.5271658560086507,62.36514969400014,62.36577526197652,0.3754214346408844,0.8138528138528138,0.8125,0.7935222672064777,0.8,1.1859296482412061e-05,1.0,1.0,1.0,medium
test,0,1,119,32,0.5262003700190689,62.89181095198728,62.89243648899719,0.44318732619285583,0.7896825396825397,0.78125,0.7862745098039217,0.7810361681329423,1.1959798994974876e-05,1.0,1.0,1.0,medium
test,0,1,120,32,0.5274248659843579,63.41971957500209,63.42034513398539,0.42960426211357117,0.791497975708502,0.78125,0.78125,0.7793103448275862,1.2060301507537688e-05,1.0,1.0,1.0,medium
test,0,1,121,32,0.527821802010294,63.94808289199136,63.94870845999685,0.34459638595581055,0.8784313725490196,0.875,0.8784313725490196,0.875,1.2160804020100503e-05,1.0,1.0,1.0,medium
test,0,1,122,32,0.5257928310020361,64.47440819398616,64.47503374298685,0.5510768890380859,0.7261904761904762,0.71875,0.723529411764706,0.718475073313783,1.2261306532663317e-05,1.0,1.0,1.0,medium
test,0,1,123,32,0.5263593750132713,65.0013546999835,65.00198025698774,0.3862088620662689,0.8704453441295547,0.875,0.8704453441295547,0.8704453441295547,1.2361809045226132e-05,1.0,1.0,1.0,medium
test,0,1,124,32,0.5277938539802562,65.52978138698381,65.5304072869767,0.3810904622077942,0.9199999999999999,0.875,0.8181818181818181,0.8454106280193237,1.2462311557788947e-05,1.0,1.0,1.0,medium
test,0,1,125,32,0.5271583989961073,66.05743559999974,66.05806116299937,0.4947071671485901,0.8333333333333333,0.8125,0.8125,0.8095238095238095,1.256281407035176e-05,1.0,1.0,1.0,medium
test,0,1,126,32,0.5268645799951628,66.58484281998244,66.58546837797621,0.4122232496738434,0.9074074074074074,0.84375,0.75,0.782312925170068,1.2663316582914573e-05,1.0,1.0,1.0,medium
test,0,1,127,32,0.5260421819984913,67.11146958198515,67.11209517298266,0.30502527952194214,0.8958333333333333,0.90625,0.8671497584541064,0.8798498122653317,1.2763819095477388e-05,1.0,1.0,1.0,medium
test,0,1,128,32,0.5272504170134198,67.63924929598579,67.63987484999234,0.2878037691116333,0.8454106280193237,0.875,0.8454106280193237,0.8454106280193237,1.2864321608040203e-05,1.0,1.0,1.0,medium
test,0,1,129,32,0.5271175469970331,68.16685118098394,68.1674767419754,0.3999561071395874,0.8015873015873016,0.8125,0.8166666666666667,0.8056680161943319,1.2964824120603017e-05,1.0,1.0,1.0,medium
test,0,1,130,32,0.5261222350236494,68.69350565798231,68.69413121699472,0.527986466884613,0.8541666666666667,0.78125,0.7666666666666666,0.7624602332979851,1.3065326633165832e-05,1.0,1.0,1.0,medium
test,0,1,131,32,0.5277704889886081,69.22181813599309,69.22244370699627,0.41024279594421387,0.791497975708502,0.78125,0.78125,0.7793103448275862,1.3165829145728644e-05,1.0,1.0,1.0,medium
test,0,1,132,32,0.5275629690149799,69.7499137109844,69.7505392569874,0.3301057815551758,0.8015873015873016,0.8125,0.8166666666666667,0.8056680161943319,1.3266331658291459e-05,1.09375,1.0,2.0,medium|hard
test,0,1,133,32,0.5264552480075508,70.27691771200625,70.27754327599541,0.5447248220443726,0.7083333333333333,0.71875,0.7024291497975709,0.7046153846153846,1.3366834170854272e-05,2.0,2.0,2.0,hard
test,0,1,134,32,0.5263549739902373,70.80382836298668,70.80445391798276,0.4984966218471527,0.6863636363636363,0.71875,0.6774891774891775,0.681063122923588,1.3467336683417087e-05,2.0,2.0,2.0,hard
test,0,1,135,32,0.5279876549902838,71.33237638298306,71.33300194199546,0.3311072885990143,0.8531746031746033,0.84375,0.8490196078431372,0.8435972629521017,1.3567839195979901e-05,2.0,2.0,2.0,hard
test,0,1,136,32,0.5278263019863516,71.86075851300848,71.86138407699764,0.28022944927215576,0.8809523809523809,0.875,0.875,0.8745098039215686,1.3668341708542715e-05,2.0,2.0,2.0,hard
test,0,1,137,32,0.5273506110243034,72.38865501299733,72.38928055099677,0.42964422702789307,0.8490196078431372,0.84375,0.8531746031746033,0.8435972629521017,1.3768844221105528e-05,2.0,2.0,2.0,hard
test,0,1,138,32,0.5275117590208538,72.9166770830052,72.91730295598973,0.41520315408706665,0.803921568627451,0.8125,0.8354978354978355,0.8056680161943319,1.3869346733668343e-05,2.0,2.0,2.0,hard
test,0,1,139,32,0.5276944680081215,73.44490650499938,73.44553206799901,0.4239045977592468,0.7683982683982684,0.78125,0.7583333333333333,0.7624602332979851,1.3969849246231157e-05,2.0,2.0,2.0,hard
test,0,1,140,32,0.5265091999899596,73.97194599799695,73.97257158398861,0.368952214717865,0.8333333333333333,0.8125,0.8125,0.8095238095238095,1.4070351758793972e-05,2.0,2.0,2.0,hard
test,0,1,141,32,0.5266357779910322,74.49912495200988,74.4997505209758,0.4308367371559143,0.8650793650793651,0.875,0.8833333333333333,0.8704453441295547,1.4170854271356784e-05,2.0,2.0,2.0,hard
test,0,1,142,32,0.5282523240020964,75.02791685800184,75.02854241299792,0.418891578912735,0.8083333333333333,0.78125,0.7901960784313726,0.7793103448275862,1.4271356783919599e-05,2.0,2.0,2.0,hard
test,0,1,143,32,0.5276780120038893,75.55612500500865,75.55675050299033,0.4016382098197937,0.8809523809523809,0.875,0.875,0.8745098039215686,1.4371859296482413e-05,2.0,2.0,2.0,hard
test,0,1,144,32,0.5276071540138219,76.08427394498722,76.08489952198579,0.3800415098667145,0.873015873015873,0.875,0.873015873015873,0.873015873015873,1.4472361809045228e-05,2.0,2.0,2.0,hard
test,0,1,145,32,0.5263209999829996,76.61103463399922,76.61166018497897,0.3807476758956909,0.8373015873015872,0.84375,0.8441295546558705,0.8398398398398399,1.4572864321608043e-05,2.0,2.0,2.0,hard
test,0,1,146,32,0.5278966320038307,77.1394193879969,77.14004495297559,0.5232107639312744,0.7658730158730158,0.78125,0.7900432900432901,0.7702564102564102,1.4673366834170855e-05,2.0,2.0,2.0,hard
test,0,1,147,32,0.5276470779790543,77.66761042299913,77.66823598198243,0.4146616756916046,0.7583333333333333,0.78125,0.7683982683982684,0.7624602332979851,1.477386934673367e-05,2.0,2.0,2.0,hard
test,0,1,148,32,0.5260437010147143,78.1942120520107,78.19483760499861,0.5505666732788086,0.6497975708502024,0.65625,0.6468253968253967,0.6476476476476476,1.4874371859296483e-05,2.0,2.0,2.0,hard
test,0,1,149,32,0.529619212000398,78.72441615798743,78.72504165998544,0.3374934196472168,0.8666666666666667,0.875,0.8666666666666667,0.8666666666666667,1.4974874371859299e-05,2.0,2.0,2.0,hard
test,0,1,150,32,0.5287407459982205,79.2536623729975,79.25428794597974,0.27050429582595825,0.9166666666666667,0.9375,0.9545454545454546,0.9307359307359306,1.5075376884422112e-05,2.0,2.0,2.0,hard
test,0,1,151,32,0.5289005000086036,79.78306515599252,79.78369064698927,0.29030871391296387,0.9372549019607843,0.9375,0.9372549019607843,0.9372549019607843,1.5175879396984926e-05,2.0,2.0,2.0,hard
test,0,1,152,32,0.5284009680035524,80.31198754499201,80.31261310700211,0.3910433351993561,0.9083333333333333,0.90625,0.8967611336032388,0.9015384615384616,1.527638190954774e-05,2.0,2.0,2.0,hard
test,0,1,153,32,0.5290405639971141,80.84152964898385,80.84215519399731,0.4083644151687622,0.8695652173913043,0.8125,0.8,0.8,1.5376884422110553e-05,2.0,2.0,2.0,hard
test,0,1,154,32,0.5288160729978699,81.37093873799313,81.37156428999151,0.4336410164833069,0.86,0.78125,0.75,0.751937984496124,1.547738693467337e-05,2.0,2.0,2.0,hard
test,0,1,155,32,0.5284347540000454,81.8999614159984,81.90058695100015,0.1674998551607132,0.9347826086956521,0.90625,0.875,0.893687707641196,1.5577889447236183e-05,2.0,2.0,2.0,hard
test,0,1,156,32,0.53013647600892,82.4305638000078,82.43118935197708,0.394467294216156,0.8583333333333334,0.84375,0.8372549019607842,0.8398398398398399,1.5678391959798997e-05,2.0,2.0,2.0,hard
test,0,1,157,32,0.5292840030160733,82.96038687499822,82.96101242100121,0.15075910091400146,0.9722222222222222,0.96875,0.9666666666666667,0.9684729064039409,1.577889447236181e-05,2.0,2.0,2.0,hard
test,0,1,158,32,0.5288080949976575,83.48964045901084,83.49026605699328,0.4169289767742157,0.8792270531400965,0.875,0.8398268398268398,0.8545454545454545,1.5879396984924624e-05,2.0,2.0,2.0,hard
test,0,1,159,32,0.5294473459944129,84.01967544198851,84.02030099899275,0.5051231384277344,0.7900432900432901,0.78125,0.7658730158730158,0.7702564102564102,1.5979899497487437e-05,2.0,2.0,2.0,hard
test,0,1,160,32,0.5293800750223454,84.54962910199538,84.55025466697407,0.586855411529541,0.791497975708502,0.78125,0.78125,0.7793103448275862,1.6080402010050254e-05,2.0,2.0,2.0,hard
test,0,1,161,32,0.5293766749964561,85.07962660398334,85.08025217999239,0.40873026847839355,0.8863636363636364,0.84375,0.8333333333333333,0.8358974358974359,1.6180904522613064e-05,2.0,2.0,2.0,hard
test,0,1,162,32,0.5286627489840612,85.6087727159902,85.60939821298234,0.44111576676368713,0.7424242424242424,0.71875,0.71875,0.7117117117117118,1.628140703517588e-05,2.0,2.0,2.0,hard
test,0,1,163,32,0.5293250590038951,86.13858519800124,86.13921075299731,0.214129239320755,0.9230769230769231,0.9375,0.9523809523809523,0.9333333333333333,1.6381909547738695e-05,2.0,2.0,2.0,hard
test,0,1,164,32,0.5287262029887643,86.66787071700674,86.66849626999465,0.3784739375114441,0.8650793650793651,0.875,0.8833333333333333,0.8704453441295547,1.6482412060301508e-05,2.0,2.0,2.0,hard
test,0,1,165,32,0.528772861987818,87.19711290899431,87.1977384799975,0.48352357745170593,0.8333333333333333,0.8125,0.7666666666666666,0.7818181818181817,1.6582914572864325e-05,2.0,2.0,2.0,hard
test,0,1,166,32,0.529369620984653,87.72707622300368,87.72770198999206,0.5919439792633057,0.7826086956521738,0.6875,0.7368421052631579,0.6825396825396826,1.6683417085427135e-05,2.0,2.0,2.0,hard
test,0,1,167,32,0.5292690249916632,88.25682046500151,88.25744605399086,0.5252835750579834,0.8285714285714285,0.8125,0.7489177489177489,0.7681159420289855,1.6783919597989952e-05,2.0,2.0,2.0,hard
test,0,1,168,32,0.5287439940148033,88.78605974800303,88.78668530099094,0.3853352963924408,0.875,0.84375,0.8529411764705883,0.8423645320197044,1.6884422110552766e-05,2.0,2.0,2.0,hard
test,0,1,169,32,0.5291884009784553,89.31568845899892,89.31631399298203,0.34374409914016724,0.875,0.875,0.8809523809523809,0.8745098039215686,1.698492462311558e-05,2.0,2.0,2.0,hard
test,0,1,170,32,0.5295536420017015,89.84583118799492,89.84645667698351,0.3735573887825012,0.8319838056680162,0.84375,0.8416666666666667,0.8358974358974359,1.7085427135678393e-05,2.0,2.0,2.0,hard
test,0,1,171,32,0.529351756995311,90.37575303498306,90.37637872999767,0.3222626745700836,0.8792270531400965,0.875,0.8398268398268398,0.8545454545454545,1.7185929648241206e-05,2.0,2.0,2.0,hard
test,0,1,172,32,0.5289289270003792,90.90526167998905,90.90588725497946,0.1954188197851181,0.9333333333333333,0.9375,0.9473684210526316,0.9365079365079365,1.728643216080402e-05,2.0,2.0,2.0,hard
test,0,1,173,32,0.5295148680161219,91.43528164198506,91.43590718999621,0.5246809124946594,0.7165991902834008,0.75,0.7584541062801933,0.722943722943723,1.7386934673366837e-05,2.0,2.0,2.0,hard
test,0,1,174,32,0.5290388559806161,91.96491166800843,91.96553721197415,0.29423075914382935,0.8450980392156863,0.84375,0.84375,0.8435972629521017,1.748743718592965e-05,2.0,2.0,2.0,hard
test,0,1,175,32,0.5289381750044413,92.49440811900422,92.49503367999569,0.24203786253929138,0.9272727272727272,0.9375,0.9272727272727272,0.9272727272727272,1.7587939698492464e-05,2.0,2.0,2.0,hard
test,0,1,176,32,0.5298661070119124,93.02482442499604,93.02544998098165,0.40112319588661194,0.8562753036437247,0.84375,0.84375,0.8423645320197044,1.768844221105528e-05,2.0,2.0,2.0,hard
test,0,1,177,32,0.5290685219806619,93.55433838098543,93.55496401397977,0.45826148986816406,0.8452380952380952,0.84375,0.8411764705882353,0.8423645320197044,1.778894472361809e-05,2.0,2.0,2.0,hard
test,0,1,178,32,0.5292878210020717,94.08426792200771,94.08489349699812,0.2093091905117035,0.9007936507936507,0.90625,0.9089068825910931,0.9039039039039038,1.7889447236180904e-05,2.0,2.0,2.0,hard
test,0,1,179,32,0.5297330280009191,94.6144707929925,94.61509634598042,0.37955278158187866,0.775,0.78125,0.7672064777327935,0.7702564102564102,1.798994974874372e-05,2.0,2.0,2.0,hard
test,0,1,180,32,0.5296615620027296,95.14466966298642,95.14529519699863,0.24033895134925842,0.8704453441295547,0.875,0.8704453441295547,0.8704453441295547,1.8090452261306535e-05,2.0,2.0,2.0,hard
test,0,1,181,32,0.5291713530023117,95.67442092701094,95.6750464910001,0.40390753746032715,0.7818181818181817,0.8125,0.7818181818181817,0.7818181818181817,1.8190954773869348e-05,2.0,2.0,2.0,hard
test,0,1,182,32,0.5289640800037887,96.20391852699686,96.20454406697536,0.41206514835357666,0.8409090909090908,0.78125,0.7941176470588236,0.7757757757757757,1.829145728643216e-05,2.0,2.0,2.0,hard
test,0,1,183,32,0.5294782549899537,96.7339771889965,96.73460268398048,0.3609596788883209,0.9,0.875,0.875,0.873015873015873,1.8391959798994975e-05,2.0,2.0,2.0,hard
test,0,1,184,32,0.5292840680049267,97.2637704279914,97.26439599099103,0.2583407163619995,0.9375,0.9375,0.9444444444444444,0.9372549019607843,1.8492462311557792e-05,2.0,2.0,2.0,hard
test,0,1,185,32,0.5285193570016418,97.79273029600154,97.79335586298839,0.38256949186325073,0.84375,0.84375,0.8562753036437247,0.8423645320197044,1.8592964824120606e-05,2.0,2.0,2.0,hard
test,0,1,186,32,0.5294910979864653,98.3227304710017,98.32335601298837,0.23070353269577026,0.90625,0.90625,0.9210526315789473,0.9054187192118226,1.869346733668342e-05,2.0,2.0,2.0,hard
test,0,1,187,32,0.5298155639902689,98.85300148499664,98.85362704499858,0.5565636157989502,0.7901960784313726,0.78125,0.8083333333333333,0.7793103448275862,1.8793969849246233e-05,2.0,2.0,2.0,hard
test,0,1,188,32,0.5290694010036532,99.38258148400928,99.38320702698547,0.24088579416275024,0.90625,0.90625,0.907843137254902,0.906158357771261,1.8894472361809046e-05,2.0,2.0,2.0,hard
test,0,1,189,32,0.5300224410020746,99.91309540800285,99.91372089798097,0.3371775448322296,0.8704453441295547,0.875,0.8704453441295547,0.8704453441295547,1.899497487437186e-05,2.0,2.0,2.0,hard
test,0,1,190,32,0.5297455609834287,100.44336659298278,100.44399209599942,0.39909327030181885,0.8319838056680162,0.84375,0.8416666666666667,0.8358974358974359,1.9095477386934677e-05,2.0,2.0,2.0,hard
test,0,1,191,32,0.528672529006144,100.97266239998862,100.97328795099747,0.36369383335113525,0.8125,0.8125,0.8125,0.8125,1.919597989949749e-05,2.0,2.0,2.0,hard
test,0,1,192,32,0.5289565330022015,101.50214949299698,101.50277505000122,0.500447690486908,0.7784313725490195,0.78125,0.7817460317460317,0.7793103448275862,1.9296482412060304e-05,2.0,2.0,2.0,hard
test,0,1,193,32,0.5297563660133164,102.03253096999833,102.03315653797472,0.548589825630188,0.7182539682539683,0.71875,0.7156862745098038,0.716256157635468,1.9396984924623117e-05,2.0,2.0,2.0,hard
test,0,1,194,32,0.5292572439939249,102.56235529400874,102.5629808550002,0.45822209119796753,0.807843137254902,0.8125,0.8178137651821862,0.8095238095238095,1.949748743718593e-05,2.0,2.0,2.0,hard
test,0,1,195,32,0.5295315670082346,103.09250812701066,103.09313367897994,0.3336844742298126,0.84375,0.84375,0.8450980392156863,0.8435972629521017,1.9597989949748744e-05,2.0,2.0,2.0,hard
test,0,1,196,32,0.5299862130195834,103.62299773900304,103.62362328599556,0.3129475712776184,0.9089068825910931,0.90625,0.9007936507936507,0.9039039039039038,1.969849246231156e-05,2.0,2.0,2.0,hard
test,0,1,197,32,0.529409762006253,104.15283146000002,104.15345699997852,0.3490173816680908,0.90625,0.90625,0.907843137254902,0.906158357771261,1.979899497487437e-05,2.0,2.0,2.0,hard
test,0,1,198,32,0.5294026260089595,104.68267501998344,104.68330089197843,0.4226260483264923,0.9130434782608696,0.875,0.8461538461538461,0.8614718614718615,1.9899497487437188e-05,2.0,2.0,2.0,hard
test,0,1,199,8,0.189379863004433,104.87250091799069,104.87312649399973,0.4936602711677551,0.7333333333333334,0.75,0.7333333333333334,0.7333333333333334,2e-05,2.0,2.0,2.0,hard
test,0,2,1,32,0.5302141349820886,0.6130143069894984,113.31082526998944,0.20027971267700195,1.0,1.0,1.0,1.0,1.9988833054159688e-05,0.0,0.0,0.0,easy
test,0,2,2,32,0.5293274909781758,1.143110164994141,113.840921119001,0.3468010127544403,0.9007936507936507,0.90625,0.9089068825910931,0.9039039039039038,1.9977666108319377e-05,0.0,0.0,0.0,easy
test,0,2,3,32,0.5286144900019281,1.6722407909983303,114.37005174497608,0.3696417212486267,0.7922077922077921,0.8125,0.7922077922077921,0.7922077922077921,1.9966499162479063e-05,0.0,0.0,0.0,easy
test,0,2,4,32,0.5294848440098576,2.2022559879987966,114.90006696397904,0.44725286960601807,0.8174603174603174,0.8125,0.8125,0.8117647058823529,1.9955332216638752e-05,0.0,0.0,0.0,easy
test,0,2,5,32,0.5290045159927104,2.7318541510030627,115.42966512197745,0.41065049171447754,0.8452380952380952,0.84375,0.8411764705882353,0.8423645320197044,1.9944165270798438e-05,0.0,0.0,0.0,easy
test,0,2,6,32,0.5292081449879333,3.2616354739875533,115.9594464309921,0.3588920831680298,0.8818181818181818,0.875,0.85,0.8614718614718615,1.9932998324958127e-05,0.0,0.0,0.0,easy
test,0,2,7,32,0.5281641960027628,3.7903174649982248,116.48812843498308,0.3643496334552765,0.8590909090909091,0.84375,0.819838056680162,0.8303287380699894,1.9921831379117813e-05,0.0,0.0,0.0,easy
test,0,2,8,32,0.5296076019876637,4.3205419029982295,117.01835286198184,0.5922725200653076,0.8541666666666667,0.78125,0.7666666666666666,0.7624602332979851,1.99106644332775e-05,0.0,0.0,0.0,easy
test,0,2,9,32,0.5290572139783762,4.850163546012482,117.54797449399484,0.37571924924850464,0.8913043478260869,0.84375,0.8214285714285714,0.8303287380699894,1.9899497487437188e-05,0.0,0.0,0.0,easy
test,0,2,10,32,0.5284012930060271,5.379141957993852,118.07695292198332,0.5419409275054932,0.8333333333333333,0.75,0.75,0.7333333333333334,1.9888330541596874e-05,0.0,0.0,0.0,easy
test,0,2,11,32,0.5297763909911737,5.909407019993523,118.60721797400038,0.3865765631198883,0.9130434782608696,0.875,0.8461538461538461,0.8614718614718615,1.987716359575656e-05,0.0,0.0,0.0,easy
test,0,2,12,32,0.5292106429988053,6.439160943002207,119.1369718889764,0.27894166111946106,0.907843137254902,0.90625,0.90625,0.906158357771261,1.986599664991625e-05,0.0,0.0,0.0,easy
test,0,2,13,32,0.5287826979765669,6.9684803140116856,119.66629125998588,0.4407256245613098,0.7705627705627706,0.8125,0.8019323671497585,0.7818181818181817,1.985482970407594e-05,0.0,0.0,0.0,easy
test,0,2,14,32,0.5286009029950947,7.497618471010355,120.1954294309835,0.4886751174926758,0.7420634920634921,0.71875,0.7640692640692641,0.716256157635468,1.9843662758235624e-05,0.0,0.0,0.0,easy
test,0,2,15,32,0.5298193109920248,8.027936195983784,120.72574716599775,0.47208544611930847,0.8529411764705883,0.84375,0.875,0.8423645320197044,1.983249581239531e-05,0.0,0.0,0.0,easy
test,0,2,16,32,0.529146570013836,8.557686777989147,121.25549774497631,0.2916404604911804,0.8704453441295547,0.875,0.8704453441295547,0.8704453441295547,1.9821328866555e-05,0.0,0.0,0.0,easy
test,0,2,17,32,0.528036350995535,9.086224578990368,121.78403553698445,0.26401010155677795,0.9736842105263157,0.96875,0.9642857142857143,0.967967967967968,1.9810161920714685e-05,0.0,0.0,0.0,easy
test,0,2,18,32,0.5291778029932175,9.615940939984284,122.31375189797836,0.531058669090271,0.8253968253968254,0.8125,0.8253968253968254,0.8125,1.979899497487437e-05,0.0,0.0,0.0,easy
test,0,2,19,32,0.5289032440050505,10.145425146009075,122.8432361180021,0.31076306104660034,0.8354978354978355,0.8125,0.803921568627451,0.8056680161943319,1.978782802903406e-05,0.0,0.0,0.0,easy
test,0,2,20,32,0.5286089379806072,10.674544336012332,123.3723552839947,0.27286162972450256,0.9352226720647774,0.9375,0.9352226720647774,0.9352226720647774,1.977666108319375e-05,0.0,0.0,0.0,easy
test,0,2,21,32,0.528714050014969,11.203744789003395,123.90155574999517,0.3107738494873047,0.8947368421052632,0.875,0.8823529411764706,0.8745098039215686,1.9765494137353436e-05,0.0,0.0,0.0,easy
test,0,2,22,32,0.529232127009891,11.733515717991395,124.43132666999009,0.30084487795829773,0.9047619047619048,0.875,0.8666666666666667,0.8704453441295547,1.975432719151312e-05,0.0,0.0,0.0,easy
test,0,2,23,32,0.5289623040007427,12.263015176984482,124.96082613899489,0.2368253469467163,0.9583333333333333,0.96875,0.9761904761904762,0.9660657476139979,1.974316024567281e-05,0.0,0.0,0.0,easy
test,0,2,24,32,0.5286276929837186,12.792218924994813,125.49002988298889,0.14409545063972473,0.96875,0.96875,0.9705882352941176,0.9687194525904204,1.9731993299832497e-05,0.0,0.0,0.0,easy
test,0,2,25,32,0.5290225750068203,13.321805997984484,126.01961694797501,0.4952012002468109,0.8260869565217391,0.75,0.7647058823529411,0.7408906882591093,1.9720826353992183e-05,0.0,0.0,0.0,easy
test,0,2,26,32,0.5286425380036235,13.850954450987047,126.54876542199054,0.6802148222923279,0.7,0.6875,0.6875,0.6825396825396826,1.9709659408151872e-05,0.0,0.0,0.0,easy
test,0,2,27,32,0.5278633660054766,14.379347676993348,127.07715864499914,0.2707322835922241,0.8852813852813852,0.90625,0.9045454545454545,0.893687707641196,1.969849246231156e-05,0.0,0.0,0.0,easy
test,0,2,28,32,0.5289094710024074,14.908773976989323,127.60658496100223,0.23501282930374146,0.9565217391304348,0.9375,0.9090909090909092,0.9272727272727272,1.9687325516471247e-05,0.0,0.0,0.0,easy
test,0,2,29,32,0.5289078989881091,15.438202882010955,128.13601384698995,0.22391340136528015,0.9333333333333333,0.9375,0.9473684210526316,0.9365079365079365,1.9676158570630933e-05,0.0,0.0,0.0,easy
test,0,2,30,32,0.5283740209997632,15.96704628498992,128.66485724700033,0.46710634231567383,0.7793522267206479,0.78125,0.7738095238095238,0.7757757757757757,1.9664991624790622e-05,0.0,0.0,0.0,easy
test,0,2,31,32,0.5284355529875029,16.496039447985822,129.1938504059799,0.2162633240222931,0.9444444444444444,0.9375,0.9375,0.9372549019607843,1.9653824678950308e-05,0.0,0.0,0.0,easy
test,0,2,32,32,0.529022121016169,17.025599646993214,129.72341059398605,0.35981041193008423,0.8666666666666667,0.875,0.8666666666666667,0.8666666666666667,1.9642657733109994e-05,0.0,0.0,0.0,easy
test,0,2,33,32,0.5290768920094706,17.555174985987833,130.2529859399947,0.22970888018608093,0.9087301587301587,0.90625,0.903921568627451,0.9054187192118226,1.9631490787269683e-05,0.0,0.0,0.0,easy
test,0,2,34,32,0.5278996049892157,18.083639761985978,130.7814507149742,0.2526988983154297,0.9372549019607843,0.9375,0.9372549019607843,0.9372549019607843,1.9620323841429372e-05,0.0,0.0,0.0,easy
test,0,2,35,32,0.52917241002433,18.613308069005143,131.31111901899567,0.3125618100166321,0.903921568627451,0.90625,0.9087301587301587,0.9054187192118226,1.9609156895589058e-05,0.0,0.0,0.0,easy
test,0,2,36,32,0.5291900660085957,19.14308156000334,131.84089251200203,0.16934776306152344,0.9615384615384616,0.96875,0.975,0.9671794871794872,1.9597989949748744e-05,0.0,0.0,0.0,easy
test,0,2,37,32,0.5281539440038614,19.6717762699991,132.3695872379758,0.33119910955429077,0.9210526315789473,0.90625,0.90625,0.9054187192118226,1.9586823003908433e-05,0.0,0.0,0.0,easy
test,0,2,38,32,0.5290129640197847,20.201356489007594,132.89916744700167,0.27955296635627747,0.9523809523809523,0.9375,0.9230769230769231,0.9333333333333333,1.957565605806812e-05,0.0,0.0,0.0,easy
test,0,2,39,32,0.5293594450049568,20.731255563005107,133.42906651599333,0.3708999752998352,0.8825910931174089,0.875,0.8705882352941177,0.873015873015873,1.9564489112227805e-05,0.0,0.0,0.0,easy
test,0,2,40,32,0.5287536520045251,21.260583499009954,133.95839445397723,0.3692135214805603,0.819838056680162,0.84375,0.8590909090909091,0.8303287380699894,1.9553322166387494e-05,0.0,0.0,0.0,easy
test,0,2,41,32,0.5285596749745309,21.789649504004046,134.48746047299937,0.3464911878108978,0.7935222672064777,0.8125,0.8138528138528138,0.8,1.954215522054718e-05,0.0,0.0,0.0,easy
test,0,2,42,32,0.5296429439913481,22.31979525499628,135.01760620999266,0.12628096342086792,0.9722222222222222,0.96875,0.9666666666666667,0.9684729064039409,1.953098827470687e-05,0.0,0.0,0.0,easy
test,0,2,43,32,0.5291813069779892,22.849491620989284,135.54730257499614,0.18476684391498566,0.9642857142857143,0.96875,0.9736842105263157,0.967967967967968,1.951982132886656e-05,0.0,0.0,0.0,easy
test,0,2,44,32,0.5279811910004355,23.378077225002926,136.0758881859947,0.2533363103866577,0.9083333333333333,0.90625,0.8967611336032388,0.9015384615384616,1.9508654383026245e-05,0.0,0.0,0.0,easy
test,0,2,45,32,0.5290460929973051,23.907689707004465,136.60550066898577,0.26365384459495544,0.8745098039215686,0.875,0.8745098039215686,0.8745098039215686,1.949748743718593e-05,0.0,0.0,0.0,easy
test,0,2,46,32,0.528951386018889,24.437180963985156,137.13499193798634,0.20143640041351318,0.907843137254902,0.90625,0.90625,0.906158357771261,1.948632049134562e-05,0.0,0.0,0.0,easy
test,0,2,47,32,0.5288693749753293,24.966610901989043,137.66442186399945,0.40914201736450195,0.8704453441295547,0.875,0.8704453441295547,0.8704453441295547,1.9475153545505306e-05,0.0,0.0,0.0,easy
test,0,2,48,32,0.5282897850265726,25.49542159898556,138.19323256399366,0.25874918699264526,0.8809523809523809,0.875,0.875,0.8745098039215686,1.9463986599664992e-05,0.0,0.0,0.0,easy
test,0,2,49,32,0.5292848180106375,26.025260505004553,138.7230714809848,0.1107407957315445,1.0,1.0,1.0,1.0,1.945281965382468e-05,0.0,0.0,0.0,easy
test,0,2,50,32,0.5288600850035436,26.554653361003147,139.2524643179786,0.12995703518390656,0.96875,0.96875,0.9705882352941176,0.9687194525904204,1.944165270798437e-05,0.0,0.0,0.0,easy
test,0,2,51,32,0.5286468459817115,27.083819057996152,139.7816300150007,0.15505288541316986,0.9352226720647774,0.9375,0.9352226720647774,0.9352226720647774,1.9430485762144056e-05,0.0,0.0,0.0,easy
test,0,2,52,32,0.5297398039838299,27.6141248740023,140.31193583499407,0.17493268847465515,0.9705882352941176,0.96875,0.96875,0.9687194525904204,1.9419318816303742e-05,0.0,0.0,0.0,easy
test,0,2,53,32,0.5288989039836451,28.143556366005214,140.84136732798652,0.3720285892486572,0.8363636363636364,0.8125,0.7936507936507937,0.8,1.940815187046343e-05,0.0,0.0,0.0,easy
test,0,2,54,32,0.5285634130123071,28.6727356420015,141.37054659699788,0.5632743239402771,0.8333333333333333,0.8125,0.7666666666666666,0.7818181818181817,1.9396984924623117e-05,0.0,0.0,0.0,easy
test,0,2,55,32,0.5296715309959836,29.20296619500732,141.90077715198277,0.06529072672128677,0.9736842105263157,0.96875,0.9642857142857143,0.967967967967968,1.9385817978782803e-05,0.0,0.0,0.0,easy
test,0,2,56,32,0.5288959030003753,29.732396417006385,142.43020738699124,0.2829422056674957,0.9166666666666667,0.90625,0.9117647058823529,0.906158357771261,1.9374651032942492e-05,0.0,0.0,0.0,easy
test,0,2,57,32,0.5291659070062451,30.262144154985435,142.9599551189749,0.3699676990509033,0.8704453441295547,0.875,0.8704453441295547,0.8704453441295547,1.936348408710218e-05,0.0,0.0,0.0,easy
test,0,2,58,32,0.5284461640112568,30.79104519399698,143.48885615897598,0.44398677349090576,0.7916666666666667,0.78125,0.7745098039215685,0.7757757757757757,1.9352317141261867e-05,0.0,0.0,0.0,easy
test,0,2,59,32,0.5291300890094135,31.320725580008002,144.01853687199764,0.3205992877483368,0.8772727272727273,0.90625,0.9009661835748792,0.887719298245614,1.9341150195421553e-05,0.0,0.0,0.0,easy
test,0,2,60,32,0.5292459419870283,31.850519925996196,144.548331219994,0.27914100885391235,0.9045454545454545,0.90625,0.8852813852813852,0.893687707641196,1.9329983249581243e-05,0.0,0.0,0.0,easy
test,0,2,61,32,0.5286268840136472,32.37969116700697,145.07750213498366,0.2029096782207489,0.9117647058823529,0.90625,0.9166666666666667,0.906158357771261,1.931881630374093e-05,0.0,0.0,0.0,easy
test,0,2,62,32,0.5294654050085228,32.909677985007875,145.60748895199504,0.35883116722106934,0.9087301587301587,0.90625,0.903921568627451,0.9054187192118226,1.9307649357900614e-05,0.0,0.0,0.0,easy
test,0,2,63,32,0.5293978069967125,33.43953710599453,146.13734805799322,0.23939073085784912,0.925,0.90625,0.9,0.9039039039039038,1.9296482412060304e-05,0.0,0.0,0.0,easy
test,0,2,64,32,0.5285513930139132,33.968702832993586,146.66651379299583,0.26637503504753113,0.9307359307359306,0.9375,0.9307359307359306,0.9307359307359306,1.9285315466219993e-05,0.0,0.0,0.0,easy
test,0,2,65,32,0.5293913409986999,34.49860953199095,147.19642050098628,0.4936296343803406,0.8,0.8125,0.8,0.8,1.927414852037968e-05,0.0,0.0,0.0,easy
test,0,2,66,32,0.529908598982729,35.02897421698435,147.72678518798784,0.4005372226238251,0.9,0.875,0.875,0.873015873015873,1.9262981574539365e-05,0.0625,0.0,1.0,easy|medium
test,0,2,67,32,0.5292149000160862,35.5587524670118,148.2565635519859,0.5000481605529785,0.7801932367149759,0.78125,0.7416666666666667,0.751937984496124,1.9251814628699054e-05,1.0,1.0,1.0,medium
test,0,2,68,32,0.5292339639854617,36.08851737799705,148.78632836299948,0.28490716218948364,0.8825910931174089,0.875,0.8705882352941177,0.873015873015873,1.924064768285874e-05,1.0,1.0,1.0,medium
test,0,2,69,32,0.529562514013378,36.61861563200364,149.31642658798955,0.520584225654602,0.8036437246963564,0.78125,0.7976190476190477,0.7810361681329423,1.9229480737018426e-05,1.0,1.0,1.0,medium
test,0,2,70,32,0.5296857529901899,37.14876683699549,149.84657781297574,0.3540986180305481,0.825925925925926,0.84375,0.7291666666666667,0.7586726998491704,1.9218313791178115e-05,1.0,1.0,1.0,medium
test,0,2,71,32,0.5287290230044164,37.67803113599075,150.375842251,0.7024475336074829,0.7402597402597402,0.6875,0.7246963562753037,0.6862745098039216,1.92071468453378e-05,1.0,1.0,1.0,medium
test,0,2,72,32,0.5299707680242136,38.20850503499969,150.90631605798262,0.3444099426269531,0.8590909090909091,0.84375,0.819838056680162,0.8303287380699894,1.919597989949749e-05,1.0,1.0,1.0,medium
test,0,2,73,32,0.5294926300121006,38.738455421989784,151.43626638798742,0.16115418076515198,1.0,1.0,1.0,1.0,1.9184812953657176e-05,1.0,1.0,1.0,medium
test,0,2,74,32,0.5289098870125599,39.267957286007004,151.96576826198725,0.4108327329158783,0.8125,0.8125,0.8636363636363636,0.8056680161943319,1.9173646007816865e-05,1.0,1.0,1.0,medium
test,0,2,75,32,0.5302567750040907,39.79883212898858,152.4966430880013,0.47484517097473145,0.7023809523809523,0.71875,0.7207792207792207,0.7046153846153846,1.916247906197655e-05,1.0,1.0,1.0,medium
test,0,2,76,32,0.5299006169952918,40.329178779007634,153.02699002498412,0.25686049461364746,0.9772727272727273,0.96875,0.9545454545454546,0.964562569213732,1.9151312116136237e-05,1.0,1.0,1.0,medium
test,0,2,77,32,0.5290493350184988,40.858811009005876,153.5566220349865,0.46362221240997314,0.8541666666666667,0.78125,0.7666666666666666,0.7624602332979851,1.9140145170295926e-05,1.0,1.0,1.0,medium
test,0,2,78,32,0.5290177860006224,41.388336859003175,154.08614781399956,0.3000454902648926,0.8545454545454545,0.875,0.8545454545454545,0.8545454545454545,1.9128978224455612e-05,1.0,1.0,1.0,medium
test,0,2,79,32,0.5302815700124484,41.91920941599528,154.6170206120005,0.23909197747707367,0.903921568627451,0.90625,0.9087301587301587,0.9054187192118226,1.9117811278615298e-05,1.0,1.0,1.0,medium
test,0,2,80,32,0.5291481199965347,42.44884605600964,155.1466570319899,0.25176572799682617,0.8792270531400965,0.875,0.8398268398268398,0.8545454545454545,1.9106644332774987e-05,1.0,1.0,1.0,medium
test,0,2,81,32,0.5285862439777702,42.978010978986276,155.6758219350013,0.34674888849258423,0.88,0.8125,0.7692307692307692,0.7818181818181817,1.9095477386934677e-05,1.0,1.0,1.0,medium
test,0,2,82,32,0.529722984007094,43.508280214999104,156.20609117197455,0.17586827278137207,0.9372549019607843,0.9375,0.9372549019607843,0.9372549019607843,1.9084310441094362e-05,1.0,1.0,1.0,medium
test,0,2,83,32,0.5289768280053977,44.03782937998767,156.73564032500144,0.2388039231300354,0.9318181818181819,0.90625,0.8846153846153846,0.8981972428419936,1.907314349525405e-05,1.0,1.0,1.0,medium
test,0,2,84,32,0.5289628650061786,44.56733919598628,157.265150154999,0.1846691220998764,0.9210526315789473,0.90625,0.90625,0.9054187192118226,1.9061976549413738e-05,1.0,1.0,1.0,medium
test,0,2,85,32,0.5296311439888086,45.09741902499809,157.79523000397603,0.5525307655334473,0.7878787878787878,0.75,0.7607843137254902,0.746031746031746,1.9050809603573424e-05,1.0,1.0,1.0,medium
test,0,2,86,32,0.5300410049967468,45.62797015500837,158.32578115098295,0.36447054147720337,0.7411764705882353,0.75,0.7662337662337663,0.7408906882591093,1.903964265773311e-05,1.0,1.0,1.0,medium
test,0,2,87,32,0.5284804359835107,46.15689057999407,158.85470153597998,0.48086559772491455,0.8452380952380952,0.84375,0.8411764705882353,0.8423645320197044,1.90284757118928e-05,1.0,1.0,1.0,medium
test,0,2,88,32,0.5286712209926918,46.686095979006495,159.38390695498674,0.20619554817676544,0.907843137254902,0.90625,0.90625,0.906158357771261,1.9017308766052488e-05,1.0,1.0,1.0,medium
test,0,2,89,32,0.529740275000222,47.21640240898705,159.91421339198132,0.3263747990131378,0.903921568627451,0.90625,0.9087301587301587,0.9054187192118226,1.9006141820212174e-05,1.0,1.0,1.0,medium
test,0,2,90,32,0.5290611950040329,47.74598495900864,160.44379607599694,0.3146101236343384,0.8825910931174089,0.875,0.8705882352941177,0.873015873015873,1.899497487437186e-05,1.0,1.0,1.0,medium
test,0,2,91,32,0.5292301950103138,48.27578193799127,160.9735929039889,0.27993395924568176,0.8833333333333333,0.875,0.8650793650793651,0.8704453441295547,1.898380792853155e-05,1.0,1.0,1.0,medium
test,0,2,92,32,0.5297255059995223,48.80599930300377,161.50381025800016,0.3004336357116699,0.9227053140096618,0.9375,0.9227053140096618,0.9227053140096618,1.8972640982691235e-05,1.0,1.0,1.0,medium
test,0,2,93,32,0.5292198789829854,49.33580920199165,162.0336201689788,0.1718180775642395,0.9473684210526316,0.9375,0.9333333333333333,0.9365079365079365,1.896147403685092e-05,1.0,1.0,1.0,medium
test,0,2,94,32,0.5291176030004863,49.865407350007445,162.56321831498644,0.2852412164211273,0.8947368421052632,0.875,0.8823529411764706,0.8745098039215686,1.895030709101061e-05,1.0,1.0,1.0,medium
test,0,2,95,32,0.5299328239925671,50.39592556198477,163.09373651898932,0.24210253357887268,0.907843137254902,0.90625,0.90625,0.906158357771261,1.89391401451703e-05,1.0,1.0,1.0,medium
test,0,2,96,32,0.5298749179928564,50.926367806998314,163.62417876598192,0.538139283657074,0.8583333333333334,0.84375,0.8372549019607842,0.8398398398398399,1.8927973199329985e-05,1.0,1.0,1.0,medium
test,0,2,97,32,0.5289614869980142,51.45592411299003,164.1537350829749,0.26883652806282043,0.9007936507936507,0.90625,0.9089068825910931,0.9039039039039038,1.891680625348967e-05,1.0,1.0,1.0,medium
test,0,2,98,32,0.5287239300087094,51.985228344012285,164.68303930398542,0.09792889654636383,0.9736842105263157,0.96875,0.9642857142857143,0.967967967967968,1.890563930764936e-05,1.0,1.0,1.0,medium
test,0,2,99,32,0.5302727519883774,52.51592749299016,165.213738491002,0.28575682640075684,0.903921568627451,0.90625,0.9087301587301587,0.9054187192118226,1.8894472361809046e-05,1.0,1.0,1.0,medium
test,0,2,100,32,0.5292602039990015,53.04569831400295,165.74350928000058,0.16528816521167755,0.9352226720647774,0.9375,0.9352226720647774,0.9352226720647774,1.8883305415968732e-05,1.0,1.0,1.0,medium
test,0,2,101,32,0.5284240890177898,53.57467532699229,166.27248628399684,0.3806126117706299,0.8441295546558705,0.84375,0.8373015873015872,0.8398398398398399,1.887213847012842e-05,1.0,1.0,1.0,medium
test,0,2,102,32,0.5298629640019499,54.10502148899832,166.80283245199826,0.37966975569725037,0.873015873015873,0.875,0.873015873015873,0.873015873015873,1.886097152428811e-05,1.0,1.0,1.0,medium
test,0,2,103,32,0.5297495690174401,54.63532354900963,167.3331345229817,0.17416295409202576,0.90625,0.90625,0.9210526315789473,0.9054187192118226,1.8849804578447796e-05,1.0,1.0,1.0,medium
test,0,2,104,32,0.5294538640009705,55.16534948500339,167.86316052998882,0.16646075248718262,0.903921568627451,0.90625,0.9087301587301587,0.9054187192118226,1.8838637632607482e-05,1.0,1.0,1.0,medium
test,0,2,105,32,0.5299715060100425,55.695873399003176,168.3936843809788,0.4205181300640106,0.8562753036437247,0.84375,0.84375,0.8423645320197044,1.882747068676717e-05,1.0,1.0,1.0,medium
test,0,2,106,32,0.5296931059856433,56.22617742299917,168.9239883859991,0.195199117064476,0.8967611336032388,0.90625,0.9083333333333333,0.9015384615384616,1.8816303740926858e-05,1.0,1.0,1.0,medium
test,0,2,107,32,0.529065831011394,56.755720896006096,169.45353187900037,0.2231525480747223,0.8784313725490196,0.875,0.8784313725490196,0.875,1.8805136795086543e-05,1.0,1.0,1.0,medium
test,0,2,108,32,0.5305005959817208,57.286803791008424,169.9846148339857,0.3670160174369812,0.8056680161943319,0.8125,0.8056680161943319,0.8056680161943319,1.8793969849246233e-05,1.0,1.0,1.0,medium
test,0,2,109,32,0.5310418949811719,57.818471770006,170.5162827289896,0.17250803112983704,0.9318181818181819,0.90625,0.8846153846153846,0.8981972428419936,1.878280290340592e-05,1.0,1.0,1.0,medium
test,0,2,110,32,0.5292634129873477,58.3482730500109,171.04608400099096,0.23711109161376953,0.9045454545454545,0.90625,0.8852813852813852,0.893687707641196,1.8771635957565608e-05,1.0,1.0,1.0,medium
test,0,2,111,32,0.5292248759942595,58.878058934991714,171.57586988899857,0.4157494604587555,0.8636363636363636,0.8125,0.8125,0.8056680161943319,1.8760469011725294e-05,1.0,1.0,1.0,medium
test,0,2,112,32,0.529546054021921,59.408191000984516,172.10600195798906,0.4259800314903259,0.7878787878787878,0.75,0.7607843137254902,0.746031746031746,1.8749302065884983e-05,1.0,1.0,1.0,medium
test,0,2,113,32,0.5298014959844295,59.93852628400782,172.6363372479973,0.22076281905174255,0.9642857142857143,0.96875,0.9736842105263157,0.967967967967968,1.873813512004467e-05,1.0,1.0,1.0,medium
test,0,2,114,32,0.5287625550117809,60.46780615998432,173.1656171399809,0.3139529228210449,0.9285714285714286,0.90625,0.8928571428571428,0.9015384615384616,1.8726968174204355e-05,1.0,1.0,1.0,medium
test,0,2,115,32,0.5305331840063445,60.99885063600959,173.69666194097954,0.2670963406562805,0.9444444444444444,0.9375,0.9375,0.9372549019607843,1.8715801228364044e-05,1.0,1.0,1.0,medium
test,0,2,116,32,0.5291696749918628,61.52854937600205,174.2263603329775,0.24262233078479767,0.9007936507936507,0.90625,0.9089068825910931,0.9039039039039038,1.870463428252373e-05,1.0,1.0,1.0,medium
test,0,2,117,32,0.529115768003976,62.05816166198929,174.7559726049949,0.3593589961528778,0.875,0.875,0.9,0.873015873015873,1.869346733668342e-05,1.0,1.0,1.0,medium
test,0,2,118,32,0.5293332870060112,62.588018209993606,175.28582916400046,0.24314893782138824,0.9523809523809523,0.9375,0.9230769230769231,0.9333333333333333,1.8682300390843105e-05,1.0,1.0,1.0,medium
test,0,2,119,32,0.5299716030131094,63.118613150989404,175.81642409798224,0.25498315691947937,0.8947368421052632,0.875,0.8823529411764706,0.8745098039215686,1.8671133445002794e-05,1.0,1.0,1.0,medium
test,0,2,120,32,0.5298011729901191,63.648956774006365,176.34676772798412,0.3059685528278351,0.8562753036437247,0.84375,0.84375,0.8423645320197044,1.865996649916248e-05,1.0,1.0,1.0,medium
test,0,2,121,32,0.5290387189888861,64.17853983398527,176.87635079299798,0.3015627861022949,0.9166666666666667,0.90625,0.9117647058823529,0.906158357771261,1.8648799553322166e-05,1.0,1.0,1.0,medium
test,0,2,122,32,0.5298353620164562,64.70888480299618,177.40669576599612,0.3725128471851349,0.8531746031746033,0.84375,0.8490196078431372,0.8435972629521017,1.8637632607481855e-05,1.0,1.0,1.0,medium
test,0,2,123,32,0.5299079859978519,65.23931529000401,177.9371262479981,0.37703120708465576,0.8823529411764706,0.875,0.8947368421052632,0.8745098039215686,1.862646566164154e-05,1.0,1.0,1.0,medium
test,0,2,124,32,0.5285327440069523,65.76849027301068,178.46630130597623,0.28746575117111206,0.8792270531400965,0.875,0.8398268398268398,0.8545454545454545,1.861529871580123e-05,1.0,1.0,1.0,medium
test,0,2,125,32,0.530268923001131,66.29937547899317,178.99720132397488,0.15061917901039124,0.9444444444444444,0.9375,0.9375,0.9372549019607843,1.860413176996092e-05,1.0,1.0,1.0,medium
test,0,2,126,32,0.5293575699906796,66.82933447998948,179.52714543699403,0.3811139762401581,0.9230769230769231,0.875,0.8,0.8333333333333333,1.8592964824120606e-05,1.0,1.0,1.0,medium
test,0,2,127,32,0.5296356570033822,67.35954261300503,180.05735358598758,0.1478879451751709,0.9791666666666667,0.96875,0.9444444444444444,0.9599499374217773,1.858179787828029e-05,1.0,1.0,1.0,medium
test,0,2,128,32,0.5301418419985566,67.89023472400731,180.58804572798545,0.13541017472743988,0.95,0.96875,0.9782608695652174,0.9625730994152046,1.857063093243998e-05,1.0,1.0,1.0,medium
test,0,2,129,32,0.5292932309967,68.4201194109919,181.11793036499876,0.32932740449905396,0.9069264069264069,0.90625,0.8916666666666666,0.8981972428419936,1.8559463986599667e-05,1.0,1.0,1.0,medium
test,0,2,130,32,0.5293255000142381,68.9499005539983,181.64771152599133,0.32532185316085815,0.9047619047619048,0.875,0.8666666666666667,0.8704453441295547,1.8548297040759353e-05,1.0,1.0,1.0,medium
test,0,2,131,32,0.5293443459959235,69.47980735299643,182.17761830199743,0.26119107007980347,0.907843137254902,0.90625,0.90625,0.906158357771261,1.8537130094919042e-05,1.0,1.0,1.0,medium
test,0,2,132,32,0.5298726090113632,70.0101668270072,182.70797779597342,0.18606139719486237,0.9333333333333333,0.9375,0.9333333333333333,0.9333333333333333,1.852596314907873e-05,1.09375,1.0,2.0,medium|hard
test,0,2,133,32,0.5305870029842481,70.54119466699194,183.23900563799543,0.28087520599365234,0.9083333333333333,0.90625,0.8967611336032388,0.9015384615384616,1.8514796203238417e-05,2.0,2.0,2.0,hard
test,0,2,134,32,0.5288033670221921,71.07044858299196,183.76825954698143,0.34892764687538147,0.8792270531400965,0.875,0.8398268398268398,0.8545454545454545,1.8503629257398103e-05,2.0,2.0,2.0,hard
test,0,2,135,32,0.5303569349925965,71.60131572699174,184.299126686994,0.24138227105140686,0.9087301587301587,0.90625,0.903921568627451,0.9054187192118226,1.8492462311557792e-05,2.0,2.0,2.0,hard
test,0,2,136,32,0.5302680669992696,72.13214675299241,184.8299576989957,0.22158628702163696,0.907843137254902,0.90625,0.90625,0.906158357771261,1.8481295365717478e-05,2.0,2.0,2.0,hard
test,0,2,137,32,0.5290586519986391,72.6617756059859,185.35958655099967,0.4045236110687256,0.8490196078431372,0.84375,0.8531746031746033,0.8435972629521017,1.8470128419877164e-05,2.0,2.0,2.0,hard
test,0,2,138,32,0.5300902730086818,73.1924451800005,185.89025613598642,0.15769658982753754,0.9307359307359306,0.9375,0.9307359307359306,0.9307359307359306,1.8458961474036853e-05,2.0,2.0,2.0,hard
test,0,2,139,32,0.5291004750179127,73.72210244799498,186.41991341297398,0.23685026168823242,0.8818181818181818,0.875,0.85,0.8614718614718615,1.844779452819654e-05,2.0,2.0,2.0,hard
test,0,2,140,32,0.5294910240045283,74.25217081498704,186.94998176698573,0.19377723336219788,0.9,0.875,0.875,0.873015873015873,1.8436627582356228e-05,2.0,2.0,2.0,hard
test,0,2,141,32,0.5286850289849099,74.78139019600349,187.4792011519894,0.31341415643692017,0.875,0.875,0.9,0.873015873015873,1.8425460636515914e-05,2.0,2.0,2.0,hard
test,0,2,142,32,0.5299083350109868,75.31187749700621,188.00968844798626,0.18473702669143677,0.9411764705882353,0.9375,0.9411764705882353,0.9375,1.8414293690675603e-05,2.0,2.0,2.0,hard
test,0,2,143,32,0.5291913909895811,75.84162628298509,188.53943723297562,0.1555974781513214,0.9444444444444444,0.9375,0.9375,0.9372549019607843,1.840312674483529e-05,2.0,2.0,2.0,hard
test,0,2,144,32,0.5298086109978613,76.37200279301032,189.06981375199393,0.45625776052474976,0.8441295546558705,0.84375,0.8373015873015872,0.8398398398398399,1.8391959798994975e-05,2.0,2.0,2.0,hard
test,0,2,145,32,0.5299198669963516,76.90234889200656,189.6001598429866,0.2070164829492569,0.90625,0.90625,0.9210526315789473,0.9054187192118226,1.8380792853154664e-05,2.0,2.0,2.0,hard
test,0,2,146,32,0.5303816920204554,77.43330598200555,190.13111692498205,0.41115933656692505,0.825,0.84375,0.8376623376623377,0.8303287380699894,1.836962590731435e-05,2.0,2.0,2.0,hard
test,0,2,147,32,0.5289376199943945,77.96280409599422,190.66061505497782,0.3073160946369171,0.8614718614718615,0.875,0.8614718614718615,0.8614718614718615,1.835845896147404e-05,2.0,2.0,2.0,hard
test,0,2,148,32,0.5301033040159382,78.49341950399685,191.19123047197354,0.27512532472610474,0.903921568627451,0.90625,0.9087301587301587,0.9054187192118226,1.8347292015633726e-05,2.0,2.0,2.0,hard
test,0,2,149,32,0.5299913009803277,79.02395415501087,191.72176511399448,0.19585254788398743,0.9285714285714286,0.9375,0.95,0.9352226720647774,1.8336125069793415e-05,2.0,2.0,2.0,hard
test,0,2,150,32,0.5289829839894082,79.55343358399114,192.2512445319735,0.14156869053840637,0.9272727272727272,0.9375,0.9272727272727272,0.9272727272727272,1.83249581239531e-05,2.0,2.0,2.0,hard
test,0,2,151,32,0.5301430580148008,80.08412311799475,192.7819340909773,0.1953553557395935,0.90625,0.90625,0.907843137254902,0.906158357771261,1.8313791178112787e-05,2.0,2.0,2.0,hard
test,0,2,152,32,0.5305584729940165,80.61523032400873,193.31304131497745,0.23859018087387085,0.9523809523809523,0.9375,0.9230769230769231,0.9333333333333333,1.8302624232272476e-05,2.0,2.0,2.0,hard
test,0,2,153,32,0.5297294020128902,81.14558255800512,193.8433936459769,0.2538301348686218,0.8863636363636364,0.84375,0.8333333333333333,0.8358974358974359,1.829145728643216e-05,2.0,2.0,2.0,hard
test,0,2,154,32,0.5290744800004177,81.6752117369906,194.37302269999054,0.4282013475894928,0.7900432900432901,0.78125,0.7658730158730158,0.7702564102564102,1.8280290340591848e-05,2.0,2.0,2.0,hard
test,0,2,155,32,0.5301866239751689,82.20585617999313,194.9036673079827,0.0852242112159729,0.9761904761904762,0.96875,0.9583333333333333,0.9660657476139979,1.8269123394751537e-05,2.0,2.0,2.0,hard
test,0,2,156,32,0.5296718509925995,82.73599027699674,195.43380124497344,0.15699642896652222,0.9411764705882353,0.9375,0.9411764705882353,0.9375,1.8257956448911226e-05,2.0,2.0,2.0,hard
test,0,2,157,32,0.5289895870082546,83.26553146200604,195.96334241697332,0.11881193518638611,0.9722222222222222,0.96875,0.9666666666666667,0.9684729064039409,1.8246789503070912e-05,2.0,2.0,2.0,hard
test,0,2,158,32,0.5299349959823303,83.79589012099314,196.49370115899364,0.2753251791000366,0.8792270531400965,0.875,0.8398268398268398,0.8545454545454545,1.8235622557230598e-05,2.0,2.0,2.0,hard
test,0,2,159,32,0.5292744170001242,84.32570778400986,197.02351873199223,0.19722411036491394,0.9117647058823529,0.90625,0.9166666666666667,0.906158357771261,1.8224455611390287e-05,2.0,2.0,2.0,hard
test,0,2,160,32,0.5291934099805076,84.85540811298415,197.55321908098995,0.538641095161438,0.8809523809523809,0.875,0.875,0.8745098039215686,1.8213288665549973e-05,2.0,2.0,2.0,hard
test,0,2,161,32,0.530140640999889,85.38608566700714,198.08389664898277,0.286144495010376,0.8863636363636364,0.84375,0.8333333333333333,0.8358974358974359,1.820212171970966e-05,2.0,2.0,2.0,hard
test,0,2,162,32,0.5300022189912852,85.91655421699397,198.61436517399852,0.4177181124687195,0.9,0.875,0.875,0.873015873015873,1.8190954773869348e-05,2.0,2.0,2.0,hard
test,0,2,163,32,0.5290337750047911,86.44615830099792,199.14396926798509,0.5292856097221375,0.8055555555555556,0.78125,0.8333333333333333,0.7793103448275862,1.8179787828029037e-05,2.0,2.0,2.0,hard
test,0,2,164,32,0.5287760820065159,86.97547372398549,199.67328468797496,0.6557238698005676,0.8157894736842105,0.78125,0.825,0.7810361681329423,1.8168620882188723e-05,2.0,2.0,2.0,hard
test,0,2,165,32,0.5308433700120077,87.50686015500105,200.20467111398466,0.3144902288913727,0.8372549019607842,0.84375,0.8583333333333334,0.8398398398398399,1.815745393634841e-05,2.0,2.0,2.0,hard
test,0,2,166,32,0.5293535309901927,88.03676434798399,200.73457530298037,0.1989394873380661,0.9523809523809523,0.9375,0.9230769230769231,0.9333333333333333,1.81462869905081e-05,2.0,2.0,2.0,hard
test,0,2,167,32,0.5296668069786392,88.56702672201209,201.264837693976,0.3488498032093048,0.8666666666666667,0.875,0.9047619047619048,0.8704453441295547,1.8135120044667784e-05,2.0,2.0,2.0,hard
test,0,2,168,32,0.5300672060111538,89.09767512700637,201.79548606998287,0.15589211881160736,0.96875,0.96875,0.9705882352941176,0.9687194525904204,1.812395309882747e-05,2.0,2.0,2.0,hard
test,0,2,169,32,0.5302942589914892,89.62847654600046,202.3262875059736,0.24463534355163574,0.9365079365079365,0.9375,0.9365079365079365,0.9365079365079365,1.811278615298716e-05,2.0,2.0,2.0,hard
test,0,2,170,32,0.5291586059902329,90.15816496498883,202.85597593098646,0.21866434812545776,0.9333333333333333,0.9375,0.9333333333333333,0.9333333333333333,1.810161920714685e-05,2.0,2.0,2.0,hard
test,0,2,171,32,0.530410329985898,90.6891109769931,203.38692193798488,0.13481347262859344,0.9772727272727273,0.96875,0.9545454545454546,0.964562569213732,1.8090452261306535e-05,2.0,2.0,2.0,hard
test,0,2,172,32,0.5295010929985438,91.21919233299559,203.91700328799197,0.17344510555267334,0.90625,0.90625,0.9210526315789473,0.9054187192118226,1.807928531546622e-05,2.0,2.0,2.0,hard
test,0,2,173,32,0.5294558590103406,91.74909986701095,204.44691083297948,0.19505470991134644,0.8958333333333333,0.90625,0.8671497584541064,0.8798498122653317,1.806811836962591e-05,2.0,2.0,2.0,hard
test,0,2,174,32,0.5304997229832225,92.28019021998625,204.97800118097803,0.3186841607093811,0.9,0.875,0.875,0.873015873015873,1.8056951423785596e-05,2.0,2.0,2.0,hard
test,0,2,175,32,0.530800022999756,92.8115750910074,205.50938604297698,0.1550472527742386,0.94,0.90625,0.85,0.8798498122653317,1.804578447794528e-05,2.0,2.0,2.0,hard
test,0,2,176,32,0.5296403210086282,93.3418057509989,206.03961671999423,0.2928308844566345,0.9210526315789473,0.90625,0.90625,0.9054187192118226,1.803461753210497e-05,2.0,2.0,2.0,hard
test,0,2,177,32,0.5296388470160309,93.87191953600268,206.56973051198293,0.2573953866958618,0.9087301587301587,0.90625,0.903921568627451,0.9054187192118226,1.802345058626466e-05,2.0,2.0,2.0,hard
test,0,2,178,32,0.5302182949963026,94.40269917700789,207.10051012400072,0.07719821482896805,1.0,1.0,1.0,1.0,1.8012283640424346e-05,2.0,2.0,2.0,hard
test,0,2,179,32,0.5302993139775936,94.93356362200575,207.63137477598502,0.2051517516374588,0.9007936507936507,0.90625,0.9089068825910931,0.9039039039039038,1.8001116694584032e-05,2.0,2.0,2.0,hard
test,0,2,180,32,0.5295790859963745,95.46369483400485,208.1615058129828,0.06544027477502823,1.0,1.0,1.0,1.0,1.798994974874372e-05,2.0,2.0,2.0,hard
test,0,2,181,32,0.530281308980193,95.9944982919842,208.69230927797616,0.5505464673042297,0.8333333333333333,0.84375,0.8863636363636364,0.8358974358974359,1.7978782802903407e-05,2.0,2.0,2.0,hard
test,0,2,182,32,0.5300576159788761,96.52508085701265,209.22289181299857,0.19566461443901062,0.9473684210526316,0.9375,0.9333333333333333,0.9365079365079365,1.7967615857063093e-05,2.0,2.0,2.0,hard
test,0,2,183,32,0.5290593150130007,97.0547504290007,209.75256154997624,0.22047320008277893,0.9210526315789473,0.90625,0.90625,0.9054187192118226,1.7956448911222782e-05,2.0,2.0,2.0,hard
test,0,2,184,32,0.530722613009857,97.58601631599595,210.28382728097495,0.23055370151996613,0.9117647058823529,0.90625,0.9166666666666667,0.906158357771261,1.7945281965382468e-05,2.0,2.0,2.0,hard
test,0,2,185,32,0.5295638850075193,98.11615840700688,210.81396936799865,0.22766011953353882,0.9352226720647774,0.9375,0.9352226720647774,0.9352226720647774,1.7934115019542157e-05,2.0,2.0,2.0,hard
test,0,2,186,32,0.5296676610014401,98.6464147939987,211.34422574698692,0.22512507438659668,0.9007936507936507,0.90625,0.9089068825910931,0.9039039039039038,1.7922948073701843e-05,2.0,2.0,2.0,hard
test,0,2,187,32,0.5304554630129132,99.17744438900263,211.87525533197913,0.2568618059158325,0.8650793650793651,0.875,0.8833333333333333,0.8704453441295547,1.7911781127861532e-05,2.0,2.0,2.0,hard
test,0,2,188,32,0.5303734219924081,99.70836392400088,212.4061749589746,0.15699639916419983,0.96875,0.96875,0.9705882352941176,0.9687194525904204,1.790061418202122e-05,2.0,2.0,2.0,hard
test,0,2,189,32,0.5298692230135202,100.23867915899609,212.93649011899834,0.21058042347431183,0.8705882352941177,0.875,0.8825910931174089,0.873015873015873,1.7889447236180904e-05,2.0,2.0,2.0,hard
test,0,2,190,32,0.5300223699887283,100.7692516729876,213.46706262399675,0.23416858911514282,0.9069264069264069,0.90625,0.8916666666666666,0.8981972428419936,1.7878280290340594e-05,2.0,2.0,2.0,hard
test,0,2,191,32,0.5300305710115936,101.29984638901078,213.99765735099209,0.25418931245803833,0.907843137254902,0.90625,0.90625,0.906158357771261,1.786711334450028e-05,2.0,2.0,2.0,hard
test,0,2,192,32,0.5303500480076764,101.83077078100177,214.52858181498596,0.3686288595199585,0.873015873015873,0.875,0.873015873015873,0.873015873015873,1.785594639865997e-05,2.0,2.0,2.0,hard
test,0,2,193,32,0.5297906510240864,102.3610349590017,215.05884591498761,0.4323396682739258,0.7817460317460317,0.78125,0.7784313725490195,0.7793103448275862,1.7844779452819655e-05,2.0,2.0,2.0,hard
test,0,2,194,32,0.5300231669971254,102.89161478998722,215.58942573299282,0.3035580515861511,0.8590909090909091,0.84375,0.819838056680162,0.8303287380699894,1.7833612506979344e-05,2.0,2.0,2.0,hard
test,0,2,195,32,0.530511226010276,103.42272523100837,216.12053620099323,0.23790469765663147,0.9411764705882353,0.9375,0.9411764705882353,0.9375,1.782244556113903e-05,2.0,2.0,2.0,hard
test,0,2,196,32,0.5289912640000694,103.95219620200805,216.65000715397764,0.12412755191326141,0.9666666666666667,0.96875,0.9722222222222222,0.9684729064039409,1.7811278615298716e-05,2.0,2.0,2.0,hard
test,0,2,197,32,0.5304708690091502,104.48312801800785,217.18093898097868,0.3398008942604065,0.8784313725490196,0.875,0.8784313725490196,0.875,1.7800111669458405e-05,2.0,2.0,2.0,hard
test,0,2,198,32,0.5296849329897668,105.0132942199998,217.71110519298236,0.37969058752059937,0.8831168831168831,0.875,0.8582995951417004,0.8666666666666667,1.778894472361809e-05,2.0,2.0,2.0,hard
test,0,2,199,8,0.18667720101075247,105.20039221699699,217.89820317999693,0.29625511169433594,0.875,0.875,0.9,0.873015873015873,1.7777777777777777e-05,2.0,2.0,2.0,hard
test,0,3,1,32,0.5316269379982259,0.6166082320269197,226.3539930949919,0.0662095919251442,1.0,1.0,1.0,1.0,1.7766610831937466e-05,0.0,0.0,0.0,easy
test,0,3,2,32,0.5306219040066935,1.1478300340240821,226.88521489099367,0.2920691967010498,0.9007936507936507,0.90625,0.9089068825910931,0.9039039039039038,1.7755443886097155e-05,0.0,0.0,0.0,easy
test,0,3,3,32,0.5298202960111666,1.678157081012614,227.4155419599847,0.21903184056282043,0.9307359307359306,0.9375,0.9307359307359306,0.9307359307359306,1.774427694025684e-05,0.0,0.0,0.0,easy
test,0,3,4,32,0.5293032749905251,2.2080272510065697,227.94541211999604,0.18326202034950256,0.9444444444444444,0.9375,0.9375,0.9372549019607843,1.7733109994416527e-05,0.0,0.0,0.0,easy
test,0,3,5,32,0.5305812610022258,2.739122869010316,228.47650773398345,0.28379613161087036,0.90625,0.90625,0.907843137254902,0.906158357771261,1.7721943048576216e-05,0.0,0.0,0.0,easy
test,0,3,6,32,0.5293974009982776,3.269070141017437,229.0064549910021,0.22386355698108673,0.9069264069264069,0.90625,0.8916666666666666,0.8981972428419936,1.7710776102735902e-05,0.0,0.0,0.0,easy
test,0,3,7,32,0.5297198930056766,3.7992912120244,229.5366760850011,0.18344762921333313,0.90625,0.90625,0.9210526315789473,0.9054187192118226,1.769960915689559e-05,0.0,0.0,0.0,easy
test,0,3,8,32,0.5283818279858679,4.328226177021861,230.06561103998683,0.21446552872657776,0.9372549019607843,0.9375,0.9372549019607843,0.9372549019607843,1.768844221105528e-05,0.0,0.0,0.0,easy
test,0,3,9,32,0.5306076389970258,4.859394092025468,230.5967789599963,0.15685367584228516,0.95,0.9375,0.9285714285714286,0.9352226720647774,1.7677275265214966e-05,0.0,0.0,0.0,easy
test,0,3,10,32,0.529586496995762,5.389554894005414,231.12693978397874,0.3969988226890564,0.9210526315789473,0.90625,0.90625,0.9054187192118226,1.7666108319374652e-05,0.0,0.0,0.0,easy
test,0,3,11,32,0.5299812440061942,5.919994800002314,231.657379672979,0.24005897343158722,0.9318181818181819,0.90625,0.8846153846153846,0.8981972428419936,1.765494137353434e-05,0.0,0.0,0.0,easy
test,0,3,12,32,0.5299777530017309,6.450580064003589,232.18796492897673,0.1018519252538681,1.0,1.0,1.0,1.0,1.7643774427694027e-05,0.0,0.0,0.0,easy
test,0,3,13,32,0.5293342009827029,6.980428697017487,232.7178135639988,0.2729339301586151,0.9423076923076923,0.90625,0.8333333333333333,0.8693877551020408,1.7632607481853713e-05,0.0,0.0,0.0,easy
test,0,3,14,32,0.5294512999826111,7.5104060520243365,233.24779092898825,0.2520167827606201,0.8916666666666666,0.90625,0.9069264069264069,0.8981972428419936,1.7621440536013403e-05,0.0,0.0,0.0,easy
test,0,3,15,32,0.5304633199993987,8.041427608026424,233.77881271598744,0.2244347333908081,0.9,0.90625,0.925,0.9039039039039038,1.761027359017309e-05,0.0,0.0,0.0,easy
test,0,3,16,32,0.5293276909796987,8.571322880015941,234.3087077550008,0.12283001840114594,0.975,0.96875,0.9615384615384616,0.9671794871794872,1.7599106644332778e-05,0.0,0.0,0.0,easy
test,0,3,17,32,0.5301969620049931,9.101964228000725,234.8393490969902,0.07362457364797592,1.0,1.0,1.0,1.0,1.7587939698492464e-05,0.0,0.0,0.0,easy
test,0,3,18,32,0.5302346310054418,9.632703275012318,235.37008814097499,0.32719680666923523,0.8490196078431372,0.84375,0.8531746031746033,0.8435972629521017,1.7576772752652153e-05,0.0,0.0,0.0,easy
test,0,3,19,32,0.530275586002972,10.163425139005994,235.90081001498038,0.09876814484596252,1.0,1.0,1.0,1.0,1.756560580681184e-05,0.0,0.0,0.0,easy
test,0,3,20,32,0.529042558016954,10.693010300019523,236.43039520300226,0.17406366765499115,0.9642857142857143,0.96875,0.9736842105263157,0.967967967967968,1.7554438860971525e-05,0.0,0.0,0.0,easy
test,0,3,21,32,0.5292133949988056,11.222773853020044,236.9601587189827,0.10172540694475174,0.96875,0.96875,0.9705882352941176,0.9687194525904204,1.7543271915131214e-05,0.0,0.0,0.0,easy
test,0,3,22,32,0.5301540269865654,11.753444279020187,237.49082915397594,0.19055183231830597,0.9087301587301587,0.90625,0.903921568627451,0.9054187192118226,1.75321049692909e-05,0.0,0.0,0.0,easy
test,0,3,23,32,0.5303759250091389,12.284275639016414,238.02166052698158,0.09849641472101212,0.9583333333333333,0.96875,0.9761904761904762,0.9660657476139979,1.752093802345059e-05,0.0,0.0,0.0,easy
test,0,3,24,32,0.5290256309963297,12.813860270020086,238.5512451089744,0.06109228730201721,0.9722222222222222,0.96875,0.9666666666666667,0.9684729064039409,1.7509771077610275e-05,0.0,0.0,0.0,easy
test,0,3,25,32,0.5300022230076138,13.34443191101309,239.0818167779944,0.5013284087181091,0.7651821862348178,0.75,0.7568627450980392,0.7490196078431373,1.7498604131769964e-05,0.0,0.0,0.0,easy
test,0,3,26,32,0.5298909189878032,13.874859595001908,239.61224446599954,0.3369098901748657,0.907843137254902,0.90625,0.90625,0.906158357771261,1.748743718592965e-05,0.0,0.0,0.0,easy
test,0,3,27,32,0.5291093489795458,14.404512533015804,240.14189739897847,0.27223655581474304,0.9583333333333333,0.9375,0.9,0.9227053140096618,1.7476270240089336e-05,0.0,0.0,0.0,easy
test,0,3,28,32,0.5307051189884078,14.93572831901838,240.6731131959823,0.20401528477668762,0.9375,0.90625,0.8636363636363636,0.887719298245614,1.7465103294249025e-05,0.0,0.0,0.0,easy
test,0,3,29,32,0.5295173689955845,15.465694598999107,241.20307951400173,0.10345756262540817,0.9642857142857143,0.96875,0.9736842105263157,0.967967967967968,1.745393634840871e-05,0.0,0.0,0.0,easy
test,0,3,30,32,0.5292485760001,15.99551496701315,241.73289982197457,0.31759390234947205,0.9089068825910931,0.90625,0.9007936507936507,0.9039039039039038,1.7442769402568397e-05,0.0,0.0,0.0,easy
test,0,3,31,32,0.5284080759738572,16.524483979010256,242.26186885597417,0.10652737319469452,0.9705882352941176,0.96875,0.96875,0.9687194525904204,1.7431602456728086e-05,0.0,0.0,0.0,easy
test,0,3,32,32,0.5300734089978505,17.055127629020717,242.79251249297522,0.5691164135932922,0.7745098039215685,0.78125,0.7916666666666667,0.7757757757757757,1.7420435510887776e-05,0.0,0.0,0.0,easy
test,0,3,33,32,0.5295201000117231,17.58511239901418,243.3224973269971,0.03823522478342056,1.0,1.0,1.0,1.0,1.740926856504746e-05,0.0,0.0,0.0,easy
test,0,3,34,32,0.5296805200050585,18.115382575022522,243.85276746598538,0.1463802009820938,0.9411764705882353,0.9375,0.9411764705882353,0.9375,1.7398101619207147e-05,0.0,0.0,0.0,easy
test,0,3,35,32,0.5300235449976753,18.64601730700815,244.38340225900174,0.12256994098424911,0.9736842105263157,0.96875,0.9642857142857143,0.967967967967968,1.7386934673366837e-05,0.0,0.0,0.0,easy
test,0,3,36,32,0.5297484940092545,19.176343021012144,244.91372788598528,0.10481293499469757,0.9615384615384616,0.96875,0.975,0.9671794871794872,1.7375767727526523e-05,0.0,0.0,0.0,easy
test,0,3,37,32,0.5289686210162472,19.705854231026024,245.44323918499867,0.1799519658088684,0.9705882352941176,0.96875,0.96875,0.9687194525904204,1.736460078168621e-05,0.0,0.0,0.0,easy
test,0,3,38,32,0.5303472490049899,20.236765501002083,245.97415044598165,0.2481672614812851,0.9007936507936507,0.90625,0.9089068825910931,0.9039039039039038,1.7353433835845898e-05,0.0,0.0,0.0,easy
test,0,3,39,32,0.5298630410106853,20.76722053901176,246.50460541399661,0.2190799117088318,0.925,0.90625,0.9,0.9039039039039038,1.7342266890005587e-05,0.0,0.0,0.0,easy
test,0,3,40,32,0.5299787879921496,21.297720607020892,247.03510549597559,0.17438897490501404,0.9272727272727272,0.9375,0.9272727272727272,0.9272727272727272,1.7331099944165273e-05,0.0,0.0,0.0,easy
test,0,3,41,32,0.5295509389834478,21.827804466011003,247.56518938197405,0.17006751894950867,0.9307359307359306,0.9375,0.9307359307359306,0.9307359307359306,1.731993299832496e-05,0.0,0.0,0.0,easy
test,0,3,42,32,0.5305725349753629,22.35884738501045,248.09623226098483,0.08610455691814423,0.9722222222222222,0.96875,0.9666666666666667,0.9684729064039409,1.7308766052484648e-05,0.0,0.0,0.0,easy
test,0,3,43,32,0.5296589360223152,22.88906768101151,248.62645254598465,0.0559624619781971,0.9642857142857143,0.96875,0.9736842105263157,0.967967967967968,1.7297599106644334e-05,0.0,0.0,0.0,easy
test,0,3,44,32,0.5295897480100393,23.419231865002075,249.1566167299752,0.12315256893634796,0.9523809523809523,0.9375,0.9230769230769231,0.9333333333333333,1.728643216080402e-05,0.0,0.0,0.0,easy
test,0,3,45,32,0.5297917080170009,23.949441027012654,249.68682589699165,0.13139325380325317,0.9411764705882353,0.9375,0.9411764705882353,0.9375,1.727526521496371e-05,0.0,0.0,0.0,easy
test,0,3,46,32,0.5303429049963597,24.48022890801076,250.21761382897967,0.08595136553049088,0.9705882352941176,0.96875,0.96875,0.9687194525904204,1.7264098269123398e-05,0.0,0.0,0.0,easy
test,0,3,47,32,0.5292638289975002,25.009935343026882,250.74732020997908,0.1454172432422638,0.9523809523809523,0.9375,0.9230769230769231,0.9333333333333333,1.7252931323283084e-05,0.0,0.0,0.0,easy
test,0,3,48,32,0.5299450170132332,25.540442263009027,251.27782713298802,0.049672745168209076,1.0,1.0,1.0,1.0,1.724176437744277e-05,0.0,0.0,0.0,easy
test,0,3,49,32,0.5301019480102696,26.07113058702089,251.80851544698817,0.10717278718948364,0.9722222222222222,0.96875,0.9666666666666667,0.9684729064039409,1.723059743160246e-05,0.0,0.0,0.0,easy
test,0,3,50,32,0.5289511349983513,26.60061668002163,252.33800155797508,0.10241566598415375,1.0,1.0,1.0,1.0,1.7219430485762145e-05,0.0,0.0,0.0,easy
test,0,3,51,32,0.529745248000836,27.130935492023127,252.86832037198474,0.07569139450788498,0.9642857142857143,0.96875,0.9736842105263157,0.967967967967968,1.720826353992183e-05,0.0,0.0,0.0,easy
test,0,3,52,32,0.5295766950002871,27.66105035401415,253.39843522399315,0.18377666175365448,0.9375,0.9375,0.9375,0.9375,1.719709659408152e-05,0.0,0.0,0.0,easy
test,0,3,53,32,0.5295422009949107,28.191122918011388,253.92850784797338,0.3740615248680115,0.8888888888888888,0.875,0.8888888888888888,0.875,1.7185929648241206e-05,0.0,0.0,0.0,easy
test,0,3,54,32,0.5281406849971972,28.719842032005545,254.4572268909833,0.4993351101875305,0.8818181818181818,0.875,0.85,0.8614718614718615,1.7174762702400895e-05,0.0,0.0,0.0,easy
test,0,3,55,32,0.5304578770010266,29.250758221023716,254.98814308698638,0.1689452975988388,0.9117647058823529,0.90625,0.9166666666666667,0.906158357771261,1.716359575656058e-05,0.0,0.0,0.0,easy
test,0,3,56,32,0.5300574690045323,29.781369898002595,255.5187549009861,0.0987253189086914,0.9372549019607843,0.9375,0.9372549019607843,0.9372549019607843,1.715242881072027e-05,0.0,0.0,0.0,easy
test,0,3,57,32,0.5296506159938872,30.311712375027128,256.04909729299834,0.1051245778799057,0.9523809523809523,0.9375,0.9230769230769231,0.9333333333333333,1.7141261864879957e-05,0.0,0.0,0.0,easy
test,0,3,58,32,0.5299910570029169,30.842157977021998,256.57954285497544,0.38923200964927673,0.8825910931174089,0.875,0.8705882352941177,0.873015873015873,1.7130094919039642e-05,0.0,0.0,0.0,easy
test,0,3,59,32,0.5295033770089503,31.372215802024584,257.1096006759908,0.15806208550930023,0.95,0.96875,0.9782608695652174,0.9625730994152046,1.711892797319933e-05,0.0,0.0,0.0,easy
test,0,3,60,32,0.5289398579916451,31.90169259402319,257.63907746598125,0.3024662137031555,0.9565217391304348,0.9375,0.9090909090909092,0.9272727272727272,1.7107761027359018e-05,0.0,0.0,0.0,easy
test,0,3,61,32,0.5302005120029207,32.432459281000774,258.16984415697516,0.36990341544151306,0.9090909090909092,0.875,0.8571428571428572,0.8666666666666667,1.7096594081518707e-05,0.0,0.0,0.0,easy
test,0,3,62,32,0.5294373729848303,32.9624420410255,258.69982690300094,0.1770360767841339,0.96875,0.96875,0.9705882352941176,0.9687194525904204,1.7085427135678393e-05,0.0,0.0,0.0,easy
test,0,3,63,32,0.5296159910212737,33.49265702502453,259.23004195297835,0.3853466510772705,0.8784313725490196,0.875,0.8784313725490196,0.875,1.7074260189838082e-05,0.0,0.0,0.0,easy
test,0,3,64,32,0.5300169980037026,34.02323760901345,259.7606224999763,0.3600493371486664,0.9375,0.90625,0.8636363636363636,0.887719298245614,1.7063093243997768e-05,0.0,0.0,0.0,easy
test,0,3,65,32,0.5303004110173788,34.55408472602721,260.29146960697835,0.3468146324157715,0.8818181818181818,0.875,0.85,0.8614718614718615,1.7051926298157454e-05,0.0,0.0,0.0,easy
test,0,3,66,32,0.5303193700092379,35.08496769701014,260.8223525689973,0.3645120859146118,0.9210526315789473,0.90625,0.90625,0.9054187192118226,1.7040759352317143e-05,0.0625,0.0,1.0,easy|medium
test,0,3,67,32,0.5297473649843596,35.61531810302404,261.35270295100054,0.1492687612771988,0.9333333333333333,0.9375,0.9333333333333333,0.9333333333333333,1.702959240647683e-05,1.0,1.0,1.0,medium
test,0,3,68,32,0.5303709869913291,36.14624161302345,261.88362648998736,0.2865596115589142,0.8745098039215686,0.875,0.8745098039215686,0.8745098039215686,1.7018425460636515e-05,1.0,1.0,1.0,medium
test,0,3,69,32,0.5301861790067051,36.676963080011774,262.41434798698174,0.30194127559661865,0.875,0.875,0.8809523809523809,0.8745098039215686,1.7007258514796204e-05,1.0,1.0,1.0,medium
test,0,3,70,32,0.5296182799793314,37.207109183014836,262.94449409400113,0.403226763010025,0.8333333333333333,0.875,0.8333333333333333,0.8333333333333333,1.6996091568955893e-05,1.0,1.0,1.0,medium
test,0,3,71,32,0.530190096993465,37.737874449027004,263.4752592849836,0.7608351707458496,0.78125,0.78125,0.791497975708502,0.7793103448275862,1.698492462311558e-05,1.0,1.0,1.0,medium
test,0,3,72,32,0.5305092869966757,38.26889004002442,264.00627490199986,0.39032554626464844,0.8705882352941177,0.875,0.8825910931174089,0.873015873015873,1.6973757677275265e-05,1.0,1.0,1.0,medium
test,0,3,73,32,0.5293398209905718,38.798778608004795,264.5361634789733,0.08916744589805603,1.0,1.0,1.0,1.0,1.6962590731434954e-05,1.0,1.0,1.0,medium
test,0,3,74,32,0.5308641369920224,39.33017783501418,265.0675626869779,0.4150630831718445,0.8571428571428572,0.875,0.9090909090909092,0.8666666666666667,1.695142378559464e-05,1.0,1.0,1.0,medium
test,0,3,75,32,0.5314097749942448,39.86216441600118,265.5995493059745,0.6439329981803894,0.7658730158730158,0.78125,0.7900432900432901,0.7702564102564102,1.6940256839754326e-05,1.0,1.0,1.0,medium
test,0,3,76,32,0.53025197001989,40.39298565601348,266.1303705069877,0.16016843914985657,0.9772727272727273,0.96875,0.9545454545454546,0.964562569213732,1.6929089893914015e-05,1.0,1.0,1.0,medium
test,0,3,77,32,0.5302882959949784,40.92383438302204,266.6612192519824,0.25955212116241455,0.9047619047619048,0.875,0.8666666666666667,0.8704453441295547,1.6917922948073705e-05,1.0,1.0,1.0,medium
test,0,3,78,32,0.530731515988009,41.45512984000379,267.19251470197923,0.16935035586357117,0.9782608695652174,0.96875,0.95,0.9625730994152046,1.690675600223339e-05,1.0,1.0,1.0,medium
test,0,3,79,32,0.5301711109932512,41.985898724000435,267.72328358498635,0.10392987728118896,0.9666666666666667,0.96875,0.9722222222222222,0.9684729064039409,1.6895589056393076e-05,1.0,1.0,1.0,medium
test,0,3,80,32,0.528991967003094,42.51542819602764,268.2528130749997,0.16406944394111633,0.9772727272727273,0.96875,0.9545454545454546,0.964562569213732,1.6884422110552766e-05,1.0,1.0,1.0,medium
test,0,3,81,32,0.5307411100075115,43.046745619009016,268.7841304829926,0.18480589985847473,0.9523809523809523,0.9375,0.9230769230769231,0.9333333333333333,1.687325516471245e-05,1.0,1.0,1.0,medium
test,0,3,82,32,0.5301335499971174,43.5773849930265,269.314769900986,0.08790427446365356,1.0,1.0,1.0,1.0,1.6862088218872137e-05,1.0,1.0,1.0,medium
test,0,3,83,32,0.5298609760066029,44.10769501700997,269.8450798689737,0.2658120393753052,0.9318181818181819,0.90625,0.8846153846153846,0.8981972428419936,1.6850921273031827e-05,1.0,1.0,1.0,medium
test,0,3,84,32,0.5302993989898823,44.63856498300447,270.37594985499163,0.18866465985774994,0.9210526315789473,0.90625,0.90625,0.9054187192118226,1.6839754327191516e-05,1.0,1.0,1.0,medium
test,0,3,85,32,0.5298857569869142,45.16904215302202,270.9064270029776,0.437312513589859,0.7817460317460317,0.78125,0.7784313725490195,0.7793103448275862,1.6828587381351202e-05,1.0,1.0,1.0,medium
test,0,3,86,32,0.5294714330229908,45.69898052702774,271.43636539098225,0.2030077576637268,0.9375,0.90625,0.8636363636363636,0.887719298245614,1.6817420435510888e-05,1.0,1.0,1.0,medium
test,0,3,87,32,0.5306130569952074,46.230143314023735,271.96752819098765,0.5297397971153259,0.8299595141700404,0.8125,0.8196078431372549,0.8117647058823529,1.6806253489670577e-05,1.0,1.0,1.0,medium
test,0,3,88,32,0.5301776170090307,46.76078984502237,272.49817474299925,0.1372171938419342,0.9705882352941176,0.96875,0.96875,0.9687194525904204,1.6795086543830263e-05,1.0,1.0,1.0,medium
test,0,3,89,32,0.5296271890110802,47.2909781820199,273.028363024001,0.16921404004096985,0.9375,0.9375,0.9444444444444444,0.9372549019607843,1.6783919597989952e-05,1.0,1.0,1.0,medium
test,0,3,90,32,0.5308143439760897,47.822314589022426,273.55969946697587,0.2716185748577118,0.9372549019607843,0.9375,0.9372549019607843,0.9372549019607843,1.6772752652149638e-05,1.0,1.0,1.0,medium
test,0,3,91,32,0.5306783420091961,48.35352935400442,274.0909142069868,0.11908800154924393,0.9365079365079365,0.9375,0.9365079365079365,0.9365079365079365,1.6761585706309327e-05,1.0,1.0,1.0,medium
test,0,3,92,32,0.5302777350007091,48.88434415400843,274.6217290239874,0.23919841647148132,0.9090909090909092,0.9375,0.9565217391304348,0.9272727272727272,1.6750418760469013e-05,1.0,1.0,1.0,medium
test,0,3,93,32,0.5293106289755087,49.41417606000323,275.1515609329799,0.2417117953300476,0.90625,0.90625,0.907843137254902,0.906158357771261,1.6739251814628702e-05,1.0,1.0,1.0,medium
test,0,3,94,32,0.5307493279979099,49.94548844601377,275.6828733259754,0.1485346555709839,0.9722222222222222,0.96875,0.9666666666666667,0.9684729064039409,1.672808486878839e-05,1.0,1.0,1.0,medium
test,0,3,95,32,0.5297031800146215,50.47580292299972,276.21318778497516,0.1490246057510376,0.9705882352941176,0.96875,0.96875,0.9687194525904204,1.6716917922948074e-05,1.0,1.0,1.0,medium
test,0,3,96,32,0.5296818760107271,51.00597290901351,276.7433577719785,0.39948660135269165,0.8825910931174089,0.875,0.8705882352941177,0.873015873015873,1.6705750977107763e-05,1.0,1.0,1.0,medium
test,0,3,97,32,0.530522129003657,51.537022299016826,277.2744071549969,0.07808714359998703,1.0,1.0,1.0,1.0,1.669458403126745e-05,1.0,1.0,1.0,medium
test,0,3,98,32,0.5301472709979862,52.06771691600443,277.80510177699034,0.07626877725124359,0.9736842105263157,0.96875,0.9642857142857143,0.967967967967968,1.6683417085427135e-05,1.0,1.0,1.0,medium
test,0,3,99,32,0.5300148259848356,52.59827635000693,278.3356612219941,0.17311915755271912,0.9089068825910931,0.90625,0.9007936507936507,0.9039039039039038,1.6672250139586825e-05,1.0,1.0,1.0,medium
test,0,3,100,32,0.5305408750136849,53.12935512102558,278.866739975987,0.22804118692874908,0.9523809523809523,0.9375,0.9230769230769231,0.9333333333333333,1.6661083193746514e-05,1.0,1.0,1.0,medium
test,0,3,101,32,0.5296802029770333,53.659525668015704,279.39691051997943,0.18192945420742035,0.903921568627451,0.90625,0.9087301587301587,0.9054187192118226,1.66499162479062e-05,1.0,1.0,1.0,medium
test,0,3,102,32,0.5299993850057945,54.19006652501412,279.9274513889977,0.261758029460907,0.9117647058823529,0.90625,0.9166666666666667,0.906158357771261,1.6638749302065886e-05,1.0,1.0,1.0,medium
test,0,3,103,32,0.5307494360022247,54.721310754015576,280.4586956209969,0.043908510357141495,1.0,1.0,1.0,1.0,1.6627582356225575e-05,1.0,1.0,1.0,medium
test,0,3,104,32,0.5301860029867385,55.25200726202456,280.9893920949835,0.06731641292572021,1.0,1.0,1.0,1.0,1.661641541038526e-05,1.0,1.0,1.0,medium
test,0,3,105,32,0.5303658829943743,55.78285454300931,281.520239423,0.39738205075263977,0.9,0.875,0.875,0.873015873015873,1.6605248464544947e-05,1.0,1.0,1.0,medium
test,0,3,106,32,0.528658171009738,56.3120318580186,282.04941672697896,0.06559474766254425,0.9615384615384616,0.96875,0.975,0.9671794871794872,1.6594081518704636e-05,1.0,1.0,1.0,medium
test,0,3,107,32,0.5307880379841663,56.84332608402474,282.5807109409943,0.24569204449653625,0.90625,0.90625,0.907843137254902,0.906158357771261,1.6582914572864325e-05,1.0,1.0,1.0,medium
test,0,3,108,32,0.5301264649897348,57.373983832017984,283.11136868197354,0.27870017290115356,0.90625,0.90625,0.9210526315789473,0.9054187192118226,1.657174762702401e-05,1.0,1.0,1.0,medium
test,0,3,109,32,0.5306926970079076,57.905197598011,283.6425824619946,0.05186915770173073,0.9642857142857143,0.96875,0.9736842105263157,0.967967967967968,1.6560580681183697e-05,1.0,1.0,1.0,medium
test,0,3,110,32,0.5307232410123106,58.43645741202636,284.17384229198797,0.2820092439651489,0.8614718614718615,0.875,0.8614718614718615,0.8614718614718615,1.6549413735343386e-05,1.0,1.0,1.0,medium
test,0,3,111,32,0.5306331890169531,58.96760150400223,284.70498637098353,0.22404544055461884,0.9444444444444444,0.9375,0.9375,0.9372549019607843,1.6538246789503072e-05,1.0,1.0,1.0,medium
test,0,3,112,32,0.5296333860023879,59.49775375201716,285.23513862799155,0.2981654405593872,0.84375,0.84375,0.8450980392156863,0.8435972629521017,1.6527079843662758e-05,1.0,1.0,1.0,medium
test,0,3,113,32,0.5313188990112394,60.02960888700909,285.7669938019826,0.10279419273138046,0.9642857142857143,0.96875,0.9736842105263157,0.967967967967968,1.6515912897822447e-05,1.0,1.0,1.0,medium
test,0,3,114,32,0.5307001949986443,60.56093054500525,286.2983153949899,0.2193928360939026,0.9285714285714286,0.90625,0.8928571428571428,0.9015384615384616,1.6504745951982136e-05,1.0,1.0,1.0,medium
test,0,3,115,32,0.5294752669869922,61.09090407600161,286.82828894999693,0.25325503945350647,0.9444444444444444,0.9375,0.9375,0.9372549019607843,1.6493579006141822e-05,1.0,1.0,1.0,medium
test,0,3,116,32,0.5309758820221759,61.622394819016336,287.35977968698717,0.1629536747932434,0.9352226720647774,0.9375,0.9352226720647774,0.9352226720647774,1.6482412060301508e-05,1.0,1.0,1.0,medium
test,0,3,117,32,0.5301098859927151,62.15300426201429,287.89038912198157,0.20909763872623444,0.9761904761904762,0.96875,0.9583333333333333,0.9660657476139979,1.6471245114461197e-05,1.0,1.0,1.0,medium
test,0,3,118,32,0.5293981779832393,62.68291387002682,288.4202987399767,0.2627331018447876,0.90625,0.90625,0.9210526315789473,0.9054187192118226,1.6460078168620883e-05,1.0,1.0,1.0,medium
test,0,3,119,32,0.5302390909928363,63.21371839201311,288.9511032839946,0.297470360994339,0.925,0.90625,0.9,0.9039039039039038,1.644891122278057e-05,1.0,1.0,1.0,medium
test,0,3,120,32,0.5307775990222581,63.74503644701326,289.48242139199283,0.18385836482048035,0.907843137254902,0.90625,0.90625,0.906158357771261,1.643774427694026e-05,1.0,1.0,1.0,medium
test,0,3,121,32,0.5301724039891269,64.2757595530129,290.0131444110011,0.34102874994277954,0.9166666666666667,0.90625,0.9117647058823529,0.906158357771261,1.6426577331099948e-05,1.0,1.0,1.0,medium
test,0,3,122,32,0.5301002649939619,64.8063986050256,290.5437834649929,0.23649218678474426,0.9372549019607843,0.9375,0.9372549019607843,0.9372549019607843,1.6415410385259634e-05,1.0,1.0,1.0,medium
test,0,3,123,32,0.5310767790069804,65.33802821402787,291.0754130919813,0.2967727482318878,0.9333333333333333,0.9375,0.9473684210526316,0.9365079365079365,1.640424343941932e-05,1.0,1.0,1.0,medium
test,0,3,124,32,0.529853070009267,65.86841505902703,291.60579990199767,0.08565489947795868,0.9772727272727273,0.96875,0.9545454545454546,0.964562569213732,1.639307649357901e-05,1.0,1.0,1.0,medium
test,0,3,125,32,0.5301736940164119,66.39908039901638,292.1364652499906,0.07001180946826935,0.9705882352941176,0.96875,0.96875,0.9687194525904204,1.6381909547738695e-05,1.0,1.0,1.0,medium
test,0,3,126,32,0.5301771539961919,66.9297945080034,292.66717941800016,0.27422383427619934,0.9583333333333333,0.9375,0.9,0.9227053140096618,1.637074260189838e-05,1.0,1.0,1.0,medium
test,0,3,127,32,0.5301273319928441,67.4605102330097,293.19789509798284,0.37650009989738464,0.8461538461538461,0.875,0.9130434782608696,0.8614718614718615,1.635957565605807e-05,1.0,1.0,1.0,medium
test,0,3,128,32,0.5299992410000414,67.99100601201644,293.7283908839745,0.1664697676897049,0.95,0.96875,0.9782608695652174,0.9625730994152046,1.6348408710217756e-05,1.0,1.0,1.0,medium
test,0,3,129,32,0.530962756020017,68.52251192502445,294.25989687698893,0.2311718463897705,0.9333333333333333,0.9375,0.9333333333333333,0.9333333333333333,1.6337241764377445e-05,1.0,1.0,1.0,medium
test,0,3,130,32,0.5306499820144381,69.05374879401643,294.79113364897785,0.1668103039264679,0.9372549019607843,0.9375,0.9372549019607843,0.9372549019607843,1.632607481853713e-05,1.0,1.0,1.0,medium
test,0,3,131,32,0.5296451309986878,69.58396443800302,295.32134929898893,0.1172906681895256,0.9705882352941176,0.96875,0.96875,0.9687194525904204,1.631490787269682e-05,1.0,1.0,1.0,medium
test,0,3,132,32,0.5306960140005685,70.11516565602506,295.8525505089783,0.16028571128845215,0.9069264069264069,0.90625,0.8916666666666666,0.8981972428419936,1.6303740926856506e-05,1.09375,1.0,2.0,medium|hard
test,0,3,133,32,0.5307336230180226,70.64641060400754,296.3837954689807,0.18401966989040375,0.975,0.96875,0.9615384615384616,0.9671794871794872,1.6292573981016192e-05,2.0,2.0,2.0,hard
test,0,3,134,32,0.5300097500148695,71.17693651202717,296.9143213649804,0.14035779237747192,0.8916666666666666,0.90625,0.9069264069264069,0.8981972428419936,1.628140703517588e-05,2.0,2.0,2.0,hard
test,0,3,135,32,0.5289191259944346,71.7063560890092,297.44374096699175,0.19679483771324158,0.9473684210526316,0.9375,0.9333333333333333,0.9365079365079365,1.6270240089335567e-05,2.0,2.0,2.0,hard
test,0,3,136,32,0.531240254000295,72.2380988470104,297.97548369897413,0.12796857953071594,0.9705882352941176,0.96875,0.96875,0.9687194525904204,1.6259073143495256e-05,2.0,2.0,2.0,hard
test,0,3,137,32,0.5300605590164196,72.7686444450228,298.50602933298796,0.23377051949501038,0.9365079365079365,0.9375,0.9365079365079365,0.9365079365079365,1.6247906197654942e-05,2.0,2.0,2.0,hard
test,0,3,138,32,0.5296937480161432,73.29890235501807,299.0362872219994,0.057983122766017914,1.0,1.0,1.0,1.0,1.623673925181463e-05,2.0,2.0,2.0,hard
test,0,3,139,32,0.5305817580083385,73.83001938500092,299.5674042539904,0.04757683351635933,1.0,1.0,1.0,1.0,1.6225572305974317e-05,2.0,2.0,2.0,hard
test,0,3,140,32,0.5305378829943947,74.36110213401844,300.098487027979,0.1363893747329712,0.9444444444444444,0.9375,0.9375,0.9372549019607843,1.6214405360134003e-05,2.0,2.0,2.0,hard
test,0,3,141,32,0.5301563719986007,74.89181610001833,300.629200965981,0.08184672892093658,0.9615384615384616,0.96875,0.975,0.9671794871794872,1.6203238414293693e-05,2.0,2.0,2.0,hard
test,0,3,142,32,0.531270126986783,75.42361565900501,301.1610005319817,0.12159737944602966,0.96875,0.96875,0.9705882352941176,0.9687194525904204,1.619207146845338e-05,2.0,2.0,2.0,hard
test,0,3,143,32,0.5309540729795117,75.95513670900255,301.69252164298086,0.021172089502215385,1.0,1.0,1.0,1.0,1.6180904522613064e-05,2.0,2.0,2.0,hard
test,0,3,144,32,0.5293549330090173,76.48503833200084,302.222423196974,0.4122093617916107,0.9089068825910931,0.90625,0.9007936507936507,0.9039039039039038,1.6169737576772754e-05,2.0,2.0,2.0,hard
test,0,3,145,32,0.5310221670079045,77.01659504501731,302.75397989997873,0.1690932810306549,0.9352226720647774,0.9375,0.9352226720647774,0.9352226720647774,1.6158570630932443e-05,2.0,2.0,2.0,hard
test,0,3,146,32,0.5308665829943493,77.54802715900587,303.28541202598717,0.4029451608657837,0.8666666666666667,0.875,0.9047619047619048,0.8704453441295547,1.614740368509213e-05,2.0,2.0,2.0,hard
test,0,3,147,32,0.5310436119907536,78.07957018801244,303.8169551019964,0.22509951889514923,0.8916666666666666,0.90625,0.9069264069264069,0.8981972428419936,1.6136236739251815e-05,2.0,2.0,2.0,hard
test,0,3,148,32,0.5309621230117045,78.61107281100703,304.34845773497364,0.17930257320404053,0.95,0.9375,0.9285714285714286,0.9352226720647774,1.6125069793411504e-05,2.0,2.0,2.0,hard
test,0,3,149,32,0.5311159809934907,79.1427294780151,304.8801143509918,0.21811272203922272,0.9,0.90625,0.925,0.9039039039039038,1.611390284757119e-05,2.0,2.0,2.0,hard
test,0,3,150,32,0.5306129110103939,79.67385973400087,305.41124457799015,0.17470981180667877,0.9272727272727272,0.9375,0.9272727272727272,0.9272727272727272,1.6102735901730876e-05,2.0,2.0,2.0,hard
test,0,3,151,32,0.529449455003487,80.20385096600512,305.9412358260015,0.11786900460720062,0.96875,0.96875,0.9705882352941176,0.9687194525904204,1.6091568955890565e-05,2.0,2.0,2.0,hard
test,0,3,152,32,0.531137457001023,80.73554006201448,306.4729249230004,0.35894882678985596,0.8705882352941177,0.875,0.8825910931174089,0.873015873015873,1.6080402010050254e-05,2.0,2.0,2.0,hard
test,0,3,153,32,0.530081181001151,81.26616279702284,307.0035476399935,0.1265002191066742,0.96875,0.96875,0.9705882352941176,0.9687194525904204,1.606923506420994e-05,2.0,2.0,2.0,hard
test,0,3,154,32,0.5301369309891015,81.79683699901216,307.53422184998635,0.2860119044780731,0.903921568627451,0.90625,0.9087301587301587,0.9054187192118226,1.6058068118369626e-05,2.0,2.0,2.0,hard
test,0,3,155,32,0.5304335129912943,82.32777872501174,308.06516359199304,0.021508198231458664,1.0,1.0,1.0,1.0,1.6046901172529315e-05,2.0,2.0,2.0,hard
test,0,3,156,32,0.530837234982755,82.85913736600196,308.5965222340019,0.24130377173423767,0.9166666666666667,0.90625,0.9117647058823529,0.906158357771261,1.6035734226689e-05,2.0,2.0,2.0,hard
test,0,3,157,32,0.5292812160041649,83.388918681012,309.12630355899455,0.11261779814958572,0.9722222222222222,0.96875,0.9666666666666667,0.9684729064039409,1.6024567280848687e-05,2.0,2.0,2.0,hard
test,0,3,158,32,0.5312282880186103,83.92062400601571,309.65800918097375,0.31202268600463867,0.8792270531400965,0.875,0.8398268398268398,0.8545454545454545,1.6013400335008376e-05,2.0,2.0,2.0,hard
test,0,3,159,32,0.530335946008563,84.45151079000789,310.188895675994,0.5064378976821899,0.85,0.8125,0.8333333333333333,0.8117647058823529,1.6002233389168065e-05,2.0,2.0,2.0,hard
test,0,3,160,32,0.5295975929766428,84.98162824002793,310.719013119,0.4618164598941803,0.8450980392156863,0.84375,0.84375,0.8435972629521017,1.599106644332775e-05,2.0,2.0,2.0,hard
test,0,3,161,32,0.5308874559996184,85.51302161900094,311.2504064809764,0.1505051702260971,0.96875,0.96875,0.9705882352941176,0.9687194525904204,1.5979899497487437e-05,2.0,2.0,2.0,hard
test,0,3,162,32,0.5299263829947449,86.04345633901539,311.7808411969745,0.35236403346061707,0.8809523809523809,0.875,0.875,0.8745098039215686,1.5968732551647127e-05,2.0,2.0,2.0,hard
test,0,3,163,32,0.5303951329842675,86.5743855140172,312.31177037997986,0.09751039743423462,0.9583333333333333,0.96875,0.9761904761904762,0.9660657476139979,1.5957565605806812e-05,2.0,2.0,2.0,hard
test,0,3,164,32,0.5304673240170814,87.1053646490036,312.8427495039941,0.47014889121055603,0.8125,0.8125,0.8333333333333333,0.8095238095238095,1.5946398659966498e-05,2.0,2.0,2.0,hard
test,0,3,165,32,0.5307864640199114,87.63662549899891,313.37401037098607,0.24753069877624512,0.9069264069264069,0.90625,0.8916666666666666,0.8981972428419936,1.5935231714126188e-05,2.0,2.0,2.0,hard
test,0,3,166,32,0.5305774949956685,88.16775642000721,313.9051413559937,0.036206215620040894,1.0,1.0,1.0,1.0,1.5924064768285877e-05,2.0,2.0,2.0,hard
test,0,3,167,32,0.5301261649874505,88.69839565802249,314.43578051097575,0.22111964225769043,0.9230769230769231,0.9375,0.9523809523809523,0.9333333333333333,1.5912897822445563e-05,2.0,2.0,2.0,hard
test,0,3,168,32,0.5308366399840452,89.22990446700715,314.9672893449897,0.21211427450180054,0.9473684210526316,0.9375,0.9333333333333333,0.9365079365079365,1.5901730876605252e-05,2.0,2.0,2.0,hard
test,0,3,169,32,0.5304826450010296,89.76091840901063,315.4983032809978,0.2162242829799652,0.9375,0.9375,0.9444444444444444,0.9372549019607843,1.5890563930764938e-05,2.0,2.0,2.0,hard
test,0,3,170,32,0.5303173510183115,90.29176772001665,316.0291529649985,0.16024208068847656,0.9615384615384616,0.96875,0.975,0.9671794871794872,1.5879396984924624e-05,2.0,2.0,2.0,hard
test,0,3,171,32,0.5304995559854433,90.82279681201908,316.5601817139832,0.10520581901073456,0.9583333333333333,0.96875,0.9761904761904762,0.9660657476139979,1.5868230039084313e-05,2.0,2.0,2.0,hard
test,0,3,172,32,0.5302135329984594,91.3535602230113,317.0909450709878,0.02558382973074913,1.0,1.0,1.0,1.0,1.5857063093244e-05,2.0,2.0,2.0,hard
test,0,3,173,32,0.5299503220012411,91.8840144360147,317.6213993289857,0.10906092077493668,0.9227053140096618,0.9375,0.9227053140096618,0.9227053140096618,1.5845896147403685e-05,2.0,2.0,2.0,hard
test,0,3,174,32,0.5311993839859497,92.4157775240019,318.1531623839983,0.06480150669813156,0.9705882352941176,0.96875,0.96875,0.9687194525904204,1.5834729201563374e-05,2.0,2.0,2.0,hard
test,0,3,175,32,0.5308039369992912,92.94706306801527,318.6844479389838,0.06606536358594894,0.9782608695652174,0.96875,0.95,0.9625730994152046,1.5823562255723063e-05,2.0,2.0,2.0,hard
test,0,3,176,32,0.5302278549934272,93.47783692702069,319.2152217979892,0.28385987877845764,0.9210526315789473,0.90625,0.90625,0.9054187192118226,1.581239530988275e-05,2.0,2.0,2.0,hard
test,0,3,177,32,0.5312956120178569,94.00962564401561,319.7470105109969,0.2623528838157654,0.8452380952380952,0.84375,0.8411764705882353,0.8423645320197044,1.5801228364042435e-05,2.0,2.0,2.0,hard
test,0,3,178,32,0.5302145770110656,94.54042196902446,320.2778068280022,0.03304312750697136,1.0,1.0,1.0,1.0,1.5790061418202124e-05,2.0,2.0,2.0,hard
test,0,3,179,32,0.5306284909893293,95.0715987860167,320.8089836949948,0.15952077507972717,0.975,0.96875,0.9615384615384616,0.9671794871794872,1.577889447236181e-05,2.0,2.0,2.0,hard
test,0,3,180,32,0.5309473639936186,95.60315762300161,321.3405424999946,0.05942828953266144,1.0,1.0,1.0,1.0,1.5767727526521496e-05,2.0,2.0,2.0,hard
test,0,3,181,32,0.5310441860056017,96.13478327300982,321.8721681899915,0.26099902391433716,0.8571428571428572,0.875,0.9090909090909092,0.8666666666666667,1.5756560580681185e-05,2.0,2.0,2.0,hard
test,0,3,182,32,0.5306372999912128,96.66598763200454,322.4033724920009,0.08231639117002487,0.96875,0.96875,0.9705882352941176,0.9687194525904204,1.5745393634840875e-05,2.0,2.0,2.0,hard
test,0,3,183,32,0.5297349089814816,97.19625902400003,322.9336439349863,0.14025680720806122,0.9210526315789473,0.90625,0.90625,0.9054187192118226,1.573422668900056e-05,2.0,2.0,2.0,hard
test,0,3,184,32,0.5306983240006957,97.72744118701667,323.4648260669783,0.13336297869682312,0.9666666666666667,0.96875,0.9722222222222222,0.9684729064039409,1.5723059743160246e-05,2.0,2.0,2.0,hard
test,0,3,185,32,0.5304149349976797,98.25837801402668,323.9957628919801,0.13812221586704254,0.9352226720647774,0.9375,0.9352226720647774,0.9352226720647774,1.5711892797319936e-05,2.0,2.0,2.0,hard
test,0,3,186,32,0.5301966510014609,98.78909456802648,324.52647943099146,0.1526283621788025,0.9352226720647774,0.9375,0.9352226720647774,0.9352226720647774,1.570072585147962e-05,2.0,2.0,2.0,hard
test,0,3,187,32,0.5308067449950613,99.3204761990055,325.0578610590019,0.3131861388683319,0.875,0.875,0.9,0.873015873015873,1.5689558905639307e-05,2.0,2.0,2.0,hard
test,0,3,188,32,0.5304029940161854,99.85146520400303,325.58885015698615,0.08636610209941864,0.9411764705882353,0.9375,0.9411764705882353,0.9375,1.5678391959798997e-05,2.0,2.0,2.0,hard
test,0,3,189,32,0.530417957023019,100.38244155302527,326.1198264709965,0.1538867950439453,0.9642857142857143,0.96875,0.9736842105263157,0.967967967967968,1.5667225013958686e-05,2.0,2.0,2.0,hard
test,0,3,190,32,0.5317247009952553,100.91464846400777,326.65203333599493,0.05491524189710617,1.0,1.0,1.0,1.0,1.5656058068118372e-05,2.0,2.0,2.0,hard
test,0,3,191,32,0.5305753580178134,101.44577626002138,327.18316112598404,0.2245570570230484,0.9444444444444444,0.9375,0.9375,0.9372549019607843,1.5644891122278058e-05,2.0,2.0,2.0,hard
test,0,3,192,32,0.5296186459891032,101.97598931702669,327.7133742039732,0.2642512917518616,0.903921568627451,0.90625,0.9087301587301587,0.9054187192118226,1.5633724176437747e-05,2.0,2.0,2.0,hard
test,0,3,193,32,0.5308451360033359,102.50738792400807,328.24477282798034,0.2632116377353668,0.9087301587301587,0.90625,0.903921568627451,0.9054187192118226,1.5622557230597433e-05,2.0,2.0,2.0,hard
test,0,3,194,32,0.5298084419919178,103.0377697830263,328.7751546469808,0.22851097583770752,0.9318181818181819,0.90625,0.8846153846153846,0.8981972428419936,1.561139028475712e-05,2.0,2.0,2.0,hard
test,0,3,195,32,0.5311782970093191,103.56948714601458,329.3068720099982,0.30636149644851685,0.90625,0.90625,0.907843137254902,0.906158357771261,1.5600223338916808e-05,2.0,2.0,2.0,hard
test,0,3,196,32,0.5310811749950517,104.10104708600556,329.8384319439938,0.09348110109567642,0.9666666666666667,0.96875,0.9722222222222222,0.9684729064039409,1.5589056393076494e-05,2.0,2.0,2.0,hard
test,0,3,197,32,0.5312792310141958,104.6327439310262,330.3701287889853,0.24311885237693787,0.9411764705882353,0.9375,0.9411764705882353,0.9375,1.5577889447236183e-05,2.0,2.0,2.0,hard
test,0,3,198,32,0.5301750580256339,105.16337370802648,330.9007585619984,0.24798786640167236,0.9523809523809523,0.9375,0.9230769230769231,0.9333333333333333,1.556672250139587e-05,2.0,2.0,2.0,hard
test,0,3,199,8,0.18674274100339971,105.35051523701986,331.087900101993,0.12858280539512634,1.0,1.0,1.0,1.0,1.555555555555556e-05,2.0,2.0,2.0,hard
test,0,4,1,32,0.5338671570061706,0.6177987319824751,339.5644962039951,0.013584094122052193,1.0,1.0,1.0,1.0,1.5544388609715244e-05,0.0,0.0,0.0,easy
test,0,4,2,32,0.5305821869987994,1.1490475579921622,340.0957450059941,0.1488187611103058,0.975,0.96875,0.9615384615384616,0.9671794871794872,1.553322166387493e-05,0.0,0.0,0.0,easy
test,0,4,3,32,0.5299356899922714,1.6794949889881536,340.6261924299761,0.1652204841375351,0.9772727272727273,0.96875,0.9545454545454546,0.964562569213732,1.552205471803462e-05,0.0,0.0,0.0,easy
test,0,4,4,32,0.5304969459830318,2.2105546389939263,341.1572521069902,0.14847850799560547,0.9444444444444444,0.9375,0.9375,0.9372549019607843,1.5510887772194305e-05,0.0,0.0,0.0,easy
test,0,4,5,32,0.5306615229928866,2.7417351579933893,341.6884326279978,0.08137807995080948,0.96875,0.96875,0.9705882352941176,0.9687194525904204,1.5499720826353995e-05,0.0,0.0,0.0,easy
test,0,4,6,32,0.5295351380191278,3.2718516390013974,342.2185491079872,0.22875255346298218,0.8967611336032388,0.90625,0.9083333333333333,0.9015384615384616,1.548855388051368e-05,0.0,0.0,0.0,easy
test,0,4,7,32,0.5307558109925594,3.8030904839979485,342.749787963985,0.0409269779920578,1.0,1.0,1.0,1.0,1.547738693467337e-05,0.0,0.0,0.0,easy
test,0,4,8,32,0.5301310179929715,4.333865691995015,343.28056315900176,0.045377783477306366,0.9722222222222222,0.96875,0.9666666666666667,0.9684729064039409,1.5466219988833056e-05,0.0,0.0,0.0,easy
test,0,4,9,32,0.529429143993184,4.863839822006412,343.8105372709979,0.037369418889284134,1.0,1.0,1.0,1.0,1.545505304299274e-05,0.0,0.0,0.0,easy
test,0,4,10,32,0.5308195590041578,5.395210110000335,344.34190758198383,0.2621753513813019,0.9444444444444444,0.9375,0.9375,0.9372549019607843,1.544388609715243e-05,0.0,0.0,0.0,easy
test,0,4,11,32,0.5302841070224531,5.92610943998443,344.87280693199136,0.0595441535115242,0.9642857142857143,0.96875,0.9736842105263157,0.967967967967968,1.5432719151312117e-05,0.0,0.0,0.0,easy
test,0,4,12,32,0.5301084509992506,6.45666543598054,345.40336306899553,0.020628806203603745,1.0,1.0,1.0,1.0,1.5421552205471802e-05,0.0,0.0,0.0,easy
test,0,4,13,32,0.5324829000164755,6.9896517820016015,345.9363492989796,0.23530897498130798,0.9090909090909092,0.9375,0.9565217391304348,0.9272727272727272,1.5410385259631492e-05,0.0,0.0,0.0,easy
test,0,4,14,32,0.5308645470067859,7.521248150005704,346.4679456349986,0.126729816198349,0.9772727272727273,0.96875,0.9545454545454546,0.964562569213732,1.539921831379118e-05,0.0,0.0,0.0,easy
test,0,4,15,32,0.5301326659973711,8.05220805798308,346.99890569399577,0.1201079785823822,0.9615384615384616,0.96875,0.975,0.9671794871794872,1.5388051367950867e-05,0.0,0.0,0.0,easy
test,0,4,16,32,0.5287900870025624,8.581570866983384,347.5282684029953,0.0850318968296051,0.975,0.96875,0.9615384615384616,0.9671794871794872,1.5376884422110553e-05,0.0,0.0,0.0,easy
test,0,4,17,32,0.5310065250087064,9.113070531981066,348.05976800699136,0.03387434408068657,1.0,1.0,1.0,1.0,1.5365717476270242e-05,0.0,0.0,0.0,easy
test,0,4,18,32,0.5295731289952528,9.643188030982856,348.5898855289852,0.1381828486919403,0.9365079365079365,0.9375,0.9365079365079365,0.9365079365079365,1.5354550530429928e-05,0.0,0.0,0.0,easy
test,0,4,19,32,0.529656580009032,10.173458183999173,349.12015574998804,0.15261192619800568,0.9473684210526316,0.9375,0.9333333333333333,0.9365079365079365,1.5343383584589614e-05,0.0,0.0,0.0,easy
test,0,4,20,32,0.5303591660049278,10.70434637798462,349.6510438929836,0.28174296021461487,0.9007936507936507,0.90625,0.9089068825910931,0.9039039039039038,1.5332216638749303e-05,0.0,0.0,0.0,easy
test,0,4,21,32,0.5303936089912895,11.235336813988397,350.18203425599495,0.08940449357032776,0.9722222222222222,0.96875,0.9666666666666667,0.9684729064039409,1.5321049692908992e-05,0.0,0.0,0.0,easy
test,0,4,22,32,0.5300138649763539,11.76587019499857,350.7125676639844,0.1146838515996933,0.9722222222222222,0.96875,0.9666666666666667,0.9684729064039409,1.5309882747068678e-05,0.0,0.0,0.0,easy
test,0,4,23,32,0.5308409759891219,12.29720172699308,351.2438991939998,0.03544279560446739,1.0,1.0,1.0,1.0,1.5298715801228364e-05,0.0,0.0,0.0,easy
test,0,4,24,32,0.5303864830057137,12.828177852003137,351.77487536199624,0.13140806555747986,0.9722222222222222,0.96875,0.9666666666666667,0.9684729064039409,1.5287548855388053e-05,0.0,0.0,0.0,easy
test,0,4,25,32,0.5296814839821309,13.358418082003482,352.3051155679859,0.23726101219654083,0.9411764705882353,0.9375,0.9411764705882353,0.9375,1.527638190954774e-05,0.0,0.0,0.0,easy
test,0,4,26,32,0.5307661489932798,13.88993612199556,352.83663393199095,0.2270618975162506,0.9375,0.9375,0.9375,0.9375,1.5265214963707425e-05,0.0,0.0,0.0,easy
test,0,4,27,32,0.5300061280140653,14.42046145000495,353.3671589149744,0.042477741837501526,1.0,1.0,1.0,1.0,1.5254048017867113e-05,0.0,0.0,0.0,easy
test,0,4,28,32,0.5297768599994015,14.95074455498252,353.8974421789753,0.14663970470428467,0.9772727272727273,0.96875,0.9545454545454546,0.964562569213732,1.5242881072026802e-05,0.0,0.0,0.0,easy
test,0,4,29,32,0.5294407560140826,15.480692037992412,354.4273895379738,0.06523057818412781,0.975,0.96875,0.9615384615384616,0.9671794871794872,1.523171412618649e-05,0.0,0.0,0.0,easy
test,0,4,30,32,0.5303568310046103,16.011596355005167,354.95829382399097,0.25619983673095703,0.875,0.875,0.8809523809523809,0.8745098039215686,1.5220547180346177e-05,0.0,0.0,0.0,easy
test,0,4,31,32,0.5301686560269445,16.542246061988408,355.4889435559744,0.04006984084844589,0.9705882352941176,0.96875,0.96875,0.9687194525904204,1.5209380234505865e-05,0.0,0.0,0.0,easy
test,0,4,32,32,0.5309862800058909,17.07377591598197,356.0204735629959,0.1891668736934662,0.8967611336032388,0.90625,0.9083333333333333,0.9015384615384616,1.519821328866555e-05,0.0,0.0,0.0,easy
test,0,4,33,32,0.5304055500018876,17.604736545006745,356.55143400799716,0.017671510577201843,1.0,1.0,1.0,1.0,1.5187046342825238e-05,0.0,0.0,0.0,easy
test,0,4,34,32,0.530510309006786,18.135829942999408,357.08252741998876,0.07855696976184845,0.96875,0.96875,0.9705882352941176,0.9687194525904204,1.5175879396984926e-05,0.0,0.0,0.0,easy
test,0,4,35,32,0.529902773007052,18.66627536699525,357.61297280999133,0.027486925944685936,1.0,1.0,1.0,1.0,1.5164712451144615e-05,0.0,0.0,0.0,easy
test,0,4,36,32,0.5306212069990579,19.19747285399353,358.14417034198414,0.015318470075726509,1.0,1.0,1.0,1.0,1.5153545505304301e-05,0.0,0.0,0.0,easy
test,0,4,37,32,0.5302603189775255,19.728270524006803,358.6749679859786,0.12933862209320068,0.9705882352941176,0.96875,0.96875,0.9687194525904204,1.5142378559463988e-05,0.0,0.0,0.0,easy
test,0,4,38,32,0.5291655780165456,20.25800671300385,359.2047041999758,0.012994032353162766,1.0,1.0,1.0,1.0,1.5131211613623676e-05,0.0,0.0,0.0,easy
test,0,4,39,32,0.5309893139929045,20.78953232098138,359.73622977998457,0.2421969175338745,0.9087301587301587,0.90625,0.903921568627451,0.9054187192118226,1.5120044667783362e-05,0.0,0.0,0.0,easy
test,0,4,40,32,0.5301810480013955,21.320240114990156,360.26693757099565,0.16225850582122803,0.9782608695652174,0.96875,0.95,0.9625730994152046,1.510887772194305e-05,0.0,0.0,0.0,easy
test,0,4,41,32,0.5300293909967877,21.8508165779931,360.7975140529743,0.28276926279067993,0.9230769230769231,0.9375,0.9523809523809523,0.9333333333333333,1.5097710776102737e-05,0.0,0.0,0.0,easy
test,0,4,42,32,0.5306938390131108,22.38208278498496,361.3287802669802,0.008868137374520302,1.0,1.0,1.0,1.0,1.5086543830262423e-05,0.0,0.0,0.0,easy
test,0,4,43,32,0.5303961260069627,22.91298936700332,361.85968683697865,0.006282314192503691,1.0,1.0,1.0,1.0,1.5075376884422112e-05,0.0,0.0,0.0,easy
test,0,4,44,32,0.5301565209811088,23.443622038001195,362.3903194939776,0.014495868235826492,1.0,1.0,1.0,1.0,1.50642099385818e-05,0.0,0.0,0.0,easy
test,0,4,45,32,0.5296440639940556,23.97377015298116,362.9204676109948,0.013448907062411308,1.0,1.0,1.0,1.0,1.5053042992741487e-05,0.0,0.0,0.0,easy
test,0,4,46,32,0.5301929989946075,24.504537295986665,363.4512348139833,0.006730238441377878,1.0,1.0,1.0,1.0,1.5041876046901173e-05,0.0,0.0,0.0,easy
test,0,4,47,32,0.5302854799956549,25.035369040997466,363.9820664879808,0.0944642499089241,0.9523809523809523,0.9375,0.9230769230769231,0.9333333333333333,1.503070910106086e-05,0.0,0.0,0.0,easy
test,0,4,48,32,0.5296618299908005,25.5656495509902,364.5123470489925,0.26150959730148315,0.9375,0.9375,0.9375,0.9375,1.5019542155220548e-05,0.0,0.0,0.0,easy
test,0,4,49,32,0.5303061959857587,26.096523034997517,365.04322049499024,0.005754230543971062,1.0,1.0,1.0,1.0,1.5008375209380234e-05,0.0,0.0,0.0,easy
test,0,4,50,32,0.5305023349937983,26.627605910995044,365.57430338699487,0.011121995747089386,1.0,1.0,1.0,1.0,1.4997208263539924e-05,0.0,0.0,0.0,easy
test,0,4,51,32,0.5292566159914713,27.157421215000795,366.1041186689981,0.031143108382821083,0.9642857142857143,0.96875,0.9736842105263157,0.967967967967968,1.4986041317699611e-05,0.0,0.0,0.0,easy
test,0,4,52,32,0.5304972519807052,27.688498383999104,366.6351958399755,0.11472106724977493,0.9705882352941176,0.96875,0.96875,0.9687194525904204,1.4974874371859299e-05,0.0,0.0,0.0,easy
test,0,4,53,32,0.529769014014164,28.21879797699512,367.1654954479891,0.3329714834690094,0.903921568627451,0.90625,0.9087301587301587,0.9054187192118226,1.4963707426018985e-05,0.0,0.0,0.0,easy
test,0,4,54,32,0.5306133789999876,28.74993798500509,367.6966354609758,0.4745512902736664,0.8967611336032388,0.90625,0.9083333333333333,0.9015384615384616,1.4952540480178672e-05,0.0,0.0,0.0,easy
test,0,4,55,32,0.5304824509948958,29.28098204100388,368.22767949299305,0.04332612454891205,0.9666666666666667,0.96875,0.9722222222222222,0.9684729064039409,1.494137353433836e-05,0.0,0.0,0.0,easy
test,0,4,56,32,0.5306585030048154,29.81219176299055,368.75888926698826,0.08137628436088562,0.9722222222222222,0.96875,0.9666666666666667,0.9684729064039409,1.4930206588498046e-05,0.0,0.0,0.0,easy
test,0,4,57,32,0.5297197759791743,30.342515324999113,369.28921280198847,0.1522035300731659,0.9642857142857143,0.96875,0.9736842105263157,0.967967967967968,1.4919039642657733e-05,0.0,0.0,0.0,easy
test,0,4,58,32,0.5296460879908409,30.872735037002712,369.81943249798496,0.18627125024795532,0.9722222222222222,0.96875,0.9666666666666667,0.9684729064039409,1.4907872696817422e-05,0.0,0.0,0.0,easy
test,0,4,59,32,0.5304514550080057,31.4037108309858,370.3504082959844,0.34611406922340393,0.9090909090909092,0.9375,0.9565217391304348,0.9272727272727272,1.489670575097711e-05,0.0,0.0,0.0,easy
test,0,4,60,32,0.5297557079757098,31.934063058986794,370.88076051999815,0.17817874252796173,0.9565217391304348,0.9375,0.9090909090909092,0.9272727272727272,1.4885538805136796e-05,0.0,0.0,0.0,easy
test,0,4,61,32,0.5295180229877587,32.464094403985655,371.4107918739901,0.0035484221298247576,1.0,1.0,1.0,1.0,1.4874371859296483e-05,0.0,0.0,0.0,easy
test,0,4,62,32,0.5300764920248184,32.99473912699614,371.9414366080018,0.1959245800971985,0.96875,0.96875,0.9705882352941176,0.9687194525904204,1.4863204913456171e-05,0.0,0.0,0.0,easy
test,0,4,63,32,0.5303185299853794,33.52556268099579,372.4722602419788,0.009852979332208633,1.0,1.0,1.0,1.0,1.4852037967615857e-05,0.0,0.0,0.0,easy
test,0,4,64,32,0.5294035350088961,34.05554782098625,373.00224526197417,0.2168213427066803,0.9307359307359306,0.9375,0.9307359307359306,0.9307359307359306,1.4840871021775545e-05,0.0,0.0,0.0,easy
test,0,4,65,32,0.5309303980029654,34.587001159990905,373.53369861497777,0.4591854214668274,0.8650793650793651,0.875,0.8833333333333333,0.8704453441295547,1.4829704075935234e-05,0.0,0.0,0.0,easy
test,0,4,66,32,0.530299885023851,35.117871889000526,374.06456935897586,0.19727301597595215,0.9444444444444444,0.9375,0.9375,0.9372549019607843,1.4818537130094921e-05,0.0625,0.0,1.0,easy|medium
test,0,4,67,32,0.5307055459998082,35.64908974399441,374.5957871909777,0.15354947745800018,0.9615384615384616,0.96875,0.975,0.9671794871794872,1.4807370184254607e-05,1.0,1.0,1.0,medium
test,0,4,68,32,0.530739383015316,36.18043372800457,375.1271312129975,0.22663632035255432,0.9372549019607843,0.9375,0.9372549019607843,0.9372549019607843,1.4796203238414295e-05,1.0,1.0,1.0,medium
test,0,4,69,32,0.5305167619953863,36.7115525380068,375.6582500450022,0.21413332223892212,0.9365079365079365,0.9375,0.9365079365079365,0.9365079365079365,1.4785036292573982e-05,1.0,1.0,1.0,medium
test,0,4,70,32,0.5306178830214776,37.242787060997216,376.18948451499455,0.3237079381942749,0.9615384615384616,0.9375,0.875,0.9085714285714286,1.477386934673367e-05,1.0,1.0,1.0,medium
test,0,4,71,32,0.5292860530025791,37.77257755197934,376.71927501499886,1.0891729593276978,0.71875,0.71875,0.7267206477732794,0.716256157635468,1.4762702400893356e-05,1.0,1.0,1.0,medium
test,0,4,72,32,0.5306155089929234,38.30378498497885,377.2504824359785,0.07731525599956512,0.975,0.96875,0.9615384615384616,0.9671794871794872,1.4751535455053043e-05,1.0,1.0,1.0,medium
test,0,4,73,32,0.530213966005249,38.83455112198135,377.7812485859904,0.029119208455085754,1.0,1.0,1.0,1.0,1.4740368509212733e-05,1.0,1.0,1.0,medium
test,0,4,74,32,0.5301759740104899,39.36530944699189,378.31200693399296,0.4243377149105072,0.8846153846153846,0.90625,0.9318181818181819,0.8981972428419936,1.472920156337242e-05,1.0,1.0,1.0,medium
test,0,4,75,32,0.5309128819790203,39.89671376798651,378.8434112529794,0.4219124913215637,0.8614718614718615,0.875,0.8614718614718615,0.8614718614718615,1.4718034617532106e-05,1.0,1.0,1.0,medium
test,0,4,76,32,0.5306830259796698,40.427925169991795,379.3746226450021,0.014647021889686584,1.0,1.0,1.0,1.0,1.4706867671691794e-05,1.0,1.0,1.0,medium
test,0,4,77,32,0.5300135749857873,40.95837769200443,379.90507518398226,0.19819435477256775,0.9473684210526316,0.9375,0.9333333333333333,0.9365079365079365,1.4695700725851481e-05,1.0,1.0,1.0,medium
test,0,4,78,32,0.5310719330154825,41.489970608992735,380.4366680959938,0.01629318669438362,1.0,1.0,1.0,1.0,1.4684533780011167e-05,1.0,1.0,1.0,medium
test,0,4,79,32,0.5307503269868903,42.021262233000016,380.96795971298707,0.06270245462656021,0.9736842105263157,0.96875,0.9642857142857143,0.967967967967968,1.4673366834170855e-05,1.0,1.0,1.0,medium
test,0,4,80,32,0.5293366219848394,42.551180053997086,381.49787752199336,0.12469621002674103,0.9307359307359306,0.9375,0.9307359307359306,0.9307359307359306,1.4662199888330544e-05,1.0,1.0,1.0,medium
test,0,4,81,32,0.5320084060076624,43.08381345999078,382.0305109350011,0.1677790880203247,0.9352226720647774,0.9375,0.9352226720647774,0.9352226720647774,1.4651032942490232e-05,1.0,1.0,1.0,medium
test,0,4,82,32,0.530745833995752,43.6151327569969,382.5618302479852,0.035303737968206406,1.0,1.0,1.0,1.0,1.4639865996649917e-05,1.0,1.0,1.0,medium
test,0,4,83,32,0.5305038600054104,44.146190290979575,383.09288778397604,0.12901437282562256,0.975,0.96875,0.9615384615384616,0.9671794871794872,1.4628699050809605e-05,1.0,1.0,1.0,medium
test,0,4,84,32,0.530878222984029,44.67769550799858,383.6243933009973,0.1861422061920166,0.9375,0.9375,0.9375,0.9375,1.4617532104969293e-05,1.0,1.0,1.0,medium
test,0,4,85,32,0.5307315769896377,45.20897278600023,384.15567026499775,0.20528721809387207,0.90625,0.90625,0.907843137254902,0.906158357771261,1.4606365159128979e-05,1.0,1.0,1.0,medium
test,0,4,86,32,0.5303277430066373,45.739771531982115,384.6864690200018,0.11022499948740005,0.9565217391304348,0.9375,0.9090909090909092,0.9272727272727272,1.4595198213288666e-05,1.0,1.0,1.0,medium
test,0,4,87,32,0.5291447089985013,46.269430743006524,385.2161281949957,0.36573681235313416,0.9372549019607843,0.9375,0.9372549019607843,0.9372549019607843,1.4584031267448354e-05,1.0,1.0,1.0,medium
test,0,4,88,32,0.5306168550159782,46.80061977999867,385.74731727299513,0.1371321678161621,0.9705882352941176,0.96875,0.96875,0.9687194525904204,1.4572864321608043e-05,1.0,1.0,1.0,medium
test,0,4,89,32,0.5300136469886638,47.3312216399936,386.2779191339796,0.015093672089278698,1.0,1.0,1.0,1.0,1.4561697375767729e-05,1.0,1.0,1.0,medium
test,0,4,90,32,0.5297644750098698,47.86156057298649,386.80825806598295,0.18382248282432556,0.9372549019607843,0.9375,0.9372549019607843,0.9372549019607843,1.4550530429927416e-05,1.0,1.0,1.0,medium
test,0,4,91,32,0.5309780290117487,48.3931125740055,387.3398100519844,0.09079352021217346,0.9736842105263157,0.96875,0.9642857142857143,0.967967967967968,1.4539363484087104e-05,1.0,1.0,1.0,medium
test,0,4,92,32,0.5310089020058513,48.92465520699625,387.8713526959764,0.05670064315199852,1.0,1.0,1.0,1.0,1.452819653824679e-05,1.0,1.0,1.0,medium
test,0,4,93,32,0.5301497539912816,49.45530773999053,388.4020052109845,0.22272053360939026,0.9411764705882353,0.9375,0.9411764705882353,0.9375,1.4517029592406477e-05,1.0,1.0,1.0,medium
test,0,4,94,32,0.5305219130241312,49.98636998797883,388.9330674749799,0.13795332610607147,0.9722222222222222,0.96875,0.9666666666666667,0.9684729064039409,1.4505862646566165e-05,1.0,1.0,1.0,medium
test,0,4,95,32,0.5306182210042607,50.517543761990964,389.4642412569956,0.11022548377513885,0.9444444444444444,0.9375,0.9375,0.9372549019607843,1.4494695700725854e-05,1.0,1.0,1.0,medium
test,0,4,96,32,0.5295120859809685,51.04759342398029,389.994290904986,0.3322589099407196,0.8745098039215686,0.875,0.8745098039215686,0.8745098039215686,1.448352875488554e-05,1.0,1.0,1.0,medium
test,0,4,97,32,0.5309892029908951,51.57915425099782,390.5258517419861,0.02455919235944748,1.0,1.0,1.0,1.0,1.4472361809045228e-05,1.0,1.0,1.0,medium
test,0,4,98,32,0.5303128300001845,52.11003416898893,391.0567316300003,0.00984087772667408,1.0,1.0,1.0,1.0,1.4461194863204915e-05,1.0,1.0,1.0,medium
test,0,4,99,32,0.5299688990053255,52.64049829999567,391.58719577098964,0.08202710747718811,0.9365079365079365,0.9375,0.9365079365079365,0.9365079365079365,1.4450027917364601e-05,1.0,1.0,1.0,medium
test,0,4,100,32,0.5301631700131111,53.171170115005225,392.1178675919946,0.012621557340025902,1.0,1.0,1.0,1.0,1.4438860971524289e-05,1.0,1.0,1.0,medium
test,0,4,101,32,0.5311557470122352,53.70285630598664,392.6495537699957,0.0830342024564743,0.9666666666666667,0.96875,0.9722222222222222,0.9684729064039409,1.4427694025683976e-05,1.0,1.0,1.0,medium
test,0,4,102,32,0.5302905729913618,54.233724296005676,393.18042175198207,0.24602223932743073,0.9375,0.9375,0.9444444444444444,0.9372549019607843,1.4416527079843662e-05,1.0,1.0,1.0,medium
test,0,4,103,32,0.5300298850052059,54.764269489998696,393.7109669469937,0.0076219141483306885,1.0,1.0,1.0,1.0,1.4405360134003351e-05,1.0,1.0,1.0,medium
test,0,4,104,32,0.5307967870030552,55.29557310999371,394.242270556977,0.05238064378499985,0.9736842105263157,0.96875,0.9642857142857143,0.967967967967968,1.4394193188163039e-05,1.0,1.0,1.0,medium
test,0,4,105,32,0.5301835949940141,55.82625553497928,394.77295299599064,0.13865727186203003,0.9444444444444444,0.9375,0.9375,0.9372549019607843,1.4383026242322727e-05,1.0,1.0,1.0,medium
test,0,4,106,32,0.5300905549956951,56.35699346099864,395.3036909569928,0.009420533664524555,1.0,1.0,1.0,1.0,1.4371859296482413e-05,1.0,1.0,1.0,medium
test,0,4,107,32,0.5304090069839731,56.887930603988934,395.83462808598415,0.1597232073545456,0.9722222222222222,0.96875,0.9666666666666667,0.9684729064039409,1.43606923506421e-05,1.0,1.0,1.0,medium
test,0,4,108,32,0.5306993059930392,57.41911816300126,396.36581560998457,0.31049078702926636,0.90625,0.90625,0.9210526315789473,0.9054187192118226,1.4349525404801788e-05,1.0,1.0,1.0,medium
test,0,4,109,32,0.5298626160074491,57.94952211898635,396.8962195919885,0.043922990560531616,0.9642857142857143,0.96875,0.9736842105263157,0.967967967967968,1.4338358458961474e-05,1.0,1.0,1.0,medium
test,0,4,110,32,0.5308490109746344,58.48087929599569,397.4275767689978,0.16221462190151215,0.9583333333333333,0.96875,0.9761904761904762,0.9660657476139979,1.4327191513121163e-05,1.0,1.0,1.0,medium
test,0,4,111,32,0.530176088999724,59.0115567779867,397.95825435000006,0.20816677808761597,0.9444444444444444,0.9375,0.9375,0.9372549019607843,1.431602456728085e-05,1.0,1.0,1.0,medium
test,0,4,112,32,0.5305118979886174,59.54262140399078,398.48931905598147,0.08680365979671478,0.96875,0.96875,0.9705882352941176,0.9687194525904204,1.4304857621440538e-05,1.0,1.0,1.0,medium
test,0,4,113,32,0.5310333450033795,60.07414697800414,399.0208444179734,0.2922658622264862,0.90625,0.90625,0.9210526315789473,0.9054187192118226,1.4293690675600226e-05,1.0,1.0,1.0,medium
test,0,4,114,32,0.5299292959971353,60.60464209798374,399.5513395529997,0.15289011597633362,0.9736842105263157,0.96875,0.9642857142857143,0.967967967967968,1.4282523729759911e-05,1.0,1.0,1.0,medium
test,0,4,115,32,0.5304006780206691,61.13561539599323,400.0823128769989,0.19985060393810272,0.9705882352941176,0.96875,0.96875,0.9687194525904204,1.4271356783919599e-05,1.0,1.0,1.0,medium
test,0,4,116,32,0.5297292319883127,61.66585668199696,400.61255415398045,0.007480170112103224,1.0,1.0,1.0,1.0,1.4260189838079287e-05,1.0,1.0,1.0,medium
test,0,4,117,32,0.5307146669947542,62.197078425990185,401.1437759109831,0.19609014689922333,0.9333333333333333,0.9375,0.9333333333333333,0.9333333333333333,1.4249022892238972e-05,1.0,1.0,1.0,medium
test,0,4,118,32,0.5300578640017193,62.72763935299008,401.67433682098635,0.07968895882368088,0.9642857142857143,0.96875,0.9736842105263157,0.967967967967968,1.4237855946398662e-05,1.0,1.0,1.0,medium
test,0,4,119,32,0.5303131509863306,63.25839762398391,402.2050951400015,0.019035011529922485,1.0,1.0,1.0,1.0,1.422668900055835e-05,1.0,1.0,1.0,medium
test,0,4,120,32,0.5304017390008084,63.789367706980556,402.73606524799834,0.13195402920246124,0.907843137254902,0.90625,0.90625,0.906158357771261,1.4215522054718037e-05,1.0,1.0,1.0,medium
test,0,4,121,32,0.5308303630154114,64.32076225199853,403.2674597299774,0.4719499349594116,0.9166666666666667,0.90625,0.9117647058823529,0.906158357771261,1.4204355108877723e-05,1.0,1.0,1.0,medium
test,0,4,122,32,0.5298737590201199,64.85114378199796,403.7978412709781,0.16637010872364044,0.9411764705882353,0.9375,0.9411764705882353,0.9375,1.419318816303741e-05,1.0,1.0,1.0,medium
test,0,4,123,32,0.531139736995101,65.3828269969963,404.3295244659821,0.359546959400177,0.9333333333333333,0.9375,0.9473684210526316,0.9365079365079365,1.4182021217197098e-05,1.0,1.0,1.0,medium
test,0,4,124,32,0.5308983969734982,65.91420835998724,404.86090583199984,0.16051682829856873,0.9565217391304348,0.9375,0.9090909090909092,0.9272727272727272,1.4170854271356784e-05,1.0,1.0,1.0,medium
test,0,4,125,32,0.5298875189910177,66.44467203097884,405.39136952598346,0.005969848483800888,1.0,1.0,1.0,1.0,1.4159687325516471e-05,1.0,1.0,1.0,medium
test,0,4,126,32,0.5308238480065484,66.97593986999709,405.9226376079896,0.295548677444458,0.9583333333333333,0.9375,0.9,0.9227053140096618,1.414852037967616e-05,1.0,1.0,1.0,medium
test,0,4,127,32,0.5305033999902662,67.50695153698325,406.4536490539904,0.19344119727611542,0.9090909090909092,0.9375,0.9565217391304348,0.9272727272727272,1.4137353433835848e-05,1.0,1.0,1.0,medium
test,0,4,128,32,0.5307460280018859,68.03819544499856,406.98489295199397,0.0159311406314373,1.0,1.0,1.0,1.0,1.4126186487995534e-05,1.0,1.0,1.0,medium
test,0,4,129,32,0.5309148189844564,68.56958358999691,407.51628108500154,0.20191515982151031,0.9615384615384616,0.96875,0.975,0.9671794871794872,1.4115019542155222e-05,1.0,1.0,1.0,medium
test,0,4,130,32,0.5306505490152631,69.10079138100264,408.04748885298613,0.07399743795394897,0.9372549019607843,0.9375,0.9372549019607843,0.9372549019607843,1.410385259631491e-05,1.0,1.0,1.0,medium
test,0,4,131,32,0.5303420769923832,69.63167055600206,408.5783680289751,0.039813052862882614,1.0,1.0,1.0,1.0,1.4092685650474595e-05,1.0,1.0,1.0,medium
test,0,4,132,32,0.529350151977269,70.16159088999848,409.1082883759809,0.011354587972164154,1.0,1.0,1.0,1.0,1.4081518704634283e-05,1.09375,1.0,2.0,medium|hard
test,0,4,133,32,0.5308195870020427,70.69290950600407,409.63960696797585,0.21035136282444,0.9352226720647774,0.9375,0.9352226720647774,0.9352226720647774,1.4070351758793972e-05,2.0,2.0,2.0,hard
test,0,4,134,32,0.5298679449770134,71.22330551600317,410.1700029859785,0.1270359754562378,0.9772727272727273,0.96875,0.9545454545454546,0.964562569213732,1.405918481295366e-05,2.0,2.0,2.0,hard
test,0,4,135,32,0.5302225129853468,71.75406046799617,410.70075794198783,0.16035297513008118,0.9473684210526316,0.9375,0.9333333333333333,0.9365079365079365,1.4048017867113345e-05,2.0,2.0,2.0,hard
test,0,4,136,32,0.5309052270022221,72.28545035800198,411.23214780999115,0.009541096165776253,1.0,1.0,1.0,1.0,1.4036850921273033e-05,2.0,2.0,2.0,hard
test,0,4,137,32,0.5311165460152552,72.81705407900154,411.76375168099185,0.23447492718696594,0.9089068825910931,0.90625,0.9007936507936507,0.9039039039039038,1.402568397543272e-05,2.0,2.0,2.0,hard
test,0,4,138,32,0.5299414320033975,73.34757587200147,412.29427334299544,0.05786999315023422,0.9772727272727273,0.96875,0.9545454545454546,0.964562569213732,1.4014517029592406e-05,2.0,2.0,2.0,hard
test,0,4,139,32,0.5313466560037341,73.87948952199076,412.8261870069837,0.05373576655983925,0.9615384615384616,0.96875,0.975,0.9671794871794872,1.4003350083752094e-05,2.0,2.0,2.0,hard
test,0,4,140,32,0.5307516939938068,74.41083763699862,413.35753510097857,0.012186896987259388,1.0,1.0,1.0,1.0,1.3992183137911782e-05,2.0,2.0,2.0,hard
test,0,4,141,32,0.5297474359977059,74.94110724699567,413.88780471798964,0.20938155055046082,0.9285714285714286,0.9375,0.95,0.9352226720647774,1.3981016192071471e-05,2.0,2.0,2.0,hard
test,0,4,142,32,0.5314174199884292,75.47311813899432,414.41981562797446,0.07004697620868683,0.9722222222222222,0.96875,0.9666666666666667,0.9684729064039409,1.3969849246231157e-05,2.0,2.0,2.0,hard
test,0,4,143,32,0.5306864170124754,76.00436301997979,414.95106050599134,0.007248041220009327,1.0,1.0,1.0,1.0,1.3958682300390844e-05,2.0,2.0,2.0,hard
test,0,4,144,32,0.5308250960079022,76.53573474299628,415.4824322409986,0.2766920030117035,0.95,0.9375,0.9285714285714286,0.9352226720647774,1.3947515354550532e-05,2.0,2.0,2.0,hard
test,0,4,145,32,0.5309608410170767,77.06723218399566,416.0139296569978,0.009658167138695717,1.0,1.0,1.0,1.0,1.3936348408710218e-05,2.0,2.0,2.0,hard
test,0,4,146,32,0.5316802829911467,77.59955885499949,416.5462563249748,0.19089221954345703,0.9583333333333333,0.96875,0.9761904761904762,0.9660657476139979,1.3925181462869905e-05,2.0,2.0,2.0,hard
test,0,4,147,32,0.530566422996344,78.13071363299969,417.0774111209903,0.20282097160816193,0.9307359307359306,0.9375,0.9307359307359306,0.9307359307359306,1.3914014517029593e-05,2.0,2.0,2.0,hard
test,0,4,148,32,0.5307403100014199,78.6620023669966,417.60869989698404,0.10386234521865845,0.9736842105263157,0.96875,0.9642857142857143,0.967967967967968,1.3902847571189282e-05,2.0,2.0,2.0,hard
test,0,4,149,32,0.531421018007677,79.19395348400576,418.14065097199637,0.2729380130767822,0.9,0.90625,0.925,0.9039039039039038,1.3891680625348968e-05,2.0,2.0,2.0,hard
test,0,4,150,32,0.5303589760151226,79.7247464619868,418.67144395498326,0.05855882167816162,0.9545454545454546,0.96875,0.9772727272727273,0.964562569213732,1.3880513679508656e-05,2.0,2.0,2.0,hard
test,0,4,151,32,0.5302788210101426,80.25555073699798,419.20224822699674,0.04074570909142494,0.96875,0.96875,0.9705882352941176,0.9687194525904204,1.3869346733668343e-05,2.0,2.0,2.0,hard
test,0,4,152,32,0.5314456050109584,80.78746902398416,419.73416651197476,0.23524999618530273,0.90625,0.90625,0.9210526315789473,0.9054187192118226,1.385817978782803e-05,2.0,2.0,2.0,hard
test,0,4,153,32,0.5301751460065134,81.31818735500565,420.264884824981,0.24410106241703033,0.9087301587301587,0.90625,0.903921568627451,0.9054187192118226,1.3847012841987717e-05,2.0,2.0,2.0,hard
test,0,4,154,32,0.5309577920124866,81.84970979500213,420.79640761198243,0.39749932289123535,0.903921568627451,0.90625,0.9087301587301587,0.9054187192118226,1.3835845896147404e-05,2.0,2.0,2.0,hard
test,0,4,155,32,0.5307364030159079,82.38090028599254,421.3275977629819,0.003972429782152176,1.0,1.0,1.0,1.0,1.3824678950307092e-05,2.0,2.0,2.0,hard
test,0,4,156,32,0.5308691340032965,82.91223377399729,421.8589312529948,0.05868470296263695,0.96875,0.96875,0.9705882352941176,0.9687194525904204,1.3813512004466781e-05,2.0,2.0,2.0,hard
test,0,4,157,32,0.5303750849852804,83.44320389200584,422.389901343995,0.028142143040895462,0.9722222222222222,0.96875,0.9666666666666667,0.9684729064039409,1.3802345058626467e-05,2.0,2.0,2.0,hard
test,0,4,158,32,0.531696349993581,83.9754538690031,422.922151309991,0.21760985255241394,0.9045454545454545,0.90625,0.8852813852813852,0.893687707641196,1.3791178112786155e-05,2.0,2.0,2.0,hard
test,0,4,159,32,0.5306620140036102,84.50666060700314,423.453358084982,0.18526484072208405,0.9117647058823529,0.90625,0.9166666666666667,0.906158357771261,1.3780011166945842e-05,2.0,2.0,2.0,hard
test,0,4,160,32,0.5299921410041861,85.03719609999098,423.98389357799897,0.3517667055130005,0.9375,0.9375,0.9375,0.9375,1.3768844221105528e-05,2.0,2.0,2.0,hard
test,0,4,161,32,0.5315233249857556,85.56933108298108,424.5160285339807,0.24214507639408112,0.9372549019607843,0.9375,0.9372549019607843,0.9372549019607843,1.3757677275265216e-05,2.0,2.0,2.0,hard
test,0,4,162,32,0.530984247016022,86.10088038098183,425.0475778549735,0.4442964792251587,0.907843137254902,0.90625,0.90625,0.906158357771261,1.3746510329424903e-05,2.0,2.0,2.0,hard
test,0,4,163,32,0.5309244499949273,86.632339667005,425.5790371109906,0.015012398362159729,1.0,1.0,1.0,1.0,1.3735343383584592e-05,2.0,2.0,2.0,hard
test,0,4,164,32,0.5310363919998053,87.16387107098126,426.11056853897753,0.2955121397972107,0.8319838056680162,0.84375,0.8416666666666667,0.8358974358974359,1.3724176437744278e-05,2.0,2.0,2.0,hard
test,0,4,165,32,0.5308504429995082,87.6952494480065,426.64194692097954,0.19195625185966492,0.9761904761904762,0.96875,0.9583333333333333,0.9660657476139979,1.3713009491903966e-05,2.0,2.0,2.0,hard
test,0,4,166,32,0.5306110749952495,88.22649219600135,427.17318963399157,0.004590580239892006,1.0,1.0,1.0,1.0,1.3701842546063653e-05,2.0,2.0,2.0,hard
test,0,4,167,32,0.5298914220184088,88.75687060598284,427.70356806297787,0.21924254298210144,0.9230769230769231,0.9375,0.9523809523809523,0.9333333333333333,1.369067560022334e-05,2.0,2.0,2.0,hard
test,0,4,168,32,0.5308845010004006,89.28828509399318,428.2349825689744,0.06983538717031479,0.9722222222222222,0.96875,0.9666666666666667,0.9684729064039409,1.3679508654383027e-05,2.0,2.0,2.0,hard
test,0,4,169,32,0.5303389319742564,89.81916296898271,428.76586053997744,0.14026042819023132,0.9666666666666667,0.96875,0.9722222222222222,0.9684729064039409,1.3668341708542715e-05,2.0,2.0,2.0,hard
test,0,4,170,32,0.530419880989939,90.35004678199766,429.29674422799144,0.14425429701805115,0.9333333333333333,0.9375,0.9333333333333333,0.9333333333333333,1.36571747627024e-05,2.0,2.0,2.0,hard
test,0,4,171,32,0.5305709720123559,90.88116588600678,429.8278633529844,0.024981044232845306,1.0,1.0,1.0,1.0,1.364600781686209e-05,2.0,2.0,2.0,hard
test,0,4,172,32,0.5308129029872362,91.41245338498265,430.3591509189864,0.005370554514229298,1.0,1.0,1.0,1.0,1.3634840871021777e-05,2.0,2.0,2.0,hard
test,0,4,173,32,0.5297416660177987,91.94276016199728,430.8894576059829,0.17287677526474,0.9090909090909092,0.9375,0.9565217391304348,0.9272727272727272,1.3623673925181465e-05,2.0,2.0,2.0,hard
test,0,4,174,32,0.5306746769929305,92.47395220998442,431.42064973298693,0.027418214827775955,1.0,1.0,1.0,1.0,1.361250697934115e-05,2.0,2.0,2.0,hard
test,0,4,175,32,0.5308617300179321,93.00537862500641,431.9520760969899,0.12990450859069824,0.9545454545454546,0.96875,0.9772727272727273,0.964562569213732,1.3601340033500838e-05,2.0,2.0,2.0,hard
test,0,4,176,32,0.5296323480142746,93.53555980400415,432.4822573089914,0.19924481213092804,0.9705882352941176,0.96875,0.96875,0.9687194525904204,1.3590173087660526e-05,2.0,2.0,2.0,hard
test,0,4,177,32,0.5313849230005872,94.06748700299067,433.01418478699634,0.09248504042625427,0.9722222222222222,0.96875,0.9666666666666667,0.9684729064039409,1.3579006141820212e-05,2.0,2.0,2.0,hard
test,0,4,178,32,0.530443974013906,94.5984709179902,433.54516841698205,0.00923881120979786,1.0,1.0,1.0,1.0,1.3567839195979901e-05,2.0,2.0,2.0,hard
test,0,4,179,32,0.5310149340075441,95.13001785697998,434.0767154049827,0.04269341379404068,1.0,1.0,1.0,1.0,1.3556672250139589e-05,2.0,2.0,2.0,hard
test,0,4,180,32,0.5313708650064655,95.66185911899083,434.6085565999965,0.010434812866151333,1.0,1.0,1.0,1.0,1.3545505304299276e-05,2.0,2.0,2.0,hard
test,0,4,181,32,0.531069741002284,96.19347110198578,435.1401685649762,0.16007959842681885,0.9545454545454546,0.96875,0.9772727272727273,0.964562569213732,1.3534338358458962e-05,2.0,2.0,2.0,hard
test,0,4,182,32,0.5303779219975695,96.72454458399443,435.67124206598965,0.2807064652442932,0.9166666666666667,0.90625,0.9117647058823529,0.906158357771261,1.352317141261865e-05,2.0,2.0,2.0,hard
test,0,4,183,32,0.5308277730073314,97.25588889900246,436.2025863949966,0.12354172766208649,0.9444444444444444,0.9375,0.9375,0.9372549019607843,1.3512004466778337e-05,2.0,2.0,2.0,hard
test,0,4,184,32,0.5309493910172023,97.78727461700328,436.7339723909972,0.09023983776569366,0.9666666666666667,0.96875,0.9722222222222222,0.9684729064039409,1.3500837520938023e-05,2.0,2.0,2.0,hard
test,0,4,185,32,0.5305191939987708,98.31838725300622,437.2650847649784,0.08632583916187286,0.975,0.96875,0.9615384615384616,0.9671794871794872,1.348967057509771e-05,2.0,2.0,2.0,hard
test,0,4,186,32,0.5302974150108639,98.84920979099115,437.7959072809899,0.027610616758465767,1.0,1.0,1.0,1.0,1.34785036292574e-05,2.0,2.0,2.0,hard
test,0,4,187,32,0.5310466360242572,99.38090902598924,438.327606471983,0.13753624260425568,0.9285714285714286,0.9375,0.95,0.9352226720647774,1.3467336683417087e-05,2.0,2.0,2.0,hard
test,0,4,188,32,0.5306253240269143,99.91208811898832,438.8587855939986,0.04367366060614586,0.9722222222222222,0.96875,0.9666666666666667,0.9684729064039409,1.3456169737576773e-05,2.0,2.0,2.0,hard
test,0,4,189,32,0.5310371439845767,100.44366289500613,439.3903604009829,0.03856658563017845,0.9642857142857143,0.96875,0.9736842105263157,0.967967967967968,1.3445002791736461e-05,2.0,2.0,2.0,hard
test,0,4,190,32,0.5307843219779897,100.97497631600709,439.9216737719835,0.11101538687944412,0.9,0.90625,0.925,0.9039039039039038,1.3433835845896149e-05,2.0,2.0,2.0,hard
test,0,4,191,32,0.5305384950188454,101.50609963800525,440.45279715099605,0.027266299352049828,1.0,1.0,1.0,1.0,1.3422668900055834e-05,2.0,2.0,2.0,hard
test,0,4,192,32,0.5302483529958408,102.03693731999374,440.9836348219833,0.3938291370868683,0.875,0.875,0.8809523809523809,0.8745098039215686,1.3411501954215522e-05,2.0,2.0,2.0,hard
test,0,4,193,32,0.5320429710263852,102.56950348199462,441.51620093997917,0.29051336646080017,0.90625,0.90625,0.907843137254902,0.906158357771261,1.3400335008375211e-05,2.0,2.0,2.0,hard
test,0,4,194,32,0.5305309320101514,103.1004860480025,442.04718358497485,0.2187385857105255,0.9352226720647774,0.9375,0.9352226720647774,0.9352226720647774,1.3389168062534899e-05,2.0,2.0,2.0,hard
test,0,4,195,32,0.5300283149990719,103.63101527298568,442.5777128239861,0.061939969658851624,0.96875,0.96875,0.9705882352941176,0.9687194525904204,1.3378001116694586e-05,2.0,2.0,2.0,hard
test,0,4,196,32,0.5316967949911486,104.1631656329846,443.10986310997396,0.008123626001179218,1.0,1.0,1.0,1.0,1.3366834170854272e-05,2.0,2.0,2.0,hard
test,0,4,197,32,0.5304933460138272,104.69411422600388,443.6408117089886,0.14688539505004883,0.96875,0.96875,0.9705882352941176,0.9687194525904204,1.335566722501396e-05,2.0,2.0,2.0,hard
test,0,4,198,32,0.5305827319971286,105.22519361099694,444.1718910819909,0.1896219402551651,0.975,0.96875,0.9615384615384616,0.9671794871794872,1.3344500279173647e-05,2.0,2.0,2.0,hard
test,0,4,199,8,0.18697738199261948,105.41264607399353,444.3593435359944,0.011514670215547085,1.0,1.0,1.0,1.0,1.3333333333333333e-05,2.0,2.0,2.0,hard
test,0,5,1,32,0.5325630699808244,0.6161730200110469,452.8283263990015,0.003920926712453365,1.0,1.0,1.0,1.0,1.3322166387493021e-05,0.0,0.0,0.0,easy
test,0,5,2,32,0.530207080009859,1.147167546005221,453.35931739298394,0.023918800055980682,1.0,1.0,1.0,1.0,1.331099944165271e-05,0.0,0.0,0.0,easy
test,0,5,3,32,0.5300973829871509,1.6778181800036691,453.8899679799797,0.1441659927368164,0.9772727272727273,0.96875,0.9545454545454546,0.964562569213732,1.3299832495812398e-05,0.0,0.0,0.0,easy
test,0,5,4,32,0.5306409159966279,2.2091015100013465,454.4212513229868,0.32603323459625244,0.9210526315789473,0.90625,0.90625,0.9054187192118226,1.3288665549972084e-05,0.0,0.0,0.0,easy
test,0,5,5,32,0.5303199669870082,2.740038440999342,454.95218823698815,0.07003305852413177,0.9722222222222222,0.96875,0.9666666666666667,0.9684729064039409,1.3277498604131771e-05,0.0,0.0,0.0,easy
test,0,5,6,32,0.5305593440134544,3.271195984998485,455.48334578599315,0.15435916185379028,0.9761904761904762,0.96875,0.9583333333333333,0.9660657476139979,1.3266331658291459e-05,0.0,0.0,0.0,easy
test,0,5,7,32,0.5302875869965646,3.8019333019910846,456.0140831079916,0.2838733196258545,0.9523809523809523,0.9375,0.9230769230769231,0.9333333333333333,1.3255164712451145e-05,0.0,0.0,0.0,easy
test,0,5,8,32,0.5301859960018191,4.33266513099079,456.5448149369913,0.018954118713736534,1.0,1.0,1.0,1.0,1.3243997766610832e-05,0.0,0.0,0.0,easy
test,0,5,9,32,0.5296820469957311,4.862885401991662,457.07503521998296,0.02001556009054184,1.0,1.0,1.0,1.0,1.3232830820770521e-05,0.0,0.0,0.0,easy
test,0,5,10,32,0.5305271770048421,5.39400033801212,457.6061501549848,0.18448416888713837,0.9444444444444444,0.9375,0.9375,0.9372549019607843,1.3221663874930209e-05,0.0,0.0,0.0,easy
test,0,5,11,32,0.5302574000088498,5.924828888004413,458.1369787000003,0.04268568381667137,0.975,0.96875,0.9615384615384616,0.9671794871794872,1.3210496929089895e-05,0.0,0.0,0.0,easy
test,0,5,12,32,0.5300051899976097,6.4553679510136135,458.66751777598984,0.0051053306087851524,1.0,1.0,1.0,1.0,1.3199329983249583e-05,0.0,0.0,0.0,easy
test,0,5,13,32,0.5300656360050198,6.985998873016797,459.19814900198253,0.0076426733285188675,1.0,1.0,1.0,1.0,1.318816303740927e-05,0.0,0.0,0.0,easy
test,0,5,14,32,0.5308268009976018,7.517311272997176,459.72946106098243,0.0691005140542984,0.9772727272727273,0.96875,0.9545454545454546,0.964562569213732,1.3176996091568956e-05,0.0,0.0,0.0,easy
test,0,5,15,32,0.5300612339924555,8.047844774991972,460.2599946039845,0.14849360287189484,0.9615384615384616,0.96875,0.975,0.9671794871794872,1.3165829145728644e-05,0.0,0.0,0.0,easy
test,0,5,16,32,0.5291620909993071,8.577616980997846,460.78976707998663,0.004577038809657097,1.0,1.0,1.0,1.0,1.3154662199888331e-05,0.0,0.0,0.0,easy
test,0,5,17,32,0.5307148289866745,9.10883189199376,461.3209816849849,0.13147279620170593,0.9375,0.9375,0.9444444444444444,0.9372549019607843,1.314349525404802e-05,0.0,0.0,0.0,easy
test,0,5,18,32,0.5300313250045292,9.639384415000677,461.8515342439932,0.13970327377319336,0.9666666666666667,0.96875,0.9722222222222222,0.9684729064039409,1.3132328308207706e-05,0.0,0.0,0.0,easy
test,0,5,19,32,0.5294815769884735,10.169400239014067,462.38155005298904,0.008790872059762478,1.0,1.0,1.0,1.0,1.3121161362367394e-05,0.0,0.0,0.0,easy
test,0,5,20,32,0.530578581005102,10.700495919998502,462.9126457219827,0.21766844391822815,0.9007936507936507,0.90625,0.9089068825910931,0.9039039039039038,1.3109994416527081e-05,0.0,0.0,0.0,easy
test,0,5,21,32,0.5305790150014218,11.231574233999709,463.44372403799207,0.04119199514389038,0.9722222222222222,0.96875,0.9666666666666667,0.9684729064039409,1.3098827470686767e-05,0.0,0.0,0.0,easy
test,0,5,22,32,0.5300432720105164,11.762202454992803,463.974352256977,0.09284832328557968,0.9722222222222222,0.96875,0.9666666666666667,0.9684729064039409,1.3087660524846455e-05,0.0,0.0,0.0,easy
test,0,5,23,32,0.5311765520018525,12.293920263007749,464.50607007197686,0.011994028463959694,1.0,1.0,1.0,1.0,1.3076493579006142e-05,0.0,0.0,0.0,easy
test,0,5,24,32,0.5301946969993878,12.824662339000497,465.0368121279753,0.11001510918140411,0.9722222222222222,0.96875,0.9666666666666667,0.9684729064039409,1.3065326633165832e-05,0.0,0.0,0.0,easy
test,0,5,25,32,0.530304417014122,13.35553597600665,465.5676857770013,0.0967487245798111,0.96875,0.96875,0.9705882352941176,0.9687194525904204,1.3054159687325518e-05,0.0,0.0,0.0,easy
test,0,5,26,32,0.5308798590267543,13.886853260017233,466.09900306898635,0.0142434760928154,1.0,1.0,1.0,1.0,1.3042992741485205e-05,0.0,0.0,0.0,easy
test,0,5,27,32,0.5305780549824703,14.417936923011439,466.63008672499564,0.007620828226208687,1.0,1.0,1.0,1.0,1.3031825795644893e-05,0.0,0.0,0.0,easy
test,0,5,28,32,0.5298675659869332,14.948357112007216,467.1605069099751,0.11629101634025574,0.9772727272727273,0.96875,0.9545454545454546,0.964562569213732,1.3020658849804579e-05,0.0,0.0,0.0,easy
test,0,5,29,32,0.5290116879914422,15.477905734995147,467.6900555299944,0.08002245426177979,0.9352226720647774,0.9375,0.9352226720647774,0.9352226720647774,1.3009491903964266e-05,0.0,0.0,0.0,easy
test,0,5,30,32,0.5300777629890945,16.008538877009414,468.22068868399947,0.1834879070520401,0.9666666666666667,0.96875,0.9722222222222222,0.9684729064039409,1.2998324958123954e-05,0.0,0.0,0.0,easy
test,0,5,31,32,0.5298262459982652,16.538871222001035,468.7510210269829,0.0022571173030883074,1.0,1.0,1.0,1.0,1.298715801228364e-05,0.0,0.0,0.0,easy
test,0,5,32,32,0.5297929310181644,17.06923851801548,469.2813883420022,0.28573501110076904,0.9545454545454546,0.9375,0.9166666666666667,0.9307359307359306,1.2975991066443329e-05,0.0,0.0,0.0,easy
test,0,5,33,32,0.5306689339922741,17.600403346994426,469.8125531899859,0.01311811339110136,1.0,1.0,1.0,1.0,1.2964824120603017e-05,0.0,0.0,0.0,easy
test,0,5,34,32,0.5306429009942804,18.131593449012144,470.34374323199154,0.01318269595503807,1.0,1.0,1.0,1.0,1.2953657174762704e-05,0.0,0.0,0.0,easy
test,0,5,35,32,0.5297753839986399,18.661832926009083,470.8739827669924,0.0031865849159657955,1.0,1.0,1.0,1.0,1.2942490228922392e-05,0.0,0.0,0.0,easy
test,0,5,36,32,0.5307582179957535,19.19318094200571,471.40533074497944,0.0032996416557580233,1.0,1.0,1.0,1.0,1.2931323283082078e-05,0.0,0.0,0.0,easy
test,0,5,37,32,0.5302264629863203,19.723884181992617,471.93603397900006,0.10788271576166153,0.9705882352941176,0.96875,0.96875,0.9687194525904204,1.2920156337241765e-05,0.0,0.0,0.0,easy
test,0,5,38,32,0.5296316129970364,20.254072319017723,472.466222122981,0.004997701849788427,1.0,1.0,1.0,1.0,1.2908989391401453e-05,0.0,0.0,0.0,easy
test,0,5,39,32,0.5315967460046522,20.78624186399975,472.9983916700003,0.0510660782456398,0.96875,0.96875,0.9705882352941176,0.9687194525904204,1.2897822445561142e-05,0.0,0.0,0.0,easy
test,0,5,40,32,0.5303745179844555,21.31721858601668,473.5293684239732,0.1346072107553482,0.9782608695652174,0.96875,0.95,0.9625730994152046,1.2886655499720828e-05,0.0,0.0,0.0,easy
test,0,5,41,32,0.5298570529848803,21.847648616007064,474.05979842398665,0.30340859293937683,0.9230769230769231,0.9375,0.9523809523809523,0.9333333333333333,1.2875488553880515e-05,0.0,0.0,0.0,easy
test,0,5,42,32,0.5306857590039726,22.378766765003093,474.59091657798854,0.0032839984633028507,1.0,1.0,1.0,1.0,1.2864321608040203e-05,0.0,0.0,0.0,easy
test,0,5,43,32,0.5308806039975025,22.910227078013122,475.1223768630007,0.003262351267039776,1.0,1.0,1.0,1.0,1.2853154662199889e-05,0.0,0.0,0.0,easy
test,0,5,44,32,0.530176672997186,23.44089070201153,475.6530405289959,0.006992814131081104,1.0,1.0,1.0,1.0,1.2841987716359576e-05,0.0,0.0,0.0,easy
test,0,5,45,32,0.5298749359790236,23.971292855014326,476.1834426659916,0.0031261590775102377,1.0,1.0,1.0,1.0,1.2830820770519264e-05,0.0,0.0,0.0,easy
test,0,5,46,32,0.5305016769852955,24.5022959469934,476.7144457359973,0.031983934342861176,0.9705882352941176,0.96875,0.96875,0.9687194525904204,1.281965382467895e-05,0.0,0.0,0.0,easy
test,0,5,47,32,0.5301266940077767,25.032871093018912,477.24502090297756,0.19239436089992523,0.9352226720647774,0.9375,0.9352226720647774,0.9352226720647774,1.280848687883864e-05,0.0,0.0,0.0,easy
test,0,5,48,32,0.5298028910183348,25.563267203018768,477.77541698198183,0.0819588303565979,0.9705882352941176,0.96875,0.96875,0.9687194525904204,1.2797319932998327e-05,0.0,0.0,0.0,easy
test,0,5,49,32,0.5298572939937003,26.093582596018678,478.3057323989924,0.0036568506620824337,1.0,1.0,1.0,1.0,1.2786152987158014e-05,0.0,0.0,0.0,easy
test,0,5,50,32,0.530188194999937,26.624322129995562,478.8364719300007,0.015210292302072048,1.0,1.0,1.0,1.0,1.27749860413177e-05,0.0,0.0,0.0,easy
test,0,5,51,32,0.5288774170039687,27.153662469994742,479.36581227497663,0.016797659918665886,1.0,1.0,1.0,1.0,1.2763819095477388e-05,0.0,0.0,0.0,easy
test,0,5,52,32,0.5308812230068725,27.68513751399587,479.89728733798256,0.1327410191297531,0.9705882352941176,0.96875,0.96875,0.9687194525904204,1.2752652149637075e-05,0.0,0.0,0.0,easy
test,0,5,53,32,0.5304376959975343,28.216032825002912,480.4281829519896,0.30219584703445435,0.9365079365079365,0.9375,0.9365079365079365,0.9365079365079365,1.2741485203796761e-05,0.0,0.0,0.0,easy
test,0,5,54,32,0.5303698389907368,28.747021323011722,480.95917113198084,0.17394278943538666,0.9761904761904762,0.96875,0.9583333333333333,0.9660657476139979,1.273031825795645e-05,0.0,0.0,0.0,easy
test,0,5,55,32,0.5307337270060088,29.278270425013034,481.4904202169855,0.0028809672221541405,1.0,1.0,1.0,1.0,1.2719151312116138e-05,0.0,0.0,0.0,easy
test,0,5,56,32,0.5302213770046365,29.809038881008746,482.0211886719917,0.07779408246278763,0.9722222222222222,0.96875,0.9666666666666667,0.9684729064039409,1.2707984366275826e-05,0.0,0.0,0.0,easy
test,0,5,57,32,0.5296797500050161,30.339192618994275,482.55134243599605,0.062133174389600754,0.9642857142857143,0.96875,0.9736842105263157,0.967967967967968,1.2696817420435512e-05,0.0,0.0,0.0,easy
test,0,5,58,32,0.5296605280018412,30.86941524001304,483.08156503297505,0.004235283005982637,1.0,1.0,1.0,1.0,1.2685650474595199e-05,0.0,0.0,0.0,easy
test,0,5,59,32,0.5304736149846576,31.400414892996196,483.6125646849978,0.16149674355983734,0.95,0.96875,0.9782608695652174,0.9625730994152046,1.2674483528754887e-05,0.0,0.0,0.0,easy
test,0,5,60,32,0.5300632350263186,31.931050404993584,484.14320019297884,0.1320047378540039,0.9565217391304348,0.9375,0.9090909090909092,0.9272727272727272,1.2663316582914573e-05,0.0,0.0,0.0,easy
test,0,5,61,32,0.5301320599974133,32.461782397003844,484.67393222497776,0.00929211638867855,1.0,1.0,1.0,1.0,1.265214963707426e-05,0.0,0.0,0.0,easy
test,0,5,62,32,0.5301454490108881,32.9924910760019,485.20464087999426,0.13855665922164917,0.96875,0.96875,0.9705882352941176,0.9687194525904204,1.264098269123395e-05,0.0,0.0,0.0,easy
test,0,5,63,32,0.530537969985744,33.523579027998494,485.73572880600113,0.016696812584996223,1.0,1.0,1.0,1.0,1.2629815745393637e-05,0.0,0.0,0.0,easy
test,0,5,64,32,0.5296540029812604,34.05367730301805,486.265827094001,0.16097185015678406,0.9772727272727273,0.96875,0.9545454545454546,0.964562569213732,1.2618648799553323e-05,0.0,0.0,0.0,easy
test,0,5,65,32,0.5306636320019607,34.584903670009226,486.7970534679771,0.33257168531417847,0.8967611336032388,0.90625,0.9083333333333333,0.9015384615384616,1.260748185371301e-05,0.0,0.0,0.0,easy
test,0,5,66,32,0.5301462630159222,35.115640292002354,487.32779017600114,0.023387320339679718,1.0,1.0,1.0,1.0,1.2596314907872698e-05,0.0625,0.0,1.0,easy|medium
test,0,5,67,32,0.5304217570228502,35.646679599012714,487.85882940999,0.031884290277957916,1.0,1.0,1.0,1.0,1.2585147962032384e-05,1.0,1.0,1.0,medium
test,0,5,68,32,0.5305652160022873,36.177723741013324,488.389873565,0.02478330209851265,1.0,1.0,1.0,1.0,1.2573981016192071e-05,1.0,1.0,1.0,medium
test,0,5,69,32,0.5308026499988046,36.7089685590181,488.92111836597905,0.19406364858150482,0.9375,0.9375,0.9444444444444444,0.9372549019607843,1.256281407035176e-05,1.0,1.0,1.0,medium
test,0,5,70,32,0.5304825690109283,37.240054538007826,489.4522043369943,0.1645219922065735,0.98,0.96875,0.9375,0.9564625850340136,1.2551647124511448e-05,1.0,1.0,1.0,medium
test,0,5,71,32,0.5294868020282593,37.77012757101329,489.9822773569904,0.6427750587463379,0.8196078431372549,0.8125,0.8299595141700404,0.8117647058823529,1.2540480178671134e-05,1.0,1.0,1.0,medium
test,0,5,72,32,0.530806515016593,38.301431700005196,490.51358167399303,0.11534653604030609,0.9642857142857143,0.96875,0.9736842105263157,0.967967967967968,1.2529313232830822e-05,1.0,1.0,1.0,medium
test,0,5,73,32,0.5298332539969124,38.831826205016114,491.04397601497476,0.011739494279026985,1.0,1.0,1.0,1.0,1.251814628699051e-05,1.0,1.0,1.0,medium
test,0,5,74,32,0.5300497249991167,39.36242449100246,491.5745743259904,0.2052236944437027,0.9545454545454546,0.96875,0.9772727272727273,0.964562569213732,1.2506979341150195e-05,1.0,1.0,1.0,medium
test,0,5,75,32,0.5306408110191114,39.89356950900401,492.1057193079905,0.21027371287345886,0.9230769230769231,0.9375,0.9523809523809523,0.9333333333333333,1.2495812395309883e-05,1.0,1.0,1.0,medium
test,0,5,76,32,0.5307063520012889,40.42474496801151,492.6368948209856,0.020373493432998657,1.0,1.0,1.0,1.0,1.248464544946957e-05,1.0,1.0,1.0,medium
test,0,5,77,32,0.5297752610058524,40.95514624300995,493.1672961199947,0.15082697570323944,0.9722222222222222,0.96875,0.9666666666666667,0.9684729064039409,1.247347850362926e-05,1.0,1.0,1.0,medium
test,0,5,78,32,0.530994667991763,41.48663656000281,493.69878636297653,0.01323309913277626,1.0,1.0,1.0,1.0,1.2462311557788947e-05,1.0,1.0,1.0,medium
test,0,5,79,32,0.5306871499924455,42.01782997100963,494.2299798039894,0.1168002262711525,0.9666666666666667,0.96875,0.9722222222222222,0.9684729064039409,1.2451144611948633e-05,1.0,1.0,1.0,medium
test,0,5,80,32,0.5299202440073714,42.54827567900065,494.7604256779887,0.026828838512301445,1.0,1.0,1.0,1.0,1.243997766610832e-05,1.0,1.0,1.0,medium
test,0,5,81,32,0.5311184159945697,43.07990147799137,495.29205127898604,0.24613799154758453,0.9523809523809523,0.9375,0.9230769230769231,0.9333333333333333,1.2428810720268008e-05,1.0,1.0,1.0,medium
test,0,5,82,32,0.5303661169891711,43.61084318801295,495.8229930039961,0.010302867740392685,1.0,1.0,1.0,1.0,1.2417643774427694e-05,1.0,1.0,1.0,medium
test,0,5,83,32,0.53047946098377,44.141891109000426,496.35404090199154,0.013272441923618317,1.0,1.0,1.0,1.0,1.2406476828587382e-05,1.0,1.0,1.0,medium
test,0,5,84,32,0.5311480330128688,44.67352551600197,496.88567540299846,0.007921976037323475,1.0,1.0,1.0,1.0,1.239530988274707e-05,1.0,1.0,1.0,medium
test,0,5,85,32,0.5310289410117548,45.205089549010154,497.4172393439803,0.049504660069942474,0.9722222222222222,0.96875,0.9666666666666667,0.9684729064039409,1.2384142936906759e-05,1.0,1.0,1.0,medium
test,0,5,86,32,0.5301208149758168,45.73571456200443,497.94786434900016,0.009518221020698547,1.0,1.0,1.0,1.0,1.2372975991066444e-05,1.0,1.0,1.0,medium
test,0,5,87,32,0.5299883510160726,46.2662595550064,498.47840935498243,0.35826024413108826,0.9372549019607843,0.9375,0.9372549019607843,0.9372549019607843,1.2361809045226132e-05,1.0,1.0,1.0,medium
test,0,5,88,32,0.530631875997642,46.79744851400028,499.00959832099034,0.06271815299987793,0.9705882352941176,0.96875,0.96875,0.9687194525904204,1.235064209938582e-05,1.0,1.0,1.0,medium
test,0,5,89,32,0.5296259259921499,47.32757364801364,499.5397234479897,0.007802055217325687,1.0,1.0,1.0,1.0,1.2339475153545505e-05,1.0,1.0,1.0,medium
test,0,5,90,32,0.5300791390181985,47.85825229299371,500.07040209599654,0.16508954763412476,0.96875,0.96875,0.9705882352941176,0.9687194525904204,1.2328308207705193e-05,1.0,1.0,1.0,medium
test,0,5,91,32,0.5308842230006121,48.389622195012635,500.60177225098596,0.006305316463112831,1.0,1.0,1.0,1.0,1.231714126186488e-05,1.0,1.0,1.0,medium
test,0,5,92,32,0.5309781770047266,48.92114694399061,501.1332967559865,0.007343825418502092,1.0,1.0,1.0,1.0,1.230597431602457e-05,1.0,1.0,1.0,medium
test,0,5,93,32,0.5302397240011487,49.45193338501849,501.6640833639831,0.013217709958553314,1.0,1.0,1.0,1.0,1.2294807370184256e-05,1.0,1.0,1.0,medium
test,0,5,94,32,0.5309133779956028,49.98340899500181,502.19555881698034,0.0842101201415062,0.9722222222222222,0.96875,0.9666666666666667,0.9684729064039409,1.2283640424343943e-05,1.0,1.0,1.0,medium
test,0,5,95,32,0.5308528679888695,50.51477807000629,502.7269278759777,0.07387299090623856,0.9705882352941176,0.96875,0.96875,0.9687194525904204,1.2272473478503631e-05,1.0,1.0,1.0,medium
test,0,5,96,32,0.5302639699948486,51.04555919000995,503.2577090449922,0.23920542001724243,0.96875,0.96875,0.9705882352941176,0.9687194525904204,1.2261306532663317e-05,1.0,1.0,1.0,medium
test,0,5,97,32,0.5312485760077834,51.577340977004496,503.78949081897736,0.003401670604944229,1.0,1.0,1.0,1.0,1.2250139586823004e-05,1.0,1.0,1.0,medium
test,0,5,98,32,0.530399170005694,52.1082042530179,504.3203540519753,0.0034926331136375666,1.0,1.0,1.0,1.0,1.2238972640982692e-05,1.0,1.0,1.0,medium
test,0,5,99,32,0.5304547499981709,52.63914270699024,504.85129251200124,0.0033738333731889725,1.0,1.0,1.0,1.0,1.2227805695142378e-05,1.0,1.0,1.0,medium
test,0,5,100,32,0.530564829998184,53.17020515000331,505.3823549449735,0.0035436665639281273,1.0,1.0,1.0,1.0,1.2216638749302067e-05,1.0,1.0,1.0,medium
test,0,5,101,32,0.5310153639875352,53.701807300996734,505.9139571179985,0.021168742328882217,1.0,1.0,1.0,1.0,1.2205471803461755e-05,1.0,1.0,1.0,medium
test,0,5,102,32,0.5300778940145392,54.23246214599931,506.44461193997995,0.15288470685482025,0.9666666666666667,0.96875,0.9722222222222222,0.9684729064039409,1.2194304857621442e-05,1.0,1.0,1.0,medium
test,0,5,103,32,0.5297448969795369,54.76278025499778,506.9749300580006,0.002788333222270012,1.0,1.0,1.0,1.0,1.2183137911781128e-05,1.0,1.0,1.0,medium
test,0,5,104,32,0.53115734399762,55.29455592299928,507.5067057249835,0.03619154542684555,0.9666666666666667,0.96875,0.9722222222222222,0.9684729064039409,1.2171970965940816e-05,1.0,1.0,1.0,medium
test,0,5,105,32,0.5298137879872229,55.82485661099781,508.03700644298806,0.14965274930000305,0.9375,0.9375,0.9375,0.9375,1.2160804020100503e-05,1.0,1.0,1.0,medium
test,0,5,106,32,0.5302931340120267,56.35574794901186,508.5678977310017,0.0021322874817997217,1.0,1.0,1.0,1.0,1.214963707426019e-05,1.0,1.0,1.0,medium
test,0,5,107,32,0.5308923339762259,56.88723592701717,509.09938572798274,0.05455362796783447,0.9722222222222222,0.96875,0.9666666666666667,0.9684729064039409,1.2138470128419878e-05,1.0,1.0,1.0,medium
test,0,5,108,32,0.5307294999947771,57.418406034994405,509.63055581698427,0.22821813821792603,0.9352226720647774,0.9375,0.9352226720647774,0.9352226720647774,1.2127303182579566e-05,1.0,1.0,1.0,medium
test,0,5,109,32,0.5303961190220434,57.94931401699432,510.16146380399005,0.003115138504654169,1.0,1.0,1.0,1.0,1.2116136236739254e-05,1.0,1.0,1.0,medium
test,0,5,110,32,0.5312852989882231,58.48108997501549,510.69323976998567,0.151163712143898,0.9772727272727273,0.96875,0.9545454545454546,0.964562569213732,1.210496929089894e-05,1.0,1.0,1.0,medium
test,0,5,111,32,0.5306761259853374,59.012380652013235,511.22453046098235,0.20134367048740387,0.9705882352941176,0.96875,0.96875,0.9687194525904204,1.2093802345058627e-05,1.0,1.0,1.0,medium
test,0,5,112,32,0.529920340020908,59.5427232249931,511.7548730149865,0.025937028229236603,1.0,1.0,1.0,1.0,1.2082635399218315e-05,1.0,1.0,1.0,medium
test,0,5,113,32,0.5310367820202373,60.07425988599425,512.2864097069832,0.003563282545655966,1.0,1.0,1.0,1.0,1.2071468453378e-05,1.0,1.0,1.0,medium
test,0,5,114,32,0.530097854003543,60.60489018500084,512.817039977992,0.14783737063407898,0.9736842105263157,0.96875,0.9642857142857143,0.967967967967968,1.2060301507537688e-05,1.0,1.0,1.0,medium
test,0,5,115,32,0.5303453750093468,61.135776615003124,513.3479264469934,0.14514920115470886,0.9705882352941176,0.96875,0.96875,0.9687194525904204,1.2049134561697377e-05,1.0,1.0,1.0,medium
test,0,5,116,32,0.5306955389969517,61.66703797900118,513.8791877959738,0.004632450640201569,1.0,1.0,1.0,1.0,1.2037967615857065e-05,1.0,1.0,1.0,medium
test,0,5,117,32,0.5311104739957955,62.198762654996244,514.4109124359966,0.19312144815921783,0.9615384615384616,0.96875,0.975,0.9671794871794872,1.2026800670016752e-05,1.0,1.0,1.0,medium
test,0,5,118,32,0.5298619139939547,62.72923260901007,514.9413824049989,0.0026177489198744297,1.0,1.0,1.0,1.0,1.2015633724176438e-05,1.0,1.0,1.0,medium
test,0,5,119,32,0.530063701007748,63.259898477990646,515.4720482769771,0.011697646230459213,1.0,1.0,1.0,1.0,1.2004466778336126e-05,1.0,1.0,1.0,medium
test,0,5,120,32,0.5306239170022309,63.79110389499692,516.0032536849903,0.14241866767406464,0.9705882352941176,0.96875,0.96875,0.9687194525904204,1.1993299832495814e-05,1.0,1.0,1.0,medium
test,0,5,121,32,0.5301845550129656,64.32187795400387,516.5340277659998,0.3180888891220093,0.9411764705882353,0.9375,0.9411764705882353,0.9375,1.19821328866555e-05,1.0,1.0,1.0,medium
test,0,5,122,32,0.5301232560013887,64.85255541399238,517.064705236,0.23505201935768127,0.9411764705882353,0.9375,0.9411764705882353,0.9375,1.1970965940815189e-05,1.0,1.0,1.0,medium
test,0,5,123,32,0.5306189309922047,65.3837202170107,517.5958700179763,0.20183055102825165,0.9642857142857143,0.96875,0.9736842105263157,0.967967967967968,1.1959798994974876e-05,1.0,1.0,1.0,medium
test,0,5,124,32,0.5307328120106831,65.9149316099938,518.1270814089803,0.03152080997824669,1.0,1.0,1.0,1.0,1.1948632049134564e-05,1.0,1.0,1.0,medium
test,0,5,125,32,0.5297850340139121,66.44525591601268,518.6574059199775,0.2346586138010025,0.9444444444444444,0.9375,0.9375,0.9372549019607843,1.193746510329425e-05,1.0,1.0,1.0,medium
test,0,5,126,32,0.5308302799821831,66.97669595800107,519.1888457619934,0.16783969104290009,0.9583333333333333,0.9375,0.9,0.9227053140096618,1.1926298157453937e-05,1.0,1.0,1.0,medium
test,0,5,127,32,0.5304955870087724,67.50763513299171,519.7197849619843,0.014555574394762516,1.0,1.0,1.0,1.0,1.1915131211613625e-05,1.0,1.0,1.0,medium
test,0,5,128,32,0.5306674369785469,68.0388078840042,520.2509576889861,0.01759585365653038,1.0,1.0,1.0,1.0,1.190396426577331e-05,1.0,1.0,1.0,medium
test,0,5,129,32,0.5309164109930862,68.57028196801548,520.7824318279745,0.008917931467294693,1.0,1.0,1.0,1.0,1.1892797319932998e-05,1.0,1.0,1.0,medium
test,0,5,130,32,0.5303001230058726,69.10113386501325,521.3132836809964,0.022623121738433838,1.0,1.0,1.0,1.0,1.1881630374092688e-05,1.0,1.0,1.0,medium
test,0,5,131,32,0.5303744479897432,69.63202790601645,521.8441777369881,0.015131880529224873,1.0,1.0,1.0,1.0,1.1870463428252375e-05,1.0,1.0,1.0,medium
test,0,5,132,32,0.5307909940020181,70.16336105301161,522.3755108529876,0.008611217141151428,1.0,1.0,1.0,1.0,1.1859296482412061e-05,1.09375,1.0,2.0,medium|hard
test,0,5,133,32,0.5310420430032536,70.69493134799995,522.9070811559795,0.09817159175872803,0.9523809523809523,0.9375,0.9230769230769231,0.9333333333333333,1.1848129536571749e-05,2.0,2.0,2.0,hard
test,0,5,134,32,0.5301566419948358,71.22565957601182,523.4378093830019,0.02744198963046074,1.0,1.0,1.0,1.0,1.1836962590731436e-05,2.0,2.0,2.0,hard
test,0,5,135,32,0.5301037760218605,71.75623061700026,523.968380419974,0.008539371192455292,1.0,1.0,1.0,1.0,1.1825795644891122e-05,2.0,2.0,2.0,hard
test,0,5,136,32,0.5311422120139468,72.28795089799678,524.5001006889797,0.006118627265095711,1.0,1.0,1.0,1.0,1.181462869905081e-05,2.0,2.0,2.0,hard
test,0,5,137,32,0.5305466779973358,72.8190951180004,525.0312449079938,0.1612529754638672,0.9736842105263157,0.96875,0.9642857142857143,0.967967967967968,1.1803461753210499e-05,2.0,2.0,2.0,hard
test,0,5,138,32,0.530416473018704,73.34995317700668,525.5621029799804,0.11971741169691086,0.9772727272727273,0.96875,0.9545454545454546,0.964562569213732,1.1792294807370186e-05,2.0,2.0,2.0,hard
test,0,5,139,32,0.5306754980119877,73.88121848000446,526.0933682829782,0.04048578068614006,0.9615384615384616,0.96875,0.975,0.9671794871794872,1.1781127861529872e-05,2.0,2.0,2.0,hard
test,0,5,140,32,0.5307855459977873,74.41250223401585,526.6246520339919,0.003945913165807724,1.0,1.0,1.0,1.0,1.176996091568956e-05,2.0,2.0,2.0,hard
test,0,5,141,32,0.5304475789889693,74.94352636401891,527.1556761669926,0.013613082468509674,1.0,1.0,1.0,1.0,1.1758793969849248e-05,2.0,2.0,2.0,hard
test,0,5,142,32,0.5316094199952204,75.47577206700225,527.6879218989925,0.0042786020785570145,1.0,1.0,1.0,1.0,1.1747627024008933e-05,2.0,2.0,2.0,hard
test,0,5,143,32,0.5311486370046623,76.00753236399032,528.2196821709804,0.0035760554019361734,1.0,1.0,1.0,1.0,1.1736460078168621e-05,2.0,2.0,2.0,hard
test,0,5,144,32,0.5298839310125913,76.5379362370004,528.7500860269938,0.2534557580947876,0.95,0.9375,0.9285714285714286,0.9352226720647774,1.1725293132328309e-05,2.0,2.0,2.0,hard
test,0,5,145,32,0.531178020988591,77.06966937301331,529.2818191939732,0.0199243426322937,1.0,1.0,1.0,1.0,1.1714126186487998e-05,2.0,2.0,2.0,hard
test,0,5,146,32,0.5313217020011507,77.60155123099685,529.8137010299833,0.006366468034684658,1.0,1.0,1.0,1.0,1.1702959240647684e-05,2.0,2.0,2.0,hard
test,0,5,147,32,0.5306794659991283,78.13278121699113,530.3449310139986,0.013696667738258839,1.0,1.0,1.0,1.0,1.1691792294807371e-05,2.0,2.0,2.0,hard
test,0,5,148,32,0.5312835719960276,78.66467666701647,530.8768264879764,0.08712256699800491,0.9736842105263157,0.96875,0.9642857142857143,0.967967967967968,1.1680625348967059e-05,2.0,2.0,2.0,hard
test,0,5,149,32,0.5305766730161849,79.19578749799985,531.4079373169807,0.13161017000675201,0.9615384615384616,0.96875,0.975,0.9671794871794872,1.1669458403126745e-05,2.0,2.0,2.0,hard
test,0,5,150,32,0.5302085590083152,79.72655841201777,531.9387082199974,0.16976746916770935,0.9545454545454546,0.96875,0.9772727272727273,0.964562569213732,1.1658291457286432e-05,2.0,2.0,2.0,hard
test,0,5,151,32,0.5293464880087413,80.25648575200466,532.468635548983,0.003151151817291975,1.0,1.0,1.0,1.0,1.164712451144612e-05,2.0,2.0,2.0,hard
test,0,5,152,32,0.5306992359983269,80.78773795999587,532.9998877519974,0.0043287272565066814,1.0,1.0,1.0,1.0,1.163595756560581e-05,2.0,2.0,2.0,hard
test,0,5,153,32,0.5299294719879981,81.31822645801003,533.530376248993,0.08838638663291931,0.96875,0.96875,0.9705882352941176,0.9687194525904204,1.1624790619765495e-05,2.0,2.0,2.0,hard
test,0,5,154,32,0.5303652349975891,81.8491675480036,534.0613175609906,0.1815601885318756,0.9736842105263157,0.96875,0.9642857142857143,0.967967967967968,1.1613623673925183e-05,2.0,2.0,2.0,hard
test,0,5,155,32,0.531043229973875,82.38078731999849,534.5929371239909,0.002125245053321123,1.0,1.0,1.0,1.0,1.160245672808487e-05,2.0,2.0,2.0,hard
test,0,5,156,32,0.5310289019835182,82.91238895599963,535.1245387629897,0.002230561338365078,1.0,1.0,1.0,1.0,1.1591289782244558e-05,2.0,2.0,2.0,hard
test,0,5,157,32,0.5301046990207396,83.4430658039928,535.6552156199759,0.0017840586369857192,1.0,1.0,1.0,1.0,1.1580122836404244e-05,2.0,2.0,2.0,hard
test,0,5,158,32,0.5312450669880491,83.97481522001908,536.18696502698,0.042142078280448914,0.9583333333333333,0.96875,0.9761904761904762,0.9660657476139979,1.1568955890563931e-05,2.0,2.0,2.0,hard
test,0,5,159,32,0.5307075380114838,84.50599990499904,536.7181497869897,0.03263015300035477,0.9666666666666667,0.96875,0.9722222222222222,0.9684729064039409,1.1557788944723619e-05,2.0,2.0,2.0,hard
test,0,5,160,32,0.5295878379838541,85.03615867299959,537.2483084790001,0.3241833746433258,0.907843137254902,0.90625,0.90625,0.906158357771261,1.1546621998883308e-05,2.0,2.0,2.0,hard
test,0,5,161,32,0.5312594159913715,85.56797307601664,537.7801228679891,0.0016223679995164275,1.0,1.0,1.0,1.0,1.1535455053042994e-05,2.0,2.0,2.0,hard
test,0,5,162,32,0.5306481260049623,86.09920457101543,538.3113543950021,0.3490035831928253,0.8809523809523809,0.875,0.875,0.8745098039215686,1.1524288107202682e-05,2.0,2.0,2.0,hard
test,0,5,163,32,0.5308943519776221,86.63065818001633,538.842807989975,0.010712174698710442,1.0,1.0,1.0,1.0,1.1513121161362369e-05,2.0,2.0,2.0,hard
test,0,5,164,32,0.5309359390230384,87.16205647599418,539.3742062699748,0.14728914201259613,0.9615384615384616,0.96875,0.975,0.9671794871794872,1.1501954215522055e-05,2.0,2.0,2.0,hard
test,0,5,165,32,0.5310208400187548,87.69363966101082,539.9057894529833,0.5072777271270752,0.9347826086956521,0.90625,0.875,0.893687707641196,1.1490787269681743e-05,2.0,2.0,2.0,hard
test,0,5,166,32,0.5306318910152186,88.22479819401633,540.4369479949819,0.17051160335540771,0.9642857142857143,0.96875,0.9736842105263157,0.967967967967968,1.147962032384143e-05,2.0,2.0,2.0,hard
test,0,5,167,32,0.5307754490058869,88.75617227499606,540.9683220829756,0.17427001893520355,0.9772727272727273,0.96875,0.9545454545454546,0.964562569213732,1.146845337800112e-05,2.0,2.0,2.0,hard
test,0,5,168,32,0.5314538120001089,89.2880959600152,541.5002457769879,0.005943266674876213,1.0,1.0,1.0,1.0,1.1457286432160805e-05,2.0,2.0,2.0,hard
test,0,5,169,32,0.5303078959987033,89.81894030200783,542.0310900869954,0.11652218550443649,0.9666666666666667,0.96875,0.9722222222222222,0.9684729064039409,1.1446119486320493e-05,2.0,2.0,2.0,hard
test,0,5,170,32,0.5304891410050914,90.34993586299242,542.562085691985,0.015482696704566479,1.0,1.0,1.0,1.0,1.143495254048018e-05,2.0,2.0,2.0,hard
test,0,5,171,32,0.5310053970024455,90.88141541101504,543.0935652139888,0.07764185965061188,0.9772727272727273,0.96875,0.9545454545454546,0.964562569213732,1.1423785594639866e-05,2.0,2.0,2.0,hard
test,0,5,172,32,0.5305900330131408,91.41248252501828,543.6246323129744,0.0014470804017037153,1.0,1.0,1.0,1.0,1.1412618648799554e-05,2.0,2.0,2.0,hard
test,0,5,173,32,0.530391063017305,91.94343419201323,544.1555841660011,0.023608269169926643,1.0,1.0,1.0,1.0,1.1401451702959241e-05,2.0,2.0,2.0,hard
test,0,5,174,32,0.5307474590081256,92.4747934390034,544.6869432489912,0.0027213389985263348,1.0,1.0,1.0,1.0,1.1390284757118927e-05,2.0,2.0,2.0,hard
test,0,5,175,32,0.5313322189904284,93.00674330501352,545.2188931019919,0.002412647707387805,1.0,1.0,1.0,1.0,1.1379117811278617e-05,2.0,2.0,2.0,hard
test,0,5,176,32,0.5302670890232548,93.53760506599792,545.7497548829997,0.18942587077617645,0.9705882352941176,0.96875,0.96875,0.9687194525904204,1.1367950865438304e-05,2.0,2.0,2.0,hard
test,0,5,177,32,0.5313760199933313,94.06944087299053,546.2815906899923,0.34222137928009033,0.9411764705882353,0.9375,0.9411764705882353,0.9375,1.1356783919597992e-05,2.0,2.0,2.0,hard
test,0,5,178,32,0.5307105389947537,94.60071049199905,546.8128603019868,0.010912515223026276,1.0,1.0,1.0,1.0,1.1345616973757678e-05,2.0,2.0,2.0,hard
test,0,5,179,32,0.5298246380116325,95.13103294800385,547.3431827539753,0.003963126800954342,1.0,1.0,1.0,1.0,1.1334450027917365e-05,2.0,2.0,2.0,hard
test,0,5,180,32,0.5313034959835932,95.66287743701832,547.8750272499747,0.004104366060346365,1.0,1.0,1.0,1.0,1.1323283082077053e-05,2.0,2.0,2.0,hard
test,0,5,181,32,0.5303059300058521,96.19375521299662,548.4059050020005,0.007400489412248135,1.0,1.0,1.0,1.0,1.1312116136236739e-05,2.0,2.0,2.0,hard
test,0,5,182,32,0.5306546280044131,96.72503913499531,548.937188928976,0.0032637803815305233,1.0,1.0,1.0,1.0,1.1300949190396428e-05,2.0,2.0,2.0,hard
test,0,5,183,32,0.5307305780006573,97.25630523700966,549.4684550359962,0.010983921587467194,1.0,1.0,1.0,1.0,1.1289782244556116e-05,2.0,2.0,2.0,hard
test,0,5,184,32,0.5308925249846652,97.78769790599472,549.9998478769849,0.011170145124197006,1.0,1.0,1.0,1.0,1.1278615298715803e-05,2.0,2.0,2.0,hard
test,0,5,185,32,0.5304667740128934,98.31862654801807,550.5307763459859,0.01088978536427021,1.0,1.0,1.0,1.0,1.1267448352875489e-05,2.0,2.0,2.0,hard
test,0,5,186,32,0.5297032149974257,98.84894214500673,551.0610919569735,0.3217387795448303,0.9007936507936507,0.90625,0.9089068825910931,0.9039039039039038,1.1256281407035177e-05,2.0,2.0,2.0,hard
test,0,5,187,32,0.531182214996079,99.38062598000397,551.5927757849859,0.008031920529901981,1.0,1.0,1.0,1.0,1.1245114461194864e-05,2.0,2.0,2.0,hard
test,0,5,188,32,0.5301444439974148,99.91140078101307,552.1235507359961,0.2710874676704407,0.9473684210526316,0.9375,0.9333333333333333,0.9365079365079365,1.123394751535455e-05,2.0,2.0,2.0,hard
test,0,5,189,32,0.5304174100165255,100.44230761600193,552.6544574189757,0.0036133546382188797,1.0,1.0,1.0,1.0,1.1222780569514238e-05,2.0,2.0,2.0,hard
test,0,5,190,32,0.5310696020023897,100.97392069600755,553.1860705329746,0.029006440192461014,1.0,1.0,1.0,1.0,1.1211613623673927e-05,2.0,2.0,2.0,hard
test,0,5,191,32,0.5307767030026298,101.50523641501786,553.7173862229974,0.0031194996554404497,1.0,1.0,1.0,1.0,1.1200446677833614e-05,2.0,2.0,2.0,hard
test,0,5,192,32,0.5299764510127716,102.03577501900145,554.2479248000018,0.2221662402153015,0.9666666666666667,0.96875,0.9722222222222222,0.9684729064039409,1.11892797319933e-05,2.0,2.0,2.0,hard
test,0,5,193,32,0.5315863479918335,102.56792509599472,554.7800748969894,0.12885122001171112,0.96875,0.96875,0.9705882352941176,0.9687194525904204,1.1178112786152988e-05,2.0,2.0,2.0,hard
test,0,5,194,32,0.5305411189910956,103.09904228200321,555.3111920800002,0.004815760068595409,1.0,1.0,1.0,1.0,1.1166945840312675e-05,2.0,2.0,2.0,hard
test,0,5,195,32,0.5302645759948064,103.62975079799071,555.8419006069889,0.004343826323747635,1.0,1.0,1.0,1.0,1.1155778894472361e-05,2.0,2.0,2.0,hard
test,0,5,196,32,0.531302998017054,104.16154325701063,556.373693062982,0.0030168313533067703,1.0,1.0,1.0,1.0,1.1144611948632049e-05,2.0,2.0,2.0,hard
test,0,5,197,32,0.5315759100194555,104.69354615200427,556.9056959929876,0.014239123091101646,1.0,1.0,1.0,1.0,1.1133445002791738e-05,2.0,2.0,2.0,hard
test,0,5,198,32,0.5304452640120871,105.22460490299272,557.4367546949943,0.1811501830816269,0.975,0.96875,0.9615384615384616,0.9671794871794872,1.1122278056951426e-05,2.0,2.0,2.0,hard
test,0,5,199,8,0.18722761399112642,105.41226342899608,557.6244133049913,0.0029427569825202227,1.0,1.0,1.0,1.0,1.1111111111111113e-05,2.0,2.0,2.0,hard
test,0,6,1,32,0.5340068829827942,0.6179012059874367,566.1120056369982,0.0036971550434827805,1.0,1.0,1.0,1.0,1.10999441652708e-05,0.0,0.0,0.0,easy
test,0,6,2,32,0.53109632601263,1.1497056579974014,566.643810100999,0.3347782790660858,0.9333333333333333,0.9375,0.9473684210526316,0.9365079365079365,1.1088777219430487e-05,0.0,0.0,0.0,easy
test,0,6,3,32,0.5325061230105348,1.6827209279872477,567.1768253609771,0.15321972966194153,0.9307359307359306,0.9375,0.9307359307359306,0.9307359307359306,1.1077610273590174e-05,0.0,0.0,0.0,easy
test,0,6,4,32,0.5319635909982026,2.2153212409757543,567.7094256679993,0.005040924064815044,1.0,1.0,1.0,1.0,1.106644332774986e-05,0.0,0.0,0.0,easy
test,0,6,5,32,0.531001091003418,2.7468753029825166,568.2409797239816,0.00353163480758667,1.0,1.0,1.0,1.0,1.1055276381909548e-05,0.0,0.0,0.0,easy
test,0,6,6,32,0.5323650899808854,3.2797276309865993,568.773832048988,0.142806276679039,0.9761904761904762,0.96875,0.9583333333333333,0.9660657476139979,1.1044109436069237e-05,0.0,0.0,0.0,easy
test,0,6,7,32,0.5315984049811959,3.8118690739793237,569.3059735449788,0.13425865769386292,0.975,0.96875,0.9615384615384616,0.9671794871794872,1.1032942490228925e-05,0.0,0.0,0.0,easy
test,0,6,8,32,0.5303301199746784,4.342746213980718,569.8368506869883,0.0037848309148103,1.0,1.0,1.0,1.0,1.102177554438861e-05,0.0,0.0,0.0,easy
test,0,6,9,32,0.5328474919951987,4.87613976598368,570.3702442159993,0.0049430010840296745,1.0,1.0,1.0,1.0,1.1010608598548298e-05,0.0,0.0,0.0,easy
test,0,6,10,32,0.5320780810143333,5.408854343986604,570.9029587769764,0.2586691677570343,0.9444444444444444,0.9375,0.9375,0.9372549019607843,1.0999441652707986e-05,0.0,0.0,0.0,easy
test,0,6,11,32,0.5312831279879902,5.940750346984714,571.4348547869886,0.0038307965733110905,1.0,1.0,1.0,1.0,1.0988274706867672e-05,0.0,0.0,0.0,easy
test,0,6,12,32,0.5323012999724597,6.473571482987609,571.9676759209833,0.021331148222088814,1.0,1.0,1.0,1.0,1.097710776102736e-05,0.0,0.0,0.0,easy
test,0,6,13,32,0.5316235499922186,7.005708301992854,572.4998127639992,0.003973689861595631,1.0,1.0,1.0,1.0,1.0965940815187048e-05,0.0,0.0,0.0,easy
test,0,6,14,32,0.531232432986144,7.537377504981123,573.0314819229825,0.1555323600769043,0.9772727272727273,0.96875,0.9545454545454546,0.964562569213732,1.0954773869346736e-05,0.0,0.0,0.0,easy
test,0,6,15,32,0.5324313129822258,8.07033641799353,573.5644408629742,0.028364375233650208,0.9615384615384616,0.96875,0.975,0.9671794871794872,1.0943606923506422e-05,0.0,0.0,0.0,easy
test,0,6,16,32,0.5312138400040567,8.602090752974618,574.0961953749938,0.00347133562900126,1.0,1.0,1.0,1.0,1.093243997766611e-05,0.0,0.0,0.0,easy
test,0,6,17,32,0.5316372509987559,9.134295733994804,574.6284001719905,0.16430917382240295,0.9736842105263157,0.96875,0.9642857142857143,0.967967967967968,1.0921273031825797e-05,0.0,0.0,0.0,easy
test,0,6,18,32,0.5324797219946049,9.667334526980994,575.161438946001,0.0039778947830200195,1.0,1.0,1.0,1.0,1.0910106085985483e-05,0.0,0.0,0.0,easy
test,0,6,19,32,0.5325556010066066,10.20039175299462,575.694496193988,0.004507170058786869,1.0,1.0,1.0,1.0,1.089893914014517e-05,0.0,0.0,0.0,easy
test,0,6,20,32,0.5316049839893822,10.732565652986523,576.226670079981,0.09207506477832794,0.9642857142857143,0.96875,0.9736842105263157,0.967967967967968,1.0887772194304858e-05,0.0,0.0,0.0,easy
test,0,6,21,32,0.531976752972696,11.265089901979081,576.7591946399771,0.00930478423833847,1.0,1.0,1.0,1.0,1.0876605248464547e-05,0.0,0.0,0.0,easy
test,0,6,22,32,0.5327584530168679,11.798398933984572,577.2925033779757,0.1682421714067459,0.9473684210526316,0.9375,0.9333333333333333,0.9365079365079365,1.0865438302624233e-05,0.0,0.0,0.0,easy
test,0,6,23,32,0.5313586249831133,12.3303463459888,577.824450791988,0.021069591864943504,1.0,1.0,1.0,1.0,1.085427135678392e-05,0.0,0.0,0.0,easy
test,0,6,24,32,0.5303767989971675,12.861302606994286,578.3554070489772,0.004121968988329172,1.0,1.0,1.0,1.0,1.0843104410943608e-05,0.0,0.0,0.0,easy
test,0,6,25,32,0.5320076619973406,13.39382239797851,578.8879268329765,0.2715193033218384,0.925,0.90625,0.9,0.9039039039039038,1.0831937465103294e-05,0.0,0.0,0.0,easy
test,0,6,26,32,0.5312978680012748,13.925722537998809,579.419826976984,0.08574269711971283,0.9705882352941176,0.96875,0.96875,0.9687194525904204,1.0820770519262982e-05,0.0,0.0,0.0,easy
test,0,6,27,32,0.5314557160018012,14.457720738981152,579.9518251519767,0.004097610712051392,1.0,1.0,1.0,1.0,1.080960357342267e-05,0.0,0.0,0.0,easy
test,0,6,28,32,0.5320550280157477,14.990348750987323,580.4844531939889,0.041319407522678375,0.9772727272727273,0.96875,0.9545454545454546,0.964562569213732,1.0798436627582355e-05,0.0,0.0,0.0,easy
test,0,6,29,32,0.5310859220044222,15.522012358997017,581.016116793995,0.0029323124326765537,1.0,1.0,1.0,1.0,1.0787269681742045e-05,0.0,0.0,0.0,easy
test,0,6,30,32,0.5313811819942202,16.053951693000272,581.5480564659811,0.1510566622018814,0.9666666666666667,0.96875,0.9722222222222222,0.9684729064039409,1.0776102735901732e-05,0.0,0.0,0.0,easy
test,0,6,31,32,0.5314932659966871,16.586019004986156,582.0801234289829,0.00240253284573555,1.0,1.0,1.0,1.0,1.076493579006142e-05,0.0,0.0,0.0,easy
test,0,6,32,32,0.5315463650040329,17.118113746983,582.6122181839892,0.3319944739341736,0.9333333333333333,0.9375,0.9333333333333333,0.9333333333333333,1.0753768844221106e-05,0.0,0.0,0.0,easy
test,0,6,33,32,0.5310576480114833,17.649763913999777,583.1438683349988,0.003291100263595581,1.0,1.0,1.0,1.0,1.0742601898380793e-05,0.0,0.0,0.0,easy
test,0,6,34,32,0.5319985380047001,18.18231551698409,583.6764199599857,0.003130397293716669,1.0,1.0,1.0,1.0,1.073143495254048e-05,0.0,0.0,0.0,easy
test,0,6,35,32,0.5317267409991473,18.714572882978246,584.2086773109913,0.04556432366371155,0.9736842105263157,0.96875,0.9642857142857143,0.967967967967968,1.0720268006700167e-05,0.0,0.0,0.0,easy
test,0,6,36,32,0.5312887499749195,19.24641638598405,584.7405208359996,0.005242574494332075,1.0,1.0,1.0,1.0,1.0709101060859856e-05,0.0,0.0,0.0,easy
test,0,6,37,32,0.5318947590130847,19.778915270988364,585.273019699991,0.00222195778042078,1.0,1.0,1.0,1.0,1.0697934115019543e-05,0.0,0.0,0.0,easy
test,0,6,38,32,0.5319518640171736,20.311312653997447,585.8054170989781,0.003266503568738699,1.0,1.0,1.0,1.0,1.0686767169179231e-05,0.0,0.0,0.0,easy
test,0,6,39,32,0.530594856973039,20.842497566976817,586.3366021899856,0.0664931982755661,0.9722222222222222,0.96875,0.9666666666666667,0.9684729064039409,1.0675600223338919e-05,0.0,0.0,0.0,easy
test,0,6,40,32,0.5327749360003509,21.375757256988436,586.8698616990005,0.13314419984817505,0.9545454545454546,0.96875,0.9772727272727273,0.964562569213732,1.0664433277498604e-05,0.0,0.0,0.0,easy
test,0,6,41,32,0.5315314139879774,21.907857549987966,587.4019619979954,0.20658725500106812,0.9230769230769231,0.9375,0.9523809523809523,0.9333333333333333,1.0653266331658292e-05,0.0,0.0,0.0,easy
test,0,6,42,32,0.5306114660052117,22.43902861099923,587.9331330629939,0.002079337602481246,1.0,1.0,1.0,1.0,1.064209938581798e-05,0.0,0.0,0.0,easy
test,0,6,43,32,0.5318247920076828,22.971403468982317,588.4655078689975,0.002311415271833539,1.0,1.0,1.0,1.0,1.0630932439977666e-05,0.0,0.0,0.0,easy
test,0,6,44,32,0.53161317599006,23.5035733889963,588.9976778209966,0.0022544320672750473,1.0,1.0,1.0,1.0,1.0619765494137355e-05,0.0,0.0,0.0,easy
test,0,6,45,32,0.5312018940167036,24.035357722983463,589.5294621310022,0.0020588526967912912,1.0,1.0,1.0,1.0,1.0608598548297042e-05,0.0,0.0,0.0,easy
test,0,6,46,32,0.5324816879874561,24.568419380986597,590.0625238179928,0.015784190967679024,1.0,1.0,1.0,1.0,1.059743160245673e-05,0.0,0.0,0.0,easy
test,0,6,47,32,0.5318770369922277,25.10083877199213,590.5949432019843,0.15330134332180023,0.975,0.96875,0.9615384615384616,0.9671794871794872,1.0586264656616416e-05,0.0,0.0,0.0,easy
test,0,6,48,32,0.5311763820063788,25.63257869897643,591.126683126,0.0017885754350572824,1.0,1.0,1.0,1.0,1.0575097710776103e-05,0.0,0.0,0.0,easy
test,0,6,49,32,0.5323518939840142,26.16546379297506,591.6595682280022,0.0017847162671387196,1.0,1.0,1.0,1.0,1.0563930764935791e-05,0.0,0.0,0.0,easy
test,0,6,50,32,0.5315717899939045,26.697592440003064,592.1916971129831,0.007131172344088554,1.0,1.0,1.0,1.0,1.0552763819095477e-05,0.0,0.0,0.0,easy
test,0,6,51,32,0.5304686889867298,27.228610759979347,592.7227151799889,0.0018257444025948644,1.0,1.0,1.0,1.0,1.0541596873255166e-05,0.0,0.0,0.0,easy
test,0,6,52,32,0.5316873640113045,27.760985664994223,593.2550901059876,0.005431603640317917,1.0,1.0,1.0,1.0,1.0530429927414854e-05,0.0,0.0,0.0,easy
test,0,6,53,32,0.532082541991258,28.293586071988102,593.7876904889999,0.19758696854114532,0.9666666666666667,0.96875,0.9722222222222222,0.9684729064039409,1.0519262981574541e-05,0.0,0.0,0.0,easy
test,0,6,54,32,0.5319916470034514,28.826081691979198,594.3201861580019,0.09505440294742584,0.9761904761904762,0.96875,0.9583333333333333,0.9660657476139979,1.0508096035734227e-05,0.0,0.0,0.0,easy
test,0,6,55,32,0.5319165859837085,29.35858032599208,594.8526847649773,0.00208837678655982,1.0,1.0,1.0,1.0,1.0496929089893915e-05,0.0,0.0,0.0,easy
test,0,6,56,32,0.5320033030002378,29.89116618799744,595.3852706739854,0.004514497704803944,1.0,1.0,1.0,1.0,1.0485762144053602e-05,0.0,0.0,0.0,easy
test,0,6,57,32,0.531320048001362,30.422990378981922,595.9170948089741,0.005574898794293404,1.0,1.0,1.0,1.0,1.0474595198213288e-05,0.0,0.0,0.0,easy
test,0,6,58,32,0.530242406995967,30.953746805986157,596.4478512589994,0.001570646301843226,1.0,1.0,1.0,1.0,1.0463428252372976e-05,0.0,0.0,0.0,easy
test,0,6,59,32,0.5324551160156261,31.486767041991698,596.980871473992,0.017913708463311195,1.0,1.0,1.0,1.0,1.0452261306532665e-05,0.0,0.0,0.0,easy
test,0,6,60,32,0.5317739390011411,32.01911736498005,597.513221784,0.03642306849360466,0.9583333333333333,0.96875,0.9761904761904762,0.9660657476139979,1.0441094360692353e-05,0.0,0.0,0.0,easy
test,0,6,61,32,0.5313618610089179,32.551016221987084,598.0451208119921,0.07636234909296036,0.9736842105263157,0.96875,0.9642857142857143,0.967967967967968,1.0429927414852038e-05,0.0,0.0,0.0,easy
test,0,6,62,32,0.531738308025524,33.08328913798323,598.5773935679754,0.0020616953261196613,1.0,1.0,1.0,1.0,1.0418760469011726e-05,0.0,0.0,0.0,easy
test,0,6,63,32,0.5314108559978195,33.61520424997434,599.1093086679757,0.10879768431186676,0.96875,0.96875,0.9705882352941176,0.9687194525904204,1.0407593523171414e-05,0.0,0.0,0.0,easy
test,0,6,64,32,0.5307004200003576,34.146359246980865,599.640463674994,0.1846536546945572,0.9772727272727273,0.96875,0.9545454545454546,0.964562569213732,1.03964265773311e-05,0.0,0.0,0.0,easy
test,0,6,65,32,0.5321216029988136,34.678967871994246,600.1730722689827,0.0013658279785886407,1.0,1.0,1.0,1.0,1.0385259631490787e-05,0.0,0.0,0.0,easy
test,0,6,66,32,0.5318579209852032,35.211359667999204,600.7054641099821,0.002048696856945753,1.0,1.0,1.0,1.0,1.0374092685650476e-05,0.0625,0.0,1.0,easy|medium
test,0,6,67,32,0.5311326489900239,35.743002395000076,601.2371068309876,0.002985855098813772,1.0,1.0,1.0,1.0,1.0362925739810164e-05,1.0,1.0,1.0,medium
test,0,6,68,32,0.5323168089962564,36.275917213992216,601.7700216209923,0.2242376208305359,0.9473684210526316,0.9375,0.9333333333333333,0.9365079365079365,1.035175879396985e-05,1.0,1.0,1.0,medium
test,0,6,69,32,0.531934494007146,36.808399262983585,602.3025036949839,0.24778419733047485,0.9375,0.9375,0.9444444444444444,0.9372549019607843,1.0340591848129537e-05,1.0,1.0,1.0,medium
test,0,6,70,32,0.5311180950084236,37.34004955398268,602.834154006996,0.18555346131324768,0.98,0.96875,0.9375,0.9564625850340136,1.0329424902289225e-05,1.0,1.0,1.0,medium
test,0,6,71,32,0.5320615019882098,37.8726378819847,603.3667422949802,0.7569193243980408,0.8611111111111112,0.84375,0.868421052631579,0.8435972629521017,1.0318257956448911e-05,1.0,1.0,1.0,medium
test,0,6,72,32,0.5315465810126625,38.404741888982244,603.8988463220012,0.04664667323231697,0.975,0.96875,0.9615384615384616,0.9671794871794872,1.0307091010608598e-05,1.0,1.0,1.0,medium
test,0,6,73,32,0.5312673820008058,38.93657615498523,604.4306806249951,0.0034729044418781996,1.0,1.0,1.0,1.0,1.0295924064768286e-05,1.0,1.0,1.0,medium
test,0,6,74,32,0.5326335309946444,39.46979599999031,604.9639004219789,0.28877517580986023,0.9166666666666667,0.9375,0.9545454545454546,0.9307359307359306,1.0284757118927975e-05,1.0,1.0,1.0,medium
test,0,6,75,32,0.5319740319973789,40.00224022299517,605.4963446379988,0.44084301590919495,0.9230769230769231,0.9375,0.9523809523809523,0.9333333333333333,1.0273590173087661e-05,1.0,1.0,1.0,medium
test,0,6,76,32,0.5307658569945488,40.533554125984665,606.0276585559768,0.0037339564878493547,1.0,1.0,1.0,1.0,1.0262423227247349e-05,1.0,1.0,1.0,medium
test,0,6,77,32,0.5330215060093906,41.067128494993085,606.5612329089781,0.007372226566076279,1.0,1.0,1.0,1.0,1.0251256281407036e-05,1.0,1.0,1.0,medium
test,0,6,78,32,0.532036948017776,41.599787396000465,607.0938918269821,0.2163744419813156,0.9545454545454546,0.96875,0.9772727272727273,0.964562569213732,1.0240089335566722e-05,1.0,1.0,1.0,medium
test,0,6,79,32,0.5313225149875507,42.13157538700034,607.625679817982,0.1292055994272232,0.9666666666666667,0.96875,0.9722222222222222,0.9684729064039409,1.022892238972641e-05,1.0,1.0,1.0,medium
test,0,6,80,32,0.5323665970063303,42.66441038198536,608.1585147859878,0.004799349699169397,1.0,1.0,1.0,1.0,1.0217755443886097e-05,1.0,1.0,1.0,medium
test,0,6,81,32,0.5323065650009084,43.19720862698159,608.6913130409957,0.0038973805494606495,1.0,1.0,1.0,1.0,1.0206588498045787e-05,1.0,1.0,1.0,medium
test,0,6,82,32,0.531278709997423,43.729049447982106,609.223153895,0.0028149439021945,1.0,1.0,1.0,1.0,1.0195421552205474e-05,1.0,1.0,1.0,medium
test,0,6,83,32,0.5326044709945563,44.262209136999445,609.7563135609962,0.005801095161587,1.0,1.0,1.0,1.0,1.018425460636516e-05,1.0,1.0,1.0,medium
test,0,6,84,32,0.5320965189894196,44.79484164700261,610.2889460649749,0.002770334016531706,1.0,1.0,1.0,1.0,1.0173087660524848e-05,1.0,1.0,1.0,medium
test,0,6,85,32,0.5319558589835651,45.327342308999505,610.8214467319776,0.0956757664680481,0.96875,0.96875,0.9705882352941176,0.9687194525904204,1.0161920714684535e-05,1.0,1.0,1.0,medium
test,0,6,86,32,0.5324702319921926,45.86026483899332,611.3543691919767,0.16506324708461761,0.9583333333333333,0.96875,0.9761904761904762,0.9660657476139979,1.0150753768844221e-05,1.0,1.0,1.0,medium
test,0,6,87,32,0.5317514030029997,46.39253764197929,611.8866420669947,0.16000039875507355,0.9411764705882353,0.9375,0.9411764705882353,0.9375,1.0139586823003909e-05,1.0,1.0,1.0,medium
test,0,6,88,32,0.531812009983696,46.92486780497711,612.4189723719901,0.2436249852180481,0.9444444444444444,0.9375,0.9375,0.9372549019607843,1.0128419877163596e-05,1.0,1.0,1.0,medium
test,0,6,89,32,0.5327493929944467,47.4581844380009,612.952288859,0.0017562129069119692,1.0,1.0,1.0,1.0,1.0117252931323286e-05,1.0,1.0,1.0,medium
test,0,6,90,32,0.5318438140093349,47.990588541986654,613.4846929699997,0.10366738587617874,0.96875,0.96875,0.9705882352941176,0.9687194525904204,1.0106085985482971e-05,1.0,1.0,1.0,medium
test,0,6,91,32,0.531864365999354,48.523039694002364,614.0171441309794,0.0017962309066206217,1.0,1.0,1.0,1.0,1.0094919039642659e-05,1.0,1.0,1.0,medium
test,0,6,92,32,0.5324593880213797,49.056042131996946,614.550146568974,0.0023035695776343346,1.0,1.0,1.0,1.0,1.0083752093802347e-05,1.0,1.0,1.0,medium
test,0,6,93,32,0.5321165760105941,49.58867276000092,615.0827772719786,0.0029735739808529615,1.0,1.0,1.0,1.0,1.0072585147962032e-05,1.0,1.0,1.0,medium
test,0,6,94,32,0.5316963299992494,50.120984523993684,615.615088934981,0.11252149194478989,0.96875,0.96875,0.9705882352941176,0.9687194525904204,1.006141820212172e-05,1.0,1.0,1.0,medium
test,0,6,95,32,0.5327672279963735,50.65428048998001,616.1483849159849,0.0020311763510107994,1.0,1.0,1.0,1.0,1.0050251256281408e-05,1.0,1.0,1.0,medium
test,0,6,96,32,0.5325751130003482,51.1874443339766,616.6815487629792,0.4132058024406433,0.9372549019607843,0.9375,0.9372549019607843,0.9372549019607843,1.0039084310441097e-05,1.0,1.0,1.0,medium
test,0,6,97,32,0.532274524011882,51.72026961299707,617.2143740559986,0.009901901707053185,1.0,1.0,1.0,1.0,1.0027917364600783e-05,1.0,1.0,1.0,medium
test,0,6,98,32,0.5329156020015944,52.25369252299424,617.7477969639876,0.0017261430621147156,1.0,1.0,1.0,1.0,1.001675041876047e-05,1.0,1.0,1.0,medium
test,0,6,99,32,0.5329394379805308,52.78716826500022,618.281272704975,0.002098103053867817,1.0,1.0,1.0,1.0,1.0005583472920158e-05,1.0,1.0,1.0,medium
test,0,6,100,32,0.5316507369861938,53.319367154996144,618.8134716739878,0.0015174050349742174,1.0,1.0,1.0,1.0,9.994416527079844e-06,1.0,1.0,1.0,medium
test,0,6,101,32,0.5321952289959881,53.852133506996324,619.346238069993,0.0015281569212675095,1.0,1.0,1.0,1.0,9.983249581239531e-06,1.0,1.0,1.0,medium
test,0,6,102,32,0.5325344010198023,54.38524079899071,619.8793452399841,0.09922265261411667,0.9666666666666667,0.96875,0.9722222222222222,0.9684729064039409,9.972082635399219e-06,1.0,1.0,1.0,medium
test,0,6,103,32,0.5318349139997736,54.91758910397766,620.4116935379861,0.21364206075668335,0.9642857142857143,0.96875,0.9736842105263157,0.967967967967968,9.960915689558906e-06,1.0,1.0,1.0,medium
test,0,6,104,32,0.5324901920103002,55.45057866399293,620.9446832409885,0.0020961144473403692,1.0,1.0,1.0,1.0,9.949748743718594e-06,1.0,1.0,1.0,medium
test,0,6,105,32,0.5329384349752218,55.984061081981054,621.4781655279803,0.07005733996629715,0.9705882352941176,0.96875,0.96875,0.9687194525904204,9.93858179787828e-06,1.0,1.0,1.0,medium
test,0,6,106,32,0.5314342210185714,56.516104207985336,622.0102086309926,0.0021815476939082146,1.0,1.0,1.0,1.0,9.92741485203797e-06,1.0,1.0,1.0,medium
test,0,6,107,32,0.5309371750045102,57.04758600698551,622.5416904449812,0.04171409457921982,0.96875,0.96875,0.9705882352941176,0.9687194525904204,9.916247906197655e-06,1.0,1.0,1.0,medium
test,0,6,108,32,0.5325951459817588,57.580671593983425,623.074776043999,0.21587945520877838,0.9333333333333333,0.9375,0.9473684210526316,0.9365079365079365,9.905080960357343e-06,1.0,1.0,1.0,medium
test,0,6,109,32,0.5320082120015286,58.1132106629957,623.6073151129822,0.012087893672287464,1.0,1.0,1.0,1.0,9.89391401451703e-06,1.0,1.0,1.0,medium
test,0,6,110,32,0.531574965978507,58.64529835397843,624.1394027869974,0.0039681741036474705,1.0,1.0,1.0,1.0,9.882747068676718e-06,1.0,1.0,1.0,medium
test,0,6,111,32,0.5330559239955619,59.17888851999305,624.6729929729772,0.32976436614990234,0.9375,0.9375,0.9375,0.9375,9.871580122836405e-06,1.0,1.0,1.0,medium
test,0,6,112,32,0.5320247669878881,59.711490008980036,625.2055944409803,0.002681975718587637,1.0,1.0,1.0,1.0,9.860413176996091e-06,1.0,1.0,1.0,medium
test,0,6,113,32,0.5312137939909007,60.243271755985916,625.7373761899944,0.002245563082396984,1.0,1.0,1.0,1.0,9.84924623115578e-06,1.0,1.0,1.0,medium
test,0,6,114,32,0.5319170269940514,60.775651213974925,626.2697556339845,0.12650127708911896,0.9736842105263157,0.96875,0.9642857142857143,0.967967967967968,9.838079285315466e-06,1.0,1.0,1.0,medium
test,0,6,115,32,0.532011830015108,61.30829857199569,626.8024029939843,0.13918623328208923,0.9705882352941176,0.96875,0.96875,0.9687194525904204,9.826912339475154e-06,1.0,1.0,1.0,medium
test,0,6,116,32,0.5316893060225993,61.84051618198282,627.3346206150018,0.002236595842987299,1.0,1.0,1.0,1.0,9.815745393634842e-06,1.0,1.0,1.0,medium
test,0,6,117,32,0.5327496269892436,62.37377382698469,627.8678782539791,0.006238602101802826,1.0,1.0,1.0,1.0,9.804578447794529e-06,1.0,1.0,1.0,medium
test,0,6,118,32,0.5315074849931989,62.90589885198278,628.4000032859913,0.07268325984477997,0.9642857142857143,0.96875,0.9736842105263157,0.967967967967968,9.793411501954217e-06,1.0,1.0,1.0,medium
test,0,6,119,32,0.5308836590265855,63.437345574988285,628.931450012984,0.27001243829727173,0.9473684210526316,0.9375,0.9333333333333333,0.9365079365079365,9.782244556113903e-06,1.0,1.0,1.0,medium
test,0,6,120,32,0.5323736870195717,63.97023901998182,629.4643434509926,0.028483206406235695,0.9705882352941176,0.96875,0.96875,0.9687194525904204,9.77107761027359e-06,1.0,1.0,1.0,medium
test,0,6,121,32,0.5323213500087149,64.50312971198582,629.9972341469838,0.6771735548973083,0.875,0.84375,0.8529411764705883,0.8423645320197044,9.75991066443328e-06,1.0,1.0,1.0,medium
test,0,6,122,32,0.531401433981955,65.0350971359876,630.5292015599844,0.0400213822722435,0.9722222222222222,0.96875,0.9666666666666667,0.9684729064039409,9.748743718592965e-06,1.0,1.0,1.0,medium
test,0,6,123,32,0.5321125200134702,65.56774686998688,631.0618512929941,0.08404015749692917,0.9642857142857143,0.96875,0.9736842105263157,0.967967967967968,9.737576772752653e-06,1.0,1.0,1.0,medium
test,0,6,124,32,0.5325189259892795,66.1008320269757,631.5949364609842,0.15240493416786194,0.9772727272727273,0.96875,0.9545454545454546,0.964562569213732,9.72640982691234e-06,1.0,1.0,1.0,medium
test,0,6,125,32,0.5312984850024804,66.63270677198307,632.1268111959798,0.0040161097422242165,1.0,1.0,1.0,1.0,9.715242881072028e-06,1.0,1.0,1.0,medium
test,0,6,126,32,0.5324099419813138,67.16567192197545,632.6597763409954,0.2177685797214508,0.9583333333333333,0.9375,0.9,0.9227053140096618,9.704075935231716e-06,1.0,1.0,1.0,medium
test,0,6,127,32,0.5318045289895963,67.69801376498071,633.1921181849902,0.0024617104791104794,1.0,1.0,1.0,1.0,9.692908989391402e-06,1.0,1.0,1.0,medium
test,0,6,128,32,0.5309948490175884,68.22955771299894,633.7236621469783,0.004110942594707012,1.0,1.0,1.0,1.0,9.68174204355109e-06,1.0,1.0,1.0,medium
test,0,6,129,32,0.5321366550051607,68.76227220500004,634.2563765549858,0.001826050691306591,1.0,1.0,1.0,1.0,9.670575097710777e-06,1.0,1.0,1.0,medium
test,0,6,130,32,0.5326336580037605,69.29544871198596,634.7895531510003,0.13874800503253937,0.96875,0.96875,0.9705882352941176,0.9687194525904204,9.659408151870464e-06,1.0,1.0,1.0,medium
test,0,6,131,32,0.5313607339921873,69.8273330089869,635.3214376249816,0.00235606636852026,1.0,1.0,1.0,1.0,9.648241206030152e-06,1.0,1.0,1.0,medium
test,0,6,132,32,0.5328465600032359,70.36074768798426,635.8548520689947,0.0030794069170951843,1.0,1.0,1.0,1.0,9.63707426018984e-06,1.09375,1.0,2.0,medium|hard
test,0,6,133,32,0.5325576119939797,70.89375290798489,636.3878573339898,0.011613388545811176,1.0,1.0,1.0,1.0,9.625907314349527e-06,2.0,2.0,2.0,hard
test,0,6,134,32,0.5308596339891665,71.42513140197843,636.9192358269938,0.0039059119299054146,1.0,1.0,1.0,1.0,9.614740368509213e-06,2.0,2.0,2.0,hard
test,0,6,135,32,0.532948756008409,71.9586599409813,637.4527643759793,0.20433580875396729,0.96875,0.96875,0.9705882352941176,0.9687194525904204,9.6035734226689e-06,2.0,2.0,2.0,hard
test,0,6,136,32,0.5328409099893179,72.49214740499156,637.9862518219743,0.006253167055547237,1.0,1.0,1.0,1.0,9.592406476828588e-06,2.0,2.0,2.0,hard
test,0,6,137,32,0.5309766540012788,73.02368462597951,638.5177890729974,0.0432698093354702,0.9736842105263157,0.96875,0.9642857142857143,0.967967967967968,9.581239530988276e-06,2.0,2.0,2.0,hard
test,0,6,138,32,0.5329060330113862,73.55715183299617,639.0512562969816,0.002666580956429243,1.0,1.0,1.0,1.0,9.570072585147963e-06,2.0,2.0,2.0,hard
test,0,6,139,32,0.5322900140017737,74.08999184900313,639.584096281993,0.01828470267355442,1.0,1.0,1.0,1.0,9.558905639307649e-06,2.0,2.0,2.0,hard
test,0,6,140,32,0.5315174889983609,74.6220618969819,640.1161663369858,0.052284546196460724,0.9705882352941176,0.96875,0.96875,0.9687194525904204,9.547738693467338e-06,2.0,2.0,2.0,hard
test,0,6,141,32,0.5329957110225223,75.15562692799722,640.6497313399741,0.006183658726513386,1.0,1.0,1.0,1.0,9.536571747627024e-06,2.0,2.0,2.0,hard
test,0,6,142,32,0.5323021340009291,75.68845072199474,641.1825551549846,0.00877444725483656,1.0,1.0,1.0,1.0,9.525404801786712e-06,2.0,2.0,2.0,hard
test,0,6,143,32,0.5318663200014271,76.22085641499143,641.7149608539767,0.0019240682013332844,1.0,1.0,1.0,1.0,9.5142378559464e-06,2.0,2.0,2.0,hard
test,0,6,144,32,0.5332180639961734,76.75464187399484,642.248746222991,0.2129112184047699,0.9736842105263157,0.96875,0.9642857142857143,0.967967967967968,9.503070910106087e-06,2.0,2.0,2.0,hard
test,0,6,145,32,0.5321593139960896,77.2873382739781,642.7814427479752,0.002262485446408391,1.0,1.0,1.0,1.0,9.491903964265774e-06,2.0,2.0,2.0,hard
test,0,6,146,32,0.5317911499878392,77.8196985659888,643.313802981982,0.12959721684455872,0.9583333333333333,0.96875,0.9761904761904762,0.9660657476139979,9.48073701842546e-06,2.0,2.0,2.0,hard
test,0,6,147,32,0.5330566540069412,78.3533447929949,643.8474492249952,0.23132212460041046,0.8928571428571428,0.90625,0.9285714285714286,0.9015384615384616,9.46957007258515e-06,2.0,2.0,2.0,hard
test,0,6,148,32,0.5318667920073494,78.8857664099778,644.3798708399991,0.015668444335460663,1.0,1.0,1.0,1.0,9.458403126744836e-06,2.0,2.0,2.0,hard
test,0,6,149,32,0.531854013010161,79.41816128598293,644.9122657089902,0.008979461155831814,1.0,1.0,1.0,1.0,9.447236180904523e-06,2.0,2.0,2.0,hard
test,0,6,150,32,0.5328988189867232,79.95157330998336,645.4456777589803,0.002515637781471014,1.0,1.0,1.0,1.0,9.43606923506421e-06,2.0,2.0,2.0,hard
test,0,6,151,32,0.5329639510018751,80.48507789097494,645.979182332987,0.002147864317521453,1.0,1.0,1.0,1.0,9.424902289223898e-06,2.0,2.0,2.0,hard
test,0,6,152,32,0.531309195997892,81.01700352798798,646.5111079499766,0.10286326706409454,0.9642857142857143,0.96875,0.9736842105263157,0.967967967967968,9.413735343383586e-06,2.0,2.0,2.0,hard
test,0,6,153,32,0.533061007008655,81.55059184797574,647.0446962759888,0.04430009052157402,0.9722222222222222,0.96875,0.9666666666666667,0.9684729064039409,9.402568397543272e-06,2.0,2.0,2.0,hard
test,0,6,154,32,0.5326194829831365,82.08379062000313,647.5778950579988,0.1493958979845047,0.9736842105263157,0.96875,0.9642857142857143,0.967967967967968,9.39140145170296e-06,2.0,2.0,2.0,hard
test,0,6,155,32,0.5318798260123003,82.61627399799181,648.1103784249863,0.0021678104531019926,1.0,1.0,1.0,1.0,9.380234505862647e-06,2.0,2.0,2.0,hard
test,0,6,156,32,0.5328640069928952,83.14967690900085,648.6437813270022,0.013848630711436272,1.0,1.0,1.0,1.0,9.369067560022334e-06,2.0,2.0,2.0,hard
test,0,6,157,32,0.5322160339856055,83.68246024198015,649.1765646619897,0.0023050294257700443,1.0,1.0,1.0,1.0,9.357900614182022e-06,2.0,2.0,2.0,hard
test,0,6,158,32,0.5321322089876048,84.21512332398561,649.7092277579941,0.03599279001355171,0.9772727272727273,0.96875,0.9545454545454546,0.964562569213732,9.34673366834171e-06,2.0,2.0,2.0,hard
test,0,6,159,32,0.5328367369947955,84.74847931298427,650.2425837169867,0.003614660818129778,1.0,1.0,1.0,1.0,9.335566722501397e-06,2.0,2.0,2.0,hard
test,0,6,160,32,0.5323982929985505,85.28138815797865,650.7754926119815,0.2732142210006714,0.9375,0.9375,0.9375,0.9375,9.324399776661083e-06,2.0,2.0,2.0,hard
test,0,6,161,32,0.5319906290096696,85.81394330898183,651.3080477539916,0.00288507342338562,1.0,1.0,1.0,1.0,9.31323283082077e-06,2.0,2.0,2.0,hard
test,0,6,162,32,0.5330953130032867,86.34763670698158,651.8417411329865,0.1371793895959854,0.9705882352941176,0.96875,0.96875,0.9687194525904204,9.30206588498046e-06,2.0,2.0,2.0,hard
test,0,6,163,32,0.5317474720068276,86.8799500039895,652.3740544359898,0.005443520378321409,1.0,1.0,1.0,1.0,9.290898939140146e-06,2.0,2.0,2.0,hard
test,0,6,164,32,0.5321450140036177,87.41266734199598,652.9067717609869,0.004585055634379387,1.0,1.0,1.0,1.0,9.279731993299833e-06,2.0,2.0,2.0,hard
test,0,6,165,32,0.5325632239982951,87.9457776369818,653.4398820719798,0.15035971999168396,0.9761904761904762,0.96875,0.9583333333333333,0.9660657476139979,9.268565047459521e-06,2.0,2.0,2.0,hard
test,0,6,166,32,0.5322074849973433,88.47847304699826,653.9725775059778,0.0022875715512782335,1.0,1.0,1.0,1.0,9.257398101619208e-06,2.0,2.0,2.0,hard
test,0,6,167,32,0.5320999460236635,89.01115204099915,654.5052564579819,0.022468676790595055,1.0,1.0,1.0,1.0,9.246231155778896e-06,2.0,2.0,2.0,hard
test,0,6,168,32,0.5328935680154245,89.54459088499425,655.0386953249981,0.003976535517722368,1.0,1.0,1.0,1.0,9.235064209938582e-06,2.0,2.0,2.0,hard
test,0,6,169,32,0.5319666410214268,90.077034085989,655.5711385259929,0.015212897211313248,1.0,1.0,1.0,1.0,9.22389726409827e-06,2.0,2.0,2.0,hard
test,0,6,170,32,0.5324563710018992,90.61009478598135,656.1041992949904,0.0021093834657222033,1.0,1.0,1.0,1.0,9.212730318257957e-06,2.0,2.0,2.0,hard
test,0,6,171,32,0.5329124669951852,91.14354672198533,656.6376511959825,0.0265798456966877,0.9583333333333333,0.96875,0.9761904761904762,0.9660657476139979,9.201563372417645e-06,2.0,2.0,2.0,hard
test,0,6,172,32,0.531994040007703,91.67609316398739,657.1701975829783,0.0019517899490892887,1.0,1.0,1.0,1.0,9.190396426577332e-06,2.0,2.0,2.0,hard
test,0,6,173,32,0.5320388599939179,92.20867023797473,657.7027746649983,0.016314709559082985,1.0,1.0,1.0,1.0,9.17922948073702e-06,2.0,2.0,2.0,hard
test,0,6,174,32,0.5322109370026737,92.74146366099012,658.2355680989858,0.00227813096717,1.0,1.0,1.0,1.0,9.168062534896707e-06,2.0,2.0,2.0,hard
test,0,6,175,32,0.5322684319980908,93.27426914998796,658.7683735909814,0.010858001187443733,1.0,1.0,1.0,1.0,9.156895589056393e-06,2.0,2.0,2.0,hard
test,0,6,176,32,0.5319667029834818,93.80667386998539,659.3007782799832,0.18040573596954346,0.9705882352941176,0.96875,0.96875,0.9687194525904204,9.14572864321608e-06,2.0,2.0,2.0,hard
test,0,6,177,32,0.5328349269984756,94.34002860699547,659.8341332549753,0.02016732282936573,1.0,1.0,1.0,1.0,9.134561697375768e-06,2.0,2.0,2.0,hard
test,0,6,178,32,0.5326652980002109,94.87326746399049,660.3673718899954,0.0028621212113648653,1.0,1.0,1.0,1.0,9.123394751535456e-06,2.0,2.0,2.0,hard
test,0,6,179,32,0.5317225460021291,95.40559503698023,660.8996994810004,0.004188477993011475,1.0,1.0,1.0,1.0,9.112227805695144e-06,2.0,2.0,2.0,hard
test,0,6,180,32,0.532736820023274,95.93886159799877,661.4329660249932,0.005270597990602255,1.0,1.0,1.0,1.0,9.10106085985483e-06,2.0,2.0,2.0,hard
test,0,6,181,32,0.5330099950078875,96.47242186698713,661.9665262749768,0.008044603280723095,1.0,1.0,1.0,1.0,9.089893914014519e-06,2.0,2.0,2.0,hard
test,0,6,182,32,0.5321394659986254,97.00512282300042,662.4992272489762,0.0034671726170927286,1.0,1.0,1.0,1.0,9.078726968174205e-06,2.0,2.0,2.0,hard
test,0,6,183,32,0.532395890011685,97.53804477097583,663.0321491969808,0.016913365572690964,1.0,1.0,1.0,1.0,9.067560022333892e-06,2.0,2.0,2.0,hard
test,0,6,184,32,0.5327200909960084,98.07131264099735,663.5654170709895,0.0019488956313580275,1.0,1.0,1.0,1.0,9.05639307649358e-06,2.0,2.0,2.0,hard
test,0,6,185,32,0.5320327249937691,98.60389581997879,664.0980002449942,0.00286391144618392,1.0,1.0,1.0,1.0,9.045226130653267e-06,2.0,2.0,2.0,hard
test,0,6,186,32,0.532785691000754,99.13725281599909,664.6313572309737,0.14539989829063416,0.9642857142857143,0.96875,0.9736842105263157,0.967967967967968,9.034059184812955e-06,2.0,2.0,2.0,hard
test,0,6,187,32,0.5331548390095122,99.67103210400091,665.1651365539874,0.0021165027283132076,1.0,1.0,1.0,1.0,9.02289223897264e-06,2.0,2.0,2.0,hard
test,0,6,188,32,0.5322361619910225,100.20384986398858,665.6979542869958,0.011966893449425697,1.0,1.0,1.0,1.0,9.01172529313233e-06,2.0,2.0,2.0,hard
test,0,6,189,32,0.5328602610097732,100.73726542398799,666.231369866,0.0018977965228259563,1.0,1.0,1.0,1.0,9.000558347292016e-06,2.0,2.0,2.0,hard
test,0,6,190,32,0.5329615150112659,101.27073270999244,666.7648371569812,0.003937228117138147,1.0,1.0,1.0,1.0,8.989391401451704e-06,2.0,2.0,2.0,hard
test,0,6,191,32,0.5316108719853219,101.80287136798142,667.2969758039981,0.002209543250501156,1.0,1.0,1.0,1.0,8.978224455611391e-06,2.0,2.0,2.0,hard
test,0,6,192,32,0.5325690210156608,102.33600137400208,667.8301058209909,0.10544031113386154,0.9666666666666667,0.96875,0.9722222222222222,0.9684729064039409,8.967057509771079e-06,2.0,2.0,2.0,hard
test,0,6,193,32,0.5329338989977259,102.86952962700161,668.3636340639787,0.19205299019813538,0.9722222222222222,0.96875,0.9666666666666667,0.9684729064039409,8.955890563930766e-06,2.0,2.0,2.0,hard
test,0,6,194,32,0.5316404179902747,103.40163973698509,668.8957441849925,0.001613305532373488,1.0,1.0,1.0,1.0,8.944723618090452e-06,2.0,2.0,2.0,hard
test,0,6,195,32,0.5328074840072077,103.93505456999992,669.4291589819768,0.003266305895522237,1.0,1.0,1.0,1.0,8.93355667225014e-06,2.0,2.0,2.0,hard
test,0,6,196,32,0.5329394589934964,104.46846643599565,669.9625708739914,0.0015997386071830988,1.0,1.0,1.0,1.0,8.922389726409827e-06,2.0,2.0,2.0,hard
test,0,6,197,32,0.5319490099791437,105.0008696509758,670.4949740849843,0.0050174035131931305,1.0,1.0,1.0,1.0,8.911222780569515e-06,2.0,2.0,2.0,hard
test,0,6,198,32,0.5313704849977512,105.53267884798697,671.0267832779791,0.19099590182304382,0.975,0.96875,0.9615384615384616,0.9671794871794872,8.900055834729202e-06,2.0,2.0,2.0,hard
test,0,6,199,8,0.1882819079910405,105.72143835798488,671.2155427839898,0.0016968059353530407,1.0,1.0,1.0,1.0,8.888888888888888e-06,2.0,2.0,2.0,hard
test,0,7,1,32,0.5327200210012961,0.6150356860016473,679.7074099269812,0.002146740211173892,1.0,1.0,1.0,1.0,8.877721943048578e-06,0.0,0.0,0.0,easy
test,0,7,2,32,0.5321009760082234,1.1477114919980522,680.2400823979988,0.0062159462831914425,1.0,1.0,1.0,1.0,8.866554997208263e-06,0.0,0.0,0.0,easy
test,0,7,3,32,0.5312331539753359,1.6794515459914692,680.7718228009762,0.10483451187610626,0.9772727272727273,0.96875,0.9545454545454546,0.964562569213732,8.855388051367951e-06,0.0,0.0,0.0,easy
test,0,7,4,32,0.530169717996614,2.2101831659965683,681.3025544139964,0.02776036225259304,0.9705882352941176,0.96875,0.96875,0.9687194525904204,8.84422110552764e-06,0.0,0.0,0.0,easy
test,0,7,5,32,0.5318264429806732,2.742522332991939,681.8348932479857,0.0021251006983220577,1.0,1.0,1.0,1.0,8.833054159687326e-06,0.0,0.0,0.0,easy
test,0,7,6,32,0.5308421829831786,3.2739381240098737,682.3663090949995,0.07870327681303024,0.9761904761904762,0.96875,0.9583333333333333,0.9660657476139979,8.821887213847014e-06,0.0,0.0,0.0,easy
test,0,7,7,32,0.530497497995384,3.8049741680151783,682.8973451269849,0.0025616183411329985,1.0,1.0,1.0,1.0,8.810720268006701e-06,0.0,0.0,0.0,easy
test,0,7,8,32,0.531462600978557,4.337042097991798,683.4294130499766,0.005897980649024248,1.0,1.0,1.0,1.0,8.799553322166389e-06,0.0,0.0,0.0,easy
test,0,7,9,32,0.5310263879946433,4.868561778013827,683.9609329249943,0.001439859508536756,1.0,1.0,1.0,1.0,8.788386376326076e-06,0.0,0.0,0.0,easy
test,0,7,10,32,0.5304533320013434,5.3995822409924585,684.4919531409978,0.18132448196411133,0.9705882352941176,0.96875,0.96875,0.9687194525904204,8.777219430485762e-06,0.0,0.0,0.0,easy
test,0,7,11,32,0.531634598999517,5.931728488998488,685.0240996629873,0.001325604971498251,1.0,1.0,1.0,1.0,8.76605248464545e-06,0.0,0.0,0.0,easy
test,0,7,12,32,0.5321979099826422,6.464466061996063,685.5568370329856,0.001439367886632681,1.0,1.0,1.0,1.0,8.754885538805138e-06,0.0,0.0,0.0,easy
test,0,7,13,32,0.5303209519770462,6.995293790998403,686.0876646989782,0.015792276710271835,1.0,1.0,1.0,1.0,8.743718592964825e-06,0.0,0.0,0.0,easy
test,0,7,14,32,0.5298668660107069,7.525719786994159,686.6180907739908,0.0021455888636410236,1.0,1.0,1.0,1.0,8.732551647124513e-06,0.0,0.0,0.0,easy
test,0,7,15,32,0.5316998340131249,8.05796115801786,687.1503321219934,0.014789407141506672,1.0,1.0,1.0,1.0,8.721384701284199e-06,0.0,0.0,0.0,easy
test,0,7,16,32,0.5308355939923786,8.589324425993254,687.6816954009992,0.0017465463606640697,1.0,1.0,1.0,1.0,8.710217755443888e-06,0.0,0.0,0.0,easy
test,0,7,17,32,0.5305672599934042,9.120390446012607,688.2127613609773,0.0016596164787188172,1.0,1.0,1.0,1.0,8.699050809603574e-06,0.0,0.0,0.0,easy
test,0,7,18,32,0.5316679639799986,9.652500419004355,688.7448713060003,0.0017640037694945931,1.0,1.0,1.0,1.0,8.687883863763261e-06,0.0,0.0,0.0,easy
test,0,7,19,32,0.5306732919998467,10.183745710004587,689.2761165849806,0.027843693271279335,0.9722222222222222,0.96875,0.9666666666666667,0.9684729064039409,8.676716917922949e-06,0.0,0.0,0.0,easy
test,0,7,20,32,0.5302532140049152,10.714550155011239,689.8069213089766,0.02495363913476467,0.9642857142857143,0.96875,0.9736842105263157,0.967967967967968,8.665549972082636e-06,0.0,0.0,0.0,easy
test,0,7,21,32,0.5312830059847329,11.24642687701271,690.3387977749808,0.002334620337933302,1.0,1.0,1.0,1.0,8.654383026242324e-06,0.0,0.0,0.0,easy
test,0,7,22,32,0.5313457490119617,11.778369840991218,690.8707407499896,0.0030739190988242626,1.0,1.0,1.0,1.0,8.64321608040201e-06,0.0,0.0,0.0,easy
test,0,7,23,32,0.5301642029953655,12.309093782998389,691.4014646529977,0.21237505972385406,0.9565217391304348,0.9375,0.9090909090909092,0.9272727272727272,8.632049134561699e-06,0.0,0.0,0.0,easy
test,0,7,24,32,0.5315452519862447,12.841101836995222,691.9334727319947,0.14175854623317719,0.96875,0.96875,0.9705882352941176,0.9687194525904204,8.620882188721385e-06,0.0,0.0,0.0,easy
test,0,7,25,32,0.5310078889888246,13.37264066800708,692.4650115499971,0.2123827487230301,0.9411764705882353,0.9375,0.9411764705882353,0.9375,8.609715242881073e-06,0.0,0.0,0.0,easy
test,0,7,26,32,0.5309885909955483,13.904107895999914,692.9964788089856,0.022488052025437355,1.0,1.0,1.0,1.0,8.59854829704076e-06,0.0,0.0,0.0,easy
test,0,7,27,32,0.5323035180044826,14.436949388007633,693.529320296977,0.002655464457347989,1.0,1.0,1.0,1.0,8.587381351200448e-06,0.0,0.0,0.0,easy
test,0,7,28,32,0.5309536150016356,14.968464583012974,694.0608354829892,0.00858476385474205,1.0,1.0,1.0,1.0,8.576214405360135e-06,0.0,0.0,0.0,easy
test,0,7,29,32,0.5306569890235551,15.499670051009161,694.5920409659739,0.0345003716647625,0.9642857142857143,0.96875,0.9736842105263157,0.967967967967968,8.565047459519821e-06,0.0,0.0,0.0,easy
test,0,7,30,32,0.5318787669821177,16.032078771007946,695.1244499599852,0.10079775005578995,0.9666666666666667,0.96875,0.9722222222222222,0.9684729064039409,8.553880513679509e-06,0.0,0.0,0.0,easy
test,0,7,31,32,0.5308661010058131,16.56344002301921,695.6558109139733,0.001534243579953909,1.0,1.0,1.0,1.0,8.542713567839196e-06,0.0,0.0,0.0,easy
test,0,7,32,32,0.5307788320060354,17.094799348997185,696.1871702309872,0.3656361401081085,0.9333333333333333,0.9375,0.9333333333333333,0.9333333333333333,8.531546621998884e-06,0.0,0.0,0.0,easy
test,0,7,33,32,0.5316021490143612,17.626939636014868,696.7193105729821,0.00172085827216506,1.0,1.0,1.0,1.0,8.520379676158572e-06,0.0,0.0,0.0,easy
test,0,7,34,32,0.5317671569937374,18.159140909992857,697.2515117889852,0.0022949399426579475,1.0,1.0,1.0,1.0,8.509212730318257e-06,0.0,0.0,0.0,easy
test,0,7,35,32,0.530793954996625,18.690447115019197,697.7828180369979,0.00224494282156229,1.0,1.0,1.0,1.0,8.498045784477947e-06,0.0,0.0,0.0,easy
test,0,7,36,32,0.5302039489906747,19.22118405601941,698.3135549309955,0.0014151798095554113,1.0,1.0,1.0,1.0,8.486878838637633e-06,0.0,0.0,0.0,easy
test,0,7,37,32,0.5311045389971696,19.752770815015538,698.8451417219767,0.0014199225697666407,1.0,1.0,1.0,1.0,8.47571189279732e-06,0.0,0.0,0.0,easy
test,0,7,38,32,0.5309931449883152,20.28434544301126,699.3767163549783,0.001639259746298194,1.0,1.0,1.0,1.0,8.464544946957008e-06,0.0,0.0,0.0,easy
test,0,7,39,32,0.5302430059819017,20.81509136100067,699.9074622699991,0.0030084550380706787,1.0,1.0,1.0,1.0,8.453378001116695e-06,0.0,0.0,0.0,easy
test,0,7,40,32,0.5317534709756728,21.347292809019564,700.4396637299797,0.05632609501481056,0.9782608695652174,0.96875,0.95,0.9625730994152046,8.442211055276383e-06,0.0,0.0,0.0,easy
test,0,7,41,32,0.531234021007549,21.879046228015795,700.971417141991,0.05647089332342148,0.9583333333333333,0.96875,0.9761904761904762,0.9660657476139979,8.431044109436069e-06,0.0,0.0,0.0,easy
test,0,7,42,32,0.5301710999920033,22.40979210700607,701.5021630149859,0.001460988656617701,1.0,1.0,1.0,1.0,8.419877163595758e-06,0.0,0.0,0.0,easy
test,0,7,43,32,0.5313034380087629,22.94159906799905,702.0339700439945,0.001330808037891984,1.0,1.0,1.0,1.0,8.408710217755444e-06,0.0,0.0,0.0,easy
test,0,7,44,32,0.5311652820091695,23.47333030801383,702.5657012039737,0.0013601460959762335,1.0,1.0,1.0,1.0,8.397543271915131e-06,0.0,0.0,0.0,easy
test,0,7,45,32,0.5302162799926009,24.004040386993438,703.0964112959919,0.0013985324185341597,1.0,1.0,1.0,1.0,8.386376326074819e-06,0.0,0.0,0.0,easy
test,0,7,46,32,0.5317772309936117,24.53634056900046,703.6287114589941,0.0013572806492447853,1.0,1.0,1.0,1.0,8.375209380234507e-06,0.0,0.0,0.0,easy
test,0,7,47,32,0.5309825350122992,25.06790460200864,704.1602755139756,0.10015464574098587,0.975,0.96875,0.9615384615384616,0.9671794871794872,8.364042434394194e-06,0.0,0.0,0.0,easy
test,0,7,48,32,0.5306916370172985,25.599022203008644,704.6913931669842,0.004858027212321758,1.0,1.0,1.0,1.0,8.352875488553882e-06,0.0,0.0,0.0,easy
test,0,7,49,32,0.531792088993825,26.131282671994995,705.2236536479904,0.0010775134433060884,1.0,1.0,1.0,1.0,8.341708542713568e-06,0.0,0.0,0.0,easy
test,0,7,50,32,0.5312814089993481,26.66301082301652,705.7553817699954,0.0015058022690936923,1.0,1.0,1.0,1.0,8.330541596873257e-06,0.0,0.0,0.0,easy
test,0,7,51,32,0.530479718989227,27.193974713009084,706.2863456509949,0.001007342478260398,1.0,1.0,1.0,1.0,8.319374651032943e-06,0.0,0.0,0.0,easy
test,0,7,52,32,0.5320654720126186,27.72657262600842,706.8189435469976,0.001377351232804358,1.0,1.0,1.0,1.0,8.30820770519263e-06,0.0,0.0,0.0,easy
test,0,7,53,32,0.5312871889909729,28.258430841000518,707.3508017989807,0.021436287090182304,1.0,1.0,1.0,1.0,8.297040759352318e-06,0.0,0.0,0.0,easy
test,0,7,54,32,0.5309282439993694,28.789860277000116,707.8822312059929,0.09904572367668152,0.9615384615384616,0.96875,0.975,0.9671794871794872,8.285873813512006e-06,0.0,0.0,0.0,easy
test,0,7,55,32,0.5301213049970102,29.32057362300111,708.4129445109866,0.0009098445298150182,1.0,1.0,1.0,1.0,8.274706867671693e-06,0.0,0.0,0.0,easy
test,0,7,56,32,0.5312768220028374,29.85241826699348,708.944789184985,0.0018517430871725082,1.0,1.0,1.0,1.0,8.263539921831379e-06,0.0,0.0,0.0,easy
test,0,7,57,32,0.5305972679925617,30.383533119020285,709.4759040329955,0.0036793239414691925,1.0,1.0,1.0,1.0,8.252372975991068e-06,0.0,0.0,0.0,easy
test,0,7,58,32,0.5303821010165848,30.914415514009306,710.0067863989971,0.0011082410346716642,1.0,1.0,1.0,1.0,8.241206030150754e-06,0.0,0.0,0.0,easy
test,0,7,59,32,0.5307310080097523,31.44570450700121,710.5380753959762,0.0010743250604718924,1.0,1.0,1.0,1.0,8.230039084310442e-06,0.0,0.0,0.0,easy
test,0,7,60,32,0.5313464129867498,31.977588273992296,711.0699591829907,0.002830066252499819,1.0,1.0,1.0,1.0,8.21887213847013e-06,0.0,0.0,0.0,easy
test,0,7,61,32,0.5306967479991727,32.508822702016914,711.6011935779825,0.0011468238662928343,1.0,1.0,1.0,1.0,8.207705192629817e-06,0.0,0.0,0.0,easy
test,0,7,62,32,0.5313386310008354,33.04060605799896,712.1329769549775,0.0008086797897703946,1.0,1.0,1.0,1.0,8.196538246789504e-06,0.0,0.0,0.0,easy
test,0,7,63,32,0.5314225559995975,33.57265682599973,712.6650277419831,0.0011499879183247685,1.0,1.0,1.0,1.0,8.18537130094919e-06,0.0,0.0,0.0,easy
test,0,7,64,32,0.5304425480135251,34.10363111499464,713.1960020109836,0.1662110686302185,0.9772727272727273,0.96875,0.9545454545454546,0.964562569213732,8.174204355108878e-06,0.0,0.0,0.0,easy
test,0,7,65,32,0.5319682770059444,34.63611639299779,713.7284873039753,0.05314391106367111,0.9615384615384616,0.96875,0.975,0.9671794871794872,8.163037409268565e-06,0.0,0.0,0.0,easy
test,0,7,66,32,0.5312070860236418,35.16777532099513,714.2601462109888,0.0009426337201148272,1.0,1.0,1.0,1.0,8.151870463428253e-06,0.0625,0.0,1.0,easy|medium
test,0,7,67,32,0.53018564498052,35.69847587001277,714.7908467889938,0.0020852761808782816,1.0,1.0,1.0,1.0,8.14070351758794e-06,1.0,1.0,1.0,medium
test,0,7,68,32,0.5319303639989812,36.23093895800412,715.3233098469791,0.005742697976529598,1.0,1.0,1.0,1.0,8.129536571747628e-06,1.0,1.0,1.0,medium
test,0,7,69,32,0.5316007469955366,36.763052779017016,715.8554236739874,0.21265500783920288,0.9666666666666667,0.96875,0.9722222222222222,0.9684729064039409,8.118369625907316e-06,1.0,1.0,1.0,medium
test,0,7,70,32,0.5313646540162154,37.294911483011674,716.3872824099963,0.18351560831069946,0.98,0.96875,0.9375,0.9564625850340136,8.107202680067002e-06,1.0,1.0,1.0,medium
test,0,7,71,32,0.5321262560028117,37.827557693002746,716.9199288279924,0.3800191879272461,0.9333333333333333,0.9375,0.9473684210526316,0.9365079365079365,8.09603573422669e-06,1.0,1.0,1.0,medium
test,0,7,72,32,0.5309447699983139,38.358958155993605,717.4513290589966,0.039234064519405365,0.975,0.96875,0.9615384615384616,0.9671794871794872,8.084868788386377e-06,1.0,1.0,1.0,medium
test,0,7,73,32,0.5314775589795318,38.890954536997015,717.9833255049889,0.006228004582226276,1.0,1.0,1.0,1.0,8.073701842546064e-06,1.0,1.0,1.0,medium
test,0,7,74,32,0.5315671190037392,39.42302556199138,718.5153964479978,0.2380932718515396,0.9545454545454546,0.96875,0.9772727272727273,0.964562569213732,8.062534896705752e-06,1.0,1.0,1.0,medium
test,0,7,75,32,0.5322532360150944,39.955766033002874,719.0481369329791,0.027990233153104782,1.0,1.0,1.0,1.0,8.051367950865438e-06,1.0,1.0,1.0,medium
test,0,7,76,32,0.530872556992108,40.48720726501779,719.5795781739871,0.0024555756244808435,1.0,1.0,1.0,1.0,8.040201005025127e-06,1.0,1.0,1.0,medium
test,0,7,77,32,0.5314488470030483,41.01915281600668,720.1115239889768,0.011411510407924652,1.0,1.0,1.0,1.0,8.029034059184813e-06,1.0,1.0,1.0,medium
test,0,7,78,32,0.5320006209949497,41.55166187800933,720.6440327789751,0.013457009568810463,1.0,1.0,1.0,1.0,8.0178671133445e-06,1.0,1.0,1.0,medium
test,0,7,79,32,0.532253020995995,42.08443108899519,721.1768020609743,0.004846434108912945,1.0,1.0,1.0,1.0,8.006700167504188e-06,1.0,1.0,1.0,medium
test,0,7,80,32,0.5300476720149163,42.61505066501559,721.7074215569883,0.16029052436351776,0.9583333333333333,0.96875,0.9761904761904762,0.9660657476139979,7.995533221663876e-06,1.0,1.0,1.0,medium
test,0,7,81,32,0.5317506070132367,43.14732209302019,722.2396929980023,0.0042839208617806435,1.0,1.0,1.0,1.0,7.984366275823563e-06,1.0,1.0,1.0,medium
test,0,7,82,32,0.5311131679918617,43.67886864600587,722.7712395399867,0.0035509977024048567,1.0,1.0,1.0,1.0,7.973199329983249e-06,1.0,1.0,1.0,medium
test,0,7,83,32,0.5305257290019654,44.20994237301056,723.3023135519761,0.19311463832855225,0.975,0.96875,0.9615384615384616,0.9671794871794872,7.962032384142938e-06,1.0,1.0,1.0,medium
test,0,7,84,32,0.5317539849784225,44.74227428401355,723.8346451849793,0.059422802180051804,0.9705882352941176,0.96875,0.96875,0.9687194525904204,7.950865438302626e-06,1.0,1.0,1.0,medium
test,0,7,85,32,0.5308858740027063,45.273653667012695,724.3660245449864,0.006759533658623695,1.0,1.0,1.0,1.0,7.939698492462312e-06,1.0,1.0,1.0,medium
test,0,7,86,32,0.5308241179736797,45.80506480700569,724.8974357109983,0.07582689821720123,0.9772727272727273,0.96875,0.9545454545454546,0.964562569213732,7.928531546622e-06,1.0,1.0,1.0,medium
test,0,7,87,32,0.5318431380146649,46.337355173018295,725.4297260719759,0.5577970147132874,0.8531746031746033,0.84375,0.8490196078431372,0.8435972629521017,7.917364600781687e-06,1.0,1.0,1.0,medium
test,0,7,88,32,0.5312324819969945,46.86915651100571,725.9615274549869,0.23135903477668762,0.9444444444444444,0.9375,0.9375,0.9372549019607843,7.906197654941375e-06,1.0,1.0,1.0,medium
test,0,7,89,32,0.5311337389866821,47.40083990801941,726.4932108219946,0.12266149371862411,0.9736842105263157,0.96875,0.9642857142857143,0.967967967967968,7.895030709101062e-06,1.0,1.0,1.0,medium
test,0,7,90,32,0.5316278119862545,47.933047818019986,727.0254187179962,0.01837894879281521,1.0,1.0,1.0,1.0,7.883863763260748e-06,1.0,1.0,1.0,medium
test,0,7,91,32,0.5319104559894186,48.46554005800863,727.5579109469836,0.004086491651833057,1.0,1.0,1.0,1.0,7.872696817420437e-06,1.0,1.0,1.0,medium
test,0,7,92,32,0.5308547219901811,48.99693703401135,728.0893079109956,0.030965395271778107,0.95,0.96875,0.9782608695652174,0.9625730994152046,7.861529871580123e-06,1.0,1.0,1.0,medium
test,0,7,93,32,0.5321104190079495,49.529625760013005,728.6219966629869,0.006514851935207844,1.0,1.0,1.0,1.0,7.85036292573981e-06,1.0,1.0,1.0,medium
test,0,7,94,32,0.5310602940153331,50.061097243014956,729.153468110977,0.0036779027432203293,1.0,1.0,1.0,1.0,7.839195979899498e-06,1.0,1.0,1.0,medium
test,0,7,95,32,0.5307958219782449,50.59235413800343,729.6847250360006,0.005627020262181759,1.0,1.0,1.0,1.0,7.828029034059186e-06,1.0,1.0,1.0,medium
test,0,7,96,32,0.5321534739923663,51.12502607901115,730.2173970079748,0.21052135527133942,0.96875,0.96875,0.9705882352941176,0.9687194525904204,7.816862088218874e-06,1.0,1.0,1.0,medium
test,0,7,97,32,0.5312092079839204,51.656791579007404,730.7491624819813,0.0028283719439059496,1.0,1.0,1.0,1.0,7.80569514237856e-06,1.0,1.0,1.0,medium
test,0,7,98,32,0.530826556001557,52.18820219201734,731.2805730859982,0.0027181878685951233,1.0,1.0,1.0,1.0,7.794528196538247e-06,1.0,1.0,1.0,medium
test,0,7,99,32,0.5323489540023729,52.721020327007864,731.8133912339981,0.0026469239965081215,1.0,1.0,1.0,1.0,7.783361250697935e-06,1.0,1.0,1.0,medium
test,0,7,100,32,0.5304624930140562,53.25192090601195,732.3442917929788,0.0031495383009314537,1.0,1.0,1.0,1.0,7.772194304857622e-06,1.0,1.0,1.0,medium
test,0,7,101,32,0.5307950320129748,53.78322724101599,732.8755981719878,0.02973373420536518,0.9736842105263157,0.96875,0.9642857142857143,0.967967967967968,7.76102735901731e-06,1.0,1.0,1.0,medium
test,0,7,102,32,0.5313160799851175,54.31508109800052,733.407452029991,0.0033435062505304813,1.0,1.0,1.0,1.0,7.749860413176997e-06,1.0,1.0,1.0,medium
test,0,7,103,32,0.5317977750091814,54.84734079201007,733.939711760002,0.00188402459025383,1.0,1.0,1.0,1.0,7.738693467336685e-06,1.0,1.0,1.0,medium
test,0,7,104,32,0.5313732479989994,55.37927109899465,734.471642000979,0.0017477679066359997,1.0,1.0,1.0,1.0,7.72752652149637e-06,1.0,1.0,1.0,medium
test,0,7,105,32,0.530672502995003,55.910438213002635,735.0028091539862,0.001930776285007596,1.0,1.0,1.0,1.0,7.716359575656058e-06,1.0,1.0,1.0,medium
test,0,7,106,32,0.5317539809911977,56.442910959012806,735.5352818759857,0.001514757634140551,1.0,1.0,1.0,1.0,7.705192629815746e-06,1.0,1.0,1.0,medium
test,0,7,107,32,0.5309303890098818,56.97434583600261,736.0667167279753,0.042079996317625046,0.96875,0.96875,0.9705882352941176,0.9687194525904204,7.694025683975433e-06,1.0,1.0,1.0,medium
test,0,7,108,32,0.5312974139815196,57.50624189799419,736.5986132029793,0.0272598247975111,1.0,1.0,1.0,1.0,7.682858738135121e-06,1.0,1.0,1.0,medium
test,0,7,109,32,0.5320458860078361,58.038721887016436,737.1310928390012,0.0013999012298882008,1.0,1.0,1.0,1.0,7.671691792294807e-06,1.0,1.0,1.0,medium
test,0,7,110,32,0.5305094530049246,58.56974158299272,737.6621124699886,0.09825260192155838,0.9583333333333333,0.96875,0.9761904761904762,0.9660657476139979,7.660524846454496e-06,1.0,1.0,1.0,medium
test,0,7,111,32,0.5311812189756893,59.1014231480076,738.1937941139913,0.0012960759922862053,1.0,1.0,1.0,1.0,7.649357900614182e-06,1.0,1.0,1.0,medium
test,0,7,112,32,0.5315629660035484,59.6336129810079,738.7259839379985,0.0015753539046272635,1.0,1.0,1.0,1.0,7.63819095477387e-06,1.0,1.0,1.0,medium
test,0,7,113,32,0.5313543989905156,60.165545002993895,739.2579158890003,0.0010785668855533004,1.0,1.0,1.0,1.0,7.627024008933556e-06,1.0,1.0,1.0,medium
test,0,7,114,32,0.5303551480174065,60.69642201499664,739.7887929849967,0.07140850275754929,0.9736842105263157,0.96875,0.9642857142857143,0.967967967967968,7.615857063093245e-06,1.0,1.0,1.0,medium
test,0,7,115,32,0.5319883620250039,61.22889520099852,740.3212661139842,0.17879298329353333,0.9705882352941176,0.96875,0.96875,0.9687194525904204,7.604690117252932e-06,1.0,1.0,1.0,medium
test,0,7,116,32,0.5315749800065532,61.76103848699131,740.8534093659837,0.0012149212416261435,1.0,1.0,1.0,1.0,7.593523171412619e-06,1.0,1.0,1.0,medium
test,0,7,117,32,0.5307424670027103,62.29232648600009,741.3846974509943,0.1867932230234146,0.9615384615384616,0.96875,0.975,0.9671794871794872,7.5823562255723075e-06,1.0,1.0,1.0,medium
test,0,7,118,32,0.5316764040035196,62.82458227901952,741.9169532429951,0.020128443837165833,1.0,1.0,1.0,1.0,7.571189279731994e-06,1.0,1.0,1.0,medium
test,0,7,119,32,0.5315104920009617,63.35666248499183,742.4490333749854,0.002244871109724045,1.0,1.0,1.0,1.0,7.560022333891681e-06,1.0,1.0,1.0,medium
test,0,7,120,32,0.5302555249945726,63.887490860011894,742.9798617609777,0.0021833747159689665,1.0,1.0,1.0,1.0,7.5488553880513685e-06,1.0,1.0,1.0,medium
test,0,7,121,32,0.5324540509900544,64.4205130150076,743.5128839009849,0.396116703748703,0.9411764705882353,0.9375,0.9411764705882353,0.9375,7.537688442211056e-06,1.0,1.0,1.0,medium
test,0,7,122,32,0.5311526859877631,64.95213382999646,744.0445048069814,0.002081833314150572,1.0,1.0,1.0,1.0,7.526521496370744e-06,1.0,1.0,1.0,medium
test,0,7,123,32,0.5310293170041405,65.48373065999476,744.5761015460012,0.0015808289172127843,1.0,1.0,1.0,1.0,7.51535455053043e-06,1.0,1.0,1.0,medium
test,0,7,124,32,0.5319290550251026,66.01618514201255,745.1085561159998,0.010272555984556675,1.0,1.0,1.0,1.0,7.504187604690117e-06,1.0,1.0,1.0,medium
test,0,7,125,32,0.530960395000875,66.54763309599366,745.6400040439912,0.0018375810468569398,1.0,1.0,1.0,1.0,7.4930206588498056e-06,1.0,1.0,1.0,medium
test,0,7,126,32,0.5310185480047949,67.07920197199564,746.1715728809941,0.14706145226955414,0.9782608695652174,0.96875,0.95,0.9625730994152046,7.481853713009492e-06,1.0,1.0,1.0,medium
test,0,7,127,32,0.5319496520096436,67.61158779100515,746.7039587670006,0.0013374562840908766,1.0,1.0,1.0,1.0,7.47068676716918e-06,1.0,1.0,1.0,medium
test,0,7,128,32,0.5327483039873186,68.1447867389943,747.2371576279984,0.0012119633611291647,1.0,1.0,1.0,1.0,7.459519821328867e-06,1.0,1.0,1.0,medium
test,0,7,129,32,0.5318066210020334,68.67712429599487,747.7694952869788,0.0013844463974237442,1.0,1.0,1.0,1.0,7.448352875488555e-06,1.0,1.0,1.0,medium
test,0,7,130,32,0.5321371100144461,69.21015041699866,748.3025214049849,0.002749774605035782,1.0,1.0,1.0,1.0,7.437185929648242e-06,1.0,1.0,1.0,medium
test,0,7,131,32,0.5320306840003468,69.74268824001774,748.8350592039933,0.001590948784723878,1.0,1.0,1.0,1.0,7.4260189838079285e-06,1.0,1.0,1.0,medium
test,0,7,132,32,0.5313800069852732,70.27455146401189,749.3669224109908,0.0016188237350434065,1.0,1.0,1.0,1.0,7.414852037967617e-06,1.09375,1.0,2.0,medium|hard
test,0,7,133,32,0.53013042602106,70.80529404699337,749.897665010998,0.0018617411842569709,1.0,1.0,1.0,1.0,7.403685092127304e-06,2.0,2.0,2.0,hard
test,0,7,134,32,0.5322987429972272,71.33812987900455,750.4305007559888,0.0021697445772588253,1.0,1.0,1.0,1.0,7.392518146286991e-06,2.0,2.0,2.0,hard
test,0,7,135,32,0.5309369789902121,71.86948676800239,750.9618579419912,0.0016109892167150974,1.0,1.0,1.0,1.0,7.381351200446678e-06,2.0,2.0,2.0,hard
test,0,7,136,32,0.5312257049954496,72.40129579300992,751.4936666879803,0.0017312334384769201,1.0,1.0,1.0,1.0,7.370184254606366e-06,2.0,2.0,2.0,hard
test,0,7,137,32,0.5316419389855582,72.93343499599723,752.0258059429761,0.00304589606821537,1.0,1.0,1.0,1.0,7.359017308766053e-06,2.0,2.0,2.0,hard
test,0,7,138,32,0.5307522699877154,73.46474791900255,752.5571187959868,0.004397858399897814,1.0,1.0,1.0,1.0,7.347850362925741e-06,2.0,2.0,2.0,hard
test,0,7,139,32,0.5308293999987654,73.99608208201244,753.0884530289914,0.001206447253935039,1.0,1.0,1.0,1.0,7.336683417085427e-06,2.0,2.0,2.0,hard
test,0,7,140,32,0.531923058006214,74.52853540499927,753.6209063649876,0.001285053906030953,1.0,1.0,1.0,1.0,7.325516471245116e-06,2.0,2.0,2.0,hard
test,0,7,141,32,0.5314360769989435,75.0605422600056,754.1529134429875,0.0016227825544774532,1.0,1.0,1.0,1.0,7.3143495254048025e-06,2.0,2.0,2.0,hard
test,0,7,142,32,0.5308670840167906,75.59196141100256,754.6843323739886,0.0011431504972279072,1.0,1.0,1.0,1.0,7.303182579564489e-06,2.0,2.0,2.0,hard
test,0,7,143,32,0.5321706940012518,76.12464303901652,755.2170140039816,0.0009710666490718722,1.0,1.0,1.0,1.0,7.292015633724177e-06,2.0,2.0,2.0,hard
test,0,7,144,32,0.5317098970117513,76.65690889701364,755.7492798689927,0.2009580284357071,0.9736842105263157,0.96875,0.9642857142857143,0.967967967967968,7.280848687883864e-06,2.0,2.0,2.0,hard
test,0,7,145,32,0.530621472018538,77.18810886601568,756.2804798290017,0.0011807151604443789,1.0,1.0,1.0,1.0,7.269681742043552e-06,2.0,2.0,2.0,hard
test,0,7,146,32,0.5327928629994858,77.72142719101976,756.8137981659966,0.064898781478405,0.9772727272727273,0.96875,0.9545454545454546,0.964562569213732,7.258514796203239e-06,2.0,2.0,2.0,hard
test,0,7,147,32,0.5314101919939276,78.25334306701552,757.3457141139952,0.03724558651447296,0.9583333333333333,0.96875,0.9761904761904762,0.9660657476139979,7.247347850362927e-06,2.0,2.0,2.0,hard
test,0,7,148,32,0.5305992589856032,78.78445281900349,757.8768237170007,0.16562309861183167,0.9666666666666667,0.96875,0.9722222222222222,0.9684729064039409,7.236180904522614e-06,2.0,2.0,2.0,hard
test,0,7,149,32,0.5321166229841765,79.3170436930086,758.4094145749987,0.1605227142572403,0.9761904761904762,0.96875,0.9583333333333333,0.9660657476139979,7.225013958682301e-06,2.0,2.0,2.0,hard
test,0,7,150,32,0.5313291159982327,79.8488731230027,758.941244015994,0.0019913334399461746,1.0,1.0,1.0,1.0,7.213847012841988e-06,2.0,2.0,2.0,hard
test,0,7,151,32,0.5311921029933728,80.38054538000142,759.4729162860021,0.05513708293437958,0.9722222222222222,0.96875,0.9666666666666667,0.9684729064039409,7.202680067001676e-06,2.0,2.0,2.0,hard
test,0,7,152,32,0.5321530700020958,80.91326424200088,760.0056352069951,0.001292719505727291,1.0,1.0,1.0,1.0,7.191513121161363e-06,2.0,2.0,2.0,hard
test,0,7,153,32,0.531734891992528,81.44545940699754,760.5378302889876,0.0013979370705783367,1.0,1.0,1.0,1.0,7.18034617532105e-06,2.0,2.0,2.0,hard
test,0,7,154,32,0.5311393460142426,81.97713910799939,761.0695102859754,0.017132077366113663,1.0,1.0,1.0,1.0,7.169179229480737e-06,2.0,2.0,2.0,hard
test,0,7,155,32,0.5318011520139407,82.50947285600705,761.6018437739986,0.09964173287153244,0.9615384615384616,0.96875,0.975,0.9671794871794872,7.158012283640425e-06,2.0,2.0,2.0,hard
test,0,7,156,32,0.531744184991112,83.04173873300897,762.1341099389829,0.011511669494211674,1.0,1.0,1.0,1.0,7.146845337800113e-06,2.0,2.0,2.0,hard
test,0,7,157,32,0.5310620840173215,83.57336314301938,762.6657340239908,0.0011857955250889063,1.0,1.0,1.0,1.0,7.1356783919597995e-06,2.0,2.0,2.0,hard
test,0,7,158,32,0.5315448180190288,84.10543577501085,763.1978066939919,0.0009813671931624413,1.0,1.0,1.0,1.0,7.124511446119486e-06,2.0,2.0,2.0,hard
test,0,7,159,32,0.532279776991345,84.63832609701785,763.7306969839847,0.000953783979639411,1.0,1.0,1.0,1.0,7.113344500279175e-06,2.0,2.0,2.0,hard
test,0,7,160,32,0.5309189839754254,85.16980239900295,764.2621732830012,0.39158251881599426,0.9375,0.9375,0.9375,0.9375,7.102177554438861e-06,2.0,2.0,2.0,hard
test,0,7,161,32,0.530232746998081,85.7005834490119,764.792954331002,0.0013645694125443697,1.0,1.0,1.0,1.0,7.091010608598549e-06,2.0,2.0,2.0,hard
test,0,7,162,32,0.5318488769989926,86.23292530101025,765.3252961849794,0.003510562237352133,1.0,1.0,1.0,1.0,7.079843662758236e-06,2.0,2.0,2.0,hard
test,0,7,163,32,0.5312031130015384,86.76467149500968,765.8570423799974,0.0009796037338674068,1.0,1.0,1.0,1.0,7.068676716917924e-06,2.0,2.0,2.0,hard
test,0,7,164,32,0.5307194189808797,87.29585323901847,766.388224151975,0.12668858468532562,0.9615384615384616,0.96875,0.975,0.9671794871794872,7.057509771077611e-06,2.0,2.0,2.0,hard
test,0,7,165,32,0.5315004250151105,87.82787407099386,766.9202450259763,0.08200176060199738,0.9615384615384616,0.96875,0.975,0.9671794871794872,7.0463428252372976e-06,2.0,2.0,2.0,hard
test,0,7,166,32,0.5313599039800465,88.35979276199942,767.4521637449798,0.0007454942096956074,1.0,1.0,1.0,1.0,7.035175879396986e-06,2.0,2.0,2.0,hard
test,0,7,167,32,0.5316387850034516,88.89193826101837,767.9843095129763,0.16038258373737335,0.9583333333333333,0.96875,0.9761904761904762,0.9660657476139979,7.024008933556673e-06,2.0,2.0,2.0,hard
test,0,7,168,32,0.5319109029951505,89.42439006399945,768.516761041974,0.0006505771307274699,1.0,1.0,1.0,1.0,7.01284198771636e-06,2.0,2.0,2.0,hard
test,0,7,169,32,0.5319716800004244,89.95678293699166,769.0491538779752,0.18660232424736023,0.9666666666666667,0.96875,0.9722222222222222,0.9684729064039409,7.001675041876047e-06,2.0,2.0,2.0,hard
test,0,7,170,32,0.5311460689990781,90.4884737660177,769.5808446459996,0.0008923949208110571,1.0,1.0,1.0,1.0,6.9905080960357354e-06,2.0,2.0,2.0,hard
test,0,7,171,32,0.5318811350152828,91.02093093001167,770.1133145299973,0.0010732450755313039,1.0,1.0,1.0,1.0,6.979341150195422e-06,2.0,2.0,2.0,hard
test,0,7,172,32,0.5315351559838746,91.55300226801774,770.6453731419751,0.0013292555231601,1.0,1.0,1.0,1.0,6.968174204355109e-06,2.0,2.0,2.0,hard
test,0,7,173,32,0.5315008260076866,92.08494813300786,771.1773190829845,0.012369805946946144,1.0,1.0,1.0,1.0,6.9570072585147965e-06,2.0,2.0,2.0,hard
test,0,7,174,32,0.5322744540171698,92.61776187599753,771.7101327629935,0.0008351704454980791,1.0,1.0,1.0,1.0,6.945840312674484e-06,2.0,2.0,2.0,hard
test,0,7,175,32,0.5317874519969337,93.15004758999567,772.2424187149736,0.0006315774517133832,1.0,1.0,1.0,1.0,6.934673366834172e-06,2.0,2.0,2.0,hard
test,0,7,176,32,0.5304395730199758,93.68098167300923,772.7733525549993,0.18887875974178314,0.9705882352941176,0.96875,0.96875,0.9687194525904204,6.923506420993858e-06,2.0,2.0,2.0,hard
test,0,7,177,32,0.5320483449904714,94.2135801090044,773.3059509859886,0.12988591194152832,0.96875,0.96875,0.9705882352941176,0.9687194525904204,6.912339475153546e-06,2.0,2.0,2.0,hard
test,0,7,178,32,0.5309280400106218,94.74505366900121,773.8374245500017,0.0007246824097819626,1.0,1.0,1.0,1.0,6.9011725293132335e-06,2.0,2.0,2.0,hard
test,0,7,179,32,0.5313987109984737,95.27698706599767,774.3693579529936,0.0007448799442499876,1.0,1.0,1.0,1.0,6.890005583472921e-06,2.0,2.0,2.0,hard
test,0,7,180,32,0.5325752760109026,95.8099765710067,774.9023474539863,0.0006972927949391305,1.0,1.0,1.0,1.0,6.878838637632608e-06,2.0,2.0,2.0,hard
test,0,7,181,32,0.5314189410128165,96.3418347320112,775.4342057239846,0.17957308888435364,0.9782608695652174,0.96875,0.95,0.9625730994152046,6.867671691792296e-06,2.0,2.0,2.0,hard
test,0,7,182,32,0.5314783419889864,96.87381904301583,775.9661899289931,0.001433984492905438,1.0,1.0,1.0,1.0,6.856504745951983e-06,2.0,2.0,2.0,hard
test,0,7,183,32,0.5325084629876073,97.40689427001053,776.4992652439978,0.0012062904424965382,1.0,1.0,1.0,1.0,6.84533780011167e-06,2.0,2.0,2.0,hard
test,0,7,184,32,0.5309024849848356,97.93828236800618,777.0306532809918,0.0009345627040602267,1.0,1.0,1.0,1.0,6.834170854271357e-06,2.0,2.0,2.0,hard
test,0,7,185,32,0.5311452310124878,98.47005792101845,777.5624288739928,0.0008940418483689427,1.0,1.0,1.0,1.0,6.823003908431045e-06,2.0,2.0,2.0,hard
test,0,7,186,32,0.5324626980000176,99.00306184700457,778.0954327340005,0.05160171166062355,0.9642857142857143,0.96875,0.9736842105263157,0.967967967967968,6.811836962590732e-06,2.0,2.0,2.0,hard
test,0,7,187,32,0.5321857869857922,99.53579619000084,778.6281670739991,0.0020228601060807705,1.0,1.0,1.0,1.0,6.800670016750419e-06,2.0,2.0,2.0,hard
test,0,7,188,32,0.5314077869988978,100.06770135500119,779.160072306986,0.1353747546672821,0.9722222222222222,0.96875,0.9666666666666667,0.9684729064039409,6.789503070910106e-06,2.0,2.0,2.0,hard
test,0,7,189,32,0.5316650670138188,100.59991498099407,779.6922858920007,0.005284319166094065,1.0,1.0,1.0,1.0,6.778336125069794e-06,2.0,2.0,2.0,hard
test,0,7,190,32,0.5323577389935963,101.13275688199792,780.2251277779869,0.0011287502711638808,1.0,1.0,1.0,1.0,6.767169179229481e-06,2.0,2.0,2.0,hard
test,0,7,191,32,0.5310448620002717,101.66438729100628,780.7567582379852,0.006391620729118586,1.0,1.0,1.0,1.0,6.756002233389169e-06,2.0,2.0,2.0,hard
test,0,7,192,32,0.5307608529983554,102.19570033499622,781.2880713089835,0.008809773251414299,1.0,1.0,1.0,1.0,6.744835287548855e-06,2.0,2.0,2.0,hard
test,0,7,193,32,0.5322957360185683,102.72854690201348,781.8209178089746,0.001757618854753673,1.0,1.0,1.0,1.0,6.733668341708544e-06,2.0,2.0,2.0,hard
test,0,7,194,32,0.5310130810248666,103.26011977801681,782.3524906589882,0.0012212947476655245,1.0,1.0,1.0,1.0,6.7225013958682305e-06,2.0,2.0,2.0,hard
test,0,7,195,32,0.5314473760081455,103.79213562299265,782.8845065739879,0.016871923580765724,1.0,1.0,1.0,1.0,6.711334450027917e-06,2.0,2.0,2.0,hard
test,0,7,196,32,0.5319760050042532,104.32456079599797,783.4169316839834,0.0010270799975842237,1.0,1.0,1.0,1.0,6.700167504187606e-06,2.0,2.0,2.0,hard
test,0,7,197,32,0.5310135890031233,104.85604747800971,783.9484183589811,0.001273819711059332,1.0,1.0,1.0,1.0,6.689000558347293e-06,2.0,2.0,2.0,hard
test,0,7,198,32,0.5305401520163286,105.38706506599556,784.4794359459775,0.12451503425836563,0.975,0.96875,0.9615384615384616,0.9671794871794872,6.67783361250698e-06,2.0,2.0,2.0,hard
test,0,7,199,8,0.18747396499384195,105.5750136860006,784.6673845679907,0.0011170408688485622,1.0,1.0,1.0,1.0,6.666666666666667e-06,2.0,2.0,2.0,hard
test,0,8,1,32,0.5318748290010262,0.6137596409826074,793.144669330999,0.0012651465367525816,1.0,1.0,1.0,1.0,6.655499720826355e-06,0.0,0.0,0.0,easy
test,0,8,2,32,0.5308616399997845,1.145373301988002,793.6762780709832,0.06711053103208542,0.9642857142857143,0.96875,0.9736842105263157,0.967967967967968,6.644332774986042e-06,0.0,0.0,0.0,easy
test,0,8,3,32,0.5317834180023056,1.6776466779992916,794.2085514369828,0.21199581027030945,0.9583333333333333,0.96875,0.9761904761904762,0.9660657476139979,6.633165829145729e-06,0.0,0.0,0.0,easy
test,0,8,4,32,0.531763652979862,2.2099817039852496,794.7408864679746,0.0030458015389740467,1.0,1.0,1.0,1.0,6.621998883305416e-06,0.0,0.0,0.0,easy
test,0,8,5,32,0.5308094939973671,2.7412442859786097,795.2721490719996,0.003012667875736952,1.0,1.0,1.0,1.0,6.6108319374651045e-06,0.0,0.0,0.0,easy
test,0,8,6,32,0.5315421639825217,3.273345038993284,795.8042497979768,0.0072685182094573975,1.0,1.0,1.0,1.0,6.599664991624791e-06,0.0,0.0,0.0,easy
test,0,8,7,32,0.5313215499918442,3.8052318379923236,796.3361365919991,0.0013961541699245572,1.0,1.0,1.0,1.0,6.588498045784478e-06,0.0,0.0,0.0,easy
test,0,8,8,32,0.5306216029857751,4.336404086003313,796.8673088679789,0.0009182799840345979,1.0,1.0,1.0,1.0,6.5773310999441656e-06,0.0,0.0,0.0,easy
test,0,8,9,32,0.5321650149999186,4.869129875994986,797.4000346369867,0.0009099687449634075,1.0,1.0,1.0,1.0,6.566164154103853e-06,0.0,0.0,0.0,easy
test,0,8,10,32,0.5315205979859456,5.40122795899515,797.932132721995,0.32891935110092163,0.9375,0.9375,0.9375,0.9375,6.554997208263541e-06,0.0,0.0,0.0,easy
test,0,8,11,32,0.5300716609926894,5.9318731789826415,798.4627779439907,0.0009199259802699089,1.0,1.0,1.0,1.0,6.5438302624232274e-06,0.0,0.0,0.0,easy
test,0,8,12,32,0.532156194007257,6.464624940999784,798.9955296999833,0.0006914701662026346,1.0,1.0,1.0,1.0,6.532663316582916e-06,0.0,0.0,0.0,easy
test,0,8,13,32,0.5313788979838137,6.996537030994659,799.5274418059853,0.0007902757497504354,1.0,1.0,1.0,1.0,6.521496370742603e-06,0.0,0.0,0.0,easy
test,0,8,14,32,0.531151695002336,7.528116015979322,800.0590207799978,0.0009427450713701546,1.0,1.0,1.0,1.0,6.510329424902289e-06,0.0,0.0,0.0,easy
test,0,8,15,32,0.5322388579952531,8.06081256197649,800.5917173249763,0.0007546445704065263,1.0,1.0,1.0,1.0,6.499162479061977e-06,0.0,0.0,0.0,easy
test,0,8,16,32,0.5311533059866633,8.592559085984249,801.1234638589958,0.010316146537661552,1.0,1.0,1.0,1.0,6.4879955332216645e-06,0.0,0.0,0.0,easy
test,0,8,17,32,0.5311273290135432,9.124213264993159,801.655118117982,0.0008002908434718847,1.0,1.0,1.0,1.0,6.476828587381352e-06,0.0,0.0,0.0,easy
test,0,8,18,32,0.532186948985327,9.656992726988392,802.1878975319851,0.0006337715894915164,1.0,1.0,1.0,1.0,6.465661641541039e-06,0.0,0.0,0.0,easy
test,0,8,19,32,0.5322139180207159,10.189833479002118,802.7207383789937,0.0050427671521902084,1.0,1.0,1.0,1.0,6.454494695700726e-06,0.0,0.0,0.0,easy
test,0,8,20,32,0.5309849680052139,10.721321674995124,803.2522264409927,0.0007625030702911317,1.0,1.0,1.0,1.0,6.443327749860414e-06,0.0,0.0,0.0,easy
test,0,8,21,32,0.5314589329937007,11.253352081985213,803.7842568429769,0.001101855537854135,1.0,1.0,1.0,1.0,6.4321608040201015e-06,0.0,0.0,0.0,easy
test,0,8,22,32,0.5318608009838499,11.785758231999353,804.3166633039946,0.0007527063135057688,1.0,1.0,1.0,1.0,6.420993858179788e-06,0.0,0.0,0.0,easy
test,0,8,23,32,0.5311316890001763,12.317443719977746,804.8483485379838,0.000687376013956964,1.0,1.0,1.0,1.0,6.409826912339475e-06,0.0,0.0,0.0,easy
test,0,8,24,32,0.5303229730052408,12.848269395995885,805.3791741780005,0.0006827226025052369,1.0,1.0,1.0,1.0,6.398659966499163e-06,0.0,0.0,0.0,easy
test,0,8,25,32,0.5315638630127069,13.380409856996266,805.9113146309974,0.18417426943778992,0.96875,0.96875,0.9705882352941176,0.9687194525904204,6.38749302065885e-06,0.0,0.0,0.0,easy
test,0,8,26,32,0.5313169950095471,13.912235291994875,806.4431400999893,0.2239668369293213,0.9705882352941176,0.96875,0.96875,0.9687194525904204,6.376326074818538e-06,0.0,0.0,0.0,easy
test,0,8,27,32,0.5315261910145637,14.444418233004399,806.9753230059869,0.0006910248193889856,1.0,1.0,1.0,1.0,6.365159128978225e-06,0.0,0.0,0.0,easy
test,0,8,28,32,0.531287429999793,14.976235305977752,807.5071400619927,0.0009182367357425392,1.0,1.0,1.0,1.0,6.353992183137913e-06,0.0,0.0,0.0,easy
test,0,8,29,32,0.5325431899982505,15.509274771990022,808.0401795569924,0.018995193764567375,1.0,1.0,1.0,1.0,6.3428252372975996e-06,0.0,0.0,0.0,easy
test,0,8,30,32,0.5310987909906544,16.041350661980687,808.5722554409876,0.19961228966712952,0.9666666666666667,0.96875,0.9722222222222222,0.9684729064039409,6.331658291457286e-06,0.0,0.0,0.0,easy
test,0,8,31,32,0.5315923900052439,16.57344469099189,809.1043494469777,0.00095667305868119,1.0,1.0,1.0,1.0,6.320491345616975e-06,0.0,0.0,0.0,easy
test,0,8,32,32,0.5314156349922996,17.105380548979156,809.6362853029859,0.10191492736339569,0.9761904761904762,0.96875,0.9583333333333333,0.9660657476139979,6.3093243997766614e-06,0.0,0.0,0.0,easy
test,0,8,33,32,0.5305153299996164,17.636399897979572,810.1673046629876,0.00080314208753407,1.0,1.0,1.0,1.0,6.298157453936349e-06,0.0,0.0,0.0,easy
test,0,8,34,32,0.5315596520085819,18.16847123199841,810.6993759759935,0.0005501514533534646,1.0,1.0,1.0,1.0,6.286990508096036e-06,0.0,0.0,0.0,easy
test,0,8,35,32,0.5314672749955207,18.7004065529909,811.2313113699784,0.08190758526325226,0.9736842105263157,0.96875,0.9642857142857143,0.967967967967968,6.275823562255724e-06,0.0,0.0,0.0,easy
test,0,8,36,32,0.5308403300005011,19.231740956980502,811.7626457609877,0.0006275025079958141,1.0,1.0,1.0,1.0,6.264656616415411e-06,0.0,0.0,0.0,easy
test,0,8,37,32,0.5320820269989781,19.76432014699094,812.2952249289956,0.0006274034967646003,1.0,1.0,1.0,1.0,6.253489670575098e-06,0.0,0.0,0.0,easy
test,0,8,38,32,0.5312392029736657,20.296057739993557,812.826962510997,0.0007006339728832245,1.0,1.0,1.0,1.0,6.242322724734785e-06,0.0,0.0,0.0,easy
test,0,8,39,32,0.5301207290031016,20.826746918988647,813.3576516849862,0.0017994531663134694,1.0,1.0,1.0,1.0,6.231155778894474e-06,0.0,0.0,0.0,easy
test,0,8,40,32,0.5319647949945647,21.359263358986937,813.8901681169809,0.0009816339006647468,1.0,1.0,1.0,1.0,6.21998883305416e-06,0.0,0.0,0.0,easy
test,0,8,41,32,0.530929021013435,21.890739787981147,814.4216445439961,0.0014397659106180072,1.0,1.0,1.0,1.0,6.208821887213847e-06,0.0,0.0,0.0,easy
test,0,8,42,32,0.5313398650032468,22.422587435983587,814.9534921969753,0.0005748088005930185,1.0,1.0,1.0,1.0,6.197654941373535e-06,0.0,0.0,0.0,easy
test,0,8,43,32,0.5317567359888926,22.954913905996364,815.4858186799975,0.000598689541220665,1.0,1.0,1.0,1.0,6.186487995533222e-06,0.0,0.0,0.0,easy
test,0,8,44,32,0.5309622950153425,23.486427684983937,816.0173324429779,0.0006711559253744781,1.0,1.0,1.0,1.0,6.17532104969291e-06,0.0,0.0,0.0,easy
test,0,8,45,32,0.5308976559899747,24.017894418997457,816.5487992099952,0.0010497276671230793,1.0,1.0,1.0,1.0,6.1641541038525965e-06,0.0,0.0,0.0,easy
test,0,8,46,32,0.5318777860084083,24.550268660997972,817.081173462997,0.0006908555515110493,1.0,1.0,1.0,1.0,6.152987158012285e-06,0.0,0.0,0.0,easy
test,0,8,47,32,0.5325137809850276,25.08328637998784,817.6141911659797,0.0008767226245254278,1.0,1.0,1.0,1.0,6.141820212171972e-06,0.0,0.0,0.0,easy
test,0,8,48,32,0.5311598159896675,25.614934443990933,818.1458392269851,0.0006052429089322686,1.0,1.0,1.0,1.0,6.130653266331658e-06,0.0,0.0,0.0,easy
test,0,8,49,32,0.5294422449951526,26.144895329984138,818.6758000919945,0.0005631120875477791,1.0,1.0,1.0,1.0,6.119486320491346e-06,0.0,0.0,0.0,easy
test,0,8,50,32,0.5316790350188967,26.677078314998653,819.2079830879811,0.0007308220956474543,1.0,1.0,1.0,1.0,6.1083193746510336e-06,0.0,0.0,0.0,easy
test,0,8,51,32,0.5303843330184463,27.2080313799961,819.7389361279784,0.0005700100446119905,1.0,1.0,1.0,1.0,6.097152428810721e-06,0.0,0.0,0.0,easy
test,0,8,52,32,0.5310405220079701,27.739617597981123,820.2705223899975,0.0006698559154756367,1.0,1.0,1.0,1.0,6.085985482970408e-06,0.0,0.0,0.0,easy
test,0,8,53,32,0.5314463569957297,28.271633235999616,820.8025380499894,0.000965515268035233,1.0,1.0,1.0,1.0,6.074818537130095e-06,0.0,0.0,0.0,easy
test,0,8,54,32,0.5314773290010635,28.803589791001286,821.3344945649733,0.001113162375986576,1.0,1.0,1.0,1.0,6.063651591289783e-06,0.0,0.0,0.0,easy
test,0,8,55,32,0.5306785719876643,29.33474614599254,821.8656509129796,0.000709724728949368,1.0,1.0,1.0,1.0,6.05248464544947e-06,0.0,0.0,0.0,easy
test,0,8,56,32,0.5315877950051799,29.866821777977748,822.397726561001,0.0007813564734533429,1.0,1.0,1.0,1.0,6.041317699609157e-06,0.0,0.0,0.0,easy
test,0,8,57,32,0.5317825250094756,30.399081057985313,822.92998614299,0.0009702248498797417,1.0,1.0,1.0,1.0,6.030150753768844e-06,0.0,0.0,0.0,easy
test,0,8,58,32,0.530494920007186,30.93012218599324,823.4610269489931,0.0007042302167974412,1.0,1.0,1.0,1.0,6.0189838079285325e-06,0.0,0.0,0.0,easy
test,0,8,59,32,0.5319709370087367,31.46258947698516,823.9934942909749,0.027946142479777336,0.95,0.96875,0.9782608695652174,0.9625730994152046,6.007816862088219e-06,0.0,0.0,0.0,easy
test,0,8,60,32,0.5309925699839368,31.99411765197874,824.525022464979,0.0009147067321464419,1.0,1.0,1.0,1.0,5.996649916247907e-06,0.0,0.0,0.0,easy
test,0,8,61,32,0.5301715210080147,32.52481597298174,825.0557207339734,0.032804541289806366,0.9666666666666667,0.96875,0.9722222222222222,0.9684729064039409,5.985482970407594e-06,0.0,0.0,0.0,easy
test,0,8,62,32,0.5317512539913878,33.057205477001844,825.5881102489948,0.0016568426508456469,1.0,1.0,1.0,1.0,5.974316024567282e-06,0.0,0.0,0.0,easy
test,0,8,63,32,0.5312008709879592,33.5889549269923,826.1198597019829,0.02503892034292221,0.9722222222222222,0.96875,0.9666666666666667,0.9684729064039409,5.963149078726969e-06,0.0,0.0,0.0,easy
test,0,8,64,32,0.5307374349795282,34.12023177399533,826.651136557979,0.040236178785562515,0.9772727272727273,0.96875,0.9545454545454546,0.964562569213732,5.951982132886655e-06,0.0,0.0,0.0,easy
test,0,8,65,32,0.5319692990160547,34.652707418979844,827.1836122160021,0.000661259051412344,1.0,1.0,1.0,1.0,5.940815187046344e-06,0.0,0.0,0.0,easy
test,0,8,66,32,0.5312493800010998,35.18440939899301,827.7153141999734,0.0006353916833177209,1.0,1.0,1.0,1.0,5.9296482412060305e-06,0.0625,0.0,1.0,easy|medium
test,0,8,67,32,0.5314507620059885,35.7164151140023,828.2473199399828,0.0006928276270627975,1.0,1.0,1.0,1.0,5.918481295365718e-06,1.0,1.0,1.0,medium
test,0,8,68,32,0.5323212079820223,36.249349866004195,828.7802546429739,0.0007387949153780937,1.0,1.0,1.0,1.0,5.907314349525405e-06,1.0,1.0,1.0,medium
test,0,8,69,32,0.5315085600013845,36.78145299499738,829.3123577529914,0.029695866629481316,0.9666666666666667,0.96875,0.9722222222222222,0.9684729064039409,5.896147403685093e-06,1.0,1.0,1.0,medium
test,0,8,70,32,0.5312951789819635,37.313206044986146,829.844110807986,0.27488845586776733,0.9615384615384616,0.9375,0.875,0.9085714285714286,5.88498045784478e-06,1.0,1.0,1.0,medium
test,0,8,71,32,0.5316881239996292,37.84544697898673,830.3763520649809,0.36854612827301025,0.9333333333333333,0.9375,0.9473684210526316,0.9365079365079365,5.873813512004467e-06,1.0,1.0,1.0,medium
test,0,8,72,32,0.5323124779970385,38.37829058000352,830.9091956109914,0.000642008613795042,1.0,1.0,1.0,1.0,5.862646566164154e-06,1.0,1.0,1.0,medium
test,0,8,73,32,0.5314476870116778,38.91029720098595,831.4412019619776,0.0005835579358972609,1.0,1.0,1.0,1.0,5.851479620323842e-06,1.0,1.0,1.0,medium
test,0,8,74,32,0.5301592249888927,39.44099744298728,831.9719022279896,0.2954826354980469,0.9272727272727272,0.9375,0.9272727272727272,0.9272727272727272,5.8403126744835294e-06,1.0,1.0,1.0,medium
test,0,8,75,32,0.53240812200238,39.97398624199559,832.5048910069745,0.1533176451921463,0.9583333333333333,0.96875,0.9761904761904762,0.9660657476139979,5.829145728643216e-06,1.0,1.0,1.0,medium
test,0,8,76,32,0.531132203002926,40.50565305398777,833.0365580699872,0.0004521703813225031,1.0,1.0,1.0,1.0,5.817978782802905e-06,1.0,1.0,1.0,medium
test,0,8,77,32,0.5310159510117956,41.03721287098597,833.5681176429789,0.0005714073777198792,1.0,1.0,1.0,1.0,5.806811836962591e-06,1.0,1.0,1.0,medium
test,0,8,78,32,0.5318598949816078,41.56950178099214,834.1004065509769,0.0006056946003809571,1.0,1.0,1.0,1.0,5.795644891122279e-06,1.0,1.0,1.0,medium
test,0,8,79,32,0.5310045719961636,42.101008097990416,834.6319128589821,0.0013986406847834587,1.0,1.0,1.0,1.0,5.784477945281966e-06,1.0,1.0,1.0,medium
test,0,8,80,32,0.5307854860147927,42.632333622983424,835.1632384059776,0.0005608617793768644,1.0,1.0,1.0,1.0,5.773310999441654e-06,1.0,1.0,1.0,medium
test,0,8,81,32,0.5319597409979906,43.16486421399168,835.69576899198,0.0005292692803777754,1.0,1.0,1.0,1.0,5.762144053601341e-06,1.0,1.0,1.0,medium
test,0,8,82,32,0.531898374989396,43.69730154398712,836.228206314001,0.0004474347806535661,1.0,1.0,1.0,1.0,5.7509771077610275e-06,1.0,1.0,1.0,medium
test,0,8,83,32,0.5313634610211011,44.22921123399283,836.760116030986,0.0008478976087644696,1.0,1.0,1.0,1.0,5.739810161920715e-06,1.0,1.0,1.0,medium
test,0,8,84,32,0.5328994829906151,44.76267118798569,837.2935760619876,0.00043372524669393897,1.0,1.0,1.0,1.0,5.728643216080403e-06,1.0,1.0,1.0,medium
test,0,8,85,32,0.5318863910215441,45.295058520976454,837.8259632760019,0.0011394394095987082,1.0,1.0,1.0,1.0,5.71747627024009e-06,1.0,1.0,1.0,medium
test,0,8,86,32,0.5305427100101952,45.82612239700393,838.3570271659992,0.0005141670117154717,1.0,1.0,1.0,1.0,5.706309324399777e-06,1.0,1.0,1.0,medium
test,0,8,87,32,0.5316791500081308,46.35839700498036,838.8893017559894,0.39414072036743164,0.9087301587301587,0.90625,0.903921568627451,0.9054187192118226,5.695142378559464e-06,1.0,1.0,1.0,medium
test,0,8,88,32,0.5317723689950071,46.89065179898171,839.4215565740014,0.0013910261914134026,1.0,1.0,1.0,1.0,5.683975432719152e-06,1.0,1.0,1.0,medium
test,0,8,89,32,0.5304452650016174,47.42163003599853,839.9525348029856,0.00047935551265254617,1.0,1.0,1.0,1.0,5.672808486878839e-06,1.0,1.0,1.0,medium
test,0,8,90,32,0.5320686860068236,47.95421869200072,840.4851234559901,0.0005361107178032398,1.0,1.0,1.0,1.0,5.661641541038526e-06,1.0,1.0,1.0,medium
test,0,8,91,32,0.5318126899946947,48.486627257982036,841.0175320699927,0.007101450115442276,1.0,1.0,1.0,1.0,5.650474595198214e-06,1.0,1.0,1.0,medium
test,0,8,92,32,0.530693288979819,49.01782366700354,841.5487284409755,0.0005207541398704052,1.0,1.0,1.0,1.0,5.6393076493579015e-06,1.0,1.0,1.0,medium
test,0,8,93,32,0.5324994310212787,49.55083016099525,842.0817349249846,0.000526753137819469,1.0,1.0,1.0,1.0,5.628140703517588e-06,1.0,1.0,1.0,medium
test,0,8,94,32,0.5315507340128534,50.082907299976796,842.6138120719988,0.00045663793571293354,1.0,1.0,1.0,1.0,5.616973757677275e-06,1.0,1.0,1.0,medium
test,0,8,95,32,0.5313842769828625,50.614840636990266,843.145745420974,0.0004907935508526862,1.0,1.0,1.0,1.0,5.6058068118369634e-06,1.0,1.0,1.0,medium
test,0,8,96,32,0.5325146219984163,51.14790200997959,843.6788067919842,0.24050334095954895,0.96875,0.96875,0.9705882352941176,0.9687194525904204,5.59463986599665e-06,1.0,1.0,1.0,medium
test,0,8,97,32,0.5313673710043076,51.679744200984715,844.2106489729777,0.00039131660014390945,1.0,1.0,1.0,1.0,5.583472920156338e-06,1.0,1.0,1.0,medium
test,0,8,98,32,0.5312568469962571,52.211531173001276,844.7424360199948,0.0005015085334889591,1.0,1.0,1.0,1.0,5.5723059743160245e-06,1.0,1.0,1.0,medium
test,0,8,99,32,0.5324458779941779,52.74455756598036,845.275462405989,0.0005207437789067626,1.0,1.0,1.0,1.0,5.561139028475713e-06,1.0,1.0,1.0,medium
test,0,8,100,32,0.5315770469896961,53.27666868499364,845.8075735019811,0.0004160726675763726,1.0,1.0,1.0,1.0,5.5499720826354e-06,1.0,1.0,1.0,medium
test,0,8,101,32,0.53094260499347,53.80807720599114,846.3389820269949,0.09967262297868729,0.9666666666666667,0.96875,0.9722222222222222,0.9684729064039409,5.538805136795087e-06,1.0,1.0,1.0,medium
test,0,8,102,32,0.5314963890123181,54.34007379799732,846.8709786190011,0.0006174548179842532,1.0,1.0,1.0,1.0,5.527638190954774e-06,1.0,1.0,1.0,medium
test,0,8,103,32,0.532041266997112,54.87267808098113,847.4035829029744,0.0004601291147992015,1.0,1.0,1.0,1.0,5.516471245114462e-06,1.0,1.0,1.0,medium
test,0,8,104,32,0.5314577520184685,55.40464517197688,847.9355499369849,0.0004705666215158999,1.0,1.0,1.0,1.0,5.505304299274149e-06,1.0,1.0,1.0,medium
test,0,8,105,32,0.5302915080101229,55.93548724998254,848.4663920929888,0.04475223273038864,0.9705882352941176,0.96875,0.96875,0.9687194525904204,5.494137353433836e-06,1.0,1.0,1.0,medium
test,0,8,106,32,0.5323333500127774,56.468370764981955,848.9992755400017,0.000463150383438915,1.0,1.0,1.0,1.0,5.482970407593524e-06,1.0,1.0,1.0,medium
test,0,8,107,32,0.5312350749736652,57.00017931099865,849.5310840909951,0.0006392545765265822,1.0,1.0,1.0,1.0,5.471803461753211e-06,1.0,1.0,1.0,medium
test,0,8,108,32,0.531570177001413,57.53230389399687,850.0632086689875,0.0006224132957868278,1.0,1.0,1.0,1.0,5.4606365159128985e-06,1.0,1.0,1.0,medium
test,0,8,109,32,0.5318790460005403,58.06474622199312,850.5956509889802,0.0006082531181164086,1.0,1.0,1.0,1.0,5.449469570072585e-06,1.0,1.0,1.0,medium
test,0,8,110,32,0.5310669069876894,58.59632538998267,851.12723021899,0.028696006163954735,0.9583333333333333,0.96875,0.9761904761904762,0.9660657476139979,5.438302624232274e-06,1.0,1.0,1.0,medium
test,0,8,111,32,0.5308030099840835,59.12770452798577,851.6586093090009,0.0005526267923414707,1.0,1.0,1.0,1.0,5.42713567839196e-06,1.0,1.0,1.0,medium
test,0,8,112,32,0.5326160000113305,59.66085057897726,852.19175541398,0.0006834393134340644,1.0,1.0,1.0,1.0,5.415968732551647e-06,1.0,1.0,1.0,medium
test,0,8,113,32,0.5314791449927725,60.192906131997006,852.7238109530008,0.0005657199071720243,1.0,1.0,1.0,1.0,5.404801786711335e-06,1.0,1.0,1.0,medium
test,0,8,114,32,0.5309076630219352,60.72431807598332,853.2552228790009,0.0016388428630307317,1.0,1.0,1.0,1.0,5.393634840871022e-06,1.0,1.0,1.0,medium
test,0,8,115,32,0.5319816519913729,61.256878970976686,853.7877837339765,0.10387121140956879,0.9705882352941176,0.96875,0.96875,0.9687194525904204,5.38246789503071e-06,1.0,1.0,1.0,medium
test,0,8,116,32,0.5317200249992311,61.78913397699944,854.3200387459947,0.0007131252787075937,1.0,1.0,1.0,1.0,5.371300949190397e-06,1.0,1.0,1.0,medium
test,0,8,117,32,0.5311225079931319,62.32081533499877,854.8517201200011,0.0006881218869239092,1.0,1.0,1.0,1.0,5.360134003350083e-06,1.0,1.0,1.0,medium
test,0,8,118,32,0.5315808669838589,62.85290506898309,855.3838098519773,0.0005261845071800053,1.0,1.0,1.0,1.0,5.348967057509772e-06,1.0,1.0,1.0,medium
test,0,8,119,32,0.531808875995921,63.38517442898592,855.9160791879985,0.0010169866727665067,1.0,1.0,1.0,1.0,5.337800111669459e-06,1.0,1.0,1.0,medium
test,0,8,120,32,0.5304032810090575,63.91611304398975,856.4470178159827,0.0005258810124360025,1.0,1.0,1.0,1.0,5.326633165829146e-06,1.0,1.0,1.0,medium
test,0,8,121,32,0.5329848919936921,64.44966348898015,856.9805682890001,0.24115000665187836,0.96875,0.96875,0.9705882352941176,0.9687194525904204,5.315466219988833e-06,1.0,1.0,1.0,medium
test,0,8,122,32,0.5315865850134287,64.981777494977,857.5126826639753,0.014639055356383324,1.0,1.0,1.0,1.0,5.304299274148521e-06,1.0,1.0,1.0,medium
test,0,8,123,32,0.530493121012114,65.51281935500447,858.0437241469917,0.0011104205623269081,1.0,1.0,1.0,1.0,5.293132328308208e-06,1.0,1.0,1.0,medium
test,0,8,124,32,0.5323452239972539,66.0456975879788,858.5766023659962,0.13437791168689728,0.9583333333333333,0.96875,0.9761904761904762,0.9660657476139979,5.2819653824678955e-06,1.0,1.0,1.0,medium
test,0,8,125,32,0.5318295049946755,66.57806909800274,859.1089739179879,0.0004832301056012511,1.0,1.0,1.0,1.0,5.270798436627583e-06,1.0,1.0,1.0,medium
test,0,8,126,32,0.5309386310109403,67.10955988400383,859.6404646619922,0.14224769175052643,0.9782608695652174,0.96875,0.95,0.9625730994152046,5.259631490787271e-06,1.0,1.0,1.0,medium
test,0,8,127,32,0.5319503769860603,67.64201143800165,860.172916290001,0.00042213714914396405,1.0,1.0,1.0,1.0,5.248464544946957e-06,1.0,1.0,1.0,medium
test,0,8,128,32,0.5315000269911252,68.17405231497833,860.7049571289972,0.00046765891602262855,1.0,1.0,1.0,1.0,5.237297599106644e-06,1.0,1.0,1.0,medium
test,0,8,129,32,0.5311853929888457,68.70581157697598,861.2367164009775,0.0008593583479523659,1.0,1.0,1.0,1.0,5.2261306532663325e-06,1.0,1.0,1.0,medium
test,0,8,130,32,0.5320277709979564,69.23837953299517,861.7692843739933,0.0009514614939689636,1.0,1.0,1.0,1.0,5.214963707426019e-06,1.0,1.0,1.0,medium
test,0,8,131,32,0.5318705379904713,69.77079927298473,862.3017041109852,0.0005392812890931964,1.0,1.0,1.0,1.0,5.203796761585707e-06,1.0,1.0,1.0,medium
test,0,8,132,32,0.5313036270090379,70.30260802898556,862.8335128119797,0.0005354250315576792,1.0,1.0,1.0,1.0,5.1926298157453935e-06,1.09375,1.0,2.0,medium|hard
test,0,8,133,32,0.5321373269835021,70.83524571199086,863.3661504979827,0.00047459881170652807,1.0,1.0,1.0,1.0,5.181462869905082e-06,2.0,2.0,2.0,hard
test,0,8,134,32,0.5323295250127558,71.36809610199998,863.8990009299887,0.0013195364736020565,1.0,1.0,1.0,1.0,5.170295924064769e-06,2.0,2.0,2.0,hard
test,0,8,135,32,0.5313161039957777,71.89996629700181,864.4308711329941,0.0006062265019863844,1.0,1.0,1.0,1.0,5.1591289782244554e-06,2.0,2.0,2.0,hard
test,0,8,136,32,0.5307055890152697,72.43123325399938,864.9621380309982,0.0004009176918771118,1.0,1.0,1.0,1.0,5.147962032384143e-06,2.0,2.0,2.0,hard
test,0,8,137,32,0.5319392899982631,72.9636584050022,865.4945632329909,0.10114222764968872,0.9666666666666667,0.96875,0.9722222222222222,0.9684729064039409,5.136795086543831e-06,2.0,2.0,2.0,hard
test,0,8,138,32,0.5317836100002751,73.49595049399068,866.0268553269852,0.0004449139232747257,1.0,1.0,1.0,1.0,5.125628140703518e-06,2.0,2.0,2.0,hard
test,0,8,139,32,0.5312075279944111,74.02770697697997,866.5586117999919,0.00042467957246117294,1.0,1.0,1.0,1.0,5.114461194863205e-06,2.0,2.0,2.0,hard
test,0,8,140,32,0.5323678720160387,74.56053996097762,867.0914447479881,0.00046604793169535697,1.0,1.0,1.0,1.0,5.103294249022893e-06,2.0,2.0,2.0,hard
test,0,8,141,32,0.5316861909814179,75.09288788199774,867.6237926409813,0.000483506650198251,1.0,1.0,1.0,1.0,5.09212730318258e-06,2.0,2.0,2.0,hard
test,0,8,142,32,0.5309125880012289,75.624340268987,868.1552450549789,0.02849072404205799,0.9722222222222222,0.96875,0.9666666666666667,0.9684729064039409,5.080960357342268e-06,2.0,2.0,2.0,hard
test,0,8,143,32,0.5323149129981175,76.15720348598552,868.6881083249755,0.0004223327268846333,1.0,1.0,1.0,1.0,5.069793411501954e-06,2.0,2.0,2.0,hard
test,0,8,144,32,0.5314594419905916,76.68921894297819,869.220123726991,0.20646509528160095,0.9736842105263157,0.96875,0.9642857142857143,0.967967967967968,5.058626465661643e-06,2.0,2.0,2.0,hard
test,0,8,145,32,0.5309497129928786,77.22077860397985,869.7516835639835,0.01444967370480299,1.0,1.0,1.0,1.0,5.0474595198213295e-06,2.0,2.0,2.0,hard
test,0,8,146,32,0.5323361149930861,77.75362932198914,870.2845341029752,0.14852724969387054,0.9772727272727273,0.96875,0.9545454545454546,0.964562569213732,5.036292573981016e-06,2.0,2.0,2.0,hard
test,0,8,147,32,0.5322963090147823,78.28647096999339,870.8173757499899,0.0007461428176611662,1.0,1.0,1.0,1.0,5.025125628140704e-06,2.0,2.0,2.0,hard
test,0,8,148,32,0.5309143369959202,78.81793847499648,871.3488432949816,0.0012330043828114867,1.0,1.0,1.0,1.0,5.013958682300391e-06,2.0,2.0,2.0,hard
test,0,8,149,32,0.5323893330059946,79.35087803399074,871.8817831449851,0.0004879219050053507,1.0,1.0,1.0,1.0,5.002791736460079e-06,2.0,2.0,2.0,hard
test,0,8,150,32,0.5315674409794156,79.88296586598153,872.4138706379745,0.000552220968529582,1.0,1.0,1.0,1.0,4.991624790619766e-06,2.0,2.0,2.0,hard
test,0,8,151,32,0.5309572170081083,80.41443896899,872.945343747997,0.0004530356382019818,1.0,1.0,1.0,1.0,4.980457844779453e-06,2.0,2.0,2.0,hard
test,0,8,152,32,0.5323430220014416,80.94728755598771,873.4781923719856,0.0005126558826304972,1.0,1.0,1.0,1.0,4.96929089893914e-06,2.0,2.0,2.0,hard
test,0,8,153,32,0.5319640329980757,81.47979559499072,874.0107003689918,0.0010255416855216026,1.0,1.0,1.0,1.0,4.9581239530988275e-06,2.0,2.0,2.0,hard
test,0,8,154,32,0.530592154012993,82.0109161909786,874.5418209549971,0.008688965812325478,1.0,1.0,1.0,1.0,4.946957007258515e-06,2.0,2.0,2.0,hard
test,0,8,155,32,0.5324859379907139,82.54397598898504,875.0748808019853,0.0019431087421253324,1.0,1.0,1.0,1.0,4.935790061418203e-06,2.0,2.0,2.0,hard
test,0,8,156,32,0.5317111329932231,83.07624036900233,875.6071451369789,0.0006782946293242276,1.0,1.0,1.0,1.0,4.92462311557789e-06,2.0,2.0,2.0,hard
test,0,8,157,32,0.5300714350014459,83.60679679797613,876.1377016449987,0.0005839319201186299,1.0,1.0,1.0,1.0,4.913456169737577e-06,2.0,2.0,2.0,hard
test,0,8,158,32,0.532652733993018,84.13995803598664,876.6708627969783,0.0005135503597557545,1.0,1.0,1.0,1.0,4.9022892238972646e-06,2.0,2.0,2.0,hard
test,0,8,159,32,0.5318267619877588,84.6722956179874,877.2032003869826,0.0009631656575948,1.0,1.0,1.0,1.0,4.891122278056951e-06,2.0,2.0,2.0,hard
test,0,8,160,32,0.53135332398233,85.20420516899321,877.7351101089735,0.22940213978290558,0.9705882352941176,0.96875,0.96875,0.9687194525904204,4.87995533221664e-06,2.0,2.0,2.0,hard
test,0,8,161,32,0.532786310010124,85.73754450498382,878.2684492679837,0.0005487483576871455,1.0,1.0,1.0,1.0,4.8687883863763265e-06,2.0,2.0,2.0,hard
test,0,8,162,32,0.5316972610016819,86.26977726697805,878.8006821140007,0.16967657208442688,0.9705882352941176,0.96875,0.96875,0.9687194525904204,4.857621440536014e-06,2.0,2.0,2.0,hard
test,0,8,163,32,0.5312818370002788,86.80173995200312,879.332644723996,0.03787459433078766,0.9583333333333333,0.96875,0.9761904761904762,0.9660657476139979,4.846454494695701e-06,2.0,2.0,2.0,hard
test,0,8,164,32,0.5323524639825337,87.33461628700024,879.8655210669967,0.0009658480412326753,1.0,1.0,1.0,1.0,4.835287548855388e-06,2.0,2.0,2.0,hard
test,0,8,165,32,0.5314104819844943,87.86657763598487,880.3974823909812,0.018128089606761932,1.0,1.0,1.0,1.0,4.824120603015076e-06,2.0,2.0,2.0,hard
test,0,8,166,32,0.5314208589843474,88.3985296000028,880.9294344649825,0.000534005812369287,1.0,1.0,1.0,1.0,4.8129536571747635e-06,2.0,2.0,2.0,hard
test,0,8,167,32,0.5324117010168266,88.9315038639761,881.462408626976,0.0005974010564386845,1.0,1.0,1.0,1.0,4.80178671133445e-06,2.0,2.0,2.0,hard
test,0,8,168,32,0.5323401750065386,89.46435585999279,881.9952607079758,0.000469593534944579,1.0,1.0,1.0,1.0,4.790619765494138e-06,2.0,2.0,2.0,hard
test,0,8,169,32,0.5314064950216562,89.99634989097831,882.5272546740016,0.0012820676201954484,1.0,1.0,1.0,1.0,4.7794528196538245e-06,2.0,2.0,2.0,hard
test,0,8,170,32,0.5318614039861131,90.52872339097667,883.0596282259794,0.0014796957839280367,1.0,1.0,1.0,1.0,4.768285873813512e-06,2.0,2.0,2.0,hard
test,0,8,171,32,0.5322539340122603,91.06154976697871,883.5924545619928,0.0007379703456535935,1.0,1.0,1.0,1.0,4.7571189279732e-06,2.0,2.0,2.0,hard
test,0,8,172,32,0.5313256089866627,91.59335477900458,884.1242596299853,0.0006421393482014537,1.0,1.0,1.0,1.0,4.745951982132887e-06,2.0,2.0,2.0,hard
test,0,8,173,32,0.5300469769863412,92.12399580600322,884.6549006029963,0.0038845716044306755,1.0,1.0,1.0,1.0,4.734785036292575e-06,2.0,2.0,2.0,hard
test,0,8,174,32,0.5322738279937766,92.65678749798099,885.1876923189848,0.0005744704976677895,1.0,1.0,1.0,1.0,4.7236180904522615e-06,2.0,2.0,2.0,hard
test,0,8,175,32,0.5317726260109339,93.18908965197625,885.7199944219901,0.12670831382274628,0.9545454545454546,0.96875,0.9772727272727273,0.964562569213732,4.712451144611949e-06,2.0,2.0,2.0,hard
test,0,8,176,32,0.5311194009846076,93.7207040739886,886.2516088509874,0.3197416365146637,0.9375,0.9375,0.9375,0.9375,4.701284198771636e-06,2.0,2.0,2.0,hard
test,0,8,177,32,0.5317649760108907,94.25303608097602,886.7839409199951,0.0006268241559155285,1.0,1.0,1.0,1.0,4.690117252931323e-06,2.0,2.0,2.0,hard
test,0,8,178,32,0.5308643849857617,94.78441463899799,887.3153194100014,0.156332328915596,0.9642857142857143,0.96875,0.9736842105263157,0.967967967967968,4.678950307091011e-06,2.0,2.0,2.0,hard
test,0,8,179,32,0.5310072989959735,95.31589840899687,887.8468031969969,0.0005225663189776242,1.0,1.0,1.0,1.0,4.6677833612506986e-06,2.0,2.0,2.0,hard
test,0,8,180,32,0.5327118019922636,95.84916070700274,888.3800654769875,0.0004959154175594449,1.0,1.0,1.0,1.0,4.656616415410385e-06,2.0,2.0,2.0,hard
test,0,8,181,32,0.5319558139890432,96.38166420700145,888.9125693179958,0.0013499560300260782,1.0,1.0,1.0,1.0,4.645449469570073e-06,2.0,2.0,2.0,hard
test,0,8,182,32,0.5312883969745599,96.91352286099573,889.4444276749855,0.000626547378487885,1.0,1.0,1.0,1.0,4.6342825237297605e-06,2.0,2.0,2.0,hard
test,0,8,183,32,0.5318698350165505,97.44584816499264,889.9767529679812,0.008350307121872902,1.0,1.0,1.0,1.0,4.623115577889448e-06,2.0,2.0,2.0,hard
test,0,8,184,32,0.5318645639927126,97.97818592897966,890.5090907079866,0.0008013658225536346,1.0,1.0,1.0,1.0,4.611948632049135e-06,2.0,2.0,2.0,hard
test,0,8,185,32,0.5307556100015063,98.50951381400228,891.040418634977,0.0005356098990887403,1.0,1.0,1.0,1.0,4.600781686208822e-06,2.0,2.0,2.0,hard
test,0,8,186,32,0.5321299359784462,99.04223506699782,891.5731398739736,0.0005226973444223404,1.0,1.0,1.0,1.0,4.58961474036851e-06,2.0,2.0,2.0,hard
test,0,8,187,32,0.5322099969780538,99.57504131298629,892.1059461139957,0.0006299831438809633,1.0,1.0,1.0,1.0,4.578447794528197e-06,2.0,2.0,2.0,hard
test,0,8,188,32,0.5314446219999809,100.10694011198939,892.6378448669857,0.000603091437369585,1.0,1.0,1.0,1.0,4.567280848687884e-06,2.0,2.0,2.0,hard
test,0,8,189,32,0.5328020699962508,100.64025896799285,893.1711637249973,0.0007908127154223621,1.0,1.0,1.0,1.0,4.556113902847572e-06,2.0,2.0,2.0,hard
test,0,8,190,32,0.5322220340021886,101.17306841700338,893.7039732249978,0.000711273227352649,1.0,1.0,1.0,1.0,4.544946957007259e-06,2.0,2.0,2.0,hard
test,0,8,191,32,0.5306792309856974,101.70426466499339,894.2351694800018,0.00379711901769042,1.0,1.0,1.0,1.0,4.533780011166946e-06,2.0,2.0,2.0,hard
test,0,8,192,32,0.5325730039912742,102.23738602097728,894.7682907989947,0.003805307438597083,1.0,1.0,1.0,1.0,4.522613065326634e-06,2.0,2.0,2.0,hard
test,0,8,193,32,0.5319091519922949,102.76993014098844,895.3008349759912,0.011397715657949448,1.0,1.0,1.0,1.0,4.51144611948632e-06,2.0,2.0,2.0,hard
test,0,8,194,32,0.5305687790096272,103.30107342198608,895.8319782049803,0.0005897987866774201,1.0,1.0,1.0,1.0,4.500279173646008e-06,2.0,2.0,2.0,hard
test,0,8,195,32,0.532925350998994,103.8344482149987,896.3653529789881,0.0005330981221050024,1.0,1.0,1.0,1.0,4.4891122278056955e-06,2.0,2.0,2.0,hard
test,0,8,196,32,0.5318214159924537,104.36675633999403,896.8976611399848,0.0005138555425219238,1.0,1.0,1.0,1.0,4.477945281965383e-06,2.0,2.0,2.0,hard
test,0,8,197,32,0.5315212369896472,104.8987291950034,897.4296340319852,0.0005356535548344254,1.0,1.0,1.0,1.0,4.46677833612507e-06,2.0,2.0,2.0,hard
test,0,8,198,32,0.5326577810046729,105.4318976609793,897.9628025259881,0.0005577183910645545,1.0,1.0,1.0,1.0,4.455611390284757e-06,2.0,2.0,2.0,hard
test,0,8,199,8,0.18740889799664728,105.61976349898032,898.1506682019972,0.0005539018311537802,1.0,1.0,1.0,1.0,4.444444444444444e-06,2.0,2.0,2.0,hard
test,0,9,1,32,0.5322319679835346,0.6159380360040814,906.6282998230017,0.0004553492763079703,1.0,1.0,1.0,1.0,4.433277498604132e-06,0.0,0.0,0.0,easy
test,0,9,2,32,0.5323468490096275,1.1489640760119073,907.1613223589957,0.0004530451842583716,1.0,1.0,1.0,1.0,4.42211055276382e-06,0.0,0.0,0.0,easy
test,0,9,3,32,0.5319280090043321,1.6813876210071612,907.6937459119945,0.001167897367849946,1.0,1.0,1.0,1.0,4.410943606923507e-06,0.0,0.0,0.0,easy
test,0,9,4,32,0.530969687999459,2.2128183500026353,908.2251766139816,0.003255803370848298,1.0,1.0,1.0,1.0,4.3997766610831945e-06,0.0,0.0,0.0,easy
test,0,9,5,32,0.5323052210151218,2.745716010016622,908.7580742749851,0.00046489652595482767,1.0,1.0,1.0,1.0,4.388609715242881e-06,0.0,0.0,0.0,easy
test,0,9,6,32,0.5311323140049353,3.277339613006916,909.289697878994,0.0006525301141664386,1.0,1.0,1.0,1.0,4.377442769402569e-06,0.0,0.0,0.0,easy
test,0,9,7,32,0.5311898649961222,3.809048276016256,909.8214065450011,0.23779545724391937,0.975,0.96875,0.9615384615384616,0.9671794871794872,4.366275823562256e-06,0.0,0.0,0.0,easy
test,0,9,8,32,0.5313099030172452,4.340884250996169,910.3532426029851,0.0005288782995194197,1.0,1.0,1.0,1.0,4.355108877721944e-06,0.0,0.0,0.0,easy
test,0,9,9,32,0.5314986080047674,4.872909446014091,910.885267767997,0.005536471959203482,1.0,1.0,1.0,1.0,4.343941931881631e-06,0.0,0.0,0.0,easy
test,0,9,10,32,0.5309040049905889,5.404277458001161,911.4166357060021,0.0004777699359692633,1.0,1.0,1.0,1.0,4.332774986041318e-06,0.0,0.0,0.0,easy
test,0,9,11,32,0.5301643619895913,5.934950974013191,911.9473092539993,0.08001460134983063,0.975,0.96875,0.9615384615384616,0.9671794871794872,4.321608040201005e-06,0.0,0.0,0.0,easy
test,0,9,12,32,0.5317564709985163,6.467147749004653,912.4795060099859,0.00039344397373497486,1.0,1.0,1.0,1.0,4.3104410943606925e-06,0.0,0.0,0.0,easy
test,0,9,13,32,0.530868184985593,6.998507712007267,913.0108659849793,0.0004478798364289105,1.0,1.0,1.0,1.0,4.29927414852038e-06,0.0,0.0,0.0,easy
test,0,9,14,32,0.5307495720044244,7.529770588007523,913.5421288539947,0.0004298366839066148,1.0,1.0,1.0,1.0,4.288107202680068e-06,0.0,0.0,0.0,easy
test,0,9,15,32,0.5314742659975309,8.061797664995538,914.0741559799935,0.00039810108137317,1.0,1.0,1.0,1.0,4.276940256839754e-06,0.0,0.0,0.0,easy
test,0,9,16,32,0.5304499960038811,8.592837061994942,914.6051953329879,0.0005488640745170414,1.0,1.0,1.0,1.0,4.265773310999442e-06,0.0,0.0,0.0,easy
test,0,9,17,32,0.5309944339969661,9.124344081996242,915.1367023749917,0.0004341533058322966,1.0,1.0,1.0,1.0,4.254606365159129e-06,0.0,0.0,0.0,easy
test,0,9,18,32,0.5314124319993425,9.656356810999569,915.6687150569924,0.00039817404467612505,1.0,1.0,1.0,1.0,4.243439419318816e-06,0.0,0.0,0.0,easy
test,0,9,19,32,0.5310275180090684,10.187892131012632,916.2002504089905,0.0004231357015669346,1.0,1.0,1.0,1.0,4.232272473478504e-06,0.0,0.0,0.0,easy
test,0,9,20,32,0.530292171984911,10.718762242002413,916.7311205139849,0.00042809193837456405,1.0,1.0,1.0,1.0,4.221105527638191e-06,0.0,0.0,0.0,easy
test,0,9,21,32,0.5316806529881433,11.250893902004464,917.2632521899941,0.0005011342582292855,1.0,1.0,1.0,1.0,4.209938581797879e-06,0.0,0.0,0.0,easy
test,0,9,22,32,0.5316804239992052,11.783110418007709,917.7954686909798,0.0005237329751253128,1.0,1.0,1.0,1.0,4.198771635957566e-06,0.0,0.0,0.0,easy
test,0,9,23,32,0.5305503660056274,12.314107033016626,918.3264652849757,0.0004963299143128097,1.0,1.0,1.0,1.0,4.187604690117253e-06,0.0,0.0,0.0,easy
test,0,9,24,32,0.5320442320080474,12.846735002007335,918.8590933019877,0.0005080831469967961,1.0,1.0,1.0,1.0,4.176437744276941e-06,0.0,0.0,0.0,easy
test,0,9,25,32,0.5310813570104074,13.378442765009822,919.3908010369923,0.027191802859306335,0.9722222222222222,0.96875,0.9666666666666667,0.9684729064039409,4.1652707984366284e-06,0.0,0.0,0.0,easy
test,0,9,26,32,0.5305165009922348,13.909410740016028,919.9217690019868,0.00048037193482741714,1.0,1.0,1.0,1.0,4.154103852596315e-06,0.0,0.0,0.0,easy
test,0,9,27,32,0.5320495029736776,14.442036338994512,920.4543946149934,0.00039605534402653575,1.0,1.0,1.0,1.0,4.142936906756003e-06,0.0,0.0,0.0,easy
test,0,9,28,32,0.5313763690064661,14.9739568149962,920.9863152100006,0.0004913446609862149,1.0,1.0,1.0,1.0,4.1317699609156895e-06,0.0,0.0,0.0,easy
test,0,9,29,32,0.531558654998662,15.506009200005792,921.518367488985,0.0009548267116770148,1.0,1.0,1.0,1.0,4.120603015075377e-06,0.0,0.0,0.0,easy
test,0,9,30,32,0.5320889690192416,16.038681136007654,922.0510394189914,0.0011256595607846975,1.0,1.0,1.0,1.0,4.109436069235065e-06,0.0,0.0,0.0,easy
test,0,9,31,32,0.5311017580097541,16.570359895005822,922.5827184189984,0.00037107139360159636,1.0,1.0,1.0,1.0,4.098269123394752e-06,0.0,0.0,0.0,easy
test,0,9,32,32,0.5309517149871681,17.101786051003728,923.1141443149827,0.16117770969867706,0.9615384615384616,0.96875,0.975,0.9671794871794872,4.087102177554439e-06,0.0,0.0,0.0,easy
test,0,9,33,32,0.531614208011888,17.634003843006212,923.6463621289877,0.00041805481305345893,1.0,1.0,1.0,1.0,4.0759352317141265e-06,0.0,0.0,0.0,easy
test,0,9,34,32,0.5319744980079122,18.166402744012885,924.1787610129977,0.0004024267545901239,1.0,1.0,1.0,1.0,4.064768285873814e-06,0.0,0.0,0.0,easy
test,0,9,35,32,0.530899709003279,18.697795485000825,924.7101537429844,0.008778246119618416,1.0,1.0,1.0,1.0,4.053601340033501e-06,0.0,0.0,0.0,easy
test,0,9,36,32,0.5300225249957293,19.228358913998818,925.2407171759987,0.00034453364787623286,1.0,1.0,1.0,1.0,4.042434394193188e-06,0.0,0.0,0.0,easy
test,0,9,37,32,0.5316350520006381,19.760568599012913,925.7729268639814,0.0003652329323813319,1.0,1.0,1.0,1.0,4.031267448352876e-06,0.0,0.0,0.0,easy
test,0,9,38,32,0.5310407159850001,20.29211551899789,926.3044737939781,0.00041576087824068964,1.0,1.0,1.0,1.0,4.0201005025125635e-06,0.0,0.0,0.0,easy
test,0,9,39,32,0.5306982879992574,20.823348125006305,926.8357063969888,0.0011803695233538747,1.0,1.0,1.0,1.0,4.00893355667225e-06,0.0,0.0,0.0,easy
test,0,9,40,32,0.5321552389941644,21.355987268994795,927.3683455499995,0.000450959982117638,1.0,1.0,1.0,1.0,3.997766610831938e-06,0.0,0.0,0.0,easy
test,0,9,41,32,0.5313155219773762,21.887843110016547,927.9002013809804,0.0004885931266471744,1.0,1.0,1.0,1.0,3.9865996649916246e-06,0.0,0.0,0.0,easy
test,0,9,42,32,0.530466919997707,22.418900805991143,928.4312590899935,0.0003588180406950414,1.0,1.0,1.0,1.0,3.975432719151313e-06,0.0,0.0,0.0,easy
test,0,9,43,32,0.5315829360042699,22.951026044989703,928.9633843189804,0.00035332696279510856,1.0,1.0,1.0,1.0,3.964265773311e-06,0.0,0.0,0.0,easy
test,0,9,44,32,0.5315252509899437,23.483091232017614,929.4954494900012,0.0003275374183431268,1.0,1.0,1.0,1.0,3.953098827470687e-06,0.0,0.0,0.0,easy
test,0,9,45,32,0.530391344014788,24.01398662000429,930.026344916987,0.0003930973762180656,1.0,1.0,1.0,1.0,3.941931881630374e-06,0.0,0.0,0.0,easy
test,0,9,46,32,0.5319283819990233,24.546423583000433,930.5587818679924,0.00034656230127438903,1.0,1.0,1.0,1.0,3.930764935790062e-06,0.0,0.0,0.0,easy
test,0,9,47,32,0.5316356919938698,25.078605140006403,931.0909634039854,0.0004865503287874162,1.0,1.0,1.0,1.0,3.919597989949749e-06,0.0,0.0,0.0,easy
test,0,9,48,32,0.5301566449925303,25.609328154008836,931.6216864349844,0.0003390114288777113,1.0,1.0,1.0,1.0,3.908431044109437e-06,0.0,0.0,0.0,easy
test,0,9,49,32,0.5317577350069769,26.141599280002993,932.1539575569914,0.00034138085902668536,1.0,1.0,1.0,1.0,3.8972640982691235e-06,0.0,0.0,0.0,easy
test,0,9,50,32,0.5310330799838994,26.673161729006097,932.6855199679849,0.00039416190702468157,1.0,1.0,1.0,1.0,3.886097152428811e-06,0.0,0.0,0.0,easy
test,0,9,51,32,0.5306144870119169,27.20424345799256,933.216601720982,0.0003764825814869255,1.0,1.0,1.0,1.0,3.874930206588499e-06,0.0,0.0,0.0,easy
test,0,9,52,32,0.531921607995173,27.736703994014533,933.749062302988,0.00037692615296691656,1.0,1.0,1.0,1.0,3.863763260748185e-06,0.0,0.0,0.0,easy
test,0,9,53,32,0.5309866430179682,28.268127204006305,934.2804854549759,0.0006670235889032483,1.0,1.0,1.0,1.0,3.852596314907873e-06,0.0,0.0,0.0,easy
test,0,9,54,32,0.5307856010040268,28.799437409004895,934.8117956630012,0.0006859663408249617,1.0,1.0,1.0,1.0,3.8414293690675605e-06,0.0,0.0,0.0,easy
test,0,9,55,32,0.531904528994346,29.331784353998955,935.3441428669903,0.00035478686913847923,1.0,1.0,1.0,1.0,3.830262423227248e-06,0.0,0.0,0.0,easy
test,0,9,56,32,0.5318450619815849,29.864198952011066,935.8765572439879,0.00037487567169591784,1.0,1.0,1.0,1.0,3.819095477386935e-06,0.0,0.0,0.0,easy
test,0,9,57,32,0.5307823879993521,30.395519067009445,936.4078773589863,0.0007454650476574898,1.0,1.0,1.0,1.0,3.8079285315466224e-06,0.0,0.0,0.0,easy
test,0,9,58,32,0.5296517359965947,30.925740886013955,936.9380991229846,0.0009409396443516016,1.0,1.0,1.0,1.0,3.7967615857063095e-06,0.0,0.0,0.0,easy
test,0,9,59,32,0.5318359490192961,31.458080526004778,937.4704387969978,0.00035276246489956975,1.0,1.0,1.0,1.0,3.785594639865997e-06,0.0,0.0,0.0,easy
test,0,9,60,32,0.5308178320119623,31.989441407989943,938.0017997329996,0.00036281306529417634,1.0,1.0,1.0,1.0,3.7744276940256843e-06,0.0,0.0,0.0,easy
test,0,9,61,32,0.5304490029811859,32.52045801799977,938.5328163029917,0.1483473777770996,0.9666666666666667,0.96875,0.9722222222222222,0.9684729064039409,3.763260748185372e-06,0.0,0.0,0.0,easy
test,0,9,62,32,0.5314649660140276,33.0524962139898,939.0648544979922,0.0007420093170367181,1.0,1.0,1.0,1.0,3.7520938023450586e-06,0.0,0.0,0.0,easy
test,0,9,63,32,0.5307123840029817,33.58377779999864,939.5961360409856,0.0020086406730115414,1.0,1.0,1.0,1.0,3.740926856504746e-06,0.0,0.0,0.0,easy
test,0,9,64,32,0.5303906610060949,34.1147197530081,940.1270780029881,0.06069290265440941,0.9772727272727273,0.96875,0.9545454545454546,0.964562569213732,3.7297599106644333e-06,0.0,0.0,0.0,easy
test,0,9,65,32,0.5312858100223821,34.646540310001,940.6588986369898,0.0006670032162219286,1.0,1.0,1.0,1.0,3.718592964824121e-06,0.0,0.0,0.0,easy
test,0,9,66,32,0.5313577539927792,35.178415825997945,941.1907741189934,0.00034752150531858206,1.0,1.0,1.0,1.0,3.7074260189838084e-06,0.0625,0.0,1.0,easy|medium
test,0,9,67,32,0.5310952999861911,35.7100453460007,941.7224035949912,0.00041792774572968483,1.0,1.0,1.0,1.0,3.6962590731434956e-06,1.0,1.0,1.0,medium
test,0,9,68,32,0.5318506330077071,36.24232444999507,942.2546827199985,0.02018268220126629,1.0,1.0,1.0,1.0,3.685092127303183e-06,1.0,1.0,1.0,medium
test,0,9,69,32,0.5316243729903363,36.77447476499947,942.7868330380006,0.0011218568542972207,1.0,1.0,1.0,1.0,3.6739251814628703e-06,1.0,1.0,1.0,medium
test,0,9,70,32,0.5303625389933586,37.30537158699008,943.3177298399969,0.22424758970737457,0.98,0.96875,0.9375,0.9564625850340136,3.662758235622558e-06,1.0,1.0,1.0,medium
test,0,9,71,32,0.5313668590097222,37.83730144001311,943.8496597089979,0.48850947618484497,0.90625,0.90625,0.9210526315789473,0.9054187192118226,3.6515912897822446e-06,1.0,1.0,1.0,medium
test,0,9,72,32,0.5309178919997066,38.36875553400023,944.3811138139863,0.00043320952681824565,1.0,1.0,1.0,1.0,3.640424343941932e-06,1.0,1.0,1.0,medium
test,0,9,73,32,0.5314371099811979,38.90072923901607,944.9130874929833,0.00041112792678177357,1.0,1.0,1.0,1.0,3.6292573981016194e-06,1.0,1.0,1.0,medium
test,0,9,74,32,0.5321550260123331,39.433475333993556,945.4458336079842,0.21637001633644104,0.9545454545454546,0.96875,0.9772727272727273,0.964562569213732,3.618090452261307e-06,1.0,1.0,1.0,medium
test,0,9,75,32,0.5318481280119158,39.965907873993274,945.978266154998,0.011602337472140789,1.0,1.0,1.0,1.0,3.606923506420994e-06,1.0,1.0,1.0,medium
test,0,9,76,32,0.5312293430033606,40.49758070500684,946.5099389730021,0.0003321696422062814,1.0,1.0,1.0,1.0,3.5957565605806817e-06,1.0,1.0,1.0,medium
test,0,9,77,32,0.5316264090070035,41.029733664996456,947.0420919289754,0.00048710042028687894,1.0,1.0,1.0,1.0,3.5845896147403684e-06,1.0,1.0,1.0,medium
test,0,9,78,32,0.5314258539874572,41.56169452800532,947.5740527679736,0.000507327844388783,1.0,1.0,1.0,1.0,3.5734226689000564e-06,1.0,1.0,1.0,medium
test,0,9,79,32,0.531580597977154,42.09377935301745,948.1061376339931,0.00047327062929980457,1.0,1.0,1.0,1.0,3.562255723059743e-06,1.0,1.0,1.0,medium
test,0,9,80,32,0.5313610869925469,42.62572524001007,948.6380835379823,0.0003876355185639113,1.0,1.0,1.0,1.0,3.5510887772194307e-06,1.0,1.0,1.0,medium
test,0,9,81,32,0.5324279660126194,43.15866523201112,949.1710238069936,0.0344657227396965,0.9642857142857143,0.96875,0.9736842105263157,0.967967967967968,3.539921831379118e-06,1.0,1.0,1.0,medium
test,0,9,82,32,0.5312163530034013,43.69048164700507,949.7028399269911,0.00045912538189440966,1.0,1.0,1.0,1.0,3.5287548855388054e-06,1.0,1.0,1.0,medium
test,0,9,83,32,0.5304525239916984,44.22149701899616,950.2338553039881,0.0008822118397802114,1.0,1.0,1.0,1.0,3.517587939698493e-06,1.0,1.0,1.0,medium
test,0,9,84,32,0.5320630119822454,44.75404048501514,950.7663987529813,0.0005163403111509979,1.0,1.0,1.0,1.0,3.50642099385818e-06,1.0,1.0,1.0,medium
test,0,9,85,32,0.531242191005731,45.28579358299612,951.2981518269808,0.07006465643644333,0.96875,0.96875,0.9705882352941176,0.9687194525904204,3.4952540480178677e-06,1.0,1.0,1.0,medium
test,0,9,86,32,0.5306069759826642,45.8169537220092,951.8293119759765,0.031966883689165115,0.9772727272727273,0.96875,0.9545454545454546,0.964562569213732,3.4840871021775544e-06,1.0,1.0,1.0,medium
test,0,9,87,32,0.5317730859969743,46.3492617449956,952.361620021984,0.03444993868470192,0.96875,0.96875,0.9705882352941176,0.9687194525904204,3.472920156337242e-06,1.0,1.0,1.0,medium
test,0,9,88,32,0.5310780159779824,46.880882674013264,952.8932409579866,0.00036854157224297523,1.0,1.0,1.0,1.0,3.461753210496929e-06,1.0,1.0,1.0,medium
test,0,9,89,32,0.5308298839954659,47.412225790001685,953.4245840649819,0.0005095064989291131,1.0,1.0,1.0,1.0,3.4505862646566167e-06,1.0,1.0,1.0,medium
test,0,9,90,32,0.5314986839948688,47.944227129017236,953.9565854039975,0.0009017998818308115,1.0,1.0,1.0,1.0,3.439419318816304e-06,1.0,1.0,1.0,medium
test,0,9,91,32,0.5319996259931941,48.476757799013285,954.4891160709958,0.000492450431920588,1.0,1.0,1.0,1.0,3.4282523729759915e-06,1.0,1.0,1.0,medium
test,0,9,92,32,0.5309064180182759,49.00818103001802,955.0205392929784,0.028588689863681793,0.9791666666666667,0.96875,0.9444444444444444,0.9599499374217773,3.4170854271356786e-06,1.0,1.0,1.0,medium
test,0,9,93,32,0.5316924049984664,49.54039050001302,955.5527487549989,0.0607641376554966,0.96875,0.96875,0.9705882352941176,0.9687194525904204,3.405918481295366e-06,1.0,1.0,1.0,medium
test,0,9,94,32,0.531403381988639,50.07228126999689,956.0846395809785,0.00042380124796181917,1.0,1.0,1.0,1.0,3.394751535455053e-06,1.0,1.0,1.0,medium
test,0,9,95,32,0.5307915690063965,50.603594134998275,956.6159524119867,0.0009545690845698118,1.0,1.0,1.0,1.0,3.3835845896147405e-06,1.0,1.0,1.0,medium
test,0,9,96,32,0.5320705460035242,51.13613102401723,957.1484893049928,0.1854689121246338,0.96875,0.96875,0.9705882352941176,0.9687194525904204,3.3724176437744277e-06,1.0,1.0,1.0,medium
test,0,9,97,32,0.5317510289896745,51.66840385599062,957.6807621259941,0.00048439984675496817,1.0,1.0,1.0,1.0,3.3612506979341152e-06,1.0,1.0,1.0,medium
test,0,9,98,32,0.530635423026979,52.19957163001527,958.2119299539772,0.0004929141141474247,1.0,1.0,1.0,1.0,3.350083752093803e-06,1.0,1.0,1.0,medium
test,0,9,99,32,0.5336127089976799,52.733766415010905,958.7461246869934,0.0004995152121409774,1.0,1.0,1.0,1.0,3.33891680625349e-06,1.0,1.0,1.0,medium
test,0,9,100,32,0.5321553180110641,53.26656002001255,959.2789182970009,0.0004186914593447,1.0,1.0,1.0,1.0,3.3277498604131775e-06,1.0,1.0,1.0,medium
test,0,9,101,32,0.5303052050003316,53.797435657994356,959.809793922992,0.0007340104202739894,1.0,1.0,1.0,1.0,3.3165829145728647e-06,1.0,1.0,1.0,medium
test,0,9,102,32,0.532348548003938,54.33036979101598,960.342728054995,0.00038974941708147526,1.0,1.0,1.0,1.0,3.3054159687325523e-06,1.0,1.0,1.0,medium
test,0,9,103,32,0.5316282260173466,54.8625829880184,960.8749413149781,0.00036570162046700716,1.0,1.0,1.0,1.0,3.294249022892239e-06,1.0,1.0,1.0,medium
test,0,9,104,32,0.5313628080184571,55.39442983100889,961.4067881299998,0.0005596210830844939,1.0,1.0,1.0,1.0,3.2830820770519266e-06,1.0,1.0,1.0,medium
test,0,9,105,32,0.5321365919953678,55.92713261701283,961.9394909019757,0.0014199720462784171,1.0,1.0,1.0,1.0,3.2719151312116137e-06,1.0,1.0,1.0,medium
test,0,9,106,32,0.530829764000373,56.45856146799633,962.4709197459742,0.00045632696128450334,1.0,1.0,1.0,1.0,3.2607481853713013e-06,1.0,1.0,1.0,medium
test,0,9,107,32,0.5311586799798533,56.99028560399893,963.0026439729845,0.023866932839155197,0.96875,0.96875,0.9705882352941176,0.9687194525904204,3.2495812395309884e-06,1.0,1.0,1.0,medium
test,0,9,108,32,0.5322068039968144,57.523012263991404,963.5353705409798,0.0005943034193478525,1.0,1.0,1.0,1.0,3.238414293690676e-06,1.0,1.0,1.0,medium
test,0,9,109,32,0.5324292900040746,58.055985061015235,964.0683433319791,0.0006319159874692559,1.0,1.0,1.0,1.0,3.227247347850363e-06,1.0,1.0,1.0,medium
test,0,9,110,32,0.5315677150210831,58.5881153740047,964.6004736549803,0.0005506518064066768,1.0,1.0,1.0,1.0,3.2160804020100507e-06,1.0,1.0,1.0,medium
test,0,9,111,32,0.531789636996109,59.12045339299948,965.1328118729871,0.11016450822353363,0.9705882352941176,0.96875,0.96875,0.9687194525904204,3.2049134561697375e-06,1.0,1.0,1.0,medium
test,0,9,112,32,0.5321716020116583,59.65318569299416,965.6655439969909,0.0009080232121050358,1.0,1.0,1.0,1.0,3.193746510329425e-06,1.0,1.0,1.0,medium
test,0,9,113,32,0.5307620519888587,60.18448188499315,966.1968401289778,0.011321527883410454,1.0,1.0,1.0,1.0,3.1825795644891126e-06,1.0,1.0,1.0,medium
test,0,9,114,32,0.5299545369925909,60.7150222180062,966.7273804649885,0.0024698334746062756,1.0,1.0,1.0,1.0,3.1714126186487998e-06,1.0,1.0,1.0,medium
test,0,9,115,32,0.532260210980894,61.24780947700492,967.2601678019855,0.0005580473807640374,1.0,1.0,1.0,1.0,3.1602456728084874e-06,1.0,1.0,1.0,medium
test,0,9,116,32,0.5309772239997983,61.779310889018234,967.7916691559949,0.0006063441396690905,1.0,1.0,1.0,1.0,3.1490787269681745e-06,1.0,1.0,1.0,medium
test,0,9,117,32,0.5309480029973201,62.31078640700434,968.3231446569844,0.0005549542838707566,1.0,1.0,1.0,1.0,3.137911781127862e-06,1.0,1.0,1.0,medium
test,0,9,118,32,0.5318492490041535,62.84319633501582,968.8555546139833,0.19998770952224731,0.975,0.96875,0.9615384615384616,0.9671794871794872,3.126744835287549e-06,1.0,1.0,1.0,medium
test,0,9,119,32,0.5310053289867938,63.374717869999586,969.3870761689905,0.0005398139473982155,1.0,1.0,1.0,1.0,3.115577889447237e-06,1.0,1.0,1.0,medium
test,0,9,120,32,0.5310313579975627,63.90631494301488,969.9186732059752,0.0019521743524819613,1.0,1.0,1.0,1.0,3.1044109436069235e-06,1.0,1.0,1.0,medium
test,0,9,121,32,0.5319555370078888,64.43883865501266,970.4511969369778,0.26552656292915344,0.96875,0.96875,0.9705882352941176,0.9687194525904204,3.093243997766611e-06,1.0,1.0,1.0,medium
test,0,9,122,32,0.5316832549870014,64.97102961401106,970.9833878939971,0.00044818417518399656,1.0,1.0,1.0,1.0,3.0820770519262983e-06,1.0,1.0,1.0,medium
test,0,9,123,32,0.5311511819891166,65.5026856700133,971.5150439169956,0.0005084419390186667,1.0,1.0,1.0,1.0,3.070910106085986e-06,1.0,1.0,1.0,medium
test,0,9,124,32,0.5317312919942196,66.03491645801114,972.047274735989,0.043849628418684006,0.9772727272727273,0.96875,0.9545454545454546,0.964562569213732,3.059743160245673e-06,1.0,1.0,1.0,medium
test,0,9,125,32,0.5312892450019717,66.56670708401361,972.579065362981,0.0007158149965107441,1.0,1.0,1.0,1.0,3.0485762144053606e-06,1.0,1.0,1.0,medium
test,0,9,126,32,0.5305090759939048,67.09771358501166,973.1100719069946,0.016661738976836205,1.0,1.0,1.0,1.0,3.0374092685650473e-06,1.0,1.0,1.0,medium
test,0,9,127,32,0.5317357280000579,67.62997564199031,973.6423339169996,0.0004156178329139948,1.0,1.0,1.0,1.0,3.026242322724735e-06,1.0,1.0,1.0,medium
test,0,9,128,32,0.5314922700054012,68.16200486401794,974.1743631379795,0.00043024495244026184,1.0,1.0,1.0,1.0,3.015075376884422e-06,1.0,1.0,1.0,medium
test,0,9,129,32,0.5301423009950668,68.69265886201174,974.7050171859737,0.00045415922068059444,1.0,1.0,1.0,1.0,3.0039084310441096e-06,1.0,1.0,1.0,medium
test,0,9,130,32,0.5322878950100858,69.22545713200816,975.2378157329804,0.059098344296216965,0.96875,0.96875,0.9705882352941176,0.9687194525904204,2.992741485203797e-06,1.0,1.0,1.0,medium
test,0,9,131,32,0.5310996219923254,69.75713471701602,975.769492980995,0.00042978915735147893,1.0,1.0,1.0,1.0,2.9815745393634843e-06,1.0,1.0,1.0,medium
test,0,9,132,32,0.5309581210021861,70.28858717399999,976.3009454509884,0.0006022189045324922,1.0,1.0,1.0,1.0,2.970407593523172e-06,1.09375,1.0,2.0,medium|hard
test,0,9,133,32,0.5322523189825006,70.82140433401219,976.8337626129796,0.0006033880636096001,1.0,1.0,1.0,1.0,2.959240647682859e-06,2.0,2.0,2.0,hard
test,0,9,134,32,0.53104427899234,71.35299232401303,977.3653506529809,0.0006710326997563243,1.0,1.0,1.0,1.0,2.9480737018425466e-06,2.0,2.0,2.0,hard
test,0,9,135,32,0.5312372019980103,71.8847845410055,977.8971428749792,0.0005773307057097554,1.0,1.0,1.0,1.0,2.9369067560022334e-06,2.0,2.0,2.0,hard
test,0,9,136,32,0.532199988985667,72.41757440299261,978.4299327209883,0.0005193395772948861,1.0,1.0,1.0,1.0,2.925739810161921e-06,2.0,2.0,2.0,hard
test,0,9,137,32,0.5324660059995949,72.95061554500717,978.9629738189979,0.000610963674262166,1.0,1.0,1.0,1.0,2.914572864321608e-06,2.0,2.0,2.0,hard
test,0,9,138,32,0.5312656509922817,73.48244223499205,979.4948005549959,0.0004573991463985294,1.0,1.0,1.0,1.0,2.9034059184812957e-06,2.0,2.0,2.0,hard
test,0,9,139,32,0.531571856001392,74.01454277901212,980.0269011249766,0.0004179840034339577,1.0,1.0,1.0,1.0,2.892238972640983e-06,2.0,2.0,2.0,hard
test,0,9,140,32,0.5321987940114923,74.54725332400994,980.5596116889792,0.0004426644300110638,1.0,1.0,1.0,1.0,2.8810720268006704e-06,2.0,2.0,2.0,hard
test,0,9,141,32,0.531074285012437,75.07887999201193,981.0912383259856,0.0008553251391276717,1.0,1.0,1.0,1.0,2.8699050809603575e-06,2.0,2.0,2.0,hard
test,0,9,142,32,0.530654397996841,75.61012484299135,981.622483183979,0.002217615954577923,1.0,1.0,1.0,1.0,2.858738135120045e-06,2.0,2.0,2.0,hard
test,0,9,143,32,0.5322571709984913,76.14289992200793,982.1552582879958,0.0004220719856675714,1.0,1.0,1.0,1.0,2.847571189279732e-06,2.0,2.0,2.0,hard
test,0,9,144,32,0.5311172860092483,76.67454369599,982.6869023689942,0.1588304042816162,0.9736842105263157,0.96875,0.9642857142857143,0.967967967967968,2.8364042434394194e-06,2.0,2.0,2.0,hard
test,0,9,145,32,0.5309588219970465,77.20604634599295,983.2184046109905,0.0004241846618242562,1.0,1.0,1.0,1.0,2.825237297599107e-06,2.0,2.0,2.0,hard
test,0,9,146,32,0.532451275998028,77.73906084199552,983.7514190879883,0.0004325967747718096,1.0,1.0,1.0,1.0,2.814070351758794e-06,2.0,2.0,2.0,hard
test,0,9,147,32,0.5312158800079487,78.27076865499839,984.2831269849848,0.0005704031209461391,1.0,1.0,1.0,1.0,2.8029034059184817e-06,2.0,2.0,2.0,hard
test,0,9,148,32,0.5308231719827745,78.80214840901317,984.8145066619909,0.00046454009134322405,1.0,1.0,1.0,1.0,2.791736460078169e-06,2.0,2.0,2.0,hard
test,0,9,149,32,0.5320433750166558,79.33471379001276,985.3470720569894,0.06885192543268204,0.9761904761904762,0.96875,0.9583333333333333,0.9660657476139979,2.7805695142378564e-06,2.0,2.0,2.0,hard
test,0,9,150,32,0.5319035770080518,79.86719095500303,985.8795492479985,0.00042163283796980977,1.0,1.0,1.0,1.0,2.7694025683975436e-06,2.0,2.0,2.0,hard
test,0,9,151,32,0.5308727989904583,80.39869524200913,986.4110535229847,0.0004710535577032715,1.0,1.0,1.0,1.0,2.758235622557231e-06,2.0,2.0,2.0,hard
test,0,9,152,32,0.5314784140209667,80.93070750599145,986.9430657769844,0.0004514144966378808,1.0,1.0,1.0,1.0,2.747068676716918e-06,2.0,2.0,2.0,hard
test,0,9,153,32,0.5315874080115464,81.46283343201503,987.4751917109825,0.0005996338441036642,1.0,1.0,1.0,1.0,2.7359017308766055e-06,2.0,2.0,2.0,hard
test,0,9,154,32,0.531518233998213,81.99495608900907,988.0073143779882,0.0003879338037222624,1.0,1.0,1.0,1.0,2.7247347850362926e-06,2.0,2.0,2.0,hard
test,0,9,155,32,0.5327078499831259,82.52820891499869,988.5405673069763,0.00034677746589295566,1.0,1.0,1.0,1.0,2.71356783919598e-06,2.0,2.0,2.0,hard
test,0,9,156,32,0.5319529050029814,83.06072863400914,989.0730869599793,0.0006072787218727171,1.0,1.0,1.0,1.0,2.7024008933556673e-06,2.0,2.0,2.0,hard
test,0,9,157,32,0.5306940550217405,83.5920077880146,989.6043660659925,0.00041388123645447195,1.0,1.0,1.0,1.0,2.691233947515355e-06,2.0,2.0,2.0,hard
test,0,9,158,32,0.5324187769729178,84.12490081400028,990.1372590769897,0.0006806432502344251,1.0,1.0,1.0,1.0,2.6800670016750417e-06,2.0,2.0,2.0,hard
test,0,9,159,32,0.531469367997488,84.6569000830059,990.6692583549884,0.0005058555980212986,1.0,1.0,1.0,1.0,2.6689000558347297e-06,2.0,2.0,2.0,hard
test,0,9,160,32,0.5307376199925784,85.18820013900404,991.2005583969876,0.22272510826587677,0.9705882352941176,0.96875,0.96875,0.9687194525904204,2.6577331099944164e-06,2.0,2.0,2.0,hard
test,0,9,161,32,0.5325194970064331,85.72122157199192,991.733579836,0.0003822627477347851,1.0,1.0,1.0,1.0,2.646566164154104e-06,2.0,2.0,2.0,hard
test,0,9,162,32,0.5320073670009151,86.25377124300576,992.2661295699945,0.00046285527059808373,1.0,1.0,1.0,1.0,2.6353992183137915e-06,2.0,2.0,2.0,hard
test,0,9,163,32,0.5312444449809846,86.7855990199896,992.7979573009943,0.0004506783443503082,1.0,1.0,1.0,1.0,2.6242322724734787e-06,2.0,2.0,2.0,hard
test,0,9,164,32,0.5327563239843585,87.3188827559934,993.3312410769868,0.0005508946487680078,1.0,1.0,1.0,1.0,2.6130653266331663e-06,2.0,2.0,2.0,hard
test,0,9,165,32,0.5315978420258034,87.85108292201767,993.8634412229876,0.00043078779708594084,1.0,1.0,1.0,1.0,2.6018983807928534e-06,2.0,2.0,2.0,hard
test,0,9,166,32,0.5315099720028229,88.38311131900991,994.3954695930006,0.00037934386637061834,1.0,1.0,1.0,1.0,2.590731434952541e-06,2.0,2.0,2.0,hard
test,0,9,167,32,0.5327136190026067,88.91641071299091,994.9287690380006,0.0011858311481773853,1.0,1.0,1.0,1.0,2.5795644891122277e-06,2.0,2.0,2.0,hard
test,0,9,168,32,0.5316563950036652,89.44853147299727,995.4608898379956,0.00036347282002680004,1.0,1.0,1.0,1.0,2.5683975432719153e-06,2.0,2.0,2.0,hard
test,0,9,169,32,0.5314974979846738,89.9805349020171,995.9928931879986,0.0005538327386602759,1.0,1.0,1.0,1.0,2.5572305974316024e-06,2.0,2.0,2.0,hard
test,0,9,170,32,0.5319780160207301,90.51303390099201,996.525392178999,0.0003807538596447557,1.0,1.0,1.0,1.0,2.54606365159129e-06,2.0,2.0,2.0,hard
test,0,9,171,32,0.5317806210077833,91.045341465011,997.0576997280004,0.0015017568366602063,1.0,1.0,1.0,1.0,2.534896705750977e-06,2.0,2.0,2.0,hard
test,0,9,172,32,0.531469208013732,91.57725364700309,997.5896119149984,0.0004485929966904223,1.0,1.0,1.0,1.0,2.5237297599106647e-06,2.0,2.0,2.0,hard
test,0,9,173,32,0.5320010849973187,92.10980041199946,998.1221587389882,0.012262804433703423,1.0,1.0,1.0,1.0,2.512562814070352e-06,2.0,2.0,2.0,hard
test,0,9,174,32,0.5324713189911563,92.6428890679963,998.6552473539778,0.0004999472294002771,1.0,1.0,1.0,1.0,2.5013958682300395e-06,2.0,2.0,2.0,hard
test,0,9,175,32,0.5312377910013311,93.17473090201383,999.1870892079896,0.000549770426005125,1.0,1.0,1.0,1.0,2.4902289223897266e-06,2.0,2.0,2.0,hard
test,0,9,176,32,0.5303737949870992,93.7056930460094,999.7180513329804,0.14349763095378876,0.9705882352941176,0.96875,0.96875,0.9687194525904204,2.4790619765494138e-06,2.0,2.0,2.0,hard
test,0,9,177,32,0.5321857609960716,94.2384686160076,1000.2508269129903,0.00036402101977728307,1.0,1.0,1.0,1.0,2.4678950307091013e-06,2.0,2.0,2.0,hard
test,0,9,178,32,0.5313190910092089,94.77041789900977,1000.7827761459921,0.004114819224923849,1.0,1.0,1.0,1.0,2.4567280848687885e-06,2.0,2.0,2.0,hard
test,0,9,179,32,0.5308511799958069,95.30184120501508,1001.3141994699836,0.041403524577617645,0.9642857142857143,0.96875,0.9736842105263157,0.967967967967968,2.4455611390284757e-06,2.0,2.0,2.0,hard
test,0,9,180,32,0.5317343040078413,95.83414902799996,1001.846507298993,0.000387342122849077,1.0,1.0,1.0,1.0,2.4343941931881632e-06,2.0,2.0,2.0,hard
test,0,9,181,32,0.5312064230092801,96.36584189700079,1002.378200178995,0.0006151486886665225,1.0,1.0,1.0,1.0,2.4232272473478504e-06,2.0,2.0,2.0,hard
test,0,9,182,32,0.5307701189885847,96.89715591300046,1002.9095141899888,0.00038596810190938413,1.0,1.0,1.0,1.0,2.412060301507538e-06,2.0,2.0,2.0,hard
test,0,9,183,32,0.5321902979922015,97.42990191900753,1003.4422601879924,0.0006189818377606571,1.0,1.0,1.0,1.0,2.400893355667225e-06,2.0,2.0,2.0,hard
test,0,9,184,32,0.5320276409911457,97.96240636199946,1003.9747646499891,0.0004580983077175915,1.0,1.0,1.0,1.0,2.3897264098269123e-06,2.0,2.0,2.0,hard
test,0,9,185,32,0.5309715050098021,98.49395228200592,1004.5063105369918,0.0010865809163078666,1.0,1.0,1.0,1.0,2.3785594639866e-06,2.0,2.0,2.0,hard
test,0,9,186,32,0.532124740013387,99.02662630501436,1005.0389845600002,0.00037585076643154025,1.0,1.0,1.0,1.0,2.3673925181462874e-06,2.0,2.0,2.0,hard
test,0,9,187,32,0.531959392974386,99.55903043801663,1005.5713887099992,0.0006057966966181993,1.0,1.0,1.0,1.0,2.3562255723059746e-06,2.0,2.0,2.0,hard
test,0,9,188,32,0.5310283210128546,100.09059829899343,1006.1029565749923,0.0004083502572029829,1.0,1.0,1.0,1.0,2.3450586264656617e-06,2.0,2.0,2.0,hard
test,0,9,189,32,0.532260475010844,100.62346684199292,1006.6358251039928,0.0004468854167498648,1.0,1.0,1.0,1.0,2.3338916806253493e-06,2.0,2.0,2.0,hard
test,0,9,190,32,0.5315095229889266,101.15548383299029,1007.1678420809912,0.0004880053165834397,1.0,1.0,1.0,1.0,2.3227247347850364e-06,2.0,2.0,2.0,hard
test,0,9,191,32,0.5307381809980143,101.68679450900527,1007.6991530099767,0.00047537038335576653,1.0,1.0,1.0,1.0,2.311557788944724e-06,2.0,2.0,2.0,hard
test,0,9,192,32,0.5329950999876019,102.22027929400792,1008.2326378849975,0.0011293356074020267,1.0,1.0,1.0,1.0,2.300390843104411e-06,2.0,2.0,2.0,hard
test,0,9,193,32,0.5321310560102575,102.7530149279919,1008.7653732030012,0.0004423864302225411,1.0,1.0,1.0,1.0,2.2892238972640983e-06,2.0,2.0,2.0,hard
test,0,9,194,32,0.5305819940112997,103.28414492501179,1009.2965032479842,0.0012037272099405527,1.0,1.0,1.0,1.0,2.278056951423786e-06,2.0,2.0,2.0,hard
test,0,9,195,32,0.5326723589969333,103.81734692200553,1009.829705163982,0.0003947344666812569,1.0,1.0,1.0,1.0,2.266890005583473e-06,2.0,2.0,2.0,hard
test,0,9,196,32,0.5318712320004124,104.34964885999216,1010.3620071369805,0.00040140849887393415,1.0,1.0,1.0,1.0,2.25572305974316e-06,2.0,2.0,2.0,hard
test,0,9,197,32,0.5308331490086857,104.88096773601137,1010.8933260189951,0.0004928134148940444,1.0,1.0,1.0,1.0,2.2445561139028478e-06,2.0,2.0,2.0,hard
test,0,9,198,32,0.5324161239841487,105.41381230799016,1011.4261705669924,0.0006108873058110476,1.0,1.0,1.0,1.0,2.233389168062535e-06,2.0,2.0,2.0,hard
test,0,9,199,8,0.187852394010406,105.60217891799402,1011.614537202986,0.0003996515297330916,1.0,1.0,1.0,1.0,2.222222222222222e-06,2.0,2.0,2.0,hard
test,0,10,1,32,0.5328902440087404,0.615565265994519,1020.1066312149924,0.00039557076524943113,1.0,1.0,1.0,1.0,2.21105527638191e-06,0.0,0.0,0.0,easy
test,0,10,2,32,0.5316190109879244,1.1478594109939877,1020.6389254299866,0.0003929880913347006,1.0,1.0,1.0,1.0,2.1998883305415972e-06,0.0,0.0,0.0,easy
test,0,10,3,32,0.5304146500129718,1.6788770949933678,1021.1699431079905,0.0012064778711646795,1.0,1.0,1.0,1.0,2.1887213847012844e-06,0.0,0.0,0.0,easy
test,0,10,4,32,0.5306038450216874,2.209992906980915,1021.701058947976,0.000336369383148849,1.0,1.0,1.0,1.0,2.177554438860972e-06,0.0,0.0,0.0,easy
test,0,10,5,32,0.531613954983186,2.7420686169934925,1022.2331346219871,0.00036404526326805353,1.0,1.0,1.0,1.0,2.166387493020659e-06,0.0,0.0,0.0,easy
test,0,10,6,32,0.5311394519812893,3.2737321019812953,1022.7647981069749,0.0004978246288374066,1.0,1.0,1.0,1.0,2.1552205471803463e-06,0.0,0.0,0.0,easy
test,0,10,7,32,0.53039274099865,3.80468075099634,1023.2957468429813,0.00042423958075232804,1.0,1.0,1.0,1.0,2.144053601340034e-06,0.0,0.0,0.0,easy
test,0,10,8,32,0.5322688609885518,4.337568251998164,1023.8286342719803,0.0004088110872544348,1.0,1.0,1.0,1.0,2.132886655499721e-06,0.0,0.0,0.0,easy
test,0,10,9,32,0.5313976320030633,4.869478652981343,1024.3605446589936,0.00035194362862966955,1.0,1.0,1.0,1.0,2.121719709659408e-06,0.0,0.0,0.0,easy
test,0,10,10,32,0.5305775819870178,5.400632789998781,1024.8916987569828,0.0004077770281583071,1.0,1.0,1.0,1.0,2.1105527638190957e-06,0.0,0.0,0.0,easy
test,0,10,11,32,0.5322282029956114,5.933359566988656,1025.4244255829835,0.00033916934626176953,1.0,1.0,1.0,1.0,2.099385817978783e-06,0.0,0.0,0.0,easy
test,0,10,12,32,0.5314615720126312,6.465406567993341,1025.9564725169912,0.19451703131198883,0.9705882352941176,0.96875,0.96875,0.9687194525904204,2.0882188721384704e-06,0.0,0.0,0.0,easy
test,0,10,13,32,0.5300853519875091,6.996018282981822,1026.4870842279925,0.00036918383557349443,1.0,1.0,1.0,1.0,2.0770519262981576e-06,0.0,0.0,0.0,easy
test,0,10,14,32,0.5319731210183818,7.528571713977726,1027.019637659978,0.0004817094886675477,1.0,1.0,1.0,1.0,2.0658849804578447e-06,0.0,0.0,0.0,easy
test,0,10,15,32,0.5310919040057342,8.060105639975518,1027.5511716719775,0.0003332271589897573,1.0,1.0,1.0,1.0,2.0547180346175323e-06,0.0,0.0,0.0,easy
test,0,10,16,32,0.5306995959836058,8.591413404996274,1028.082479418983,0.0003850484499707818,1.0,1.0,1.0,1.0,2.0435510887772195e-06,0.0,0.0,0.0,easy
test,0,10,17,32,0.5317048149881884,9.123706148995552,1028.6147721039888,0.0004333190736360848,1.0,1.0,1.0,1.0,2.032384142936907e-06,0.0,0.0,0.0,easy
test,0,10,18,32,0.5321886320016347,9.656457167991903,1029.1475231939985,0.0004162737459409982,1.0,1.0,1.0,1.0,2.021217197096594e-06,0.0,0.0,0.0,easy
test,0,10,19,32,0.5307648419984616,10.187811788986437,1029.6788780519855,0.00038637302350252867,1.0,1.0,1.0,1.0,2.0100502512562818e-06,0.0,0.0,0.0,easy
test,0,10,20,32,0.5314679669972975,10.719814512995072,1030.2108804699965,0.00033065484603866935,1.0,1.0,1.0,1.0,1.998883305415969e-06,0.0,0.0,0.0,easy
test,0,10,21,32,0.5316000659950078,11.25190385300084,1030.74296980098,0.000572281947825104,1.0,1.0,1.0,1.0,1.9877163595756565e-06,0.0,0.0,0.0,easy
test,0,10,22,32,0.5306871840148233,11.78313263997552,1031.274198633997,0.00039261774509213865,1.0,1.0,1.0,1.0,1.9765494137353436e-06,0.0,0.0,0.0,easy
test,0,10,23,32,0.5300495699921157,12.31375923397718,1031.804825180996,0.0003592089342419058,1.0,1.0,1.0,1.0,1.965382467895031e-06,0.0,0.0,0.0,easy
test,0,10,24,32,0.5314548260066658,12.845739899988985,1032.336805864994,0.00033718475606292486,1.0,1.0,1.0,1.0,1.9542155220547184e-06,0.0,0.0,0.0,easy
test,0,10,25,32,0.5304371280071791,13.376725555979647,1032.867791503988,0.0800871029496193,0.96875,0.96875,0.9705882352941176,0.9687194525904204,1.9430485762144055e-06,0.0,0.0,0.0,easy
test,0,10,26,32,0.5302199430007022,13.907505032984773,1033.3985710499983,0.0008074779761955142,1.0,1.0,1.0,1.0,1.9318816303740927e-06,0.0,0.0,0.0,easy
test,0,10,27,32,0.5316989030106924,14.439656624977943,1033.9307225739758,0.00033216970041394234,1.0,1.0,1.0,1.0,1.9207146845337803e-06,0.0,0.0,0.0,easy
test,0,10,28,32,0.5313160709920339,14.971538360987324,1034.4626043599856,0.0005009963060729206,1.0,1.0,1.0,1.0,1.9095477386934674e-06,0.0,0.0,0.0,easy
test,0,10,29,32,0.5302971749915741,15.502395578980213,1034.9934616039973,0.0003925443743355572,1.0,1.0,1.0,1.0,1.8983807928531548e-06,0.0,0.0,0.0,easy
test,0,10,30,32,0.5316472650156356,16.034484567004256,1035.5255505349778,0.0003753589408006519,1.0,1.0,1.0,1.0,1.8872138470128421e-06,0.0,0.0,0.0,easy
test,0,10,31,32,0.5314316320000216,16.566425756987883,1036.0574917129998,0.00032836454920470715,1.0,1.0,1.0,1.0,1.8760469011725293e-06,0.0,0.0,0.0,easy
test,0,10,32,32,0.5301431509724353,17.09715260399389,1036.588218570978,0.0007770932279527187,1.0,1.0,1.0,1.0,1.8648799553322166e-06,0.0,0.0,0.0,easy
test,0,10,33,32,0.5322037349978928,17.629887055984,1037.1209530670021,0.000401872064685449,1.0,1.0,1.0,1.0,1.8537130094919042e-06,0.0,0.0,0.0,easy
test,0,10,34,32,0.5313305649906397,18.161798344983254,1037.6528643739875,0.00032687740167602897,1.0,1.0,1.0,1.0,1.8425460636515916e-06,0.0,0.0,0.0,easy
test,0,10,35,32,0.5307238769892137,18.6929381529917,1038.1840041739924,0.00037896441062912345,1.0,1.0,1.0,1.0,1.831379117811279e-06,0.0,0.0,0.0,easy
test,0,10,36,32,0.5322841269953642,19.225784189999104,1038.7168502629793,0.0003049977240152657,1.0,1.0,1.0,1.0,1.820212171970966e-06,0.0,0.0,0.0,easy
test,0,10,37,32,0.5310927969985642,19.757472615980078,1039.2485386269982,0.0003176897007506341,1.0,1.0,1.0,1.0,1.8090452261306535e-06,0.0,0.0,0.0,easy
test,0,10,38,32,0.5313476799929049,20.289384319999954,1039.7804502619838,0.0003533995768520981,1.0,1.0,1.0,1.0,1.7978782802903408e-06,0.0,0.0,0.0,easy
test,0,10,39,32,0.5318845949950628,20.82184036698891,1040.3129063699744,0.00037339096888899803,1.0,1.0,1.0,1.0,1.7867113344500282e-06,0.0,0.0,0.0,easy
test,0,10,40,32,0.5314243680040818,21.35373538697604,1040.8448013479938,0.000378159515094012,1.0,1.0,1.0,1.0,1.7755443886097153e-06,0.0,0.0,0.0,easy
test,0,10,41,32,0.5305317880120128,21.88487135898322,1041.3759373689827,0.0004101128433831036,1.0,1.0,1.0,1.0,1.7643774427694027e-06,0.0,0.0,0.0,easy
test,0,10,42,32,0.5318501589936204,22.417329916002927,1041.9083959379932,0.00036596617428585887,1.0,1.0,1.0,1.0,1.75321049692909e-06,0.0,0.0,0.0,easy
test,0,10,43,32,0.5316905399959069,22.94961389398668,1042.4406798959826,0.0003345664299558848,1.0,1.0,1.0,1.0,1.7420435510887772e-06,0.0,0.0,0.0,easy
test,0,10,44,32,0.5311344650108367,23.481301859981613,1042.9723678989976,0.00032615778036415577,1.0,1.0,1.0,1.0,1.7308766052484646e-06,0.0,0.0,0.0,easy
test,0,10,45,32,0.5300764580024406,24.011951936001424,1043.503017894982,0.00028982653748244047,1.0,1.0,1.0,1.0,1.719709659408152e-06,0.0,0.0,0.0,easy
test,0,10,46,32,0.531607545010047,24.5441319749807,1044.035197927995,0.0003460661682765931,1.0,1.0,1.0,1.0,1.7085427135678393e-06,0.0,0.0,0.0,easy
test,0,10,47,32,0.5309643190121278,25.07565901899943,1044.5667250039987,0.0003191176801919937,1.0,1.0,1.0,1.0,1.6973757677275265e-06,0.0,0.0,0.0,easy
test,0,10,48,32,0.5304756709956564,25.606668933993205,1045.0977349169843,0.00035209505585953593,1.0,1.0,1.0,1.0,1.6862088218872138e-06,0.0,0.0,0.0,easy
test,0,10,49,32,0.531586466007866,26.13882071498665,1045.629886676994,0.00037382618756964803,1.0,1.0,1.0,1.0,1.6750418760469014e-06,0.0,0.0,0.0,easy
test,0,10,50,32,0.5312008890032303,26.67049204398063,1046.161558067979,0.0003859111457131803,1.0,1.0,1.0,1.0,1.6638749302065888e-06,0.0,0.0,0.0,easy
test,0,10,51,32,0.5300054550170898,27.201078372978372,1046.6921443209867,0.00033068563789129257,1.0,1.0,1.0,1.0,1.6527079843662761e-06,0.0,0.0,0.0,easy
test,0,10,52,32,0.5317303140182048,27.733319079998182,1047.224385088979,0.00031059622415341437,1.0,1.0,1.0,1.0,1.6415410385259633e-06,0.0,0.0,0.0,easy
test,0,10,53,32,0.531447824992938,28.26534742198419,1047.7564133839915,0.00034405136830173433,1.0,1.0,1.0,1.0,1.6303740926856506e-06,0.0,0.0,0.0,easy
test,0,10,54,32,0.5306128639786039,28.796498293988407,1048.2875642309955,0.0018454169621691108,1.0,1.0,1.0,1.0,1.619207146845338e-06,0.0,0.0,0.0,easy
test,0,10,55,32,0.5324681689962745,29.32946894300403,1048.8205349549826,0.0003588274121284485,1.0,1.0,1.0,1.0,1.6080402010050254e-06,0.0,0.0,0.0,easy
test,0,10,56,32,0.53126036998583,29.861352006992092,1049.3524180329987,0.0003248093998990953,1.0,1.0,1.0,1.0,1.5968732551647125e-06,0.0,0.0,0.0,easy
test,0,10,57,32,0.5301140530209523,30.39205002700328,1049.8831159789988,0.0004612189077306539,1.0,1.0,1.0,1.0,1.5857063093243999e-06,0.0,0.0,0.0,easy
test,0,10,58,32,0.5320563389977906,30.924649781984044,1050.415715804993,0.000392773246858269,1.0,1.0,1.0,1.0,1.5745393634840873e-06,0.0,0.0,0.0,easy
test,0,10,59,32,0.5309913659875747,31.456236170983175,1050.947302132001,0.00036284117959439754,1.0,1.0,1.0,1.0,1.5633724176437744e-06,0.0,0.0,0.0,easy
test,0,10,60,32,0.5306619470065925,31.987436686002184,1051.478502618993,0.0004454346199054271,1.0,1.0,1.0,1.0,1.5522054718034618e-06,0.0,0.0,0.0,easy
test,0,10,61,32,0.5316269090108108,32.51954684898374,1052.010612899001,0.0048083169385790825,1.0,1.0,1.0,1.0,1.5410385259631491e-06,0.0,0.0,0.0,easy
test,0,10,62,32,0.5308656519919168,33.051022797997575,1052.5420887579967,0.0004430974368005991,1.0,1.0,1.0,1.0,1.5298715801228365e-06,0.0,0.0,0.0,easy
test,0,10,63,32,0.5306500699953176,33.58218398099416,1053.0732500469894,0.000349325651768595,1.0,1.0,1.0,1.0,1.5187046342825236e-06,0.0,0.0,0.0,easy
test,0,10,64,32,0.5320201180002186,34.11470104698674,1053.6057670149894,0.00038604665314778686,1.0,1.0,1.0,1.0,1.507537688442211e-06,0.0,0.0,0.0,easy
test,0,10,65,32,0.5321221560006961,34.64745406899601,1054.1385200179939,0.0003138419706374407,1.0,1.0,1.0,1.0,1.4963707426018986e-06,0.0,0.0,0.0,easy
test,0,10,66,32,0.5308590939966962,35.17881734899129,1054.6698834039853,0.00030318304197862744,1.0,1.0,1.0,1.0,1.485203796761586e-06,0.0625,0.0,1.0,easy|medium
test,0,10,67,32,0.5304313160013407,35.7097296549764,1055.2007956419839,0.0004023467190563679,1.0,1.0,1.0,1.0,1.4740368509212733e-06,1.0,1.0,1.0,medium
test,0,10,68,32,0.5316182139795274,36.24190817098133,1055.7329741839785,0.000367168482625857,1.0,1.0,1.0,1.0,1.4628699050809605e-06,1.0,1.0,1.0,medium
test,0,10,69,32,0.5310519810009282,36.77350270599709,1056.2645687199838,0.0003519976162351668,1.0,1.0,1.0,1.0,1.4517029592406478e-06,1.0,1.0,1.0,medium
test,0,10,70,32,0.5307577959902119,37.304766251996625,1056.7958321979968,0.16396799683570862,0.98,0.96875,0.9375,0.9564625850340136,1.4405360134003352e-06,1.0,1.0,1.0,medium
test,0,10,71,32,0.5315721410152037,37.836861519986996,1057.3279275669775,0.19549107551574707,0.9642857142857143,0.96875,0.9736842105263157,0.967967967967968,1.4293690675600226e-06,1.0,1.0,1.0,medium
test,0,10,72,32,0.5311065980058629,38.36854494200088,1057.8596108889906,0.0006242115050554276,1.0,1.0,1.0,1.0,1.4182021217197097e-06,1.0,1.0,1.0,medium
test,0,10,73,32,0.5305349139962345,38.89962033397751,1058.39068627698,0.00034649763256311417,1.0,1.0,1.0,1.0,1.407035175879397e-06,1.0,1.0,1.0,medium
test,0,10,74,32,0.5317268389917444,39.431871220993344,1058.922937247,0.1987554281949997,0.9545454545454546,0.96875,0.9772727272727273,0.964562569213732,1.3958682300390844e-06,1.0,1.0,1.0,medium
test,0,10,75,32,0.5320748740050476,39.964420379983494,1059.4554863399826,0.0017283622873947024,1.0,1.0,1.0,1.0,1.3847012841987718e-06,1.0,1.0,1.0,medium
test,0,10,76,32,0.5311103259737138,40.49596541599021,1059.9870314419968,0.00033054687082767487,1.0,1.0,1.0,1.0,1.373534338358459e-06,1.0,1.0,1.0,medium
test,0,10,77,32,0.5312681249924935,41.02779404897592,1060.5188600109832,0.0008877008222043514,1.0,1.0,1.0,1.0,1.3623673925181463e-06,1.0,1.0,1.0,medium
test,0,10,78,32,0.53147634700872,41.55980904400349,1061.0508750649751,0.00039596756687387824,1.0,1.0,1.0,1.0,1.3512004466778337e-06,1.0,1.0,1.0,medium
test,0,10,79,32,0.5306744039990008,42.091033329983475,1061.582099274994,0.0003272991452831775,1.0,1.0,1.0,1.0,1.3400335008375208e-06,1.0,1.0,1.0,medium
test,0,10,80,32,0.5318436689849477,42.6234093089879,1062.1144752729742,0.00033257913310080767,1.0,1.0,1.0,1.0,1.3288665549972082e-06,1.0,1.0,1.0,medium
test,0,10,81,32,0.5315068420022726,43.155432644998655,1062.6464986429783,0.00032004740205593407,1.0,1.0,1.0,1.0,1.3176996091568958e-06,1.0,1.0,1.0,medium
test,0,10,82,32,0.5302313750144094,43.68612413300434,1063.1771901809843,0.0003418346168473363,1.0,1.0,1.0,1.0,1.3065326633165831e-06,1.0,1.0,1.0,medium
test,0,10,83,32,0.5322579640196636,44.219017225987045,1063.710083329992,0.00036421354161575437,1.0,1.0,1.0,1.0,1.2953657174762705e-06,1.0,1.0,1.0,medium
test,0,10,84,32,0.5319430959934834,44.751468247995945,1064.2425342579954,0.0003213110030628741,1.0,1.0,1.0,1.0,1.2841987716359576e-06,1.0,1.0,1.0,medium
test,0,10,85,32,0.5311388140253257,45.28316375098075,1064.7742297149962,0.0005431328900158405,1.0,1.0,1.0,1.0,1.273031825795645e-06,1.0,1.0,1.0,medium
test,0,10,86,32,0.5322887279908173,45.815969753981335,1065.307035712991,0.0003531124966684729,1.0,1.0,1.0,1.0,1.2618648799553324e-06,1.0,1.0,1.0,medium
test,0,10,87,32,0.5313795459805988,46.34781633797684,1065.8388822919806,0.06988110393285751,0.96875,0.96875,0.9705882352941176,0.9687194525904204,1.2506979341150197e-06,1.0,1.0,1.0,medium
test,0,10,88,32,0.5313440869795159,46.87972937998711,1066.3707953789853,0.0003393283695913851,1.0,1.0,1.0,1.0,1.2395309882747069e-06,1.0,1.0,1.0,medium
test,0,10,89,32,0.5320636869873852,47.412337784975534,1066.903403727978,0.0003304451238363981,1.0,1.0,1.0,1.0,1.2283640424343942e-06,1.0,1.0,1.0,medium
test,0,10,90,32,0.5312426110031083,47.944119903986575,1067.4351858869777,0.07733525335788727,0.96875,0.96875,0.9705882352941176,0.9687194525904204,1.2171970965940816e-06,1.0,1.0,1.0,medium
test,0,10,91,32,0.5314160970156081,48.47611178699299,1067.9671777629992,0.00036626789369620383,1.0,1.0,1.0,1.0,1.206030150753769e-06,1.0,1.0,1.0,medium
test,0,10,92,32,0.5318667970132083,49.0085547780036,1068.4996207459772,0.00035159519757144153,1.0,1.0,1.0,1.0,1.1948632049134561e-06,1.0,1.0,1.0,medium
test,0,10,93,32,0.5326647849869914,49.541765622998355,1069.0328319019754,0.1395222246646881,0.9722222222222222,0.96875,0.9666666666666667,0.9684729064039409,1.1836962590731437e-06,1.0,1.0,1.0,medium
test,0,10,94,32,0.5310640890093055,50.073419642983936,1069.564485607989,0.00031882544863037765,1.0,1.0,1.0,1.0,1.1725293132328309e-06,1.0,1.0,1.0,medium
test,0,10,95,32,0.5303518660075497,50.60433369598468,1070.0953997299948,0.0005604128236882389,1.0,1.0,1.0,1.0,1.1613623673925182e-06,1.0,1.0,1.0,medium
test,0,10,96,32,0.5319451880059205,51.13683012599358,1070.6278960799973,0.14786851406097412,0.96875,0.96875,0.9705882352941176,0.9687194525904204,1.1501954215522056e-06,1.0,1.0,1.0,medium
test,0,10,97,32,0.5315520970034413,51.668901463999646,1071.159967413987,0.0003111118567176163,1.0,1.0,1.0,1.0,1.139028475711893e-06,1.0,1.0,1.0,medium
test,0,10,98,32,0.5311855759937316,52.20062449699617,1071.6916905529797,0.00031591494916938245,1.0,1.0,1.0,1.0,1.12786152987158e-06,1.0,1.0,1.0,medium
test,0,10,99,32,0.5323165699956007,52.73338711899123,1072.2244531439792,0.0004271241487003863,1.0,1.0,1.0,1.0,1.1166945840312675e-06,1.0,1.0,1.0,medium
test,0,10,100,32,0.5311562250135466,53.26499112599413,1072.7560570789792,0.00030308266286738217,1.0,1.0,1.0,1.0,1.105527638190955e-06,1.0,1.0,1.0,medium
test,0,10,101,32,0.5306751570024062,53.79621988697909,1073.2872858949995,0.07379323989152908,0.9666666666666667,0.96875,0.9722222222222222,0.9684729064039409,1.0943606923506422e-06,1.0,1.0,1.0,medium
test,0,10,102,32,0.531759833014803,54.32856797898421,1073.8196339589776,0.0003361544804647565,1.0,1.0,1.0,1.0,1.0831937465103296e-06,1.0,1.0,1.0,medium
test,0,10,103,32,0.5315447119937744,54.86063902100432,1074.351705018984,0.00028144390671513975,1.0,1.0,1.0,1.0,1.072026800670017e-06,1.0,1.0,1.0,medium
test,0,10,104,32,0.5310985879914369,55.39236860300298,1074.8834345439973,0.00038600346306338906,1.0,1.0,1.0,1.0,1.060859854829704e-06,1.0,1.0,1.0,medium
test,0,10,105,32,0.5318889430200215,55.924760255002184,1075.415826217999,0.08879215270280838,0.9705882352941176,0.96875,0.96875,0.9687194525904204,1.0496929089893914e-06,1.0,1.0,1.0,medium
test,0,10,106,32,0.5318005379813258,56.45702359700226,1075.9480895919842,0.00032141280826181173,1.0,1.0,1.0,1.0,1.0385259631490788e-06,1.0,1.0,1.0,medium
test,0,10,107,32,0.5307070729904808,56.98826166399522,1076.4793276299897,0.0006589199183508754,1.0,1.0,1.0,1.0,1.0273590173087662e-06,1.0,1.0,1.0,medium
test,0,10,108,32,0.5322227669821586,57.52104582299944,1077.012111834978,0.16952002048492432,0.9642857142857143,0.96875,0.9736842105263157,0.967967967967968,1.0161920714684535e-06,1.0,1.0,1.0,medium
test,0,10,109,32,0.5317896619962994,58.0533867990016,1077.5444527569925,0.00038582232082262635,1.0,1.0,1.0,1.0,1.0050251256281409e-06,1.0,1.0,1.0,medium
test,0,10,110,32,0.5305776399909519,58.584450784983346,1078.075516743993,0.005615856032818556,1.0,1.0,1.0,1.0,9.938581797878282e-07,1.0,1.0,1.0,medium
test,0,10,111,32,0.5321195819997229,59.117073222994804,1078.6081391879998,0.0003402968868613243,1.0,1.0,1.0,1.0,9.826912339475154e-07,1.0,1.0,1.0,medium
test,0,10,112,32,0.5318184309871867,59.649398885987466,1079.1404649149918,0.00034808646887540817,1.0,1.0,1.0,1.0,9.715242881072028e-07,1.0,1.0,1.0,medium
test,0,10,113,32,0.530971173022408,60.180809883982874,1079.6718758929928,0.0007500085048377514,1.0,1.0,1.0,1.0,9.603573422668901e-07,1.0,1.0,1.0,medium
test,0,10,114,32,0.5324709369742777,60.713734841992846,1080.2048009369755,0.00036130144144408405,1.0,1.0,1.0,1.0,9.491903964265774e-07,1.0,1.0,1.0,medium
test,0,10,115,32,0.5318841700209305,61.24616901599802,1080.7372352389793,0.0004024332156404853,1.0,1.0,1.0,1.0,9.380234505862646e-07,1.0,1.0,1.0,medium
test,0,10,116,32,0.5311781520140357,61.77789458099869,1081.268960641988,0.00031528278486803174,1.0,1.0,1.0,1.0,9.268565047459521e-07,1.0,1.0,1.0,medium
test,0,10,117,32,0.5326110520109069,62.31107642198913,1081.8021424639737,0.0005315036396495998,1.0,1.0,1.0,1.0,9.156895589056395e-07,1.0,1.0,1.0,medium
test,0,10,118,32,0.5313977949845139,62.8429307960032,1082.333996811998,0.0004568159347400069,1.0,1.0,1.0,1.0,9.045226130653267e-07,1.0,1.0,1.0,medium
test,0,10,119,32,0.5311388209811412,63.37461952297599,1082.8656854839937,0.000368095759768039,1.0,1.0,1.0,1.0,8.933556672250141e-07,1.0,1.0,1.0,medium
test,0,10,120,32,0.5321530299843289,63.907315686985385,1083.3983816469845,0.0005932103376835585,1.0,1.0,1.0,1.0,8.821887213847014e-07,1.0,1.0,1.0,medium
test,0,10,121,32,0.5317806289822329,64.43961397997919,1083.9306799929764,0.2510586380958557,0.96875,0.96875,0.9705882352941176,0.9687194525904204,8.710217755443886e-07,1.0,1.0,1.0,medium
test,0,10,122,32,0.5308490289899055,64.9710063909879,1084.4620724669949,0.22853173315525055,0.9722222222222222,0.96875,0.9666666666666667,0.9684729064039409,8.59854829704076e-07,1.0,1.0,1.0,medium
test,0,10,123,32,0.5320061879756395,65.50356691799243,1084.9946329489758,0.00039685971569269896,1.0,1.0,1.0,1.0,8.486878838637632e-07,1.0,1.0,1.0,medium
test,0,10,124,32,0.5318848619936034,66.0359687639866,1085.5270347289916,0.00038857173058204353,1.0,1.0,1.0,1.0,8.375209380234507e-07,1.0,1.0,1.0,medium
test,0,10,125,32,0.5307997599884402,66.56732441598433,1086.0583903819788,0.0005789081333205104,1.0,1.0,1.0,1.0,8.263539921831381e-07,1.0,1.0,1.0,medium
test,0,10,126,32,0.5299021090031601,67.09780752597726,1086.5888735689805,0.0008573413942940533,1.0,1.0,1.0,1.0,8.151870463428253e-07,1.0,1.0,1.0,medium
test,0,10,127,32,0.5320758679881692,67.63039879698772,1087.1214648059977,0.00032782769994810224,1.0,1.0,1.0,1.0,8.040201005025127e-07,1.0,1.0,1.0,medium
test,0,10,128,32,0.5311948040034622,68.16215378599009,1087.6532197429915,0.0004179314128123224,1.0,1.0,1.0,1.0,7.928531546621999e-07,1.0,1.0,1.0,medium
test,0,10,129,32,0.5308534429932479,68.69350214998121,1088.1845681459818,0.00033418938983231783,1.0,1.0,1.0,1.0,7.816862088218872e-07,1.0,1.0,1.0,medium
test,0,10,130,32,0.5319618939829525,69.22600777598564,1088.7170737279812,0.0003977786982432008,1.0,1.0,1.0,1.0,7.705192629815746e-07,1.0,1.0,1.0,medium
test,0,10,131,32,0.5308598869887646,69.75735020797583,1089.2484163109912,0.0003493055119179189,1.0,1.0,1.0,1.0,7.593523171412618e-07,1.0,1.0,1.0,medium
test,0,10,132,32,0.5310390439990442,70.28898324398324,1089.780049396999,0.0003492829273454845,1.0,1.0,1.0,1.0,7.481853713009493e-07,1.09375,1.0,2.0,medium|hard
test,0,10,133,32,0.5318644159997348,70.82140780999907,1090.312473781989,0.0003573533031158149,1.0,1.0,1.0,1.0,7.370184254606367e-07,2.0,2.0,2.0,hard
test,0,10,134,32,0.5318520779837854,71.35380575698218,1090.8448717309802,0.11997845023870468,0.9583333333333333,0.96875,0.9761904761904762,0.9660657476139979,7.258514796203239e-07,2.0,2.0,2.0,hard
test,0,10,135,32,0.5307138419884723,71.88495173898991,1091.3760177759978,0.03567616268992424,0.96875,0.96875,0.9705882352941176,0.9687194525904204,7.146845337800113e-07,2.0,2.0,2.0,hard
test,0,10,136,32,0.5320355060102884,72.41758369098534,1091.9086496559903,0.009551562368869781,1.0,1.0,1.0,1.0,7.035175879396985e-07,2.0,2.0,2.0,hard
test,0,10,137,32,0.5315774129994679,72.94965432398021,1092.4407202829898,0.0005759012419730425,1.0,1.0,1.0,1.0,6.923506420993859e-07,2.0,2.0,2.0,hard
test,0,10,138,32,0.5310071499843616,73.48112425699946,1092.9721902359743,0.00035113608464598656,1.0,1.0,1.0,1.0,6.811836962590732e-07,2.0,2.0,2.0,hard
test,0,10,139,32,0.5327303259982727,74.014429775998,1093.5054957809916,0.0002924915752373636,1.0,1.0,1.0,1.0,6.700167504187604e-07,2.0,2.0,2.0,hard
test,0,10,140,32,0.5319238580123056,74.54692290598177,1094.0379889109754,0.00044014817103743553,1.0,1.0,1.0,1.0,6.588498045784479e-07,2.0,2.0,2.0,hard
test,0,10,141,32,0.5307691449997947,75.0783135870006,1094.5693795399857,0.0007351638050749898,1.0,1.0,1.0,1.0,6.476828587381352e-07,2.0,2.0,2.0,hard
test,0,10,142,32,0.5324545119947288,75.61130489298375,1095.1023709089786,0.00028462556656450033,1.0,1.0,1.0,1.0,6.365159128978225e-07,2.0,2.0,2.0,hard
test,0,10,143,32,0.5321611610124819,76.14398924598936,1095.635055227991,0.0003386281314305961,1.0,1.0,1.0,1.0,6.253489670575099e-07,2.0,2.0,2.0,hard
test,0,10,144,32,0.5308833729941398,76.67543783798465,1096.1665038449864,0.14265920221805573,0.9736842105263157,0.96875,0.9642857142857143,0.967967967967968,6.141820212171971e-07,2.0,2.0,2.0,hard
test,0,10,145,32,0.5324825689895079,77.20841379399644,1096.6994797499792,0.00035116393701173365,1.0,1.0,1.0,1.0,6.030150753768845e-07,2.0,2.0,2.0,hard
test,0,10,146,32,0.532196184998611,77.74111352299224,1097.2321794899763,0.00033654365688562393,1.0,1.0,1.0,1.0,5.918481295365719e-07,2.0,2.0,2.0,hard
test,0,10,147,32,0.5314704040065408,78.27310274497722,1097.7641687619907,0.1673750877380371,0.9583333333333333,0.96875,0.9761904761904762,0.9660657476139979,5.806811836962591e-07,2.0,2.0,2.0,hard
test,0,10,148,32,0.5327192819968332,78.80627337397891,1098.2973393599968,0.0007779918960295618,1.0,1.0,1.0,1.0,5.695142378559465e-07,2.0,2.0,2.0,hard
test,0,10,149,32,0.53225032199407,79.33909379900433,1098.8301598219841,0.00045664882054552436,1.0,1.0,1.0,1.0,5.583472920156337e-07,2.0,2.0,2.0,hard
test,0,10,150,32,0.5317412790027447,79.87137975997757,1099.362445783976,0.0005669137462973595,1.0,1.0,1.0,1.0,5.471803461753211e-07,2.0,2.0,2.0,hard
test,0,10,151,32,0.5326983419945464,80.40466169198044,1099.895727930998,0.00039742770604789257,1.0,1.0,1.0,1.0,5.360134003350085e-07,2.0,2.0,2.0,hard
test,0,10,152,32,0.5315927550254855,80.93683791099465,1100.4279039109824,0.0003610159328673035,1.0,1.0,1.0,1.0,5.248464544946957e-07,2.0,2.0,2.0,hard
test,0,10,153,32,0.5315330579760484,81.46894918198814,1100.9600151349732,0.0014829912688583136,1.0,1.0,1.0,1.0,5.136795086543831e-07,2.0,2.0,2.0,hard
test,0,10,154,32,0.5326582390116528,82.00218449698878,1101.49325050498,0.0003656258340924978,1.0,1.0,1.0,1.0,5.025125628140704e-07,2.0,2.0,2.0,hard
test,0,10,155,32,0.5319131219875999,82.53466446397942,1102.0257304719999,0.00028456529253162444,1.0,1.0,1.0,1.0,4.913456169737577e-07,2.0,2.0,2.0,hard
test,0,10,156,32,0.5309229410195258,83.06612929198309,1102.557195233996,0.005956219509243965,1.0,1.0,1.0,1.0,4.801786711334451e-07,2.0,2.0,2.0,hard
test,0,10,157,32,0.5319558749906719,83.59865120399627,1103.0897172069817,0.0003397513064555824,1.0,1.0,1.0,1.0,4.690117252931323e-07,2.0,2.0,2.0,hard
test,0,10,158,32,0.5323358739842661,84.13142298598541,1103.6224889339937,0.0003848072374239564,1.0,1.0,1.0,1.0,4.5784477945281974e-07,2.0,2.0,2.0,hard
test,0,10,159,32,0.5315239150077105,84.66340614898945,1104.1544721739774,0.15029025077819824,0.9666666666666667,0.96875,0.9722222222222222,0.9684729064039409,4.4667783361250705e-07,2.0,2.0,2.0,hard
test,0,10,160,32,0.5317324110073969,85.19569729198702,1104.686763242993,0.18451052904129028,0.9705882352941176,0.96875,0.96875,0.9687194525904204,4.355108877721943e-07,2.0,2.0,2.0,hard
test,0,10,161,32,0.5320891500159632,85.72832690898213,1105.2193929399946,0.00041128811426460743,1.0,1.0,1.0,1.0,4.243439419318816e-07,2.0,2.0,2.0,hard
test,0,10,162,32,0.531316714012064,86.2600966989994,1105.7511626749765,0.0005160029977560043,1.0,1.0,1.0,1.0,4.1317699609156903e-07,2.0,2.0,2.0,hard
test,0,10,163,32,0.530739582987735,86.79140635300428,1106.2824723119847,0.0004279462154954672,1.0,1.0,1.0,1.0,4.0201005025125634e-07,2.0,2.0,2.0,hard
test,0,10,164,32,0.5321747320122086,87.32403749399236,1106.8151034959883,0.0005839366349391639,1.0,1.0,1.0,1.0,3.908431044109436e-07,2.0,2.0,2.0,hard
test,0,10,165,32,0.531038613000419,87.85561910699471,1107.3466851279954,0.002563568763434887,1.0,1.0,1.0,1.0,3.796761585706309e-07,2.0,2.0,2.0,hard
test,0,10,166,32,0.5310198490042239,88.38721098398673,1107.8782769499812,0.0003498863079585135,1.0,1.0,1.0,1.0,3.6850921273031833e-07,2.0,2.0,2.0,hard
test,0,10,167,32,0.5322679200035054,88.92005631400389,1108.4111223289801,0.004244644660502672,1.0,1.0,1.0,1.0,3.5734226689000564e-07,2.0,2.0,2.0,hard
test,0,10,168,32,0.5317238099814858,89.4523036989849,1108.94336973998,0.0003122762718703598,1.0,1.0,1.0,1.0,3.4617532104969295e-07,2.0,2.0,2.0,hard
test,0,10,169,32,0.5328030179953203,89.98561069500283,1109.4766766519751,0.0939953625202179,0.9666666666666667,0.96875,0.9722222222222222,0.9684729064039409,3.350083752093802e-07,2.0,2.0,2.0,hard
test,0,10,170,32,0.5327913500077557,90.51913338998565,1110.0101993930002,0.00032915768679231405,1.0,1.0,1.0,1.0,3.238414293690676e-07,2.0,2.0,2.0,hard
test,0,10,171,32,0.5314370689739008,91.05116569099482,1110.542231645988,0.00034616896300576627,1.0,1.0,1.0,1.0,3.1267448352875493e-07,2.0,2.0,2.0,hard
test,0,10,172,32,0.5312585729989223,91.58296115498524,1111.0740271739778,0.00028823019238188863,1.0,1.0,1.0,1.0,3.0150753768844224e-07,2.0,2.0,2.0,hard
test,0,10,173,32,0.5322886120120529,92.11568969200016,1111.6067556490016,0.0003908019862137735,1.0,1.0,1.0,1.0,2.9034059184812955e-07,2.0,2.0,2.0,hard
test,0,10,174,32,0.5317918460059445,92.64810363799916,1112.139169609989,0.00042151709203608334,1.0,1.0,1.0,1.0,2.7917364600781687e-07,2.0,2.0,2.0,hard
test,0,10,175,32,0.5305540599802043,93.17919558598078,1112.6702652189997,0.0003682532405946404,1.0,1.0,1.0,1.0,2.6800670016750423e-07,2.0,2.0,2.0,hard
test,0,10,176,32,0.5319531630084384,93.7117384649755,1113.2028044709878,0.0004272854421287775,1.0,1.0,1.0,1.0,2.5683975432719154e-07,2.0,2.0,2.0,hard
test,0,10,177,32,0.5319311720086262,94.24428926900146,1113.735355310986,0.00037351265200413764,1.0,1.0,1.0,1.0,2.4567280848687885e-07,2.0,2.0,2.0,hard
test,0,10,178,32,0.5307552040030714,94.77556939198985,1114.2666354179964,0.00048281383351422846,1.0,1.0,1.0,1.0,2.3450586264656616e-07,2.0,2.0,2.0,hard
test,0,10,179,32,0.5328395600081421,95.30891839199467,1114.7999843669822,0.0006691818125545979,1.0,1.0,1.0,1.0,2.2333891680625352e-07,2.0,2.0,2.0,hard
test,0,10,180,32,0.5319034269778058,95.84143594399211,1115.3325019659824,0.000309071212541312,1.0,1.0,1.0,1.0,2.121719709659408e-07,2.0,2.0,2.0,hard
test,0,10,181,32,0.530684558005305,96.37265401199693,1115.8637199589866,0.00046563977957703173,1.0,1.0,1.0,1.0,2.0100502512562817e-07,2.0,2.0,2.0,hard
test,0,10,182,32,0.5324952240043785,96.90570779098198,1116.396773792978,0.00035459766513668,1.0,1.0,1.0,1.0,1.8983807928531546e-07,2.0,2.0,2.0,hard
test,0,10,183,32,0.5315657469909638,97.43786857399391,1116.928934586991,0.0005285394727252424,1.0,1.0,1.0,1.0,1.7867113344500282e-07,2.0,2.0,2.0,hard
test,0,10,184,32,0.5303332479961682,97.9687484879978,1117.4598145069904,0.00039860623655840755,1.0,1.0,1.0,1.0,1.675041876046901e-07,2.0,2.0,2.0,hard
test,0,10,185,32,0.5325723739806563,98.5018722609966,1117.992938277981,0.00045265548396855593,1.0,1.0,1.0,1.0,1.5633724176437747e-07,2.0,2.0,2.0,hard
test,0,10,186,32,0.5317602599970996,99.03420452799764,1118.5252705529856,0.00042620222666300833,1.0,1.0,1.0,1.0,1.4517029592406478e-07,2.0,2.0,2.0,hard
test,0,10,187,32,0.5315487140032928,99.56626776099438,1119.0573337679962,0.0014228177024051547,1.0,1.0,1.0,1.0,1.3400335008375211e-07,2.0,2.0,2.0,hard
test,0,10,188,32,0.532933904993115,100.0996613719908,1119.5907273969788,0.0003722517576534301,1.0,1.0,1.0,1.0,1.2283640424343942e-07,2.0,2.0,2.0,hard
test,0,10,189,32,0.5317194719973486,100.63189560698811,1120.1229616069759,0.0003662107337731868,1.0,1.0,1.0,1.0,1.1166945840312676e-07,2.0,2.0,2.0,hard
test,0,10,190,32,0.5317054979968816,101.16404651498306,1120.6551124579855,0.00048755816533230245,1.0,1.0,1.0,1.0,1.0050251256281409e-07,2.0,2.0,2.0,hard
test,0,10,191,32,0.5318879830010701,101.69641175898141,1121.1874777889752,0.00928561668843031,1.0,1.0,1.0,1.0,8.933556672250141e-08,2.0,2.0,2.0,hard
test,0,10,192,32,0.532036746997619,102.22903076300281,1121.7200967889803,0.002985742874443531,1.0,1.0,1.0,1.0,7.816862088218873e-08,2.0,2.0,2.0,hard
test,0,10,193,32,0.5324128359789029,102.76199351699324,1122.253059509996,0.000541750923730433,1.0,1.0,1.0,1.0,6.700167504187606e-08,2.0,2.0,2.0,hard
test,0,10,194,32,0.5323275400151033,103.29494665598031,1122.7860126359737,0.0007652203785255551,1.0,1.0,1.0,1.0,5.583472920156338e-08,2.0,2.0,2.0,hard
test,0,10,195,32,0.5317798330215737,103.82728542698896,1123.318351435999,0.0009996088920161128,1.0,1.0,1.0,1.0,4.4667783361250705e-08,2.0,2.0,2.0,hard
test,0,10,196,32,0.5316215429920703,104.35943011398194,1123.8504961149883,0.00039998567081056535,1.0,1.0,1.0,1.0,3.350083752093803e-08,2.0,2.0,2.0,hard
test,0,10,197,32,0.5323443829838652,104.89219125398085,1124.3832572689862,0.000697342911735177,1.0,1.0,1.0,1.0,2.2333891680625352e-08,2.0,2.0,2.0,hard
test,0,10,198,32,0.5322896500001661,105.42495325900381,1124.9160192729905,0.0004646038869395852,1.0,1.0,1.0,1.0,1.1166945840312676e-08,2.0,2.0,2.0,hard
test,0,10,199,8,0.18754200101830065,105.61293029997614,1125.1039963219955,0.00047271393123082817,1.0,1.0,1.0,1.0,0.0,2.0,2.0,2.0,hard
