split,fold,epoch,batch,batch_size,batch_time_seconds,epoch_accumulated_time_seconds,total_accumulated_time_seconds,loss,precision,accuracy,recall,f1,learning_rate,difficulty_mean,difficulty_min,difficulty_max,difficulty_labels
test,0,1,1,32,0.7699021649896167,0.8288394210103434,0.8294492230052128,0.7118324041366577,0.5,0.5,0.5,0.3816425120772947,3.125e-07,0.0,0.0,0.0,easy
test,0,1,2,32,0.5252669409965165,1.3756343650165945,1.3762441870057955,0.6602596044540405,0.31666666666666665,0.59375,0.4523809523809524,0.37254901960784315,6.25e-07,0.0,0.0,0.0,easy
test,0,1,3,32,0.5275094489916228,1.9036061720107682,1.9042160740063991,0.6498050689697266,0.3225806451612903,0.625,0.47619047619047616,0.38461538461538464,9.375000000000001e-07,0.0,0.0,0.0,easy
test,0,1,4,32,0.526893160014879,2.4310871320194565,2.4316969479841646,0.7106943130493164,0.25,0.5,0.5,0.3333333333333333,1.25e-06,0.0,0.0,0.0,easy
test,0,1,5,32,0.5279925260110758,2.959615157014923,2.96022505799192,0.6513768434524536,0.328125,0.65625,0.5,0.39622641509433965,1.5625e-06,0.0,0.0,0.0,easy
test,0,1,6,32,0.5283638459804934,3.488587568019284,3.4891974789788947,0.7063839435577393,0.25,0.5,0.5,0.3333333333333333,1.8750000000000003e-06,0.0,0.0,0.0,easy
test,0,1,7,32,0.5279791979992297,4.017157096997835,4.017767006997019,0.698823869228363,0.5333333333333333,0.5625,0.5079365079365079,0.4166666666666667,2.1875000000000002e-06,0.0,0.0,0.0,easy
test,0,1,8,32,0.5285629889986012,4.546248692000518,4.5468585759808775,0.7375122904777527,0.22580645161290322,0.4375,0.4666666666666667,0.30434782608695654,2.5e-06,0.0,0.0,0.0,easy
test,0,1,9,32,0.5291928510123398,5.075900499999989,5.076510357990628,0.7485904693603516,0.171875,0.34375,0.5,0.2558139534883721,2.8125e-06,0.0,0.0,0.0,easy
test,0,1,10,32,0.528998560999753,5.60543740799767,5.60604720399715,0.6769425868988037,0.3125,0.625,0.5,0.38461538461538464,3.125e-06,0.0,0.0,0.0,easy
test,0,1,11,32,0.5278581989987288,6.133840580005199,6.134450518991798,0.6920887231826782,0.25,0.5,0.5,0.3333333333333333,3.4375e-06,0.0,0.0,0.0,easy
test,0,1,12,32,0.5283978890220169,6.66275794399553,6.6633677989884745,0.7249358892440796,0.21875,0.4375,0.5,0.30434782608695654,3.7500000000000005e-06,0.0,0.0,0.0,easy
test,0,1,13,32,0.5284734049928375,7.191799171996536,7.192409091978334,0.7183111906051636,0.3390804597701149,0.34375,0.4416666666666667,0.2873806998939554,4.0625000000000005e-06,0.0,0.0,0.0,easy
test,0,1,14,32,0.5272734290047083,7.719653192994883,7.720262966991868,0.7646350264549255,0.39285714285714285,0.3125,0.4454545454545455,0.2874493927125506,4.3750000000000005e-06,0.0,0.0,0.0,easy
test,0,1,15,32,0.5289512049930636,8.249184442014666,8.249794228002429,0.704612135887146,0.48333333333333334,0.46875,0.49607843137254903,0.36374269005847953,4.6875000000000004e-06,0.0,0.0,0.0,easy
test,0,1,16,32,0.5295267350156792,8.779249397019157,8.779859325004509,0.6829508543014526,0.45977011494252873,0.5625,0.4858299595141701,0.4166666666666667,5e-06,0.0,0.0,0.0,easy
test,0,1,17,32,0.529305859003216,9.309137764998013,9.309747549006715,0.6744478940963745,0.7903225806451613,0.59375,0.5357142857142857,0.4340136054421769,5.3125e-06,0.0,0.0,0.0,easy
test,0,1,18,32,0.5285269810119644,9.83819542801939,9.838805278006475,0.6842162609100342,0.265625,0.53125,0.5,0.3469387755102041,5.625e-06,0.0,0.0,0.0,easy
test,0,1,19,32,0.5306762520049233,10.369411824998679,10.370021662994986,0.6512640714645386,0.6781609195402298,0.6875,0.5670995670995671,0.5428571428571429,5.9375e-06,0.0,0.0,0.0,easy
test,0,1,20,32,0.5296225500060245,10.899618046008982,10.90022796698031,0.7101775407791138,0.5919540229885057,0.53125,0.53125,0.43859649122807015,6.25e-06,0.0,0.0,0.0,easy
test,0,1,21,32,0.5297218289924785,11.42992221500026,11.430532400001539,0.6910607814788818,0.5333333333333333,0.5625,0.5079365079365079,0.4166666666666667,6.5625e-06,0.0,0.0,0.0,easy
test,0,1,22,32,0.5306169939867686,11.961012898012996,11.961622757982695,0.740898847579956,0.14516129032258066,0.28125,0.45,0.21951219512195122,6.875e-06,0.0,0.0,0.0,easy
test,0,1,23,32,0.5308429720171262,12.492454026010819,12.49306392800645,0.7254563570022583,0.3333333333333333,0.4375,0.3968253968253968,0.34545454545454546,7.1875e-06,0.75,0.0,1.0,easy|medium
test,0,1,24,32,0.5299660940072499,13.022870432992931,13.023480287985876,0.7092505693435669,0.48333333333333334,0.46875,0.49607843137254903,0.36374269005847953,7.500000000000001e-06,1.0,1.0,1.0,medium
test,0,1,25,32,0.5313158700009808,13.554713916993933,13.555323701992165,0.6757444143295288,0.3064516129032258,0.59375,0.475,0.37254901960784315,7.8125e-06,1.0,1.0,1.0,medium
test,0,1,26,32,0.5300959379819687,14.085396151000168,14.086006017983891,0.6827024221420288,0.2903225806451613,0.5625,0.47368421052631576,0.36,8.125000000000001e-06,1.0,1.0,1.0,medium
test,0,1,27,32,0.5297417789988685,14.615702912007691,14.616312742989976,0.6928055882453918,0.23333333333333334,0.4375,0.4375,0.30434782608695654,8.4375e-06,1.0,1.0,1.0,medium
test,0,1,28,32,0.5311626490147319,15.147360300994478,15.14797011698829,0.7022426128387451,0.20967741935483872,0.40625,0.4642857142857143,0.28888888888888886,8.750000000000001e-06,1.0,1.0,1.0,medium
test,0,1,29,32,0.5303748680162244,15.678271996992407,15.678881778992945,0.7006489038467407,0.45,0.40625,0.48785425101214575,0.3266888150609081,9.0625e-06,1.0,1.0,1.0,medium
test,0,1,30,32,0.5304855819849763,16.20921766999527,16.209827512997435,0.6778088212013245,0.6885714285714286,0.59375,0.6309523809523809,0.5733333333333333,9.375000000000001e-06,1.0,1.0,1.0,medium
test,0,1,31,32,0.5307951850118116,16.740605058992514,16.741214893991128,0.6501312255859375,0.6436781609195402,0.625,0.5506072874493927,0.5,9.6875e-06,1.0,1.0,1.0,medium
test,0,1,32,32,0.5311854890023824,17.27241068999865,17.27302055200562,0.6549028754234314,0.8103448275862069,0.65625,0.6071428571428571,0.5594493116395495,1e-05,1.0,1.0,1.0,medium
test,0,1,33,32,0.530117317015538,17.803185783006484,17.803795622981852,0.6978596448898315,0.45,0.40625,0.48785425101214575,0.3266888150609081,1.0312500000000002e-05,1.0,1.0,1.0,medium
test,0,1,34,32,0.5299381079967134,18.333655760012334,18.334265618992504,0.6697278022766113,0.5919540229885057,0.53125,0.53125,0.43859649122807015,1.0625e-05,1.0,1.0,1.0,medium
test,0,1,35,32,0.5311489859886933,18.865344218997052,18.865954065986443,0.6551620364189148,0.6217948717948718,0.59375,0.5745098039215686,0.539313399778516,1.0937500000000002e-05,1.0,1.0,1.0,medium
test,0,1,36,32,0.5298197630036157,19.39562857101555,19.396238426998025,0.6516159772872925,0.5666666666666667,0.625,0.5166666666666666,0.4514285714285714,1.125e-05,1.0,1.0,1.0,medium
test,0,1,37,32,0.5299790179997217,19.92615586001193,19.9267656999873,0.6256446838378906,0.8392857142857143,0.71875,0.6538461538461539,0.639549436795995,1.1562500000000002e-05,1.0,1.0,1.0,medium
test,0,1,38,32,0.5311533180065453,20.457855097018182,20.458465217001503,0.6310852766036987,0.78,0.65625,0.6944444444444444,0.6389743589743591,1.1875e-05,1.0,1.0,1.0,medium
test,0,1,39,32,0.5305824679962825,20.988975699001458,20.989585550996708,0.5427814722061157,0.9,0.84375,0.7916666666666667,0.8128654970760234,1.2187500000000001e-05,1.0,1.0,1.0,medium
test,0,1,40,32,0.5302890409948304,21.519820734014502,21.520430615986697,0.5142437219619751,0.975,0.96875,0.9615384615384616,0.9671794871794872,1.25e-05,1.0,1.0,1.0,medium
test,0,1,41,32,0.5321315919863991,22.05244239702006,22.053052236995427,0.5848180055618286,0.7692307692307692,0.625,0.6666666666666666,0.6,1.2812500000000001e-05,1.0,1.0,1.0,medium
test,0,1,42,32,0.530717393005034,22.583728957019048,22.58433879498625,0.4003084599971771,0.9199999999999999,0.875,0.8181818181818181,0.8454106280193237,1.3125e-05,1.0,1.0,1.0,medium
test,0,1,43,32,0.5303440410061739,23.114568221004447,23.11517800798174,0.3655538856983185,0.9722222222222222,0.96875,0.9666666666666667,0.9684729064039409,1.3437500000000001e-05,1.375,1.0,2.0,medium|hard
test,0,1,44,32,0.5320504120027181,23.64715827201144,23.647768141992856,0.34313973784446716,0.903921568627451,0.90625,0.9087301587301587,0.9054187192118226,1.375e-05,2.0,2.0,2.0,hard
test,0,1,45,32,0.531894736981485,24.179562196019106,24.18017229498946,0.39201053977012634,0.9210526315789473,0.90625,0.90625,0.9054187192118226,1.4062500000000001e-05,2.0,2.0,2.0,hard
test,0,1,46,32,0.5310257750097662,24.711149614013266,24.711759484984213,0.25022071599960327,0.975,0.96875,0.9615384615384616,0.9671794871794872,1.4375e-05,2.0,2.0,2.0,hard
test,0,1,47,32,0.5317461630038451,25.243464638013393,25.24407456998597,0.2727140486240387,0.9087301587301587,0.90625,0.903921568627451,0.9054187192118226,1.4687500000000001e-05,2.0,2.0,2.0,hard
test,0,1,48,32,0.5306342169933487,25.774594621994765,25.775204474979546,0.24305108189582825,0.9545454545454546,0.9375,0.9166666666666667,0.9307359307359306,1.5000000000000002e-05,2.0,2.0,2.0,hard
test,0,1,49,32,0.5309478169947397,26.30605447400012,26.306664367002668,0.32995277643203735,0.8745098039215686,0.875,0.8745098039215686,0.8745098039215686,1.5312500000000003e-05,2.0,2.0,2.0,hard
test,0,1,50,32,0.5314977949892636,26.838026269018883,26.83863616597955,0.13412368297576904,0.975,0.96875,0.9615384615384616,0.9671794871794872,1.5625e-05,2.0,2.0,2.0,hard
test,0,1,51,32,0.5319629790028557,27.370513583999127,27.371123410004657,0.21587887406349182,0.9166666666666667,0.9375,0.9545454545454546,0.9307359307359306,1.59375e-05,2.0,2.0,2.0,hard
test,0,1,52,32,0.5319064509822056,27.903015399992,27.903625321981963,0.41905030608177185,0.868421052631579,0.84375,0.8611111111111112,0.8435972629521017,1.6250000000000002e-05,2.0,2.0,2.0,hard
test,0,1,53,32,0.52997805699124,28.43355740100378,28.434167236002395,0.3577299118041992,0.9047619047619048,0.875,0.8666666666666667,0.8704453441295547,1.6562500000000003e-05,2.0,2.0,2.0,hard
test,0,1,54,32,0.5316579469945282,28.96572579999338,28.966335653996794,0.24340879917144775,0.8967611336032388,0.90625,0.9083333333333333,0.9015384615384616,1.6875e-05,2.0,2.0,2.0,hard
test,0,1,55,32,0.5310730430064723,29.497335012012627,29.497944896982517,0.1328813135623932,0.96875,0.96875,0.9705882352941176,0.9687194525904204,1.71875e-05,2.0,2.0,2.0,hard
test,0,1,56,32,0.5305209229991306,30.028470854012994,30.029081055981806,0.43355852365493774,0.9074074074074074,0.84375,0.75,0.782312925170068,1.7500000000000002e-05,2.0,2.0,2.0,hard
test,0,1,57,32,0.5313249179744162,30.560328908002703,30.56093874099315,0.23929740488529205,0.9365079365079365,0.9375,0.9365079365079365,0.9365079365079365,1.7812500000000003e-05,2.0,2.0,2.0,hard
test,0,1,58,32,0.5308608139748685,31.091730557993287,31.09234041100717,0.2198660969734192,0.907843137254902,0.90625,0.90625,0.906158357771261,1.8125e-05,2.0,2.0,2.0,hard
test,0,1,59,32,0.530919665005058,31.62306607500068,31.623675929993624,0.20009595155715942,0.9375,0.9375,0.9444444444444444,0.9372549019607843,1.84375e-05,2.0,2.0,2.0,hard
test,0,1,60,32,0.5319985329988413,32.15559631900396,32.15620614599902,0.15258437395095825,0.975,0.96875,0.9615384615384616,0.9671794871794872,1.8750000000000002e-05,2.0,2.0,2.0,hard
test,0,1,61,32,0.5312935189867858,32.68730873000459,32.687918568990426,0.3364190459251404,0.8947368421052632,0.875,0.8823529411764706,0.8745098039215686,1.9062500000000003e-05,2.0,2.0,2.0,hard
test,0,1,62,32,0.5302327859972138,33.21795739000663,33.218567220988916,0.12321927398443222,0.9736842105263157,0.96875,0.9642857142857143,0.967967967967968,1.9375e-05,2.0,2.0,2.0,hard
test,0,1,63,32,0.5319124759989791,33.750288092007395,33.750897919002455,0.21424582600593567,0.9615384615384616,0.9375,0.875,0.9085714285714286,1.96875e-05,2.0,2.0,2.0,hard
test,0,1,64,4,0.12859723099973053,33.87933408599929,33.879943904001266,0.013744334690272808,1.0,1.0,1.0,1.0,2e-05,2.0,2.0,2.0,hard
test,0,2,1,32,0.5326451619912405,0.6139508250053041,37.10351620300207,0.13388854265213013,0.9705882352941176,0.96875,0.96875,0.9687194525904204,1.996527777777778e-05,0.0,0.0,0.0,easy
test,0,2,2,32,0.5312528400099836,1.1458599730103742,37.63542539899936,0.4092538356781006,0.8666666666666667,0.875,0.9047619047619048,0.8704453441295547,1.9930555555555556e-05,0.0,0.0,0.0,easy
test,0,2,3,32,0.5314181889989413,1.6777509630192071,38.167316323990235,0.6028835773468018,0.803921568627451,0.8125,0.8354978354978355,0.8056680161943319,1.9895833333333334e-05,0.0,0.0,0.0,easy
test,0,2,4,32,0.5303133609995712,2.2085591909999494,38.69812463098788,0.031886402517557144,1.0,1.0,1.0,1.0,1.9861111111111114e-05,0.0,0.0,0.0,easy
test,0,2,5,32,0.5296674449928105,2.7386614959978033,39.22822692198679,0.1804758459329605,0.9565217391304348,0.9375,0.9090909090909092,0.9272727272727272,1.982638888888889e-05,0.0,0.0,0.0,easy
test,0,2,6,32,0.5313392009993549,3.2705218119954225,39.76008723900304,0.13485461473464966,0.9705882352941176,0.96875,0.96875,0.9687194525904204,1.979166666666667e-05,0.0,0.0,0.0,easy
test,0,2,7,32,0.5303312350006308,3.8014296180044767,40.29099503098405,0.14539626240730286,0.9666666666666667,0.96875,0.9722222222222222,0.9684729064039409,1.9756944444444446e-05,0.0,0.0,0.0,easy
test,0,2,8,32,0.5298615430074278,4.331754340004409,40.82131977297831,0.07299688458442688,0.96875,0.96875,0.9705882352941176,0.9687194525904204,1.9722222222222224e-05,0.0,0.0,0.0,easy
test,0,2,9,32,0.5309597979940008,4.863283212005626,41.352848626993364,0.19149291515350342,0.9307359307359306,0.9375,0.9307359307359306,0.9307359307359306,1.96875e-05,0.0,0.0,0.0,easy
test,0,2,10,32,0.5307185550045688,5.394509375008056,41.88407482299954,0.02123657986521721,1.0,1.0,1.0,1.0,1.9652777777777778e-05,0.0,0.0,0.0,easy
test,0,2,11,32,0.5300612789869774,5.925142724998295,42.414708148979116,0.15191560983657837,0.9444444444444444,0.9375,0.9375,0.9372549019607843,1.961805555555556e-05,0.0,0.0,0.0,easy
test,0,2,12,32,0.5315002079878468,6.457161846017698,42.94672725000419,0.17472638189792633,0.9375,0.9375,0.9444444444444444,0.9372549019607843,1.9583333333333333e-05,0.0,0.0,0.0,easy
test,0,2,13,32,0.5310076850000769,6.988725467002951,43.47829089598963,0.08391264826059341,0.9615384615384616,0.96875,0.975,0.9671794871794872,1.9548611111111113e-05,0.0,0.0,0.0,easy
test,0,2,14,32,0.5296939190011472,7.5189578240097035,44.008523223979864,0.1892315149307251,0.8846153846153846,0.90625,0.9318181818181819,0.8981972428419936,1.951388888888889e-05,0.0,0.0,0.0,easy
test,0,2,15,32,0.531597387016518,8.051052771013929,44.54061818198534,0.1848914474248886,0.9722222222222222,0.96875,0.9666666666666667,0.9684729064039409,1.9479166666666668e-05,0.0,0.0,0.0,easy
test,0,2,16,32,0.5305811780272052,8.582081777014537,45.07164722000016,0.16615024209022522,0.9642857142857143,0.96875,0.9736842105263157,0.967967967967968,1.9444444444444445e-05,0.0,0.0,0.0,easy
test,0,2,17,32,0.5304053410072811,9.11302811501082,45.602593522984535,0.08060682564973831,0.9736842105263157,0.96875,0.9642857142857143,0.967967967967968,1.9409722222222226e-05,0.0,0.0,0.0,easy
test,0,2,18,32,0.5312345070124138,9.64479949901579,46.13436494898633,0.2521769404411316,0.9411764705882353,0.9375,0.9411764705882353,0.9375,1.9375e-05,0.0,0.0,0.0,easy
test,0,2,19,32,0.5317123339918908,10.177030284015927,46.66659572199569,0.31345880031585693,0.9230769230769231,0.9375,0.9523809523809523,0.9333333333333333,1.9340277777777777e-05,0.0,0.0,0.0,easy
test,0,2,20,32,0.531051193975145,10.708522401022492,47.19808781897882,0.03598330542445183,0.9705882352941176,0.96875,0.96875,0.9687194525904204,1.9305555555555558e-05,0.0,0.0,0.0,easy
test,0,2,21,32,0.5294759570097085,11.238438725995366,47.7280042420025,0.12689152359962463,0.9666666666666667,0.96875,0.9722222222222222,0.9684729064039409,1.9270833333333335e-05,0.0,0.0,0.0,easy
test,0,2,22,32,0.5313036940060556,11.770344099000795,48.25990953299333,0.13816489279270172,0.9545454545454546,0.96875,0.9772727272727273,0.964562569213732,1.9236111111111113e-05,0.0,0.0,0.0,easy
test,0,2,23,32,0.5307275730010588,12.30160640500253,48.79117183299968,0.19747373461723328,0.9117647058823529,0.90625,0.9166666666666667,0.906158357771261,1.920138888888889e-05,0.75,0.0,1.0,easy|medium
test,0,2,24,32,0.5310851719987113,12.833284328022273,49.32284992598579,0.2294418215751648,0.9411764705882353,0.9375,0.9411764705882353,0.9375,1.916666666666667e-05,1.0,1.0,1.0,medium
test,0,2,25,32,0.5312989249941893,13.365027426014422,49.854592858988326,0.022055182605981827,1.0,1.0,1.0,1.0,1.9131944444444445e-05,1.0,1.0,1.0,medium
test,0,2,26,32,0.5305375739990268,13.89611320302356,50.385678642982384,0.2519414722919464,0.9318181818181819,0.90625,0.8846153846153846,0.8981972428419936,1.9097222222222225e-05,1.0,1.0,1.0,medium
test,0,2,27,32,0.5305541199923027,14.427212339011021,50.91677778598387,0.43084394931793213,0.8809523809523809,0.84375,0.84375,0.8398398398398399,1.9062500000000003e-05,1.0,1.0,1.0,medium
test,0,2,28,32,0.5318151880055666,14.959595349995652,51.44916077097878,0.13136032223701477,0.9666666666666667,0.96875,0.9722222222222222,0.9684729064039409,1.902777777777778e-05,1.0,1.0,1.0,medium
test,0,2,29,32,0.530944088997785,15.491084139008308,51.980649548990186,0.11214549094438553,0.9333333333333333,0.9375,0.9473684210526316,0.9365079365079365,1.8993055555555557e-05,1.0,1.0,1.0,medium
test,0,2,30,32,0.5300132780103013,16.021671046997653,52.511236464983085,0.05051817744970322,0.9736842105263157,0.96875,0.9642857142857143,0.967967967967968,1.8958333333333334e-05,1.0,1.0,1.0,medium
test,0,2,31,32,0.5316347789776046,16.55386049899971,53.04342593398178,0.2099096179008484,0.9352226720647774,0.9375,0.9352226720647774,0.9352226720647774,1.8923611111111112e-05,1.0,1.0,1.0,medium
test,0,2,32,32,0.5316243799752556,17.085974571004044,53.575540049991105,0.35451740026474,0.903921568627451,0.90625,0.9087301587301587,0.9054187192118226,1.888888888888889e-05,1.0,1.0,1.0,medium
test,0,2,33,32,0.5306212269933894,17.6171548050188,54.106720227980986,0.3389633297920227,0.9318181818181819,0.90625,0.8846153846153846,0.8981972428419936,1.885416666666667e-05,1.0,1.0,1.0,medium
test,0,2,34,32,0.5323591950000264,18.150044384005014,54.639609801990446,0.29813867807388306,0.9210526315789473,0.90625,0.90625,0.9054187192118226,1.8819444444444447e-05,1.0,1.0,1.0,medium
test,0,2,35,32,0.5314891769958194,18.681974377017468,55.17153985900222,0.49707403779029846,0.8531746031746033,0.84375,0.8490196078431372,0.8435972629521017,1.8784722222222224e-05,1.0,1.0,1.0,medium
test,0,2,36,32,0.5303907970082946,19.21288633599761,55.70245175299351,0.058034416288137436,1.0,1.0,1.0,1.0,1.8750000000000002e-05,1.0,1.0,1.0,medium
test,0,2,37,32,0.5316228180017788,19.744996573019307,56.23456199798966,0.17128534615039825,0.9642857142857143,0.96875,0.9736842105263157,0.967967967967968,1.871527777777778e-05,1.0,1.0,1.0,medium
test,0,2,38,32,0.5309744649857748,20.276467496005353,56.76603291198262,0.02251228503882885,1.0,1.0,1.0,1.0,1.8680555555555556e-05,1.0,1.0,1.0,medium
test,0,2,39,32,0.5313717139943037,20.80841812302242,57.29798356597894,0.19628317654132843,0.9545454545454546,0.9375,0.9166666666666667,0.9307359307359306,1.8645833333333334e-05,1.0,1.0,1.0,medium
test,0,2,40,32,0.5319279189861845,21.34079809501418,57.83036352597992,0.02013460174202919,1.0,1.0,1.0,1.0,1.8611111111111114e-05,1.0,1.0,1.0,medium
test,0,2,41,32,0.5318257769977208,21.873199644003762,58.362765081983525,0.21592524647712708,0.9375,0.9375,0.9444444444444444,0.9372549019607843,1.8576388888888888e-05,1.0,1.0,1.0,medium
test,0,2,42,32,0.5308018939977046,22.40451039801701,58.89407581498381,0.025898613035678864,1.0,1.0,1.0,1.0,1.854166666666667e-05,1.0,1.0,1.0,medium
test,0,2,43,32,0.53011091100052,22.935200270003406,59.42476567698759,0.010116004385054111,1.0,1.0,1.0,1.0,1.8506944444444446e-05,1.375,1.0,2.0,medium|hard
test,0,2,44,32,0.5315633549762424,23.467320505995303,59.956885867984965,0.010262400843203068,1.0,1.0,1.0,1.0,1.8472222222222224e-05,2.0,2.0,2.0,hard
test,0,2,45,32,0.5320336720033083,23.999928522011032,60.48949394398369,0.3212222456932068,0.9444444444444444,0.9375,0.9375,0.9372549019607843,1.84375e-05,2.0,2.0,2.0,hard
test,0,2,46,32,0.5311232270032633,24.531522417004453,61.02108785699238,0.006426132284104824,1.0,1.0,1.0,1.0,1.8402777777777778e-05,2.0,2.0,2.0,hard
test,0,2,47,32,0.5316603629908059,25.063746305997483,61.553311672003474,0.11609850078821182,0.9722222222222222,0.96875,0.9666666666666667,0.9684729064039409,1.836805555555556e-05,2.0,2.0,2.0,hard
test,0,2,48,32,0.5310803820029832,25.595270871999674,62.0848363119876,0.005584928207099438,1.0,1.0,1.0,1.0,1.8333333333333333e-05,2.0,2.0,2.0,hard
test,0,2,49,32,0.5306785219872836,26.126351233018795,62.61591666098684,0.02246876247227192,1.0,1.0,1.0,1.0,1.8298611111111114e-05,2.0,2.0,2.0,hard
test,0,2,50,32,0.531936865998432,26.658894877007697,63.14846031498746,0.09825263917446136,0.975,0.96875,0.9615384615384616,0.9671794871794872,1.826388888888889e-05,2.0,2.0,2.0,hard
test,0,2,51,32,0.5316502939967904,27.191080715012504,63.68064612400485,0.17951200902462006,0.9545454545454546,0.96875,0.9772727272727273,0.964562569213732,1.8229166666666668e-05,2.0,2.0,2.0,hard
test,0,2,52,32,0.5313574429892469,27.722875447012484,64.21244088100502,0.25967642664909363,0.9365079365079365,0.9375,0.9365079365079365,0.9365079365079365,1.8194444444444445e-05,2.0,2.0,2.0,hard
test,0,2,53,32,0.5321444679866545,28.255464118003147,64.74502980700345,0.13994526863098145,0.9722222222222222,0.96875,0.9666666666666667,0.9684729064039409,1.8159722222222226e-05,2.0,2.0,2.0,hard
test,0,2,54,32,0.5318844050052576,28.787935518019367,65.2775009330071,0.29376906156539917,0.9285714285714286,0.9375,0.95,0.9352226720647774,1.8125e-05,2.0,2.0,2.0,hard
test,0,2,55,32,0.5306847849860787,29.31917506500031,65.80874050100101,0.1360687017440796,0.96875,0.96875,0.9705882352941176,0.9687194525904204,1.8090277777777777e-05,2.0,2.0,2.0,hard
test,0,2,56,32,0.5323567509767599,29.85211374401115,66.34167917599552,0.055381301790475845,0.9545454545454546,0.96875,0.9772727272727273,0.964562569213732,1.8055555555555558e-05,2.0,2.0,2.0,hard
test,0,2,57,32,0.5318454379739705,30.38448082501418,66.87404627498472,0.14810509979724884,0.9666666666666667,0.96875,0.9722222222222222,0.9684729064039409,1.8020833333333335e-05,2.0,2.0,2.0,hard
test,0,2,58,32,0.5306430369964801,30.915569161006715,67.40513459499925,0.2355974167585373,0.9375,0.9375,0.9375,0.9375,1.7986111111111113e-05,2.0,2.0,2.0,hard
test,0,2,59,32,0.5322563860099763,31.448377588996664,67.93794315299601,0.03105347231030464,1.0,1.0,1.0,1.0,1.795138888888889e-05,2.0,2.0,2.0,hard
test,0,2,60,32,0.5319109249976464,31.980868562008254,68.47043401398696,0.21109738945960999,0.9333333333333333,0.9375,0.9473684210526316,0.9365079365079365,1.7916666666666667e-05,2.0,2.0,2.0,hard
test,0,2,61,32,0.5304927570105065,32.51179860701086,69.00136402799399,0.011462178081274033,1.0,1.0,1.0,1.0,1.7881944444444445e-05,2.0,2.0,2.0,hard
test,0,2,62,32,0.5325248929730151,33.04475796301267,69.53432345899637,0.020873751491308212,1.0,1.0,1.0,1.0,1.7847222222222225e-05,2.0,2.0,2.0,hard
test,0,2,63,32,0.5317260570009239,33.57695471702027,70.06652013899293,0.39218950271606445,0.9444444444444444,0.90625,0.8125,0.8552036199095023,1.7812500000000003e-05,2.0,2.0,2.0,hard
test,0,2,64,4,0.12761586901615374,33.705001051013824,70.19456648500636,0.003226089058443904,1.0,1.0,1.0,1.0,1.7777777777777777e-05,2.0,2.0,2.0,hard
test,0,3,1,32,0.5336847129801754,0.6254164800047874,73.44546237800387,0.13912969827651978,0.9705882352941176,0.96875,0.96875,0.9687194525904204,1.7743055555555557e-05,0.0,0.0,0.0,easy
test,0,3,2,32,0.5309822819835972,1.1570723390032072,73.97711823400459,0.19073118269443512,0.9307359307359306,0.9375,0.9307359307359306,0.9307359307359306,1.7708333333333335e-05,0.0,0.0,0.0,easy
test,0,3,3,32,0.5300969700037967,1.6876159819948953,74.5076618869789,0.30180293321609497,0.9045454545454545,0.90625,0.8852813852813852,0.893687707641196,1.7673611111111112e-05,0.0,0.0,0.0,easy
test,0,3,4,32,0.5309539340087213,2.2191016639990266,75.03914750000695,0.05532873421907425,0.9705882352941176,0.96875,0.96875,0.9687194525904204,1.763888888888889e-05,0.0,0.0,0.0,easy
test,0,3,5,32,0.5312159080058336,2.750882978987647,75.57092891799402,0.11427627503871918,0.9772727272727273,0.96875,0.9545454545454546,0.964562569213732,1.760416666666667e-05,0.0,0.0,0.0,easy
test,0,3,6,32,0.5304432260163594,3.281881083996268,76.10192723400542,0.016660837456583977,1.0,1.0,1.0,1.0,1.7569444444444447e-05,0.0,0.0,0.0,easy
test,0,3,7,32,0.5320891870069318,3.8145761839987244,76.63462209998397,0.018879616633057594,1.0,1.0,1.0,1.0,1.7534722222222225e-05,0.0,0.0,0.0,easy
test,0,3,8,32,0.5311875519983005,4.346341416006908,77.16638730998966,0.01596619188785553,1.0,1.0,1.0,1.0,1.7500000000000002e-05,0.0,0.0,0.0,easy
test,0,3,9,32,0.5299001569801476,4.876758847996825,77.69680473598419,0.1225050836801529,0.9583333333333333,0.96875,0.9761904761904762,0.9660657476139979,1.746527777777778e-05,0.0,0.0,0.0,easy
test,0,3,10,32,0.5319183169922326,5.409147439000662,78.22919339098735,0.014511017128825188,1.0,1.0,1.0,1.0,1.7430555555555556e-05,0.0,0.0,0.0,easy
test,0,3,11,32,0.531051499012392,5.940746156993555,78.76079210898024,0.01399014238268137,1.0,1.0,1.0,1.0,1.7395833333333334e-05,0.0,0.0,0.0,easy
test,0,3,12,32,0.5308424569957424,6.472168918000534,79.2922148469952,0.0716179683804512,0.9666666666666667,0.96875,0.9722222222222222,0.9684729064039409,1.7361111111111114e-05,0.0,0.0,0.0,easy
test,0,3,13,32,0.5316401720046997,7.004387493012473,79.8244333829789,0.007568181958049536,1.0,1.0,1.0,1.0,1.732638888888889e-05,0.0,0.0,0.0,easy
test,0,3,14,32,0.5315864520089235,7.5365357649861835,80.35658167800284,0.05549896880984306,0.9545454545454546,0.96875,0.9772727272727273,0.964562569213732,1.729166666666667e-05,0.0,0.0,0.0,easy
test,0,3,15,32,0.5308388209959958,8.067889063997427,80.88793498298037,0.10776554048061371,0.9722222222222222,0.96875,0.9666666666666667,0.9684729064039409,1.7256944444444446e-05,0.0,0.0,0.0,easy
test,0,3,16,32,0.5306738109793514,8.59914377098903,81.41918968298705,0.004438444040715694,1.0,1.0,1.0,1.0,1.7222222222222224e-05,0.0,0.0,0.0,easy
test,0,3,17,32,0.5316040170146152,9.131240051996429,81.9512859529932,0.12213508784770966,0.9736842105263157,0.96875,0.9642857142857143,0.967967967967968,1.71875e-05,0.0,0.0,0.0,easy
test,0,3,18,32,0.5309465090103913,9.66279327700613,82.4828391780029,0.04489787667989731,0.96875,0.96875,0.9705882352941176,0.9687194525904204,1.715277777777778e-05,0.0,0.0,0.0,easy
test,0,3,19,32,0.5301884210202843,10.19348267200985,83.01352864300134,0.0043699126690626144,1.0,1.0,1.0,1.0,1.7118055555555556e-05,0.0,0.0,0.0,easy
test,0,3,20,32,0.5314884079853073,10.725544449989684,83.54559048000374,0.002962833736091852,1.0,1.0,1.0,1.0,1.7083333333333333e-05,0.0,0.0,0.0,easy
test,0,3,21,32,0.531386210990604,11.257458467007382,84.07750441000098,0.004282783716917038,1.0,1.0,1.0,1.0,1.7048611111111114e-05,0.0,0.0,0.0,easy
test,0,3,22,32,0.5309107139764819,11.788840475986945,84.60888645600062,0.0034669346641749144,1.0,1.0,1.0,1.0,1.701388888888889e-05,0.0,0.0,0.0,easy
test,0,3,23,32,0.531338411004981,12.320716938003898,85.14076288999058,0.07283497601747513,0.9666666666666667,0.96875,0.9722222222222222,0.9684729064039409,1.6979166666666668e-05,0.75,0.0,1.0,easy|medium
test,0,3,24,32,0.534229773998959,12.85546821000753,85.67551421598182,0.14619652926921844,0.96875,0.96875,0.9705882352941176,0.9687194525904204,1.6944444444444446e-05,1.0,1.0,1.0,medium
test,0,3,25,32,0.5315876899985597,13.388059857010376,86.20810575698852,0.002418345306068659,1.0,1.0,1.0,1.0,1.6909722222222223e-05,1.0,1.0,1.0,medium
test,0,3,26,32,0.5313645529968198,13.91989806399215,86.73994397799834,0.1534622609615326,0.975,0.96875,0.9615384615384616,0.9671794871794872,1.6875e-05,1.0,1.0,1.0,medium
test,0,3,27,32,0.5311070240277331,14.451638672006084,87.27168458799133,0.25792375206947327,0.9,0.875,0.875,0.873015873015873,1.6840277777777778e-05,1.0,1.0,1.0,medium
test,0,3,28,32,0.5310705770098139,14.983162419986911,87.80320832200232,0.0320480540394783,0.9666666666666667,0.96875,0.9722222222222222,0.9684729064039409,1.6805555555555558e-05,1.0,1.0,1.0,medium
test,0,3,29,32,0.5319272470078431,15.515642509009922,88.33568843899411,0.027167469263076782,0.9642857142857143,0.96875,0.9736842105263157,0.967967967967968,1.6770833333333336e-05,1.0,1.0,1.0,medium
test,0,3,30,32,0.531373097008327,16.047556892997818,88.86760280598537,0.002008635550737381,1.0,1.0,1.0,1.0,1.6736111111111113e-05,1.0,1.0,1.0,medium
test,0,3,31,32,0.5304212539922446,16.578524343000026,89.39857026698883,0.015813620761036873,1.0,1.0,1.0,1.0,1.670138888888889e-05,1.0,1.0,1.0,medium
test,0,3,32,32,0.5324857170053292,17.111454666010104,89.93150058400352,0.17256657779216766,0.9666666666666667,0.96875,0.9722222222222222,0.9684729064039409,1.6666666666666667e-05,1.0,1.0,1.0,medium
test,0,3,33,32,0.5312251980067231,17.643195398006355,90.46324133200687,0.29493579268455505,0.9523809523809523,0.9375,0.9230769230769231,0.9333333333333333,1.6631944444444445e-05,1.0,1.0,1.0,medium
test,0,3,34,32,0.5303677699994296,18.17411441600416,90.99416034898604,0.0021563486661762,1.0,1.0,1.0,1.0,1.6597222222222225e-05,1.0,1.0,1.0,medium
test,0,3,35,32,0.5322081430058461,18.706892294983845,91.52693823599839,0.2034715861082077,0.9722222222222222,0.96875,0.9666666666666667,0.9684729064039409,1.6562500000000003e-05,1.0,1.0,1.0,medium
test,0,3,36,32,0.5311388129775878,19.238569256005576,92.05861515100696,0.0030845217406749725,1.0,1.0,1.0,1.0,1.6527777777777777e-05,1.0,1.0,1.0,medium
test,0,3,37,32,0.5308996390085667,19.770056423003552,92.59010241998476,0.004386774264276028,1.0,1.0,1.0,1.0,1.6493055555555557e-05,1.0,1.0,1.0,medium
test,0,3,38,32,0.5322235639905557,20.302776611992158,93.12282250900171,0.0018778551602736115,1.0,1.0,1.0,1.0,1.6458333333333335e-05,1.0,1.0,1.0,medium
test,0,3,39,32,0.531186018983135,20.834487238986185,93.65453312700265,0.10775424540042877,0.9761904761904762,0.96875,0.9583333333333333,0.9660657476139979,1.6423611111111112e-05,1.0,1.0,1.0,medium
test,0,3,40,32,0.5310018080053851,21.365941366006155,94.18598730600206,0.002101982245221734,1.0,1.0,1.0,1.0,1.638888888888889e-05,1.0,1.0,1.0,medium
test,0,3,41,32,0.5327832399925683,21.89927225498832,94.7193181719922,0.10076817125082016,0.9666666666666667,0.96875,0.9722222222222222,0.9684729064039409,1.635416666666667e-05,1.0,1.0,1.0,medium
test,0,3,42,32,0.5320262479945086,22.43186881800648,95.25191476999316,0.003316964255645871,1.0,1.0,1.0,1.0,1.6319444444444444e-05,1.0,1.0,1.0,medium
test,0,3,43,32,0.5316524619993288,22.96409069900983,95.78413662599633,0.0016578198410570621,1.0,1.0,1.0,1.0,1.6284722222222225e-05,1.375,1.0,2.0,medium|hard
test,0,3,44,32,0.5317334179999307,23.496276816993486,96.3163227729965,0.02276965230703354,1.0,1.0,1.0,1.0,1.6250000000000002e-05,2.0,2.0,2.0,hard
test,0,3,45,32,0.5332764699996915,24.030065244005527,96.85011152399238,0.17509770393371582,0.9705882352941176,0.96875,0.96875,0.9687194525904204,1.621527777777778e-05,2.0,2.0,2.0,hard
test,0,3,46,32,0.5319548590050545,24.562612974987132,97.38265889600734,0.001230083405971527,1.0,1.0,1.0,1.0,1.6180555555555557e-05,2.0,2.0,2.0,hard
test,0,3,47,32,0.5318608279922046,25.095002312009456,97.91504821498529,0.3396323621273041,0.8745098039215686,0.875,0.8745098039215686,0.8745098039215686,1.6145833333333334e-05,2.0,2.0,2.0,hard
test,0,3,48,32,0.5324819789966568,25.628084644005867,98.44813055900158,0.0014246797654777765,1.0,1.0,1.0,1.0,1.6111111111111115e-05,2.0,2.0,2.0,hard
test,0,3,49,32,0.5313930679985788,26.159962181991432,98.98000809698715,0.0025497470051050186,1.0,1.0,1.0,1.0,1.607638888888889e-05,2.0,2.0,2.0,hard
test,0,3,50,32,0.5303371210175101,26.690895087987883,99.51094099800684,0.044484514743089676,0.9642857142857143,0.96875,0.9736842105263157,0.967967967967968,1.604166666666667e-05,2.0,2.0,2.0,hard
test,0,3,51,32,0.5321437499951571,27.22360314798425,100.04364907898707,0.020662423223257065,1.0,1.0,1.0,1.0,1.6006944444444447e-05,2.0,2.0,2.0,hard
test,0,3,52,32,0.5322201139933895,27.756375202996423,100.57642110899906,0.06395989656448364,0.9666666666666667,0.96875,0.9722222222222222,0.9684729064039409,1.5972222222222224e-05,2.0,2.0,2.0,hard
test,0,3,53,32,0.5311058999795932,28.288004469999578,101.10805038097897,0.039988938719034195,0.9722222222222222,0.96875,0.9666666666666667,0.9684729064039409,1.59375e-05,2.0,2.0,2.0,hard
test,0,3,54,32,0.5320647729968186,28.820618275000015,101.64066426199861,0.0045750755816698074,1.0,1.0,1.0,1.0,1.590277777777778e-05,2.0,2.0,2.0,hard
test,0,3,55,32,0.5308377580076922,29.351989502989454,102.17203549598344,0.0019427485531195998,1.0,1.0,1.0,1.0,1.5868055555555556e-05,2.0,2.0,2.0,hard
test,0,3,56,32,0.5313948930124752,29.884017019998282,102.70406309398822,0.17506356537342072,0.9782608695652174,0.96875,0.95,0.9625730994152046,1.5833333333333333e-05,2.0,2.0,2.0,hard
test,0,3,57,32,0.5327246169908904,30.41732183098793,103.23736773000564,0.0016764646861702204,1.0,1.0,1.0,1.0,1.5798611111111114e-05,2.0,2.0,2.0,hard
test,0,3,58,32,0.5314765420043841,30.949347070010845,103.76939303899417,0.14624106884002686,0.9375,0.9375,0.9375,0.9375,1.576388888888889e-05,2.0,2.0,2.0,hard
test,0,3,59,32,0.5312554140109569,31.481071588990744,104.30111749199568,0.06570827215909958,0.9666666666666667,0.96875,0.9722222222222222,0.9684729064039409,1.572916666666667e-05,2.0,2.0,2.0,hard
test,0,3,60,32,0.5316722839779686,32.013256276986795,104.83330219198251,0.1859108954668045,0.975,0.96875,0.9615384615384616,0.9671794871794872,1.5694444444444446e-05,2.0,2.0,2.0,hard
test,0,3,61,32,0.5316547660040669,32.545401898009004,105.3654478249955,0.0014764926163479686,1.0,1.0,1.0,1.0,1.5659722222222223e-05,2.0,2.0,2.0,hard
test,0,3,62,32,0.5308869129803497,33.076718364987755,105.8967642869975,0.0015466304030269384,1.0,1.0,1.0,1.0,1.5625e-05,2.0,2.0,2.0,hard
test,0,3,63,32,0.5319186070119031,33.60908444900997,106.42913080900325,0.30142632126808167,0.9615384615384616,0.9375,0.875,0.9085714285714286,1.5590277777777778e-05,2.0,2.0,2.0,hard
test,0,3,64,4,0.12730580801144242,33.73682341800304,106.55686933698598,0.000721132499165833,1.0,1.0,1.0,1.0,1.555555555555556e-05,2.0,2.0,2.0,hard
test,0,4,1,32,0.5329199389962014,0.6130951910163276,109.78782119898824,0.0012094590347260237,1.0,1.0,1.0,1.0,1.5520833333333332e-05,0.0,0.0,0.0,easy
test,0,4,2,32,0.5320399359916337,1.1459682830027305,110.32069427898386,0.004059293307363987,1.0,1.0,1.0,1.0,1.5486111111111113e-05,0.0,0.0,0.0,easy
test,0,4,3,32,0.5312572660041042,1.6777457920252346,110.85247179598082,0.24742496013641357,0.9307359307359306,0.9375,0.9307359307359306,0.9307359307359306,1.545138888888889e-05,0.0,0.0,0.0,easy
test,0,4,4,32,0.530969102983363,2.209284356009448,111.38401041398174,0.0016209250316023827,1.0,1.0,1.0,1.0,1.5416666666666668e-05,0.0,0.0,0.0,easy
test,0,4,5,32,0.5316052759881131,2.741377538011875,111.9161035429861,0.001581539399921894,1.0,1.0,1.0,1.0,1.5381944444444445e-05,0.0,0.0,0.0,easy
test,0,4,6,32,0.5308925730059855,3.2728205130260903,112.44754651299445,0.0011601705336943269,1.0,1.0,1.0,1.0,1.5347222222222226e-05,0.0,0.0,0.0,easy
test,0,4,7,32,0.5309734570037108,3.8043028510001022,112.97902883597999,0.0010937070474028587,1.0,1.0,1.0,1.0,1.5312500000000003e-05,0.0,0.0,0.0,easy
test,0,4,8,32,0.5310819800070021,4.335933354013832,113.51065943599679,0.0012357640080153942,1.0,1.0,1.0,1.0,1.5277777777777777e-05,0.0,0.0,0.0,easy
test,0,4,9,32,0.5315046969917603,4.86798900301801,114.04271500298637,0.001579658011905849,1.0,1.0,1.0,1.0,1.5243055555555558e-05,0.0,0.0,0.0,easy
test,0,4,10,32,0.5309508999926038,5.399498201004462,114.57422421898809,0.07371124625205994,0.9615384615384616,0.96875,0.975,0.9671794871794872,1.5208333333333333e-05,0.0,0.0,0.0,easy
test,0,4,11,32,0.5298513559973799,5.929882847005501,115.10460883998894,0.0016193974297493696,1.0,1.0,1.0,1.0,1.5173611111111112e-05,0.0,0.0,0.0,easy
test,0,4,12,32,0.5317932429898065,6.462227893003728,115.63695391200599,0.03340074419975281,0.9736842105263157,0.96875,0.9642857142857143,0.967967967967968,1.513888888888889e-05,0.0,0.0,0.0,easy
test,0,4,13,32,0.5312804649875034,6.9940933720208704,116.16881937699509,0.0018202707869932055,1.0,1.0,1.0,1.0,1.5104166666666668e-05,0.0,0.0,0.0,easy
test,0,4,14,32,0.530607463006163,7.525295179017121,116.70002118000411,0.26278749108314514,0.9272727272727272,0.9375,0.9272727272727272,0.9272727272727272,1.5069444444444446e-05,0.0,0.0,0.0,easy
test,0,4,15,32,0.5316828069917392,8.05761480901856,117.23234081198461,0.13496756553649902,0.96875,0.96875,0.9705882352941176,0.9687194525904204,1.5034722222222225e-05,0.0,0.0,0.0,easy
test,0,4,16,32,0.53105945099378,8.589213117025793,117.76393921399722,0.0010631256736814976,1.0,1.0,1.0,1.0,1.5000000000000002e-05,0.0,0.0,0.0,easy
test,0,4,17,32,0.5305496079963632,9.120342062000418,118.29506806298741,0.0014196415431797504,1.0,1.0,1.0,1.0,1.4965277777777778e-05,0.0,0.0,0.0,easy
test,0,4,18,32,0.5318115070112981,9.652698078018147,118.8274240779865,0.00170655339024961,1.0,1.0,1.0,1.0,1.4930555555555557e-05,0.0,0.0,0.0,easy
test,0,4,19,32,0.5317612309881952,10.185030087013729,119.35975609399611,0.0010782391764223576,1.0,1.0,1.0,1.0,1.4895833333333334e-05,0.0,0.0,0.0,easy
test,0,4,20,32,0.5302513780188747,10.715774236014113,119.89050024800235,0.0009431473445147276,1.0,1.0,1.0,1.0,1.4861111111111113e-05,0.0,0.0,0.0,easy
test,0,4,21,32,0.531857605004916,11.248104742000578,120.42283075599698,0.0008792053558863699,1.0,1.0,1.0,1.0,1.482638888888889e-05,0.0,0.0,0.0,easy
test,0,4,22,32,0.5316610809823032,11.780320520017995,120.95504676899873,0.0008929838659241796,1.0,1.0,1.0,1.0,1.479166666666667e-05,0.0,0.0,0.0,easy
test,0,4,23,32,0.5304037150053773,12.311215342022479,121.48594134600717,0.001905292272567749,1.0,1.0,1.0,1.0,1.4756944444444445e-05,0.75,0.0,1.0,easy|medium
test,0,4,24,32,0.5320489150180947,12.843813059007516,122.01853905100143,0.0008867026772350073,1.0,1.0,1.0,1.0,1.4722222222222224e-05,1.0,1.0,1.0,medium
test,0,4,25,32,0.5311808240076061,13.375515286024893,122.55024129498634,0.3044179379940033,0.9285714285714286,0.9375,0.95,0.9352226720647774,1.4687500000000001e-05,1.0,1.0,1.0,medium
test,0,4,26,32,0.5306265400140546,13.906670850003138,123.08139686100185,0.003888723673298955,1.0,1.0,1.0,1.0,1.4652777777777779e-05,1.0,1.0,1.0,medium
test,0,4,27,32,0.5320216749969404,14.439207996008918,123.613934116991,0.0007937109330669045,1.0,1.0,1.0,1.0,1.4618055555555558e-05,1.0,1.0,1.0,medium
test,0,4,28,32,0.5320564229914453,14.971801205014344,124.14652722500614,0.0006912464741617441,1.0,1.0,1.0,1.0,1.4583333333333333e-05,1.0,1.0,1.0,medium
test,0,4,29,32,0.5317421249928884,15.504141567012994,124.67886757900123,0.0006986361113376915,1.0,1.0,1.0,1.0,1.4548611111111112e-05,1.0,1.0,1.0,medium
test,0,4,30,32,0.5318980010051746,16.03653793002013,125.21126393298618,0.0006204661331139505,1.0,1.0,1.0,1.0,1.451388888888889e-05,1.0,1.0,1.0,medium
test,0,4,31,32,0.5317346240044571,16.568830723001156,125.74355674200342,0.0836527943611145,0.975,0.96875,0.9615384615384616,0.9671794871794872,1.4479166666666669e-05,1.0,1.0,1.0,medium
test,0,4,32,32,0.5313459429889917,17.100615436997032,126.27534144298988,0.06937786936759949,0.95,0.9375,0.9285714285714286,0.9352226720647774,1.4444444444444446e-05,1.0,1.0,1.0,medium
test,0,4,33,32,0.5323269579967018,17.63354095601244,126.80826695400174,0.0006816025706939399,1.0,1.0,1.0,1.0,1.4409722222222225e-05,1.0,1.0,1.0,medium
test,0,4,34,32,0.5323630750062875,18.166480352025246,127.34120634399005,0.0006584376678802073,1.0,1.0,1.0,1.0,1.4375e-05,1.0,1.0,1.0,medium
test,0,4,35,32,0.5314919390075374,18.698500298021827,127.87322630200651,0.4760308265686035,0.925,0.90625,0.9,0.9039039039039038,1.4340277777777778e-05,1.0,1.0,1.0,medium
test,0,4,36,32,0.5315484589955304,19.230593698011944,128.4053196949826,0.004159622825682163,1.0,1.0,1.0,1.0,1.4305555555555557e-05,1.0,1.0,1.0,medium
test,0,4,37,32,0.5319732700008899,19.763156334025552,128.93788232898805,0.17882472276687622,0.975,0.96875,0.9615384615384616,0.9671794871794872,1.4270833333333334e-05,1.0,1.0,1.0,medium
test,0,4,38,32,0.5312215180019848,20.295049045002088,129.46977504499955,0.000708539504557848,1.0,1.0,1.0,1.0,1.4236111111111113e-05,1.0,1.0,1.0,medium
test,0,4,39,32,0.5300500089942943,20.825507354020374,130.00023334499565,0.0007238894468173385,1.0,1.0,1.0,1.0,1.420138888888889e-05,1.0,1.0,1.0,medium
test,0,4,40,32,0.5316679679963272,21.357745400018757,130.5324716680043,0.4164326786994934,0.9333333333333333,0.9375,0.9473684210526316,0.9365079365079365,1.416666666666667e-05,1.0,1.0,1.0,medium
test,0,4,41,32,0.5315149919770192,21.88986366899917,131.06458968899096,0.19937777519226074,0.9736842105263157,0.96875,0.9642857142857143,0.967967967967968,1.4131944444444445e-05,1.0,1.0,1.0,medium
test,0,4,42,32,0.5308856049960013,22.421229291008785,131.5959552989807,0.2957892417907715,0.9230769230769231,0.9375,0.9523809523809523,0.9333333333333333,1.4097222222222224e-05,1.0,1.0,1.0,medium
test,0,4,43,32,0.532245453010546,22.954039669013582,132.1287656679924,0.000963194586802274,1.0,1.0,1.0,1.0,1.4062500000000001e-05,1.375,1.0,2.0,medium|hard
test,0,4,44,32,0.5315725069958717,23.48614277402521,132.66086910598096,0.2908726930618286,0.9375,0.9375,0.9444444444444444,0.9372549019607843,1.4027777777777779e-05,2.0,2.0,2.0,hard
test,0,4,45,32,0.5312574899871834,24.017958048003493,133.1926840649976,0.05379299446940422,0.9705882352941176,0.96875,0.96875,0.9687194525904204,1.3993055555555558e-05,2.0,2.0,2.0,hard
test,0,4,46,32,0.5324430569889955,24.550832893000916,133.72555889800424,0.0006692728493362665,1.0,1.0,1.0,1.0,1.3958333333333333e-05,2.0,2.0,2.0,hard
test,0,4,47,32,0.5316827140050009,25.08302749801078,134.2577534939919,0.0010414457647129893,1.0,1.0,1.0,1.0,1.3923611111111112e-05,2.0,2.0,2.0,hard
test,0,4,48,32,0.5307294820086099,25.614304926013574,134.78903093200643,0.0008787504630163312,1.0,1.0,1.0,1.0,1.388888888888889e-05,2.0,2.0,2.0,hard
test,0,4,49,32,0.5320080120000057,26.14687335200142,135.32159934798256,0.0006268945289775729,1.0,1.0,1.0,1.0,1.3854166666666669e-05,2.0,2.0,2.0,hard
test,0,4,50,32,0.5321751130104531,26.67953547401703,135.85426148798433,0.0005702085909433663,1.0,1.0,1.0,1.0,1.3819444444444446e-05,2.0,2.0,2.0,hard
test,0,4,51,32,0.5316029140085448,27.211669256997993,136.38639536398114,0.15830010175704956,0.9545454545454546,0.96875,0.9772727272727273,0.964562569213732,1.3784722222222225e-05,2.0,2.0,2.0,hard
test,0,4,52,32,0.5328798269911204,27.745110934018157,136.9198370630038,0.0008252657717093825,1.0,1.0,1.0,1.0,1.375e-05,2.0,2.0,2.0,hard
test,0,4,53,32,0.5318568559887353,28.27751803700812,137.45224404198234,0.0022902970667928457,1.0,1.0,1.0,1.0,1.3715277777777778e-05,2.0,2.0,2.0,hard
test,0,4,54,32,0.531049912009621,28.809065683017252,137.9837917139812,0.0007413766579702497,1.0,1.0,1.0,1.0,1.3680555555555557e-05,2.0,2.0,2.0,hard
test,0,4,55,32,0.5321871129854117,29.341798706009286,138.5165247299883,0.0005681887269020081,1.0,1.0,1.0,1.0,1.3645833333333334e-05,2.0,2.0,2.0,hard
test,0,4,56,32,0.5317472059978172,29.874072500009788,139.04879868999706,0.0010363106848672032,1.0,1.0,1.0,1.0,1.3611111111111113e-05,2.0,2.0,2.0,hard
test,0,4,57,32,0.530599895020714,30.405214905011235,139.57994090300053,0.0008922378765419126,1.0,1.0,1.0,1.0,1.3576388888888889e-05,2.0,2.0,2.0,hard
test,0,4,58,32,0.5323623720032629,30.938158896024106,140.1128848939843,0.016373492777347565,1.0,1.0,1.0,1.0,1.3541666666666668e-05,2.0,2.0,2.0,hard
test,0,4,59,32,0.5316443640040234,31.470226750010625,140.64495277398964,0.0006253269966691732,1.0,1.0,1.0,1.0,1.3506944444444445e-05,2.0,2.0,2.0,hard
test,0,4,60,32,0.5310580749937799,32.001858798001194,141.17658482398838,0.0006183882942423224,1.0,1.0,1.0,1.0,1.3472222222222224e-05,2.0,2.0,2.0,hard
test,0,4,61,32,0.5324844510178082,32.534757893998176,141.7094838960038,0.1283223181962967,0.96875,0.96875,0.9705882352941176,0.9687194525904204,1.3437500000000001e-05,2.0,2.0,2.0,hard
test,0,4,62,32,0.5309438520052936,33.066153284016764,142.24087929999223,0.0005542723229154944,1.0,1.0,1.0,1.0,1.3402777777777779e-05,2.0,2.0,2.0,hard
test,0,4,63,32,0.5314382859796751,33.5980198670004,142.7727458679874,0.0016369461081922054,1.0,1.0,1.0,1.0,1.3368055555555558e-05,2.0,2.0,2.0,hard
test,0,4,64,4,0.12713102798443288,33.725611719011795,142.90033773798496,0.0005075703957118094,1.0,1.0,1.0,1.0,1.3333333333333333e-05,2.0,2.0,2.0,hard
test,0,5,1,32,0.5343793990032282,0.6163898440136109,146.1391629629943,0.16095076501369476,0.9705882352941176,0.96875,0.96875,0.9687194525904204,1.3298611111111112e-05,0.0,0.0,0.0,easy
test,0,5,2,32,0.5314525680150837,1.148531198996352,146.67130433899,0.0007290516514331102,1.0,1.0,1.0,1.0,1.326388888888889e-05,0.0,0.0,0.0,easy
test,0,5,3,32,0.5322609799914062,1.6814005140040535,147.20417360999272,0.17224003374576569,0.9772727272727273,0.96875,0.9545454545454546,0.964562569213732,1.3229166666666669e-05,0.0,0.0,0.0,easy
test,0,5,4,32,0.5311928289884236,2.2131462169927545,147.73591945299995,0.0007940988871268928,1.0,1.0,1.0,1.0,1.3194444444444446e-05,0.0,0.0,0.0,easy
test,0,5,5,32,0.5309066209883895,2.744806848000735,148.26757994000218,0.000601673498749733,1.0,1.0,1.0,1.0,1.3159722222222225e-05,0.0,0.0,0.0,easy
test,0,5,6,32,0.5315438410034403,3.2769035900128074,148.7996768479934,0.0005113000515848398,1.0,1.0,1.0,1.0,1.3125e-05,0.0,0.0,0.0,easy
test,0,5,7,32,0.5323393309954554,3.8097945000045,149.3325676480017,0.0005926649901084602,1.0,1.0,1.0,1.0,1.3090277777777778e-05,0.0,0.0,0.0,easy
test,0,5,8,32,0.530452305014478,4.340752307005459,149.8635254209803,0.0005624413606710732,1.0,1.0,1.0,1.0,1.3055555555555557e-05,0.0,0.0,0.0,easy
test,0,5,9,32,0.5298397360020317,4.871103659010259,150.3938768589869,0.0006013564416207373,1.0,1.0,1.0,1.0,1.3020833333333334e-05,0.0,0.0,0.0,easy
test,0,5,10,32,0.5317835389869288,5.40339633700205,150.92616965199704,0.0007882064674049616,1.0,1.0,1.0,1.0,1.2986111111111113e-05,0.0,0.0,0.0,easy
test,0,5,11,32,0.5309481880103704,5.9348693400097545,151.45764245698228,0.0006201154901646078,1.0,1.0,1.0,1.0,1.2951388888888889e-05,0.0,0.0,0.0,easy
test,0,5,12,32,0.5304739539860748,6.465871282998705,151.98864441999467,0.0006319886306300759,1.0,1.0,1.0,1.0,1.2916666666666668e-05,0.0,0.0,0.0,easy
test,0,5,13,32,0.531875223008683,6.998266097012674,152.5210392709996,0.001241978257894516,1.0,1.0,1.0,1.0,1.2881944444444445e-05,0.0,0.0,0.0,easy
test,0,5,14,32,0.5312819529790431,7.530111300991848,153.0528844280052,0.0007687986362725496,1.0,1.0,1.0,1.0,1.2847222222222224e-05,0.0,0.0,0.0,easy
test,0,5,15,32,0.5305071080219932,8.061132739007007,153.58390584899462,0.0025143418461084366,1.0,1.0,1.0,1.0,1.2812500000000001e-05,0.0,0.0,0.0,easy
test,0,5,16,32,0.5314085179998074,8.593112845992437,154.11588601599215,0.18829016387462616,0.9642857142857143,0.96875,0.9736842105263157,0.967967967967968,1.2777777777777777e-05,0.0,0.0,0.0,easy
test,0,5,17,32,0.5317467120185029,9.12538037399645,154.6481535169878,0.0005517243989743292,1.0,1.0,1.0,1.0,1.2743055555555556e-05,0.0,0.0,0.0,easy
test,0,5,18,32,0.5302080789988395,9.656185897008982,155.17895907198545,0.0005065769073553383,1.0,1.0,1.0,1.0,1.2708333333333333e-05,0.0,0.0,0.0,easy
test,0,5,19,32,0.5320512010075618,10.188773764006328,155.71154687998933,0.0005426082061603665,1.0,1.0,1.0,1.0,1.2673611111111112e-05,0.0,0.0,0.0,easy
test,0,5,20,32,0.5312547819921747,10.720515188993886,156.24328836798668,0.00048752943985164165,1.0,1.0,1.0,1.0,1.263888888888889e-05,0.0,0.0,0.0,easy
test,0,5,21,32,0.5298721769941039,11.250927235989366,156.77370036099455,0.12914730608463287,0.9736842105263157,0.96875,0.9642857142857143,0.967967967967968,1.2604166666666669e-05,0.0,0.0,0.0,easy
test,0,5,22,32,0.5320266190101393,11.783513255009893,157.30628640198847,0.005192174576222897,1.0,1.0,1.0,1.0,1.2569444444444446e-05,0.0,0.0,0.0,easy
test,0,5,23,32,0.5317495730123483,12.315785395010607,157.8385585869837,0.00045087834587320685,1.0,1.0,1.0,1.0,1.2534722222222225e-05,0.75,0.0,1.0,easy|medium
test,0,5,24,32,0.5311482319957577,12.847469155996805,158.37024227899383,0.0005654534325003624,1.0,1.0,1.0,1.0,1.25e-05,1.0,1.0,1.0,medium
test,0,5,25,32,0.5316797480045352,13.37966169801075,158.90243511498556,0.00048676261212676764,1.0,1.0,1.0,1.0,1.2465277777777778e-05,1.0,1.0,1.0,medium
test,0,5,26,32,0.531370935990708,13.91148518800037,159.43425827700412,0.0006094475975260139,1.0,1.0,1.0,1.0,1.2430555555555557e-05,1.0,1.0,1.0,medium
test,0,5,27,32,0.5308684899937361,14.442850599007215,159.9656237649906,0.0004838045861106366,1.0,1.0,1.0,1.0,1.2395833333333334e-05,1.0,1.0,1.0,medium
test,0,5,28,32,0.5318739300128073,14.975269370013848,160.49804248500732,0.0004332909011282027,1.0,1.0,1.0,1.0,1.2361111111111113e-05,1.0,1.0,1.0,medium
test,0,5,29,32,0.5317540669930167,15.507527078996645,161.0303004969901,0.0004464421945158392,1.0,1.0,1.0,1.0,1.2326388888888889e-05,1.0,1.0,1.0,medium
test,0,5,30,32,0.5310936890018638,16.039188385999296,161.56196150099277,0.00040365190943703055,1.0,1.0,1.0,1.0,1.2291666666666668e-05,1.0,1.0,1.0,medium
test,0,5,31,32,0.531069470976945,16.570766715012724,162.0935399190057,0.00041620928095653653,1.0,1.0,1.0,1.0,1.2256944444444445e-05,1.0,1.0,1.0,medium
test,0,5,32,32,0.5324311820149887,17.10376110501238,162.62653425100143,0.0005054702633060515,1.0,1.0,1.0,1.0,1.2222222222222224e-05,1.0,1.0,1.0,medium
test,0,5,33,32,0.5313608589931391,17.635615081992,163.15838828199776,0.0003983782953582704,1.0,1.0,1.0,1.0,1.2187500000000001e-05,1.0,1.0,1.0,medium
test,0,5,34,32,0.5308902350079734,18.166928071004804,163.68970119798905,0.0004167614970356226,1.0,1.0,1.0,1.0,1.2152777777777777e-05,1.0,1.0,1.0,medium
test,0,5,35,32,0.5324478620023001,18.699915323988535,164.2226884549891,0.2388686090707779,0.9722222222222222,0.96875,0.9666666666666667,0.9684729064039409,1.2118055555555556e-05,1.0,1.0,1.0,medium
test,0,5,36,32,0.5311775409791153,19.231568685994716,164.7543418769783,0.0005024053971283138,1.0,1.0,1.0,1.0,1.2083333333333333e-05,1.0,1.0,1.0,medium
test,0,5,37,32,0.5306349869933911,19.76271141099278,165.28548452598625,0.2545259892940521,0.9333333333333333,0.9375,0.9473684210526316,0.9365079365079365,1.2048611111111112e-05,1.0,1.0,1.0,medium
test,0,5,38,32,0.5323193999938667,20.295507005997933,165.81828011199832,0.0005109291523694992,1.0,1.0,1.0,1.0,1.201388888888889e-05,1.0,1.0,1.0,medium
test,0,5,39,32,0.5307987940032035,20.82684406801127,166.34961719898274,0.0007223277352750301,1.0,1.0,1.0,1.0,1.1979166666666669e-05,1.0,1.0,1.0,medium
test,0,5,40,32,0.5309620409971103,21.35831884300569,166.88109197400627,0.0029559689573943615,1.0,1.0,1.0,1.0,1.1944444444444444e-05,1.0,1.0,1.0,medium
test,0,5,41,32,0.5323196630051825,21.891165295994142,167.4139383980073,0.0006445579929277301,1.0,1.0,1.0,1.0,1.1909722222222223e-05,1.0,1.0,1.0,medium
test,0,5,42,32,0.5316920320037752,22.4233536630054,167.9461268419982,0.0014555526431649923,1.0,1.0,1.0,1.0,1.1875e-05,1.0,1.0,1.0,medium
test,0,5,43,32,0.5311855809995905,22.955065627000295,168.47783879897906,0.0010061459615826607,1.0,1.0,1.0,1.0,1.1840277777777778e-05,1.375,1.0,2.0,medium|hard
test,0,5,44,32,0.5321102430170868,23.48775449799723,169.01052764200722,0.0010463801445439458,1.0,1.0,1.0,1.0,1.1805555555555557e-05,2.0,2.0,2.0,hard
test,0,5,45,32,0.5323394410079345,24.02059705700958,169.5433702149894,0.0013075440656393766,1.0,1.0,1.0,1.0,1.1770833333333334e-05,2.0,2.0,2.0,hard
test,0,5,46,32,0.5310236219957005,24.55213880800875,170.07491192198358,0.0007410581456497312,1.0,1.0,1.0,1.0,1.1736111111111113e-05,2.0,2.0,2.0,hard
test,0,5,47,32,0.532558033009991,25.085243937006453,170.60801705499762,0.0007966590346768498,1.0,1.0,1.0,1.0,1.1701388888888889e-05,2.0,2.0,2.0,hard
test,0,5,48,32,0.5319392129895277,25.617741272988496,171.14051442898926,0.0005725716473534703,1.0,1.0,1.0,1.0,1.1666666666666668e-05,2.0,2.0,2.0,hard
test,0,5,49,32,0.5308099029934965,26.149051985994447,171.67182510098792,0.0006881117587909102,1.0,1.0,1.0,1.0,1.1631944444444445e-05,2.0,2.0,2.0,hard
test,0,5,50,32,0.5324494640226476,26.682012214005226,172.20478541398188,0.0005381106166169047,1.0,1.0,1.0,1.0,1.1597222222222224e-05,2.0,2.0,2.0,hard
test,0,5,51,32,0.5316578889905941,27.214175232016714,172.73694843100384,0.1579313427209854,0.9545454545454546,0.96875,0.9772727272727273,0.964562569213732,1.1562500000000002e-05,2.0,2.0,2.0,hard
test,0,5,52,32,0.5310945819946937,27.745765019993996,173.26853814799688,0.0006258549401536584,1.0,1.0,1.0,1.0,1.1527777777777777e-05,2.0,2.0,2.0,hard
test,0,5,53,32,0.5323932789906394,28.27862042101333,173.80139382198104,0.00043912758701480925,1.0,1.0,1.0,1.0,1.1493055555555556e-05,2.0,2.0,2.0,hard
test,0,5,54,32,0.5319516109884717,28.811082369007636,174.33385549200466,0.000415439426433295,1.0,1.0,1.0,1.0,1.1458333333333333e-05,2.0,2.0,2.0,hard
test,0,5,55,32,0.5312121599854436,29.342802822007798,174.86557593898033,0.0004575908533297479,1.0,1.0,1.0,1.0,1.1423611111111112e-05,2.0,2.0,2.0,hard
test,0,5,56,32,0.5325179799983744,29.87588074701489,175.39865393500077,0.18037889897823334,0.9545454545454546,0.96875,0.9772727272727273,0.964562569213732,1.138888888888889e-05,2.0,2.0,2.0,hard
test,0,5,57,32,0.5316973119915929,30.408041646995116,175.93081476600491,0.0004046642570756376,1.0,1.0,1.0,1.0,1.1354166666666669e-05,2.0,2.0,2.0,hard
test,0,5,58,32,0.5317080740060192,30.94026306201704,176.46303623198764,0.000527195050381124,1.0,1.0,1.0,1.0,1.1319444444444444e-05,2.0,2.0,2.0,hard
test,0,5,59,32,0.5319686649891082,31.472771892003948,176.99554499800433,0.00048570847138762474,1.0,1.0,1.0,1.0,1.1284722222222223e-05,2.0,2.0,2.0,hard
test,0,5,60,32,0.5315019240078982,32.004794965003384,177.52756806497928,0.0006280529778450727,1.0,1.0,1.0,1.0,1.125e-05,2.0,2.0,2.0,hard
test,0,5,61,32,0.5317474410112482,32.537038351991214,178.0598115119792,0.0004330274532549083,1.0,1.0,1.0,1.0,1.1215277777777778e-05,2.0,2.0,2.0,hard
test,0,5,62,32,0.5320625540043693,33.06953940200037,178.59231250997982,0.00046466791536659,1.0,1.0,1.0,1.0,1.1180555555555557e-05,2.0,2.0,2.0,hard
test,0,5,63,32,0.5321759929938708,33.60218280000845,179.12495607999153,0.0006645787507295609,1.0,1.0,1.0,1.0,1.1145833333333334e-05,2.0,2.0,2.0,hard
test,0,5,64,4,0.12742779598920606,33.73009411100065,179.2528672129847,0.00028394462424330413,1.0,1.0,1.0,1.0,1.1111111111111113e-05,2.0,2.0,2.0,hard
test,0,6,1,32,0.5312820360122714,0.6120978060062043,182.49431625098805,0.000384207465685904,1.0,1.0,1.0,1.0,1.1076388888888889e-05,0.0,0.0,0.0,easy
test,0,6,2,32,0.5314083420089446,1.1442605380143505,183.0264792139933,0.0006690495065413415,1.0,1.0,1.0,1.0,1.1041666666666668e-05,0.0,0.0,0.0,easy
test,0,6,3,32,0.5313566740078386,1.6761048450134695,183.5583233689831,0.22529728710651398,0.9583333333333333,0.96875,0.9761904761904762,0.9660657476139979,1.1006944444444445e-05,0.0,0.0,0.0,easy
test,0,6,4,32,0.5313095510064159,2.2078774709952995,184.09009590299684,0.0004736461560241878,1.0,1.0,1.0,1.0,1.0972222222222224e-05,0.0,0.0,0.0,easy
test,0,6,5,32,0.5320340429898351,2.740476326987846,184.6226947789837,0.0004389914101921022,1.0,1.0,1.0,1.0,1.0937500000000002e-05,0.0,0.0,0.0,easy
test,0,6,6,32,0.5309410960180685,3.2719986269949004,185.15421707599307,0.00043163244845345616,1.0,1.0,1.0,1.0,1.0902777777777777e-05,0.0,0.0,0.0,easy
test,0,6,7,32,0.5312585729989223,3.8038221489987336,185.68604086199775,0.0004231988568790257,1.0,1.0,1.0,1.0,1.0868055555555556e-05,0.0,0.0,0.0,easy
test,0,6,8,32,0.531880907015875,4.336282159987604,186.2185005939973,0.0004272183869034052,1.0,1.0,1.0,1.0,1.0833333333333334e-05,0.0,0.0,0.0,easy
test,0,6,9,32,0.5304253789945506,4.867205110989744,186.74942355797975,0.0004957958008162677,1.0,1.0,1.0,1.0,1.0798611111111113e-05,0.0,0.0,0.0,easy
test,0,6,10,32,0.5301485920208506,5.397839763987577,187.28005819398095,0.0004974446492269635,1.0,1.0,1.0,1.0,1.076388888888889e-05,0.0,0.0,0.0,easy
test,0,6,11,32,0.5313233990164008,5.929703205008991,187.8119216269988,0.0004941627266816795,1.0,1.0,1.0,1.0,1.0729166666666669e-05,0.0,0.0,0.0,easy
test,0,6,12,32,0.5308327579987235,6.461145745008253,188.34336418498424,0.0005069079343229532,1.0,1.0,1.0,1.0,1.0694444444444444e-05,0.0,0.0,0.0,easy
test,0,6,13,32,0.5305290450050961,6.992135192005662,188.87435367298895,0.00036238523898646235,1.0,1.0,1.0,1.0,1.0659722222222223e-05,0.0,0.0,0.0,easy
test,0,6,14,32,0.5317645129980519,7.524484716996085,189.4067031639861,0.000573907105717808,1.0,1.0,1.0,1.0,1.0625e-05,0.0,0.0,0.0,easy
test,0,6,15,32,0.5312372260086704,8.056149762996938,189.93836820797878,0.0003870024811476469,1.0,1.0,1.0,1.0,1.0590277777777778e-05,0.0,0.0,0.0,easy
test,0,6,16,32,0.5302221729943994,8.586874580010772,190.46909300299012,0.0006873716483823955,1.0,1.0,1.0,1.0,1.0555555555555557e-05,0.0,0.0,0.0,easy
test,0,6,17,32,0.5312639950134326,9.11870471900329,191.00092315598158,0.0004282007575966418,1.0,1.0,1.0,1.0,1.0520833333333333e-05,0.0,0.0,0.0,easy
test,0,6,18,32,0.5313581629889086,9.650660915998742,191.5328793489898,0.00044045894173905253,1.0,1.0,1.0,1.0,1.0486111111111112e-05,0.0,0.0,0.0,easy
test,0,6,19,32,0.5304310059873387,10.181660286994884,192.06387877999805,0.00045370092266239226,1.0,1.0,1.0,1.0,1.0451388888888889e-05,0.0,0.0,0.0,easy
test,0,6,20,32,0.5316874650015961,10.713887889985926,192.59610634300043,0.00046840275172144175,1.0,1.0,1.0,1.0,1.0416666666666668e-05,0.0,0.0,0.0,easy
test,0,6,21,32,0.5312962320167571,11.245722647989169,193.12794108799426,0.0008199951844289899,1.0,1.0,1.0,1.0,1.0381944444444445e-05,0.0,0.0,0.0,easy
test,0,6,22,32,0.5311101670085918,11.77740395400906,193.65962241397938,0.00042313497397117317,1.0,1.0,1.0,1.0,1.0347222222222224e-05,0.0,0.0,0.0,easy
test,0,6,23,32,0.5326283369795419,12.310554555006092,194.19277307298034,0.00039192254189401865,1.0,1.0,1.0,1.0,1.0312500000000002e-05,0.75,0.0,1.0,easy|medium
test,0,6,24,32,0.5320228780037723,12.843136075010989,194.72535487500136,0.0008026268915273249,1.0,1.0,1.0,1.0,1.0277777777777777e-05,1.0,1.0,1.0,medium
test,0,6,25,32,0.5310406920034438,13.374660355009837,195.25687880199985,0.0003980909241363406,1.0,1.0,1.0,1.0,1.0243055555555556e-05,1.0,1.0,1.0,medium
test,0,6,26,32,0.5318801410030574,13.907168873993214,195.78938740998274,0.00036619044840335846,1.0,1.0,1.0,1.0,1.0208333333333334e-05,1.0,1.0,1.0,medium
test,0,6,27,32,0.5312039380078204,14.438864528987324,196.32108295700164,0.00039764191024005413,1.0,1.0,1.0,1.0,1.0173611111111113e-05,1.0,1.0,1.0,medium
test,0,6,28,32,0.5311673909891397,14.970642722997582,196.85286125299172,0.0003186485846526921,1.0,1.0,1.0,1.0,1.013888888888889e-05,1.0,1.0,1.0,medium
test,0,6,29,32,0.5323128440068103,15.50354226201307,197.38576066098176,0.0003179117338731885,1.0,1.0,1.0,1.0,1.0104166666666669e-05,1.0,1.0,1.0,medium
test,0,6,30,32,0.5319031320104841,16.035882708005374,197.91810114699183,0.0003323157725390047,1.0,1.0,1.0,1.0,1.0069444444444445e-05,1.0,1.0,1.0,medium
test,0,6,31,32,0.5312008860055357,16.567571950989077,198.4497903479787,0.0003366676683072001,1.0,1.0,1.0,1.0,1.0034722222222224e-05,1.0,1.0,1.0,medium
test,0,6,32,32,0.5315092829987407,17.099537222995423,198.9817556630005,0.0003548898093868047,1.0,1.0,1.0,1.0,1e-05,1.0,1.0,1.0,medium
test,0,6,33,32,0.5321572810062207,17.632220142986625,199.51443862100132,0.00037285275175236166,1.0,1.0,1.0,1.0,9.965277777777778e-06,1.0,1.0,1.0,medium
test,0,6,34,32,0.5312630090047605,18.16402098699473,200.04623954399722,0.00030079385032877326,1.0,1.0,1.0,1.0,9.930555555555557e-06,1.0,1.0,1.0,medium
test,0,6,35,32,0.5301891670096666,18.694800471013878,200.57701891998295,0.26550695300102234,0.9473684210526316,0.9375,0.9333333333333333,0.9365079365079365,9.895833333333334e-06,1.0,1.0,1.0,medium
test,0,6,36,32,0.53147375700064,19.226778818003368,201.10899726199568,0.00037453914410434663,1.0,1.0,1.0,1.0,9.861111111111112e-06,1.0,1.0,1.0,medium
test,0,6,37,32,0.5307352980016731,19.757967017008923,201.64018545197905,0.00031069948454387486,1.0,1.0,1.0,1.0,9.826388888888889e-06,1.0,1.0,1.0,medium
test,0,6,38,32,0.531100289983442,20.28963167499751,202.17185006698128,0.0005924277938902378,1.0,1.0,1.0,1.0,9.791666666666666e-06,1.0,1.0,1.0,medium
test,0,6,39,32,0.5318435269873589,20.82198948500445,202.70420820900472,0.0005521427374333143,1.0,1.0,1.0,1.0,9.756944444444445e-06,1.0,1.0,1.0,medium
test,0,6,40,32,0.5313909430115018,21.35395053701359,203.23616898298496,0.0003089022939093411,1.0,1.0,1.0,1.0,9.722222222222223e-06,1.0,1.0,1.0,medium
test,0,6,41,32,0.531189246015856,21.8856739650073,203.76789240399376,0.00028321583522483706,1.0,1.0,1.0,1.0,9.6875e-06,1.0,1.0,1.0,medium
test,0,6,42,32,0.531783190992428,22.418026163999457,204.30024460799177,0.00034738678368739784,1.0,1.0,1.0,1.0,9.652777777777779e-06,1.0,1.0,1.0,medium
test,0,6,43,32,0.5319188169960398,22.950435425998876,204.83265385200502,0.00030800950480625033,1.0,1.0,1.0,1.0,9.618055555555556e-06,1.375,1.0,2.0,medium|hard
test,0,6,44,32,0.5307141309895087,23.481748566991882,205.3639670019911,0.0009898276766762137,1.0,1.0,1.0,1.0,9.583333333333335e-06,2.0,2.0,2.0,hard
test,0,6,45,32,0.5328233840118628,24.015085625986103,205.8973040659912,0.010676524601876736,1.0,1.0,1.0,1.0,9.548611111111113e-06,2.0,2.0,2.0,hard
test,0,6,46,32,0.5319473160197958,24.547619904013118,206.42983835499035,0.00027926539769396186,1.0,1.0,1.0,1.0,9.51388888888889e-06,2.0,2.0,2.0,hard
test,0,6,47,32,0.5309463540033903,25.079019591998076,206.96123802199145,0.000978994881734252,1.0,1.0,1.0,1.0,9.479166666666667e-06,2.0,2.0,2.0,hard
test,0,6,48,32,0.5324144629994407,25.61195184700773,207.49417027499294,0.0002696156734600663,1.0,1.0,1.0,1.0,9.444444444444445e-06,2.0,2.0,2.0,hard
test,0,6,49,32,0.5318954380054493,26.14442592501291,208.02664439898217,0.000303086475469172,1.0,1.0,1.0,1.0,9.409722222222224e-06,2.0,2.0,2.0,hard
test,0,6,50,32,0.5307716320094187,26.675751344009768,208.5579698139918,0.0002759092312771827,1.0,1.0,1.0,1.0,9.375000000000001e-06,2.0,2.0,2.0,hard
test,0,6,51,32,0.5325866299972404,27.20891663999646,209.0911350910028,0.0002570470969658345,1.0,1.0,1.0,1.0,9.340277777777778e-06,2.0,2.0,2.0,hard
test,0,6,52,32,0.532396011025412,27.741884976014262,209.62410345100216,0.00027404859429225326,1.0,1.0,1.0,1.0,9.305555555555557e-06,2.0,2.0,2.0,hard
test,0,6,53,32,0.531077700026799,28.27351031798753,210.1557287449832,0.00030916323885321617,1.0,1.0,1.0,1.0,9.270833333333334e-06,2.0,2.0,2.0,hard
test,0,6,54,32,0.5323792609851807,28.806465174013283,210.68868362598005,0.0002631980460137129,1.0,1.0,1.0,1.0,9.236111111111112e-06,2.0,2.0,2.0,hard
test,0,6,55,32,0.5315674400189891,29.338644740986638,211.22086318398942,0.0002554034872446209,1.0,1.0,1.0,1.0,9.201388888888889e-06,2.0,2.0,2.0,hard
test,0,6,56,32,0.5315586520009674,29.870752474991605,211.75297115699505,0.0003058312286157161,1.0,1.0,1.0,1.0,9.166666666666666e-06,2.0,2.0,2.0,hard
test,0,6,57,32,0.532525207992876,30.403843812993728,212.28606225998374,0.0002883178531192243,1.0,1.0,1.0,1.0,9.131944444444445e-06,2.0,2.0,2.0,hard
test,0,6,58,32,0.5312840150145348,30.935679199988954,212.81789764598943,0.00031976401805877686,1.0,1.0,1.0,1.0,9.097222222222223e-06,2.0,2.0,2.0,hard
test,0,6,59,32,0.531369780015666,31.46762527100509,213.34984403598355,0.0009638280607759953,1.0,1.0,1.0,1.0,9.0625e-06,2.0,2.0,2.0,hard
test,0,6,60,32,0.5321060860005673,32.000312847987516,213.88253169998643,0.00029092287877574563,1.0,1.0,1.0,1.0,9.027777777777779e-06,2.0,2.0,2.0,hard
test,0,6,61,32,0.5315490049833898,32.53237050800817,214.41458902898012,0.00023673813848290592,1.0,1.0,1.0,1.0,8.993055555555556e-06,2.0,2.0,2.0,hard
test,0,6,62,32,0.5313350330106914,33.06414448900614,214.94636291099596,0.0002682500926312059,1.0,1.0,1.0,1.0,8.958333333333334e-06,2.0,2.0,2.0,hard
test,0,6,63,32,0.5320269899966661,33.59665118000703,215.47886963299243,0.00023513095220550895,1.0,1.0,1.0,1.0,8.923611111111113e-06,2.0,2.0,2.0,hard
test,0,6,64,4,0.12772079798742197,33.72480523199192,215.6070236779924,0.00016315422544721514,1.0,1.0,1.0,1.0,8.888888888888888e-06,2.0,2.0,2.0,hard
test,0,7,1,32,0.5327526959881652,0.6131471070111729,218.84544544198434,0.0002574956160970032,1.0,1.0,1.0,1.0,8.854166666666667e-06,0.0,0.0,0.0,easy
test,0,7,2,32,0.5318669310072437,1.1457281009934377,219.37802643398754,0.0003127671661786735,1.0,1.0,1.0,1.0,8.819444444444445e-06,0.0,0.0,0.0,easy
test,0,7,3,32,0.5314924960257486,1.6777750859910157,219.91007342099329,0.0003752185730263591,1.0,1.0,1.0,1.0,8.784722222222224e-06,0.0,0.0,0.0,easy
test,0,7,4,32,0.5302112899953499,2.2084600889938883,220.44075841800077,0.000255978899076581,1.0,1.0,1.0,1.0,8.750000000000001e-06,0.0,0.0,0.0,easy
test,0,7,5,32,0.5300354410137516,2.7389726609981153,220.97127100199577,0.00027386032161302865,1.0,1.0,1.0,1.0,8.715277777777778e-06,0.0,0.0,0.0,easy
test,0,7,6,32,0.5314917600189801,3.2710183009912726,221.50331662700046,0.00026810646522790194,1.0,1.0,1.0,1.0,8.680555555555557e-06,0.0,0.0,0.0,easy
test,0,7,7,32,0.5310170259908773,3.8025789209932555,222.03487726298044,0.00023838551715016365,1.0,1.0,1.0,1.0,8.645833333333335e-06,0.0,0.0,0.0,easy
test,0,7,8,32,0.5301854570279829,4.3332891470054165,222.56558748398675,0.0002978976699523628,1.0,1.0,1.0,1.0,8.611111111111112e-06,0.0,0.0,0.0,easy
test,0,7,9,32,0.5312576869910117,4.865096850000555,223.09739518299466,0.0002786173718050122,1.0,1.0,1.0,1.0,8.57638888888889e-06,0.0,0.0,0.0,easy
test,0,7,10,32,0.5310861949983519,5.396673156006727,223.62897149799392,0.00028543465305119753,1.0,1.0,1.0,1.0,8.541666666666666e-06,0.0,0.0,0.0,easy
test,0,7,11,32,0.5302919170062523,5.927522626006976,224.1598209439835,0.00029349682154133916,1.0,1.0,1.0,1.0,8.506944444444445e-06,0.0,0.0,0.0,easy
test,0,7,12,32,0.5316909570246935,6.459781195007963,224.6920795289916,0.0002391044399701059,1.0,1.0,1.0,1.0,8.472222222222223e-06,0.0,0.0,0.0,easy
test,0,7,13,32,0.5313856629945803,6.991638128005434,225.22393643998657,0.00023545129806734622,1.0,1.0,1.0,1.0,8.4375e-06,0.0,0.0,0.0,easy
test,0,7,14,32,0.5306396039959509,7.52279794801143,225.75509631098248,0.0003886146005243063,1.0,1.0,1.0,1.0,8.402777777777779e-06,0.0,0.0,0.0,easy
test,0,7,15,32,0.5338669159973506,8.057099455007119,226.28939781998633,0.0002586777263786644,1.0,1.0,1.0,1.0,8.368055555555556e-06,0.0,0.0,0.0,easy
test,0,7,16,32,0.531783897022251,8.589991703018313,226.82229002998793,0.00025823304895311594,1.0,1.0,1.0,1.0,8.333333333333334e-06,0.0,0.0,0.0,easy
test,0,7,17,32,0.5300589810067322,9.120648383017397,227.35294670899748,0.0002515762753318995,1.0,1.0,1.0,1.0,8.298611111111113e-06,0.0,0.0,0.0,easy
test,0,7,18,32,0.5316192080208566,9.652833580999868,227.88513190398226,0.0002705193473957479,1.0,1.0,1.0,1.0,8.263888888888888e-06,0.0,0.0,0.0,easy
test,0,7,19,32,0.5312406350276433,10.184656749013811,228.416955106979,0.00026368536055088043,1.0,1.0,1.0,1.0,8.229166666666667e-06,0.0,0.0,0.0,easy
test,0,7,20,32,0.5306468399940059,10.715898457012372,228.9481967650063,0.00026904192054644227,1.0,1.0,1.0,1.0,8.194444444444445e-06,0.0,0.0,0.0,easy
test,0,7,21,32,0.5319823400059249,11.248485285992501,229.4807836469845,0.05792517960071564,0.9666666666666667,0.96875,0.9722222222222222,0.9684729064039409,8.159722222222222e-06,0.0,0.0,0.0,easy
test,0,7,22,32,0.5310938399925362,11.780051147012273,230.01234977098648,0.00021593665587715805,1.0,1.0,1.0,1.0,8.125000000000001e-06,0.0,0.0,0.0,easy
test,0,7,23,32,0.5311910499876831,12.311843642004533,230.5441420369898,0.000233991930144839,1.0,1.0,1.0,1.0,8.090277777777778e-06,0.75,0.0,1.0,easy|medium
test,0,7,24,32,0.5321022210118826,12.844494952994864,231.07679327999358,0.00022549381537828594,1.0,1.0,1.0,1.0,8.055555555555557e-06,1.0,1.0,1.0,medium
test,0,7,25,32,0.5316571280127391,13.376602044008905,231.60890037898207,0.00027075468096882105,1.0,1.0,1.0,1.0,8.020833333333335e-06,1.0,1.0,1.0,medium
test,0,7,26,32,0.5307814260013402,13.90787267300766,232.14017099200282,0.000225377909373492,1.0,1.0,1.0,1.0,7.986111111111112e-06,1.0,1.0,1.0,medium
test,0,7,27,32,0.5314291109971236,14.439838324993616,232.67213673098013,0.016728494316339493,1.0,1.0,1.0,1.0,7.95138888888889e-06,1.0,1.0,1.0,medium
test,0,7,28,32,0.5321041130227968,14.972486771992408,233.20478509299573,0.1514875739812851,0.9666666666666667,0.96875,0.9722222222222222,0.9684729064039409,7.916666666666667e-06,1.0,1.0,1.0,medium
test,0,7,29,32,0.5309625359950587,15.503872377012158,233.7361707520031,0.0001955642510438338,1.0,1.0,1.0,1.0,7.881944444444446e-06,1.0,1.0,1.0,medium
test,0,7,30,32,0.5301533189776819,16.03451815401786,234.2668164689967,0.00019730419444385916,1.0,1.0,1.0,1.0,7.847222222222223e-06,1.0,1.0,1.0,medium
test,0,7,31,32,0.5321873859793413,16.567187278007623,234.79948561100173,0.00024246549583040178,1.0,1.0,1.0,1.0,7.8125e-06,1.0,1.0,1.0,medium
test,0,7,32,32,0.5314760839974042,17.0991511940083,235.33144952199655,0.0002519790723454207,1.0,1.0,1.0,1.0,7.77777777777778e-06,1.0,1.0,1.0,medium
test,0,7,33,32,0.5309062679880299,17.630603796016658,235.86290211600135,0.0001995893253479153,1.0,1.0,1.0,1.0,7.743055555555556e-06,1.0,1.0,1.0,medium
test,0,7,34,32,0.5324749019928277,18.163645913009532,236.3959442669875,0.0002135045942850411,1.0,1.0,1.0,1.0,7.708333333333334e-06,1.0,1.0,1.0,medium
test,0,7,35,32,0.5311754530121107,18.69534948799992,236.9276478389802,0.07030144333839417,0.9722222222222222,0.96875,0.9666666666666667,0.9684729064039409,7.673611111111113e-06,1.0,1.0,1.0,medium
test,0,7,36,32,0.5306507740169764,19.226535437017446,237.45883378299186,0.00024696759646758437,1.0,1.0,1.0,1.0,7.638888888888888e-06,1.0,1.0,1.0,medium
test,0,7,37,32,0.5321137809951324,19.759182867011987,237.99148121199687,0.00023271478130482137,1.0,1.0,1.0,1.0,7.6041666666666666e-06,1.0,1.0,1.0,medium
test,0,7,38,32,0.5319338030240033,20.29169616199215,238.52399448599317,0.0003824254381470382,1.0,1.0,1.0,1.0,7.569444444444445e-06,1.0,1.0,1.0,medium
test,0,7,39,32,0.5305086659791414,20.822753022017423,239.05505137398723,0.00023304272326640785,1.0,1.0,1.0,1.0,7.534722222222223e-06,1.0,1.0,1.0,medium
test,0,7,40,32,0.5316849130031187,21.355005032994086,239.5873033599928,0.00026312354020774364,1.0,1.0,1.0,1.0,7.500000000000001e-06,1.0,1.0,1.0,medium
test,0,7,41,32,0.5319828150095418,21.887467471999116,240.1197658260062,0.0002475129731465131,1.0,1.0,1.0,1.0,7.465277777777778e-06,1.0,1.0,1.0,medium
test,0,7,42,32,0.5307114210154396,22.41875104699284,240.6510495999828,0.00031432928517460823,1.0,1.0,1.0,1.0,7.4305555555555565e-06,1.0,1.0,1.0,medium
test,0,7,43,32,0.5320796790183522,22.951390856993385,241.183689234982,0.0002456924703437835,1.0,1.0,1.0,1.0,7.395833333333335e-06,1.375,1.0,2.0,medium|hard
test,0,7,44,32,0.5317033609899227,23.4836148530012,241.71591319100116,0.0031691077165305614,1.0,1.0,1.0,1.0,7.361111111111112e-06,2.0,2.0,2.0,hard
test,0,7,45,32,0.5317187390173785,24.015936904994305,242.24823526400723,0.0003772013005800545,1.0,1.0,1.0,1.0,7.326388888888889e-06,2.0,2.0,2.0,hard
test,0,7,46,32,0.5319799999997485,24.54846422400442,242.7807625370042,0.00021454808302223682,1.0,1.0,1.0,1.0,7.291666666666667e-06,2.0,2.0,2.0,hard
test,0,7,47,32,0.5316765470197424,25.08068149301107,243.31297982900287,0.00024889298947528005,1.0,1.0,1.0,1.0,7.256944444444445e-06,2.0,2.0,2.0,hard
test,0,7,48,32,0.5309698299970478,25.612200750008924,243.84449940299965,0.0002223115152446553,1.0,1.0,1.0,1.0,7.222222222222223e-06,2.0,2.0,2.0,hard
test,0,7,49,32,0.5332681789877824,26.14602509699762,244.3783234359871,0.0002227368822786957,1.0,1.0,1.0,1.0,7.1875e-06,2.0,2.0,2.0,hard
test,0,7,50,32,0.5319986519753002,26.67858676999458,244.91088511398993,0.0001959512592293322,1.0,1.0,1.0,1.0,7.152777777777778e-06,2.0,2.0,2.0,hard
test,0,7,51,32,0.5313103819789831,27.210421368014067,245.44271971998387,0.00024510087678208947,1.0,1.0,1.0,1.0,7.1180555555555565e-06,2.0,2.0,2.0,hard
test,0,7,52,32,0.5330389549781103,27.743971919000614,245.97627035999903,0.00036824989365413785,1.0,1.0,1.0,1.0,7.083333333333335e-06,2.0,2.0,2.0,hard
test,0,7,53,32,0.5317841109936126,28.27634888800094,246.5086472099938,0.00023098368546925485,1.0,1.0,1.0,1.0,7.048611111111112e-06,2.0,2.0,2.0,hard
test,0,7,54,32,0.5317650030192453,28.80863788400893,247.0409362219798,0.00020129926269873977,1.0,1.0,1.0,1.0,7.013888888888889e-06,2.0,2.0,2.0,hard
test,0,7,55,32,0.5322132739820518,29.341468168015126,247.5737665219931,0.00021279283100739121,1.0,1.0,1.0,1.0,6.979166666666667e-06,2.0,2.0,2.0,hard
test,0,7,56,32,0.5319036970031448,29.873893731011776,248.10619207998388,0.1900096833705902,0.9782608695652174,0.96875,0.95,0.9625730994152046,6.944444444444445e-06,2.0,2.0,2.0,hard
test,0,7,57,32,0.5318371779867448,30.406289767008275,248.63858811100363,0.0002800762886181474,1.0,1.0,1.0,1.0,6.909722222222223e-06,2.0,2.0,2.0,hard
test,0,7,58,32,0.5321519790159073,30.938993235991802,249.1712915749813,0.0017983282450586557,1.0,1.0,1.0,1.0,6.875e-06,2.0,2.0,2.0,hard
test,0,7,59,32,0.5320369319815654,31.47157750200131,249.70387583700358,0.0002449800376780331,1.0,1.0,1.0,1.0,6.840277777777778e-06,2.0,2.0,2.0,hard
test,0,7,60,32,0.5314368550025392,32.00352545300848,250.2358237769804,0.00024188717361539602,1.0,1.0,1.0,1.0,6.8055555555555566e-06,2.0,2.0,2.0,hard
test,0,7,61,32,0.5323930660088081,32.53634761701687,250.76864594500512,0.00018746612477116287,1.0,1.0,1.0,1.0,6.770833333333334e-06,2.0,2.0,2.0,hard
test,0,7,62,32,0.5318655830051284,33.06865841100807,251.30095674999757,0.00021619786275550723,1.0,1.0,1.0,1.0,6.736111111111112e-06,2.0,2.0,2.0,hard
test,0,7,63,32,0.5315101739834063,33.600587096007075,251.83288564599934,0.00021818657114636153,1.0,1.0,1.0,1.0,6.701388888888889e-06,2.0,2.0,2.0,hard
test,0,7,64,4,0.1268784840067383,33.72792077000486,251.96021911498974,0.00014587097393814474,1.0,1.0,1.0,1.0,6.666666666666667e-06,2.0,2.0,2.0,hard
test,0,8,1,32,0.5333450119942427,0.6166413180180825,255.1936875009851,0.0002206966164521873,1.0,1.0,1.0,1.0,6.631944444444445e-06,0.0,0.0,0.0,easy
test,0,8,2,32,0.5313033270067535,1.148657801997615,255.72570401598932,0.00019661508849821985,1.0,1.0,1.0,1.0,6.597222222222223e-06,0.0,0.0,0.0,easy
test,0,8,3,32,0.5305941340047866,1.679777069017291,256.25682327197865,0.0002419168595224619,1.0,1.0,1.0,1.0,6.5625e-06,0.0,0.0,0.0,easy
test,0,8,4,32,0.5313763610029127,2.2116357830236666,256.7886819919804,0.0002214580017607659,1.0,1.0,1.0,1.0,6.5277777777777784e-06,0.0,0.0,0.0,easy
test,0,8,5,32,0.5304498920158949,2.742632797016995,257.31967898400035,0.0016753984382376075,1.0,1.0,1.0,1.0,6.493055555555557e-06,0.0,0.0,0.0,easy
test,0,8,6,32,0.5304235729854554,3.273523149022367,257.85056934598833,0.00021914884564466774,1.0,1.0,1.0,1.0,6.458333333333334e-06,0.0,0.0,0.0,easy
test,0,8,7,32,0.5317711190145928,3.8057963800092693,258.3828425859974,0.0001980893430300057,1.0,1.0,1.0,1.0,6.423611111111112e-06,0.0,0.0,0.0,easy
test,0,8,8,32,0.5312579379824456,4.337575353012653,258.914621532982,0.00023356729070656002,1.0,1.0,1.0,1.0,6.3888888888888885e-06,0.0,0.0,0.0,easy
test,0,8,9,32,0.5302840790245682,4.8684034240141045,259.44544962098007,0.0005257222219370306,1.0,1.0,1.0,1.0,6.354166666666667e-06,0.0,0.0,0.0,easy
test,0,8,10,32,0.5317900730005931,5.400634781020926,259.9776809879986,0.00020482638501562178,1.0,1.0,1.0,1.0,6.319444444444445e-06,0.0,0.0,0.0,easy
test,0,8,11,32,0.5312056120019406,5.93237655601115,260.5094227530062,0.00021811461192555726,1.0,1.0,1.0,1.0,6.284722222222223e-06,0.0,0.0,0.0,easy
test,0,8,12,32,0.5301012480049394,6.462970765016507,261.04001697400236,0.00021995557472109795,1.0,1.0,1.0,1.0,6.25e-06,0.0,0.0,0.0,easy
test,0,8,13,32,0.5322243249975145,6.995746785018127,261.57279306298005,0.0002048449096037075,1.0,1.0,1.0,1.0,6.2152777777777785e-06,0.0,0.0,0.0,easy
test,0,8,14,32,0.5315440639969893,7.527831102022901,262.1048772929935,0.09445469081401825,0.9545454545454546,0.96875,0.9772727272727273,0.964562569213732,6.180555555555557e-06,0.0,0.0,0.0,easy
test,0,8,15,32,0.5303703880053945,8.058673192019342,262.63571939698886,0.0002027183654718101,1.0,1.0,1.0,1.0,6.145833333333334e-06,0.0,0.0,0.0,easy
test,0,8,16,32,0.5317612180078868,8.590908492013114,263.1679547030071,0.0002020440879277885,1.0,1.0,1.0,1.0,6.111111111111112e-06,0.0,0.0,0.0,easy
test,0,8,17,32,0.5309090170194395,9.122333600011189,263.6993798329786,0.00022602184617426246,1.0,1.0,1.0,1.0,6.0763888888888885e-06,0.0,0.0,0.0,easy
test,0,8,18,32,0.5306888699997216,9.653604681021534,264.2306508650072,0.00020022370154038072,1.0,1.0,1.0,1.0,6.041666666666667e-06,0.0,0.0,0.0,easy
test,0,8,19,32,0.531514831003733,10.18568059601239,264.76272678998066,0.0002308436669409275,1.0,1.0,1.0,1.0,6.006944444444445e-06,0.0,0.0,0.0,easy
test,0,8,20,32,0.5315115299890749,10.717767869995441,265.2948140539811,0.00022760759748052806,1.0,1.0,1.0,1.0,5.972222222222222e-06,0.0,0.0,0.0,easy
test,0,8,21,32,0.5306357230001595,11.248919282021234,265.8259655959846,0.0002479893737472594,1.0,1.0,1.0,1.0,5.9375e-06,0.0,0.0,0.0,easy
test,0,8,22,32,0.5298278540140018,11.779296735010576,266.35634290700546,0.00020526630396489054,1.0,1.0,1.0,1.0,5.9027777777777785e-06,0.0,0.0,0.0,easy
test,0,8,23,32,0.5321268739935476,12.311980030004634,266.8890262210043,0.0005471714539453387,1.0,1.0,1.0,1.0,5.868055555555557e-06,0.75,0.0,1.0,easy|medium
test,0,8,24,32,0.5316657999937888,12.844231104012579,267.42127730400534,0.0001924344978760928,1.0,1.0,1.0,1.0,5.833333333333334e-06,1.0,1.0,1.0,medium
test,0,8,25,32,0.5311121310223825,13.375900776009075,267.95294695699704,0.00022670945327263325,1.0,1.0,1.0,1.0,5.798611111111112e-06,1.0,1.0,1.0,medium
test,0,8,26,32,0.5320184779993724,13.908498222008348,268.4855444410059,0.00023637915728613734,1.0,1.0,1.0,1.0,5.7638888888888886e-06,1.0,1.0,1.0,medium
test,0,8,27,32,0.5312837469973601,14.440249437000602,269.0172956379829,0.00020085895084775984,1.0,1.0,1.0,1.0,5.729166666666667e-06,1.0,1.0,1.0,medium
test,0,8,28,32,0.5307620319945272,14.971618975017918,269.54866518700146,0.00021330654271878302,1.0,1.0,1.0,1.0,5.694444444444445e-06,1.0,1.0,1.0,medium
test,0,8,29,32,0.5319098389882129,15.504083676001756,270.0811298689805,0.0001878828479675576,1.0,1.0,1.0,1.0,5.659722222222222e-06,1.0,1.0,1.0,medium
test,0,8,30,32,0.5315395120123867,16.036187618999975,270.61323381299735,0.00018626368546392769,1.0,1.0,1.0,1.0,5.625e-06,1.0,1.0,1.0,medium
test,0,8,31,32,0.5306397340027615,16.567326543998206,271.1443727549922,0.0001884977682493627,1.0,1.0,1.0,1.0,5.5902777777777785e-06,1.0,1.0,1.0,medium
test,0,8,32,32,0.5316488799871877,17.09948010701919,271.6765263059933,0.00018979061860591173,1.0,1.0,1.0,1.0,5.555555555555557e-06,1.0,1.0,1.0,medium
test,0,8,33,32,0.5317380909982603,17.63166960599483,272.2087158369832,0.00018981285393238068,1.0,1.0,1.0,1.0,5.520833333333334e-06,1.0,1.0,1.0,medium
test,0,8,34,32,0.5313019320019521,18.16346736002015,272.74051356400014,0.00020280748140066862,1.0,1.0,1.0,1.0,5.486111111111112e-06,1.0,1.0,1.0,medium
test,0,8,35,32,0.5321377780055627,18.69608335700468,273.273129565001,0.00020156661048531532,1.0,1.0,1.0,1.0,5.451388888888889e-06,1.0,1.0,1.0,medium
test,0,8,36,32,0.5312243700027466,19.22784791700542,273.804894136003,0.0002734021982178092,1.0,1.0,1.0,1.0,5.416666666666667e-06,1.0,1.0,1.0,medium
test,0,8,37,32,0.5305175169778522,19.758989441004815,274.3360356389894,0.00019068516849074513,1.0,1.0,1.0,1.0,5.381944444444445e-06,1.0,1.0,1.0,medium
test,0,8,38,32,0.532295270008035,20.29189517701161,274.8689413579996,0.00018656300380825996,1.0,1.0,1.0,1.0,5.347222222222222e-06,1.0,1.0,1.0,medium
test,0,8,39,32,0.5316145659890026,20.823963696020655,275.4010098979925,0.00021262629888951778,1.0,1.0,1.0,1.0,5.3125e-06,1.0,1.0,1.0,medium
test,0,8,40,32,0.5313017290027346,21.35586933902232,275.93291553799645,0.0001763679611030966,1.0,1.0,1.0,1.0,5.2777777777777785e-06,1.0,1.0,1.0,medium
test,0,8,41,32,0.5326498000067659,21.889120630017715,276.4661668179906,0.00017041593673639,1.0,1.0,1.0,1.0,5.243055555555556e-06,1.0,1.0,1.0,medium
test,0,8,42,32,0.5311479349911679,22.420839658007026,276.9978858589893,0.000194052787264809,1.0,1.0,1.0,1.0,5.208333333333334e-06,1.0,1.0,1.0,medium
test,0,8,43,32,0.5318466970056761,22.953298854001332,277.5303450640058,0.00018587353406473994,1.0,1.0,1.0,1.0,5.173611111111112e-06,1.375,1.0,2.0,medium|hard
test,0,8,44,32,0.5322316009842325,23.486029063002206,278.06307526500314,0.0001665905729169026,1.0,1.0,1.0,1.0,5.138888888888889e-06,2.0,2.0,2.0,hard
test,0,8,45,32,0.5321644690120593,24.01870804000646,278.59575425297953,0.00020419241627678275,1.0,1.0,1.0,1.0,5.104166666666667e-06,2.0,2.0,2.0,hard
test,0,8,46,32,0.5313785870093852,24.550667753996095,279.12771394700394,0.00016333130770362914,1.0,1.0,1.0,1.0,5.069444444444445e-06,2.0,2.0,2.0,hard
test,0,8,47,32,0.5319970739947166,25.083213835023344,279.6602602909843,0.00631611468270421,1.0,1.0,1.0,1.0,5.034722222222222e-06,2.0,2.0,2.0,hard
test,0,8,48,32,0.5320192410144955,25.6157162230229,280.1927624649834,0.00016881831106729805,1.0,1.0,1.0,1.0,5e-06,2.0,2.0,2.0,hard
test,0,8,49,32,0.5316701470001135,26.14783612001338,280.7248823029804,0.00017984543228521943,1.0,1.0,1.0,1.0,4.9652777777777786e-06,2.0,2.0,2.0,hard
test,0,8,50,32,0.5321517210104503,26.680454746005125,281.2575010089786,0.00017380944336764514,1.0,1.0,1.0,1.0,4.930555555555556e-06,2.0,2.0,2.0,hard
test,0,8,51,32,0.5323288609797601,27.213279115007026,281.7903253159893,0.00018812321650329977,1.0,1.0,1.0,1.0,4.895833333333333e-06,2.0,2.0,2.0,hard
test,0,8,52,32,0.5319944100046996,27.745845113997348,282.32289131198195,0.0002008495357586071,1.0,1.0,1.0,1.0,4.861111111111111e-06,2.0,2.0,2.0,hard
test,0,8,53,32,0.5320595979865175,28.278417807014193,282.8554639929789,0.00017191251390613616,1.0,1.0,1.0,1.0,4.8263888888888895e-06,2.0,2.0,2.0,hard
test,0,8,54,32,0.5328722539998125,28.811864151997725,283.38891037899884,0.00016645638970658183,1.0,1.0,1.0,1.0,4.791666666666668e-06,2.0,2.0,2.0,hard
test,0,8,55,32,0.5313679789833259,29.343795146996854,283.920841352985,0.0001717342674965039,1.0,1.0,1.0,1.0,4.756944444444445e-06,2.0,2.0,2.0,hard
test,0,8,56,32,0.5305239919980522,29.87491312500788,284.4519593259902,0.0009251747978851199,1.0,1.0,1.0,1.0,4.722222222222222e-06,2.0,2.0,2.0,hard
test,0,8,57,32,0.5325524719955865,30.407992682012264,284.9850389539788,0.00018805373110808432,1.0,1.0,1.0,1.0,4.6875000000000004e-06,2.0,2.0,2.0,hard
test,0,8,58,32,0.5320335020078346,30.94069734402001,285.51774353400106,0.0003511353861540556,1.0,1.0,1.0,1.0,4.652777777777779e-06,2.0,2.0,2.0,hard
test,0,8,59,32,0.5307291380013339,31.471956023015082,286.0490022209997,0.00019699973927345127,1.0,1.0,1.0,1.0,4.618055555555556e-06,2.0,2.0,2.0,hard
test,0,8,60,32,0.5340765110158827,32.0065812630055,286.5836275339825,0.00021740348893217742,1.0,1.0,1.0,1.0,4.583333333333333e-06,2.0,2.0,2.0,hard
test,0,8,61,32,0.5316221690154634,32.53902618700522,287.1160723969806,0.0001702897425275296,1.0,1.0,1.0,1.0,4.548611111111111e-06,2.0,2.0,2.0,hard
test,0,8,62,32,0.5308173939993139,33.0703217429982,287.6473680049821,0.00017949851462617517,1.0,1.0,1.0,1.0,4.5138888888888895e-06,2.0,2.0,2.0,hard
test,0,8,63,32,0.5316499979817308,33.602389274019515,288.1794354690064,0.00031535307061858475,1.0,1.0,1.0,1.0,4.479166666666667e-06,2.0,2.0,2.0,hard
test,0,8,64,4,0.1269811700040009,33.72982581000542,288.30687201200635,0.00013332630624063313,1.0,1.0,1.0,1.0,4.444444444444444e-06,2.0,2.0,2.0,hard
test,0,9,1,32,0.5321799190132879,0.6133590599929448,291.5528157639783,0.00018092271056957543,1.0,1.0,1.0,1.0,4.409722222222222e-06,0.0,0.0,0.0,easy
test,0,9,2,32,0.5323963169939816,1.146498543996131,292.0859550309833,0.00018126436043530703,1.0,1.0,1.0,1.0,4.3750000000000005e-06,0.0,0.0,0.0,easy
test,0,9,3,32,0.5308032780012581,1.6778792990080547,292.61733578899293,0.0001977872452698648,1.0,1.0,1.0,1.0,4.340277777777779e-06,0.0,0.0,0.0,easy
test,0,9,4,32,0.5297706359997392,2.208198893989902,293.1476553649991,0.0004633333592209965,1.0,1.0,1.0,1.0,4.305555555555556e-06,0.0,0.0,0.0,easy
test,0,9,5,32,0.5319100559863728,2.7406807169900276,293.680137207004,0.00019177232752554119,1.0,1.0,1.0,1.0,4.270833333333333e-06,0.0,0.0,0.0,easy
test,0,9,6,32,0.5309165159997065,3.2721605449914932,294.2116170619847,0.00017914976342581213,1.0,1.0,1.0,1.0,4.236111111111111e-06,0.0,0.0,0.0,easy
test,0,9,7,32,0.5307317580154631,3.8034848620009143,294.74294133100193,0.00016767834313213825,1.0,1.0,1.0,1.0,4.2013888888888896e-06,0.0,0.0,0.0,easy
test,0,9,8,32,0.5314226149930619,4.335472148988629,295.2749289360072,0.00017070294416043907,1.0,1.0,1.0,1.0,4.166666666666667e-06,0.0,0.0,0.0,easy
test,0,9,9,32,0.5313238910166547,4.867380623007193,295.8068371109839,0.00017145862511824816,1.0,1.0,1.0,1.0,4.131944444444444e-06,0.0,0.0,0.0,easy
test,0,9,10,32,0.5307084820233285,5.398681104008574,296.33813792298315,0.00019906138186343014,1.0,1.0,1.0,1.0,4.097222222222222e-06,0.0,0.0,0.0,easy
test,0,9,11,32,0.5315705009852536,5.930808326986153,296.87026480498025,0.00019567548588383943,1.0,1.0,1.0,1.0,4.0625000000000005e-06,0.0,0.0,0.0,easy
test,0,9,12,32,0.5314355969894677,6.462751710001612,297.4022081749863,0.00018003243894781917,1.0,1.0,1.0,1.0,4.027777777777779e-06,0.0,0.0,0.0,easy
test,0,9,13,32,0.5307090330170467,6.9939934099966194,297.93344991098274,0.0001772980613168329,1.0,1.0,1.0,1.0,3.993055555555556e-06,0.0,0.0,0.0,easy
test,0,9,14,32,0.5319554370071273,7.526512829004787,298.46596930900705,0.0001803612249204889,1.0,1.0,1.0,1.0,3.958333333333333e-06,0.0,0.0,0.0,easy
test,0,9,15,32,0.5311762350029312,8.058254781994037,298.9977112329798,0.00018783594714477658,1.0,1.0,1.0,1.0,3.9236111111111114e-06,0.0,0.0,0.0,easy
test,0,9,16,32,0.5302679669985082,8.58908335599699,299.52853981699445,0.00017999589908868074,1.0,1.0,1.0,1.0,3.88888888888889e-06,0.0,0.0,0.0,easy
test,0,9,17,32,0.5317063199763652,9.12128683598712,300.06074329899275,0.00018078862922266126,1.0,1.0,1.0,1.0,3.854166666666667e-06,0.0,0.0,0.0,easy
test,0,9,18,32,0.5308998089749366,9.652722812985303,300.5921793009911,0.0001612310588825494,1.0,1.0,1.0,1.0,3.819444444444444e-06,0.0,0.0,0.0,easy
test,0,9,19,32,0.5308261050086003,10.184123810991878,301.1235802930023,0.0001939346402650699,1.0,1.0,1.0,1.0,3.7847222222222224e-06,0.0,0.0,0.0,easy
test,0,9,20,32,0.5319003530021291,10.716582952998579,301.65603943998576,0.00019060159684158862,1.0,1.0,1.0,1.0,3.7500000000000005e-06,0.0,0.0,0.0,easy
test,0,9,21,32,0.5310758690175135,11.248212064005202,302.1876685259922,0.00019255380902905017,1.0,1.0,1.0,1.0,3.7152777777777783e-06,0.0,0.0,0.0,easy
test,0,9,22,32,0.5311066340073012,11.779868365003495,302.71932482899865,0.00016603953554295003,1.0,1.0,1.0,1.0,3.680555555555556e-06,0.0,0.0,0.0,easy
test,0,9,23,32,0.5318274940073024,12.312225394998677,303.25168187599047,0.0002963840670417994,1.0,1.0,1.0,1.0,3.6458333333333333e-06,0.75,0.0,1.0,easy|medium
test,0,9,24,32,0.5322195499902591,12.844949469988933,303.78440600499744,0.00018303038086742163,1.0,1.0,1.0,1.0,3.6111111111111115e-06,1.0,1.0,1.0,medium
test,0,9,25,32,0.5311141150014009,13.376666781987296,304.31612325500464,0.00018159381579607725,1.0,1.0,1.0,1.0,3.576388888888889e-06,1.0,1.0,1.0,medium
test,0,9,26,32,0.5316042320046108,13.908799917000579,304.8482563949947,0.0002879144449252635,1.0,1.0,1.0,1.0,3.5416666666666673e-06,1.0,1.0,1.0,medium
test,0,9,27,32,0.5320293249969836,14.441398839000612,305.38085532200057,0.00017581484280526638,1.0,1.0,1.0,1.0,3.5069444444444447e-06,1.0,1.0,1.0,medium
test,0,9,28,32,0.530995013017673,14.972976262011798,305.9124327999889,0.00026958450325764716,1.0,1.0,1.0,1.0,3.4722222222222224e-06,1.0,1.0,1.0,medium
test,0,9,29,32,0.5304368560027797,15.50400525398436,306.4434617049992,0.00016482528008054942,1.0,1.0,1.0,1.0,3.4375e-06,1.0,1.0,1.0,medium
test,0,9,30,32,0.5317779560282361,16.03632261400344,306.9757790849835,0.00015738769434392452,1.0,1.0,1.0,1.0,3.4027777777777783e-06,1.0,1.0,1.0,medium
test,0,9,31,32,0.5308286189974751,16.56775500398362,307.5072114719951,0.00016800223966129124,1.0,1.0,1.0,1.0,3.368055555555556e-06,1.0,1.0,1.0,medium
test,0,9,32,32,0.5306418859981932,17.098916490009287,308.0383729689929,0.00016523810336366296,1.0,1.0,1.0,1.0,3.3333333333333333e-06,1.0,1.0,1.0,medium
test,0,9,33,32,0.53206198499538,17.631555655010743,308.57101245000376,0.00017085930448956788,1.0,1.0,1.0,1.0,3.2986111111111115e-06,1.0,1.0,1.0,medium
test,0,9,34,32,0.5316414839762729,18.163723150995793,309.1031796299794,0.00016457388119306415,1.0,1.0,1.0,1.0,3.2638888888888892e-06,1.0,1.0,1.0,medium
test,0,9,35,32,0.5309951310046017,18.695263231988065,309.6347200140008,0.00017587475304026157,1.0,1.0,1.0,1.0,3.229166666666667e-06,1.0,1.0,1.0,medium
test,0,9,36,32,0.5313028990058228,19.22706957499031,310.166526090994,0.0001813184208003804,1.0,1.0,1.0,1.0,3.1944444444444443e-06,1.0,1.0,1.0,medium
test,0,9,37,32,0.5313649710151367,19.758969152986538,310.69842561200494,0.00016686628805473447,1.0,1.0,1.0,1.0,3.1597222222222224e-06,1.0,1.0,1.0,medium
test,0,9,38,32,0.5306730989832431,20.29015442499076,311.22961086800206,0.0001605229772394523,1.0,1.0,1.0,1.0,3.125e-06,1.0,1.0,1.0,medium
test,0,9,39,32,0.5321642750059254,20.822857835999457,311.7623144319805,0.00017522713460493833,1.0,1.0,1.0,1.0,3.0902777777777783e-06,1.0,1.0,1.0,medium
test,0,9,40,32,0.5315457560063805,21.35493877599947,312.29439524599,0.0001711867080302909,1.0,1.0,1.0,1.0,3.055555555555556e-06,1.0,1.0,1.0,medium
test,0,9,41,32,0.5307904120127205,21.886263200984104,312.82571978500346,0.0001765425258781761,1.0,1.0,1.0,1.0,3.0208333333333334e-06,1.0,1.0,1.0,medium
test,0,9,42,32,0.5318091859808192,22.418579749006312,313.35803623800166,0.0001754807453835383,1.0,1.0,1.0,1.0,2.986111111111111e-06,1.0,1.0,1.0,medium
test,0,9,43,32,0.5319750389899127,22.95108280298882,313.89053928200155,0.00015763321425765753,1.0,1.0,1.0,1.0,2.9513888888888892e-06,1.375,1.0,2.0,medium|hard
test,0,9,44,32,0.5307294749945868,23.48228310298873,314.42173957498744,0.00014979649859014899,1.0,1.0,1.0,1.0,2.916666666666667e-06,2.0,2.0,2.0,hard
test,0,9,45,32,0.5329954610206187,24.015762319992064,314.9552187899826,0.00017870229203253984,1.0,1.0,1.0,1.0,2.8819444444444443e-06,2.0,2.0,2.0,hard
test,0,9,46,32,0.5323613439977635,24.548657534003723,315.48811402800493,0.00016101825167424977,1.0,1.0,1.0,1.0,2.8472222222222224e-06,2.0,2.0,2.0,hard
test,0,9,47,32,0.5318291889852844,25.080972703988664,316.02042918099323,0.00020094981300644577,1.0,1.0,1.0,1.0,2.8125e-06,2.0,2.0,2.0,hard
test,0,9,48,32,0.5323481709929183,25.613901342992904,316.5533580959891,0.0001519759971415624,1.0,1.0,1.0,1.0,2.7777777777777783e-06,2.0,2.0,2.0,hard
test,0,9,49,32,0.5318896120006684,26.14632216200698,317.0857787419809,0.00015548401279374957,1.0,1.0,1.0,1.0,2.743055555555556e-06,2.0,2.0,2.0,hard
test,0,9,50,32,0.5316998249909375,26.678606336005032,317.6180627970025,0.00015012416406534612,1.0,1.0,1.0,1.0,2.7083333333333334e-06,2.0,2.0,2.0,hard
test,0,9,51,32,0.5324235199950635,27.21161334498902,318.15106982999714,0.00017236132407560945,1.0,1.0,1.0,1.0,2.673611111111111e-06,2.0,2.0,2.0,hard
test,0,9,52,32,0.5323078299988993,27.744409604987595,318.6838663209928,0.00015345435531344265,1.0,1.0,1.0,1.0,2.6388888888888893e-06,2.0,2.0,2.0,hard
test,0,9,53,32,0.5320149020117242,28.276995619002264,319.21645234597963,0.2676405608654022,0.96875,0.96875,0.9705882352941176,0.9687194525904204,2.604166666666667e-06,2.0,2.0,2.0,hard
test,0,9,54,32,0.5321681489876937,28.809642498992616,319.7490991469822,0.00019918475300073624,1.0,1.0,1.0,1.0,2.5694444444444443e-06,2.0,2.0,2.0,hard
test,0,9,55,32,0.5314827050024178,29.341688460001023,320.2811449339788,0.00015865749446675181,1.0,1.0,1.0,1.0,2.5347222222222225e-06,2.0,2.0,2.0,hard
test,0,9,56,32,0.5313560049980879,29.87359306498547,320.8130495399819,0.00015281728701665998,1.0,1.0,1.0,1.0,2.5e-06,2.0,2.0,2.0,hard
test,0,9,57,32,0.5322012089891359,30.406373011006508,321.34582949700416,0.0001758905709721148,1.0,1.0,1.0,1.0,2.465277777777778e-06,2.0,2.0,2.0,hard
test,0,9,58,32,0.5322508050012402,30.93920314699062,321.8786596079881,0.000143445999128744,1.0,1.0,1.0,1.0,2.4305555555555557e-06,2.0,2.0,2.0,hard
test,0,9,59,32,0.531368569994811,31.47114828499616,322.41060475297854,0.00015239216736517847,1.0,1.0,1.0,1.0,2.395833333333334e-06,2.0,2.0,2.0,hard
test,0,9,60,32,0.5315369319869205,32.00315176398726,322.942608243,0.00016154034528881311,1.0,1.0,1.0,1.0,2.361111111111111e-06,2.0,2.0,2.0,hard
test,0,9,61,32,0.5321591980173253,32.535780117003014,323.47523658099817,0.00016047173994593322,1.0,1.0,1.0,1.0,2.3263888888888893e-06,2.0,2.0,2.0,hard
test,0,9,62,32,0.5312386190053076,33.06750675299554,324.0069632109953,0.0001430066768079996,1.0,1.0,1.0,1.0,2.2916666666666666e-06,2.0,2.0,2.0,hard
test,0,9,63,32,0.5305386440013535,33.59854420198826,324.5380007030035,0.0001538262004032731,1.0,1.0,1.0,1.0,2.2569444444444448e-06,2.0,2.0,2.0,hard
test,0,9,64,4,0.12737291300436482,33.72641715299687,324.6658735649835,0.00015007314505055547,1.0,1.0,1.0,1.0,2.222222222222222e-06,2.0,2.0,2.0,hard
test,0,10,1,32,0.5326452779991087,0.6142377409851179,327.9024424199888,0.00018881401047110558,1.0,1.0,1.0,1.0,2.1875000000000002e-06,0.0,0.0,0.0,easy
test,0,10,2,32,0.5304049339902122,1.1453960299841128,328.4336007289821,0.00020749492978211492,1.0,1.0,1.0,1.0,2.152777777777778e-06,0.0,0.0,0.0,easy
test,0,10,3,32,0.5318599829915911,1.6777490410022438,328.96595401200466,0.00024941397714428604,1.0,1.0,1.0,1.0,2.1180555555555557e-06,0.0,0.0,0.0,easy
test,0,10,4,32,0.5304067370016128,2.2086761420068797,329.49688081699423,0.0001853693975135684,1.0,1.0,1.0,1.0,2.0833333333333334e-06,0.0,0.0,0.0,easy
test,0,10,5,32,0.5308415470062755,2.7399840829893947,330.0281887619931,0.00017017227946780622,1.0,1.0,1.0,1.0,2.048611111111111e-06,0.0,0.0,0.0,easy
test,0,10,6,32,0.5312141199829057,3.271787604986457,330.55999228399014,0.00016344772302545607,1.0,1.0,1.0,1.0,2.0138888888888893e-06,0.0,0.0,0.0,easy
test,0,10,7,32,0.5315787029976491,3.8038307369861286,331.0920354219852,0.00015256399638019502,1.0,1.0,1.0,1.0,1.9791666666666666e-06,0.0,0.0,0.0,easy
test,0,10,8,32,0.5301221159752458,4.334515197988367,331.6227198950073,0.00018450638162903488,1.0,1.0,1.0,1.0,1.944444444444445e-06,0.0,0.0,0.0,easy
test,0,10,9,32,0.5321148770162836,4.86709341200185,332.15529810998123,0.00018666358664631844,1.0,1.0,1.0,1.0,1.909722222222222e-06,0.0,0.0,0.0,easy
test,0,10,10,32,0.5318611660040915,5.39955407200614,332.68775875199935,0.00019056859309785068,1.0,1.0,1.0,1.0,1.8750000000000003e-06,0.0,0.0,0.0,easy
test,0,10,11,32,0.5300565540092066,5.930037524987711,333.2182422949991,0.0001729036885080859,1.0,1.0,1.0,1.0,1.840277777777778e-06,0.0,0.0,0.0,easy
test,0,10,12,32,0.5321204740030225,6.462638019991573,333.75084267699276,0.00017649694927968085,1.0,1.0,1.0,1.0,1.8055555555555557e-06,0.0,0.0,0.0,easy
test,0,10,13,32,0.5315043049922679,6.994593921001069,334.28279861298506,0.0001640916452743113,1.0,1.0,1.0,1.0,1.7708333333333337e-06,0.0,0.0,0.0,easy
test,0,10,14,32,0.5302723350177985,7.525478253985057,334.81368295798893,0.00024579541059210896,1.0,1.0,1.0,1.0,1.7361111111111112e-06,0.0,0.0,0.0,easy
test,0,10,15,32,0.5320944909763057,8.058147953008302,335.3463526380074,0.0001762853644322604,1.0,1.0,1.0,1.0,1.7013888888888891e-06,0.0,0.0,0.0,easy
test,0,10,16,32,0.5308974399813451,8.58954653699766,335.8777512279921,0.00018094539700541645,1.0,1.0,1.0,1.0,1.6666666666666667e-06,0.0,0.0,0.0,easy
test,0,10,17,32,0.5310923270008061,9.121119665011065,336.4093243450043,0.00019445535144768655,1.0,1.0,1.0,1.0,1.6319444444444446e-06,0.0,0.0,0.0,easy
test,0,10,18,32,0.5315910259960219,9.65314329098328,336.94134791198303,0.0001881189236883074,1.0,1.0,1.0,1.0,1.5972222222222221e-06,0.0,0.0,0.0,easy
test,0,10,19,32,0.5316419170121662,10.18530135700712,337.47350603400264,0.0002009351592278108,1.0,1.0,1.0,1.0,1.5625e-06,0.0,0.0,0.0,easy
test,0,10,20,32,0.5309216340247076,10.716769043996464,338.00497380198794,0.00016835980932228267,1.0,1.0,1.0,1.0,1.527777777777778e-06,0.0,0.0,0.0,easy
test,0,10,21,32,0.5315185009967536,11.248774765990674,338.53697945398744,0.0002297189785167575,1.0,1.0,1.0,1.0,1.4930555555555555e-06,0.0,0.0,0.0,easy
test,0,10,22,32,0.5322551910066977,11.781516044982709,339.06972072200733,0.00015977054135873914,1.0,1.0,1.0,1.0,1.4583333333333335e-06,0.0,0.0,0.0,easy
test,0,10,23,32,0.530879105994245,12.312903987010941,339.60110890699434,0.0001748590002534911,1.0,1.0,1.0,1.0,1.4236111111111112e-06,0.75,0.0,1.0,easy|medium
test,0,10,24,32,0.5300651509896852,12.843507769983262,340.1317124920024,0.00018967865617014468,1.0,1.0,1.0,1.0,1.3888888888888892e-06,1.0,1.0,1.0,medium
test,0,10,25,32,0.5317844779929146,13.37582524199388,340.66402993898373,0.0001746094785630703,1.0,1.0,1.0,1.0,1.3541666666666667e-06,1.0,1.0,1.0,medium
test,0,10,26,32,0.5311058509978466,13.907378153002355,341.195582824992,0.00016531316214241087,1.0,1.0,1.0,1.0,1.3194444444444446e-06,1.0,1.0,1.0,medium
test,0,10,27,32,0.5305105030129198,14.438422840990825,341.7266275319853,0.00018430067575536668,1.0,1.0,1.0,1.0,1.2847222222222222e-06,1.0,1.0,1.0,medium
test,0,10,28,32,0.5316582180093974,14.970613210985903,342.25881789199775,0.0001729536015773192,1.0,1.0,1.0,1.0,1.25e-06,1.0,1.0,1.0,medium
test,0,10,29,32,0.5316645669809077,15.502775092987576,342.7909801339847,0.00024685286916792393,1.0,1.0,1.0,1.0,1.2152777777777778e-06,1.0,1.0,1.0,medium
test,0,10,30,32,0.5310855499992613,16.03443301099469,343.32263770198915,0.00016385657363571227,1.0,1.0,1.0,1.0,1.1805555555555556e-06,1.0,1.0,1.0,medium
test,0,10,31,32,0.5318146259814966,16.56673747600871,343.8549421679927,0.00017583936278242618,1.0,1.0,1.0,1.0,1.1458333333333333e-06,1.0,1.0,1.0,medium
test,0,10,32,32,0.5315321320085786,17.09882606600877,344.3870308009791,0.00018618855392560363,1.0,1.0,1.0,1.0,1.111111111111111e-06,1.0,1.0,1.0,medium
test,0,10,33,32,0.5309254589956254,17.630241945997113,344.91844668000704,0.0001635882945265621,1.0,1.0,1.0,1.0,1.076388888888889e-06,1.0,1.0,1.0,medium
test,0,10,34,32,0.5314865020045545,18.16226399599691,345.4504688909801,0.00015809507749509066,1.0,1.0,1.0,1.0,1.0416666666666667e-06,1.0,1.0,1.0,medium
test,0,10,35,32,0.5315667130053043,18.69435728699318,345.9825623409997,0.00018945775809697807,1.0,1.0,1.0,1.0,1.0069444444444447e-06,1.0,1.0,1.0,medium
test,0,10,36,32,0.5303447949991096,19.225221728003817,346.51342639600625,0.00018139209714718163,1.0,1.0,1.0,1.0,9.722222222222224e-07,1.0,1.0,1.0,medium
test,0,10,37,32,0.5316971879801713,19.75742927499232,347.04563404698274,0.00015807992895133793,1.0,1.0,1.0,1.0,9.375000000000001e-07,1.0,1.0,1.0,medium
test,0,10,38,32,0.5316887439985294,20.289649712998653,347.577854408999,0.00015296592027880251,1.0,1.0,1.0,1.0,9.027777777777779e-07,1.0,1.0,1.0,medium
test,0,10,39,32,0.5309807879966684,20.82115668800543,348.1093614040001,0.00019018788589164615,1.0,1.0,1.0,1.0,8.680555555555556e-07,1.0,1.0,1.0,medium
test,0,10,40,32,0.532560210005613,21.35424902799423,348.6424537579878,0.00016794298426248133,1.0,1.0,1.0,1.0,8.333333333333333e-07,1.0,1.0,1.0,medium
test,0,10,41,32,0.5315252040163614,21.886308693006868,349.1745133679942,0.0001610713661648333,1.0,1.0,1.0,1.0,7.986111111111111e-07,1.0,1.0,1.0,medium
test,0,10,42,32,0.5310754980018828,22.41782637499273,349.7060311359819,0.00017549970652908087,1.0,1.0,1.0,1.0,7.63888888888889e-07,1.0,1.0,1.0,medium
test,0,10,43,32,0.5322407750063576,22.950491328985663,350.23869617198943,0.0001605088182259351,1.0,1.0,1.0,1.0,7.291666666666667e-07,1.375,1.0,2.0,medium|hard
test,0,10,44,32,0.531446856999537,23.482465924986172,350.7706706119934,0.0001605345751158893,1.0,1.0,1.0,1.0,6.944444444444446e-07,2.0,2.0,2.0,hard
test,0,10,45,32,0.531460091995541,24.014431474002777,351.302636153996,0.0001897581241792068,1.0,1.0,1.0,1.0,6.597222222222223e-07,2.0,2.0,2.0,hard
test,0,10,46,32,0.5321170279930811,24.547128600010183,351.8353332959814,0.00015549924864899367,1.0,1.0,1.0,1.0,6.25e-07,2.0,2.0,2.0,hard
test,0,10,47,32,0.5318661539931782,25.079513375007082,352.36771816099645,0.00017887703143060207,1.0,1.0,1.0,1.0,5.902777777777778e-07,2.0,2.0,2.0,hard
test,0,10,48,32,0.5311398819903843,25.611124925984768,352.8993296389817,0.00017698781448416412,1.0,1.0,1.0,1.0,5.555555555555555e-07,2.0,2.0,2.0,hard
test,0,10,49,32,0.5299971220083535,26.141686602000846,353.4298912920058,0.0001620021357666701,1.0,1.0,1.0,1.0,5.208333333333334e-07,2.0,2.0,2.0,hard
test,0,10,50,32,0.5318987789796665,26.674207917996682,353.9624126179842,0.00014166897744871676,1.0,1.0,1.0,1.0,4.861111111111112e-07,2.0,2.0,2.0,hard
test,0,10,51,32,0.5315164829953574,27.206245064997347,354.49444974798826,0.00015235485625453293,1.0,1.0,1.0,1.0,4.5138888888888893e-07,2.0,2.0,2.0,hard
test,0,10,52,32,0.5316707530000713,27.73849366698414,355.0266983449983,0.00018382005509920418,1.0,1.0,1.0,1.0,4.1666666666666667e-07,2.0,2.0,2.0,hard
test,0,10,53,32,0.5321571389795281,28.271205149998423,355.55940983098117,0.00884889904409647,1.0,1.0,1.0,1.0,3.819444444444445e-07,2.0,2.0,2.0,hard
test,0,10,54,32,0.5315582970215473,28.8032613999967,356.09146607498406,0.00019518559565767646,1.0,1.0,1.0,1.0,3.472222222222223e-07,2.0,2.0,2.0,hard
test,0,10,55,32,0.5306356939836405,29.334498807991622,356.62270355498185,0.00015770320896990597,1.0,1.0,1.0,1.0,3.125e-07,2.0,2.0,2.0,hard
test,0,10,56,32,0.5324569549993612,29.867512349010212,357.1557170189917,0.0001552827307023108,1.0,1.0,1.0,1.0,2.7777777777777776e-07,2.0,2.0,2.0,hard
test,0,10,57,32,0.5314622159930877,30.39954125598888,357.68774593199487,0.00018738198559731245,1.0,1.0,1.0,1.0,2.430555555555556e-07,2.0,2.0,2.0,hard
test,0,10,58,32,0.5312339429801796,30.931354328989983,358.21955901099136,0.00015670539869461209,1.0,1.0,1.0,1.0,2.0833333333333333e-07,2.0,2.0,2.0,hard
test,0,10,59,32,0.5319273250061087,31.46376124199014,358.7519659359823,0.0001615960500203073,1.0,1.0,1.0,1.0,1.7361111111111115e-07,2.0,2.0,2.0,hard
test,0,10,60,32,0.5320708400104195,31.99639321200084,359.2845979029953,0.00015635916497558355,1.0,1.0,1.0,1.0,1.3888888888888888e-07,2.0,2.0,2.0,hard
test,0,10,61,32,0.5309510430088267,32.52780619999976,359.81601090199547,0.00015815127699170262,1.0,1.0,1.0,1.0,1.0416666666666667e-07,2.0,2.0,2.0,hard
test,0,10,62,32,0.5316683530109003,33.05994188800105,360.34814660498523,0.00016945543757174164,1.0,1.0,1.0,1.0,6.944444444444444e-08,2.0,2.0,2.0,hard
test,0,10,63,32,0.5313815010013059,33.59171897699707,360.87992367197876,0.00017300147737842053,1.0,1.0,1.0,1.0,3.472222222222222e-08,2.0,2.0,2.0,hard
test,0,10,64,4,0.12682595802471042,33.7190111890086,361.0072158660041,0.00014107392053119838,1.0,1.0,1.0,1.0,0.0,2.0,2.0,2.0,hard
