split,fold,epoch,batch,batch_size,batch_time_seconds,epoch_accumulated_time_seconds,total_accumulated_time_seconds,loss,precision,accuracy,recall,f1,learning_rate,difficulty_mean,difficulty_min,difficulty_max,difficulty_labels
test,0,1,1,32,0.7852938600044581,0.8424687260048813,0.8430825750037911,0.7049214839935303,0.5892857142857143,0.46875,0.5404858299595142,0.4231177094379639,7.547169811320756e-08,1.0625,0.0,2.0,medium|hard|easy
test,0,1,2,32,0.5209894459985662,1.3853045210053097,1.3859183780004969,0.7521605491638184,0.6612903225806451,0.34375,0.5227272727272727,0.2873806998939554,1.5094339622641512e-07,1.21875,0.0,2.0,medium|hard|easy
test,0,1,3,32,0.5226538810020429,1.9085655640010373,1.9091794260020833,0.6870690584182739,0.2903225806451613,0.5625,0.47368421052631576,0.36,2.2641509433962265e-07,1.21875,0.0,2.0,medium|hard|easy
test,0,1,4,32,0.5222201390060945,2.431276480005181,2.4318903340026736,0.7077107429504395,0.5919540229885057,0.53125,0.53125,0.43859649122807015,3.0188679245283024e-07,1.15625,0.0,2.0,hard|medium|easy
test,0,1,5,32,0.5221166359988274,2.9539865470069344,2.954600417004258,0.6812794804573059,0.7903225806451613,0.59375,0.5357142857142857,0.4340136054421769,3.773584905660378e-07,1.0625,0.0,2.0,hard|medium|easy
test,0,1,6,32,0.524668316997122,3.479297370002314,3.4799112280015834,0.7090513110160828,0.7096774193548387,0.4375,0.5263157894736842,0.34545454545454546,4.528301886792453e-07,0.96875,0.0,2.0,medium|easy|hard
test,0,1,7,32,0.5237118229997577,4.003623793003499,4.004237704000843,0.7129557132720947,0.4666666666666667,0.4375,0.4920634920634921,0.34545454545454546,5.283018867924528e-07,1.03125,0.0,2.0,easy|hard|medium
test,0,1,8,32,0.523696957003267,4.527932082004554,4.528546269000799,0.6660891771316528,0.6436781609195402,0.625,0.5506072874493927,0.5,6.037735849056605e-07,1.0,0.0,2.0,medium|easy|hard
test,0,1,9,32,0.5232011339976452,5.051707760001591,5.052321594004752,0.6704694032669067,0.3064516129032258,0.59375,0.475,0.37254901960784315,6.79245283018868e-07,0.78125,0.0,2.0,easy|medium|hard
test,0,1,10,32,0.5244732799983467,5.576705462000973,5.577319276999333,0.719163715839386,0.4252873563218391,0.5,0.4745098039215686,0.3816425120772947,7.547169811320755e-07,1.28125,0.0,2.0,medium|hard|easy
test,0,1,11,32,0.5246625539948582,6.101913835002051,6.1025276639993535,0.7272958159446716,0.20967741935483872,0.40625,0.4642857142857143,0.28888888888888886,8.301886792452831e-07,1.46875,0.0,2.0,hard|easy|medium
test,0,1,12,32,0.5237059510036488,6.62615684800403,6.626770672002749,0.7481437921524048,0.43333333333333335,0.375,0.48333333333333334,0.3073593073593074,9.056603773584906e-07,1.15625,0.0,2.0,hard|easy|medium
test,0,1,13,32,0.5235616639984073,7.1503451020034845,7.150958928003092,0.6971116662025452,0.5,0.5,0.5,0.4181818181818182,9.811320754716983e-07,1.15625,0.0,2.0,medium|hard|easy
test,0,1,14,32,0.5248429589992156,7.675791044006473,7.676404850004474,0.7214926481246948,0.7037037037037037,0.5,0.6190476190476191,0.4817813765182186,1.0566037735849057e-06,1.0,0.0,2.0,hard|easy|medium
test,0,1,15,32,0.5245977730010054,8.200994009006536,8.201607841998339,0.6928883790969849,0.55,0.59375,0.5121457489878543,0.4340136054421769,1.1320754716981133e-06,1.09375,0.0,2.0,easy|hard|medium
test,0,1,16,32,0.5235472540007322,8.725148517005437,8.725762343005044,0.7072673439979553,0.48333333333333334,0.46875,0.49607843137254903,0.36374269005847953,1.207547169811321e-06,1.0,0.0,2.0,medium|hard|easy
test,0,1,17,32,0.5239354809964425,9.249678400999983,9.250292210002954,0.7114230990409851,0.24193548387096775,0.46875,0.46875,0.3191489361702128,1.2830188679245284e-06,0.71875,0.0,2.0,easy|medium|hard
test,0,1,18,32,0.5250121900025988,9.775316864004708,9.775930672003597,0.7234723567962646,0.25,0.5,0.5,0.3333333333333333,1.358490566037736e-06,1.1875,0.0,2.0,medium|easy|hard
test,0,1,19,32,0.5250257980005699,10.300913942002808,10.301527766998333,0.7088042497634888,0.3908045977011494,0.4375,0.4627450980392157,0.34545454545454546,1.4339622641509435e-06,1.0,0.0,2.0,hard|easy|medium
test,0,1,20,32,0.5244129469938343,10.82590421900386,10.82651802500186,0.6892638802528381,0.6436781609195402,0.625,0.5506072874493927,0.5,1.509433962264151e-06,0.90625,0.0,2.0,easy|hard|medium
test,0,1,21,32,0.5242964190038037,11.35074956400058,11.351363371002662,0.6836201548576355,0.6858974358974359,0.59375,0.6137254901960785,0.5588547189819725,1.5849056603773585e-06,0.84375,0.0,2.0,easy|hard|medium
test,0,1,22,32,0.5248471160011832,11.876161920001323,11.876775741002348,0.685505747795105,0.27419354838709675,0.53125,0.4722222222222222,0.3469387755102041,1.6603773584905662e-06,0.90625,0.0,2.0,medium|easy|hard
test,0,1,23,32,0.52463466199697,12.401245844004734,12.401859671997954,0.7035000324249268,0.34074074074074073,0.4375,0.4156862745098039,0.34545454545454546,1.7358490566037736e-06,0.9375,0.0,2.0,medium|easy|hard
test,0,1,24,32,0.5243125909983064,12.92601030300284,12.926624117004394,0.7026495933532715,0.44074074074074077,0.46875,0.46875,0.39756367663344405,1.8113207547169812e-06,0.96875,0.0,2.0,easy|medium|hard
test,0,1,25,32,0.5240707060002023,13.450619927003572,13.451233732004766,0.7378597259521484,0.6935483870967742,0.40625,0.525,0.3266888150609081,1.8867924528301889e-06,0.90625,0.0,2.0,medium|easy|hard
test,0,1,26,32,0.5251119829990785,13.976226682003471,13.976840493000054,0.6688154935836792,0.49425287356321834,0.625,0.49783549783549785,0.4514285714285714,1.9622641509433965e-06,1.21875,0.0,2.0,medium|hard|easy
test,0,1,27,32,0.5246758470020723,14.501492954004789,14.502106778003508,0.672385573387146,0.5666666666666667,0.625,0.5166666666666666,0.4514285714285714,2.037735849056604e-06,0.75,0.0,2.0,easy|hard|medium
test,0,1,28,32,0.5245071440003812,15.026541172999714,15.027155000003404,0.6901803016662598,0.7666666666666666,0.5625,0.5625,0.45893719806763283,2.1132075471698114e-06,1.0,0.0,2.0,easy|medium|hard
test,0,1,29,32,0.524367550999159,15.551462922005157,15.552076746003877,0.757291316986084,0.3833333333333333,0.28125,0.466183574879227,0.24512820512820513,2.188679245283019e-06,0.90625,0.0,2.0,hard|medium|easy
test,0,1,30,32,0.5255538359997445,16.077567148000526,16.078180944998167,0.6814242005348206,0.5603864734299517,0.5625,0.5490196078431372,0.5333333333333333,2.2641509433962266e-06,0.6875,0.0,2.0,easy|medium|hard
test,0,1,31,32,0.5245825410020188,16.602696410001954,16.60331024000334,0.6600598692893982,0.5703703703703704,0.6875,0.5458937198067633,0.5428571428571429,2.3396226415094343e-06,1.15625,0.0,2.0,medium|easy|hard
test,0,1,32,32,0.5247280510011478,17.127940857004432,17.1285546729996,0.6863323450088501,0.6264367816091954,0.59375,0.5436507936507936,0.4793491864831039,2.415094339622642e-06,0.8125,0.0,2.0,easy|medium|hard
test,0,1,33,32,0.5244193000035011,17.652930475000176,17.653544296998007,0.6986137628555298,0.7419354838709677,0.5,0.5294117647058824,0.3816425120772947,2.490566037735849e-06,1.0,0.0,2.0,hard|easy|medium
test,0,1,34,32,0.5257045520047541,18.17916074400273,18.179774629999883,0.7156504392623901,0.6833333333333333,0.40625,0.5476190476190477,0.3552492046659597,2.5660377358490568e-06,1.0,0.0,2.0,medium|easy|hard
test,0,1,35,32,0.524955854001746,18.704709774006915,18.70532359000208,0.7199386358261108,0.4642857142857143,0.4375,0.4841269841269841,0.37662337662337664,2.6415094339622644e-06,1.40625,0.0,2.0,hard|medium|easy
test,0,1,36,32,0.5248148039972875,19.23007163600414,19.23068546900322,0.6751501560211182,0.6264367816091954,0.59375,0.5436507936507936,0.4793491864831039,2.716981132075472e-06,1.15625,0.0,2.0,hard|medium|easy
test,0,1,37,32,0.5248053179966519,19.75549896600569,19.756112795999798,0.7198162078857422,0.5229885057471264,0.40625,0.5083333333333333,0.3552492046659597,2.7924528301886793e-06,0.78125,0.0,2.0,medium|hard|easy
test,0,1,38,32,0.5259874719995423,20.282052194001153,20.2826660110004,0.6955546736717224,0.3908045977011494,0.4375,0.4627450980392157,0.34545454545454546,2.867924528301887e-06,0.9375,0.0,2.0,medium|easy|hard
test,0,1,39,32,0.5252343499960261,20.807888496005035,20.808502288004092,0.6841856241226196,0.6407407407407407,0.53125,0.5753968253968254,0.4909862142099682,2.9433962264150946e-06,0.96875,0.0,2.0,medium|hard|easy
test,0,1,40,32,0.5246912160000647,21.33312032899994,21.333734129999357,0.7238561511039734,0.3908045977011494,0.4375,0.4627450980392157,0.34545454545454546,3.018867924528302e-06,0.75,0.0,2.0,hard|easy|medium
test,0,1,41,32,0.5237071110022953,21.85742631800531,21.858040135004558,0.6883735656738281,0.5962962962962963,0.59375,0.5515873015873015,0.5134502923976608,3.0943396226415094e-06,1.1875,0.0,2.0,hard|easy|medium
test,0,1,42,32,0.5250119210031698,22.382932564003568,22.38354636100121,0.7098889350891113,0.3592592592592593,0.46875,0.4246031746031746,0.36374269005847953,3.169811320754717e-06,1.09375,0.0,2.0,medium|hard|easy
test,0,1,43,32,0.525794813001994,22.909268608003913,22.909882416999608,0.7053988575935364,0.4807692307692308,0.46875,0.4882352941176471,0.4231177094379639,3.2452830188679247e-06,0.9375,0.0,2.0,easy|medium|hard
test,0,1,44,32,0.5257458249980118,23.435511369003507,23.43612518300506,0.6843106746673584,0.48333333333333334,0.46875,0.49607843137254903,0.36374269005847953,3.3207547169811323e-06,1.0,0.0,2.0,easy|hard|medium
test,0,1,45,32,0.5247966079987236,23.960889107002004,23.961502930003917,0.7139906883239746,0.39428571428571424,0.375,0.4251012145748988,0.3522267206477733,3.3962264150943395e-06,0.78125,0.0,2.0,hard|easy|medium
test,0,1,46,32,0.5254409190019942,24.486812063005345,24.48742587400193,0.6987676620483398,0.4777777777777778,0.53125,0.48809523809523814,0.43859649122807015,3.471698113207547e-06,1.125,0.0,2.0,easy|medium|hard
test,0,1,47,32,0.5253527050008415,25.01272512700234,25.013338941003894,0.7071768045425415,0.6222222222222222,0.5,0.5668016194331984,0.4666666666666667,3.547169811320755e-06,0.75,0.0,2.0,easy|hard|medium
test,0,1,48,32,0.5244831300005899,25.537786616005178,25.538400404999265,0.6882015466690063,0.5,0.5,0.5,0.4181818181818182,3.6226415094339625e-06,1.28125,0.0,2.0,medium|hard|easy
test,0,1,49,32,0.5258829439990222,26.064232344004267,26.064846179004235,0.6709644794464111,0.5384615384615384,0.5625,0.5238095238095238,0.49090909090909085,3.6981132075471697e-06,1.09375,0.0,2.0,hard|easy|medium
test,0,1,50,32,0.5275387040019268,26.592351659004635,26.59296549099963,0.7098819017410278,0.37445887445887444,0.40625,0.38492063492063494,0.3764102564102564,3.7735849056603777e-06,1.03125,0.0,2.0,hard|easy|medium
test,0,1,51,32,0.5269062700026552,27.11982460800209,27.120438420002756,0.7029231786727905,0.22413793103448276,0.40625,0.40625,0.28888888888888886,3.849056603773585e-06,1.0,0.0,2.0,hard|medium|easy
test,0,1,52,32,0.5266627569944831,27.64703310600453,27.647646930003248,0.7448358535766602,0.3542857142857143,0.3125,0.38961038961038963,0.30158730158730157,3.924528301886793e-06,1.21875,0.0,2.0,medium|hard|easy
test,0,1,53,32,0.5283269599967753,28.175926665004226,28.176540487998864,0.7061866521835327,0.3392857142857143,0.40625,0.4294117647058824,0.3266888150609081,4.000000000000001e-06,0.96875,0.0,2.0,medium|easy|hard
test,0,1,54,32,0.5280777419975493,28.70457263800199,28.705186457998934,0.7151874899864197,0.5256410256410257,0.4375,0.5166666666666667,0.41700404858299595,4.075471698113208e-06,0.96875,0.0,2.0,easy|medium|hard
test,0,1,55,32,0.527674802004185,29.23282912400464,29.233442951001052,0.6849629878997803,0.49275362318840576,0.5625,0.4935064935064935,0.49090909090909085,4.150943396226416e-06,1.15625,0.0,2.0,hard|medium|easy
test,0,1,56,32,0.526267146000464,29.75961241400364,29.76022623800236,0.6943153142929077,0.45925925925925926,0.5,0.4784313725490196,0.4181818181818182,4.226415094339623e-06,1.03125,0.0,2.0,easy|hard|medium
test,0,1,57,32,0.5317012660016189,30.29183199700492,30.292445993,0.6633027195930481,0.5916666666666667,0.59375,0.5862745098039216,0.5835835835835836,4.30188679245283e-06,1.03125,0.0,2.0,hard|easy|medium
test,0,1,58,32,0.5268348259996856,30.819477306002227,30.820091105000756,0.6626203060150146,0.7628205128205128,0.71875,0.6659919028340081,0.6631578947368422,4.377358490566038e-06,0.9375,0.0,2.0,medium|easy|hard
test,0,1,59,32,0.5267521089990623,31.34679119000066,31.347405102002085,0.6905912160873413,0.5346320346320346,0.53125,0.53125,0.5195195195195195,4.452830188679246e-06,1.15625,0.0,2.0,hard|easy|medium
test,0,1,60,32,0.5281260029951227,31.875479088004795,31.876092901999073,0.7023037672042847,0.38285714285714284,0.4375,0.4196078431372549,0.37662337662337664,4.528301886792453e-06,0.9375,0.0,2.0,easy|hard|medium
test,0,1,61,32,0.5276239939994412,32.40365788100462,32.40427168900351,0.6908612251281738,0.5681818181818181,0.59375,0.5607287449392713,0.5588547189819725,4.603773584905661e-06,1.28125,0.0,2.0,medium|hard|easy
test,0,1,62,32,0.5275441689955187,32.93174574200384,32.93235955500131,0.690970778465271,0.5192307692307692,0.53125,0.5117647058823529,0.4684385382059801,4.6792452830188686e-06,1.0625,0.0,2.0,hard|easy|medium
test,0,1,63,32,0.5267493929932243,33.459073839003395,33.459687638001924,0.7136743068695068,0.46794871794871795,0.34375,0.4758454106280193,0.33793103448275863,4.754716981132076e-06,1.03125,0.0,2.0,hard|medium|easy
test,0,1,64,32,0.5279205209953943,33.987580083005014,33.988193976998446,0.6937568783760071,0.5885714285714285,0.4375,0.5748792270531401,0.43529411764705883,4.830188679245284e-06,1.09375,0.0,2.0,easy|medium|hard
test,0,1,65,32,0.5275212859996827,34.515639608005586,34.516253488000075,0.6788010597229004,0.6025641025641025,0.5625,0.5625,0.5151515151515151,4.905660377358491e-06,0.71875,0.0,2.0,medium|easy|hard
test,0,1,66,32,0.5266402990018832,35.04282149800565,35.04343555599917,0.6876310110092163,0.5142857142857142,0.5625,0.5101214574898786,0.49090909090909085,4.981132075471698e-06,1.0625,0.0,2.0,medium|easy|hard
test,0,1,67,32,0.5281876299995929,35.571562856006494,35.57217666500219,0.7252199053764343,0.4285714285714286,0.375,0.4666666666666667,0.3333333333333333,5.056603773584906e-06,1.09375,0.0,2.0,easy|hard|medium
test,0,1,68,32,0.5274155600054655,36.0995142440006,36.100128081998264,0.7118459939956665,0.45833333333333337,0.4375,0.46825396825396826,0.41700404858299595,5.1320754716981136e-06,0.78125,0.0,2.0,medium|easy|hard
test,0,1,69,32,0.5277011869984563,36.62776286400185,36.628376680004294,0.6994031667709351,0.3141025641025641,0.40625,0.3862745098039216,0.3266888150609081,5.207547169811321e-06,1.0,0.0,2.0,hard|easy|medium
test,0,1,70,32,0.5267924389991094,37.15508016900276,37.15569401600078,0.6957970261573792,0.5,0.5,0.5,0.4181818181818182,5.283018867924529e-06,1.125,0.0,2.0,hard|easy|medium
test,0,1,71,32,0.5280489939977997,37.683735482001794,37.68434961599996,0.7106684446334839,0.39428571428571424,0.375,0.4251012145748988,0.3522267206477733,5.3584905660377365e-06,1.09375,0.0,2.0,medium|hard|easy
test,0,1,72,32,0.5276448439981323,38.211924418006674,38.21253823900042,0.6797709465026855,0.4962962962962963,0.5625,0.4979757085020243,0.45893719806763283,5.433962264150944e-06,0.875,0.0,2.0,easy|hard|medium
test,0,1,73,32,0.5264426450012252,38.73893222400511,38.73954602899903,0.6816608905792236,0.5576923076923077,0.59375,0.5364372469635628,0.5134502923976608,5.509433962264151e-06,0.75,0.0,2.0,hard|easy|medium
test,0,1,74,32,0.5288503129995661,39.2683290030036,39.26894292900397,0.6999242305755615,0.4742857142857143,0.5,0.48235294117647054,0.4458874458874459,5.5849056603773586e-06,1.25,0.0,2.0,hard|medium|easy
test,0,1,75,32,0.5277669959978084,39.79661162400589,39.79722543399839,0.6635481119155884,0.7291666666666667,0.71875,0.6781376518218624,0.681063122923588,5.660377358490566e-06,0.8125,0.0,2.0,medium|hard|easy
test,0,1,76,32,0.5284090890054358,40.32552208700508,40.326135916002386,0.7052401304244995,0.49516908212560384,0.46875,0.49603174603174605,0.45545545545545546,5.735849056603774e-06,1.03125,0.0,2.0,hard|easy|medium
test,0,1,77,32,0.5274368159953156,40.85353037900495,40.85414418300206,0.7117751836776733,0.41666666666666663,0.46875,0.4490196078431372,0.39756367663344405,5.8113207547169815e-06,0.8125,0.0,2.0,medium|hard|easy
test,0,1,78,32,0.528009536996251,41.38214568300464,41.382759525004076,0.6934026479721069,0.525,0.53125,0.5235294117647059,0.5195195195195195,5.886792452830189e-06,1.0625,0.0,2.0,medium|easy|hard
test,0,1,79,32,0.5279968320028274,41.910776166005235,41.911389993998455,0.6989687085151672,0.23333333333333334,0.4375,0.4375,0.30434782608695654,5.962264150943397e-06,1.03125,0.0,2.0,medium|easy|hard
test,0,1,80,32,0.5266238170006545,42.43790981700295,42.43852364199847,0.6727493405342102,0.7090909090909091,0.75,0.7090909090909091,0.7090909090909091,6.037735849056604e-06,0.875,0.0,2.0,easy|medium|hard
test,0,1,81,32,0.5282817690022057,42.966715059003036,42.96732899000199,0.6889068484306335,0.4057971014492754,0.4375,0.42352941176470593,0.4,6.113207547169811e-06,1.0,0.0,2.0,easy|hard|medium
test,0,1,82,32,0.5280186320014764,43.495321121001325,43.495934954000404,0.669562578201294,0.5448717948717948,0.46875,0.5283400809716599,0.4420512820512821,6.188679245283019e-06,0.90625,0.0,2.0,hard|medium|easy
test,0,1,83,32,0.5276048320010887,44.02350830700016,44.024122123999405,0.7018513679504395,0.4342857142857143,0.4375,0.4549019607843137,0.4,6.2641509433962265e-06,1.1875,0.0,2.0,hard|medium|easy
test,0,1,84,32,0.5272537040000316,44.551366271000006,44.551980069998535,0.7161576747894287,0.5507246376811594,0.5,0.5425101214574899,0.4920634920634921,6.339622641509434e-06,1.21875,0.0,2.0,easy|medium|hard
test,0,1,85,32,0.5280120489987894,45.07995448500151,45.08056832500006,0.708914041519165,0.45925925925925926,0.5,0.4784313725490196,0.4181818181818182,6.415094339622642e-06,0.875,0.0,2.0,easy|medium|hard
test,0,1,86,32,0.5276593470043736,45.608129228006874,45.60874328800128,0.6680464744567871,0.5962962962962963,0.59375,0.5515873015873015,0.5134502923976608,6.490566037735849e-06,1.15625,0.0,2.0,hard|medium|easy
test,0,1,87,32,0.5269996060014819,46.13572791600018,46.13634178799839,0.6903483867645264,0.5657142857142857,0.5625,0.5450980392156862,0.5151515151515151,6.566037735849057e-06,0.90625,0.0,2.0,easy|hard|medium
test,0,1,88,32,0.5286282369997934,46.66496351000387,46.66557734199887,0.7104368805885315,0.4583333333333333,0.5625,0.4636363636363636,0.45893719806763283,6.641509433962265e-06,0.9375,0.0,2.0,medium|hard|easy
test,0,1,89,32,0.5285466889981763,47.19405088900385,47.19466492900392,0.7004461288452148,0.3502415458937198,0.40625,0.376984126984127,0.3552492046659597,6.7169811320754715e-06,0.875,0.0,2.0,easy|medium|hard
test,0,1,90,32,0.5276959230031935,47.72222920500644,47.72284301699983,0.6911872625350952,0.39743589743589747,0.4375,0.4375,0.37662337662337664,6.792452830188679e-06,0.84375,0.0,2.0,hard|easy|medium
test,0,1,91,32,0.5277145939980983,48.25041393500578,48.25102773599792,0.6992834806442261,0.5,0.5,0.5,0.4458874458874459,6.867924528301887e-06,1.1875,0.0,2.0,hard|medium|easy
test,0,1,92,32,0.5281631059988285,48.77924914200412,48.77986295000301,0.6800435185432434,0.6025641025641025,0.5625,0.5625,0.5151515151515151,6.943396226415094e-06,0.96875,0.0,2.0,hard|easy|medium
test,0,1,93,32,0.5283481619990198,49.308083898002224,49.30869769900164,0.7026879787445068,0.33974358974358976,0.34375,0.39878542510121456,0.3107692307692308,7.018867924528302e-06,1.0625,0.0,2.0,hard|easy|medium
test,0,1,94,32,0.526610728004016,49.83525903100235,49.83587285200338,0.6969467401504517,0.5256410256410257,0.4375,0.5166666666666667,0.41700404858299595,7.09433962264151e-06,0.9375,0.0,2.0,easy|medium|hard
test,0,1,95,32,0.5291735249993508,50.36499424200156,50.36560814300174,0.6834241151809692,0.5192307692307692,0.53125,0.5117647058823529,0.4684385382059801,7.169811320754717e-06,1.09375,0.0,2.0,medium|easy|hard
test,0,1,96,32,0.5286075140029425,50.894232457001635,50.89484626000194,0.6932823657989502,0.4642857142857143,0.4375,0.4841269841269841,0.37662337662337664,7.245283018867925e-06,0.96875,0.0,2.0,hard|easy|medium
test,0,1,97,32,0.5278658139941399,51.42271001500194,51.42332383499888,0.6917239427566528,0.6485714285714286,0.53125,0.6083333333333333,0.5195195195195195,7.3207547169811326e-06,1.09375,0.0,2.0,easy|hard|medium
test,0,1,98,32,0.5270795169999474,51.950369527003204,51.9509833359989,0.6551166772842407,0.8400000000000001,0.75,0.7333333333333334,0.722943722943723,7.396226415094339e-06,0.90625,0.0,2.0,hard|easy|medium
test,0,1,99,32,0.5286988519947045,52.47965933500382,52.48027314700448,0.6772500276565552,0.44642857142857145,0.59375,0.474025974025974,0.4340136054421769,7.471698113207547e-06,1.0625,0.0,2.0,medium|hard|easy
test,0,1,100,32,0.5282759530018666,53.00846307200118,53.009076854999876,0.6475051641464233,0.7083333333333333,0.6875,0.6587301587301587,0.6536796536796536,7.5471698113207555e-06,1.25,0.0,2.0,medium|easy|hard
test,0,1,101,32,0.5273343630033196,53.536357986005896,53.53697180400195,0.6532037258148193,0.7291666666666667,0.65625,0.6725490196078432,0.6389743589743591,7.622641509433963e-06,1.28125,0.0,2.0,hard|easy|medium
test,0,1,102,32,0.5287627979996614,54.06561022300593,54.066224041998794,0.6815932989120483,0.5507246376811594,0.5,0.5425101214574899,0.4920634920634921,7.69811320754717e-06,1.15625,0.0,2.0,hard|medium|easy
test,0,1,103,32,0.5277198959956877,54.59386998800619,54.59448380100366,0.6650567054748535,0.7083333333333333,0.625,0.6587301587301587,0.611336032388664,7.77358490566038e-06,0.875,0.0,2.0,hard|easy|medium
test,0,1,104,32,0.5278548249989399,55.122168454006896,55.12278224799957,0.6402904391288757,0.8166666666666667,0.8125,0.8015873015873016,0.8056680161943319,7.849056603773586e-06,1.0625,0.0,2.0,easy|hard|medium
test,0,1,105,32,0.5273015909988317,55.65006343999994,55.65067723800166,0.6104697585105896,0.9166666666666667,0.90625,0.9117647058823529,0.906158357771261,7.924528301886793e-06,1.09375,0.0,2.0,medium|hard|easy
test,0,1,106,32,0.5283319879963528,56.17901649200212,56.17963031399995,0.6403764486312866,0.6619433198380567,0.65625,0.65625,0.6532019704433498,8.000000000000001e-06,1.21875,0.0,2.0,medium|easy|hard
test,0,1,107,32,0.5282106260056025,56.70794433300034,56.70855815100367,0.6470023989677429,0.699134199134199,0.71875,0.6916666666666667,0.694591728525981,8.075471698113208e-06,0.78125,0.0,2.0,easy|medium|hard
test,0,1,108,32,0.5268864580066293,57.23535084800096,57.23596463799913,0.6111262440681458,0.8,0.8125,0.8,0.8,8.150943396226417e-06,0.71875,0.0,2.0,easy|medium|hard
test,0,1,109,32,0.5291246859997045,57.765089714004716,57.765703527998994,0.5965960025787354,0.8745098039215686,0.875,0.8745098039215686,0.8745098039215686,8.226415094339623e-06,1.09375,0.0,2.0,medium|hard|easy
test,0,1,110,32,0.5282746140001109,58.293814797005325,58.29442861400457,0.5971775054931641,0.7658730158730158,0.78125,0.7900432900432901,0.7702564102564102,8.301886792452832e-06,1.15625,0.0,2.0,hard|easy|medium
test,0,1,111,32,0.5279090630065184,58.822292644006666,58.8229064660045,0.5676103830337524,0.8450980392156863,0.84375,0.84375,0.8435972629521017,8.377358490566039e-06,0.96875,0.0,2.0,easy|hard|medium
test,0,1,112,32,0.5276366530015366,59.35051906800072,59.35113288600405,0.5341435074806213,0.8376623376623377,0.84375,0.825,0.8303287380699894,8.452830188679245e-06,0.9375,0.0,2.0,easy|medium|hard
test,0,1,113,32,0.528788411997084,59.879918641003314,59.88053246100026,0.5684109926223755,0.8590909090909091,0.84375,0.819838056680162,0.8303287380699894,8.528301886792454e-06,0.875,0.0,2.0,easy|hard|medium
test,0,1,114,32,0.528604594997887,60.409071769005095,60.409685669998,0.5503528118133545,0.875,0.8125,0.7857142857142857,0.7922077922077921,8.60377358490566e-06,1.0,0.0,2.0,easy|hard|medium
test,0,1,115,32,0.5282949409956927,60.9379147350046,60.93852853900171,0.5120724439620972,0.7773279352226721,0.75,0.7773279352226721,0.75,8.67924528301887e-06,1.09375,0.0,2.0,easy|hard|medium
test,0,1,116,32,0.5288176819958608,61.46732103500108,61.46793497400358,0.5446299910545349,0.8260869565217391,0.75,0.7647058823529411,0.7408906882591093,8.754716981132076e-06,0.875,0.0,2.0,medium|easy|hard
test,0,1,117,32,0.5292573810002068,61.99718378900434,61.99779794600181,0.421975702047348,0.9347826086956521,0.90625,0.875,0.893687707641196,8.830188679245285e-06,1.0,0.0,2.0,hard|easy|medium
test,0,1,118,32,0.5281653650017688,62.525895093000145,62.526508904004004,0.5368577241897583,0.7530364372469636,0.75,0.7450980392156863,0.746031746031746,8.905660377358491e-06,0.84375,0.0,2.0,medium|easy|hard
test,0,1,119,32,0.5286623479987611,63.05513351200352,63.05574734000402,0.3653991222381592,0.9,0.875,0.875,0.873015873015873,8.9811320754717e-06,0.84375,0.0,2.0,easy|hard|medium
test,0,1,120,32,0.5285327199962921,63.584125519002555,63.58473934599897,0.5133956670761108,0.7738095238095238,0.78125,0.7793522267206479,0.7757757757757757,9.056603773584907e-06,1.1875,0.0,2.0,easy|hard|medium
test,0,1,121,32,0.5279752120040939,64.11268086800555,64.11329468100303,0.37790507078170776,0.8704453441295547,0.875,0.8704453441295547,0.8704453441295547,9.132075471698113e-06,1.15625,0.0,2.0,medium|easy|hard
test,0,1,122,32,0.5276220270025078,64.64076992800256,64.64138374599861,0.3465684652328491,0.8319838056680162,0.84375,0.8416666666666667,0.8358974358974359,9.207547169811322e-06,0.875,0.0,2.0,medium|easy|hard
test,0,1,123,32,0.5286246980031137,65.16989115100296,65.1705049709999,0.2641339898109436,0.9372549019607843,0.9375,0.9372549019607843,0.9372549019607843,9.283018867924529e-06,0.90625,0.0,2.0,easy|medium|hard
test,0,1,124,32,0.5285707160001039,65.69903837700258,65.69965219200094,0.7027708292007446,0.7727272727272727,0.6875,0.75,0.6862745098039216,9.358490566037737e-06,1.25,0.0,2.0,hard|medium|easy
test,0,1,125,32,0.5286952990063583,66.22833071200148,66.22894477600494,0.25668400526046753,0.9615384615384616,0.96875,0.975,0.9671794871794872,9.433962264150944e-06,1.09375,0.0,2.0,easy|hard|medium
test,0,1,126,32,0.529013286002737,66.75795977500093,66.75857359400106,0.5750725269317627,0.7568627450980392,0.75,0.7651821862348178,0.7490196078431373,9.509433962264152e-06,1.09375,0.0,2.0,medium|easy|hard
test,0,1,127,32,0.5285857019989635,67.28720911200071,67.2878229199996,0.4644715487957001,0.8174603174603174,0.8125,0.8125,0.8117647058823529,9.58490566037736e-06,1.21875,0.0,2.0,easy|medium|hard
test,0,1,128,32,0.5281661070039263,67.81604353100556,67.81665735800198,0.3997160792350769,0.8784313725490196,0.875,0.8784313725490196,0.875,9.660377358490568e-06,1.21875,0.0,2.0,hard|medium|easy
test,0,1,129,32,0.5278947400001925,68.34453606200259,68.34514993199991,0.32480770349502563,0.8582995951417004,0.875,0.8831168831168831,0.8666666666666667,9.735849056603775e-06,1.1875,0.0,2.0,hard|medium|easy
test,0,1,130,32,0.5287110630015377,68.87385926200659,68.87447309100389,0.512408971786499,0.7896825396825397,0.78125,0.7862745098039217,0.7810361681329423,9.811320754716981e-06,0.75,0.0,2.0,medium|hard|easy
test,0,1,131,32,0.5291757070008316,69.40364794900233,69.40426176800247,0.5081344842910767,0.8354978354978355,0.8125,0.803921568627451,0.8056680161943319,9.88679245283019e-06,1.0,0.0,2.0,hard|easy|medium
test,0,1,132,32,0.5270302559947595,69.93123505000403,69.9318488659992,0.6296566724777222,0.8620689655172413,0.75,0.6363636363636364,0.6342857142857142,9.962264150943397e-06,0.84375,0.0,2.0,medium|hard|easy
test,0,1,133,32,0.5292611699987901,70.4610823480034,70.46169644300244,0.4982239007949829,0.807843137254902,0.8125,0.8178137651821862,0.8095238095238095,1.0037735849056605e-05,1.15625,0.0,2.0,hard|medium|easy
test,0,1,134,32,0.528450548001274,70.99009852700692,70.99071248499968,0.35425373911857605,0.8705882352941177,0.875,0.8825910931174089,0.873015873015873,1.0113207547169812e-05,0.90625,0.0,2.0,easy|medium|hard
test,0,1,135,32,0.5281868759993813,71.51883895100036,71.51945276500192,0.3197738528251648,0.875,0.875,0.875,0.875,1.018867924528302e-05,1.0,0.0,2.0,easy|hard|medium
test,0,1,136,32,0.5270510330010438,72.04644780200033,72.04706165300013,0.35814210772514343,0.8583333333333334,0.84375,0.8372549019607842,0.8398398398398399,1.0264150943396227e-05,1.03125,0.0,2.0,easy|medium|hard
test,0,1,137,32,0.5288815289968625,72.57578138900135,72.57639521600504,0.2778189778327942,0.9333333333333333,0.9375,0.9473684210526316,0.9365079365079365,1.0339622641509434e-05,0.96875,0.0,2.0,easy|medium|hard
test,0,1,138,32,0.5286415480004507,73.1049451620056,73.105558973999,0.30961358547210693,0.8545454545454545,0.875,0.8545454545454545,0.8545454545454545,1.0415094339622642e-05,1.1875,0.0,2.0,easy|hard|medium
test,0,1,139,32,0.5279307790042367,73.63345052900695,73.63406457300152,0.2760733962059021,0.9,0.90625,0.925,0.9039039039039038,1.049056603773585e-05,0.9375,0.0,2.0,medium|hard|easy
test,0,1,140,32,0.529079677995469,74.1630710830068,74.16368491400499,0.4736700654029846,0.8319838056680162,0.84375,0.8416666666666667,0.8358974358974359,1.0566037735849058e-05,1.15625,0.0,2.0,easy|medium|hard
test,0,1,141,32,0.5286229599951184,74.69233476900263,74.69294858600188,0.38235676288604736,0.8253968253968254,0.8125,0.8253968253968254,0.8125,1.0641509433962264e-05,1.125,0.0,2.0,easy|hard|medium
test,0,1,142,32,0.528648424995481,75.22159160100273,75.22220542300056,0.4563950002193451,0.8299595141700404,0.8125,0.8196078431372549,0.8117647058823529,1.0716981132075473e-05,1.0625,0.0,2.0,easy|hard|medium
test,0,1,143,32,0.5285002949967748,75.75063864399999,75.75125246599782,0.5955345630645752,0.7833333333333333,0.75,0.7698412698412699,0.7490196078431373,1.079245283018868e-05,1.0625,0.0,2.0,hard|medium|easy
test,0,1,144,32,0.5286941219965229,76.27991782699974,76.28053163000004,0.344063937664032,0.9,0.875,0.875,0.873015873015873,1.0867924528301888e-05,0.84375,0.0,2.0,medium|easy|hard
test,0,1,145,32,0.5279541480049375,76.8084922449998,76.80910603400116,0.2440650463104248,0.8967611336032388,0.90625,0.9083333333333333,0.9015384615384616,1.0943396226415095e-05,1.03125,0.0,2.0,medium|easy|hard
test,0,1,146,32,0.5279865899938159,77.33703698099998,77.33765079400473,0.5203728675842285,0.8156862745098039,0.8125,0.8156862745098039,0.8125,1.1018867924528302e-05,1.03125,0.0,2.0,hard|medium|easy
test,0,1,147,32,0.5285174699965864,77.86618940100016,77.86680318800063,0.2977374792098999,0.873015873015873,0.875,0.873015873015873,0.873015873015873,1.109433962264151e-05,0.9375,0.0,2.0,easy|hard|medium
test,0,1,148,32,0.5285417729974142,78.39530636300333,78.39592016400275,0.1856379508972168,0.9375,0.9375,0.9444444444444444,0.9372549019607843,1.1169811320754717e-05,1.3125,0.0,2.0,hard|medium|easy
test,0,1,149,32,0.5274506510031642,78.9233644470005,78.9239782959994,0.36348679661750793,0.8745098039215686,0.875,0.8745098039215686,0.8745098039215686,1.1245283018867926e-05,1.0625,0.0,2.0,easy|hard|medium
test,0,1,150,32,0.5290898929961259,79.4529245080048,79.4535383590046,0.4024558365345001,0.8125,0.8125,0.8333333333333333,0.8095238095238095,1.1320754716981132e-05,1.125,0.0,2.0,easy|hard|medium
test,0,1,151,32,0.5292078229977051,79.98277670100651,79.98339053300151,0.21212232112884521,0.9666666666666667,0.96875,0.9722222222222222,0.9684729064039409,1.1396226415094341e-05,1.03125,0.0,2.0,medium|hard|easy
test,0,1,152,32,0.5300539560048492,80.51340934900509,80.51402323700313,0.2838755249977112,0.907843137254902,0.90625,0.90625,0.906158357771261,1.1471698113207548e-05,1.15625,0.0,2.0,hard|medium|easy
test,0,1,153,32,0.5278278270052397,81.04211244300677,81.04272625600424,0.3836284279823303,0.825,0.84375,0.8376623376623377,0.8303287380699894,1.1547169811320756e-05,0.90625,0.0,2.0,medium|hard|easy
test,0,1,154,32,0.5284126970000216,81.57117349100008,81.57178754299821,0.5087233781814575,0.8125,0.8125,0.8333333333333333,0.8095238095238095,1.1622641509433963e-05,0.875,0.0,2.0,easy|hard|medium
test,0,1,155,32,0.5289178070015623,82.10068811100064,82.10130191800272,0.5380481481552124,0.8695652173913043,0.8125,0.8,0.8,1.169811320754717e-05,1.25,0.0,2.0,hard|medium|easy
test,0,1,156,32,0.5276035900023999,82.62879613600671,82.62940995800454,0.45959150791168213,0.8863636363636364,0.84375,0.8333333333333333,0.8358974358974359,1.1773584905660378e-05,0.90625,0.0,2.0,medium|easy|hard
test,0,1,157,32,0.5291813489966444,83.15853100100503,83.15914480500214,0.5068138837814331,0.8571428571428572,0.8125,0.8235294117647058,0.8095238095238095,1.1849056603773585e-05,1.0,0.0,2.0,easy|hard|medium
test,0,1,158,32,0.5280423950025579,83.68711584500124,83.68772967100085,0.3713073134422302,0.9130434782608696,0.875,0.8461538461538461,0.8614718614718615,1.1924528301886794e-05,1.03125,0.0,2.0,easy|hard|medium
test,0,1,159,32,0.5285910359962145,84.21629052299977,84.21690432900505,0.4163966774940491,0.8056680161943319,0.8125,0.8056680161943319,0.8056680161943319,1.2e-05,0.9375,0.0,2.0,hard|medium|easy
test,0,1,160,32,0.5278754850005498,84.74477206099982,84.74538591100281,0.4121963381767273,0.84375,0.84375,0.8562753036437247,0.8423645320197044,1.2075471698113209e-05,1.21875,0.0,2.0,hard|easy|medium
test,0,1,161,32,0.529189035994932,85.27450675200089,85.2751205530003,0.17677506804466248,0.96875,0.96875,0.9705882352941176,0.9687194525904204,1.2150943396226416e-05,1.125,0.0,2.0,medium|hard|easy
test,0,1,162,32,0.5277349819953088,85.80282904600608,85.80344285400497,0.2546250820159912,0.9285714285714286,0.90625,0.8928571428571428,0.9015384615384616,1.2226415094339622e-05,1.1875,0.0,2.0,easy|hard|medium
test,0,1,163,32,0.5281050039993715,86.33148112500203,86.3320949609988,0.4052031934261322,0.8590909090909091,0.84375,0.819838056680162,0.8303287380699894,1.2301886792452831e-05,0.96875,0.0,2.0,medium|easy|hard
test,0,1,164,32,0.5289933870008099,86.8610751120068,86.86168889699911,0.4789727032184601,0.8421052631578947,0.8125,0.8421052631578947,0.8125,1.2377358490566038e-05,0.75,0.0,2.0,easy|medium|hard
test,0,1,165,32,0.5287523380029597,87.39042315900588,87.39103700000123,0.5455519556999207,0.8083333333333333,0.78125,0.7901960784313726,0.7793103448275862,1.2452830188679246e-05,0.90625,0.0,2.0,hard|medium|easy
test,0,1,166,32,0.527817927999422,87.91881022900634,87.9194241130026,0.5187805891036987,0.7662337662337663,0.75,0.7411764705882353,0.7408906882591093,1.2528301886792453e-05,0.84375,0.0,2.0,hard|medium|easy
test,0,1,167,32,0.5293384450051235,88.44868229500571,88.44929621500341,0.37025249004364014,0.8888888888888888,0.875,0.8888888888888888,0.875,1.2603773584905661e-05,0.8125,0.0,2.0,medium|hard|easy
test,0,1,168,32,0.5291514990021824,88.97835803300404,88.97897201400338,0.4956991970539093,0.7619047619047619,0.75,0.7619047619047619,0.75,1.2679245283018868e-05,0.875,0.0,2.0,hard|medium|easy
test,0,1,169,32,0.5290738210023846,89.50805320200016,89.50866700600454,0.3579963445663452,0.8373015873015872,0.84375,0.8441295546558705,0.8398398398398399,1.2754716981132077e-05,0.90625,0.0,2.0,easy|medium|hard
test,0,1,170,32,0.5281436219956959,90.03674525600218,90.03735906300426,0.4385792016983032,0.8611111111111112,0.84375,0.868421052631579,0.8435972629521017,1.2830188679245283e-05,1.1875,0.0,2.0,easy|hard|medium
test,0,1,171,32,0.530280204002338,90.56749782800034,90.5681116870037,0.38327425718307495,0.8441295546558705,0.84375,0.8373015873015872,0.8398398398398399,1.290566037735849e-05,0.84375,0.0,2.0,hard|medium|easy
test,0,1,172,32,0.5284926029999042,91.0966148860025,91.09722870500264,0.23961442708969116,0.9307359307359306,0.9375,0.9307359307359306,0.9307359307359306,1.2981132075471699e-05,1.0,0.0,2.0,easy|medium|hard
test,0,1,173,32,0.5269224509975174,91.62414714500483,91.62476093300211,0.3844855725765228,0.8421052631578947,0.8125,0.8421052631578947,0.8125,1.3056603773584906e-05,1.15625,0.0,2.0,medium|easy|hard
test,0,1,174,32,0.5293359589995816,92.15409909800655,92.15471290700225,0.3667225241661072,0.9090909090909092,0.875,0.8571428571428572,0.8666666666666667,1.3132075471698114e-05,1.03125,0.0,2.0,easy|hard|medium
test,0,1,175,32,0.528097225993406,92.68282444000215,92.68343824000476,0.4685700535774231,0.8653846153846154,0.78125,0.7307692307692308,0.7380116959064327,1.320754716981132e-05,0.9375,0.0,2.0,easy|medium|hard
test,0,1,176,32,0.528482564004662,93.2118230940032,93.21243724699889,0.5075113773345947,0.8055555555555556,0.78125,0.8333333333333333,0.7793103448275862,1.328301886792453e-05,0.8125,0.0,2.0,medium|hard|easy
test,0,1,177,32,0.5269698269985383,93.7394370760012,93.74005089799903,0.4117836058139801,0.875,0.875,0.8809523809523809,0.8745098039215686,1.3358490566037736e-05,1.15625,0.0,2.0,medium|hard|easy
test,0,1,178,32,0.5287636620050762,94.26879428300163,94.2694081160007,0.2915108799934387,0.9045454545454545,0.90625,0.8852813852813852,0.893687707641196,1.3433962264150943e-05,1.0,0.0,2.0,easy|hard|medium
test,0,1,179,32,0.5282097700037411,94.7975498280066,94.79816359499819,0.33388668298721313,0.8705882352941177,0.875,0.8825910931174089,0.873015873015873,1.3509433962264151e-05,1.09375,0.0,2.0,medium|easy|hard
test,0,1,180,32,0.5278703429939924,95.32598238100036,95.32659656100441,0.1448066383600235,0.9230769230769231,0.9375,0.9523809523809523,0.9333333333333333,1.3584905660377358e-05,0.875,0.0,2.0,easy|hard|medium
test,0,1,181,32,0.5289025110032526,95.85545208400436,95.85606587200164,0.4037778675556183,0.8590909090909091,0.84375,0.819838056680162,0.8303287380699894,1.3660377358490567e-05,1.0625,0.0,2.0,easy|hard|medium
test,0,1,182,32,0.5283716680060024,96.38433324900689,96.38494708500366,0.32792380452156067,0.9087301587301587,0.90625,0.903921568627451,0.9054187192118226,1.3735849056603773e-05,1.1875,0.0,2.0,easy|medium|hard
test,0,1,183,32,0.528406115998223,96.91332343700196,96.91393724999944,0.6502445936203003,0.8260869565217391,0.75,0.7647058823529411,0.7408906882591093,1.3811320754716982e-05,0.78125,0.0,2.0,easy|hard|medium
test,0,1,184,32,0.5286912130031851,97.44261588400695,97.44322971899965,0.3221396207809448,0.8947368421052632,0.875,0.8823529411764706,0.8745098039215686,1.3886792452830189e-05,0.78125,0.0,2.0,hard|medium|easy
test,0,1,185,32,0.5284769099962432,97.97159862300032,97.97221248000278,0.7144247889518738,0.7640692640692641,0.71875,0.7420634920634921,0.716256157635468,1.3962264150943397e-05,0.9375,0.0,2.0,easy|hard|medium
test,0,1,186,32,0.5278195860009873,98.49997894700209,98.50059280599817,0.5469774007797241,0.8409090909090908,0.78125,0.7941176470588236,0.7757757757757757,1.4037735849056604e-05,0.65625,0.0,2.0,easy|hard|medium
test,0,1,187,32,0.5280790450051427,99.02861405600561,99.0292279550049,0.48325634002685547,0.8490196078431372,0.84375,0.8531746031746033,0.8435972629521017,1.411320754716981e-05,0.75,0.0,2.0,easy|hard|medium
test,0,1,188,32,0.5297423730007722,99.55897573900438,99.5595895660008,0.277945876121521,0.903921568627451,0.90625,0.9087301587301587,0.9054187192118226,1.418867924528302e-05,0.875,0.0,2.0,easy|medium|hard
test,0,1,189,32,0.528742140995746,100.08829850199982,100.08891232799942,0.43590107560157776,0.791497975708502,0.78125,0.78125,0.7793103448275862,1.4264150943396226e-05,0.84375,0.0,2.0,easy|hard|medium
test,0,1,190,32,0.5307892580021871,100.61969902800047,100.62031292000029,0.329102098941803,0.8666666666666667,0.875,0.8666666666666667,0.8666666666666667,1.4339622641509435e-05,0.90625,0.0,2.0,hard|medium|easy
test,0,1,191,32,0.5291244210020523,101.14947585100163,101.15008967299946,0.254031777381897,0.903921568627451,0.90625,0.9087301587301587,0.9054187192118226,1.4415094339622641e-05,1.1875,0.0,2.0,easy|medium|hard
test,0,1,192,32,0.5282181899965508,101.67831445000047,101.67892826699972,0.3049503564834595,0.907843137254902,0.90625,0.90625,0.906158357771261,1.449056603773585e-05,0.90625,0.0,2.0,easy|hard|medium
test,0,1,193,32,0.5281261929994798,102.20706776800216,102.20768157800194,0.3166784942150116,0.907843137254902,0.90625,0.90625,0.906158357771261,1.4566037735849057e-05,0.90625,0.0,2.0,hard|medium|easy
test,0,1,194,32,0.5276602390003973,102.73529849100305,102.73591232900071,0.40023788809776306,0.8809523809523809,0.84375,0.84375,0.8398398398398399,1.4641509433962265e-05,1.0625,0.0,2.0,medium|hard|easy
test,0,1,195,32,0.5285914979976951,103.26437024500046,103.26498407000327,0.40474772453308105,0.8400000000000001,0.75,0.7333333333333334,0.722943722943723,1.4716981132075472e-05,0.84375,0.0,2.0,hard|easy|medium
test,0,1,196,32,0.5292469410051126,103.79409697400115,103.79471077400376,0.47822487354278564,0.8913043478260869,0.84375,0.8214285714285714,0.8303287380699894,1.4792452830188679e-05,1.15625,0.0,2.0,easy|hard|medium
test,0,1,197,32,0.5275460739940172,104.32216159300151,104.32277543799864,0.2458716779947281,0.9117647058823529,0.90625,0.9166666666666667,0.906158357771261,1.4867924528301887e-05,0.90625,0.0,2.0,easy|hard|medium
test,0,1,198,32,0.5301750099970377,104.8529461520011,104.85356028700335,0.3177657723426819,0.8705882352941177,0.875,0.8825910931174089,0.873015873015873,1.4943396226415094e-05,0.96875,0.0,2.0,easy|medium|hard
test,0,1,199,32,0.5282447489953483,105.38172315600241,105.38233697300166,0.30793654918670654,0.8958333333333333,0.84375,0.8076923076923077,0.82281284606866,1.5018867924528304e-05,0.96875,0.0,2.0,medium|easy|hard
test,0,1,200,32,0.5286389620014234,105.9109420570021,105.9115558859994,0.3957110643386841,0.8745098039215686,0.875,0.8745098039215686,0.8745098039215686,1.5094339622641511e-05,1.15625,0.0,2.0,easy|medium|hard
test,0,1,201,32,0.5286262869994971,106.44009260200255,106.44070643000305,0.2778702676296234,0.9375,0.9375,0.9375,0.9375,1.516981132075472e-05,0.90625,0.0,2.0,medium|easy|hard
test,0,1,202,32,0.5291165789967636,106.96983677800017,106.97045056400384,0.22709140181541443,0.9285714285714286,0.9375,0.95,0.9352226720647774,1.5245283018867926e-05,0.96875,0.0,2.0,hard|medium|easy
test,0,1,203,32,0.5277076479978859,107.49808351800311,107.49869759700232,0.3909563422203064,0.8299595141700404,0.8125,0.8196078431372549,0.8117647058823529,1.5320754716981133e-05,1.0625,0.0,2.0,hard|medium|easy
test,0,1,204,32,0.5281425260036485,108.02681919700262,108.02743302500312,0.28125715255737305,0.8745098039215686,0.875,0.8745098039215686,0.8745098039215686,1.539622641509434e-05,1.0,0.0,2.0,medium|easy|hard
test,0,1,205,32,0.5287835950002773,108.55615353900066,108.55676732899883,0.27859318256378174,0.9365079365079365,0.9375,0.9365079365079365,0.9365079365079365,1.547169811320755e-05,1.09375,0.0,2.0,easy|medium|hard
test,0,1,206,32,0.5284472049970645,109.08515635600634,109.08577018000506,0.4041185975074768,0.8531746031746033,0.84375,0.8490196078431372,0.8435972629521017,1.554716981132076e-05,1.21875,0.0,2.0,easy|hard|medium
test,0,1,207,32,0.5273835859989049,109.61315673000354,109.61377053100296,0.26466622948646545,0.9089068825910931,0.90625,0.9007936507936507,0.9039039039039038,1.5622641509433964e-05,1.0,0.0,2.0,hard|easy|medium
test,0,1,208,32,0.5291515409990097,110.1428107440006,110.14342456500162,0.23025892674922943,0.9473684210526316,0.9375,0.9333333333333333,0.9365079365079365,1.5698113207547172e-05,0.90625,0.0,2.0,medium|hard|easy
test,0,1,209,32,0.5310064599980251,110.67445504600619,110.67506900500302,0.3051081597805023,0.873015873015873,0.875,0.873015873015873,0.873015873015873,1.577358490566038e-05,0.84375,0.0,2.0,medium|hard|easy
test,0,1,210,32,0.528287373999774,111.20339996700204,111.20401375000074,0.30488839745521545,0.9166666666666667,0.90625,0.9117647058823529,0.906158357771261,1.5849056603773586e-05,1.09375,0.0,2.0,medium|hard|easy
test,0,1,211,32,0.5272887449973496,111.7312799410065,111.73189374500362,0.2358298897743225,0.8846153846153846,0.90625,0.9318181818181819,0.8981972428419936,1.5924528301886794e-05,1.0,0.0,2.0,easy|medium|hard
test,0,1,212,32,0.5293001099998946,112.2611687680037,112.2617828500006,0.2740591764450073,0.903921568627451,0.90625,0.9087301587301587,0.9054187192118226,1.6000000000000003e-05,1.15625,0.0,2.0,medium|hard|easy
test,0,1,213,32,0.5283651529971394,112.7901242950029,112.79073817600147,0.1460230052471161,0.9375,0.9375,0.9444444444444444,0.9372549019607843,1.607547169811321e-05,0.9375,0.0,2.0,easy|medium|hard
test,0,1,214,32,0.5274211420037318,113.31814006100467,113.31875386200409,0.4384196400642395,0.7683982683982684,0.78125,0.7583333333333333,0.7624602332979851,1.6150943396226416e-05,1.0,0.0,2.0,easy|medium|hard
test,0,1,215,32,0.5293768900010036,113.84804339100083,113.84865719499794,0.3691326379776001,0.8490196078431372,0.84375,0.8531746031746033,0.8435972629521017,1.6226415094339625e-05,0.9375,0.0,2.0,medium|easy|hard
test,0,1,216,32,0.5282857499987585,114.37688782199984,114.37750163899909,0.16741997003555298,0.9705882352941176,0.96875,0.96875,0.9687194525904204,1.6301886792452833e-05,0.75,0.0,2.0,easy|hard|medium
test,0,1,217,32,0.5279725120053627,114.9054604960038,114.9060743509981,0.4726552367210388,0.7976190476190477,0.78125,0.8036437246963564,0.7810361681329423,1.637735849056604e-05,1.09375,0.0,2.0,easy|hard|medium
test,0,1,218,32,0.5269688120024512,115.43298844300443,115.43360231300176,0.4325394928455353,0.8490196078431372,0.84375,0.8531746031746033,0.8435972629521017,1.6452830188679247e-05,0.84375,0.0,2.0,hard|easy|medium
test,0,1,219,32,0.528692191997834,115.96222292900347,115.96283673799917,0.20054802298545837,0.9089068825910931,0.90625,0.9007936507936507,0.9039039039039038,1.6528301886792455e-05,1.125,0.0,2.0,medium|hard|easy
test,0,1,220,32,0.5283151440016809,116.49103745900356,116.49165134200302,0.3896312713623047,0.8373015873015872,0.84375,0.8441295546558705,0.8398398398398399,1.6603773584905664e-05,1.03125,0.0,2.0,hard|medium|easy
test,0,1,221,32,0.5279607010015752,117.01953884100658,117.02015266300441,0.12317777425050735,0.9736842105263157,0.96875,0.9642857142857143,0.967967967967968,1.667924528301887e-05,0.9375,0.0,2.0,medium|easy|hard
test,0,1,222,32,0.5288523479975993,117.54895403800037,117.5495678560037,0.18230044841766357,0.9642857142857143,0.96875,0.9736842105263157,0.967967967967968,1.6754716981132077e-05,0.96875,0.0,2.0,medium|easy|hard
test,0,1,223,32,0.5286746190031408,118.07814045100531,118.07875437199982,0.2671825885772705,0.9087301587301587,0.90625,0.903921568627451,0.9054187192118226,1.6830188679245286e-05,1.1875,0.0,2.0,easy|medium|hard
test,0,1,224,32,0.5286247420008294,118.60721363900666,118.6078274620013,0.34241050481796265,0.8705882352941177,0.875,0.8825910931174089,0.873015873015873,1.690566037735849e-05,0.90625,0.0,2.0,medium|easy|hard
test,0,1,225,32,0.529472734000592,119.13732608900318,119.13794000000053,0.1323457658290863,0.9666666666666667,0.96875,0.9722222222222222,0.9684729064039409,1.69811320754717e-05,1.09375,0.0,2.0,hard|easy|medium
test,0,1,226,32,0.5295547940040706,119.66748196400295,119.66809578399989,0.5032106041908264,0.8156862745098039,0.8125,0.8156862745098039,0.8125,1.7056603773584908e-05,1.03125,0.0,2.0,easy|hard|medium
test,0,1,227,32,0.527680438994139,120.19574017300329,120.19635399599792,0.2907758355140686,0.9087301587301587,0.90625,0.903921568627451,0.9054187192118226,1.7132075471698116e-05,0.90625,0.0,2.0,hard|medium|easy
test,0,1,228,32,0.5288016139966203,120.72512742700201,120.72574140100187,0.4525849223136902,0.8090909090909091,0.8125,0.7833333333333333,0.7922077922077921,1.720754716981132e-05,1.15625,0.0,2.0,medium|hard|easy
test,0,1,229,32,0.5292542229944956,121.25503387600475,121.25564769800258,0.3016136884689331,0.84375,0.84375,0.8562753036437247,0.8423645320197044,1.728301886792453e-05,1.03125,0.0,2.0,easy|hard|medium
test,0,1,230,32,0.5288288430019747,121.7843944510023,121.78500827300013,0.4311245381832123,0.7976190476190477,0.78125,0.8036437246963564,0.7810361681329423,1.735849056603774e-05,0.96875,0.0,2.0,easy|hard|medium
test,0,1,231,32,0.527389779999794,122.31237920300191,122.31299302299885,0.37457311153411865,0.8809523809523809,0.875,0.875,0.8745098039215686,1.7433962264150947e-05,0.78125,0.0,2.0,medium|hard|easy
test,0,1,232,32,0.5289558699951158,122.84194426199974,122.8425581670017,0.24775227904319763,0.9375,0.9375,0.9375,0.9375,1.7509433962264152e-05,1.0625,0.0,2.0,easy|medium|hard
test,0,1,233,32,0.5283281100055319,123.37074394600495,123.37135776600189,0.20820260047912598,0.90625,0.90625,0.907843137254902,0.906158357771261,1.758490566037736e-05,1.0,0.0,2.0,easy|medium|hard
test,0,1,234,32,0.5282114009969519,123.89954779200343,123.90016161600215,0.3421488404273987,0.873015873015873,0.875,0.873015873015873,0.873015873015873,1.766037735849057e-05,0.9375,0.0,2.0,medium|hard|easy
test,0,1,235,32,0.527465270999528,124.42756979400292,124.42818361399986,0.1891981065273285,0.9333333333333333,0.9375,0.9333333333333333,0.9333333333333333,1.7735849056603774e-05,0.96875,0.0,2.0,hard|easy|medium
test,0,1,236,32,0.5289491019939305,124.9571401630019,124.95775401900028,0.2758443355560303,0.9069264069264069,0.90625,0.8916666666666666,0.8981972428419936,1.7811320754716983e-05,0.96875,0.0,2.0,hard|easy|medium
test,0,1,237,32,0.5288016390040866,125.4864244440032,125.48703827799909,0.47091591358184814,0.7490196078431373,0.75,0.7490196078431373,0.7490196078431373,1.788679245283019e-05,1.15625,0.0,2.0,easy|medium|hard
test,0,1,238,32,0.5278490709970356,126.01487505700061,126.01548887199897,0.17195938527584076,1.0,1.0,1.0,1.0,1.79622641509434e-05,0.96875,0.0,2.0,medium|easy|hard
test,0,1,239,32,0.5293401699964306,126.54483534800238,126.54544925400114,0.5378909707069397,0.8156862745098039,0.8125,0.8156862745098039,0.8125,1.8037735849056605e-05,0.90625,0.0,2.0,medium|easy|hard
test,0,1,240,32,0.5281412170006661,127.07354932800081,127.07416315199953,0.17616750299930573,0.9230769230769231,0.9375,0.9523809523809523,0.9333333333333333,1.8113207547169813e-05,0.8125,0.0,2.0,easy|hard|medium
test,0,1,241,32,0.5279175870018662,127.60201865300041,127.60263267400296,0.14172416925430298,0.9666666666666667,0.96875,0.9722222222222222,0.9684729064039409,1.818867924528302e-05,0.9375,0.0,2.0,medium|easy|hard
test,0,1,242,32,0.5275344490000862,128.13016772700212,128.1307815580003,0.23731978237628937,0.9444444444444444,0.9375,0.9375,0.9372549019607843,1.8264150943396227e-05,1.1875,0.0,2.0,hard|easy|medium
test,0,1,243,32,0.5286453449953115,128.659463021002,128.66007683899807,0.3111536502838135,0.8784313725490196,0.875,0.8784313725490196,0.875,1.8339622641509435e-05,0.71875,0.0,2.0,easy|hard|medium
test,0,1,244,32,0.5282970460029901,129.18826833800267,129.18888215500192,0.08784788846969604,1.0,1.0,1.0,1.0,1.8415094339622644e-05,1.28125,0.0,2.0,medium|hard|easy
test,0,1,245,32,0.5277630959972157,129.7165990470021,129.71721285700187,0.258663147687912,0.903921568627451,0.90625,0.9087301587301587,0.9054187192118226,1.8490566037735852e-05,0.84375,0.0,2.0,easy|medium|hard
test,0,1,246,32,0.529006926000875,130.24612483800593,130.24673875100416,0.12895187735557556,0.9642857142857143,0.96875,0.9736842105263157,0.967967967967968,1.8566037735849057e-05,0.9375,0.0,2.0,medium|easy|hard
test,0,1,247,32,0.5300920239969855,130.77688428400143,130.77749855000002,0.23002943396568298,0.9333333333333333,0.9375,0.9333333333333333,0.9333333333333333,1.8641509433962266e-05,1.0625,0.0,2.0,medium|easy|hard
test,0,1,248,32,0.5285311999978148,131.30632393500127,131.30693776300177,0.23804084956645966,0.907843137254902,0.90625,0.90625,0.906158357771261,1.8716981132075474e-05,0.8125,0.0,2.0,medium|easy|hard
test,0,1,249,32,0.5292186529986793,131.83611398500216,131.83672781100177,0.27521100640296936,0.9117647058823529,0.90625,0.9166666666666667,0.906158357771261,1.879245283018868e-05,1.03125,0.0,2.0,easy|hard|medium
test,0,1,250,32,0.5293981440045172,132.36596197100152,132.36657578800077,0.24550050497055054,0.9365079365079365,0.9375,0.9365079365079365,0.9365079365079365,1.8867924528301888e-05,0.96875,0.0,2.0,hard|easy|medium
test,0,1,251,32,0.5279223089964944,132.89455786100007,132.89517208100006,0.15957635641098022,0.9372549019607843,0.9375,0.9372549019607843,0.9372549019607843,1.8943396226415096e-05,1.0625,0.0,2.0,hard|medium|easy
test,0,1,252,32,0.5281341890004114,133.42321511900082,133.42382894000184,0.14350014925003052,0.9583333333333333,0.96875,0.9761904761904762,0.9660657476139979,1.9018867924528305e-05,1.15625,0.0,2.0,hard|medium|easy
test,0,1,253,32,0.5290868419979233,133.95285979500477,133.9534736140049,0.21863223612308502,0.8772727272727273,0.90625,0.9009661835748792,0.887719298245614,1.909433962264151e-05,1.125,0.0,2.0,hard|easy|medium
test,0,1,254,32,0.5287564870013739,134.4821895740024,134.48280339600024,0.1823790967464447,0.9375,0.9375,0.9375,0.9375,1.916981132075472e-05,1.09375,0.0,2.0,hard|medium|easy
test,0,1,255,32,0.5277804249999463,135.01057407800545,135.01118795000366,0.37105053663253784,0.8156862745098039,0.8125,0.8156862745098039,0.8125,1.9245283018867927e-05,0.84375,0.0,2.0,easy|medium|hard
test,0,1,256,32,0.5293313910005963,135.54051443000208,135.54112829299993,0.4487399458885193,0.7784313725490195,0.78125,0.7817460317460317,0.7793103448275862,1.9320754716981135e-05,1.0625,0.0,2.0,medium|hard|easy
test,0,1,257,32,0.5281228610037942,136.06921571700514,136.0698295330003,0.2868519425392151,0.8852813852813852,0.90625,0.9045454545454545,0.893687707641196,1.939622641509434e-05,0.90625,0.0,2.0,easy|hard|medium
test,0,1,258,32,0.5282169810016057,136.5979886750065,136.59860248699988,0.15905612707138062,0.9089068825910931,0.90625,0.9007936507936507,0.9039039039039038,1.947169811320755e-05,0.96875,0.0,2.0,medium|hard|easy
test,0,1,259,32,0.5274698129942408,137.12598555000295,137.1265993890047,0.15266430377960205,0.9333333333333333,0.9375,0.9333333333333333,0.9333333333333333,1.9547169811320757e-05,1.03125,0.0,2.0,medium|easy|hard
test,0,1,260,32,0.5289591540058609,137.65549444400676,137.65610827400087,0.1604924350976944,0.9666666666666667,0.96875,0.9722222222222222,0.9684729064039409,1.9622641509433963e-05,1.0,0.0,2.0,hard|easy|medium
test,0,1,261,32,0.528325830004178,138.1846736170046,138.18528745399817,0.6301211714744568,0.740909090909091,0.71875,0.7078431372549019,0.7046153846153846,1.969811320754717e-05,0.84375,0.0,2.0,medium|easy|hard
test,0,1,262,32,0.5277539349990548,138.7129087630019,138.71352269199997,0.29948556423187256,0.8818181818181818,0.875,0.85,0.8614718614718615,1.977358490566038e-05,0.96875,0.0,2.0,easy|hard|medium
test,0,1,263,32,0.5289683599985437,139.2423427150061,139.24295653599984,0.27045783400535583,0.9130434782608696,0.875,0.8461538461538461,0.8614718614718615,1.9849056603773588e-05,0.6875,0.0,2.0,medium|easy|hard
test,0,1,264,32,0.5294026260016835,139.7722798840041,139.77289369900245,0.32715362310409546,0.8863636363636364,0.84375,0.8333333333333333,0.8358974358974359,1.9924528301886793e-05,0.84375,0.0,2.0,medium|easy|hard
test,0,1,265,6,0.1615855019990704,139.93433566000022,139.93494949799788,0.1039346233010292,1.0,1.0,1.0,1.0,2e-05,0.6666666865348816,0.0,2.0,easy|hard
test,0,2,1,32,0.5326246409968007,0.6150068569986615,150.89107785800297,0.3266547918319702,0.868421052631579,0.84375,0.8611111111111112,0.8435972629521017,1.9991614255765202e-05,0.75,0.0,2.0,easy|hard|medium
test,0,2,2,32,0.5282489509991137,1.1445366850020946,151.42060749499797,0.32355353236198425,0.9089068825910931,0.90625,0.9007936507936507,0.9039039039039038,1.99832285115304e-05,1.09375,0.0,2.0,hard|medium|easy
test,0,2,3,32,0.5291416960026254,1.6742451600002823,151.9503158610023,0.21500343084335327,0.9705882352941176,0.96875,0.96875,0.9687194525904204,1.99748427672956e-05,0.9375,0.0,2.0,easy|hard|medium
test,0,2,4,32,0.5286110700035351,2.203426626001601,152.47949743000208,0.47340768575668335,0.7738095238095238,0.78125,0.7793522267206479,0.7757757757757757,1.99664570230608e-05,1.09375,0.0,2.0,easy|medium|hard
test,0,2,5,32,0.5280876789984177,2.7320871999982046,153.00815800700366,0.20424745976924896,0.9365079365079365,0.9375,0.9365079365079365,0.9365079365079365,1.9958071278825996e-05,1.0625,0.0,2.0,easy|medium|hard
test,0,2,6,32,0.5293648470033077,3.262037145002978,153.53810795800382,0.1691313534975052,0.9444444444444444,0.9375,0.9375,0.9372549019607843,1.9949685534591196e-05,1.15625,0.0,2.0,medium|hard|easy
test,0,2,7,32,0.5288246659983997,3.7915001869987464,154.06757098399976,0.4229999780654907,0.84375,0.84375,0.8450980392156863,0.8435972629521017,1.9941299790356396e-05,0.78125,0.0,2.0,hard|easy|medium
test,0,2,8,32,0.5283957319988986,4.32049700999778,154.59656781800004,0.18916656076908112,0.9375,0.9375,0.9375,0.9375,1.9932914046121593e-05,1.03125,0.0,2.0,hard|easy|medium
test,0,2,9,32,0.5290164390025893,4.850029285997152,155.12610010299977,0.5373828411102295,0.8452380952380952,0.84375,0.8411764705882353,0.8423645320197044,1.9924528301886793e-05,0.9375,0.0,2.0,medium|easy|hard
test,0,2,10,32,0.5291265269988799,5.379803422001714,155.65587421400414,0.1977546513080597,0.907843137254902,0.90625,0.90625,0.906158357771261,1.9916142557651993e-05,1.0625,0.0,2.0,easy|medium|hard
test,0,2,11,32,0.528578251003637,5.908950810000533,156.18502162900404,0.2386236935853958,0.8809523809523809,0.875,0.875,0.8745098039215686,1.990775681341719e-05,1.09375,0.0,2.0,easy|hard|medium
test,0,2,12,32,0.5275851210026303,6.437164784998458,156.71323580900207,0.36302369832992554,0.8583333333333334,0.84375,0.8372549019607842,0.8398398398398399,1.989937106918239e-05,1.34375,0.0,2.0,easy|medium|hard
test,0,2,13,32,0.5289478530030465,6.966688230000727,157.24275902299996,0.18947342038154602,0.9545454545454546,0.96875,0.9772727272727273,0.964562569213732,1.989098532494759e-05,0.96875,0.0,2.0,medium|easy|hard
test,0,2,14,32,0.5286645550004323,7.495941893001145,157.7720127240027,0.07177563011646271,1.0,1.0,1.0,1.0,1.988259958071279e-05,0.875,0.0,2.0,hard|easy|medium
test,0,2,15,32,0.5274836429962306,8.023998532000405,158.30006936399877,0.2891044020652771,0.8373015873015872,0.84375,0.8441295546558705,0.8398398398398399,1.9874213836477987e-05,1.125,0.0,2.0,easy|hard|medium
test,0,2,16,32,0.5298710129936808,8.554444426001282,158.83051523400354,0.33526262640953064,0.9089068825910931,0.90625,0.9007936507936507,0.9039039039039038,1.9865828092243188e-05,0.9375,0.0,2.0,medium|hard|easy
test,0,2,17,32,0.5286389429966221,9.083641833996808,159.35971296700154,0.20936249196529388,0.9352226720647774,0.9375,0.9352226720647774,0.9352226720647774,1.9857442348008388e-05,1.03125,0.0,2.0,medium|easy|hard
test,0,2,18,32,0.5283382900015567,9.612655978002294,159.88872674199956,0.2517499625682831,0.9318181818181819,0.90625,0.8846153846153846,0.8981972428419936,1.9849056603773588e-05,1.125,0.0,2.0,easy|medium|hard
test,0,2,19,32,0.5279487219959265,10.14106910800183,160.4171399160041,0.32829034328460693,0.8319838056680162,0.84375,0.8416666666666667,0.8358974358974359,1.9840670859538785e-05,1.0625,0.0,2.0,hard|easy|medium
test,0,2,20,32,0.5303237180050928,10.671997739002109,160.94806853699993,0.3450872302055359,0.8452380952380952,0.84375,0.8411764705882353,0.8423645320197044,1.9832285115303985e-05,0.84375,0.0,2.0,easy|hard|medium
test,0,2,21,32,0.5294116290024249,11.20205385999725,161.47812468399934,0.15877093374729156,0.9615384615384616,0.96875,0.975,0.9671794871794872,1.9823899371069185e-05,0.90625,0.0,2.0,hard|easy|medium
test,0,2,22,32,0.5280736790009541,11.73070550400007,162.00677632899897,0.18036901950836182,0.925,0.90625,0.9,0.9039039039039038,1.9815513626834385e-05,1.1875,0.0,2.0,medium|hard|easy
test,0,2,23,32,0.5291378409965546,12.260352190001868,162.53642299700005,0.13325625658035278,0.9722222222222222,0.96875,0.9666666666666667,0.9684729064039409,1.9807127882599582e-05,1.09375,0.0,2.0,easy|medium|hard
test,0,2,24,32,0.5289439719999791,12.789846348998253,163.0659171590014,0.16896691918373108,0.9642857142857143,0.96875,0.9736842105263157,0.967967967967968,1.9798742138364782e-05,1.03125,0.0,2.0,easy|hard|medium
test,0,2,25,32,0.5281625720017473,13.318632046000857,163.5947028580049,0.2546844780445099,0.9365079365079365,0.9375,0.9365079365079365,0.9365079365079365,1.9790356394129983e-05,1.125,0.0,2.0,easy|medium|hard
test,0,2,26,32,0.5298079519998282,13.848973282998486,164.1250441230004,0.26632940769195557,0.8705882352941177,0.875,0.8825910931174089,0.873015873015873,1.978197064989518e-05,1.0625,0.0,2.0,medium|easy|hard
test,0,2,27,32,0.5294500979944132,14.378919025002688,164.65498983400175,0.17335470020771027,0.9722222222222222,0.96875,0.9666666666666667,0.9684729064039409,1.977358490566038e-05,0.9375,0.0,2.0,easy|hard|medium
test,0,2,28,32,0.5286483739982941,14.90815806700266,165.18422888500209,0.12296275049448013,0.9705882352941176,0.96875,0.96875,0.9687194525904204,1.976519916142558e-05,1.15625,0.0,2.0,hard|easy|medium
test,0,2,29,32,0.5281730329952552,15.436846433003666,165.71291728399956,0.6278812885284424,0.7571428571428571,0.78125,0.7045454545454546,0.7196495619524406,1.9756813417190777e-05,1.03125,0.0,2.0,medium|hard|easy
test,0,2,30,32,0.529078371997457,15.966480788003537,166.24255160499888,0.5858674049377441,0.759090909090909,0.78125,0.7467532467532467,0.751937984496124,1.9748427672955977e-05,0.875,0.0,2.0,easy|medium|hard
test,0,2,31,32,0.5289199049948365,16.495999387996562,166.77207020100468,0.42830559611320496,0.8593073593073592,0.84375,0.8293650793650793,0.8358974358974359,1.9740041928721177e-05,1.1875,0.0,2.0,medium|easy|hard
test,0,2,32,32,0.5274723370021093,17.024037171999225,167.30010799600132,0.081334188580513,0.9583333333333333,0.96875,0.9761904761904762,0.9660657476139979,1.9731656184486374e-05,1.03125,0.0,2.0,medium|hard|easy
test,0,2,33,32,0.5294972929987125,17.55415120899852,167.83022202199936,0.1511017382144928,0.9722222222222222,0.96875,0.9666666666666667,0.9684729064039409,1.9723270440251574e-05,1.0625,0.0,2.0,hard|medium|easy
test,0,2,34,32,0.5290817939967383,18.083814429002814,168.35988524300046,0.4466811716556549,0.8357487922705313,0.8125,0.7813765182186234,0.7922077922077921,1.9714884696016774e-05,0.71875,0.0,2.0,medium|easy|hard
test,0,2,35,32,0.5284670000037295,18.61288862299989,168.88895944999967,0.10049005597829819,1.0,1.0,1.0,1.0,1.970649895178197e-05,0.8125,0.0,2.0,easy|hard|medium
test,0,2,36,32,0.5273799249989679,19.140749835998577,169.41682065799978,0.18056169152259827,0.9375,0.9375,0.9444444444444444,0.9372549019607843,1.969811320754717e-05,0.96875,0.0,2.0,medium|hard|easy
test,0,2,37,32,0.5293569300047238,19.670677401998546,169.9467481610045,0.2989930808544159,0.9166666666666667,0.90625,0.9117647058823529,0.906158357771261,1.968972746331237e-05,1.125,0.0,2.0,hard|easy|medium
test,0,2,38,32,0.5284076989992172,20.199680523001007,170.47575167300238,0.20134899020195007,0.875,0.90625,0.9347826086956521,0.893687707641196,1.9681341719077568e-05,1.03125,0.0,2.0,hard|easy|medium
test,0,2,39,32,0.528636508002819,20.7289132779988,171.00498411800072,0.2723523676395416,0.9372549019607843,0.9375,0.9372549019607843,0.9372549019607843,1.9672955974842768e-05,0.78125,0.0,2.0,easy|hard|medium
test,0,2,40,32,0.529664485999092,21.25913114099967,171.53520220200153,0.2744590640068054,0.903921568627451,0.90625,0.9087301587301587,0.9054187192118226,1.966457023060797e-05,1.0625,0.0,2.0,medium|easy|hard
test,0,2,41,32,0.5288991190027446,21.78858606999711,172.06465688299795,0.4045242965221405,0.8809523809523809,0.84375,0.84375,0.8398398398398399,1.9656184486373165e-05,0.96875,0.0,2.0,medium|easy|hard
test,0,2,42,32,0.5285370769997826,22.317762213002425,172.59383302100468,0.16430151462554932,0.9722222222222222,0.96875,0.9666666666666667,0.9684729064039409,1.9647798742138365e-05,1.03125,0.0,2.0,hard|easy|medium
test,0,2,43,32,0.5288931129980483,22.84725186200376,173.1233226990007,0.26295435428619385,0.8967611336032388,0.90625,0.9083333333333333,0.9015384615384616,1.9639412997903566e-05,0.90625,0.0,2.0,medium|easy|hard
test,0,2,44,32,0.5293624830010231,23.377203035001003,173.65327393700136,0.1926630735397339,0.8928571428571428,0.90625,0.9285714285714286,0.9015384615384616,1.9631027253668762e-05,0.875,0.0,2.0,medium|hard|easy
test,0,2,45,32,0.5291510949973599,23.906957460996637,174.18302827300067,0.29080167412757874,0.8745098039215686,0.875,0.8745098039215686,0.8745098039215686,1.9622641509433963e-05,0.9375,0.0,2.0,hard|easy|medium
test,0,2,46,32,0.5277927439965424,24.435347224003635,174.71141805200023,0.28485816717147827,0.8825910931174089,0.875,0.8705882352941177,0.873015873015873,1.9614255765199163e-05,1.09375,0.0,2.0,medium|hard|easy
test,0,2,47,32,0.5291186860049493,24.965055401997233,175.24112628200237,0.3022088408470154,0.8745098039215686,0.875,0.8745098039215686,0.8745098039215686,1.9605870020964363e-05,0.90625,0.0,2.0,medium|hard|easy
test,0,2,48,32,0.5286591369949747,25.494342277001124,175.7704130819984,0.2904958128929138,0.807843137254902,0.8125,0.8178137651821862,0.8095238095238095,1.959748427672956e-05,0.78125,0.0,2.0,easy|medium|hard
test,0,2,49,32,0.5277030999932322,26.022643996002444,176.29871479600115,0.20172056555747986,0.8784313725490196,0.875,0.8784313725490196,0.875,1.958909853249476e-05,0.9375,0.0,2.0,medium|easy|hard
test,0,2,50,32,0.5294321220062557,26.552714088000357,176.82878508199792,0.24419771134853363,0.8809523809523809,0.875,0.875,0.8745098039215686,1.958071278825996e-05,0.875,0.0,2.0,easy|hard|medium
test,0,2,51,32,0.5283758829973522,27.08162304799771,177.35769416100084,0.4210558831691742,0.84375,0.84375,0.8450980392156863,0.8435972629521017,1.957232704402516e-05,1.0,0.0,2.0,hard|easy|medium
test,0,2,52,32,0.52834268600418,27.610497102003137,177.88656790999812,0.2800734043121338,0.8809523809523809,0.875,0.875,0.8745098039215686,1.956394129979036e-05,1.25,0.0,2.0,medium|hard|easy
test,0,2,53,32,0.5274681600058102,28.1384872790004,178.41455808700266,0.19418784976005554,0.9210526315789473,0.90625,0.90625,0.9054187192118226,1.9555555555555557e-05,1.09375,0.0,2.0,medium|easy|hard
test,0,2,54,32,0.5288080099999206,28.667885861003015,178.94395667200297,0.1885693073272705,0.9307359307359306,0.9375,0.9307359307359306,0.9307359307359306,1.9547169811320757e-05,1.0,0.0,2.0,medium|hard|easy
test,0,2,55,32,0.5283519660006277,29.196781236001698,179.47285205200023,0.26031631231307983,0.9,0.875,0.875,0.873015873015873,1.9538784067085958e-05,0.90625,0.0,2.0,easy|hard|medium
test,0,2,56,32,0.5285216679985751,29.72593461100041,180.0020054140041,0.1976129114627838,0.9375,0.90625,0.8636363636363636,0.887719298245614,1.9530398322851154e-05,1.03125,0.0,2.0,hard|medium|easy
test,0,2,57,32,0.5300119960011216,30.256581777000974,180.53265258399915,0.2690374255180359,0.9117647058823529,0.90625,0.9166666666666667,0.906158357771261,1.9522012578616355e-05,1.15625,0.0,2.0,hard|easy|medium
test,0,2,58,32,0.5290568419950432,30.78618687600101,181.0622577009999,0.23617665469646454,0.8398268398268398,0.875,0.8792270531400965,0.8545454545454545,1.9513626834381555e-05,1.125,0.0,2.0,easy|hard|medium
test,0,2,59,32,0.5281619070010493,31.314889802000835,181.5909606300047,0.16968350112438202,0.90625,0.90625,0.907843137254902,0.906158357771261,1.950524109014675e-05,1.0,0.0,2.0,easy|medium|hard
test,0,2,60,32,0.5289331859967206,31.844443422996846,182.12051428700215,0.18765738606452942,0.9007936507936507,0.90625,0.9089068825910931,0.9039039039039038,1.9496855345911952e-05,0.96875,0.0,2.0,easy|hard|medium
test,0,2,61,32,0.5293776919934317,32.37430565599789,182.6503764700028,0.19380520284175873,0.9372549019607843,0.9375,0.9372549019607843,0.9372549019607843,1.9488469601677152e-05,0.9375,0.0,2.0,easy|hard|medium
test,0,2,62,32,0.5282638060016325,32.903127798999776,183.17919861200062,0.17262700200080872,0.9375,0.9375,0.9375,0.9375,1.948008385744235e-05,1.28125,0.0,2.0,hard|medium|easy
test,0,2,63,32,0.5282837400009157,33.43190254300134,183.707973356999,0.12766574323177338,0.9285714285714286,0.9375,0.95,0.9352226720647774,1.947169811320755e-05,1.0625,0.0,2.0,medium|easy|hard
test,0,2,64,32,0.5291178740008036,33.96161291599856,184.2376837310003,0.3353744447231293,0.9089068825910931,0.90625,0.9007936507936507,0.9039039039039038,1.946331236897275e-05,1.0625,0.0,2.0,easy|hard|medium
test,0,2,65,32,0.5286929510039045,34.490979216003325,184.76705003299867,0.12155206501483917,0.9705882352941176,0.96875,0.96875,0.9687194525904204,1.9454926624737946e-05,0.90625,0.0,2.0,medium|hard|easy
test,0,2,66,32,0.5272259560006205,35.01874290900014,185.2948137400017,0.36178070306777954,0.8833333333333333,0.875,0.8650793650793651,0.8704453441295547,1.9446540880503146e-05,1.09375,0.0,2.0,easy|medium|hard
test,0,2,67,32,0.5297911439993186,35.549182704002305,185.82525354300014,0.2329840213060379,0.875,0.875,0.875,0.875,1.9438155136268346e-05,0.78125,0.0,2.0,easy|hard|medium
test,0,2,68,32,0.5284379980002996,36.07814180300193,186.3542126290049,0.23325248062610626,0.9083333333333333,0.90625,0.8967611336032388,0.9015384615384616,1.9429769392033543e-05,1.1875,0.0,2.0,hard|medium|easy
test,0,2,69,32,0.5288329960021656,36.607683447000454,186.88375452600303,0.1514386534690857,0.9473684210526316,0.9375,0.9333333333333333,0.9365079365079365,1.9421383647798743e-05,1.0,0.0,2.0,hard|medium|easy
test,0,2,70,32,0.5279762100035441,37.13627795500361,187.4123487600009,0.14347046613693237,0.9375,0.9375,0.9375,0.9375,1.9412997903563944e-05,0.9375,0.0,2.0,easy|hard|medium
test,0,2,71,32,0.5289535199990496,37.66583725500095,187.94190812400484,0.13966873288154602,0.9372549019607843,0.9375,0.9372549019607843,0.9372549019607843,1.940461215932914e-05,1.125,0.0,2.0,medium|hard|easy
test,0,2,72,32,0.5283197349999682,38.194722202002595,188.4707930279983,0.17441946268081665,0.9705882352941176,0.96875,0.96875,0.9687194525904204,1.939622641509434e-05,0.9375,0.0,2.0,medium|hard|easy
test,0,2,73,32,0.5283532059984282,38.7237503619981,188.99982116200408,0.18771979212760925,0.9069264069264069,0.90625,0.8916666666666666,0.8981972428419936,1.938784067085954e-05,1.15625,0.0,2.0,hard|medium|easy
test,0,2,74,32,0.5293975469976431,39.25377670099988,189.52984776299854,0.25128722190856934,0.8825910931174089,0.875,0.8705882352941177,0.873015873015873,1.9379454926624738e-05,1.28125,0.0,2.0,hard|easy|medium
test,0,2,75,32,0.5290515739980037,39.78342091500235,190.05949174400303,0.2267012596130371,0.9372549019607843,0.9375,0.9372549019607843,0.9372549019607843,1.9371069182389938e-05,1.0,0.0,2.0,medium|hard|easy
test,0,2,76,32,0.5281841440009885,40.31215693499689,190.58822774900182,0.22586430609226227,0.9545454545454546,0.9375,0.9166666666666667,0.9307359307359306,1.9362683438155138e-05,1.09375,0.0,2.0,medium|hard|easy
test,0,2,77,32,0.5297971100007999,40.84262967199902,191.11870048299897,0.18825982511043549,0.9411764705882353,0.9375,0.9411764705882353,0.9375,1.9354297693920338e-05,1.03125,0.0,2.0,easy|hard|medium
test,0,2,78,32,0.5294539149981574,41.37262766100321,191.64869847200316,0.0711158961057663,0.9666666666666667,0.96875,0.9722222222222222,0.9684729064039409,1.9345911949685535e-05,0.90625,0.0,2.0,easy|medium|hard
test,0,2,79,32,0.5283372070043697,41.90152465499705,192.1775954879995,0.15066534280776978,0.9666666666666667,0.96875,0.9722222222222222,0.9684729064039409,1.9337526205450735e-05,0.875,0.0,2.0,medium|easy|hard
test,0,2,80,32,0.5278011449991027,42.42991510700085,192.70598586399865,0.062288060784339905,1.0,1.0,1.0,1.0,1.9329140461215935e-05,0.90625,0.0,2.0,medium|easy|hard
test,0,2,81,32,0.5292450729975826,42.95971156199812,193.235782749005,0.3319664001464844,0.95,0.9375,0.9285714285714286,0.9352226720647774,1.9320754716981135e-05,0.75,0.0,2.0,hard|medium|easy
test,0,2,82,32,0.5282020640006522,43.48856101700221,193.76463182899897,0.2486414611339569,0.9083333333333333,0.90625,0.8967611336032388,0.9015384615384616,1.9312368972746332e-05,0.90625,0.0,2.0,hard|medium|easy
test,0,2,83,32,0.5276503339991905,44.01687184500042,194.29294269800448,0.08400523662567139,0.9761904761904762,0.96875,0.9583333333333333,0.9660657476139979,1.9303983228511532e-05,0.875,0.0,2.0,easy|medium|hard
test,0,2,84,32,0.5298359070002334,44.54726915300125,194.8233399610035,0.21641936898231506,0.9722222222222222,0.96875,0.9666666666666667,0.9684729064039409,1.9295597484276733e-05,1.0,0.0,2.0,hard|easy|medium
test,0,2,85,32,0.5287272610003129,45.076646371002425,195.35271717199794,0.432673841714859,0.8354978354978355,0.8125,0.803921568627451,0.8056680161943319,1.9287211740041933e-05,0.875,0.0,2.0,hard|medium|easy
test,0,2,86,32,0.5281395839992911,45.60532391099696,195.88139471600152,0.2270568311214447,0.9285714285714286,0.90625,0.8928571428571428,0.9015384615384616,1.927882599580713e-05,1.09375,0.0,2.0,easy|medium|hard
test,0,2,87,32,0.5286543540059938,46.134477553998295,196.41054846800398,0.20242449641227722,0.96875,0.96875,0.9705882352941176,0.9687194525904204,1.927044025157233e-05,0.9375,0.0,2.0,easy|medium|hard
test,0,2,88,32,0.5294287840006291,46.66448369000136,196.94055444400146,0.08054670691490173,1.0,1.0,1.0,1.0,1.926205450733753e-05,1.1875,0.0,2.0,medium|hard|easy
test,0,2,89,32,0.5281809650041396,47.193166293000104,197.46923715500452,0.2577960193157196,0.95,0.9375,0.9285714285714286,0.9352226720647774,1.9253668763102727e-05,0.9375,0.0,2.0,easy|medium|hard
test,0,2,90,32,0.5283732530006091,47.722171214998525,197.99824202400487,0.2654199004173279,0.8666666666666667,0.875,0.8666666666666667,0.8666666666666667,1.9245283018867927e-05,1.28125,0.0,2.0,hard|medium|easy
test,0,2,91,32,0.5290793340027449,48.251875160000054,198.52794596899912,0.26908808946609497,0.9210526315789473,0.90625,0.90625,0.9054187192118226,1.9236897274633127e-05,0.8125,0.0,2.0,medium|easy|hard
test,0,2,92,32,0.5286176549998345,48.78105849699932,199.0571293200046,0.25557440519332886,0.8745098039215686,0.875,0.8745098039215686,0.8745098039215686,1.9228511530398324e-05,1.0,0.0,2.0,easy|medium|hard
test,0,2,93,32,0.5278113729946199,49.30947669199668,199.58554749999894,0.1440756767988205,0.903921568627451,0.90625,0.9087301587301587,0.9054187192118226,1.9220125786163524e-05,1.03125,0.0,2.0,medium|hard|easy
test,0,2,94,32,0.5289145870046923,49.838965039998584,200.11503584700404,0.44055211544036865,0.8818181818181818,0.875,0.85,0.8614718614718615,1.9211740041928724e-05,0.84375,0.0,2.0,medium|easy|hard
test,0,2,95,32,0.5293792759985081,50.36893742399843,200.64500824000424,0.24372074007987976,0.9372549019607843,0.9375,0.9372549019607843,0.9372549019607843,1.920335429769392e-05,0.96875,0.0,2.0,easy|hard|medium
test,0,2,96,32,0.5284349950015894,50.89800070600177,201.17407151000225,0.18927043676376343,0.9545454545454546,0.96875,0.9772727272727273,0.964562569213732,1.919496855345912e-05,0.96875,0.0,2.0,hard|medium|easy
test,0,2,97,32,0.5275639449973824,51.42623556799663,201.7023063939996,0.3209250569343567,0.9117647058823529,0.90625,0.9166666666666667,0.906158357771261,1.918658280922432e-05,1.0,0.0,2.0,hard|medium|easy
test,0,2,98,32,0.5287710839984356,51.9555040799969,202.23157495100168,0.24671992659568787,0.8115942028985508,0.875,0.8685714285714285,0.8333333333333333,1.9178197064989518e-05,0.9375,0.0,2.0,hard|easy|medium
test,0,2,99,32,0.5285417719933321,52.48460534399783,202.76067611400504,0.26115259528160095,0.90625,0.90625,0.907843137254902,0.906158357771261,1.916981132075472e-05,1.3125,0.0,2.0,medium|hard|easy
test,0,2,100,32,0.5272607219958445,53.01243411099858,203.28850493799837,0.3003684878349304,0.8809523809523809,0.875,0.875,0.8745098039215686,1.916142557651992e-05,1.125,0.0,2.0,medium|easy|hard
test,0,2,101,32,0.5294588280012249,53.54246975600108,203.81854060899786,0.24195924401283264,0.903921568627451,0.90625,0.9087301587301587,0.9054187192118226,1.9153039832285115e-05,1.21875,0.0,2.0,hard|easy|medium
test,0,2,102,32,0.5286087310014409,54.07164762199682,204.34771844000352,0.26864075660705566,0.903921568627451,0.90625,0.9087301587301587,0.9054187192118226,1.9144654088050316e-05,0.96875,0.0,2.0,hard|easy|medium
test,0,2,103,32,0.5284834310004953,54.60079502499866,204.87686583900359,0.15325456857681274,1.0,1.0,1.0,1.0,1.9136268343815516e-05,1.0,0.0,2.0,easy|hard|medium
test,0,2,104,32,0.5272895019952557,55.128547954998794,205.40461878000497,0.1882619708776474,0.9666666666666667,0.96875,0.9722222222222222,0.9684729064039409,1.9127882599580713e-05,0.78125,0.0,2.0,hard|medium|easy
test,0,2,105,32,0.5288234230029047,55.65795564700238,205.93402645899914,0.3016153573989868,0.8,0.8125,0.8,0.8,1.9119496855345913e-05,1.125,0.0,2.0,medium|easy|hard
test,0,2,106,32,0.528749028002494,56.18727532099729,206.46334612800274,0.28642916679382324,0.903921568627451,0.90625,0.9087301587301587,0.9054187192118226,1.9111111111111113e-05,1.0625,0.0,2.0,hard|medium|easy
test,0,2,107,32,0.5278805859998101,56.715695072001836,206.99176588700357,0.14720484614372253,0.9473684210526316,0.9375,0.9333333333333333,0.9365079365079365,1.910272536687631e-05,1.09375,0.0,2.0,medium|hard|easy
test,0,2,108,32,0.5291686550044687,57.2454014870018,207.52147229700495,0.36340397596359253,0.868421052631579,0.84375,0.8611111111111112,0.8435972629521017,1.909433962264151e-05,0.84375,0.0,2.0,hard|easy|medium
test,0,2,109,32,0.5289063839954906,57.774823651998304,208.05089450100058,0.2509564757347107,0.9089068825910931,0.90625,0.9007936507936507,0.9039039039039038,1.908595387840671e-05,1.03125,0.0,2.0,hard|medium|easy
test,0,2,110,32,0.5281678050014307,58.30360364200169,208.57967445200484,0.1301116645336151,0.9666666666666667,0.96875,0.9722222222222222,0.9684729064039409,1.907756813417191e-05,1.03125,0.0,2.0,medium|hard|easy
test,0,2,111,32,0.5288584219961194,58.83296658699692,209.10903740100184,0.2544346749782562,0.9087301587301587,0.90625,0.903921568627451,0.9054187192118226,1.9069182389937107e-05,1.34375,0.0,2.0,hard|easy|medium
test,0,2,112,32,0.5288199490023544,59.362417586002266,209.63848839799903,0.211683452129364,0.9444444444444444,0.9375,0.9375,0.9372549019607843,1.9060796645702307e-05,1.0,0.0,2.0,easy|hard|medium
test,0,2,113,32,0.5289194060023874,59.8918753120015,210.16794617000414,0.164629265666008,0.96875,0.96875,0.9705882352941176,0.9687194525904204,1.9052410901467508e-05,0.90625,0.0,2.0,hard|easy|medium
test,0,2,114,32,0.5279254359993502,60.4202852649978,210.69635608100361,0.23300549387931824,0.9444444444444444,0.9375,0.9375,0.9372549019607843,1.9044025157232708e-05,0.96875,0.0,2.0,easy|medium|hard
test,0,2,115,32,0.5293127320037456,60.95022110699938,211.22629193199828,0.11821244657039642,0.9705882352941176,0.96875,0.96875,0.9687194525904204,1.9035639412997904e-05,0.875,0.0,2.0,medium|hard|easy
test,0,2,116,32,0.5285741859988775,61.47927344300115,211.75534424700163,0.18158258497714996,0.9,0.9375,0.9583333333333333,0.9227053140096618,1.9027253668763105e-05,0.9375,0.0,2.0,medium|easy|hard
test,0,2,117,32,0.5276424789990415,62.00745896100125,212.28352978000476,0.5881838798522949,0.7619047619047619,0.75,0.7619047619047619,0.75,1.9018867924528305e-05,0.84375,0.0,2.0,medium|easy|hard
test,0,2,118,32,0.5293165199982468,62.537358130997745,212.81342895700072,0.26647481322288513,0.9087301587301587,0.90625,0.903921568627451,0.9054187192118226,1.9010482180293505e-05,1.0,0.0,2.0,hard|easy|medium
test,0,2,119,32,0.5287501019993215,63.066601826001715,213.34267263799848,0.2212708592414856,0.9722222222222222,0.96875,0.9666666666666667,0.9684729064039409,1.9002096436058702e-05,0.71875,0.0,2.0,medium|easy|hard
test,0,2,120,32,0.5284191350001493,63.59566798200103,213.871738793001,0.3053426146507263,0.8416666666666667,0.84375,0.8319838056680162,0.8358974358974359,1.8993710691823902e-05,1.1875,0.0,2.0,medium|easy|hard
test,0,2,121,32,0.5275941569998395,64.12388221199944,214.39995300900046,0.09777723252773285,0.9761904761904762,0.96875,0.9583333333333333,0.9660657476139979,1.8985324947589102e-05,1.125,0.0,2.0,medium|hard|easy
test,0,2,122,32,0.5288113620044896,64.6533035570028,214.92937439600064,0.2635301947593689,0.8928571428571428,0.90625,0.9285714285714286,0.9015384615384616,1.89769392033543e-05,0.78125,0.0,2.0,easy|hard|medium
test,0,2,123,32,0.5283210659981705,65.18218858900218,215.45825939600036,0.1367107480764389,0.9230769230769231,0.9375,0.9523809523809523,0.9333333333333333,1.89685534591195e-05,1.15625,0.0,2.0,easy|hard|medium
test,0,2,124,32,0.527776224000263,65.71050645100331,215.98657726300007,0.17393110692501068,0.9375,0.9375,0.9375,0.9375,1.89601677148847e-05,1.0625,0.0,2.0,hard|medium|easy
test,0,2,125,32,0.5290463769997586,66.2400789730018,216.51614978100406,0.13319385051727295,0.9705882352941176,0.96875,0.96875,0.9687194525904204,1.8951781970649896e-05,0.84375,0.0,2.0,medium|hard|easy
test,0,2,126,32,0.5290044299981673,66.7696565849983,217.04572743699828,0.16205336153507233,0.96875,0.96875,0.9705882352941176,0.9687194525904204,1.8943396226415096e-05,1.21875,0.0,2.0,hard|medium|easy
test,0,2,127,32,0.5284109029962565,67.29859132000274,217.57466213800217,0.1370992660522461,0.9523809523809523,0.9375,0.9230769230769231,0.9333333333333333,1.8935010482180297e-05,1.09375,0.0,2.0,medium|easy|hard
test,0,2,128,32,0.5292841549962759,67.82840815399686,218.10447898400162,0.09894902259111404,0.9666666666666667,0.96875,0.9722222222222222,0.9684729064039409,1.8926624737945493e-05,1.09375,0.0,2.0,hard|easy|medium
test,0,2,129,32,0.5287288960025762,68.35772199100029,218.63379279700166,0.34319227933883667,0.90625,0.90625,0.9210526315789473,0.9054187192118226,1.8918238993710694e-05,0.8125,0.0,2.0,easy|medium|hard
test,0,2,130,32,0.5279291429978912,68.88619749400095,219.16226831899985,0.40776777267456055,0.8095238095238095,0.8125,0.8095238095238095,0.8095238095238095,1.8909853249475894e-05,1.03125,0.0,2.0,easy|hard|medium
test,0,2,131,32,0.5279485150022083,69.41470865700103,219.69077946900507,0.26396632194519043,0.90625,0.90625,0.907843137254902,0.906158357771261,1.890146750524109e-05,0.9375,0.0,2.0,hard|easy|medium
test,0,2,132,32,0.5291835609968984,69.9444599740018,220.22053081400372,0.15864183008670807,0.9565217391304348,0.9375,0.9090909090909092,0.9272727272727272,1.889308176100629e-05,1.09375,0.0,2.0,medium|hard|easy
test,0,2,133,32,0.5288259760054643,70.4738409690035,220.74991181200312,0.2289474755525589,0.9375,0.9375,0.9444444444444444,0.9372549019607843,1.888469601677149e-05,0.90625,0.0,2.0,medium|hard|easy
test,0,2,134,32,0.527785660000518,71.00223410600302,221.27830492299836,0.0765225887298584,0.975,0.96875,0.9615384615384616,0.9671794871794872,1.8876310272536688e-05,0.6875,0.0,2.0,easy|hard|medium
test,0,2,135,32,0.5292158160009421,71.53201700899808,221.80808781800442,0.34283745288848877,0.8411764705882353,0.84375,0.8452380952380952,0.8423645320197044,1.8867924528301888e-05,0.75,0.0,2.0,easy|hard|medium
test,0,2,136,32,0.5291257479984779,72.0616510980035,222.3377219000031,0.18951819837093353,0.9523809523809523,0.9375,0.9230769230769231,0.9333333333333333,1.8859538784067088e-05,1.09375,0.0,2.0,hard|medium|easy
test,0,2,137,32,0.5281664409994846,72.59046317700268,222.86653398899944,0.3059747815132141,0.9047619047619048,0.875,0.8666666666666667,0.8704453441295547,1.8851153039832285e-05,1.03125,0.0,2.0,easy|medium|hard
test,0,2,138,32,0.5280740430025617,73.1191218410022,223.39519264800037,0.363203227519989,0.8947368421052632,0.875,0.8823529411764706,0.8745098039215686,1.8842767295597485e-05,0.9375,0.0,2.0,hard|easy|medium
test,0,2,139,32,0.5290068190006423,73.6487517889982,223.92482260300312,0.25418221950531006,0.9352226720647774,0.9375,0.9352226720647774,0.9352226720647774,1.8834381551362685e-05,0.84375,0.0,2.0,easy|medium|hard
test,0,2,140,32,0.5284883150015958,74.17781508599728,224.45388590400398,0.37097135186195374,0.873015873015873,0.875,0.873015873015873,0.873015873015873,1.8825995807127882e-05,0.96875,0.0,2.0,easy|hard|medium
test,0,2,141,32,0.5277816719972179,74.70619759400142,224.9822684430037,0.4281245470046997,0.78125,0.78125,0.8116883116883117,0.7757757757757757,1.8817610062893082e-05,0.90625,0.0,2.0,easy|medium|hard
test,0,2,142,32,0.5298147649955354,75.23656265700265,225.51263347500208,0.3780187964439392,0.84375,0.84375,0.8450980392156863,0.8435972629521017,1.8809224318658282e-05,1.0625,0.0,2.0,medium|hard|easy
test,0,2,143,32,0.528709339996567,75.7657597130019,226.0418305839994,0.326324462890625,0.8833333333333333,0.875,0.8650793650793651,0.8704453441295547,1.8800838574423483e-05,1.0625,0.0,2.0,easy|hard|medium
test,0,2,144,32,0.528313402995991,76.29466248399694,226.57073332100117,0.30510205030441284,0.8745098039215686,0.875,0.8745098039215686,0.8745098039215686,1.879245283018868e-05,1.03125,0.0,2.0,hard|medium|easy
test,0,2,145,32,0.5279336120001972,76.82309565800097,227.099166470005,0.3138386905193329,0.7976190476190477,0.78125,0.8036437246963564,0.7810361681329423,1.878406708595388e-05,1.03125,0.0,2.0,medium|hard|easy
test,0,2,146,32,0.5292807730002096,77.35294366099697,227.6290146579995,0.10907036066055298,0.9666666666666667,0.96875,0.9722222222222222,0.9684729064039409,1.877568134171908e-05,1.125,0.0,2.0,hard|easy|medium
test,0,2,147,32,0.5281611289974535,77.8817134580022,228.15778459000285,0.1985284388065338,0.9375,0.9375,0.9444444444444444,0.9372549019607843,1.876729559748428e-05,0.96875,0.0,2.0,easy|hard|medium
test,0,2,148,32,0.5278777849962353,78.41014108400122,228.68621183500363,0.20494623482227325,0.9,0.90625,0.925,0.9039039039039038,1.8758909853249477e-05,1.09375,0.0,2.0,hard|medium|easy
test,0,2,149,32,0.5292227220052155,78.93994387800194,229.21601470300084,0.30737990140914917,0.90625,0.90625,0.9210526315789473,0.9054187192118226,1.8750524109014677e-05,0.78125,0.0,2.0,easy|hard|medium
test,0,2,150,32,0.5286940809965017,79.46909334600059,229.74516415999824,0.1732967644929886,0.9117647058823529,0.90625,0.9166666666666667,0.906158357771261,1.8742138364779877e-05,0.90625,0.0,2.0,hard|medium|easy
test,0,2,151,32,0.5289460589992814,79.99863128200377,230.27470222300326,0.15346771478652954,0.9782608695652174,0.96875,0.95,0.9625730994152046,1.8733752620545077e-05,0.84375,0.0,2.0,easy|hard|medium
test,0,2,152,32,0.5292810299943085,80.52839480999683,230.80446563000442,0.3624260723590851,0.807843137254902,0.8125,0.8178137651821862,0.8095238095238095,1.8725366876310274e-05,0.8125,0.0,2.0,easy|hard|medium
test,0,2,153,32,0.5293154110040632,81.05826475100184,231.334335561005,0.18215858936309814,0.90625,0.90625,0.907843137254902,0.906158357771261,1.8716981132075474e-05,1.0625,0.0,2.0,hard|easy|medium
test,0,2,154,32,0.528367317005177,81.58727389999694,231.86334470599832,0.22027215361595154,0.875,0.875,0.875,0.875,1.8708595387840674e-05,0.71875,0.0,2.0,easy|hard|medium
test,0,2,155,32,0.5282236030034255,82.11606728599872,232.3921380920001,0.14153900742530823,0.96875,0.96875,0.9705882352941176,0.9687194525904204,1.870020964360587e-05,0.90625,0.0,2.0,easy|medium|hard
test,0,2,156,32,0.5291851439978927,82.6458530939999,232.9219239209997,0.2778032720088959,0.8593073593073592,0.84375,0.8293650793650793,0.8358974358974359,1.869182389937107e-05,0.84375,0.0,2.0,easy|medium|hard
test,0,2,157,32,0.5291946359939175,83.1756186920029,233.45168949999788,0.32860395312309265,0.8666666666666667,0.875,0.8666666666666667,0.8666666666666667,1.868343815513627e-05,1.15625,0.0,2.0,hard|medium|easy
test,0,2,158,32,0.5281081170032849,83.70431085900054,233.9803816679996,0.4973677396774292,0.85,0.8125,0.8333333333333333,0.8117647058823529,1.867505241090147e-05,1.03125,0.0,2.0,hard|medium|easy
test,0,2,159,32,0.5291519099992001,84.23403263100045,234.51010345000395,0.09537556767463684,0.9736842105263157,0.96875,0.9642857142857143,0.967967967967968,1.866666666666667e-05,0.78125,0.0,2.0,easy|hard|medium
test,0,2,160,32,0.5289787649962818,84.76357207600086,235.03964289699798,0.19518640637397766,0.9722222222222222,0.96875,0.9666666666666667,0.9684729064039409,1.865828092243187e-05,0.75,0.0,2.0,hard|easy|medium
test,0,2,161,32,0.5281772550006281,85.29227603400068,235.56834686700313,0.37815946340560913,0.875,0.875,0.875,0.875,1.8649895178197066e-05,0.90625,0.0,2.0,hard|medium|easy
test,0,2,162,32,0.5276165579998633,85.8205190899971,236.09658990699972,0.38302677869796753,0.8947368421052632,0.875,0.8823529411764706,0.8745098039215686,1.8641509433962266e-05,1.28125,0.0,2.0,easy|medium|hard
test,0,2,163,32,0.5288584189984249,86.34993506500177,236.62600588799978,0.07208575308322906,1.0,1.0,1.0,1.0,1.8633123689727466e-05,0.71875,0.0,2.0,hard|easy|medium
test,0,2,164,32,0.5284475279986509,86.87892950999958,237.15500033200078,0.23990754783153534,0.8967611336032388,0.90625,0.9083333333333333,0.9015384615384616,1.8624737945492663e-05,1.03125,0.0,2.0,hard|easy|medium
test,0,2,165,32,0.5279770140041364,87.40749092100305,237.68356172500353,0.14183756709098816,0.9318181818181819,0.90625,0.8846153846153846,0.8981972428419936,1.8616352201257863e-05,1.34375,0.0,2.0,hard|medium|easy
test,0,2,166,32,0.5294685490007396,87.93752853300248,238.213599374998,0.056661635637283325,1.0,1.0,1.0,1.0,1.8607966457023063e-05,0.96875,0.0,2.0,medium|easy|hard
test,0,2,167,32,0.5286997679941123,88.4668241670006,238.74289495599805,0.1307479739189148,0.9705882352941176,0.96875,0.96875,0.9687194525904204,1.859958071278826e-05,0.9375,0.0,2.0,medium|easy|hard
test,0,2,168,32,0.5287400480010547,88.99616003299889,239.27223088699975,0.31256037950515747,0.8745098039215686,0.875,0.8745098039215686,0.8745098039215686,1.859119496855346e-05,1.125,0.0,2.0,hard|easy|medium
test,0,2,169,32,0.5292759470030433,89.52599141799874,239.80206232899945,0.12974868714809418,0.9375,0.9375,0.9375,0.9375,1.858280922431866e-05,0.96875,0.0,2.0,medium|hard|easy
test,0,2,170,32,0.5299965360027272,90.05656268599705,240.33263355700183,0.36573904752731323,0.8833333333333333,0.875,0.8650793650793651,0.8704453441295547,1.8574423480083857e-05,1.125,0.0,2.0,hard|easy|medium
test,0,2,171,32,0.5286854449950624,90.58581135600252,240.86188216700248,0.09075632691383362,0.9705882352941176,0.96875,0.96875,0.9687194525904204,1.8566037735849057e-05,0.90625,0.0,2.0,hard|medium|easy
test,0,2,172,32,0.5286081089943764,91.1150292980019,241.39110011300363,0.24468903243541718,0.875,0.875,0.875,0.875,1.8557651991614258e-05,0.96875,0.0,2.0,hard|medium|easy
test,0,2,173,32,0.5287454459976288,91.64444147200265,241.9205125560038,0.13018332421779633,0.9365079365079365,0.9375,0.9365079365079365,0.9365079365079365,1.8549266247379458e-05,0.9375,0.0,2.0,medium|easy|hard
test,0,2,174,32,0.5288045659981435,92.17383462800353,242.449905442998,0.2623966932296753,0.90625,0.90625,0.907843137254902,0.906158357771261,1.8540880503144655e-05,1.28125,0.0,2.0,medium|easy|hard
test,0,2,175,32,0.5279278969974257,92.7022707569995,242.97834166000393,0.17730028927326202,0.9705882352941176,0.96875,0.96875,0.9687194525904204,1.8532494758909855e-05,0.875,0.0,2.0,medium|easy|hard
test,0,2,176,32,0.5291795919983997,93.23201352899923,243.50808435000363,0.3198269009590149,0.8531746031746033,0.84375,0.8490196078431372,0.8435972629521017,1.8524109014675055e-05,1.09375,0.0,2.0,easy|hard|medium
test,0,2,177,32,0.5287721010026871,93.76138119099778,244.03745199800323,0.04289151728153229,1.0,1.0,1.0,1.0,1.8515723270440255e-05,1.03125,0.0,2.0,medium|hard|easy
test,0,2,178,32,0.5280760159948841,94.29000367499975,244.5660747639995,0.27682316303253174,0.8583333333333334,0.84375,0.8372549019607842,0.8398398398398399,1.8507337526205452e-05,0.65625,0.0,2.0,easy|medium|hard
test,0,2,179,32,0.5287776330005727,94.81939759999659,245.09546840999974,0.12695065140724182,0.9230769230769231,0.9375,0.9523809523809523,0.9333333333333333,1.8498951781970652e-05,0.84375,0.0,2.0,easy|medium|hard
test,0,2,180,32,0.5291215319957701,95.34903679799754,245.62510763900355,0.20987354218959808,0.9285714285714286,0.9375,0.95,0.9352226720647774,1.8490566037735852e-05,0.90625,0.0,2.0,easy|medium|hard
test,0,2,181,32,0.5283452899966505,95.87796674299898,246.1540375570039,0.1476794183254242,0.9333333333333333,0.9375,0.9473684210526316,0.9365079365079365,1.8482180293501052e-05,1.125,0.0,2.0,hard|easy|medium
test,0,2,182,32,0.5281528639970929,96.40674610200222,246.68281693400058,0.2359941303730011,0.873015873015873,0.875,0.873015873015873,0.873015873015873,1.847379454926625e-05,0.9375,0.0,2.0,hard|medium|easy
test,0,2,183,32,0.5293703679999453,96.93664530500246,247.21271610900294,0.24254757165908813,0.9411764705882353,0.9375,0.9411764705882353,0.9375,1.846540880503145e-05,0.9375,0.0,2.0,hard|medium|easy
test,0,2,184,32,0.5289753499964718,97.46619573500357,247.74226654700033,0.3330288529396057,0.9007936507936507,0.90625,0.9089068825910931,0.9039039039039038,1.845702306079665e-05,1.21875,0.0,2.0,easy|hard|medium
test,0,2,185,32,0.5279676049976842,97.99472867800068,248.2707994950033,0.13748231530189514,0.9583333333333333,0.96875,0.9761904761904762,0.9660657476139979,1.8448637316561846e-05,1.15625,0.0,2.0,easy|hard|medium
test,0,2,186,32,0.5298856389999855,98.52518429399788,248.80125511799997,0.18578389286994934,0.9352226720647774,0.9375,0.9352226720647774,0.9352226720647774,1.8440251572327047e-05,1.03125,0.0,2.0,medium|hard|easy
test,0,2,187,32,0.5288064289998147,99.05451641500258,249.33058732800419,0.34223121404647827,0.803921568627451,0.8125,0.8354978354978355,0.8056680161943319,1.8431865828092247e-05,0.78125,0.0,2.0,easy|hard|medium
test,0,2,188,32,0.5281361080051283,99.58321447100025,249.85928521800088,0.3174814283847809,0.8416666666666667,0.84375,0.8319838056680162,0.8358974358974359,1.8423480083857444e-05,0.96875,0.0,2.0,easy|medium|hard
test,0,2,189,32,0.5280465989999357,100.11180647899891,250.3878772820026,0.08454248309135437,0.9583333333333333,0.96875,0.9761904761904762,0.9660657476139979,1.8415094339622644e-05,1.125,0.0,2.0,medium|hard|easy
test,0,2,190,32,0.5289063449963578,100.64126774000033,250.9173385489994,0.14753904938697815,0.9365079365079365,0.9375,0.9365079365079365,0.9365079365079365,1.8406708595387844e-05,1.21875,0.0,2.0,easy|medium|hard
test,0,2,191,32,0.5290539960042224,101.17094463799731,251.4470154590017,0.10374966263771057,0.9666666666666667,0.96875,0.9722222222222222,0.9684729064039409,1.839832285115304e-05,0.875,0.0,2.0,medium|easy|hard
test,0,2,192,32,0.5280690809959196,101.69966756000213,251.97573835799994,0.10846737772226334,1.0,1.0,1.0,1.0,1.838993710691824e-05,1.03125,0.0,2.0,medium|hard|easy
test,0,2,193,32,0.5294403949956177,102.22960295200028,252.50567375199898,0.04953496903181076,1.0,1.0,1.0,1.0,1.838155136268344e-05,0.8125,0.0,2.0,easy|hard|medium
test,0,2,194,32,0.528307026004768,102.75857550599903,253.0346463149981,0.19035163521766663,0.9352226720647774,0.9375,0.9352226720647774,0.9352226720647774,1.8373165618448638e-05,1.0625,0.0,2.0,medium|hard|easy
test,0,2,195,32,0.5283656519968645,103.28750919199956,253.56357999600004,0.3573501706123352,0.8809523809523809,0.84375,0.84375,0.8398398398398399,1.8364779874213838e-05,1.09375,0.0,2.0,hard|medium|easy
test,0,2,196,32,0.5288427389969002,103.816947375999,254.09301818200038,0.15067310631275177,0.9411764705882353,0.9375,0.9411764705882353,0.9375,1.8356394129979038e-05,0.9375,0.0,2.0,hard|medium|easy
test,0,2,197,32,0.5293724220027798,104.34683108299942,254.62290192500222,0.3445461392402649,0.8666666666666667,0.875,0.8666666666666667,0.8666666666666667,1.8348008385744235e-05,0.90625,0.0,2.0,easy|medium|hard
test,0,2,198,32,0.528217527004017,104.87558754700149,255.15165842600254,0.3094683289527893,0.9130434782608696,0.875,0.8461538461538461,0.8614718614718615,1.8339622641509435e-05,1.0625,0.0,2.0,medium|hard|easy
test,0,2,199,32,0.5284106569961295,105.40453900599823,255.68060986300407,0.1467149406671524,0.9642857142857143,0.96875,0.9736842105263157,0.967967967967968,1.8331236897274632e-05,0.9375,0.0,2.0,easy|medium|hard
test,0,2,200,32,0.5284646319996682,105.93364082799962,256.2097116310033,0.12007038295269012,0.8967611336032388,0.90625,0.9083333333333333,0.9015384615384616,1.8322851153039832e-05,1.125,0.0,2.0,hard|medium|easy
test,0,2,201,32,0.5291144969960442,106.46338218200253,256.73945298499893,0.18891192972660065,0.9375,0.9375,0.9444444444444444,0.9372549019607843,1.8314465408805032e-05,1.28125,0.0,2.0,hard|easy|medium
test,0,2,202,32,0.5279000779992202,106.99183506899863,257.2679061099989,0.26450586318969727,0.9089068825910931,0.90625,0.9007936507936507,0.9039039039039038,1.8306079664570233e-05,1.25,0.0,2.0,medium|hard|easy
test,0,2,203,32,0.528734560997691,107.5211072059974,257.7971780250009,0.39818039536476135,0.8441295546558705,0.84375,0.8373015873015872,0.8398398398398399,1.829769392033543e-05,1.09375,0.0,2.0,easy|medium|hard
test,0,2,204,32,0.5290906590016675,108.05076335799822,258.3268341619987,0.18597114086151123,0.95,0.96875,0.9782608695652174,0.9625730994152046,1.828930817610063e-05,1.0625,0.0,2.0,hard|easy|medium
test,0,2,205,32,0.5282635609983117,108.57957845299825,258.8556492220014,0.360025018453598,0.7898550724637681,0.84375,0.8125,0.799749687108886,1.828092243186583e-05,1.34375,0.0,2.0,hard|easy|medium
test,0,2,206,32,0.528003503997752,109.10818606300018,259.3842568859982,0.26607954502105713,0.875,0.875,0.8809523809523809,0.8745098039215686,1.827253668763103e-05,0.90625,0.0,2.0,easy|hard|medium
test,0,2,207,32,0.529175142000895,109.63796043299953,259.914031237,0.15600116550922394,0.9,0.90625,0.925,0.9039039039039038,1.8264150943396227e-05,0.8125,0.0,2.0,easy|hard|medium
test,0,2,208,32,0.5286434540030314,110.16723659999843,260.44330739499856,0.20935377478599548,0.9087301587301587,0.90625,0.903921568627451,0.9054187192118226,1.8255765199161427e-05,1.21875,0.0,2.0,medium|easy|hard
test,0,2,209,32,0.528169245000754,110.69596920000185,260.97204005000094,0.1481102854013443,0.9372549019607843,0.9375,0.9372549019607843,0.9372549019607843,1.8247379454926627e-05,1.21875,0.0,2.0,medium|hard|easy
test,0,2,210,32,0.5302035589993466,111.226796242001,261.5028670860047,0.3064420521259308,0.8705882352941177,0.875,0.8825910931174089,0.873015873015873,1.8238993710691827e-05,0.71875,0.0,2.0,easy|hard|medium
test,0,2,211,32,0.52888933000213,111.75622915400163,262.03229997000017,0.1341538429260254,0.95,0.96875,0.9782608695652174,0.9625730994152046,1.8230607966457024e-05,0.9375,0.0,2.0,hard|medium|easy
test,0,2,212,32,0.5281989659997635,112.28500216200337,262.56107298700226,0.08108565211296082,1.0,1.0,1.0,1.0,1.8222222222222224e-05,0.9375,0.0,2.0,easy|hard|medium
test,0,2,213,32,0.5285486790016876,112.81416578600329,263.0902365880029,0.08601726591587067,0.9736842105263157,0.96875,0.9642857142857143,0.967967967967968,1.8213836477987425e-05,0.96875,0.0,2.0,easy|medium|hard
test,0,2,214,32,0.5294981769984588,113.34424047399807,263.62031139000464,0.19239890575408936,0.9375,0.9375,0.9375,0.9375,1.820545073375262e-05,1.0625,0.0,2.0,easy|medium|hard
test,0,2,215,32,0.5288604469969869,113.87357464399975,264.1496454490043,0.11733382195234299,0.9583333333333333,0.96875,0.9761904761904762,0.9660657476139979,1.819706498951782e-05,0.875,0.0,2.0,easy|medium|hard
test,0,2,216,32,0.528408391000994,114.40249987599964,264.6785706869996,0.4677773714065552,0.8416666666666667,0.84375,0.8319838056680162,0.8358974358974359,1.818867924528302e-05,1.0625,0.0,2.0,hard|medium|easy
test,0,2,217,32,0.5288214920001337,114.93192363999697,265.2079944470024,0.5158679485321045,0.7745098039215685,0.78125,0.7916666666666667,0.7757757757757757,1.818029350104822e-05,0.84375,0.0,2.0,easy|medium|hard
test,0,2,218,32,0.5290390579975792,115.46157581699663,265.7376466900023,0.11553539335727692,0.9722222222222222,0.96875,0.9666666666666667,0.9684729064039409,1.817190775681342e-05,0.9375,0.0,2.0,hard|medium|easy
test,0,2,219,32,0.5272419410030125,115.98940916600259,266.2654799860029,0.25477468967437744,0.9375,0.9375,0.9444444444444444,0.9372549019607843,1.816352201257862e-05,0.875,0.0,2.0,easy|medium|hard
test,0,2,220,32,0.5292488240011153,116.51923985600297,266.7953107409994,0.3561585247516632,0.84375,0.84375,0.8450980392156863,0.8435972629521017,1.8155136268343816e-05,1.15625,0.0,2.0,hard|medium|easy
test,0,2,221,32,0.5288500399983604,117.04865212600271,267.32472303800023,0.21507450938224792,0.875,0.875,0.9,0.873015873015873,1.8146750524109016e-05,1.375,0.0,2.0,medium|hard|easy
test,0,2,222,32,0.5285030360028031,117.57777090500167,267.85384198599786,0.07684338837862015,0.9705882352941176,0.96875,0.96875,0.9687194525904204,1.8138364779874216e-05,1.09375,0.0,2.0,medium|hard|easy
test,0,2,223,32,0.5275220760013326,118.10588668099808,268.38195749199804,0.15142890810966492,0.9352226720647774,0.9375,0.9352226720647774,0.9352226720647774,1.8129979035639413e-05,1.0,0.0,2.0,hard|medium|easy
test,0,2,224,32,0.5287250010005664,118.63518714100064,268.91125826400094,0.3001139163970947,0.8376623376623377,0.84375,0.825,0.8303287380699894,1.8121593291404613e-05,1.15625,0.0,2.0,medium|hard|easy
test,0,2,225,32,0.5284729080012767,119.16423130399926,269.44030210200435,0.1357400268316269,0.9365079365079365,0.9375,0.9365079365079365,0.9365079365079365,1.8113207547169813e-05,1.03125,0.0,2.0,easy|hard|medium
test,0,2,226,32,0.5279715380020207,119.69279671699769,269.9688674920035,0.16883422434329987,0.9375,0.9375,0.9444444444444444,0.9372549019607843,1.810482180293501e-05,1.0,0.0,2.0,medium|hard|easy
test,0,2,227,32,0.5303676869953051,120.22369946300023,270.4997702969995,0.37014520168304443,0.8452380952380952,0.84375,0.8411764705882353,0.8423645320197044,1.809643605870021e-05,1.03125,0.0,2.0,easy|medium|hard
test,0,2,228,32,0.5286557599974913,120.75299681699835,271.0290676270015,0.10141857713460922,0.9761904761904762,0.96875,0.9583333333333333,0.9660657476139979,1.808805031446541e-05,1.21875,0.0,2.0,easy|hard|medium
test,0,2,229,32,0.5286469720012974,121.2822062300038,271.5582770480032,0.19817300140857697,0.9087301587301587,0.90625,0.903921568627451,0.9054187192118226,1.8079664570230607e-05,1.125,0.0,2.0,medium|easy|hard
test,0,2,230,32,0.5284604159969604,121.81114983300358,272.0872206519998,0.13003009557724,0.9642857142857143,0.96875,0.9736842105263157,0.967967967967968,1.8071278825995807e-05,0.96875,0.0,2.0,medium|easy|hard
test,0,2,231,32,0.5288619920029305,122.34055306499795,272.61662388600234,0.15918968617916107,0.9365079365079365,0.9375,0.9365079365079365,0.9365079365079365,1.8062893081761008e-05,1.21875,0.0,2.0,hard|easy|medium
test,0,2,232,32,0.5283509299988509,122.86944567799947,273.14551655000105,0.14023461937904358,0.9333333333333333,0.9375,0.9473684210526316,0.9365079365079365,1.8054507337526204e-05,1.03125,0.0,2.0,medium|easy|hard
test,0,2,233,32,0.5281151899980614,123.39811175000068,273.67418257999816,0.27024364471435547,0.873015873015873,0.875,0.873015873015873,0.873015873015873,1.8046121593291405e-05,1.125,0.0,2.0,medium|easy|hard
test,0,2,234,32,0.5287921619965346,123.92749291600194,274.2035637220033,0.34430256485939026,0.8705882352941177,0.875,0.8825910931174089,0.873015873015873,1.8037735849056605e-05,1.0,0.0,2.0,medium|easy|hard
test,0,2,235,32,0.5284306110042962,124.45656182200037,274.7326326300026,0.31618040800094604,0.875,0.875,0.875,0.875,1.8029350104821805e-05,0.75,0.0,2.0,easy|medium|hard
test,0,2,236,32,0.5276689719976275,124.98479246700299,275.2608632710035,0.20463073253631592,0.9375,0.9375,0.9375,0.9375,1.8020964360587e-05,1.125,0.0,2.0,hard|medium|easy
test,0,2,237,32,0.5296766570027103,125.51500331699935,275.791074134002,0.385536253452301,0.8441295546558705,0.84375,0.8373015873015872,0.8398398398398399,1.8012578616352202e-05,1.0625,0.0,2.0,hard|medium|easy
test,0,2,238,32,0.5293408549987362,126.04489672299678,276.3209675660037,0.39327114820480347,0.8421052631578947,0.8125,0.8421052631578947,0.8125,1.8004192872117402e-05,1.09375,0.0,2.0,easy|medium|hard
test,0,2,239,32,0.5278071240027202,126.57331051499932,276.8493815460024,0.25014373660087585,0.9007936507936507,0.90625,0.9089068825910931,0.9039039039039038,1.7995807127882602e-05,1.15625,0.0,2.0,hard|easy|medium
test,0,2,240,32,0.5284567859998788,127.10225377899769,277.37832467900444,0.36106517910957336,0.8888888888888888,0.875,0.8888888888888888,0.875,1.79874213836478e-05,1.0,0.0,2.0,easy|hard|medium
test,0,2,241,32,0.5289797590012313,127.6318077820033,277.9078785860038,0.0644095167517662,1.0,1.0,1.0,1.0,1.7979035639413e-05,0.90625,0.0,2.0,easy|medium|hard
test,0,2,242,32,0.5284549970019725,128.1608250069985,278.4368958269988,0.13339799642562866,0.9736842105263157,0.96875,0.9642857142857143,0.967967967967968,1.79706498951782e-05,0.9375,0.0,2.0,hard|easy|medium
test,0,2,243,32,0.5273865299968747,128.6888237289968,278.96489455999836,0.49450168013572693,0.7793522267206479,0.78125,0.7738095238095238,0.7757757757757757,1.79622641509434e-05,0.875,0.0,2.0,hard|medium|easy
test,0,2,244,32,0.5295972200037795,129.2190816000002,279.4951525100041,0.18711474537849426,0.9736842105263157,0.96875,0.9642857142857143,0.967967967967968,1.7953878406708596e-05,0.875,0.0,2.0,medium|hard|easy
test,0,2,245,32,0.5286068299974431,129.7484258350014,280.024496652004,0.17032894492149353,0.9666666666666667,0.96875,0.9722222222222222,0.9684729064039409,1.7945492662473797e-05,1.09375,0.0,2.0,easy|hard|medium
test,0,2,246,32,0.5284378079959424,130.27743969100266,280.5535104890005,0.060770146548748016,1.0,1.0,1.0,1.0,1.7937106918238997e-05,0.875,0.0,2.0,hard|medium|easy
test,0,2,247,32,0.5277155820003827,130.8057511299994,281.081821947002,0.3698522746562958,0.8958333333333333,0.84375,0.8076923076923077,0.82281284606866,1.7928721174004194e-05,0.9375,0.0,2.0,hard|medium|easy
test,0,2,248,32,0.5290380070000538,131.33546753499832,281.6115383540018,0.09537693113088608,0.9473684210526316,0.9375,0.9333333333333333,0.9365079365079365,1.7920335429769394e-05,1.0625,0.0,2.0,hard|medium|easy
test,0,2,249,32,0.527997510995192,131.86409259899665,282.14016344200354,0.3339199125766754,0.8125,0.8125,0.8333333333333333,0.8095238095238095,1.7911949685534594e-05,1.0,0.0,2.0,medium|hard|easy
test,0,2,250,32,0.5278108780039474,132.39250208000158,282.66857290600456,0.24185267090797424,0.9333333333333333,0.9375,0.9333333333333333,0.9333333333333333,1.790356394129979e-05,0.90625,0.0,2.0,medium|easy|hard
test,0,2,251,32,0.5296947730021202,132.92273335999926,283.19880416399974,0.29614007472991943,0.8705882352941177,0.875,0.8825910931174089,0.873015873015873,1.789517819706499e-05,1.0,0.0,2.0,hard|medium|easy
test,0,2,252,32,0.5287636159991962,133.45219410300342,283.72826498900395,0.12754172086715698,0.9375,0.9375,0.9375,0.9375,1.788679245283019e-05,0.9375,0.0,2.0,medium|easy|hard
test,0,2,253,32,0.5283777910008212,133.98111093100306,284.25718173700443,0.44879424571990967,0.8947368421052632,0.875,0.8823529411764706,0.8745098039215686,1.7878406708595388e-05,0.84375,0.0,2.0,hard|easy|medium
test,0,2,254,32,0.5290541650028899,134.51062150500366,284.78669235100097,0.12161906063556671,0.9365079365079365,0.9375,0.9365079365079365,0.9365079365079365,1.7870020964360588e-05,1.21875,0.0,2.0,hard|medium|easy
test,0,2,255,32,0.5289397419983288,135.04013348899753,285.3162043440025,0.226960688829422,0.907843137254902,0.90625,0.90625,0.906158357771261,1.7861635220125788e-05,0.9375,0.0,2.0,hard|medium|easy
test,0,2,256,32,0.5280739169975277,135.568795854997,285.84486666500015,0.05697528272867203,0.9545454545454546,0.96875,0.9772727272727273,0.964562569213732,1.7853249475890985e-05,0.9375,0.0,2.0,hard|medium|easy
test,0,2,257,32,0.5277903980022529,136.09716852300335,286.3732393570026,0.13629190623760223,0.9666666666666667,0.96875,0.9722222222222222,0.9684729064039409,1.7844863731656185e-05,1.21875,0.0,2.0,easy|hard|medium
test,0,2,258,32,0.5287251849949826,136.62653579199832,286.90260663499794,0.06365909427404404,0.96875,0.96875,0.9705882352941176,0.9687194525904204,1.7836477987421385e-05,1.0625,0.0,2.0,hard|medium|easy
test,0,2,259,32,0.529257732006954,137.15630266899825,287.432373566,0.2877296805381775,0.8650793650793651,0.875,0.8833333333333333,0.8704453441295547,1.7828092243186582e-05,1.25,0.0,2.0,medium|hard|easy
test,0,2,260,32,0.5275979049984016,137.684351994998,287.96042280300026,0.2445237636566162,0.90625,0.90625,0.907843137254902,0.906158357771261,1.7819706498951782e-05,1.0,0.0,2.0,hard|easy|medium
test,0,2,261,32,0.5296491859990056,138.21476424799766,288.4908350820042,0.22637689113616943,0.8967611336032388,0.90625,0.9083333333333333,0.9015384615384616,1.7811320754716983e-05,1.0,0.0,2.0,hard|easy|medium
test,0,2,262,32,0.5282422999953269,138.7435459479966,289.01961678299995,0.09193170070648193,0.9722222222222222,0.96875,0.9666666666666667,0.9684729064039409,1.780293501048218e-05,0.96875,0.0,2.0,hard|medium|easy
test,0,2,263,32,0.5283149780007079,139.2723456149979,289.54841642700194,0.3552062213420868,0.9087301587301587,0.90625,0.903921568627451,0.9054187192118226,1.779454926624738e-05,0.625,0.0,2.0,easy|hard|medium
test,0,2,264,32,0.5274597239986178,139.80029140700208,290.0763622279992,0.1309579312801361,0.875,0.90625,0.9347826086956521,0.893687707641196,1.778616352201258e-05,0.84375,0.0,2.0,medium|easy|hard
test,0,2,265,6,0.15985925199493067,139.96060698400106,290.2366778200012,0.017806563526391983,1.0,1.0,1.0,1.0,1.7777777777777777e-05,1.3333333730697632,1.0,2.0,medium|hard
test,0,3,1,32,0.5318042250000872,0.6151523190055741,301.2148579710047,0.11607992649078369,0.9333333333333333,0.9375,0.9473684210526316,0.9365079365079365,1.7769392033542977e-05,1.09375,0.0,2.0,hard|easy|medium
test,0,3,2,32,0.5284636839933228,1.14425848400424,301.7439597670018,0.08442482352256775,0.9615384615384616,0.96875,0.975,0.9671794871794872,1.7761006289308177e-05,1.03125,0.0,2.0,medium|easy|hard
test,0,3,3,32,0.5279383650049567,1.6727796960039996,302.27248102700105,0.12034328281879425,0.9411764705882353,0.9375,0.9411764705882353,0.9375,1.7752620545073377e-05,0.875,0.0,2.0,easy|hard|medium
test,0,3,4,32,0.5292754609981785,2.2026658410031814,302.8023671749979,0.15921176970005035,0.96875,0.96875,0.9705882352941176,0.9687194525904204,1.7744234800838574e-05,1.15625,0.0,2.0,easy|medium|hard
test,0,3,5,32,0.528697966998152,2.73192139800085,303.3316227920004,0.07906264066696167,0.9375,0.9375,0.9444444444444444,0.9372549019607843,1.7735849056603774e-05,0.875,0.0,2.0,hard|medium|easy
test,0,3,6,32,0.5278404319979018,3.2603759530029492,303.8600772760037,0.1955183744430542,0.9736842105263157,0.96875,0.9642857142857143,0.967967967967968,1.7727463312368974e-05,0.84375,0.0,2.0,easy|hard|medium
test,0,3,7,32,0.5293412329992861,3.7902817000067444,304.3899830240043,0.13532958924770355,0.9736842105263157,0.96875,0.9642857142857143,0.967967967967968,1.7719077568134175e-05,0.8125,0.0,2.0,easy|hard|medium
test,0,3,8,32,0.5290107380060363,4.319913117004035,304.9196144630041,0.10446257144212723,0.9372549019607843,0.9375,0.9372549019607843,0.9372549019607843,1.7710691823899375e-05,0.875,0.0,2.0,medium|hard|easy
test,0,3,9,32,0.5284019899991108,4.848855824006023,305.4485571480036,0.1278362274169922,0.9352226720647774,0.9375,0.9352226720647774,0.9352226720647774,1.770230607966457e-05,1.0625,0.0,2.0,medium|easy|hard
test,0,3,10,32,0.5293493980061612,5.378799192003498,305.97850047200336,0.06358768045902252,0.9722222222222222,0.96875,0.9666666666666667,0.9684729064039409,1.769392033542977e-05,1.15625,0.0,2.0,medium|hard|easy
test,0,3,11,32,0.5290871180040995,5.908432661002735,306.50813400100014,0.07490572333335876,0.95,0.96875,0.9782608695652174,0.9625730994152046,1.7685534591194972e-05,0.84375,0.0,2.0,medium|easy|hard
test,0,3,12,32,0.5286472109946772,6.43766444799985,307.03736581400153,0.2732408344745636,0.9007936507936507,0.90625,0.9089068825910931,0.9039039039039038,1.767714884696017e-05,0.78125,0.0,2.0,medium|easy|hard
test,0,3,13,32,0.5281362430032459,6.966355751006631,307.56605709100404,0.1021064892411232,0.9722222222222222,0.96875,0.9666666666666667,0.9684729064039409,1.766876310272537e-05,1.09375,0.0,2.0,medium|hard|easy
test,0,3,14,32,0.5284950820059748,7.495441685001424,308.09514301400486,0.05642292648553848,0.9615384615384616,0.96875,0.975,0.9671794871794872,1.766037735849057e-05,1.0,0.0,2.0,hard|medium|easy
test,0,3,15,32,0.5286897449987009,8.024670514001627,308.6243718550031,0.07436317205429077,0.9722222222222222,0.96875,0.9666666666666667,0.9684729064039409,1.7651991614255766e-05,1.03125,0.0,2.0,medium|hard|easy
test,0,3,16,32,0.5275892170029692,8.5528300090009,309.1525313480015,0.03814283758401871,1.0,1.0,1.0,1.0,1.7643605870020966e-05,1.03125,0.0,2.0,medium|hard|easy
test,0,3,17,32,0.529184716004238,9.082591630001843,309.6822930240014,0.19586080312728882,0.9736842105263157,0.96875,0.9642857142857143,0.967967967967968,1.7635220125786166e-05,0.9375,0.0,2.0,hard|easy|medium
test,0,3,18,32,0.5289487339978223,9.612076807003177,310.2117782600035,0.0916009321808815,0.96875,0.96875,0.9705882352941176,0.9687194525904204,1.7626834381551363e-05,0.96875,0.0,2.0,easy|medium|hard
test,0,3,19,32,0.5285749640024733,10.141242641002464,310.7409439309995,0.27116087079048157,0.925,0.90625,0.9,0.9039039039039038,1.7618448637316563e-05,0.96875,0.0,2.0,easy|medium|hard
test,0,3,20,32,0.5277787140003056,10.6695841260007,311.2692854490015,0.16068613529205322,0.9473684210526316,0.9375,0.9333333333333333,0.9365079365079365,1.7610062893081763e-05,0.78125,0.0,2.0,easy|medium|hard
test,0,3,21,32,0.5294662449960015,11.199580593005521,311.79928193300293,0.03374180197715759,1.0,1.0,1.0,1.0,1.760167714884696e-05,0.90625,0.0,2.0,hard|medium|easy
test,0,3,22,32,0.5290123679951648,11.729117927003244,312.3288193210028,0.04201255738735199,1.0,1.0,1.0,1.0,1.759329140461216e-05,0.78125,0.0,2.0,easy|hard|medium
test,0,3,23,32,0.5279855280023185,12.257743824004137,312.85744516900013,0.10947046428918839,0.9722222222222222,0.96875,0.9666666666666667,0.9684729064039409,1.758490566037736e-05,0.84375,0.0,2.0,easy|hard|medium
test,0,3,24,32,0.5297268709982745,12.788047619003919,313.387748965004,0.07730831205844879,0.9642857142857143,0.96875,0.9736842105263157,0.967967967967968,1.7576519916142557e-05,1.09375,0.0,2.0,hard|easy|medium
test,0,3,25,32,0.5284462339986931,13.316985941004532,313.916687308003,0.1084851548075676,0.9375,0.9375,0.9444444444444444,0.9372549019607843,1.7568134171907758e-05,0.8125,0.0,2.0,medium|easy|hard
test,0,3,26,32,0.5285642660019221,13.845998771001177,314.445700297998,0.24087047576904297,0.9272727272727272,0.9375,0.9272727272727272,0.9272727272727272,1.7559748427672958e-05,1.09375,0.0,2.0,medium|hard|easy
test,0,3,27,32,0.5297445710020838,14.376319086004514,314.97602042400104,0.1801299899816513,0.9705882352941176,0.96875,0.96875,0.9687194525904204,1.7551362683438155e-05,0.9375,0.0,2.0,medium|easy|hard
test,0,3,28,32,0.529366710994509,14.906318379005825,315.5060197470011,0.01765523850917816,1.0,1.0,1.0,1.0,1.7542976939203355e-05,0.96875,0.0,2.0,hard|medium|easy
test,0,3,29,32,0.5281737449986394,15.435072753003624,316.034774077998,0.1989855170249939,0.9117647058823529,0.90625,0.9166666666666667,0.906158357771261,1.7534591194968555e-05,1.125,0.0,2.0,hard|easy|medium
test,0,3,30,32,0.5281764340033988,15.963688753006863,316.56339009800286,0.09819397330284119,0.9736842105263157,0.96875,0.9642857142857143,0.967967967967968,1.7526205450733752e-05,1.15625,0.0,2.0,hard|easy|medium
test,0,3,31,32,0.5286173400018015,16.492885099003615,317.0925864410019,0.32780152559280396,0.8705882352941177,0.875,0.8825910931174089,0.873015873015873,1.7517819706498952e-05,1.15625,0.0,2.0,easy|hard|medium
test,0,3,32,32,0.5288815530002466,17.022303520003334,317.6220048660034,0.2824159562587738,0.9007936507936507,0.90625,0.9089068825910931,0.9039039039039038,1.7509433962264152e-05,1.09375,0.0,2.0,hard|easy|medium
test,0,3,33,32,0.5275580290035577,17.550399368999933,318.15010070399876,0.17675678431987762,0.9642857142857143,0.96875,0.9736842105263157,0.967967967967968,1.7501048218029352e-05,0.84375,0.0,2.0,medium|easy|hard
test,0,3,34,32,0.5295561579987407,18.080550435006444,318.6802520019992,0.015899699181318283,1.0,1.0,1.0,1.0,1.749266247379455e-05,1.03125,0.0,2.0,hard|medium|easy
test,0,3,35,32,0.5288273980040685,18.609920948001673,319.20962236400374,0.1635504961013794,0.9705882352941176,0.96875,0.96875,0.9687194525904204,1.748427672955975e-05,1.09375,0.0,2.0,medium|hard|easy
test,0,3,36,32,0.5284655089999433,19.138946197999758,319.7386475750027,0.08747512102127075,0.9722222222222222,0.96875,0.9666666666666667,0.9684729064039409,1.747589098532495e-05,0.6875,0.0,2.0,hard|easy|medium
test,0,3,37,32,0.5274041140000918,19.666913542001566,320.26661525400414,0.37989917397499084,0.9089068825910931,0.90625,0.9007936507936507,0.9039039039039038,1.746750524109015e-05,0.875,0.0,2.0,hard|medium|easy
test,0,3,38,32,0.5294714440024109,20.19700503200147,320.7967066130004,0.14083552360534668,0.96875,0.96875,0.9705882352941176,0.9687194525904204,1.7459119496855346e-05,1.09375,0.0,2.0,medium|easy|hard
test,0,3,39,32,0.52915365100489,20.726710013004777,321.3264113530022,0.032497748732566833,1.0,1.0,1.0,1.0,1.7450733752620547e-05,1.25,0.0,2.0,hard|medium|easy
test,0,3,40,32,0.5282376100003603,21.255504740001925,321.8552060810034,0.06806518882513046,0.9473684210526316,0.9375,0.9333333333333333,0.9365079365079365,1.7442348008385747e-05,0.90625,0.0,2.0,hard|easy|medium
test,0,3,41,32,0.5297688220016425,21.78579386700585,322.3854952170004,0.03371068835258484,1.0,1.0,1.0,1.0,1.7433962264150947e-05,1.15625,0.0,2.0,medium|hard|easy
test,0,3,42,32,0.5287625030032359,22.31512422800006,322.91482555100083,0.1491948515176773,0.9736842105263157,0.96875,0.9642857142857143,0.967967967967968,1.7425576519916144e-05,0.75,0.0,2.0,medium|easy|hard
test,0,3,43,32,0.5288956090007559,22.84458286500012,323.44428427299863,0.024261126294732094,1.0,1.0,1.0,1.0,1.7417190775681344e-05,1.09375,0.0,2.0,hard|medium|easy
test,0,3,44,32,0.5291555910007446,23.37432672900468,323.9740280519982,0.1004963368177414,0.9722222222222222,0.96875,0.9666666666666667,0.9684729064039409,1.7408805031446544e-05,0.875,0.0,2.0,easy|hard|medium
test,0,3,45,32,0.5292528030040557,23.90414804500324,324.5038494920009,0.2558813691139221,0.903921568627451,0.90625,0.9087301587301587,0.9054187192118226,1.740041928721174e-05,0.875,0.0,2.0,medium|hard|easy
test,0,3,46,32,0.5284488209945266,24.433186915004626,325.03288831700047,0.013529723510146141,1.0,1.0,1.0,1.0,1.739203354297694e-05,1.03125,0.0,2.0,hard|easy|medium
test,0,3,47,32,0.528322988000582,24.962085983002908,325.5617874390009,0.2648303508758545,0.85,0.875,0.8818181818181818,0.8614718614718615,1.738364779874214e-05,1.21875,0.0,2.0,medium|easy|hard
test,0,3,48,32,0.52929630199651,25.491865600000892,326.09156692300166,0.1391950398683548,0.9615384615384616,0.96875,0.975,0.9671794871794872,1.7375262054507338e-05,0.71875,0.0,2.0,easy|hard|medium
test,0,3,49,32,0.5289524870022433,26.02137813900481,326.6210794840008,0.03198098763823509,1.0,1.0,1.0,1.0,1.7366876310272538e-05,1.28125,0.0,2.0,hard|medium|easy
test,0,3,50,32,0.527387665999413,26.54936044900387,327.14906183600397,0.1830177754163742,0.9666666666666667,0.96875,0.9722222222222222,0.9684729064039409,1.735849056603774e-05,1.03125,0.0,2.0,medium|easy|hard
test,0,3,51,32,0.5294416239994462,27.079348748004122,327.6790500420029,0.010074323043227196,1.0,1.0,1.0,1.0,1.7350104821802935e-05,1.03125,0.0,2.0,hard|easy|medium
test,0,3,52,32,0.529183077000198,27.609043593001843,328.20874497600016,0.20134426653385162,0.9705882352941176,0.96875,0.96875,0.9687194525904204,1.7341719077568135e-05,0.75,0.0,2.0,easy|hard|medium
test,0,3,53,32,0.528426559001673,28.13808296500065,328.7377843130016,0.12768897414207458,0.9444444444444444,0.9375,0.9375,0.9372549019607843,1.7333333333333336e-05,1.03125,0.0,2.0,medium|hard|easy
test,0,3,54,32,0.5273706750012934,28.666041803000553,329.2657431300031,0.16076010465621948,0.95,0.9375,0.9285714285714286,0.9352226720647774,1.7324947589098532e-05,0.9375,0.0,2.0,hard|medium|easy
test,0,3,55,32,0.528971947998798,29.195521379006095,329.79522273199836,0.0836348757147789,0.9705882352941176,0.96875,0.96875,0.9687194525904204,1.7316561844863733e-05,1.0,0.0,2.0,hard|medium|easy
test,0,3,56,32,0.5286435289963265,29.7246993880035,330.32440076200146,0.07083471864461899,0.96875,0.96875,0.9705882352941176,0.9687194525904204,1.7308176100628933e-05,1.0,0.0,2.0,hard|medium|easy
test,0,3,57,32,0.5279231469976366,30.25316081600613,330.85286215100496,0.29087376594543457,0.907843137254902,0.90625,0.90625,0.906158357771261,1.729979035639413e-05,0.625,0.0,2.0,easy|hard|medium
test,0,3,58,32,0.5297860790014965,30.7835164240023,331.38321793200157,0.05686348304152489,0.9615384615384616,0.96875,0.975,0.9671794871794872,1.729140461215933e-05,0.875,0.0,2.0,easy|medium|hard
test,0,3,59,32,0.5287638219961082,31.312800507002976,331.9125022099979,0.013775316998362541,1.0,1.0,1.0,1.0,1.728301886792453e-05,1.03125,0.0,2.0,hard|medium|easy
test,0,3,60,32,0.5278486969982623,31.841185449004115,332.4408868140017,0.0786815658211708,0.9761904761904762,0.96875,0.9583333333333333,0.9660657476139979,1.7274633123689727e-05,1.125,0.0,2.0,medium|hard|easy
test,0,3,61,32,0.5292703490049462,32.37107447100425,332.9707762120015,0.03537368029356003,1.0,1.0,1.0,1.0,1.7266247379454927e-05,0.875,0.0,2.0,easy|medium|hard
test,0,3,62,32,0.5290912660057074,32.90077137100161,333.50047272200027,0.07107242941856384,0.975,0.96875,0.9615384615384616,0.9671794871794872,1.7257861635220127e-05,1.15625,0.0,2.0,medium|hard|easy
test,0,3,63,32,0.5283924479954294,33.42973488500138,334.0294362040004,0.2707817256450653,0.903921568627451,0.90625,0.9087301587301587,0.9054187192118226,1.7249475890985324e-05,1.0,0.0,2.0,hard|easy|medium
test,0,3,64,32,0.5278435849977541,33.95813896900654,334.5578403020045,0.10882863402366638,0.975,0.96875,0.9615384615384616,0.9671794871794872,1.7241090146750524e-05,1.03125,0.0,2.0,medium|hard|easy
test,0,3,65,32,0.5286158449962386,34.48736702000315,335.08706836400233,0.25190529227256775,0.9009661835748792,0.90625,0.8772727272727273,0.887719298245614,1.7232704402515724e-05,1.25,0.0,2.0,medium|hard|easy
test,0,3,66,32,0.5289913960004924,35.01695667000604,335.6166580499994,0.03349588066339493,1.0,1.0,1.0,1.0,1.7224318658280925e-05,0.875,0.0,2.0,hard|easy|medium
test,0,3,67,32,0.5275423679995583,35.54505570600304,336.14475705099903,0.10909157991409302,0.9523809523809523,0.9375,0.9230769230769231,0.9333333333333333,1.721593291404612e-05,0.84375,0.0,2.0,medium|hard|easy
test,0,3,68,32,0.5294889349970617,36.07512924200273,336.67483057600475,0.2024865299463272,0.9365079365079365,0.9375,0.9365079365079365,0.9365079365079365,1.720754716981132e-05,0.84375,0.0,2.0,medium|hard|easy
test,0,3,69,32,0.5288735770009225,36.60463190700102,337.2043332559988,0.19212859869003296,0.9722222222222222,0.96875,0.9666666666666667,0.9684729064039409,1.7199161425576522e-05,1.21875,0.0,2.0,hard|easy|medium
test,0,3,70,32,0.5287226080035907,37.13389032800478,337.7335916660013,0.2577657997608185,0.9,0.90625,0.925,0.9039039039039038,1.7190775681341722e-05,0.53125,0.0,2.0,easy|medium|hard
test,0,3,71,32,0.5277884010065463,37.6622202360013,338.26192197500495,0.17011447250843048,0.9583333333333333,0.96875,0.9761904761904762,0.9660657476139979,1.718238993710692e-05,1.0,0.0,2.0,hard|medium|easy
test,0,3,72,32,0.5293168280040845,38.192069328004436,338.79177075900225,0.20330430567264557,0.9473684210526316,0.9375,0.9333333333333333,0.9365079365079365,1.717400419287212e-05,1.03125,0.0,2.0,hard|easy|medium
test,0,3,73,32,0.5284493130020564,38.72106176100351,339.3207631250043,0.28338590264320374,0.9087301587301587,0.90625,0.903921568627451,0.9054187192118226,1.716561844863732e-05,0.84375,0.0,2.0,hard|medium|easy
test,0,3,74,32,0.5280245879985159,39.249662158006686,339.849363497,0.20518270134925842,0.9333333333333333,0.9375,0.9473684210526316,0.9365079365079365,1.715723270440252e-05,0.9375,0.0,2.0,easy|hard|medium
test,0,3,75,32,0.5300035559994285,39.780189917000826,340.3798912429993,0.05465652793645859,0.9666666666666667,0.96875,0.9722222222222222,0.9684729064039409,1.7148846960167716e-05,1.125,0.0,2.0,easy|hard|medium
test,0,3,76,32,0.5285687049981789,40.309350673000154,340.90905210300116,0.15217524766921997,0.9666666666666667,0.96875,0.9722222222222222,0.9684729064039409,1.7140461215932916e-05,1.09375,0.0,2.0,medium|easy|hard
test,0,3,77,32,0.528589010995347,40.83851367300667,341.4382150099991,0.30197104811668396,0.9089068825910931,0.90625,0.9007936507936507,0.9039039039039038,1.7132075471698116e-05,0.96875,0.0,2.0,easy|medium|hard
test,0,3,78,32,0.5293754439990153,41.36843389000569,341.9681352800035,0.04225816950201988,0.9545454545454546,0.96875,0.9772727272727273,0.964562569213732,1.7123689727463313e-05,0.96875,0.0,2.0,hard|medium|easy
test,0,3,79,32,0.5296873190018232,41.89886310099973,342.49856443900353,0.022306188941001892,1.0,1.0,1.0,1.0,1.7115303983228513e-05,1.0625,0.0,2.0,hard|easy|medium
test,0,3,80,32,0.5282395659960457,42.4276536010002,343.0273549400008,0.05824336037039757,1.0,1.0,1.0,1.0,1.7106918238993714e-05,1.0625,0.0,2.0,medium|easy|hard
test,0,3,81,32,0.5281317490007496,42.956338425006834,343.5560397570007,0.16108673810958862,0.9444444444444444,0.9375,0.9375,0.9372549019607843,1.709853249475891e-05,0.90625,0.0,2.0,easy|hard|medium
test,0,3,82,32,0.5287943169969367,43.4857320480005,344.08543339800235,0.09066835045814514,0.9722222222222222,0.96875,0.9666666666666667,0.9684729064039409,1.709014675052411e-05,0.65625,0.0,2.0,easy|medium|hard
test,0,3,83,32,0.5286566189970472,44.0149980540009,344.6146994790033,0.10130994766950607,0.9333333333333333,0.9375,0.9333333333333333,0.9333333333333333,1.708176100628931e-05,1.125,0.0,2.0,hard|easy|medium
test,0,3,84,32,0.5275082180014579,44.54311880200112,345.14282015500066,0.21115858852863312,0.9333333333333333,0.9375,0.9473684210526316,0.9365079365079365,1.7073375262054508e-05,0.84375,0.0,2.0,hard|easy|medium
test,0,3,85,32,0.5296415849952609,45.073362054004974,345.67306338200433,0.020936915650963783,1.0,1.0,1.0,1.0,1.7064989517819708e-05,0.875,0.0,2.0,hard|medium|easy
test,0,3,86,32,0.5285384289963986,45.60257498800638,346.20227632299793,0.01774967648088932,1.0,1.0,1.0,1.0,1.7056603773584908e-05,1.0,0.0,2.0,hard|easy|medium
test,0,3,87,32,0.5285749090035097,46.131603333000385,346.7313046710042,0.03169410675764084,1.0,1.0,1.0,1.0,1.7048218029350105e-05,0.96875,0.0,2.0,medium|hard|easy
test,0,3,88,32,0.5275612969999202,46.659731358005956,347.2594328050036,0.09673024713993073,0.9666666666666667,0.96875,0.9722222222222222,0.9684729064039409,1.7039832285115305e-05,0.9375,0.0,2.0,medium|hard|easy
test,0,3,89,32,0.5295754550024867,47.189797601000464,347.7894989560009,0.19516809284687042,0.9372549019607843,0.9375,0.9372549019607843,0.9372549019607843,1.7031446540880505e-05,1.09375,0.0,2.0,medium|easy|hard
test,0,3,90,32,0.528477081003075,47.718733467001584,348.31843502099946,0.08209354430437088,0.9642857142857143,0.96875,0.9736842105263157,0.967967967967968,1.7023060796645702e-05,0.8125,0.0,2.0,hard|medium|easy
test,0,3,91,32,0.5283918799977982,48.24766950800404,348.8473708899983,0.008203048259019852,1.0,1.0,1.0,1.0,1.7014675052410902e-05,0.78125,0.0,2.0,easy|medium|hard
test,0,3,92,32,0.5290597119965241,48.77731631500501,349.37701769100386,0.08247053623199463,0.9230769230769231,0.9375,0.9523809523809523,0.9333333333333333,1.7006289308176102e-05,0.84375,0.0,2.0,medium|hard|easy
test,0,3,93,32,0.5284370110020973,49.30630846600252,349.9060097949987,0.14746147394180298,0.9545454545454546,0.9375,0.9166666666666667,0.9307359307359306,1.69979035639413e-05,0.84375,0.0,2.0,hard|medium|easy
test,0,3,94,32,0.5277941719978116,49.83467980900605,350.43438115100435,0.31677424907684326,0.9565217391304348,0.9375,0.9090909090909092,0.9272727272727272,1.69895178197065e-05,0.96875,0.0,2.0,hard|medium|easy
test,0,3,95,32,0.5291465769987553,50.36437182100053,350.96407324800384,0.13509811460971832,0.9372549019607843,0.9375,0.9372549019607843,0.9372549019607843,1.69811320754717e-05,0.90625,0.0,2.0,easy|hard|medium
test,0,3,96,32,0.5293501359992661,50.89426987000479,351.4939712129999,0.03123404085636139,1.0,1.0,1.0,1.0,1.6972746331236896e-05,1.15625,0.0,2.0,medium|easy|hard
test,0,3,97,32,0.5284844270063331,51.42333951600449,352.0230408530042,0.20461829006671906,0.95,0.9375,0.9285714285714286,0.9352226720647774,1.6964360587002096e-05,1.03125,0.0,2.0,hard|medium|easy
test,0,3,98,32,0.528206256996782,51.95214187000238,352.55184323700087,0.23096629977226257,0.9372549019607843,0.9375,0.9372549019607843,0.9372549019607843,1.6955974842767297e-05,1.0,0.0,2.0,easy|hard|medium
test,0,3,99,32,0.5285513290000381,52.48122243600665,353.08092377800494,0.08445612341165543,0.9666666666666667,0.96875,0.9722222222222222,0.9684729064039409,1.6947589098532497e-05,1.09375,0.0,2.0,medium|hard|easy
test,0,3,100,32,0.5291409050041693,53.01094323900179,353.61064463000366,0.3334878981113434,0.9333333333333333,0.9375,0.9473684210526316,0.9365079365079365,1.6939203354297694e-05,0.875,0.0,2.0,easy|medium|hard
test,0,3,101,32,0.5276299760007532,53.53917988700414,354.1388812459991,0.012979187071323395,1.0,1.0,1.0,1.0,1.6930817610062894e-05,1.15625,0.0,2.0,medium|easy|hard
test,0,3,102,32,0.5298712180010625,54.06966154800466,354.66936287000135,0.29151931405067444,0.9090909090909092,0.9375,0.9565217391304348,0.9272727272727272,1.6922431865828094e-05,1.0625,0.0,2.0,easy|medium|hard
test,0,3,103,32,0.5282265119967633,54.59843132900278,355.1981327040048,0.006739013362675905,1.0,1.0,1.0,1.0,1.6914046121593294e-05,1.15625,0.0,2.0,hard|medium|easy
test,0,3,104,32,0.5283094030019129,55.12717985500058,355.72688124600245,0.1675947606563568,0.9642857142857143,0.96875,0.9736842105263157,0.967967967967968,1.690566037735849e-05,0.875,0.0,2.0,medium|easy|hard
test,0,3,105,32,0.5277172060013982,55.65549533500598,356.2551966770043,0.07865091413259506,0.9705882352941176,0.96875,0.96875,0.9687194525904204,1.689727463312369e-05,1.03125,0.0,2.0,medium|easy|hard
test,0,3,106,32,0.5288913869953831,56.18499606499972,356.7846974950007,0.32364365458488464,0.8745098039215686,0.875,0.8745098039215686,0.8745098039215686,1.688888888888889e-05,1.1875,0.0,2.0,easy|medium|hard
test,0,3,107,32,0.5289074770043953,56.71434805000172,357.3140494180043,0.4419601261615753,0.875,0.875,0.8809523809523809,0.8745098039215686,1.688050314465409e-05,0.96875,0.0,2.0,medium|hard|easy
test,0,3,108,32,0.5279342800058657,57.24285583500023,357.8425572679989,0.008745863102376461,1.0,1.0,1.0,1.0,1.687211740041929e-05,0.71875,0.0,2.0,hard|easy|medium
test,0,3,109,32,0.5291309540043585,57.7724876650027,358.37218902300083,0.5447084307670593,0.8666666666666667,0.875,0.9047619047619048,0.8704453441295547,1.686373165618449e-05,1.09375,0.0,2.0,hard|medium|easy
test,0,3,110,32,0.529078927997034,58.30218209300074,358.9018834660019,0.3476625084877014,0.8928571428571428,0.90625,0.9285714285714286,0.9015384615384616,1.685534591194969e-05,1.1875,0.0,2.0,hard|medium|easy
test,0,3,111,32,0.5285499450037605,58.83133889400051,359.43104025100183,0.01851084642112255,1.0,1.0,1.0,1.0,1.6846960167714885e-05,0.96875,0.0,2.0,easy|medium|hard
test,0,3,112,32,0.5293805379988044,59.361299947006046,359.9610012780031,0.22136050462722778,0.9230769230769231,0.9375,0.9523809523809523,0.9333333333333333,1.6838574423480086e-05,1.15625,0.0,2.0,hard|easy|medium
test,0,3,113,32,0.5290393589966698,59.89090630099963,360.49060765700415,0.2675028443336487,0.9333333333333333,0.9375,0.9333333333333333,0.9333333333333333,1.6830188679245286e-05,1.15625,0.0,2.0,hard|medium|easy
test,0,3,114,32,0.5285513359995093,60.420040692006296,361.01974197899835,0.055037789046764374,1.0,1.0,1.0,1.0,1.6821802935010483e-05,0.9375,0.0,2.0,easy|medium|hard
test,0,3,115,32,0.5283548510051332,60.949035092002305,361.5487364360015,0.4226909577846527,0.8823529411764706,0.875,0.8947368421052632,0.8745098039215686,1.6813417190775683e-05,1.0625,0.0,2.0,easy|hard|medium
test,0,3,116,32,0.5296753850052482,61.47929273200134,362.0789940760005,0.07061228156089783,1.0,1.0,1.0,1.0,1.6805031446540883e-05,0.90625,0.0,2.0,medium|easy|hard
test,0,3,117,32,0.5287885279976763,62.00862431900168,362.6083256589991,0.3178255558013916,0.8947368421052632,0.875,0.8823529411764706,0.8745098039215686,1.679664570230608e-05,0.84375,0.0,2.0,medium|easy|hard
test,0,3,118,32,0.5280556409998098,62.537150875003135,363.1368522039993,0.20182770490646362,0.9117647058823529,0.90625,0.9166666666666667,0.906158357771261,1.678825995807128e-05,1.1875,0.0,2.0,hard|easy|medium
test,0,3,119,32,0.5291872380039422,63.06693595999968,363.6666372949985,0.13269834220409393,0.9333333333333333,0.9375,0.9333333333333333,0.9333333333333333,1.677987421383648e-05,1.34375,0.0,2.0,medium|hard|easy
test,0,3,120,32,0.5285724599962123,63.596120638001594,364.19582205799816,0.05357176065444946,1.0,1.0,1.0,1.0,1.6771488469601677e-05,0.9375,0.0,2.0,medium|easy|hard
test,0,3,121,32,0.5285492439943482,64.12513780800509,364.724839126,0.20802795886993408,0.9722222222222222,0.96875,0.9666666666666667,0.9684729064039409,1.6763102725366877e-05,0.96875,0.0,2.0,easy|medium|hard
test,0,3,122,32,0.5277403970030718,64.65350357600255,365.25320491300226,0.07540006935596466,0.9761904761904762,0.96875,0.9583333333333333,0.9660657476139979,1.6754716981132077e-05,1.0,0.0,2.0,easy|medium|hard
test,0,3,123,32,0.5289372479965095,65.18292621700675,365.7826275690022,0.04881438985466957,0.96875,0.96875,0.9705882352941176,0.9687194525904204,1.6746331236897274e-05,1.0,0.0,2.0,medium|easy|hard
test,0,3,124,32,0.5288125489969389,65.71225884200248,366.31196021100186,0.17813566327095032,0.9666666666666667,0.96875,0.9722222222222222,0.9684729064039409,1.6737945492662474e-05,0.96875,0.0,2.0,easy|medium|hard
test,0,3,125,32,0.5277170460030902,66.24056601700431,366.84026732300117,0.2712072730064392,0.9375,0.9375,0.9444444444444444,0.9372549019607843,1.6729559748427675e-05,1.03125,0.0,2.0,medium|easy|hard
test,0,3,126,32,0.5291702359972987,66.7703236870002,367.37002503999975,0.1676086038351059,0.9642857142857143,0.96875,0.9736842105263157,0.967967967967968,1.672117400419287e-05,0.84375,0.0,2.0,easy|hard|medium
test,0,3,127,32,0.5285617550034658,67.2994538530038,367.89915518400085,0.13168026506900787,0.9375,0.9375,0.9375,0.9375,1.671278825995807e-05,1.0625,0.0,2.0,easy|hard|medium
test,0,3,128,32,0.5283207270040293,67.828311063,368.428012397002,0.06684660166501999,0.9705882352941176,0.96875,0.96875,0.9687194525904204,1.6704402515723272e-05,1.03125,0.0,2.0,medium|easy|hard
test,0,3,129,32,0.5292381910039694,68.3581326650019,368.9578340070002,0.07088884711265564,0.9666666666666667,0.96875,0.9722222222222222,0.9684729064039409,1.6696016771488472e-05,1.15625,0.0,2.0,medium|easy|hard
test,0,3,130,32,0.5292177670053206,68.88798293900618,369.4876843500024,0.060484617948532104,0.9736842105263157,0.96875,0.9642857142857143,0.967967967967968,1.668763102725367e-05,1.21875,0.0,2.0,hard|medium|easy
test,0,3,131,32,0.5286259319982491,69.41716777400143,370.0168690440041,0.16303513944149017,0.9375,0.9375,0.9375,0.9375,1.667924528301887e-05,1.125,0.0,2.0,medium|hard|easy
test,0,3,132,32,0.5277864529998624,69.94554712900572,370.54524849000154,0.012059859931468964,1.0,1.0,1.0,1.0,1.667085953878407e-05,1.21875,0.0,2.0,easy|hard|medium
test,0,3,133,32,0.528800202999264,70.47488843900646,371.0745897450033,0.04433325678110123,1.0,1.0,1.0,1.0,1.666247379454927e-05,0.84375,0.0,2.0,easy|hard|medium
test,0,3,134,32,0.5286915250035236,71.00417557100445,371.60387691100186,0.06576701253652573,0.9615384615384616,0.96875,0.975,0.9671794871794872,1.6654088050314466e-05,1.0625,0.0,2.0,hard|medium|easy
test,0,3,135,32,0.5276219799998216,71.53239978800411,372.13210112899833,0.013433989137411118,1.0,1.0,1.0,1.0,1.6645702306079666e-05,1.15625,0.0,2.0,easy|hard|medium
test,0,3,136,32,0.5292237079993356,72.06225245800306,372.6619538360028,0.34131115674972534,0.8235294117647058,0.8125,0.8571428571428572,0.8095238095238095,1.6637316561844866e-05,1.1875,0.0,2.0,hard|medium|easy
test,0,3,137,32,0.5281730500064441,72.59104696900613,373.1907482910028,0.06905908137559891,0.9782608695652174,0.96875,0.95,0.9625730994152046,1.6628930817610067e-05,0.78125,0.0,2.0,easy|medium|hard
test,0,3,138,32,0.528213883000717,73.11982137500308,373.7195228100027,0.09225378185510635,0.975,0.96875,0.9615384615384616,0.9671794871794872,1.6620545073375263e-05,1.03125,0.0,2.0,easy|medium|hard
test,0,3,139,32,0.5282177760018385,73.64859398800036,374.248295338999,0.19232527911663055,0.90625,0.90625,0.907843137254902,0.906158357771261,1.6612159329140464e-05,0.96875,0.0,2.0,medium|easy|hard
test,0,3,140,32,0.5292071379953995,74.1783348070021,374.7780361640034,0.003912732470780611,1.0,1.0,1.0,1.0,1.6603773584905664e-05,1.0,0.0,2.0,hard|medium|easy
test,0,3,141,32,0.5287437829974806,74.70763893900585,375.30734028699953,0.07098406553268433,0.9473684210526316,0.9375,0.9333333333333333,0.9365079365079365,1.659538784067086e-05,1.03125,0.0,2.0,medium|easy|hard
test,0,3,142,32,0.5278850229951786,75.23612746300205,375.83582873400155,0.02546912059187889,1.0,1.0,1.0,1.0,1.658700209643606e-05,0.84375,0.0,2.0,medium|easy|hard
test,0,3,143,32,0.5295241060011904,75.76613070200256,376.36583204800263,0.21454834938049316,0.9375,0.9375,0.9375,0.9375,1.657861635220126e-05,0.8125,0.0,2.0,hard|medium|easy
test,0,3,144,32,0.5283667960029561,76.295102778,376.89480410800024,0.20808254182338715,0.9333333333333333,0.9375,0.9473684210526316,0.9365079365079365,1.6570230607966458e-05,0.78125,0.0,2.0,easy|hard|medium
test,0,3,145,32,0.5279726670050877,76.82363853500283,377.4233399260047,0.2670859694480896,0.9411764705882353,0.9375,0.9411764705882353,0.9375,1.6561844863731658e-05,0.75,0.0,2.0,medium|easy|hard
test,0,3,146,32,0.5285063299961621,77.35268512100447,377.95238647000224,0.29267367720603943,0.9333333333333333,0.9375,0.9333333333333333,0.9333333333333333,1.6553459119496858e-05,0.875,0.0,2.0,hard|medium|easy
test,0,3,147,32,0.5292108330031624,77.88244063000457,378.4821422230016,0.09561014175415039,0.96875,0.96875,0.9705882352941176,0.9687194525904204,1.6545073375262055e-05,1.03125,0.0,2.0,medium|hard|easy
test,0,3,148,32,0.5280186900054105,78.41105569400679,379.01075711600424,0.14835262298583984,0.9444444444444444,0.9375,0.9375,0.9372549019607843,1.6536687631027255e-05,1.0625,0.0,2.0,hard|medium|easy
test,0,3,149,32,0.5277209720006795,78.93938557900401,379.53908688799856,0.45437735319137573,0.90625,0.90625,0.9210526315789473,0.9054187192118226,1.6528301886792455e-05,0.84375,0.0,2.0,hard|easy|medium
test,0,3,150,32,0.5289036760004819,79.46891607700672,380.06861743500485,0.24423499405384064,0.95,0.9375,0.9285714285714286,0.9352226720647774,1.6519916142557652e-05,0.9375,0.0,2.0,medium|hard|easy
test,0,3,151,32,0.5284509120028815,79.99789227000292,380.5975936169998,0.05723586305975914,0.9772727272727273,0.96875,0.9545454545454546,0.964562569213732,1.6511530398322852e-05,1.125,0.0,2.0,easy|medium|hard
test,0,3,152,32,0.5282929150052951,80.52682052800083,381.12652182199963,0.18216468393802643,0.9642857142857143,0.96875,0.9736842105263157,0.967967967967968,1.6503144654088052e-05,1.0,0.0,2.0,hard|easy|medium
test,0,3,153,32,0.5286090709996643,81.05594605900114,381.6556473890014,0.314823180437088,0.9007936507936507,0.90625,0.9089068825910931,0.9039039039039038,1.649475890985325e-05,0.96875,0.0,2.0,easy|medium|hard
test,0,3,154,32,0.5291779029939789,81.58579478400497,382.1854961490026,0.04978407174348831,0.9772727272727273,0.96875,0.9545454545454546,0.964562569213732,1.648637316561845e-05,1.15625,0.0,2.0,medium|hard|easy
test,0,3,155,32,0.5285211369991885,82.11477373700473,382.7144750919979,0.05567456781864166,0.9722222222222222,0.96875,0.9666666666666667,0.9684729064039409,1.647798742138365e-05,0.96875,0.0,2.0,easy|medium|hard
test,0,3,156,32,0.5285097239975585,82.64385884900548,383.24356012500357,0.05235336720943451,0.975,0.96875,0.9615384615384616,0.9671794871794872,1.6469601677148846e-05,0.875,0.0,2.0,medium|easy|hard
test,0,3,157,32,0.5292153449991019,83.17361203500332,383.7733133840011,0.150886669754982,0.9705882352941176,0.96875,0.96875,0.9687194525904204,1.6461215932914047e-05,0.84375,0.0,2.0,easy|medium|hard
test,0,3,158,32,0.5290711720008403,83.70319672000187,384.3028980560048,0.2147037833929062,0.903921568627451,0.90625,0.9087301587301587,0.9054187192118226,1.6452830188679247e-05,1.0,0.0,2.0,easy|medium|hard
test,0,3,159,32,0.5279062160043395,84.23167847200239,384.8313800770047,0.12432264536619186,0.9705882352941176,0.96875,0.96875,0.9687194525904204,1.6444444444444444e-05,1.125,0.0,2.0,hard|easy|medium
test,0,3,160,32,0.5294543139971211,84.76161902199965,385.3613206630034,0.061054911464452744,0.96875,0.96875,0.9705882352941176,0.9687194525904204,1.6436058700209644e-05,1.21875,0.0,2.0,medium|hard|easy
test,0,3,161,32,0.5282009259972256,85.29035119100445,385.8900527939986,0.2948044240474701,0.868421052631579,0.84375,0.8611111111111112,0.8435972629521017,1.6427672955974844e-05,0.875,0.0,2.0,hard|easy|medium
test,0,3,162,32,0.5281437459998415,85.81905273099983,386.41875408600026,0.16828098893165588,0.9705882352941176,0.96875,0.96875,0.9687194525904204,1.6419287211740044e-05,0.75,0.0,2.0,easy|medium|hard
test,0,3,163,32,0.527083915003459,86.34668930100452,386.94639063400246,0.1353200376033783,0.9230769230769231,0.9375,0.9523809523809523,0.9333333333333333,1.641090146750524e-05,1.03125,0.0,2.0,hard|medium|easy
test,0,3,164,32,0.5290120950012351,86.87627301400062,387.4759743620016,0.054959893226623535,0.9761904761904762,0.96875,0.9583333333333333,0.9660657476139979,1.640251572327044e-05,0.96875,0.0,2.0,hard|medium|easy
test,0,3,165,32,0.5288393000009819,87.40568149400497,388.0053828570017,0.07598014175891876,1.0,1.0,1.0,1.0,1.639412997903564e-05,1.34375,0.0,2.0,medium|hard|easy
test,0,3,166,32,0.5281212469999446,87.93434409700421,388.53404544800287,0.024254802614450455,1.0,1.0,1.0,1.0,1.638574423480084e-05,0.84375,0.0,2.0,easy|medium|hard
test,0,3,167,32,0.5295932359949802,88.46448410300218,389.0641854200003,0.04856226593255997,1.0,1.0,1.0,1.0,1.637735849056604e-05,1.0625,0.0,2.0,easy|medium|hard
test,0,3,168,32,0.528394274006132,88.9934295750063,389.5931309360021,0.09974408149719238,0.9365079365079365,0.9375,0.9365079365079365,0.9365079365079365,1.636897274633124e-05,0.875,0.0,2.0,easy|medium|hard
test,0,3,169,32,0.527721375998226,89.5217746230046,390.12147594900307,0.23145893216133118,0.9166666666666667,0.90625,0.9117647058823529,0.906158357771261,1.636058700209644e-05,1.0,0.0,2.0,hard|easy|medium
test,0,3,170,32,0.5292790210005478,90.05164327400416,390.6513448750047,0.19000527262687683,0.9089068825910931,0.90625,0.9007936507936507,0.9039039039039038,1.635220125786164e-05,1.25,0.0,2.0,easy|hard|medium
test,0,3,171,32,0.5293247730005533,90.58153496800514,391.1812362470009,0.16621537506580353,0.9411764705882353,0.9375,0.9411764705882353,0.9375,1.6343815513626836e-05,1.09375,0.0,2.0,hard|medium|easy
test,0,3,172,32,0.5286012810029206,91.11069325500284,391.7103946470015,0.275556743144989,0.8590909090909091,0.84375,0.819838056680162,0.8303287380699894,1.6335429769392036e-05,1.03125,0.0,2.0,easy|hard|medium
test,0,3,173,32,0.5279748480024864,91.63921114500408,392.23891254299815,0.20305263996124268,0.9352226720647774,0.9375,0.9352226720647774,0.9352226720647774,1.6327044025157236e-05,0.84375,0.0,2.0,hard|medium|easy
test,0,3,174,32,0.529082353998092,92.16896260100475,392.76866394800163,0.1444595456123352,0.9772727272727273,0.96875,0.9545454545454546,0.964562569213732,1.6318658280922433e-05,1.125,0.0,2.0,easy|hard|medium
test,0,3,175,32,0.5285779879995971,92.6980339780057,393.2977353280003,0.05004511773586273,1.0,1.0,1.0,1.0,1.6310272536687633e-05,0.875,0.0,2.0,hard|medium|easy
test,0,3,176,32,0.527324315997248,93.22601392900106,393.8257152890001,0.19897522032260895,0.9365079365079365,0.9375,0.9365079365079365,0.9365079365079365,1.6301886792452833e-05,1.28125,0.0,2.0,medium|easy|hard
test,0,3,177,32,0.5295709369966062,93.75607592500455,394.3557772140048,0.04036102443933487,0.975,0.96875,0.9615384615384616,0.9671794871794872,1.629350104821803e-05,0.9375,0.0,2.0,easy|hard|medium
test,0,3,178,32,0.528256286001124,94.28490004500054,394.8846013889997,0.19602148234844208,0.9372549019607843,0.9375,0.9372549019607843,0.9372549019607843,1.628511530398323e-05,0.84375,0.0,2.0,hard|easy|medium
test,0,3,179,32,0.5282983540018904,94.81367610200687,395.41337744799966,0.12380505353212357,0.9375,0.9375,0.9375,0.9375,1.627672955974843e-05,1.1875,0.0,2.0,easy|medium|hard
test,0,3,180,32,0.5278092760054278,95.3420164670024,395.94171777299925,0.009131397120654583,1.0,1.0,1.0,1.0,1.6268343815513627e-05,0.84375,0.0,2.0,easy|medium|hard
test,0,3,181,32,0.5287469300019438,95.8712827240015,396.4709840420037,0.2109420895576477,0.95,0.9375,0.9285714285714286,0.9352226720647774,1.6259958071278827e-05,1.0625,0.0,2.0,easy|hard|medium
test,0,3,182,32,0.5287754020027933,96.40063700700557,397.0003383049989,0.04074838384985924,1.0,1.0,1.0,1.0,1.6251572327044028e-05,1.34375,0.0,2.0,medium|hard|easy
test,0,3,183,32,0.5277768550004112,96.92893022300268,397.5286318340004,0.16067680716514587,0.9285714285714286,0.9375,0.95,0.9352226720647774,1.6243186582809224e-05,1.125,0.0,2.0,hard|medium|easy
test,0,3,184,32,0.5294033249956556,97.45889825800259,398.05859963200055,0.07299390435218811,0.9705882352941176,0.96875,0.96875,0.9687194525904204,1.6234800838574425e-05,1.1875,0.0,2.0,hard|easy|medium
test,0,3,185,32,0.5284646130021429,97.98793473400292,398.5876360820039,0.2335435152053833,0.9642857142857143,0.96875,0.9736842105263157,0.967967967967968,1.6226415094339625e-05,0.96875,0.0,2.0,easy|hard|medium
test,0,3,186,32,0.528207900999405,98.51670004100015,399.11640142399847,0.24447190761566162,0.9545454545454546,0.9375,0.9166666666666667,0.9307359307359306,1.621802935010482e-05,1.0,0.0,2.0,easy|hard|medium
test,0,3,187,32,0.5284947890031617,99.04573843300022,399.6454397790003,0.03842157498002052,1.0,1.0,1.0,1.0,1.6209643605870022e-05,0.96875,0.0,2.0,easy|hard|medium
test,0,3,188,32,0.5291790310002398,99.57543265300046,400.1751339830007,0.04507283493876457,0.9583333333333333,0.96875,0.9761904761904762,0.9660657476139979,1.6201257861635222e-05,1.0625,0.0,2.0,medium|hard|easy
test,0,3,189,32,0.527958172999206,100.10399242700078,400.703693827003,0.14270944893360138,0.96875,0.96875,0.9705882352941176,0.9687194525904204,1.619287211740042e-05,0.9375,0.0,2.0,hard|easy|medium
test,0,3,190,32,0.5277705070038792,100.63239390600211,401.2320952650043,0.06070830672979355,0.9736842105263157,0.96875,0.9642857142857143,0.967967967967968,1.618448637316562e-05,0.96875,0.0,2.0,medium|easy|hard
test,0,3,191,32,0.5291240379956434,101.16203332800069,401.7617347170017,0.1447204351425171,0.9473684210526316,0.9375,0.9333333333333333,0.9365079365079365,1.617610062893082e-05,0.875,0.0,2.0,easy|medium|hard
test,0,3,192,32,0.5286846199960564,101.69138140300493,402.2910827290034,0.0409279428422451,1.0,1.0,1.0,1.0,1.6167714884696016e-05,1.0,0.0,2.0,easy|medium|hard
test,0,3,193,32,0.5280811289994745,102.2200523950014,402.81975373000023,0.17137420177459717,0.9285714285714286,0.90625,0.8928571428571428,0.9015384615384616,1.6159329140461216e-05,1.03125,0.0,2.0,hard|medium|easy
test,0,3,194,32,0.5294242469972232,102.75009341500117,403.34979480900074,0.14196515083312988,0.9736842105263157,0.96875,0.9642857142857143,0.967967967967968,1.6150943396226416e-05,1.0,0.0,2.0,easy|hard|medium
test,0,3,195,32,0.5285460270024487,103.27922694400331,403.878928281003,0.3248520493507385,0.9166666666666667,0.90625,0.9117647058823529,0.906158357771261,1.6142557651991616e-05,0.90625,0.0,2.0,medium|easy|hard
test,0,3,196,32,0.5283334490013658,103.80809474000125,404.40779607700097,0.0824417695403099,0.9365079365079365,0.9375,0.9365079365079365,0.9365079365079365,1.6134171907756813e-05,1.1875,0.0,2.0,hard|medium|easy
test,0,3,197,32,0.5284203260016511,104.33696634500666,404.9366676999998,0.3449726104736328,0.9166666666666667,0.90625,0.9117647058823529,0.906158357771261,1.6125786163522013e-05,1.03125,0.0,2.0,easy|hard|medium
test,0,3,198,32,0.5288660439982777,104.86634676800168,405.46604804399976,0.33262044191360474,0.9007936507936507,0.90625,0.9089068825910931,0.9039039039039038,1.6117400419287214e-05,1.15625,0.0,2.0,hard|medium|easy
test,0,3,199,32,0.5288517999942997,105.39575485800015,405.99545612800284,0.0511627234518528,0.9736842105263157,0.96875,0.9642857142857143,0.967967967967968,1.6109014675052414e-05,1.03125,0.0,2.0,easy|medium|hard
test,0,3,200,32,0.527151769005286,105.92346751200239,406.5231688030035,0.27187010645866394,0.9444444444444444,0.9375,0.9375,0.9372549019607843,1.610062893081761e-05,0.9375,0.0,2.0,hard|medium|easy
test,0,3,201,32,0.5290167690036469,106.45305058700615,407.0527519430034,0.06123262271285057,1.0,1.0,1.0,1.0,1.609224318658281e-05,0.90625,0.0,2.0,medium|hard|easy
test,0,3,202,32,0.528174917002616,106.98187636900548,407.5815777020034,0.01219453290104866,1.0,1.0,1.0,1.0,1.608385744234801e-05,1.0625,0.0,2.0,easy|medium|hard
test,0,3,203,32,0.5281153909963905,107.51056971300568,408.1102710530031,0.34510406851768494,0.9,0.90625,0.925,0.9039039039039038,1.607547169811321e-05,1.125,0.0,2.0,hard|medium|easy
test,0,3,204,32,0.5274603139987448,108.03863073600223,408.63833207800053,0.042324550449848175,0.9666666666666667,0.96875,0.9722222222222222,0.9684729064039409,1.6067085953878408e-05,1.0625,0.0,2.0,easy|medium|hard
test,0,3,205,32,0.5292770920059411,108.56845054600126,409.1681519400008,0.20371633768081665,0.9333333333333333,0.9375,0.9473684210526316,0.9365079365079365,1.6058700209643608e-05,1.15625,0.0,2.0,easy|hard|medium
test,0,3,206,32,0.528690874001768,109.097712873001,409.6974142199979,0.09964342415332794,0.9736842105263157,0.96875,0.9642857142857143,0.967967967967968,1.605031446540881e-05,0.96875,0.0,2.0,easy|hard|medium
test,0,3,207,32,0.5276405119948322,109.62595934000274,410.22566070400353,0.02143244817852974,1.0,1.0,1.0,1.0,1.6041928721174005e-05,1.15625,0.0,2.0,medium|hard|easy
test,0,3,208,32,0.5295223349967273,110.15603239100165,410.75573365700257,0.1975248157978058,0.9352226720647774,0.9375,0.9352226720647774,0.9352226720647774,1.6033542976939205e-05,0.8125,0.0,2.0,easy|medium|hard
test,0,3,209,32,0.5291403820010601,110.68572244000097,411.28542376500263,0.26433682441711426,0.9333333333333333,0.9375,0.9333333333333333,0.9333333333333333,1.6025157232704405e-05,0.9375,0.0,2.0,hard|easy|medium
test,0,3,210,32,0.5287234740026179,111.21499484700325,411.8146962000028,0.061273474246263504,0.9705882352941176,0.96875,0.96875,0.9687194525904204,1.6016771488469602e-05,1.09375,0.0,2.0,medium|hard|easy
test,0,3,211,32,0.5296821049996652,111.74530693500128,412.34500828100136,0.007732671685516834,1.0,1.0,1.0,1.0,1.6008385744234802e-05,0.90625,0.0,2.0,easy|medium|hard
test,0,3,212,32,0.5291548969980795,112.27508100600244,412.8747823349986,0.07053914666175842,0.9666666666666667,0.96875,0.9722222222222222,0.9684729064039409,1.6000000000000003e-05,1.0625,0.0,2.0,hard|easy|medium
test,0,3,213,32,0.5279943869973067,112.80359217200021,413.40329352700064,0.10249263048171997,0.975,0.96875,0.9615384615384616,0.9671794871794872,1.59916142557652e-05,0.875,0.0,2.0,easy|medium|hard
test,0,3,214,32,0.5275988189969212,113.33178982900426,413.9314911640031,0.014646882191300392,1.0,1.0,1.0,1.0,1.59832285115304e-05,1.0625,0.0,2.0,hard|medium|easy
test,0,3,215,32,0.5285442859967588,113.86088886300422,414.4605901850009,0.19494016468524933,0.9736842105263157,0.96875,0.9642857142857143,0.967967967967968,1.59748427672956e-05,1.0,0.0,2.0,hard|medium|easy
test,0,3,216,32,0.5285584579978604,114.39002389000234,414.989725225998,0.03303929790854454,1.0,1.0,1.0,1.0,1.5966457023060797e-05,1.28125,0.0,2.0,hard|medium|easy
test,0,3,217,32,0.5269959580036812,114.9175839150048,415.5172851930038,0.00527866929769516,1.0,1.0,1.0,1.0,1.5958071278825997e-05,0.96875,0.0,2.0,easy|hard|medium
test,0,3,218,32,0.529251692998514,115.44729837900377,416.0469997379987,0.03243715316057205,1.0,1.0,1.0,1.0,1.5949685534591197e-05,1.09375,0.0,2.0,easy|hard|medium
test,0,3,219,32,0.528833587995905,115.97656803700374,416.57626940000046,0.17010436952114105,0.9545454545454546,0.96875,0.9772727272727273,0.964562569213732,1.5941299790356394e-05,1.0,0.0,2.0,medium|hard|easy
test,0,3,220,32,0.5285618120033178,116.50566435700603,417.1053656580043,0.24073940515518188,0.9365079365079365,0.9375,0.9365079365079365,0.9365079365079365,1.5932914046121594e-05,0.8125,0.0,2.0,easy|hard|medium
test,0,3,221,32,0.5274571740010288,117.03371244600567,417.6334138460006,0.3101540207862854,0.9372549019607843,0.9375,0.9372549019607843,0.9372549019607843,1.5924528301886794e-05,0.9375,0.0,2.0,hard|easy|medium
test,0,3,222,32,0.5291198749982868,117.56344357700436,418.16314496200357,0.36251533031463623,0.9411764705882353,0.9375,0.9411764705882353,0.9375,1.591614255765199e-05,1.0,0.0,2.0,hard|easy|medium
test,0,3,223,32,0.5284919299956528,118.09247104899987,418.6921723780033,0.09094427525997162,0.96875,0.96875,0.9705882352941176,0.9687194525904204,1.590775681341719e-05,0.875,0.0,2.0,easy|medium|hard
test,0,3,224,32,0.5277973100019153,118.62086830800399,419.2205696450037,0.17465101182460785,0.9782608695652174,0.96875,0.95,0.9625730994152046,1.589937106918239e-05,1.0,0.0,2.0,medium|easy|hard
test,0,3,225,32,0.5291724619964953,119.15056947300036,419.75027081300505,0.005581871140748262,1.0,1.0,1.0,1.0,1.5890985324947588e-05,0.96875,0.0,2.0,medium|easy|hard
test,0,3,226,32,0.5285994149962789,119.67972026200005,420.27942160599923,0.06957463920116425,0.9642857142857143,0.96875,0.9736842105263157,0.967967967967968,1.588259958071279e-05,0.9375,0.0,2.0,easy|hard|medium
test,0,3,227,32,0.5280903550010407,120.20834176000062,420.80804304900084,0.18428540229797363,0.9083333333333333,0.90625,0.8967611336032388,0.9015384615384616,1.587421383647799e-05,1.125,0.0,2.0,medium|hard|easy
test,0,3,228,32,0.5271597539976938,120.73603061700123,421.335731965999,0.43587660789489746,0.8083333333333333,0.84375,0.857487922705314,0.82281284606866,1.586582809224319e-05,1.09375,0.0,2.0,hard|medium|easy
test,0,3,229,32,0.5293271159971482,121.26594688900514,421.865648166,0.12281513214111328,0.9722222222222222,0.96875,0.9666666666666667,0.9684729064039409,1.585744234800839e-05,1.03125,0.0,2.0,hard|medium|easy
test,0,3,230,32,0.528870158996142,121.7952901030003,422.39499150000483,0.3003569543361664,0.9352226720647774,0.9375,0.9352226720647774,0.9352226720647774,1.5849056603773586e-05,0.96875,0.0,2.0,hard|medium|easy
test,0,3,231,32,0.5278392170002917,122.3235972140028,422.9232985480048,0.06934697180986404,0.96875,0.96875,0.9705882352941176,0.9687194525904204,1.5840670859538786e-05,1.125,0.0,2.0,hard|easy|medium
test,0,3,232,32,0.5294502709948574,122.85359925300145,423.45330059400294,0.15354570746421814,0.9565217391304348,0.9375,0.9090909090909092,0.9272727272727272,1.5832285115303986e-05,1.03125,0.0,2.0,easy|medium|hard
test,0,3,233,32,0.5289177000013296,123.3830093170036,423.98271065299923,0.19553932547569275,0.9089068825910931,0.90625,0.9007936507936507,0.9039039039039038,1.5823899371069186e-05,1.125,0.0,2.0,hard|easy|medium
test,0,3,234,32,0.5288282889960101,123.91228020600101,424.51198156399914,0.0563802532851696,0.9615384615384616,0.96875,0.975,0.9671794871794872,1.5815513626834383e-05,1.0625,0.0,2.0,easy|hard|medium
test,0,3,235,32,0.5287914310029009,124.44162679000146,425.04132818499784,0.28609728813171387,0.9285714285714286,0.90625,0.8928571428571428,0.9015384615384616,1.5807127882599583e-05,1.0,0.0,2.0,hard|easy|medium
test,0,3,236,32,0.529161505997763,124.97131150600035,425.57101284200326,0.15434549748897552,0.9411764705882353,0.9375,0.9411764705882353,0.9375,1.5798742138364783e-05,1.09375,0.0,2.0,hard|easy|medium
test,0,3,237,32,0.528483835994848,125.50034846200288,426.10004988100263,0.19041572511196136,0.8958333333333333,0.90625,0.8671497584541064,0.8798498122653317,1.579035639412998e-05,1.09375,0.0,2.0,hard|medium|easy
test,0,3,238,32,0.5285415589969489,126.02942655000516,426.62912789799884,0.04043566808104515,0.96875,0.96875,0.9705882352941176,0.9687194525904204,1.578197064989518e-05,1.21875,0.0,2.0,hard|medium|easy
test,0,3,239,32,0.5290761200012639,126.55907007000496,427.15877141400415,0.168760746717453,0.9372549019607843,0.9375,0.9372549019607843,0.9372549019607843,1.577358490566038e-05,1.34375,0.0,2.0,hard|medium|easy
test,0,3,240,32,0.5288110920009785,127.08847815199988,427.68817947900243,0.04340849444270134,1.0,1.0,1.0,1.0,1.5765199161425577e-05,1.0,0.0,2.0,easy|medium|hard
test,0,3,241,32,0.5272383080009604,127.61630436800624,428.21600570900046,0.08518919348716736,0.9705882352941176,0.96875,0.96875,0.9687194525904204,1.5756813417190778e-05,1.0625,0.0,2.0,medium|easy|hard
test,0,3,242,32,0.5295910929999081,128.146465403006,428.7461667300013,0.3055977523326874,0.925,0.90625,0.9,0.9039039039039038,1.5748427672955978e-05,0.90625,0.0,2.0,easy|hard|medium
test,0,3,243,32,0.5288229080033489,128.6758301670052,429.27553153700137,0.08192642778158188,0.9705882352941176,0.96875,0.96875,0.9687194525904204,1.5740041928721175e-05,1.0,0.0,2.0,easy|medium|hard
test,0,3,244,32,0.5280261549996794,129.20442189200548,429.8041234900011,0.14002390205860138,0.9736842105263157,0.96875,0.9642857142857143,0.967967967967968,1.5731656184486375e-05,1.21875,0.0,2.0,medium|hard|easy
test,0,3,245,32,0.5270230590031133,129.7319643630035,430.3316657250034,0.3351574242115021,0.8590909090909091,0.84375,0.819838056680162,0.8303287380699894,1.5723270440251575e-05,1.09375,0.0,2.0,easy|hard|medium
test,0,3,246,32,0.5294653070013737,130.26196039500064,430.8616619220047,0.022051047533750534,1.0,1.0,1.0,1.0,1.5714884696016772e-05,1.0,0.0,2.0,medium|hard|easy
test,0,3,247,32,0.5283640499983449,130.79086010200263,431.3905614539981,0.031440164893865585,1.0,1.0,1.0,1.0,1.5706498951781972e-05,0.875,0.0,2.0,medium|easy|hard
test,0,3,248,32,0.5282557130049099,131.31968444300583,431.91938600700087,0.2884025573730469,0.9089068825910931,0.90625,0.9007936507936507,0.9039039039039038,1.5698113207547172e-05,1.0,0.0,2.0,medium|easy|hard
test,0,3,249,32,0.5297234640020179,131.85000506600045,432.4497064140014,0.2348162829875946,0.9045454545454545,0.90625,0.8852813852813852,0.893687707641196,1.568972746331237e-05,1.0625,0.0,2.0,medium|hard|easy
test,0,3,250,32,0.528928502004419,132.37957744100277,432.97927892100415,0.20566043257713318,0.9365079365079365,0.9375,0.9365079365079365,0.9365079365079365,1.568134171907757e-05,0.96875,0.0,2.0,easy|medium|hard
test,0,3,251,32,0.5288119329998153,132.90893857400079,433.5086398870044,0.14437805116176605,0.9736842105263157,0.96875,0.9642857142857143,0.967967967967968,1.567295597484277e-05,1.25,0.0,2.0,hard|medium|easy
test,0,3,252,32,0.5288214660031372,133.4384149510006,434.03811634200247,0.07987147569656372,0.9583333333333333,0.96875,0.9761904761904762,0.9660657476139979,1.5664570230607966e-05,1.09375,0.0,2.0,hard|easy|medium
test,0,3,253,32,0.5297404189986992,133.96874035400106,434.56844178400206,0.16608551144599915,0.9352226720647774,0.9375,0.9352226720647774,0.9352226720647774,1.5656184486373166e-05,1.15625,0.0,2.0,easy|medium|hard
test,0,3,254,32,0.5284437109949067,134.49777703900327,435.09747838300245,0.061934761703014374,0.9736842105263157,0.96875,0.9642857142857143,0.967967967967968,1.5647798742138366e-05,0.90625,0.0,2.0,hard|medium|easy
test,0,3,255,32,0.5282280760002322,135.0265762830022,435.6262776290023,0.060738977044820786,1.0,1.0,1.0,1.0,1.5639412997903563e-05,1.03125,0.0,2.0,easy|medium|hard
test,0,3,256,32,0.5292259300040314,135.55626213200594,436.1559634660007,0.18976455926895142,0.9307359307359306,0.9375,0.9307359307359306,0.9307359307359306,1.5631027253668763e-05,0.9375,0.0,2.0,medium|easy|hard
test,0,3,257,32,0.5283994799974607,136.08521133199974,436.68491271600215,0.07648375630378723,0.9722222222222222,0.96875,0.9666666666666667,0.9684729064039409,1.5622641509433964e-05,0.71875,0.0,2.0,hard|medium|easy
test,0,3,258,32,0.5272923259981326,136.61311663500237,437.2128182430024,0.07063424587249756,0.96875,0.96875,0.9705882352941176,0.9687194525904204,1.5614255765199164e-05,0.9375,0.0,2.0,easy|hard|medium
test,0,3,259,32,0.5300783240018063,137.1437644760008,437.7434662099986,0.11935526132583618,0.9372549019607843,0.9375,0.9372549019607843,0.9372549019607843,1.560587002096436e-05,0.875,0.0,2.0,medium|hard|easy
test,0,3,260,32,0.5283040950016584,137.67267795500084,438.27237929499825,0.1013580709695816,0.9365079365079365,0.9375,0.9365079365079365,0.9365079365079365,1.559748427672956e-05,1.1875,0.0,2.0,easy|medium|hard
test,0,3,261,32,0.5288753150016419,138.2023193710047,438.80202070200176,0.05752654746174812,1.0,1.0,1.0,1.0,1.558909853249476e-05,1.0625,0.0,2.0,hard|medium|easy
test,0,3,262,32,0.5275572320024366,138.73037271300564,439.3300739949991,0.10223675519227982,0.96875,0.96875,0.9705882352941176,0.9687194525904204,1.558071278825996e-05,1.15625,0.0,2.0,easy|hard|medium
test,0,3,263,32,0.5290560639987234,139.259914828006,439.85961616499844,0.2124137133359909,0.9117647058823529,0.90625,0.9166666666666667,0.906158357771261,1.5572327044025158e-05,1.1875,0.0,2.0,easy|hard|medium
test,0,3,264,32,0.5283118470033514,139.7886906490021,440.38839199500217,0.15803387761116028,0.9333333333333333,0.9375,0.9333333333333333,0.9333333333333333,1.5563941299790358e-05,1.28125,0.0,2.0,hard|medium|easy
test,0,3,265,6,0.15924214299593586,139.94838620900555,440.54808755100385,0.022009901702404022,1.0,1.0,1.0,1.0,1.555555555555556e-05,0.5,0.0,2.0,easy|medium|hard
test,0,4,1,32,0.5315117680002004,0.6146248980003293,451.54469924300065,0.2421714961528778,0.9318181818181819,0.90625,0.8846153846153846,0.8981972428419936,1.554716981132076e-05,0.96875,0.0,2.0,hard|medium|easy
test,0,4,2,32,0.5288167129983776,1.1442350509969401,452.07430446400394,0.04993345960974693,0.9642857142857143,0.96875,0.9736842105263157,0.967967967967968,1.5538784067085955e-05,1.125,0.0,2.0,medium|hard|easy
test,0,4,3,32,0.5286748059952515,1.6734369080004399,452.60350597700017,0.08100128173828125,0.9545454545454546,0.96875,0.9772727272727273,0.964562569213732,1.5530398322851156e-05,1.25,0.0,2.0,medium|hard|easy
test,0,4,4,32,0.5295711150029092,2.2035845069985953,453.13365365600475,0.01659596711397171,1.0,1.0,1.0,1.0,1.5522012578616356e-05,1.15625,0.0,2.0,hard|medium|easy
test,0,4,5,32,0.5291172910001478,2.7332196549978107,453.663288775002,0.20004111528396606,0.90625,0.90625,0.9210526315789473,0.9054187192118226,1.5513626834381552e-05,1.0625,0.0,2.0,medium|easy|hard
test,0,4,6,32,0.5279996650060639,3.261739289999241,454.19180834299914,0.007732458412647247,1.0,1.0,1.0,1.0,1.5505241090146753e-05,1.03125,0.0,2.0,hard|medium|easy
test,0,4,7,32,0.5281810059968848,3.790579450003861,454.7206484950002,0.18675363063812256,0.9333333333333333,0.9375,0.9333333333333333,0.9333333333333333,1.5496855345911953e-05,0.96875,0.0,2.0,easy|hard|medium
test,0,4,8,32,0.5293121810027515,4.320407664999948,455.250476772002,0.013246184214949608,1.0,1.0,1.0,1.0,1.548846960167715e-05,0.9375,0.0,2.0,easy|medium|hard
test,0,4,9,32,0.5287892279957305,4.849761350000335,455.7798304540047,0.028152158483862877,1.0,1.0,1.0,1.0,1.548008385744235e-05,1.03125,0.0,2.0,hard|medium|easy
test,0,4,10,32,0.5272082049996243,5.377438825998979,456.30750792800245,0.028246408328413963,1.0,1.0,1.0,1.0,1.547169811320755e-05,0.8125,0.0,2.0,medium|easy|hard
test,0,4,11,32,0.5291374270018423,5.907096346003527,456.8371654340008,0.1716148555278778,0.9444444444444444,0.9375,0.9375,0.9372549019607843,1.5463312368972747e-05,1.03125,0.0,2.0,medium|easy|hard
test,0,4,12,32,0.5285810799978208,6.436221650001244,457.3662907990001,0.04903670400381088,0.96875,0.96875,0.9705882352941176,0.9687194525904204,1.5454926624737947e-05,0.96875,0.0,2.0,medium|easy|hard
test,0,4,13,32,0.5285516959993402,6.965328441001475,457.8953975539989,0.05396362766623497,0.96875,0.96875,0.9705882352941176,0.9687194525904204,1.5446540880503147e-05,1.09375,0.0,2.0,hard|medium|easy
test,0,4,14,32,0.5272691089994623,7.493089918003534,458.4231590240015,0.028733152896165848,1.0,1.0,1.0,1.0,1.5438155136268344e-05,1.09375,0.0,2.0,easy|hard|medium
test,0,4,15,32,0.529068648997054,8.022664467003779,458.9527335599996,0.09418339282274246,0.975,0.96875,0.9615384615384616,0.9671794871794872,1.5429769392033544e-05,0.78125,0.0,2.0,easy|hard|medium
test,0,4,16,32,0.5285584079974797,8.551816131002852,459.481885246998,0.007119474001228809,1.0,1.0,1.0,1.0,1.5421383647798744e-05,1.0,0.0,2.0,hard|medium|easy
test,0,4,17,32,0.5277633399964543,9.08017679600016,460.010245862999,0.09926939010620117,0.9705882352941176,0.96875,0.96875,0.9687194525904204,1.541299790356394e-05,0.96875,0.0,2.0,easy|medium|hard
test,0,4,18,32,0.5288329100003466,9.609564192003745,460.5396333079989,0.008583989925682545,1.0,1.0,1.0,1.0,1.540461215932914e-05,0.84375,0.0,2.0,easy|hard|medium
test,0,4,19,32,0.5288338570026099,10.138983434997499,461.06905253700097,0.19157502055168152,0.96875,0.96875,0.9705882352941176,0.9687194525904204,1.539622641509434e-05,1.0,0.0,2.0,hard|medium|easy
test,0,4,20,32,0.5281938580010319,10.667736360002891,461.597805464,0.0362214520573616,0.9642857142857143,0.96875,0.9736842105263157,0.967967967967968,1.538784067085954e-05,0.875,0.0,2.0,medium|hard|easy
test,0,4,21,32,0.5294119269965449,11.197749291000946,462.1278183960021,0.20249664783477783,0.9736842105263157,0.96875,0.9642857142857143,0.967967967967968,1.537945492662474e-05,0.84375,0.0,2.0,easy|hard|medium
test,0,4,22,32,0.5290557670014095,11.727399003997562,462.6574683660001,0.008567115291953087,1.0,1.0,1.0,1.0,1.537106918238994e-05,1.34375,0.0,2.0,hard|medium|easy
test,0,4,23,32,0.5287539259952609,12.256729856002494,463.18679896899994,0.021495264023542404,1.0,1.0,1.0,1.0,1.5362683438155136e-05,1.28125,0.0,2.0,medium|easy|hard
test,0,4,24,32,0.5277328609954566,12.785057344997767,463.715126451003,0.3378832936286926,0.962962962962963,0.9375,0.8571428571428572,0.8974358974358975,1.5354297693920336e-05,0.90625,0.0,2.0,hard|easy|medium
test,0,4,25,32,0.5287914250002359,13.314455824998731,464.2445249299999,0.09050331264734268,0.975,0.96875,0.9615384615384616,0.9671794871794872,1.5345911949685536e-05,1.15625,0.0,2.0,easy|medium|hard
test,0,4,26,32,0.5287435870050103,13.843752899003448,464.77382204400055,0.002462611999362707,1.0,1.0,1.0,1.0,1.5337526205450736e-05,1.0625,0.0,2.0,easy|medium|hard
test,0,4,27,32,0.5278643229976296,14.372146904999681,465.3022160210021,0.0028955424204468727,1.0,1.0,1.0,1.0,1.5329140461215933e-05,1.25,0.0,2.0,medium|hard|easy
test,0,4,28,32,0.5296480239994708,14.902343339999788,465.8324124580031,0.004868104588240385,1.0,1.0,1.0,1.0,1.5320754716981133e-05,0.78125,0.0,2.0,easy|medium|hard
test,0,4,29,32,0.528801068001485,15.43167417999939,466.3617432770043,0.0033284397795796394,1.0,1.0,1.0,1.0,1.5312368972746333e-05,0.875,0.0,2.0,hard|medium|easy
test,0,4,30,32,0.5281174519986962,15.960361211997224,466.89043044199934,0.12976786494255066,0.9705882352941176,0.96875,0.96875,0.9687194525904204,1.5303983228511533e-05,1.0,0.0,2.0,easy|hard|medium
test,0,4,31,32,0.5279487799998606,16.488883327998337,467.41895243900217,0.016776274889707565,1.0,1.0,1.0,1.0,1.529559748427673e-05,1.03125,0.0,2.0,medium|easy|hard
test,0,4,32,32,0.5291411680009332,17.018602568998176,467.948671680002,0.10789638757705688,0.9736842105263157,0.96875,0.9642857142857143,0.967967967967968,1.528721174004193e-05,0.96875,0.0,2.0,easy|medium|hard
test,0,4,33,32,0.5283971749959164,17.54750764599885,468.47757676400215,0.1798105239868164,0.8967611336032388,0.90625,0.9083333333333333,0.9015384615384616,1.527882599580713e-05,1.03125,0.0,2.0,hard|easy|medium
test,0,4,34,32,0.5276246470020851,18.075701114998083,469.0057702359991,0.21677342057228088,0.9583333333333333,0.96875,0.9761904761904762,0.9660657476139979,1.527044025157233e-05,0.65625,0.0,2.0,easy|medium|hard
test,0,4,35,32,0.5294794809960877,18.605820994001988,469.5358901100044,0.27502086758613586,0.95,0.9375,0.9285714285714286,0.9352226720647774,1.5262054507337528e-05,1.0,0.0,2.0,easy|hard|medium
test,0,4,36,32,0.5288609870040091,19.135343738998927,470.06541285400453,0.22514115273952484,0.96875,0.96875,0.9705882352941176,0.9687194525904204,1.5253668763102728e-05,1.03125,0.0,2.0,medium|hard|easy
test,0,4,37,32,0.5280922649981221,19.663998623000225,470.5940677250037,0.10244577378034592,0.9705882352941176,0.96875,0.96875,0.9687194525904204,1.5245283018867926e-05,1.0,0.0,2.0,easy|hard|medium
test,0,4,38,32,0.528638518997468,20.193207584998163,471.12327668700163,0.003479764796793461,1.0,1.0,1.0,1.0,1.5236897274633125e-05,0.875,0.0,2.0,easy|hard|medium
test,0,4,39,32,0.5288598030019784,20.722633723999024,471.6527028269993,0.009556850418448448,1.0,1.0,1.0,1.0,1.5228511530398325e-05,1.25,0.0,2.0,easy|medium|hard
test,0,4,40,32,0.5279548920007073,21.251148025003204,472.181217131998,0.014735152944922447,1.0,1.0,1.0,1.0,1.5220125786163525e-05,0.90625,0.0,2.0,medium|easy|hard
test,0,4,41,32,0.5281307049954194,21.779841139999917,472.70991025300464,0.0878375768661499,0.9666666666666667,0.96875,0.9722222222222222,0.9684729064039409,1.5211740041928722e-05,0.84375,0.0,2.0,easy|hard|medium
test,0,4,42,32,0.5288134249931318,22.30929629199818,473.2393654070038,0.25728458166122437,0.8833333333333333,0.875,0.8650793650793651,0.8704453441295547,1.5203354297693922e-05,1.0,0.0,2.0,easy|medium|hard
test,0,4,43,32,0.5293486179944011,22.839219809000497,473.76928898200276,0.1768290251493454,0.907843137254902,0.90625,0.90625,0.906158357771261,1.5194968553459122e-05,0.96875,0.0,2.0,easy|medium|hard
test,0,4,44,32,0.5277059119980549,23.367502266002703,474.29757139600406,0.00957556813955307,1.0,1.0,1.0,1.0,1.5186582809224319e-05,1.125,0.0,2.0,medium|hard|easy
test,0,4,45,32,0.5292560630041407,23.897393897997972,474.82746299800056,0.24646984040737152,0.9473684210526316,0.9375,0.9333333333333333,0.9365079365079365,1.517819706498952e-05,1.03125,0.0,2.0,easy|hard|medium
test,0,4,46,32,0.5293629680018057,24.42728101299872,475.35735042799934,0.042884111404418945,0.9782608695652174,0.96875,0.95,0.9625730994152046,1.516981132075472e-05,0.84375,0.0,2.0,easy|hard|medium
test,0,4,47,32,0.5283898750058142,24.956286688000546,475.8863557959994,0.00952678732573986,1.0,1.0,1.0,1.0,1.5161425576519916e-05,0.9375,0.0,2.0,easy|medium|hard
test,0,4,48,32,0.5280733179970412,25.484888600003615,476.41495774299983,0.005999930202960968,1.0,1.0,1.0,1.0,1.5153039832285116e-05,1.03125,0.0,2.0,medium|hard|easy
test,0,4,49,32,0.5289002759964205,26.014378831001522,476.94444794300216,0.005439084023237228,1.0,1.0,1.0,1.0,1.5144654088050317e-05,1.09375,0.0,2.0,hard|medium|easy
test,0,4,50,32,0.5290503299984266,26.543935704998148,477.4740048189997,0.13821779191493988,0.9705882352941176,0.96875,0.96875,0.9687194525904204,1.5136268343815515e-05,1.25,0.0,2.0,hard|medium|easy
test,0,4,51,32,0.5276556649987469,27.07221132900304,478.0022804140026,0.007133962586522102,1.0,1.0,1.0,1.0,1.5127882599580714e-05,0.90625,0.0,2.0,hard|medium|easy
test,0,4,52,32,0.529465949999576,27.60219862899976,478.53226774900395,0.09675472229719162,0.9473684210526316,0.9375,0.9333333333333333,0.9365079365079365,1.5119496855345914e-05,1.09375,0.0,2.0,hard|easy|medium
test,0,4,53,32,0.5286627679961384,28.13142228200013,479.06149137700413,0.14815856516361237,0.9722222222222222,0.96875,0.9666666666666667,0.9684729064039409,1.5111111111111112e-05,1.1875,0.0,2.0,hard|medium|easy
test,0,4,54,32,0.5281172009999864,28.660100793997117,479.59016995099955,0.22435636818408966,0.9545454545454546,0.9375,0.9166666666666667,0.9307359307359306,1.5102725366876312e-05,1.09375,0.0,2.0,easy|hard|medium
test,0,4,55,32,0.5285478119985783,29.189261241001077,480.119330350004,0.005203893408179283,1.0,1.0,1.0,1.0,1.5094339622641511e-05,1.0,0.0,2.0,medium|easy|hard
test,0,4,56,32,0.529466523003066,29.71928404999926,480.6493532090026,0.18054550886154175,0.9705882352941176,0.96875,0.96875,0.9687194525904204,1.508595387840671e-05,0.96875,0.0,2.0,easy|medium|hard
test,0,4,57,32,0.5283908410056029,30.248133449997113,481.1782025520006,0.1700901985168457,0.9615384615384616,0.96875,0.975,0.9671794871794872,1.507756813417191e-05,1.25,0.0,2.0,hard|medium|easy
test,0,4,58,32,0.52820168499602,30.776858383003855,481.7069274980022,0.07894428074359894,0.9722222222222222,0.96875,0.9666666666666667,0.9684729064039409,1.506918238993711e-05,1.09375,0.0,2.0,medium|hard|easy
test,0,4,59,32,0.5287705749942688,31.306177626000135,482.2362467330022,0.006775653921067715,1.0,1.0,1.0,1.0,1.5060796645702307e-05,0.9375,0.0,2.0,medium|easy|hard
test,0,4,60,32,0.5292166639992502,31.835911946000124,482.7659810530022,0.009319588541984558,1.0,1.0,1.0,1.0,1.5052410901467507e-05,0.84375,0.0,2.0,medium|hard|easy
test,0,4,61,32,0.5278587749999133,32.36435629599873,483.29442540700256,0.007890945300459862,1.0,1.0,1.0,1.0,1.5044025157232707e-05,0.96875,0.0,2.0,easy|medium|hard
test,0,4,62,32,0.5293795030011097,32.894293669000035,483.824362860003,0.009679117240011692,1.0,1.0,1.0,1.0,1.5035639412997904e-05,1.21875,0.0,2.0,easy|hard|medium
test,0,4,63,32,0.5295125640041078,33.42435248000402,484.3544215990041,0.0023429864086210728,1.0,1.0,1.0,1.0,1.5027253668763104e-05,1.0,0.0,2.0,medium|easy|hard
test,0,4,64,32,0.528707391997159,33.95352181299677,484.88359086200217,0.17601872980594635,0.975,0.96875,0.9615384615384616,0.9671794871794872,1.5018867924528304e-05,1.09375,0.0,2.0,easy|medium|hard
test,0,4,65,32,0.5278629210006329,34.481920803998946,485.411989895998,0.1147153228521347,0.9761904761904762,0.96875,0.9583333333333333,0.9660657476139979,1.5010482180293503e-05,0.875,0.0,2.0,easy|medium|hard
test,0,4,66,32,0.5292858430038905,35.01176477599802,485.9418342120043,0.2061351239681244,0.9722222222222222,0.96875,0.9666666666666667,0.9684729064039409,1.5002096436058701e-05,0.8125,0.0,2.0,hard|medium|easy
test,0,4,67,32,0.5288713850022759,35.54113121500268,486.4712004030007,0.0027785408310592175,1.0,1.0,1.0,1.0,1.49937106918239e-05,0.9375,0.0,2.0,medium|hard|easy
test,0,4,68,32,0.5283292179956334,36.07003946400073,487.00010860600014,0.003493495751172304,1.0,1.0,1.0,1.0,1.49853249475891e-05,1.28125,0.0,2.0,medium|hard|easy
test,0,4,69,32,0.5295617150040925,36.60013361000165,487.53020277200267,0.00405525416135788,1.0,1.0,1.0,1.0,1.49769392033543e-05,0.875,0.0,2.0,medium|easy|hard
test,0,4,70,32,0.5285346290038433,37.12912917500216,488.05919822800206,0.0030922316946089268,1.0,1.0,1.0,1.0,1.4968553459119497e-05,1.125,0.0,2.0,easy|hard|medium
test,0,4,71,32,0.5282472179969773,37.65781860399875,488.58788771900436,0.023016897961497307,1.0,1.0,1.0,1.0,1.4960167714884697e-05,0.9375,0.0,2.0,hard|easy|medium
test,0,4,72,32,0.5291904490004526,38.187619092001114,489.11768815699907,0.12261047959327698,0.9722222222222222,0.96875,0.9666666666666667,0.9684729064039409,1.4951781970649897e-05,0.8125,0.0,2.0,medium|easy|hard
test,0,4,73,32,0.5291036220005481,38.71729598299862,489.6473650340049,0.0052555156871676445,1.0,1.0,1.0,1.0,1.4943396226415094e-05,1.21875,0.0,2.0,hard|easy|medium
test,0,4,74,32,0.5282641109952237,39.24613167800271,490.1762007869984,0.008821743540465832,1.0,1.0,1.0,1.0,1.4935010482180294e-05,0.96875,0.0,2.0,medium|easy|hard
test,0,4,75,32,0.5279876360000344,39.77470764199825,490.7047767030017,0.13355988264083862,0.98,0.96875,0.9375,0.9564625850340136,1.4926624737945494e-05,1.125,0.0,2.0,medium|easy|hard
test,0,4,76,32,0.5288474979970488,40.30410897100228,491.2341780170027,0.3062845468521118,0.9411764705882353,0.9375,0.9411764705882353,0.9375,1.4918238993710691e-05,1.0,0.0,2.0,easy|hard|medium
test,0,4,77,32,0.52882207800576,40.83342807200097,491.7634971680018,0.007311584893614054,1.0,1.0,1.0,1.0,1.4909853249475891e-05,1.0,0.0,2.0,easy|medium|hard
test,0,4,78,32,0.5280843510045088,41.36208356700081,492.2921526220016,0.26478829979896545,0.9444444444444444,0.9375,0.9375,0.9372549019607843,1.4901467505241092e-05,0.75,0.0,2.0,easy|hard|medium
test,0,4,79,32,0.5293157970008906,41.89192130500305,492.8219904170037,0.06798947602510452,0.96875,0.96875,0.9705882352941176,0.9687194525904204,1.489308176100629e-05,1.15625,0.0,2.0,hard|easy|medium
test,0,4,80,32,0.5292715610048617,42.42178397499811,493.35185303899925,0.22170908749103546,0.9375,0.9375,0.9375,0.9375,1.4884696016771489e-05,1.09375,0.0,2.0,easy|medium|hard
test,0,4,81,32,0.5282787389951409,42.95063399100036,493.8807030509997,0.0017800703644752502,1.0,1.0,1.0,1.0,1.4876310272536689e-05,1.0625,0.0,2.0,medium|easy|hard
test,0,4,82,32,0.5273095009979443,43.47847641599947,494.40854558900173,0.11148563772439957,0.9722222222222222,0.96875,0.9666666666666667,0.9684729064039409,1.4867924528301887e-05,0.90625,0.0,2.0,medium|easy|hard
test,0,4,83,32,0.5289378859961289,44.00802956300322,494.93809860900365,0.0021972651593387127,1.0,1.0,1.0,1.0,1.4859538784067087e-05,1.25,0.0,2.0,hard|medium|easy
test,0,4,84,32,0.5290460140022333,44.53765103800106,495.46772020200297,0.07344912737607956,0.9722222222222222,0.96875,0.9666666666666667,0.9684729064039409,1.4851153039832286e-05,0.90625,0.0,2.0,hard|easy|medium
test,0,4,85,32,0.5278881900012493,45.06616682100139,495.9962359850033,0.004440160468220711,1.0,1.0,1.0,1.0,1.4842767295597484e-05,0.75,0.0,2.0,medium|easy|hard
test,0,4,86,32,0.5291713509941474,45.59589886700269,496.52596792900295,0.0786815956234932,0.9705882352941176,0.96875,0.96875,0.9687194525904204,1.4834381551362685e-05,0.78125,0.0,2.0,medium|easy|hard
test,0,4,87,32,0.5281696940000984,46.1245933120008,497.05466235300264,0.019098199903964996,1.0,1.0,1.0,1.0,1.4825995807127885e-05,1.5,0.0,2.0,medium|hard|easy
test,0,4,88,32,0.5281652759949793,46.65328916299768,497.5833582129999,0.0028811516240239143,1.0,1.0,1.0,1.0,1.4817610062893082e-05,0.96875,0.0,2.0,easy|hard|medium
test,0,4,89,32,0.5274360010007513,47.18134492500394,498.1114139850033,0.34932267665863037,0.9083333333333333,0.90625,0.8967611336032388,0.9015384615384616,1.4809224318658282e-05,1.03125,0.0,2.0,medium|hard|easy
test,0,4,90,32,0.5286715460024425,47.71058886600076,498.64065796600335,0.0037602533120661974,1.0,1.0,1.0,1.0,1.4800838574423482e-05,0.65625,0.0,2.0,medium|hard|easy
test,0,4,91,32,0.5283531949971803,48.239537234003365,499.1696063290001,0.27521032094955444,0.9444444444444444,0.9375,0.9375,0.9372549019607843,1.4792452830188679e-05,1.03125,0.0,2.0,medium|easy|hard
test,0,4,92,32,0.5282867109999643,48.768329316000745,499.69839843299997,0.00797495897859335,1.0,1.0,1.0,1.0,1.4784067085953879e-05,0.9375,0.0,2.0,easy|hard|medium
test,0,4,93,32,0.5293674599961378,49.29830756699812,500.22837665000407,0.15031269192695618,0.9722222222222222,0.96875,0.9666666666666667,0.9684729064039409,1.4775681341719079e-05,1.09375,0.0,2.0,medium|hard|easy
test,0,4,94,32,0.5287146720002056,49.82748267900024,500.7575517830046,0.0024505904875695705,1.0,1.0,1.0,1.0,1.4767295597484278e-05,0.875,0.0,2.0,hard|medium|easy
test,0,4,95,32,0.528046097002516,50.35606020600244,501.28612925200287,0.4691072702407837,0.9089068825910931,0.90625,0.9007936507936507,0.9039039039039038,1.4758909853249476e-05,1.0625,0.0,2.0,hard|medium|easy
test,0,4,96,32,0.5290547869954025,50.88567357300053,501.81574268900295,0.0021172468550503254,1.0,1.0,1.0,1.0,1.4750524109014676e-05,0.875,0.0,2.0,hard|easy|medium
test,0,4,97,32,0.5294790859989007,51.41576090500166,502.3458300140046,0.001649291254580021,1.0,1.0,1.0,1.0,1.4742138364779875e-05,1.0,0.0,2.0,easy|hard|medium
test,0,4,98,32,0.5283836380040157,51.944649894001486,502.87471899600496,0.2286214530467987,0.9352226720647774,0.9375,0.9352226720647774,0.9352226720647774,1.4733752620545075e-05,1.0,0.0,2.0,easy|medium|hard
test,0,4,99,32,0.5278164409974124,52.47294713299925,503.40301618200465,0.1513165384531021,0.9772727272727273,0.96875,0.9545454545454546,0.964562569213732,1.4725366876310273e-05,1.125,0.0,2.0,hard|easy|medium
test,0,4,100,32,0.5288600319981924,53.00242074300331,503.93248986000253,0.3778277039527893,0.9333333333333333,0.9375,0.9473684210526316,0.9365079365079365,1.4716981132075472e-05,0.9375,0.0,2.0,easy|medium|hard
test,0,4,101,32,0.5288483490003273,53.531720113998745,504.46178916699864,0.0024974863044917583,1.0,1.0,1.0,1.0,1.4708595387840672e-05,1.09375,0.0,2.0,hard|easy|medium
test,0,4,102,32,0.5273365219982225,54.059603647001495,504.98967268300476,0.0019523052033036947,1.0,1.0,1.0,1.0,1.4700209643605872e-05,1.0,0.0,2.0,medium|easy|hard
test,0,4,103,32,0.5297661229997175,54.58991302600043,505.51998216399807,0.1493014097213745,0.9736842105263157,0.96875,0.9642857142857143,0.967967967967968,1.4691823899371069e-05,1.125,0.0,2.0,hard|medium|easy
test,0,4,104,32,0.5280868639965774,55.11844255199685,506.04851160399994,0.12406383454799652,0.9642857142857143,0.96875,0.9736842105263157,0.967967967967968,1.468343815513627e-05,0.96875,0.0,2.0,hard|easy|medium
test,0,4,105,32,0.5283916229964234,55.64728764299798,506.5773566889984,0.013051684014499187,1.0,1.0,1.0,1.0,1.467505241090147e-05,1.03125,0.0,2.0,medium|hard|easy
test,0,4,106,32,0.527452946997073,56.17526770300174,507.1053368770008,0.002497497946023941,1.0,1.0,1.0,1.0,1.4666666666666666e-05,1.3125,0.0,2.0,hard|medium|easy
test,0,4,107,32,0.5287440940010129,56.70459637000022,507.63466546699783,0.016340918838977814,1.0,1.0,1.0,1.0,1.4658280922431866e-05,1.25,0.0,2.0,medium|easy|hard
test,0,4,108,32,0.5287448019953445,57.23392839499866,508.16399749599805,0.18379250168800354,0.96875,0.96875,0.9705882352941176,0.9687194525904204,1.4649895178197067e-05,0.96875,0.0,2.0,hard|medium|easy
test,0,4,109,32,0.5275192679982865,57.76201328600291,508.6920823879991,0.0014052728656679392,1.0,1.0,1.0,1.0,1.4641509433962265e-05,1.09375,0.0,2.0,hard|easy|medium
test,0,4,110,32,0.529214406000392,58.29180039699713,509.22186950900505,0.0012051984667778015,1.0,1.0,1.0,1.0,1.4633123689727464e-05,0.90625,0.0,2.0,medium|easy|hard
test,0,4,111,32,0.5281409849994816,58.82050469000387,509.75057374600146,0.17002341151237488,0.9772727272727273,0.96875,0.9545454545454546,0.964562569213732,1.4624737945492664e-05,1.15625,0.0,2.0,easy|hard|medium
test,0,4,112,32,0.5280133269989165,59.349091903000954,510.27916099999857,0.04758606106042862,0.96875,0.96875,0.9705882352941176,0.9687194525904204,1.4616352201257862e-05,0.96875,0.0,2.0,easy|medium|hard
test,0,4,113,32,0.5271003380039474,59.876721884997096,510.80679093800427,0.001512648188509047,1.0,1.0,1.0,1.0,1.4607966457023063e-05,0.875,0.0,2.0,medium|easy|hard
test,0,4,114,32,0.528521941996587,60.40570887699869,511.3357779299986,0.1293213963508606,0.9583333333333333,0.96875,0.9761904761904762,0.9660657476139979,1.4599580712788261e-05,1.03125,0.0,2.0,easy|hard|medium
test,0,4,115,32,0.5285820520002744,60.93489689200214,511.86496633299976,0.0015967758372426033,1.0,1.0,1.0,1.0,1.459119496855346e-05,1.375,0.0,2.0,hard|easy|medium
test,0,4,116,32,0.528189182994538,61.46365639199939,512.3937254990014,0.20157663524150848,0.9615384615384616,0.96875,0.975,0.9671794871794872,1.458280922431866e-05,1.0,0.0,2.0,hard|easy|medium
test,0,4,117,32,0.5292807350051589,61.993450729998585,512.9235198370006,0.24091407656669617,0.9375,0.9375,0.9444444444444444,0.9372549019607843,1.457442348008386e-05,1.0625,0.0,2.0,medium|easy|hard
test,0,4,118,32,0.5285196640033973,62.52255665999837,513.4526258760015,0.0013823203044012189,1.0,1.0,1.0,1.0,1.4566037735849057e-05,1.125,0.0,2.0,medium|easy|hard
test,0,4,119,32,0.5281877460001851,63.05127230299695,513.9813414160017,0.001292217057198286,1.0,1.0,1.0,1.0,1.4557651991614257e-05,0.9375,0.0,2.0,medium|hard|easy
test,0,4,120,32,0.5288096709991805,63.58060670099803,514.5106758170004,0.0025990288704633713,1.0,1.0,1.0,1.0,1.4549266247379457e-05,0.96875,0.0,2.0,medium|hard|easy
test,0,4,121,32,0.5287344390017097,64.10989969199727,515.0399688280013,0.0009681074297986925,1.0,1.0,1.0,1.0,1.4540880503144654e-05,0.78125,0.0,2.0,medium|easy|hard
test,0,4,122,32,0.5282874449985684,64.63871516400104,515.5687842760017,0.0044543202966451645,1.0,1.0,1.0,1.0,1.4532494758909854e-05,0.9375,0.0,2.0,hard|medium|easy
test,0,4,123,32,0.5277257029956672,65.16703705200052,516.0971061480013,0.048354849219322205,0.9736842105263157,0.96875,0.9642857142857143,0.967967967967968,1.4524109014675054e-05,1.09375,0.0,2.0,hard|medium|easy
test,0,4,124,32,0.5287818020005943,65.69635476399708,516.626423873,0.4503520727157593,0.8916666666666666,0.90625,0.9069264069264069,0.8981972428419936,1.4515723270440251e-05,0.90625,0.0,2.0,easy|hard|medium
test,0,4,125,32,0.528616196999792,66.22543753000355,517.1555066319997,0.19621673226356506,0.9772727272727273,0.96875,0.9545454545454546,0.964562569213732,1.4507337526205451e-05,1.125,0.0,2.0,hard|easy|medium
test,0,4,126,32,0.5277808370010462,66.75375235899992,517.6838214430027,0.21242371201515198,0.9166666666666667,0.9375,0.9545454545454546,0.9307359307359306,1.4498951781970651e-05,0.65625,0.0,2.0,easy|hard|medium
test,0,4,127,32,0.5287357640045229,67.28310048500134,518.2131695990029,0.11474715918302536,0.9583333333333333,0.96875,0.9761904761904762,0.9660657476139979,1.449056603773585e-05,0.8125,0.0,2.0,easy|medium|hard
test,0,4,128,32,0.5289951599988854,67.8126668699988,518.742735976004,0.22091838717460632,0.9365079365079365,0.9375,0.9365079365079365,0.9365079365079365,1.4482180293501048e-05,0.71875,0.0,2.0,medium|easy|hard
test,0,4,129,32,0.5283779649980715,68.3415679940008,519.2716370950002,0.009545753709971905,1.0,1.0,1.0,1.0,1.4473794549266249e-05,1.0625,0.0,2.0,medium|easy|hard
test,0,4,130,32,0.5284542379959021,68.87058304800303,519.8006521069983,0.0017424869583919644,1.0,1.0,1.0,1.0,1.4465408805031447e-05,1.0,0.0,2.0,easy|hard|medium
test,0,4,131,32,0.5288273670012131,69.39998800899775,520.3300571040018,0.009460742585361004,1.0,1.0,1.0,1.0,1.4457023060796647e-05,1.0,0.0,2.0,medium|easy|hard
test,0,4,132,32,0.5287489699985599,69.92922997900314,520.8592990129982,0.16827329993247986,0.9761904761904762,0.96875,0.9583333333333333,0.9660657476139979,1.4448637316561846e-05,1.375,0.0,2.0,easy|hard|medium
test,0,4,133,32,0.5272342120006215,70.45707162199687,521.3871407769984,0.19317878782749176,0.96875,0.96875,0.9705882352941176,0.9687194525904204,1.4440251572327044e-05,1.09375,0.0,2.0,easy|medium|hard
test,0,4,134,32,0.5294732909969753,70.9870499710014,521.9171190179986,0.0034255122300237417,1.0,1.0,1.0,1.0,1.4431865828092244e-05,1.125,0.0,2.0,easy|medium|hard
test,0,4,135,32,0.5283674439997412,71.51594264100277,522.4460116920018,0.0014049806632101536,1.0,1.0,1.0,1.0,1.4423480083857445e-05,0.875,0.0,2.0,medium|easy|hard
test,0,4,136,32,0.5285535849980079,72.04500265300157,522.9750717120041,0.18135389685630798,0.9372549019607843,0.9375,0.9372549019607843,0.9372549019607843,1.4415094339622641e-05,0.78125,0.0,2.0,hard|easy|medium
test,0,4,137,32,0.5270947299941326,72.5727323300016,523.5028014370037,0.23409342765808105,0.9365079365079365,0.9375,0.9365079365079365,0.9365079365079365,1.4406708595387842e-05,1.15625,0.0,2.0,medium|hard|easy
test,0,4,138,32,0.5288334459983162,73.10209806600324,524.0321671650017,0.07009261846542358,0.9615384615384616,0.96875,0.975,0.9671794871794872,1.4398322851153042e-05,1.03125,0.0,2.0,easy|hard|medium
test,0,4,139,32,0.5280377069939277,73.63070664300176,524.5607756770041,0.001346337841823697,1.0,1.0,1.0,1.0,1.4389937106918239e-05,1.0625,0.0,2.0,medium|hard|easy
test,0,4,140,32,0.5274760199972661,74.15869139700226,525.0887604300005,0.0008993674418888986,1.0,1.0,1.0,1.0,1.4381551362683439e-05,1.0625,0.0,2.0,medium|hard|easy
test,0,4,141,32,0.5291750449978281,74.68848213899764,525.6185511849981,0.0062083713710308075,1.0,1.0,1.0,1.0,1.4373165618448639e-05,1.15625,0.0,2.0,hard|easy|medium
test,0,4,142,32,0.5287579910000204,75.21781036799803,526.1478794170034,0.001893546199426055,1.0,1.0,1.0,1.0,1.4364779874213837e-05,0.96875,0.0,2.0,hard|easy|medium
test,0,4,143,32,0.5282971619963064,75.74665614400146,526.6767251860001,0.0022149854339659214,1.0,1.0,1.0,1.0,1.4356394129979036e-05,0.8125,0.0,2.0,medium|hard|easy
test,0,4,144,32,0.5289942720046383,76.27615999800037,527.2062290520043,0.0010256848763674498,1.0,1.0,1.0,1.0,1.4348008385744236e-05,1.0,0.0,2.0,medium|hard|easy
test,0,4,145,32,0.5285658459979459,76.80522713000391,527.7352962479999,0.1767067015171051,0.9372549019607843,0.9375,0.9372549019607843,0.9372549019607843,1.4339622641509435e-05,1.09375,0.0,2.0,medium|easy|hard
test,0,4,146,32,0.527767177001806,77.33357458400133,528.2636436590037,0.001929373131133616,1.0,1.0,1.0,1.0,1.4331236897274635e-05,1.0625,0.0,2.0,hard|medium|easy
test,0,4,147,32,0.5278803760011215,77.862028896001,528.7920980100025,0.07042470574378967,0.9642857142857143,0.96875,0.9736842105263157,0.967967967967968,1.4322851153039833e-05,1.09375,0.0,2.0,easy|hard|medium
test,0,4,148,32,0.5286311140007456,78.39122786199732,529.3212969200031,0.16950321197509766,0.975,0.96875,0.9615384615384616,0.9671794871794872,1.4314465408805032e-05,1.15625,0.0,2.0,hard|medium|easy
test,0,4,149,32,0.528562763996888,78.92036411900335,529.8504332070006,0.11488193273544312,0.9411764705882353,0.9375,0.9411764705882353,0.9375,1.4306079664570232e-05,0.84375,0.0,2.0,easy|hard|medium
test,0,4,150,32,0.5275841230031801,79.44848732800165,530.3785563700003,0.1620359718799591,0.9166666666666667,0.9375,0.9166666666666667,0.9166666666666667,1.4297693920335432e-05,1.0,0.0,2.0,medium|hard|easy
test,0,4,151,32,0.5286363390041515,79.97766589299863,530.9077349400031,0.25224971771240234,0.9365079365079365,0.9375,0.9365079365079365,0.9365079365079365,1.4289308176100629e-05,1.0625,0.0,2.0,hard|medium|easy
test,0,4,152,32,0.5287999310021405,80.50702724500297,531.437096282003,0.0018218206241726875,1.0,1.0,1.0,1.0,1.4280922431865829e-05,1.15625,0.0,2.0,medium|hard|easy
test,0,4,153,32,0.5278251149939024,81.03530365400366,531.9653730120044,0.1449219435453415,0.9705882352941176,0.96875,0.96875,0.9687194525904204,1.427253668763103e-05,0.9375,0.0,2.0,hard|medium|easy
test,0,4,154,32,0.5277475929979119,81.5635906949974,532.4936597929991,0.004146468359977007,1.0,1.0,1.0,1.0,1.4264150943396226e-05,0.84375,0.0,2.0,medium|easy|hard
test,0,4,155,32,0.5284743779993732,82.09257517600054,533.0226443249994,0.0023123363498598337,1.0,1.0,1.0,1.0,1.4255765199161426e-05,0.71875,0.0,2.0,hard|easy|medium
test,0,4,156,32,0.5283628409961239,82.62151976099994,533.5515888060036,0.13702188432216644,0.9642857142857143,0.96875,0.9736842105263157,0.967967967967968,1.4247379454926626e-05,0.96875,0.0,2.0,easy|hard|medium
test,0,4,157,32,0.5276210889933282,83.14969546099746,534.0797645650018,0.0013796131825074553,1.0,1.0,1.0,1.0,1.4238993710691823e-05,0.65625,0.0,2.0,easy|medium|hard
test,0,4,158,32,0.5290550580029958,83.679324662,534.6093937629994,0.020244531333446503,1.0,1.0,1.0,1.0,1.4230607966457023e-05,1.0625,0.0,2.0,hard|medium|easy
test,0,4,159,32,0.5287631379978848,84.2085908040026,535.1386599039979,0.1298055797815323,0.9722222222222222,0.96875,0.9666666666666667,0.9684729064039409,1.4222222222222224e-05,0.875,0.0,2.0,medium|easy|hard
test,0,4,160,32,0.5277948900038609,84.73691603900079,535.6669851070037,0.004810483660548925,1.0,1.0,1.0,1.0,1.4213836477987422e-05,0.84375,0.0,2.0,easy|hard|medium
test,0,4,161,32,0.5273210459999973,85.26481851300196,536.1948875610033,0.17909732460975647,0.9318181818181819,0.90625,0.8846153846153846,0.8981972428419936,1.4205450733752622e-05,1.28125,0.0,2.0,medium|easy|hard
test,0,4,162,32,0.5288072370021837,85.79420558700076,536.7242746379998,0.0657292827963829,0.9666666666666667,0.96875,0.9722222222222222,0.9684729064039409,1.419706498951782e-05,1.0625,0.0,2.0,easy|medium|hard
test,0,4,163,32,0.5288536500011105,86.32366728100169,537.2537366350007,0.060845740139484406,0.9761904761904762,0.96875,0.9583333333333333,0.9660657476139979,1.418867924528302e-05,0.875,0.0,2.0,medium|easy|hard
test,0,4,164,32,0.5271128169988515,86.8513454290005,537.7814144980002,0.3941326439380646,0.8705882352941177,0.875,0.8825910931174089,0.873015873015873,1.418029350104822e-05,0.71875,0.0,2.0,medium|easy|hard
test,0,4,165,32,0.529745076004474,87.38160491300368,538.311673961005,0.008764556609094143,1.0,1.0,1.0,1.0,1.417190775681342e-05,0.84375,0.0,2.0,easy|medium|hard
test,0,4,166,32,0.5281554909961415,87.9102656219984,538.840334722001,0.19538135826587677,0.9722222222222222,0.96875,0.9666666666666667,0.9684729064039409,1.4163522012578616e-05,1.0625,0.0,2.0,medium|easy|hard
test,0,4,167,32,0.5282035749987699,88.4389841509983,539.3690532620021,0.26177504658699036,0.9411764705882353,0.9375,0.9411764705882353,0.9375,1.4155136268343817e-05,0.71875,0.0,2.0,easy|medium|hard
test,0,4,168,32,0.5270771979994606,88.96659594700031,539.8966650689981,0.06821467727422714,0.9705882352941176,0.96875,0.96875,0.9687194525904204,1.4146750524109017e-05,0.96875,0.0,2.0,easy|hard|medium
test,0,4,169,32,0.5284123589954106,89.49558418899687,540.4256532260042,0.12512488663196564,0.9705882352941176,0.96875,0.96875,0.9687194525904204,1.4138364779874214e-05,1.125,0.0,2.0,easy|hard|medium
test,0,4,170,32,0.5285696050050319,90.02462182899762,540.9546908710035,0.40414100885391235,0.907843137254902,0.90625,0.90625,0.906158357771261,1.4129979035639414e-05,0.90625,0.0,2.0,easy|hard|medium
test,0,4,171,32,0.5277792210035841,90.55296803000238,541.4830371139979,0.08728908002376556,0.9736842105263157,0.96875,0.9642857142857143,0.967967967967968,1.4121593291404614e-05,0.84375,0.0,2.0,hard|easy|medium
test,0,4,172,32,0.5291381589995581,91.08264903099916,542.012718072001,0.03820212557911873,0.96875,0.96875,0.9705882352941176,0.9687194525904204,1.411320754716981e-05,0.875,0.0,2.0,medium|hard|easy
test,0,4,173,32,0.5286164680001093,91.6118317540022,542.5419008690005,0.00653243251144886,1.0,1.0,1.0,1.0,1.4104821802935011e-05,1.03125,0.0,2.0,hard|easy|medium
test,0,4,174,32,0.5280756729989662,92.14041832100338,543.0704873600043,0.18962012231349945,0.9583333333333333,0.96875,0.9761904761904762,0.9660657476139979,1.4096436058700211e-05,1.0625,0.0,2.0,medium|hard|easy
test,0,4,175,32,0.5285663620015839,92.66945935499825,543.5995284460005,0.103993259370327,0.9545454545454546,0.96875,0.9772727272727273,0.964562569213732,1.408805031446541e-05,0.75,0.0,2.0,hard|easy|medium
test,0,4,176,32,0.5287797179989866,93.19870653899852,544.1287756739985,0.2608388662338257,0.9372549019607843,0.9375,0.9372549019607843,0.9372549019607843,1.4079664570230608e-05,1.0,0.0,2.0,easy|medium|hard
test,0,4,177,32,0.527509988998645,93.72674607900262,544.6568151860047,0.0030840393155813217,1.0,1.0,1.0,1.0,1.4071278825995808e-05,1.0625,0.0,2.0,medium|easy|hard
test,0,4,178,32,0.5275723069935339,94.25490079599695,545.1849699110026,0.17808391153812408,0.9642857142857143,0.96875,0.9736842105263157,0.967967967967968,1.4062893081761007e-05,1.25,0.0,2.0,hard|medium|easy
test,0,4,179,32,0.5291804740045336,94.78461696500017,545.714686102001,0.022243540734052658,1.0,1.0,1.0,1.0,1.4054507337526207e-05,1.0,0.0,2.0,medium|easy|hard
test,0,4,180,32,0.5286392630005139,95.31377095299831,546.2438400559986,0.280229389667511,0.9285714285714286,0.9375,0.95,0.9352226720647774,1.4046121593291406e-05,0.84375,0.0,2.0,easy|medium|hard
test,0,4,181,32,0.527773898000305,95.84210570700088,546.7721748080003,0.03334639593958855,0.9722222222222222,0.96875,0.9666666666666667,0.9684729064039409,1.4037735849056604e-05,0.84375,0.0,2.0,easy|hard|medium
test,0,4,182,32,0.528601295001863,96.37120904200128,547.3012782080041,0.09253570437431335,0.9615384615384616,0.96875,0.975,0.9671794871794872,1.4029350104821804e-05,0.9375,0.0,2.0,hard|easy|medium
test,0,4,183,32,0.5288953880008194,96.90071025799989,547.8307793740023,0.0039029086474329233,1.0,1.0,1.0,1.0,1.4020964360587004e-05,0.6875,0.0,2.0,hard|medium|easy
test,0,4,184,32,0.5282954600043013,97.42950650399871,548.3595756060022,0.13475172221660614,0.9666666666666667,0.96875,0.9722222222222222,0.9684729064039409,1.4012578616352201e-05,0.90625,0.0,2.0,medium|easy|hard
test,0,4,185,32,0.5277674789977027,97.95785956399777,548.8879286390002,0.1958097666501999,0.9722222222222222,0.96875,0.9666666666666667,0.9684729064039409,1.4004192872117401e-05,0.875,0.0,2.0,medium|easy|hard
test,0,4,186,32,0.528661041003943,98.48707815499802,549.417147496999,0.001537828240543604,1.0,1.0,1.0,1.0,1.3995807127882602e-05,0.90625,0.0,2.0,easy|hard|medium
test,0,4,187,32,0.5284674639988225,99.01609770699724,549.9461667880023,0.006222575902938843,1.0,1.0,1.0,1.0,1.3987421383647798e-05,1.125,0.0,2.0,easy|hard|medium
test,0,4,188,32,0.5275797840004088,99.54421299700334,550.4742820460015,0.08198817819356918,0.9705882352941176,0.96875,0.96875,0.9687194525904204,1.3979035639412999e-05,0.9375,0.0,2.0,medium|hard|easy
test,0,4,189,32,0.52890851200209,100.07361354299792,551.0036826479991,0.022921521216630936,1.0,1.0,1.0,1.0,1.3970649895178199e-05,0.875,0.0,2.0,easy|hard|medium
test,0,4,190,32,0.5286481009970885,100.6028212079982,551.5328902469992,0.008267746306955814,1.0,1.0,1.0,1.0,1.3962264150943397e-05,1.09375,0.0,2.0,hard|easy|medium
test,0,4,191,32,0.5282573949953075,101.1316597890036,552.0617288479989,0.002620275132358074,1.0,1.0,1.0,1.0,1.3953878406708596e-05,1.125,0.0,2.0,easy|hard|medium
test,0,4,192,32,0.5278227899980266,101.66010509300395,552.5901741499983,0.033831845968961716,0.9705882352941176,0.96875,0.96875,0.9687194525904204,1.3945492662473796e-05,1.125,0.0,2.0,hard|medium|easy
test,0,4,193,32,0.5290120470017428,102.18968672199844,553.1197557900014,0.17095927894115448,0.9772727272727273,0.96875,0.9545454545454546,0.964562569213732,1.3937106918238994e-05,1.03125,0.0,2.0,medium|hard|easy
test,0,4,194,32,0.5289866809980595,102.71927489699738,553.6493439900005,0.12203415483236313,0.9722222222222222,0.96875,0.9666666666666667,0.9684729064039409,1.3928721174004195e-05,0.84375,0.0,2.0,medium|easy|hard
test,0,4,195,32,0.5273321959975874,103.24718026699702,554.1772496280028,0.0059678927063941956,1.0,1.0,1.0,1.0,1.3920335429769393e-05,0.78125,0.0,2.0,easy|hard|medium
test,0,4,196,32,0.5290282790010679,103.77677282300283,554.7068418560011,0.08837729692459106,0.9736842105263157,0.96875,0.9642857142857143,0.967967967967968,1.3911949685534592e-05,1.0625,0.0,2.0,medium|easy|hard
test,0,4,197,32,0.5284782419985277,104.30585723200056,555.2359262829996,0.05443594604730606,0.9666666666666667,0.96875,0.9722222222222222,0.9684729064039409,1.3903563941299792e-05,1.0625,0.0,2.0,easy|medium|hard
test,0,4,198,32,0.5283317029970931,104.83479904699925,555.7648682380022,0.18725290894508362,0.9333333333333333,0.9375,0.9473684210526316,0.9365079365079365,1.3895178197064992e-05,1.0625,0.0,2.0,medium|easy|hard
test,0,4,199,32,0.5273629470029846,105.36268151800323,556.2927506609994,0.015605743043124676,1.0,1.0,1.0,1.0,1.3886792452830189e-05,0.9375,0.0,2.0,hard|medium|easy
test,0,4,200,32,0.5285431709999102,105.89176903499902,556.8218380850012,0.009754113852977753,1.0,1.0,1.0,1.0,1.3878406708595389e-05,0.96875,0.0,2.0,medium|hard|easy
test,0,4,201,32,0.527454311006295,106.41981174200191,557.349880876005,0.0020996476523578167,1.0,1.0,1.0,1.0,1.3870020964360589e-05,1.1875,0.0,2.0,easy|hard|medium
test,0,4,202,32,0.5277264960022876,106.94808390099934,557.8781530420019,0.07705820351839066,0.9666666666666667,0.96875,0.9722222222222222,0.9684729064039409,1.3861635220125786e-05,1.125,0.0,2.0,medium|easy|hard
test,0,4,203,32,0.5292789380036993,107.47789074199682,558.4079599480028,0.08478330820798874,0.9722222222222222,0.96875,0.9666666666666667,0.9684729064039409,1.3853249475890986e-05,1.0,0.0,2.0,medium|hard|easy
test,0,4,204,32,0.5289183490021969,108.0073604920035,558.937429575999,0.21128039062023163,0.9523809523809523,0.9375,0.9230769230769231,0.9333333333333333,1.3844863731656186e-05,0.90625,0.0,2.0,medium|hard|easy
test,0,4,205,32,0.5281046289965161,108.53606792900246,559.4661369780006,0.006867844611406326,1.0,1.0,1.0,1.0,1.3836477987421383e-05,0.8125,0.0,2.0,medium|hard|easy
test,0,4,206,32,0.5292479970012209,109.06588154999918,559.9959505980005,0.14964641630649567,0.9736842105263157,0.96875,0.9642857142857143,0.967967967967968,1.3828092243186583e-05,1.03125,0.0,2.0,medium|easy|hard
test,0,4,207,32,0.5289967390053789,109.59545845899993,560.5255274970041,0.015384366735816002,1.0,1.0,1.0,1.0,1.3819706498951783e-05,1.0625,0.0,2.0,medium|easy|hard
test,0,4,208,32,0.5282321899940143,110.12419577100081,561.0542649390045,0.0035328594967722893,1.0,1.0,1.0,1.0,1.3811320754716982e-05,0.90625,0.0,2.0,easy|hard|medium
test,0,4,209,32,0.5279166819964303,110.65254185000231,561.5826109530026,0.007896289229393005,1.0,1.0,1.0,1.0,1.3802935010482182e-05,0.90625,0.0,2.0,hard|easy|medium
test,0,4,210,32,0.5284995330002857,111.18158242999925,562.1116514750029,0.16152557730674744,0.9666666666666667,0.96875,0.9722222222222222,0.9684729064039409,1.379454926624738e-05,1.125,0.0,2.0,medium|hard|easy
test,0,4,211,32,0.528794742996979,111.71098491099838,562.641054012005,0.1557024121284485,0.9736842105263157,0.96875,0.9642857142857143,0.967967967967968,1.3786163522012579e-05,1.21875,0.0,2.0,medium|hard|easy
test,0,4,212,32,0.5275577139982488,112.23905187399941,563.1691209700002,0.005508224945515394,1.0,1.0,1.0,1.0,1.377777777777778e-05,1.0625,0.0,2.0,easy|medium|hard
test,0,4,213,32,0.529238944996905,112.76889382799709,563.6989629750024,0.004642735235393047,1.0,1.0,1.0,1.0,1.376939203354298e-05,0.78125,0.0,2.0,easy|medium|hard
test,0,4,214,32,0.5292818350062589,113.2987609510019,564.2288300319997,0.20898137986660004,0.9583333333333333,0.96875,0.9761904761904762,0.9660657476139979,1.3761006289308176e-05,1.15625,0.0,2.0,hard|medium|easy
test,0,4,215,32,0.5282568050024565,113.82767881600012,564.7577478610037,0.011857099831104279,1.0,1.0,1.0,1.0,1.3752620545073376e-05,0.84375,0.0,2.0,hard|medium|easy
test,0,4,216,32,0.5276307179956348,114.35593417099881,565.2860032270037,0.03567122668027878,1.0,1.0,1.0,1.0,1.3744234800838577e-05,1.0625,0.0,2.0,hard|easy|medium
test,0,4,217,32,0.5287029899991467,114.88524033899739,565.8153093799992,0.013012951239943504,1.0,1.0,1.0,1.0,1.3735849056603773e-05,1.0625,0.0,2.0,hard|easy|medium
test,0,4,218,32,0.5283142420012155,115.41409276799823,566.3441618549987,0.21674510836601257,0.9736842105263157,0.96875,0.9642857142857143,0.967967967967968,1.3727463312368974e-05,1.0,0.0,2.0,easy|medium|hard
test,0,4,219,32,0.5269431330016232,115.94162989100005,566.8716989230015,0.2036539614200592,0.9642857142857143,0.96875,0.9736842105263157,0.967967967967968,1.3719077568134174e-05,0.90625,0.0,2.0,medium|hard|easy
test,0,4,220,32,0.5289311119995546,116.47107726400282,567.4011463610004,0.1308261901140213,0.9615384615384616,0.96875,0.975,0.9671794871794872,1.371069182389937e-05,0.9375,0.0,2.0,medium|easy|hard
test,0,4,221,32,0.52822465999634,116.9998137319999,567.929883073004,0.14553168416023254,0.9307359307359306,0.9375,0.9307359307359306,0.9307359307359306,1.370230607966457e-05,0.9375,0.0,2.0,easy|medium|hard
test,0,4,222,32,0.528605241997866,117.52897600200231,568.4590450940013,0.2849428653717041,0.9375,0.9375,0.9444444444444444,0.9372549019607843,1.3693920335429771e-05,1.21875,0.0,2.0,easy|hard|medium
test,0,4,223,32,0.5273495760047808,118.0569042720017,568.9869733189989,0.0065744658932089806,1.0,1.0,1.0,1.0,1.368553459119497e-05,1.09375,0.0,2.0,medium|hard|easy
test,0,4,224,32,0.5284941930003697,118.58596772199962,569.5160368299985,0.0020514833740890026,1.0,1.0,1.0,1.0,1.3677148846960168e-05,0.96875,0.0,2.0,medium|easy|hard
test,0,4,225,32,0.5289101320013287,119.11538096299773,570.0454500679989,0.20746710896492004,0.9,0.90625,0.925,0.9039039039039038,1.3668763102725368e-05,0.9375,0.0,2.0,medium|easy|hard
test,0,4,226,32,0.5277476989940624,119.64370027599944,570.5737693300034,0.006760583259165287,1.0,1.0,1.0,1.0,1.3660377358490567e-05,1.15625,0.0,2.0,easy|hard|medium
test,0,4,227,32,0.5290822299939464,120.17333449899888,571.1034035490011,0.18611189723014832,0.96875,0.96875,0.9705882352941176,0.9687194525904204,1.3651991614255767e-05,1.21875,0.0,2.0,hard|medium|easy
test,0,4,228,32,0.5286981799945352,120.70255029400141,571.6326196509981,0.014534102752804756,1.0,1.0,1.0,1.0,1.3643605870020965e-05,1.125,0.0,2.0,medium|easy|hard
test,0,4,229,32,0.5280166099983035,121.23110963100044,572.1611786810026,0.08707106113433838,0.9666666666666667,0.96875,0.9722222222222222,0.9684729064039409,1.3635220125786164e-05,0.9375,0.0,2.0,easy|medium|hard
test,0,4,230,32,0.528719911002554,121.7603877099973,572.6904568180034,0.3546271026134491,0.9069264069264069,0.90625,0.8916666666666666,0.8981972428419936,1.3626834381551364e-05,1.25,0.0,2.0,hard|easy|medium
test,0,4,231,32,0.5290617310020025,122.28991194399714,573.2199809810045,0.21030297875404358,0.9761904761904762,0.96875,0.9583333333333333,0.9660657476139979,1.3618448637316564e-05,0.84375,0.0,2.0,easy|medium|hard
test,0,4,232,32,0.5282668710060534,122.81869822600129,573.7487673840005,0.016882561147212982,1.0,1.0,1.0,1.0,1.3610062893081761e-05,0.96875,0.0,2.0,easy|hard|medium
test,0,4,233,32,0.528250167000806,123.3475387590006,574.2776078620009,0.014235355891287327,1.0,1.0,1.0,1.0,1.3601677148846961e-05,0.96875,0.0,2.0,easy|hard|medium
test,0,4,234,32,0.52860222900199,123.87672734799708,574.8067964080037,0.02920357510447502,0.96875,0.96875,0.9705882352941176,0.9687194525904204,1.3593291404612161e-05,0.90625,0.0,2.0,medium|hard|easy
test,0,4,235,32,0.5284618809964741,124.40579625799728,575.3358652960014,0.018710486590862274,1.0,1.0,1.0,1.0,1.3584905660377358e-05,0.90625,0.0,2.0,easy|hard|medium
test,0,4,236,32,0.5279204420003225,124.9342987370037,575.8643678470035,0.04244142770767212,0.9761904761904762,0.96875,0.9583333333333333,0.9660657476139979,1.3576519916142558e-05,1.28125,0.0,2.0,easy|hard|medium
test,0,4,237,32,0.5292338479994214,125.46412285300175,576.3941919580029,0.24094247817993164,0.8571428571428572,0.875,0.9090909090909092,0.8666666666666667,1.3568134171907759e-05,1.0,0.0,2.0,hard|easy|medium
test,0,4,238,32,0.529477127995051,125.99409195499902,576.9241610579993,0.3194814622402191,0.9375,0.9375,0.9444444444444444,0.9372549019607843,1.3559748427672957e-05,0.9375,0.0,2.0,hard|easy|medium
test,0,4,239,32,0.5284400999953505,126.52315744900261,577.4532265400048,0.40759003162384033,0.9083333333333333,0.90625,0.8967611336032388,0.9015384615384616,1.3551362683438156e-05,1.03125,0.0,2.0,hard|medium|easy
test,0,4,240,32,0.528178355001728,127.05186642100307,577.9819355450018,0.024029292166233063,1.0,1.0,1.0,1.0,1.3542976939203356e-05,1.25,0.0,2.0,hard|medium|easy
test,0,4,241,32,0.5290876829967601,127.58149017899996,578.5115592770017,0.09622471779584885,0.9365079365079365,0.9375,0.9365079365079365,0.9365079365079365,1.3534591194968554e-05,0.875,0.0,2.0,hard|easy|medium
test,0,4,242,32,0.5283322499963106,128.11036639400118,579.040435449002,0.19962158799171448,0.9375,0.9375,0.9444444444444444,0.9372549019607843,1.3526205450733754e-05,1.1875,0.0,2.0,medium|easy|hard
test,0,4,243,32,0.5276231560055749,128.6385799319978,579.5686490349981,0.18359144032001495,0.9642857142857143,0.96875,0.9736842105263157,0.967967967967968,1.3517819706498953e-05,0.90625,0.0,2.0,easy|medium|hard
test,0,4,244,32,0.5293630849992041,129.16844287900312,580.0985119280012,0.014308299869298935,1.0,1.0,1.0,1.0,1.3509433962264151e-05,1.03125,0.0,2.0,medium|hard|easy
test,0,4,245,32,0.5282110389962327,129.69714388799912,580.6272129210047,0.05624932423233986,0.96875,0.96875,0.9705882352941176,0.9687194525904204,1.3501048218029352e-05,0.8125,0.0,2.0,hard|medium|easy
test,0,4,246,32,0.5280230770003982,130.2257160720037,581.1557851809994,0.21439161896705627,0.9375,0.9375,0.9444444444444444,0.9372549019607843,1.3492662473794552e-05,0.8125,0.0,2.0,medium|easy|hard
test,0,4,247,32,0.5268521720063291,130.75314111400075,581.6832102390035,0.006051654927432537,1.0,1.0,1.0,1.0,1.3484276729559749e-05,1.03125,0.0,2.0,hard|easy|medium
test,0,4,248,32,0.5288157120012329,131.2825008880027,582.2125699809985,0.15368536114692688,0.975,0.96875,0.9615384615384616,0.9671794871794872,1.3475890985324949e-05,1.0625,0.0,2.0,easy|medium|hard
test,0,4,249,32,0.5283601579940296,131.81149379099952,582.7415629239986,0.16772061586380005,0.9642857142857143,0.96875,0.9736842105263157,0.967967967967968,1.3467505241090149e-05,0.71875,0.0,2.0,easy|hard|medium
test,0,4,250,32,0.527911603996472,132.33998172599968,583.2700508630005,0.09095506370067596,0.9705882352941176,0.96875,0.96875,0.9687194525904204,1.3459119496855346e-05,1.0,0.0,2.0,medium|easy|hard
test,0,4,251,32,0.5289246199972695,132.869441791001,583.7995108850009,0.07507076859474182,0.975,0.96875,0.9615384615384616,0.9671794871794872,1.3450733752620546e-05,1.15625,0.0,2.0,hard|easy|medium
test,0,4,252,32,0.5288889239964192,133.39888072999747,584.328950203002,0.1585366427898407,0.9411764705882353,0.9375,0.9411764705882353,0.9375,1.3442348008385746e-05,0.96875,0.0,2.0,medium|easy|hard
test,0,4,253,32,0.528619761003938,133.92807498299953,584.8581440900016,0.009547487832605839,1.0,1.0,1.0,1.0,1.3433962264150943e-05,0.8125,0.0,2.0,easy|medium|hard
test,0,4,254,32,0.5291229569993448,134.45776448900142,585.3878336050038,0.009545428678393364,1.0,1.0,1.0,1.0,1.3425576519916143e-05,1.15625,0.0,2.0,easy|medium|hard
test,0,4,255,32,0.529427294000925,134.98780972399982,585.9178787760029,0.025110794231295586,1.0,1.0,1.0,1.0,1.3417190775681343e-05,1.0,0.0,2.0,hard|medium|easy
test,0,4,256,32,0.528586811000423,135.51704101799987,586.4471101150048,0.07229837775230408,0.9372549019607843,0.9375,0.9372549019607843,0.9372549019607843,1.3408805031446542e-05,1.03125,0.0,2.0,easy|hard|medium
test,0,4,257,32,0.5277136169970618,136.04533782300132,586.9754069280025,0.17131924629211426,0.9722222222222222,0.96875,0.9666666666666667,0.9684729064039409,1.3400419287211742e-05,0.9375,0.0,2.0,medium|hard|easy
test,0,4,258,32,0.5289686239993898,136.57484584100166,587.5049149309998,0.011836523190140724,1.0,1.0,1.0,1.0,1.339203354297694e-05,1.09375,0.0,2.0,medium|hard|easy
test,0,4,259,32,0.5286247130061383,137.1041313329988,588.0342005249986,0.01625388115644455,1.0,1.0,1.0,1.0,1.3383647798742139e-05,0.96875,0.0,2.0,medium|easy|hard
test,0,4,260,32,0.5275380979946931,137.63221849800175,588.562287601002,0.004615535028278828,1.0,1.0,1.0,1.0,1.3375262054507339e-05,1.25,0.0,2.0,hard|medium|easy
test,0,4,261,32,0.5292966779961716,138.16232150800352,589.0923906050011,0.12315890938043594,0.9722222222222222,0.96875,0.9666666666666667,0.9684729064039409,1.336687631027254e-05,1.0625,0.0,2.0,hard|medium|easy
test,0,4,262,32,0.528327966996585,138.6911340259976,589.6212030680035,0.02877303585410118,1.0,1.0,1.0,1.0,1.3358490566037736e-05,1.125,0.0,2.0,hard|medium|easy
test,0,4,263,32,0.5281054639999638,139.2196948280034,590.1497639500012,0.03217877447605133,1.0,1.0,1.0,1.0,1.3350104821802936e-05,1.3125,0.0,2.0,hard|medium|easy
test,0,4,264,32,0.5275398160010809,139.74766306800302,590.6777321810005,0.006323243025690317,1.0,1.0,1.0,1.0,1.3341719077568136e-05,1.09375,0.0,2.0,hard|easy|medium
test,0,4,265,6,0.15957545400306117,139.90775432899682,590.8378235080017,0.5484076142311096,0.8333333333333333,0.8333333333333334,0.875,0.8285714285714285,1.3333333333333333e-05,0.5,0.0,2.0,hard|easy|medium
test,0,5,1,32,0.5302510619949317,0.6193895680044079,601.820848962001,0.02790619432926178,0.9791666666666667,0.96875,0.9444444444444444,0.9599499374217773,1.3324947589098533e-05,1.125,0.0,2.0,hard|easy|medium
test,0,5,2,32,0.5280400629999349,1.1481824570000754,602.34963823,0.018359074369072914,1.0,1.0,1.0,1.0,1.3316561844863734e-05,1.0625,0.0,2.0,medium|easy|hard
test,0,5,3,32,0.5273824870018871,1.6760951980031678,602.8775509679981,0.006195887457579374,1.0,1.0,1.0,1.0,1.330817610062893e-05,0.90625,0.0,2.0,hard|easy|medium
test,0,5,4,32,0.5289295649999985,2.205567846001941,603.4070236760017,0.004723525606095791,1.0,1.0,1.0,1.0,1.329979035639413e-05,0.90625,0.0,2.0,easy|medium|hard
test,0,5,5,32,0.5284352870003204,2.7346210469986545,603.9360768980041,0.021402690559625626,1.0,1.0,1.0,1.0,1.329140461215933e-05,0.84375,0.0,2.0,medium|easy|hard
test,0,5,6,32,0.5285146589958458,3.263704263001273,604.4651600900033,0.0366695336997509,0.96875,0.96875,0.9705882352941176,0.9687194525904204,1.328301886792453e-05,1.125,0.0,2.0,easy|hard|medium
test,0,5,7,32,0.5295775840058923,3.7938563019997673,604.9953120860009,0.0019919988699257374,1.0,1.0,1.0,1.0,1.3274633123689728e-05,1.03125,0.0,2.0,medium|hard|easy
test,0,5,8,32,0.5288383029983379,4.323212506998971,605.5246683400037,0.016935251653194427,1.0,1.0,1.0,1.0,1.3266247379454928e-05,0.8125,0.0,2.0,medium|easy|hard
test,0,5,9,32,0.5280605270017986,4.851945283000532,606.0534010710035,0.00222014170140028,1.0,1.0,1.0,1.0,1.3257861635220127e-05,1.0625,0.0,2.0,easy|medium|hard
test,0,5,10,32,0.5285785859960015,5.381027073999576,606.5824829429985,0.10538732260465622,0.9666666666666667,0.96875,0.9722222222222222,0.9684729064039409,1.3249475890985327e-05,1.09375,0.0,2.0,hard|easy|medium
test,0,5,11,32,0.5292119770019781,5.910796893003862,607.1122526690015,0.08420012146234512,0.96875,0.96875,0.9705882352941176,0.9687194525904204,1.3241090146750525e-05,0.96875,0.0,2.0,medium|hard|easy
test,0,5,12,32,0.5284247329982463,6.4397406700009014,607.6411965010047,0.15834209322929382,0.9705882352941176,0.96875,0.96875,0.9687194525904204,1.3232704402515724e-05,0.8125,0.0,2.0,hard|medium|easy
test,0,5,13,32,0.5279912039986812,6.968356540004606,608.1698124649993,0.058084532618522644,0.9666666666666667,0.96875,0.9722222222222222,0.9684729064039409,1.3224318658280924e-05,1.1875,0.0,2.0,medium|hard|easy
test,0,5,14,32,0.5291230170041672,7.498039399004483,608.6994951790039,0.0018237177282571793,1.0,1.0,1.0,1.0,1.3215932914046124e-05,1.0625,0.0,2.0,easy|medium|hard
test,0,5,15,32,0.5289084109972464,8.027552872001252,609.2290086299981,0.15168197453022003,0.9705882352941176,0.96875,0.96875,0.9687194525904204,1.320754716981132e-05,1.0625,0.0,2.0,easy|medium|hard
test,0,5,16,32,0.5274948610021966,8.555625892004173,609.757081667005,0.07558437436819077,0.9642857142857143,0.96875,0.9736842105263157,0.967967967967968,1.3199161425576521e-05,0.84375,0.0,2.0,easy|medium|hard
test,0,5,17,32,0.5292070849973243,9.085418050002772,610.2868741960046,0.002179301343858242,1.0,1.0,1.0,1.0,1.3190775681341721e-05,1.0625,0.0,2.0,easy|medium|hard
test,0,5,18,32,0.5283307450008579,9.61433257599856,610.8157884100001,0.06629785150289536,0.9705882352941176,0.96875,0.96875,0.9687194525904204,1.3182389937106918e-05,0.9375,0.0,2.0,hard|easy|medium
test,0,5,19,32,0.5281279060000088,10.14305696500378,611.3445130530017,0.003036520443856716,1.0,1.0,1.0,1.0,1.3174004192872118e-05,0.8125,0.0,2.0,hard|easy|medium
test,0,5,20,32,0.5275797840004088,10.671144571002515,611.8726004089986,0.001565651036798954,1.0,1.0,1.0,1.0,1.3165618448637318e-05,1.125,0.0,2.0,medium|easy|hard
test,0,5,21,32,0.5288801819988294,11.20060172599915,612.402057501,0.2374342679977417,0.9444444444444444,0.9375,0.9375,0.9372549019607843,1.3157232704402517e-05,1.1875,0.0,2.0,hard|medium|easy
test,0,5,22,32,0.5286837620005826,11.72984551400441,612.9313012970015,0.002239824505522847,1.0,1.0,1.0,1.0,1.3148846960167715e-05,0.96875,0.0,2.0,medium|hard|easy
test,0,5,23,32,0.5278261780040339,12.258189255000616,613.4596451180041,0.1583995372056961,0.96875,0.96875,0.9705882352941176,0.9687194525904204,1.3140461215932916e-05,0.9375,0.0,2.0,hard|easy|medium
test,0,5,24,32,0.528887335996842,12.787694588005252,613.9891503649997,0.011076443828642368,1.0,1.0,1.0,1.0,1.3132075471698114e-05,1.0625,0.0,2.0,medium|easy|hard
test,0,5,25,32,0.5284322170045925,13.316688086000795,614.5181440560045,0.0016068901168182492,1.0,1.0,1.0,1.0,1.3123689727463314e-05,0.90625,0.0,2.0,easy|hard|medium
test,0,5,26,32,0.5284278870021808,13.845675101001689,615.0471308800043,0.07945611327886581,0.9642857142857143,0.96875,0.9736842105263157,0.967967967967968,1.3115303983228513e-05,1.03125,0.0,2.0,easy|hard|medium
test,0,5,27,32,0.5285113150021061,14.374760074999358,615.5762158479993,0.0036820201203227043,1.0,1.0,1.0,1.0,1.3106918238993711e-05,1.0,0.0,2.0,medium|easy|hard
test,0,5,28,32,0.5291291779940366,14.904406544999802,616.1058623190038,0.0011588702909648418,1.0,1.0,1.0,1.0,1.3098532494758911e-05,1.1875,0.0,2.0,hard|easy|medium
test,0,5,29,32,0.5280499590007821,15.433097963999899,616.6345537430025,0.0034392192028462887,1.0,1.0,1.0,1.0,1.3090146750524112e-05,0.875,0.0,2.0,easy|hard|medium
test,0,5,30,32,0.527914199999941,15.961581743998977,617.1630375530003,0.3090344965457916,0.9365079365079365,0.9375,0.9365079365079365,0.9365079365079365,1.3081761006289308e-05,1.03125,0.0,2.0,hard|medium|easy
test,0,5,31,32,0.528589709996595,16.490733874001307,617.6921897350039,0.00129274174105376,1.0,1.0,1.0,1.0,1.3073375262054509e-05,0.78125,0.0,2.0,medium|easy|hard
test,0,5,32,32,0.5286061349979718,17.019909768001526,618.2213655259984,0.005691259168088436,1.0,1.0,1.0,1.0,1.3064989517819709e-05,1.1875,0.0,2.0,easy|hard|medium
test,0,5,33,32,0.5275053690056666,17.547989042002882,618.7494448090001,0.09232441335916519,0.9615384615384616,0.96875,0.975,0.9671794871794872,1.3056603773584906e-05,1.03125,0.0,2.0,easy|medium|hard
test,0,5,34,32,0.5285818480042508,18.077128727003583,619.2785845050021,0.001313327462412417,1.0,1.0,1.0,1.0,1.3048218029350106e-05,0.84375,0.0,2.0,easy|hard|medium
test,0,5,35,32,0.5292662979991292,18.606984156002,619.8084399350046,0.07366283982992172,0.9736842105263157,0.96875,0.9642857142857143,0.967967967967968,1.3039832285115306e-05,1.1875,0.0,2.0,hard|medium|easy
test,0,5,36,32,0.5278740259964252,19.13540167100291,620.3368574429987,0.017047664150595665,1.0,1.0,1.0,1.0,1.3031446540880503e-05,1.03125,0.0,2.0,medium|easy|hard
test,0,5,37,32,0.5276793029988767,19.663660190999508,620.8651159660003,0.003254350507631898,1.0,1.0,1.0,1.0,1.3023060796645703e-05,1.0625,0.0,2.0,easy|hard|medium
test,0,5,38,32,0.528021912999975,20.19223853100266,621.3936943150038,0.001848738407716155,1.0,1.0,1.0,1.0,1.3014675052410903e-05,0.96875,0.0,2.0,hard|easy|medium
test,0,5,39,32,0.5279704139975365,20.720806160999928,621.9222619190041,0.0008217734284698963,1.0,1.0,1.0,1.0,1.3006289308176102e-05,0.875,0.0,2.0,medium|easy|hard
test,0,5,40,32,0.527271840001049,21.248613774005207,622.4500695430033,0.000932558614294976,1.0,1.0,1.0,1.0,1.29979035639413e-05,1.1875,0.0,2.0,medium|hard|easy
test,0,5,41,32,0.5295200159962405,21.778659030998824,622.9801151409993,0.000698805321007967,1.0,1.0,1.0,1.0,1.29895178197065e-05,0.84375,0.0,2.0,hard|medium|easy
test,0,5,42,32,0.5287349309946876,22.30798080900422,623.5094365780024,0.09309285879135132,0.9705882352941176,0.96875,0.96875,0.9687194525904204,1.2981132075471699e-05,1.15625,0.0,2.0,medium|easy|hard
test,0,5,43,32,0.5281411460018717,22.836746465000033,624.0382022370031,0.0019016980659216642,1.0,1.0,1.0,1.0,1.2972746331236899e-05,0.875,0.0,2.0,easy|medium|hard
test,0,5,44,32,0.5277143190032803,23.365002217004076,624.5664579700024,0.025201955810189247,0.9705882352941176,0.96875,0.96875,0.9687194525904204,1.2964360587002099e-05,0.9375,0.0,2.0,easy|medium|hard
test,0,5,45,32,0.5288909419978154,23.89443891800329,625.095894703998,0.3208201229572296,0.9411764705882353,0.9375,0.9411764705882353,0.9375,1.2955974842767296e-05,0.84375,0.0,2.0,medium|hard|easy
test,0,5,46,32,0.5282254529956845,24.423242173004837,625.6246979569987,0.0007309432257898152,1.0,1.0,1.0,1.0,1.2947589098532496e-05,0.875,0.0,2.0,hard|easy|medium
test,0,5,47,32,0.5270449059971725,24.950838469005248,626.1522942509982,0.007563144899904728,1.0,1.0,1.0,1.0,1.2939203354297696e-05,1.0,0.0,2.0,easy|hard|medium
test,0,5,48,32,0.5290549540004577,25.480432586999086,626.6818884090026,0.18628911674022675,0.9722222222222222,0.96875,0.9666666666666667,0.9684729064039409,1.2930817610062893e-05,1.0,0.0,2.0,hard|medium|easy
test,0,5,49,32,0.5282185100004426,26.009243788001186,627.2106995560025,0.15543045103549957,0.9583333333333333,0.96875,0.9761904761904762,0.9660657476139979,1.2922431865828093e-05,1.15625,0.0,2.0,easy|medium|hard
test,0,5,50,32,0.5279289589961991,26.53772761700384,627.739183439,0.13539659976959229,0.9642857142857143,0.96875,0.9736842105263157,0.967967967967968,1.2914046121593293e-05,0.78125,0.0,2.0,hard|easy|medium
test,0,5,51,32,0.5270652929975768,27.0652625990042,628.2667183630037,0.006040667183697224,1.0,1.0,1.0,1.0,1.290566037735849e-05,1.15625,0.0,2.0,hard|easy|medium
test,0,5,52,32,0.5285781229977147,27.594408722005028,628.795864493004,0.003821487771347165,1.0,1.0,1.0,1.0,1.289727463312369e-05,1.09375,0.0,2.0,hard|medium|easy
test,0,5,53,32,0.5283804089995101,28.123385841005074,629.3248416920032,0.0006936360150575638,1.0,1.0,1.0,1.0,1.288888888888889e-05,1.125,0.0,2.0,hard|easy|medium
test,0,5,54,32,0.5276120029957383,28.651534859003732,629.8529906240001,0.0007135592750273645,1.0,1.0,1.0,1.0,1.2880503144654089e-05,0.96875,0.0,2.0,easy|hard|medium
test,0,5,55,32,0.5292819070018595,29.18139957400126,630.3828555720029,0.3559534251689911,0.9411764705882353,0.9375,0.9411764705882353,0.9375,1.2872117400419288e-05,1.09375,0.0,2.0,medium|hard|easy
test,0,5,56,32,0.5284620169986738,29.71039849200315,630.9118543680015,0.000707522442098707,1.0,1.0,1.0,1.0,1.2863731656184488e-05,1.125,0.0,2.0,medium|hard|easy
test,0,5,57,32,0.5287404869959573,30.2396731359986,631.4411289010022,0.0009357187664136291,1.0,1.0,1.0,1.0,1.2855345911949686e-05,1.09375,0.0,2.0,medium|hard|easy
test,0,5,58,32,0.528731817001244,30.768968563003,631.9704243820015,0.15801891684532166,0.975,0.96875,0.9615384615384616,0.9671794871794872,1.2846960167714887e-05,0.875,0.0,2.0,medium|hard|easy
test,0,5,59,32,0.5288568650066736,31.298386681999546,632.4998424430014,0.0014199529541656375,1.0,1.0,1.0,1.0,1.2838574423480085e-05,1.15625,0.0,2.0,hard|easy|medium
test,0,5,60,32,0.5283427350004786,31.827284603001317,633.0287403750044,0.0012730804737657309,1.0,1.0,1.0,1.0,1.2830188679245283e-05,0.71875,0.0,2.0,hard|easy|medium
test,0,5,61,32,0.5281001199982711,32.35591953000403,633.5573752850032,0.004817486274987459,1.0,1.0,1.0,1.0,1.2821802935010484e-05,1.0625,0.0,2.0,hard|medium|easy
test,0,5,62,32,0.5285898119982448,32.88508648900461,634.0865422720017,0.0009028997737914324,1.0,1.0,1.0,1.0,1.2813417190775684e-05,0.875,0.0,2.0,medium|easy|hard
test,0,5,63,32,0.5286548289950588,33.41426833500009,634.6157243650014,0.0010382100008428097,1.0,1.0,1.0,1.0,1.280503144654088e-05,0.78125,0.0,2.0,medium|easy|hard
test,0,5,64,32,0.5279719629979809,33.9427009409992,635.1441570020033,0.008205174468457699,1.0,1.0,1.0,1.0,1.2796645702306081e-05,1.03125,0.0,2.0,medium|hard|easy
test,0,5,65,32,0.5289350160019239,34.47224897600245,635.6737047490024,0.0016902858624234796,1.0,1.0,1.0,1.0,1.2788259958071281e-05,0.875,0.0,2.0,easy|medium|hard
test,0,5,66,32,0.5286607230009395,35.00153654099995,636.2029923070004,0.07395437359809875,0.9722222222222222,0.96875,0.9666666666666667,0.9684729064039409,1.2779874213836478e-05,1.21875,0.0,2.0,hard|medium|easy
test,0,5,67,32,0.5284063529979903,35.530533333003405,636.731989109001,0.08167918026447296,0.9642857142857143,0.96875,0.9736842105263157,0.967967967967968,1.2771488469601678e-05,1.125,0.0,2.0,hard|easy|medium
test,0,5,68,32,0.5280340660028742,36.05912002300465,637.2605757999991,0.010237165726721287,1.0,1.0,1.0,1.0,1.2763102725366878e-05,1.0625,0.0,2.0,easy|medium|hard
test,0,5,69,32,0.5286501859955024,36.58828180000273,637.789737570005,0.0008868055883795023,1.0,1.0,1.0,1.0,1.2754716981132077e-05,0.875,0.0,2.0,easy|medium|hard
test,0,5,70,32,0.5283691450022161,37.117237810001825,638.3186935760023,0.0006579748005606234,1.0,1.0,1.0,1.0,1.2746331236897275e-05,0.96875,0.0,2.0,medium|easy|hard
test,0,5,71,32,0.5273621320011443,37.645175098004984,638.846630865999,0.038055114448070526,0.9705882352941176,0.96875,0.96875,0.9687194525904204,1.2737945492662475e-05,0.875,0.0,2.0,hard|medium|easy
test,0,5,72,32,0.5291057120048208,38.17482865800412,639.3762844209996,0.016881437972187996,1.0,1.0,1.0,1.0,1.2729559748427674e-05,1.09375,0.0,2.0,medium|hard|easy
test,0,5,73,32,0.5283536560018547,38.70370652600104,639.9051622970001,0.0017546231392771006,1.0,1.0,1.0,1.0,1.2721174004192874e-05,0.84375,0.0,2.0,easy|hard|medium
test,0,5,74,32,0.5277305929994327,39.232007834005344,640.4334636230051,0.0008070299518294632,1.0,1.0,1.0,1.0,1.2712788259958073e-05,1.09375,0.0,2.0,easy|medium|hard
test,0,5,75,32,0.5276748780015623,39.76028483999835,640.9617406020043,0.0014225742779672146,1.0,1.0,1.0,1.0,1.2704402515723271e-05,1.0,0.0,2.0,medium|easy|hard
test,0,5,76,32,0.5295358930015936,40.2903959260002,641.491851687002,0.000578023144043982,1.0,1.0,1.0,1.0,1.2696016771488471e-05,1.1875,0.0,2.0,medium|hard|easy
test,0,5,77,32,0.5282691920001525,40.81922104800469,642.0206768190037,0.0016121204243972898,1.0,1.0,1.0,1.0,1.2687631027253671e-05,1.15625,0.0,2.0,hard|medium|easy
test,0,5,78,32,0.5275449679975281,41.34731999900396,642.5487757730007,0.0007816470460966229,1.0,1.0,1.0,1.0,1.2679245283018868e-05,0.84375,0.0,2.0,hard|medium|easy
test,0,5,79,32,0.5297894339964841,41.877644018000865,643.0790997950025,0.0031692786142230034,1.0,1.0,1.0,1.0,1.2670859538784068e-05,0.8125,0.0,2.0,medium|easy|hard
test,0,5,80,32,0.5288360220001778,42.40710982600285,643.6085656150026,0.16752682626247406,0.9615384615384616,0.96875,0.975,0.9671794871794872,1.2662473794549269e-05,1.03125,0.0,2.0,medium|easy|hard
test,0,5,81,32,0.5279670059971977,42.93566904400359,644.1371248010037,0.008450716733932495,1.0,1.0,1.0,1.0,1.2654088050314465e-05,1.0625,0.0,2.0,hard|easy|medium
test,0,5,82,32,0.5288639350037556,43.46505607900326,644.666511868003,0.0010909526608884335,1.0,1.0,1.0,1.0,1.2645702306079666e-05,1.09375,0.0,2.0,easy|medium|hard
test,0,5,83,32,0.5284070919951773,43.994023088001995,645.1954789029987,0.002410921733826399,1.0,1.0,1.0,1.0,1.2637316561844866e-05,0.875,0.0,2.0,hard|easy|medium
test,0,5,84,32,0.5282218489955994,44.522833447001176,645.7242892170034,0.0006421527359634638,1.0,1.0,1.0,1.0,1.2628930817610063e-05,1.25,0.0,2.0,hard|easy|medium
test,0,5,85,32,0.527809277002234,45.05124552900088,646.2527013180006,0.12349852174520493,0.9705882352941176,0.96875,0.96875,0.9687194525904204,1.2620545073375263e-05,1.125,0.0,2.0,hard|easy|medium
test,0,5,86,32,0.5289855060036643,45.58079662400269,646.7822526500022,0.0005499231046997011,1.0,1.0,1.0,1.0,1.2612159329140463e-05,1.25,0.0,2.0,hard|medium|easy
test,0,5,87,32,0.5284240879991557,46.10983548000513,647.3112912549987,0.0012501378078013659,1.0,1.0,1.0,1.0,1.2603773584905661e-05,1.09375,0.0,2.0,hard|easy|medium
test,0,5,88,32,0.5282679529991583,46.638626126004965,647.8400819029994,0.0006053325487300754,1.0,1.0,1.0,1.0,1.259538784067086e-05,1.09375,0.0,2.0,easy|hard|medium
test,0,5,89,32,0.528754906001268,47.16794856100023,648.369404324003,0.0005648246733471751,1.0,1.0,1.0,1.0,1.258700209643606e-05,1.0,0.0,2.0,hard|easy|medium
test,0,5,90,32,0.529556378001871,47.69801548399846,648.8994712900021,0.0056604198180139065,1.0,1.0,1.0,1.0,1.2578616352201259e-05,1.0625,0.0,2.0,easy|medium|hard
test,0,5,91,32,0.5283712630043738,48.22699716100033,649.4284529860015,0.0011156448163092136,1.0,1.0,1.0,1.0,1.2570230607966459e-05,1.21875,0.0,2.0,medium|hard|easy
test,0,5,92,32,0.5282899489975534,48.75589059699996,649.9573464140049,0.04075859859585762,0.96875,0.96875,0.9705882352941176,0.9687194525904204,1.2561844863731659e-05,1.0,0.0,2.0,easy|hard|medium
test,0,5,93,32,0.528904696002428,49.28535076700064,650.4868065740011,0.25759875774383545,0.9615384615384616,0.96875,0.975,0.9671794871794872,1.2553459119496856e-05,1.0625,0.0,2.0,easy|hard|medium
test,0,5,94,32,0.5292571719983243,49.81511187599972,651.0165676430042,0.1181093230843544,0.9615384615384616,0.96875,0.975,0.9671794871794872,1.2545073375262056e-05,1.09375,0.0,2.0,medium|hard|easy
test,0,5,95,32,0.5273575310056913,50.343058092999854,651.5445138740033,0.045456234365701675,0.9736842105263157,0.96875,0.9642857142857143,0.967967967967968,1.2536687631027256e-05,1.09375,0.0,2.0,easy|hard|medium
test,0,5,96,32,0.5296525710000424,50.873203576004016,652.0746593389995,0.20383962988853455,0.9545454545454546,0.96875,0.9772727272727273,0.964562569213732,1.2528301886792453e-05,1.1875,0.0,2.0,hard|medium|easy
test,0,5,97,32,0.5278732910010149,51.40156725500128,652.6030230309989,0.000642685336060822,1.0,1.0,1.0,1.0,1.2519916142557653e-05,0.875,0.0,2.0,easy|hard|medium
test,0,5,98,32,0.5289549930021167,51.93104587600101,653.132501797998,0.003146371804177761,1.0,1.0,1.0,1.0,1.2511530398322853e-05,1.03125,0.0,2.0,medium|easy|hard
test,0,5,99,32,0.5269921120052459,52.45866388000286,653.6601196519987,0.11304521560668945,0.9722222222222222,0.96875,0.9666666666666667,0.9684729064039409,1.250314465408805e-05,1.1875,0.0,2.0,easy|hard|medium
test,0,5,100,32,0.5293177659987123,52.98846584500279,654.1899216210004,0.0012803885620087385,1.0,1.0,1.0,1.0,1.249475890985325e-05,1.09375,0.0,2.0,medium|hard|easy
test,0,5,101,32,0.5279122209976777,53.51699462599936,654.7184503960016,0.0205879844725132,1.0,1.0,1.0,1.0,1.248637316561845e-05,0.96875,0.0,2.0,hard|medium|easy
test,0,5,102,32,0.5281651900004363,54.04572136900242,655.247177174002,0.15087498724460602,0.9722222222222222,0.96875,0.9666666666666667,0.9684729064039409,1.2477987421383649e-05,0.9375,0.0,2.0,hard|medium|easy
test,0,5,103,32,0.5293028289961512,54.57562396499998,655.7770797589983,0.05856829881668091,0.9705882352941176,0.96875,0.96875,0.9687194525904204,1.2469601677148847e-05,1.09375,0.0,2.0,hard|easy|medium
test,0,5,104,32,0.5286455929963267,55.10486878800293,656.306324615005,0.21194195747375488,0.975,0.96875,0.9615384615384616,0.9671794871794872,1.2461215932914048e-05,0.90625,0.0,2.0,medium|hard|easy
test,0,5,105,32,0.5281996649937355,55.63361501500185,656.8350707810023,0.0013081277720630169,1.0,1.0,1.0,1.0,1.2452830188679246e-05,0.9375,0.0,2.0,hard|medium|easy
test,0,5,106,32,0.5293544689993723,56.16357018100098,657.3650259429996,0.0014047620352357626,1.0,1.0,1.0,1.0,1.2444444444444446e-05,1.09375,0.0,2.0,medium|hard|easy
test,0,5,107,32,0.5290924649962108,56.69323500300379,657.8946908389989,0.006870183162391186,1.0,1.0,1.0,1.0,1.2436058700209645e-05,1.375,0.0,2.0,hard|easy|medium
test,0,5,108,32,0.5285795899981167,57.2224081509994,658.4238640440017,0.002603764645755291,1.0,1.0,1.0,1.0,1.2427672955974843e-05,0.65625,0.0,2.0,easy|medium|hard
test,0,5,109,32,0.5277815419976832,57.75078129200119,658.9522374500011,0.005859862081706524,1.0,1.0,1.0,1.0,1.2419287211740043e-05,0.6875,0.0,2.0,medium|easy|hard
test,0,5,110,32,0.5289323130054981,58.28018922800402,659.4816449889986,0.1255246251821518,0.9705882352941176,0.96875,0.96875,0.9687194525904204,1.2410901467505244e-05,0.90625,0.0,2.0,hard|medium|easy
test,0,5,111,32,0.5285044170013862,58.809177280003496,660.010633058002,0.008577227592468262,1.0,1.0,1.0,1.0,1.240251572327044e-05,1.125,0.0,2.0,hard|easy|medium
test,0,5,112,32,0.5275390169990715,59.33727556899976,660.5387313620013,0.3441903293132782,0.9473684210526316,0.9375,0.9333333333333333,0.9365079365079365,1.239412997903564e-05,1.21875,0.0,2.0,medium|hard|easy
test,0,5,113,32,0.5286635630036471,59.866531493004004,661.0679872649998,0.03617279231548309,0.9705882352941176,0.96875,0.96875,0.9687194525904204,1.2385744234800841e-05,1.03125,0.0,2.0,hard|medium|easy
test,0,5,114,32,0.5289537219941849,60.39604545399925,661.5975012199997,0.0022829656954854727,1.0,1.0,1.0,1.0,1.2377358490566038e-05,1.0625,0.0,2.0,medium|easy|hard
test,0,5,115,32,0.5282709149978473,60.92483754899877,662.1262934050028,0.18831957876682281,0.9333333333333333,0.9375,0.9473684210526316,0.9365079365079365,1.2368972746331238e-05,1.125,0.0,2.0,medium|hard|easy
test,0,5,116,32,0.5271420610006317,61.452523409003334,662.6539791789983,0.3345038890838623,0.9473684210526316,0.9375,0.9333333333333333,0.9365079365079365,1.2360587002096438e-05,0.90625,0.0,2.0,medium|easy|hard
test,0,5,117,32,0.5293922449927777,61.98251226400316,663.1839680990015,0.0023272372782230377,1.0,1.0,1.0,1.0,1.2352201257861637e-05,0.96875,0.0,2.0,easy|hard|medium
test,0,5,118,32,0.5284157400019467,62.511478323998745,663.7129341480031,0.005406979005783796,1.0,1.0,1.0,1.0,1.2343815513626835e-05,1.0625,0.0,2.0,medium|hard|easy
test,0,5,119,32,0.5279561139977886,63.04002739600401,664.2414831580027,0.0032986386213451624,1.0,1.0,1.0,1.0,1.2335429769392035e-05,1.21875,0.0,2.0,hard|easy|medium
test,0,5,120,32,0.5291457819985226,63.56976117800514,664.7712169480001,0.005680345930159092,1.0,1.0,1.0,1.0,1.2327044025157234e-05,1.03125,0.0,2.0,medium|easy|hard
test,0,5,121,32,0.5290666090004379,64.09937838600308,665.3008342059984,0.016661325469613075,1.0,1.0,1.0,1.0,1.2318658280922434e-05,0.96875,0.0,2.0,medium|hard|easy
test,0,5,122,32,0.5279556370005594,64.62787648000085,665.8293322910031,0.0023200411815196276,1.0,1.0,1.0,1.0,1.2310272536687632e-05,1.15625,0.0,2.0,easy|medium|hard
test,0,5,123,32,0.5270422179964953,65.15549357200507,666.356949383,0.0017785835079848766,1.0,1.0,1.0,1.0,1.2301886792452831e-05,0.78125,0.0,2.0,easy|hard|medium
test,0,5,124,32,0.5286860359992716,65.68474693900498,666.8862027889991,0.0017462685937061906,1.0,1.0,1.0,1.0,1.2293501048218031e-05,0.875,0.0,2.0,easy|hard|medium
test,0,5,125,32,0.5280612190035754,66.21340157100349,667.4148573850034,0.014000068418681622,1.0,1.0,1.0,1.0,1.2285115303983231e-05,1.0,0.0,2.0,easy|hard|medium
test,0,5,126,32,0.5274604089936474,66.74147883499973,667.9429346600009,0.014098692685365677,1.0,1.0,1.0,1.0,1.2276729559748428e-05,1.125,0.0,2.0,easy|hard|medium
test,0,5,127,32,0.5286529959994368,67.27075002600031,668.4722058160041,0.0062735481187701225,1.0,1.0,1.0,1.0,1.2268343815513628e-05,0.75,0.0,2.0,easy|hard|medium
test,0,5,128,32,0.5288025970003218,67.80008159100544,669.0015373950009,0.0014160508289933205,1.0,1.0,1.0,1.0,1.2259958071278828e-05,1.09375,0.0,2.0,hard|easy|medium
test,0,5,129,32,0.5283732370007783,68.3289778860053,669.5304336539994,0.009015927091240883,1.0,1.0,1.0,1.0,1.2251572327044025e-05,0.96875,0.0,2.0,medium|hard|easy
test,0,5,130,32,0.5290921909981989,68.85862414200528,670.0600799189997,0.00914704892784357,1.0,1.0,1.0,1.0,1.2243186582809225e-05,1.03125,0.0,2.0,hard|medium|easy
test,0,5,131,32,0.5284733660009806,69.38761197100393,670.5890677380012,0.17428529262542725,0.9444444444444444,0.9375,0.9375,0.9372549019607843,1.2234800838574426e-05,0.875,0.0,2.0,medium|easy|hard
test,0,5,132,32,0.5280164600044372,69.91618860000017,671.1176444240045,0.16289596259593964,0.9545454545454546,0.96875,0.9772727272727273,0.964562569213732,1.2226415094339622e-05,1.0,0.0,2.0,medium|easy|hard
test,0,5,133,32,0.5279723960047704,70.4447008710049,671.6461566779981,0.0016784649342298508,1.0,1.0,1.0,1.0,1.2218029350104823e-05,0.90625,0.0,2.0,medium|hard|easy
test,0,5,134,32,0.5283671740035061,70.97359528200468,672.1750510800048,0.23499399423599243,0.9087301587301587,0.90625,0.903921568627451,0.9054187192118226,1.2209643605870023e-05,1.0,0.0,2.0,hard|easy|medium
test,0,5,135,32,0.5283427389949793,71.50251097400178,672.7039667510035,0.0015519799198955297,1.0,1.0,1.0,1.0,1.2201257861635221e-05,1.125,0.0,2.0,easy|medium|hard
test,0,5,136,32,0.5279169139976148,72.03100403999997,673.2324598190025,0.019931159913539886,1.0,1.0,1.0,1.0,1.219287211740042e-05,1.125,0.0,2.0,medium|hard|easy
test,0,5,137,32,0.5291227359994082,72.56069573100103,673.7621514929997,0.0009851031936705112,1.0,1.0,1.0,1.0,1.218448637316562e-05,1.21875,0.0,2.0,easy|medium|hard
test,0,5,138,32,0.5292891389981378,73.09055910700408,674.292014892002,0.028016576543450356,0.96875,0.96875,0.9705882352941176,0.9687194525904204,1.2176100628930818e-05,0.875,0.0,2.0,medium|easy|hard
test,0,5,139,32,0.5279514040012145,73.61908325800323,674.8205390779985,0.035341329872608185,0.96875,0.96875,0.9705882352941176,0.9687194525904204,1.2167714884696019e-05,0.875,0.0,2.0,easy|medium|hard
test,0,5,140,32,0.5283362670015777,74.14800833700428,675.3494642240039,0.1215517669916153,0.9642857142857143,0.96875,0.9736842105263157,0.967967967967968,1.2159329140461217e-05,1.15625,0.0,2.0,hard|easy|medium
test,0,5,141,32,0.5288190909996047,74.67738390200248,675.8788396970049,0.0013837515143677592,1.0,1.0,1.0,1.0,1.2150943396226416e-05,1.125,0.0,2.0,easy|hard|medium
test,0,5,142,32,0.5287032449996332,75.20670443300332,676.4081601979997,0.0010602371767163277,1.0,1.0,1.0,1.0,1.2142557651991616e-05,0.84375,0.0,2.0,medium|hard|easy
test,0,5,143,32,0.5270496869998169,75.73437625000224,676.9358320190004,0.38610273599624634,0.9545454545454546,0.9375,0.9166666666666667,0.9307359307359306,1.2134171907756816e-05,0.96875,0.0,2.0,medium|easy|hard
test,0,5,144,32,0.5292170360044111,76.26409684499959,677.4655526970018,0.0008880168898031116,1.0,1.0,1.0,1.0,1.2125786163522013e-05,0.9375,0.0,2.0,medium|easy|hard
test,0,5,145,32,0.5280283859974588,76.79268920900358,677.9941450370025,0.0009206442045979202,1.0,1.0,1.0,1.0,1.2117400419287213e-05,0.9375,0.0,2.0,medium|hard|easy
test,0,5,146,32,0.5282913919945713,77.32163824699819,678.5230940160036,0.0007566846907138824,1.0,1.0,1.0,1.0,1.2109014675052413e-05,1.03125,0.0,2.0,hard|easy|medium
test,0,5,147,32,0.5272367790021235,77.84944790699956,679.0509037330048,0.0024404064752161503,1.0,1.0,1.0,1.0,1.210062893081761e-05,0.96875,0.0,2.0,easy|hard|medium
test,0,5,148,32,0.528748849996191,78.37862910499825,679.5800848889994,0.0029968167655169964,1.0,1.0,1.0,1.0,1.209224318658281e-05,1.0625,0.0,2.0,hard|easy|medium
test,0,5,149,32,0.528201982997416,78.90746982100245,680.1089255990009,0.0012755829375237226,1.0,1.0,1.0,1.0,1.208385744234801e-05,0.90625,0.0,2.0,hard|medium|easy
test,0,5,150,32,0.5273802739975508,79.43536573000165,680.6368215010007,0.0029306625947356224,1.0,1.0,1.0,1.0,1.2075471698113209e-05,1.0,0.0,2.0,easy|hard|medium
test,0,5,151,32,0.5290848820004612,79.96493805600039,681.166394124004,0.028291137889027596,0.96875,0.96875,0.9705882352941176,0.9687194525904204,1.2067085953878407e-05,1.09375,0.0,2.0,medium|easy|hard
test,0,5,152,32,0.5281538229974103,80.49359161100438,681.6950473770048,0.001638198969885707,1.0,1.0,1.0,1.0,1.2058700209643607e-05,1.0625,0.0,2.0,easy|hard|medium
test,0,5,153,32,0.5279285699944012,81.02212170300481,682.2235776700036,0.00487997941672802,1.0,1.0,1.0,1.0,1.2050314465408806e-05,1.03125,0.0,2.0,easy|hard|medium
test,0,5,154,32,0.5268660769943381,81.54964225200092,682.7510980420047,0.0027118809521198273,1.0,1.0,1.0,1.0,1.2041928721174006e-05,1.0,0.0,2.0,easy|hard|medium
test,0,5,155,32,0.5287820840021595,82.07899948699924,683.2804552470043,0.17921975255012512,0.9230769230769231,0.9375,0.9523809523809523,0.9333333333333333,1.2033542976939205e-05,1.28125,0.0,2.0,hard|medium|easy
test,0,5,156,32,0.528535789999296,82.60809227899881,683.8095481170021,0.1960107386112213,0.95,0.9375,0.9285714285714286,0.9352226720647774,1.2025157232704403e-05,1.125,0.0,2.0,easy|hard|medium
test,0,5,157,32,0.5281761700025527,83.13687968400336,684.3383355219994,0.0024211909621953964,1.0,1.0,1.0,1.0,1.2016771488469603e-05,1.0625,0.0,2.0,hard|easy|medium
test,0,5,158,32,0.5290512450010283,83.66651614099828,684.8679719319989,0.06885912269353867,0.9705882352941176,0.96875,0.96875,0.9687194525904204,1.2008385744234804e-05,1.0,0.0,2.0,medium|easy|hard
test,0,5,159,32,0.5286538380023558,84.19567494600051,685.3971307259999,0.001127581112086773,1.0,1.0,1.0,1.0,1.2e-05,1.03125,0.0,2.0,easy|medium|hard
test,0,5,160,32,0.5279057279985864,84.72412269299821,685.9255784609995,0.03844507038593292,0.9666666666666667,0.96875,0.9722222222222222,0.9684729064039409,1.19916142557652e-05,1.125,0.0,2.0,medium|easy|hard
test,0,5,161,32,0.528798317995097,85.253522058003,686.4549778260043,0.0010586899006739259,1.0,1.0,1.0,1.0,1.19832285115304e-05,0.96875,0.0,2.0,medium|easy|hard
test,0,5,162,32,0.5290492819985957,85.78312220200314,686.9845780200048,0.0013777140993624926,1.0,1.0,1.0,1.0,1.1974842767295597e-05,1.03125,0.0,2.0,easy|hard|medium
test,0,5,163,32,0.5277059959989856,86.3113947400052,687.5128506039982,0.000814146245829761,1.0,1.0,1.0,1.0,1.1966457023060798e-05,1.125,0.0,2.0,hard|medium|easy
test,0,5,164,32,0.5280423739968683,86.83993116200145,688.0413869359982,0.0012195748277008533,1.0,1.0,1.0,1.0,1.1958071278825998e-05,0.875,0.0,2.0,easy|medium|hard
test,0,5,165,32,0.5279849269936676,87.3684251550003,688.5698809940004,0.20737344026565552,0.9736842105263157,0.96875,0.9642857142857143,0.967967967967968,1.1949685534591196e-05,0.84375,0.0,2.0,easy|medium|hard
test,0,5,166,32,0.528574537995155,87.89759790700191,689.0990536890022,0.038413047790527344,0.9583333333333333,0.96875,0.9761904761904762,0.9660657476139979,1.1941299790356395e-05,1.0625,0.0,2.0,hard|medium|easy
test,0,5,167,32,0.5280231950018788,88.42611430000397,689.6275700920014,0.03756708651781082,0.9666666666666667,0.96875,0.9722222222222222,0.9684729064039409,1.1932914046121595e-05,0.9375,0.0,2.0,medium|easy|hard
test,0,5,168,32,0.5286361320031574,88.95519407100073,690.1566498340035,0.0008448169683106244,1.0,1.0,1.0,1.0,1.1924528301886794e-05,1.09375,0.0,2.0,hard|medium|easy
test,0,5,169,32,0.5288689709996106,89.48462441300217,690.686080391999,0.2567511200904846,0.95,0.9375,0.9285714285714286,0.9352226720647774,1.1916142557651994e-05,1.09375,0.0,2.0,medium|easy|hard
test,0,5,170,32,0.5281006769946543,90.01327642700198,691.2147321910015,0.15141409635543823,0.9722222222222222,0.96875,0.9666666666666667,0.9684729064039409,1.1907756813417192e-05,1.1875,0.0,2.0,easy|hard|medium
test,0,5,171,32,0.5283304519980447,90.54216013800033,691.7436158970013,0.0011451723985373974,1.0,1.0,1.0,1.0,1.189937106918239e-05,1.28125,0.0,2.0,hard|medium|easy
test,0,5,172,32,0.5284086639949237,91.07114650100266,692.2726022620045,0.2358788251876831,0.9782608695652174,0.96875,0.95,0.9625730994152046,1.1890985324947591e-05,0.53125,0.0,2.0,easy|medium|hard
test,0,5,173,32,0.5284839460000512,91.60021302899986,692.801668801003,0.0007873447029851377,1.0,1.0,1.0,1.0,1.1882599580712791e-05,0.9375,0.0,2.0,medium|easy|hard
test,0,5,174,32,0.5272338350041537,92.12803100100427,693.3294869980018,0.0018901334842666984,1.0,1.0,1.0,1.0,1.1874213836477988e-05,1.1875,0.0,2.0,hard|medium|easy
test,0,5,175,32,0.5289044820019626,92.65743367899995,693.8588894830027,0.24246177077293396,0.96875,0.96875,0.9705882352941176,0.9687194525904204,1.1865828092243188e-05,0.78125,0.0,2.0,medium|hard|easy
test,0,5,176,32,0.528031795998686,93.18600501699984,694.3874608219994,0.3812277019023895,0.9375,0.9375,0.9444444444444444,0.9372549019607843,1.1857442348008388e-05,1.0,0.0,2.0,easy|hard|medium
test,0,5,177,32,0.5281613370025298,93.71467340300296,694.9161291769997,0.0009674042812548578,1.0,1.0,1.0,1.0,1.1849056603773585e-05,1.09375,0.0,2.0,hard|easy|medium
test,0,5,178,32,0.5276094769942574,94.24285736000456,695.4443131330045,0.11778528243303299,0.9333333333333333,0.9375,0.9473684210526316,0.9365079365079365,1.1840670859538785e-05,0.875,0.0,2.0,hard|easy|medium
test,0,5,179,32,0.5286449260020163,94.7720945550027,695.9735503300035,0.0011124452576041222,1.0,1.0,1.0,1.0,1.1832285115303985e-05,1.25,0.0,2.0,medium|hard|easy
test,0,5,180,32,0.5282476430002134,95.30084945900308,696.5023052300021,0.004342988599091768,1.0,1.0,1.0,1.0,1.1823899371069182e-05,0.96875,0.0,2.0,hard|medium|easy
test,0,5,181,32,0.5274498540020431,95.82891192199895,697.0303678240016,0.001309598796069622,1.0,1.0,1.0,1.0,1.1815513626834382e-05,0.96875,0.0,2.0,easy|medium|hard
test,0,5,182,32,0.5296482349949656,96.35911794999993,697.5605737170044,0.015013390220701694,1.0,1.0,1.0,1.0,1.1807127882599583e-05,1.03125,0.0,2.0,medium|easy|hard
test,0,5,183,32,0.5281417450023582,96.88776854100433,698.0892243620037,0.028141869232058525,0.9736842105263157,0.96875,0.9642857142857143,0.967967967967968,1.1798742138364781e-05,1.15625,0.0,2.0,medium|hard|easy
test,0,5,184,32,0.5280388210012461,97.41630992400314,698.6177657730004,0.08520852029323578,0.96875,0.96875,0.9705882352941176,0.9687194525904204,1.179035639412998e-05,1.0,0.0,2.0,hard|easy|medium
test,0,5,185,32,0.5270151000004262,97.9439412540014,699.1453970170041,0.002006073482334614,1.0,1.0,1.0,1.0,1.178197064989518e-05,1.0,0.0,2.0,easy|medium|hard
test,0,5,186,32,0.5285660709996591,98.47306323000521,699.6745189920039,0.025561325252056122,0.9583333333333333,0.96875,0.9761904761904762,0.9660657476139979,1.1773584905660378e-05,0.90625,0.0,2.0,hard|easy|medium
test,0,5,187,32,0.528618923999602,99.00227487500524,700.2037306359998,0.0015870644710958004,1.0,1.0,1.0,1.0,1.1765199161425578e-05,0.9375,0.0,2.0,easy|medium|hard
test,0,5,188,32,0.5276269169989973,99.53050676899875,700.7319625480013,0.06032201647758484,0.9615384615384616,0.96875,0.975,0.9671794871794872,1.1756813417190777e-05,0.9375,0.0,2.0,hard|medium|easy
test,0,5,189,32,0.5289345569981379,100.06006693300151,701.2615227569986,0.029434630647301674,0.9705882352941176,0.96875,0.96875,0.9687194525904204,1.1748427672955975e-05,0.875,0.0,2.0,medium|easy|hard
test,0,5,190,32,0.5284316510005738,100.58894151400455,701.7903973799985,0.0014607836492359638,1.0,1.0,1.0,1.0,1.1740041928721176e-05,1.03125,0.0,2.0,easy|hard|medium
test,0,5,191,32,0.5279643239991856,101.11751674600237,702.3189725929988,0.0015797950327396393,1.0,1.0,1.0,1.0,1.1731656184486376e-05,0.8125,0.0,2.0,hard|easy|medium
test,0,5,192,32,0.5287322700023651,101.64683060099924,702.8482865170008,0.001551733585074544,1.0,1.0,1.0,1.0,1.1723270440251573e-05,1.21875,0.0,2.0,easy|medium|hard
test,0,5,193,32,0.5285556970047764,102.17599698399863,703.3774528030044,0.08206576853990555,0.9615384615384616,0.96875,0.975,0.9671794871794872,1.1714884696016773e-05,1.25,0.0,2.0,hard|medium|easy
test,0,5,194,32,0.5279195429975516,102.70446815000469,703.905923915001,0.003437033388763666,1.0,1.0,1.0,1.0,1.1706498951781973e-05,1.25,0.0,2.0,easy|hard|medium
test,0,5,195,32,0.527778629999375,103.23288302100264,704.4343388650013,0.005015373229980469,1.0,1.0,1.0,1.0,1.169811320754717e-05,1.375,0.0,2.0,hard|medium|easy
test,0,5,196,32,0.5287735890015028,103.76220260200353,704.9636584100008,0.041830386966466904,0.96875,0.96875,0.9705882352941176,0.9687194525904204,1.168972746331237e-05,1.1875,0.0,2.0,easy|hard|medium
test,0,5,197,32,0.5284325620013988,104.2911177269998,705.4925735420038,0.0015003063017502427,1.0,1.0,1.0,1.0,1.168134171907757e-05,1.25,0.0,2.0,hard|medium|easy
test,0,5,198,32,0.5282130510022398,104.81990650600346,706.0213622740048,0.009337306022644043,1.0,1.0,1.0,1.0,1.1672955974842769e-05,0.84375,0.0,2.0,easy|medium|hard
test,0,5,199,32,0.5288116570009151,105.34928437000053,706.5507402450021,0.0014821493532508612,1.0,1.0,1.0,1.0,1.1664570230607967e-05,0.90625,0.0,2.0,hard|easy|medium
test,0,5,200,32,0.5288339530015946,105.87865970300481,707.0801154810033,0.0011877468787133694,1.0,1.0,1.0,1.0,1.1656184486373166e-05,0.84375,0.0,2.0,medium|easy|hard
test,0,5,201,32,0.5283778429948143,106.407602416999,707.6090581860044,0.0017064803978428245,1.0,1.0,1.0,1.0,1.1647798742138366e-05,1.125,0.0,2.0,medium|hard|easy
test,0,5,202,32,0.5281985639958293,106.93633634599973,708.137792116002,0.19437181949615479,0.9666666666666667,0.96875,0.9722222222222222,0.9684729064039409,1.1639412997903566e-05,0.9375,0.0,2.0,easy|hard|medium
test,0,5,203,32,0.5288971279951511,107.46576686900517,708.6672227140007,0.11070672422647476,0.96875,0.96875,0.9705882352941176,0.9687194525904204,1.1631027253668763e-05,0.90625,0.0,2.0,hard|easy|medium
test,0,5,204,32,0.5285757870005909,107.99490226500347,709.1963580790034,0.0009568263776600361,1.0,1.0,1.0,1.0,1.1622641509433963e-05,1.28125,0.0,2.0,medium|hard|easy
test,0,5,205,32,0.5272275709940004,108.52262727200286,709.7240831029994,0.0011527461465448141,1.0,1.0,1.0,1.0,1.1614255765199163e-05,1.0,0.0,2.0,easy|medium|hard
test,0,5,206,32,0.5286912299998221,109.05185390700353,710.2533097390042,0.0008836581837385893,1.0,1.0,1.0,1.0,1.160587002096436e-05,0.9375,0.0,2.0,medium|hard|easy
test,0,5,207,32,0.5280025669999304,109.58039923400065,710.7818549939984,0.0012062879977747798,1.0,1.0,1.0,1.0,1.159748427672956e-05,0.75,0.0,2.0,medium|hard|easy
test,0,5,208,32,0.5276258470039465,110.10860543900344,711.3100612640046,0.0012670133728533983,1.0,1.0,1.0,1.0,1.158909853249476e-05,1.125,0.0,2.0,hard|easy|medium
test,0,5,209,32,0.5272246359963901,110.63638036700286,711.8378361370051,0.027055829763412476,0.9666666666666667,0.96875,0.9722222222222222,0.9684729064039409,1.1580712788259957e-05,1.09375,0.0,2.0,medium|easy|hard
test,0,5,210,32,0.5290434530033963,111.16598380500363,712.367439626003,0.0007879790500737727,1.0,1.0,1.0,1.0,1.1572327044025157e-05,0.90625,0.0,2.0,easy|hard|medium
test,0,5,211,32,0.5282139650007593,111.69476354600192,712.896219469003,0.17371979355812073,0.9722222222222222,0.96875,0.9666666666666667,0.9684729064039409,1.1563941299790357e-05,1.0,0.0,2.0,easy|medium|hard
test,0,5,212,32,0.5275957039993955,112.22291671700077,713.4243724789994,0.1410960555076599,0.9722222222222222,0.96875,0.9666666666666667,0.9684729064039409,1.1555555555555556e-05,0.875,0.0,2.0,medium|hard|easy
test,0,5,213,32,0.5294792549975682,112.75298845000361,713.9544442539991,0.03097815066576004,0.9615384615384616,0.96875,0.975,0.9671794871794872,1.1547169811320756e-05,1.25,0.0,2.0,hard|easy|medium
test,0,5,214,32,0.5284312920048251,113.28197866900155,714.4834344990013,0.11539483070373535,0.9372549019607843,0.9375,0.9372549019607843,0.9372549019607843,1.1538784067085955e-05,0.90625,0.0,2.0,easy|medium|hard
test,0,5,215,32,0.5284349200010183,113.81104152400076,715.012497331998,0.1203581690788269,0.9722222222222222,0.96875,0.9666666666666667,0.9684729064039409,1.1530398322851153e-05,0.78125,0.0,2.0,medium|easy|hard
test,0,5,216,32,0.5271401729987701,114.33869450700149,715.5401503009998,0.02131790481507778,1.0,1.0,1.0,1.0,1.1522012578616353e-05,0.875,0.0,2.0,hard|easy|medium
test,0,5,217,32,0.5286635949960328,114.86786385500454,716.0693196249995,0.02358166128396988,0.9722222222222222,0.96875,0.9666666666666667,0.9684729064039409,1.1513626834381554e-05,0.96875,0.0,2.0,medium|hard|easy
test,0,5,218,32,0.5284827959985705,115.39684149000095,716.598297261,0.19632455706596375,0.9615384615384616,0.96875,0.975,0.9671794871794872,1.150524109014675e-05,1.25,0.0,2.0,easy|hard|medium
test,0,5,219,32,0.5276654189947294,115.92509030800284,717.1265460659997,0.15478968620300293,0.9736842105263157,0.96875,0.9642857142857143,0.967967967967968,1.149685534591195e-05,0.9375,0.0,2.0,easy|medium|hard
test,0,5,220,32,0.5289515529948403,116.4545329399989,717.6559887699987,0.0007729625795036554,1.0,1.0,1.0,1.0,1.148846960167715e-05,0.8125,0.0,2.0,easy|medium|hard
test,0,5,221,32,0.5289624759971048,116.98408022300282,718.1855359990004,0.21986642479896545,0.9411764705882353,0.9375,0.9411764705882353,0.9375,1.1480083857442347e-05,1.03125,0.0,2.0,hard|medium|easy
test,0,5,222,32,0.528577323006175,117.51310432900209,718.7145601470038,0.0012344119604676962,1.0,1.0,1.0,1.0,1.1471698113207548e-05,0.8125,0.0,2.0,easy|medium|hard
test,0,5,223,32,0.5291181659995345,118.04280541900516,719.2442611880033,0.001098540611565113,1.0,1.0,1.0,1.0,1.1463312368972748e-05,1.09375,0.0,2.0,medium|hard|easy
test,0,5,224,32,0.5288153130022692,118.57217131200014,719.7736270860041,0.0018230753485113382,1.0,1.0,1.0,1.0,1.1454926624737945e-05,0.71875,0.0,2.0,easy|medium|hard
test,0,5,225,32,0.5284926169988466,119.10112737199961,720.3025831589985,0.007926523685455322,1.0,1.0,1.0,1.0,1.1446540880503145e-05,0.625,0.0,2.0,medium|easy|hard
test,0,5,226,32,0.5278994359978242,119.62955348900141,720.8310092480024,0.0011278076563030481,1.0,1.0,1.0,1.0,1.1438155136268345e-05,1.125,0.0,2.0,easy|hard|medium
test,0,5,227,32,0.5285861449956428,120.15872549100459,721.3601812589986,0.0008325960952788591,1.0,1.0,1.0,1.0,1.1429769392033544e-05,0.96875,0.0,2.0,medium|easy|hard
test,0,5,228,32,0.5285177889963961,120.68778876500437,721.8892445320016,0.25753214955329895,0.9285714285714286,0.90625,0.8928571428571428,0.9015384615384616,1.1421383647798742e-05,0.90625,0.0,2.0,hard|medium|easy
test,0,5,229,32,0.5276065139987622,121.21589544400194,722.4173512080015,0.0007347590290009975,1.0,1.0,1.0,1.0,1.1412997903563942e-05,0.8125,0.0,2.0,easy|hard|medium
test,0,5,230,32,0.5290993860035087,121.74547347800399,722.9469292450012,0.18438446521759033,0.9736842105263157,0.96875,0.9642857142857143,0.967967967967968,1.140461215932914e-05,0.9375,0.0,2.0,hard|medium|easy
test,0,5,231,32,0.5291090549944784,122.27516723000008,723.476623006005,0.3225874900817871,0.9166666666666667,0.90625,0.9117647058823529,0.906158357771261,1.1396226415094341e-05,0.9375,0.0,2.0,hard|medium|easy
test,0,5,232,32,0.5280414060034673,122.80371916200238,724.0051749470003,0.0006262331735342741,1.0,1.0,1.0,1.0,1.138784067085954e-05,1.03125,0.0,2.0,easy|hard|medium
test,0,5,233,32,0.5274197939943406,123.33172492200538,724.5331806920003,0.13993965089321136,0.9772727272727273,0.96875,0.9545454545454546,0.964562569213732,1.1379454926624738e-05,1.09375,0.0,2.0,easy|hard|medium
test,0,5,234,32,0.5288348390022293,123.86107003199868,725.0625258360014,0.003184849862009287,1.0,1.0,1.0,1.0,1.1371069182389938e-05,1.03125,0.0,2.0,hard|medium|easy
test,0,5,235,32,0.5283434950033552,124.38999228600005,725.5914481100044,0.3176213800907135,0.9375,0.9375,0.9375,0.9375,1.1362683438155138e-05,0.9375,0.0,2.0,easy|hard|medium
test,0,5,236,32,0.5271905550034717,124.9177311329986,726.1191869040049,0.0011059659300372005,1.0,1.0,1.0,1.0,1.1354297693920335e-05,1.09375,0.0,2.0,hard|medium|easy
test,0,5,237,32,0.5291517680016113,125.44740398700378,726.6488598200012,0.03827787563204765,0.9761904761904762,0.96875,0.9583333333333333,0.9660657476139979,1.1345911949685535e-05,0.875,0.0,2.0,hard|medium|easy
test,0,5,238,32,0.5281615170024452,125.97612358100014,727.177579422998,0.0009825605666264892,1.0,1.0,1.0,1.0,1.1337526205450735e-05,0.90625,0.0,2.0,medium|easy|hard
test,0,5,239,32,0.5285713659977773,126.50527160500496,727.7067274459987,0.0009866813197731972,1.0,1.0,1.0,1.0,1.1329140461215932e-05,0.875,0.0,2.0,easy|medium|hard
test,0,5,240,32,0.5273596330007422,127.03320272199926,728.234658500005,0.021358082070946693,1.0,1.0,1.0,1.0,1.1320754716981132e-05,0.96875,0.0,2.0,easy|hard|medium
test,0,5,241,32,0.5286206509990734,127.56250143600482,728.7639572109983,0.0009109557722695172,1.0,1.0,1.0,1.0,1.1312368972746333e-05,1.125,0.0,2.0,easy|hard|medium
test,0,5,242,32,0.5283327209981508,128.09141026900033,729.292866030999,0.006166407838463783,1.0,1.0,1.0,1.0,1.1303983228511531e-05,0.875,0.0,2.0,hard|medium|easy
test,0,5,243,32,0.5276236689969664,128.61967723999987,729.8211330929989,0.018935315310955048,1.0,1.0,1.0,1.0,1.129559748427673e-05,0.65625,0.0,2.0,hard|easy|medium
test,0,5,244,32,0.528585917003511,129.14880000900303,730.3502557870015,0.0077272928319871426,1.0,1.0,1.0,1.0,1.128721174004193e-05,0.9375,0.0,2.0,easy|medium|hard
test,0,5,245,32,0.5282429430008051,129.67748952400143,730.8789452940036,0.2761475145816803,0.9375,0.9375,0.9375,0.9375,1.1278825995807128e-05,1.25,0.0,2.0,hard|easy|medium
test,0,5,246,32,0.5278752419981174,130.2059901169996,731.4074458840041,0.002735732588917017,1.0,1.0,1.0,1.0,1.1270440251572328e-05,0.84375,0.0,2.0,easy|medium|hard
test,0,5,247,32,0.5267524519949802,130.73318788200413,731.9346437200002,0.0017371631693094969,1.0,1.0,1.0,1.0,1.1262054507337527e-05,0.65625,0.0,2.0,medium|easy|hard
test,0,5,248,32,0.5286393579954165,131.26239845400414,732.4638546370043,0.052354395389556885,0.9666666666666667,0.96875,0.9722222222222222,0.9684729064039409,1.1253668763102725e-05,0.875,0.0,2.0,hard|easy|medium
test,0,5,249,32,0.5280482879970805,131.79103545500402,732.992491265999,0.0005668239900842309,1.0,1.0,1.0,1.0,1.1245283018867926e-05,1.0,0.0,2.0,medium|easy|hard
test,0,5,250,32,0.5276792410004418,132.31928625699948,733.520742020999,0.0008790543070062995,1.0,1.0,1.0,1.0,1.1236897274633126e-05,0.875,0.0,2.0,hard|medium|easy
test,0,5,251,32,0.5291720349996467,132.84903693800152,734.0504928110022,0.22398503124713898,0.9615384615384616,0.96875,0.975,0.9671794871794872,1.1228511530398323e-05,0.96875,0.0,2.0,hard|medium|easy
test,0,5,252,32,0.5286591289986973,133.37829867300024,734.5797544430025,0.0005552666843868792,1.0,1.0,1.0,1.0,1.1220125786163523e-05,1.03125,0.0,2.0,hard|medium|easy
test,0,5,253,32,0.5280918810021831,133.90693626600114,735.1083920790043,0.15629708766937256,0.96875,0.96875,0.9705882352941176,0.9687194525904204,1.1211740041928723e-05,1.0,0.0,2.0,easy|hard|medium
test,0,5,254,32,0.5284666330044274,134.4359132239988,735.6373691670015,0.0014987216563895345,1.0,1.0,1.0,1.0,1.120335429769392e-05,1.0,0.0,2.0,easy|medium|hard
test,0,5,255,32,0.5286327979993075,134.96507391100022,736.1665296790015,0.18126967549324036,0.9722222222222222,0.96875,0.9666666666666667,0.9684729064039409,1.119496855345912e-05,1.09375,0.0,2.0,easy|hard|medium
test,0,5,256,32,0.5276263560008374,135.49327335099952,736.6947291059987,0.18207059800624847,0.9761904761904762,0.96875,0.9583333333333333,0.9660657476139979,1.118658280922432e-05,1.03125,0.0,2.0,medium|easy|hard
test,0,5,257,32,0.5277665560060996,136.0215939289992,737.2230496949996,0.008201884105801582,1.0,1.0,1.0,1.0,1.1178197064989517e-05,0.96875,0.0,2.0,medium|hard|easy
test,0,5,258,32,0.529156910997699,136.55130541600374,737.7527615590006,0.15699756145477295,0.9782608695652174,0.96875,0.95,0.9625730994152046,1.1169811320754717e-05,0.75,0.0,2.0,medium|easy|hard
test,0,5,259,32,0.528112157000578,137.0800181970044,738.2814739660025,0.17154298722743988,0.9411764705882353,0.9375,0.9411764705882353,0.9375,1.1161425576519917e-05,0.9375,0.0,2.0,easy|medium|hard
test,0,5,260,32,0.5279473179980414,137.6085198369983,738.8099760160039,0.000624719075858593,1.0,1.0,1.0,1.0,1.1153039832285116e-05,0.875,0.0,2.0,easy|hard|medium
test,0,5,261,32,0.5284568060014863,138.13774143699993,739.3391972140016,0.11364390701055527,0.96875,0.96875,0.9705882352941176,0.9687194525904204,1.1144654088050314e-05,1.0625,0.0,2.0,easy|medium|hard
test,0,5,262,32,0.5288640159997158,138.66706856200472,739.8685243270011,0.0006619957275688648,1.0,1.0,1.0,1.0,1.1136268343815514e-05,1.21875,0.0,2.0,easy|hard|medium
test,0,5,263,32,0.5278529019997222,139.19540158000018,740.3968573620004,0.00090185203589499,1.0,1.0,1.0,1.0,1.1127882599580713e-05,0.875,0.0,2.0,medium|hard|easy
test,0,5,264,32,0.5272317010021652,139.7231012820048,740.9245570710045,0.0008469755994156003,1.0,1.0,1.0,1.0,1.1119496855345913e-05,0.96875,0.0,2.0,easy|medium|hard
test,0,5,265,6,0.15894463600125164,139.88253054000234,741.0839863159999,0.0005004275590181351,1.0,1.0,1.0,1.0,1.1111111111111113e-05,1.3333333730697632,0.0,2.0,hard|medium|easy
test,0,6,1,32,0.5319933049977408,0.6189441980022821,752.0565669720017,0.0009060432203114033,1.0,1.0,1.0,1.0,1.110272536687631e-05,1.21875,0.0,2.0,medium|hard|easy
test,0,6,2,32,0.5283617009990849,1.1481347549997736,752.5857538440032,0.0011323902290314436,1.0,1.0,1.0,1.0,1.109433962264151e-05,0.6875,0.0,2.0,easy|medium|hard
test,0,6,3,32,0.5279775390008581,1.6767352509996272,753.1143543240032,0.004940730519592762,1.0,1.0,1.0,1.0,1.108595387840671e-05,1.0625,0.0,2.0,hard|easy|medium
test,0,6,4,32,0.5287561580043985,2.206022666003264,753.643641745999,0.05477067455649376,0.9705882352941176,0.96875,0.96875,0.9687194525904204,1.1077568134171907e-05,0.75,0.0,2.0,easy|medium|hard
test,0,6,5,32,0.5287026959995274,2.7352703840006143,754.1728894620028,0.0016175431665033102,1.0,1.0,1.0,1.0,1.1069182389937107e-05,0.9375,0.0,2.0,easy|medium|hard
test,0,6,6,32,0.5281990459989174,3.2640461339979083,754.7016652189996,0.0029345271177589893,1.0,1.0,1.0,1.0,1.1060796645702308e-05,1.0,0.0,2.0,medium|hard|easy
test,0,6,7,32,0.5289852909991168,3.793642397999065,755.2312618159995,0.16377872228622437,0.9736842105263157,0.96875,0.9642857142857143,0.967967967967968,1.1052410901467504e-05,1.03125,0.0,2.0,easy|hard|medium
test,0,6,8,32,0.528674534005404,4.322849976000725,755.7604690680018,0.001732101896777749,1.0,1.0,1.0,1.0,1.1044025157232705e-05,1.09375,0.0,2.0,medium|easy|hard
test,0,6,9,32,0.5287214990021312,4.852093770998181,756.2897128340046,0.0011238872539252043,1.0,1.0,1.0,1.0,1.1035639412997905e-05,1.09375,0.0,2.0,hard|easy|medium
test,0,6,10,32,0.5278475109953433,5.380494338001881,756.8181134929982,0.02124154195189476,1.0,1.0,1.0,1.0,1.1027253668763103e-05,0.84375,0.0,2.0,easy|medium|hard
test,0,6,11,32,0.5287694370053941,5.909853746001318,757.3474728130022,0.1527242660522461,0.975,0.96875,0.9615384615384616,0.9671794871794872,1.1018867924528302e-05,1.0,0.0,2.0,easy|hard|medium
test,0,6,12,32,0.5283071450030548,6.438690257004055,757.8763093290036,0.0005800296785309911,1.0,1.0,1.0,1.0,1.1010482180293502e-05,1.0625,0.0,2.0,easy|hard|medium
test,0,6,13,32,0.5274685460026376,6.966732064000098,758.4043511630007,0.11937572062015533,0.96875,0.96875,0.9705882352941176,0.9687194525904204,1.10020964360587e-05,0.90625,0.0,2.0,hard|medium|easy
test,0,6,14,32,0.5287906470039161,7.496063113998389,758.9336822030018,0.21715402603149414,0.9545454545454546,0.9375,0.9166666666666667,0.9307359307359306,1.09937106918239e-05,1.25,0.0,2.0,medium|hard|easy
test,0,6,15,32,0.5293976030006888,8.026105457000085,759.4637246670027,0.0006594856386072934,1.0,1.0,1.0,1.0,1.09853249475891e-05,1.0625,0.0,2.0,medium|hard|easy
test,0,6,16,32,0.5282010770024499,8.554930703998252,759.9925497779986,0.00067224504891783,1.0,1.0,1.0,1.0,1.0976939203354298e-05,1.28125,0.0,2.0,hard|easy|medium
test,0,6,17,32,0.5283684819951304,9.083832010997867,760.5214511189988,0.0010947934351861477,1.0,1.0,1.0,1.0,1.0968553459119498e-05,0.96875,0.0,2.0,easy|hard|medium
test,0,6,18,32,0.5287749080016511,9.613202922002529,761.050822033998,0.0004968974972143769,1.0,1.0,1.0,1.0,1.0960167714884698e-05,1.0,0.0,2.0,hard|medium|easy
test,0,6,19,32,0.5288260480010649,10.142569130002812,761.5801882070009,0.0006448706844821572,1.0,1.0,1.0,1.0,1.0951781970649895e-05,1.125,0.0,2.0,easy|medium|hard
test,0,6,20,32,0.5270968900003936,10.670218245002616,762.107837427,0.023468319326639175,0.9705882352941176,0.96875,0.96875,0.9687194525904204,1.0943396226415095e-05,1.0,0.0,2.0,medium|easy|hard
test,0,6,21,32,0.5294594449951546,11.200213165000605,762.6378323520039,0.0005810357397422194,1.0,1.0,1.0,1.0,1.0935010482180295e-05,1.15625,0.0,2.0,medium|easy|hard
test,0,6,22,32,0.5285949609969975,11.729385582999384,763.1670047599982,0.0005789793794974685,1.0,1.0,1.0,1.0,1.0926624737945492e-05,0.96875,0.0,2.0,medium|easy|hard
test,0,6,23,32,0.528767975003575,12.258686129003763,763.6963052089995,0.0005966608878225088,1.0,1.0,1.0,1.0,1.0918238993710692e-05,1.21875,0.0,2.0,hard|medium|easy
test,0,6,24,32,0.5270123689988395,12.786304934998043,764.223924046004,0.002476389054208994,1.0,1.0,1.0,1.0,1.0909853249475892e-05,0.875,0.0,2.0,hard|easy|medium
test,0,6,25,32,0.528988190999371,13.315897897002287,764.753516968005,0.0011631959350779653,1.0,1.0,1.0,1.0,1.0901467505241091e-05,0.84375,0.0,2.0,medium|easy|hard
test,0,6,26,32,0.5280273700045655,13.844486521004,765.2821055780005,0.07175552845001221,0.9722222222222222,0.96875,0.9666666666666667,0.9684729064039409,1.089308176100629e-05,1.0625,0.0,2.0,medium|hard|easy
test,0,6,27,32,0.5281113629971514,14.373194931999024,765.8108140070035,0.013599232770502567,1.0,1.0,1.0,1.0,1.088469601677149e-05,1.03125,0.0,2.0,medium|hard|easy
test,0,6,28,32,0.5285901860042941,14.902269247999357,766.3398885610004,0.00048694299766793847,1.0,1.0,1.0,1.0,1.0876310272536688e-05,0.84375,0.0,2.0,easy|hard|medium
test,0,6,29,32,0.5285439819999738,15.431297126997379,766.8689162090013,0.003930398263037205,1.0,1.0,1.0,1.0,1.0867924528301888e-05,0.90625,0.0,2.0,medium|easy|hard
test,0,6,30,32,0.5279125060042134,15.959811510998406,767.3974305860029,0.010066631250083447,1.0,1.0,1.0,1.0,1.0859538784067087e-05,1.21875,0.0,2.0,easy|hard|medium
test,0,6,31,32,0.5286489190038992,16.489022041998396,767.9266411100034,0.00973430834710598,1.0,1.0,1.0,1.0,1.0851153039832285e-05,1.03125,0.0,2.0,hard|easy|medium
test,0,6,32,32,0.528964265002287,17.018557568997494,768.4561766449988,0.0007626805454492569,1.0,1.0,1.0,1.0,1.0842767295597485e-05,1.15625,0.0,2.0,easy|medium|hard
test,0,6,33,32,0.5281745000029332,17.547382379001647,768.9850014710028,0.005003470927476883,1.0,1.0,1.0,1.0,1.0834381551362686e-05,1.0,0.0,2.0,hard|medium|easy
test,0,6,34,32,0.5277147919987328,18.075648425001418,769.5132675080022,0.0007189554162323475,1.0,1.0,1.0,1.0,1.0825995807127882e-05,0.875,0.0,2.0,medium|easy|hard
test,0,6,35,32,0.5286150160027319,18.604823088004196,770.0424421839998,0.0006348690949380398,1.0,1.0,1.0,1.0,1.0817610062893083e-05,1.09375,0.0,2.0,easy|medium|hard
test,0,6,36,32,0.5285204109968618,19.133917846003897,770.5715369259997,0.0006350120529532433,1.0,1.0,1.0,1.0,1.0809224318658283e-05,1.21875,0.0,2.0,medium|easy|hard
test,0,6,37,32,0.5273796190012945,19.661748336999153,771.0993677750012,0.18953478336334229,0.9736842105263157,0.96875,0.9642857142857143,0.967967967967968,1.080083857442348e-05,1.0,0.0,2.0,hard|medium|easy
test,0,6,38,32,0.5290700449986616,20.1914079210037,771.6290270040045,0.019200017675757408,1.0,1.0,1.0,1.0,1.079245283018868e-05,0.90625,0.0,2.0,easy|medium|hard
test,0,6,39,32,0.529181644997152,20.721134133003943,772.158753208998,0.0007753639947623014,1.0,1.0,1.0,1.0,1.078406708595388e-05,0.8125,0.0,2.0,hard|easy|medium
test,0,6,40,32,0.5279123750005965,21.249601043004077,772.6872201959995,0.131465882062912,0.96875,0.96875,0.9705882352941176,0.9687194525904204,1.0775681341719077e-05,0.90625,0.0,2.0,hard|medium|easy
test,0,6,41,32,0.5278794840050978,21.77808246800123,773.2157015570046,0.002204551361501217,1.0,1.0,1.0,1.0,1.0767295597484277e-05,1.09375,0.0,2.0,medium|hard|easy
test,0,6,42,32,0.5282422769960249,22.306854331000068,773.7444734169985,0.0004876506864093244,1.0,1.0,1.0,1.0,1.0758909853249477e-05,1.1875,0.0,2.0,medium|hard|easy
test,0,6,43,32,0.528621113000554,22.836055968000437,774.2736750449985,0.0004324221226852387,1.0,1.0,1.0,1.0,1.0750524109014676e-05,0.84375,0.0,2.0,medium|hard|easy
test,0,6,44,32,0.5271080070015159,23.363635934998456,774.8012551350039,0.0003535141295287758,1.0,1.0,1.0,1.0,1.0742138364779874e-05,0.84375,0.0,2.0,medium|easy|hard
test,0,6,45,32,0.5286283310051658,23.892773270999896,775.3303924229986,0.21800090372562408,0.9722222222222222,0.96875,0.9666666666666667,0.9684729064039409,1.0733752620545074e-05,0.96875,0.0,2.0,medium|hard|easy
test,0,6,46,32,0.5292697990007582,24.42259660900163,775.8602157069981,0.1798219531774521,0.9736842105263157,0.96875,0.9642857142857143,0.967967967967968,1.0725366876310273e-05,0.9375,0.0,2.0,medium|hard|easy
test,0,6,47,32,0.5281762770027854,24.95137388799776,776.3889929709985,0.000791773374658078,1.0,1.0,1.0,1.0,1.0716981132075473e-05,1.15625,0.0,2.0,medium|hard|easy
test,0,6,48,32,0.5277043819951359,25.479723014002957,776.9173421040032,0.0006075387354940176,1.0,1.0,1.0,1.0,1.0708595387840673e-05,1.1875,0.0,2.0,hard|easy|medium
test,0,6,49,32,0.5289267540065339,26.009276782002416,777.4468960259983,0.0005651305546052754,1.0,1.0,1.0,1.0,1.070020964360587e-05,0.875,0.0,2.0,medium|hard|easy
test,0,6,50,32,0.5285088650052785,26.53837810800178,777.9759971910025,0.0004504687967710197,1.0,1.0,1.0,1.0,1.069182389937107e-05,1.0625,0.0,2.0,easy|medium|hard
test,0,6,51,32,0.5279045819988823,27.066886300999613,778.5045054069997,0.00046404433669522405,1.0,1.0,1.0,1.0,1.068343815513627e-05,0.875,0.0,2.0,easy|medium|hard
test,0,6,52,32,0.5290938800026197,27.596562069003994,779.0341811539984,0.000895984354428947,1.0,1.0,1.0,1.0,1.0675052410901467e-05,1.03125,0.0,2.0,hard|medium|easy
test,0,6,53,32,0.5282146250028745,28.12539893200301,779.5630180209992,0.0005186974303796887,1.0,1.0,1.0,1.0,1.0666666666666667e-05,1.15625,0.0,2.0,medium|easy|hard
test,0,6,54,32,0.5280395199952181,28.653974715001823,780.0915937989994,0.0005141791189089417,1.0,1.0,1.0,1.0,1.0658280922431867e-05,1.125,0.0,2.0,hard|easy|medium
test,0,6,55,32,0.5271609260016703,29.181733507997706,780.6193525970011,0.244983971118927,0.9615384615384616,0.96875,0.975,0.9671794871794872,1.0649895178197064e-05,1.0,0.0,2.0,easy|medium|hard
test,0,6,56,32,0.5285117950043059,29.71078136700089,781.1484004550002,0.0007010538829490542,1.0,1.0,1.0,1.0,1.0641509433962264e-05,1.03125,0.0,2.0,medium|easy|hard
test,0,6,57,32,0.5281482110003708,30.239488646002428,781.6771077209996,0.0009695789194665849,1.0,1.0,1.0,1.0,1.0633123689727465e-05,1.09375,0.0,2.0,easy|hard|medium
test,0,6,58,32,0.5275003589995322,30.76756087299873,782.2051799550027,0.0005507304449565709,1.0,1.0,1.0,1.0,1.0624737945492663e-05,1.03125,0.0,2.0,medium|hard|easy
test,0,6,59,32,0.5289180330000818,31.296991946997878,782.7346110380022,0.0004994234768673778,1.0,1.0,1.0,1.0,1.0616352201257862e-05,1.21875,0.0,2.0,easy|medium|hard
test,0,6,60,32,0.5283374169957824,31.82588580599986,783.2635050969984,0.20464399456977844,0.9761904761904762,0.96875,0.9583333333333333,0.9660657476139979,1.0607966457023062e-05,0.84375,0.0,2.0,easy|hard|medium
test,0,6,61,32,0.5282433440006571,32.35473184299917,783.7923509149987,0.04520665854215622,0.9615384615384616,0.96875,0.975,0.9671794871794872,1.059958071278826e-05,1.1875,0.0,2.0,medium|hard|easy
test,0,6,62,32,0.5286791929975152,32.883971287999884,784.3215903689998,0.06346068531274796,0.9736842105263157,0.96875,0.9642857142857143,0.967967967967968,1.059119496855346e-05,0.8125,0.0,2.0,medium|hard|easy
test,0,6,63,32,0.5294974709977396,33.4140077789998,784.8516268780004,0.0005729192635044456,1.0,1.0,1.0,1.0,1.0582809224318659e-05,1.09375,0.0,2.0,hard|easy|medium
test,0,6,64,32,0.5281629089950002,33.94274193199817,785.3803610739997,0.0008183769532479346,1.0,1.0,1.0,1.0,1.0574423480083858e-05,0.84375,0.0,2.0,easy|hard|medium
test,0,6,65,32,0.528290611000557,34.47161080100341,785.909229886005,0.0006679705111309886,1.0,1.0,1.0,1.0,1.0566037735849058e-05,0.9375,0.0,2.0,medium|hard|easy
test,0,6,66,32,0.5284558409985038,35.000699613003235,786.4383186870036,0.000677940552122891,1.0,1.0,1.0,1.0,1.0557651991614258e-05,1.0625,0.0,2.0,hard|easy|medium
test,0,6,67,32,0.5284359270008281,35.529737183002,786.9673562750031,0.0019159120274707675,1.0,1.0,1.0,1.0,1.0549266247379455e-05,1.03125,0.0,2.0,medium|hard|easy
test,0,6,68,32,0.5281574119944707,36.058435299004486,787.496054381998,0.0007984248222783208,1.0,1.0,1.0,1.0,1.0540880503144655e-05,0.96875,0.0,2.0,medium|hard|easy
test,0,6,69,32,0.5291286930005299,36.58802269500302,788.0256417810015,0.0006858910201117396,1.0,1.0,1.0,1.0,1.0532494758909855e-05,1.03125,0.0,2.0,hard|easy|medium
test,0,6,70,32,0.5287458320017322,37.11734835099924,788.5549674420035,0.0016391999088227749,1.0,1.0,1.0,1.0,1.0524109014675052e-05,1.03125,0.0,2.0,medium|hard|easy
test,0,6,71,32,0.528467324002122,37.64639595599874,789.0840150520016,0.0027385344728827477,1.0,1.0,1.0,1.0,1.0515723270440252e-05,0.90625,0.0,2.0,medium|easy|hard
test,0,6,72,32,0.5274278619981487,38.17439942999772,789.6120187550041,0.003839661367237568,1.0,1.0,1.0,1.0,1.0507337526205452e-05,0.90625,0.0,2.0,hard|easy|medium
test,0,6,73,32,0.5289156440048828,38.70385451999755,790.1414736010047,0.0005402796668931842,1.0,1.0,1.0,1.0,1.049895178197065e-05,0.625,0.0,2.0,medium|hard|easy
test,0,6,74,32,0.5287380110021331,39.233145819998754,790.6707649029995,0.15513423085212708,0.9722222222222222,0.96875,0.9666666666666667,0.9684729064039409,1.049056603773585e-05,1.0625,0.0,2.0,medium|hard|easy
test,0,6,75,32,0.5276034310008981,39.761357552000845,791.1989766500046,0.028373679146170616,0.975,0.96875,0.9615384615384616,0.9671794871794872,1.048218029350105e-05,0.84375,0.0,2.0,medium|easy|hard
test,0,6,76,32,0.5292165930004558,40.291143870003,791.7287629589991,0.0005491774063557386,1.0,1.0,1.0,1.0,1.0473794549266248e-05,1.15625,0.0,2.0,hard|medium|easy
test,0,6,77,32,0.5285056200009421,40.82025226800033,792.2578713519979,0.00046267779543995857,1.0,1.0,1.0,1.0,1.0465408805031448e-05,0.6875,0.0,2.0,easy|medium|hard
test,0,6,78,32,0.5283654629965895,41.34924006200163,792.7868591570004,0.001647645141929388,1.0,1.0,1.0,1.0,1.0457023060796647e-05,0.96875,0.0,2.0,hard|medium|easy
test,0,6,79,32,0.5269895199962775,41.876840630000515,793.314459715999,0.0006452782545238733,1.0,1.0,1.0,1.0,1.0448637316561845e-05,0.84375,0.0,2.0,easy|medium|hard
test,0,6,80,32,0.5287831940004253,42.40617907499836,793.843798163005,0.000912071205675602,1.0,1.0,1.0,1.0,1.0440251572327045e-05,0.875,0.0,2.0,easy|hard|medium
test,0,6,81,32,0.528986391997023,42.93566904099862,794.3732884230049,0.00047825335059314966,1.0,1.0,1.0,1.0,1.0431865828092245e-05,0.90625,0.0,2.0,medium|hard|easy
test,0,6,82,32,0.5276486680013477,43.463784138002666,794.9014032080013,0.019824758172035217,1.0,1.0,1.0,1.0,1.0423480083857442e-05,0.9375,0.0,2.0,easy|hard|medium
test,0,6,83,32,0.5287622649993864,43.993101056999876,795.4307201660049,0.00040523719508200884,1.0,1.0,1.0,1.0,1.0415094339622642e-05,1.0625,0.0,2.0,hard|medium|easy
test,0,6,84,32,0.5281953660014551,44.52189655999973,795.9595156580035,0.0049950601533055305,1.0,1.0,1.0,1.0,1.0406708595387843e-05,0.90625,0.0,2.0,easy|hard|medium
test,0,6,85,32,0.5281972629964002,45.0505609920001,796.4881800630028,0.02155301719903946,1.0,1.0,1.0,1.0,1.039832285115304e-05,1.0,0.0,2.0,hard|easy|medium
test,0,6,86,32,0.5281409510062076,45.57922391100146,797.0168429920013,0.0007588971639052033,1.0,1.0,1.0,1.0,1.038993710691824e-05,1.09375,0.0,2.0,hard|easy|medium
test,0,6,87,32,0.5289044429955538,46.108642632003466,797.546261716001,0.0006003064336255193,1.0,1.0,1.0,1.0,1.038155136268344e-05,1.1875,0.0,2.0,medium|easy|hard
test,0,6,88,32,0.5275483549994533,46.63675501599937,798.0743742289997,0.09843020886182785,0.9736842105263157,0.96875,0.9642857142857143,0.967967967967968,1.0373165618448637e-05,1.1875,0.0,2.0,medium|hard|easy
test,0,6,89,32,0.5276905360005912,47.16490583099949,798.6025249040031,0.00036535313120111823,1.0,1.0,1.0,1.0,1.0364779874213837e-05,1.125,0.0,2.0,easy|hard|medium
test,0,6,90,32,0.5293184709953493,47.694771775000845,799.1323908589984,0.0006912871031090617,1.0,1.0,1.0,1.0,1.0356394129979037e-05,0.75,0.0,2.0,easy|medium|hard
test,0,6,91,32,0.5283427039976232,48.2236676370012,799.661286786999,0.0020581725984811783,1.0,1.0,1.0,1.0,1.0348008385744235e-05,1.0625,0.0,2.0,hard|medium|easy
test,0,6,92,32,0.5274417300024652,48.75168121400202,800.1893003000005,0.020676642656326294,1.0,1.0,1.0,1.0,1.0339622641509434e-05,1.1875,0.0,2.0,easy|medium|hard
test,0,6,93,32,0.5286977340001613,49.28098162599781,800.7186007179989,0.00036251891287975013,1.0,1.0,1.0,1.0,1.0331236897274634e-05,1.1875,0.0,2.0,medium|easy|hard
test,0,6,94,32,0.5286238639964722,49.81011170700367,801.2477308300004,0.00039337194175459445,1.0,1.0,1.0,1.0,1.0322851153039833e-05,1.03125,0.0,2.0,hard|medium|easy
test,0,6,95,32,0.5274391740022111,50.33817346399883,801.7757925440019,0.0008052968187257648,1.0,1.0,1.0,1.0,1.0314465408805033e-05,1.03125,0.0,2.0,medium|easy|hard
test,0,6,96,32,0.5274905330006732,50.86624513300194,802.3038642910033,0.0016635279171168804,1.0,1.0,1.0,1.0,1.0306079664570231e-05,0.96875,0.0,2.0,medium|hard|easy
test,0,6,97,32,0.5286729549989104,51.39548625700263,802.8331053500006,0.0004479511990211904,1.0,1.0,1.0,1.0,1.029769392033543e-05,1.1875,0.0,2.0,medium|hard|easy
test,0,6,98,32,0.5284092719957698,51.92441160100134,803.3620306919984,0.00037390674697235227,1.0,1.0,1.0,1.0,1.028930817610063e-05,1.15625,0.0,2.0,hard|easy|medium
test,0,6,99,32,0.5271601599961286,52.45214960600424,803.8897686920027,0.0006339466781355441,1.0,1.0,1.0,1.0,1.028092243186583e-05,0.96875,0.0,2.0,hard|medium|easy
test,0,6,100,32,0.5289058959970134,52.98160810900299,804.4192272069995,0.00042905390728265047,1.0,1.0,1.0,1.0,1.0272536687631027e-05,1.28125,0.0,2.0,hard|easy|medium
test,0,6,101,32,0.5288022259992431,53.5108738370036,804.9484929099999,0.0003633631276898086,1.0,1.0,1.0,1.0,1.0264150943396227e-05,0.90625,0.0,2.0,easy|medium|hard
test,0,6,102,32,0.527918467996642,54.039331906998996,805.4769509809994,0.00042739190394058824,1.0,1.0,1.0,1.0,1.0255765199161427e-05,1.15625,0.0,2.0,hard|easy|medium
test,0,6,103,32,0.5275240999981179,54.567451103001076,806.005070185005,0.0003588482504710555,1.0,1.0,1.0,1.0,1.0247379454926624e-05,0.9375,0.0,2.0,hard|easy|medium
test,0,6,104,32,0.528673136002908,55.09667308600183,806.534292164004,0.4784304201602936,0.9444444444444444,0.9375,0.9375,0.9372549019607843,1.0238993710691824e-05,0.6875,0.0,2.0,hard|easy|medium
test,0,6,105,32,0.5282435140034067,55.62546872100211,807.063087814,0.28540101647377014,0.9375,0.9375,0.9444444444444444,0.9372549019607843,1.0230607966457024e-05,1.0625,0.0,2.0,medium|hard|easy
test,0,6,106,32,0.5270401029993081,56.1530479810026,807.5906670760014,0.036575473845005035,0.9736842105263157,0.96875,0.9642857142857143,0.967967967967968,1.0222222222222223e-05,1.1875,0.0,2.0,medium|hard|easy
test,0,6,107,32,0.5293951889980235,56.682952866998676,808.1205719650025,0.0037823240272700787,1.0,1.0,1.0,1.0,1.0213836477987421e-05,0.96875,0.0,2.0,easy|hard|medium
test,0,6,108,32,0.5288948230008828,57.21237034800288,808.6499894430017,0.00039320168434642255,1.0,1.0,1.0,1.0,1.0205450733752622e-05,0.8125,0.0,2.0,hard|easy|medium
test,0,6,109,32,0.5281041329944856,57.7410690780016,809.1786881630032,0.12086521834135056,0.975,0.96875,0.9615384615384616,0.9671794871794872,1.019706498951782e-05,0.9375,0.0,2.0,medium|hard|easy
test,0,6,110,32,0.5274972830011393,58.269127701998514,809.7067468520036,0.00041414127917960286,1.0,1.0,1.0,1.0,1.018867924528302e-05,1.21875,0.0,2.0,hard|medium|easy
test,0,6,111,32,0.5291444649992627,58.79886809099844,810.2364871809987,0.0006678815116174519,1.0,1.0,1.0,1.0,1.0180293501048219e-05,1.0625,0.0,2.0,easy|medium|hard
test,0,6,112,32,0.5285956380030257,59.32803294900077,810.7656520439996,0.10206542164087296,0.9230769230769231,0.9375,0.9523809523809523,0.9333333333333333,1.0171907756813417e-05,0.875,0.0,2.0,easy|medium|hard
test,0,6,113,32,0.52750400199875,59.85605175299861,811.2936708449997,0.0036475826054811478,1.0,1.0,1.0,1.0,1.0163522012578618e-05,1.15625,0.0,2.0,hard|medium|easy
test,0,6,114,32,0.5292050070056575,60.38578513500397,811.8234042120021,0.11929679661989212,0.9722222222222222,0.96875,0.9666666666666667,0.9684729064039409,1.0155136268343818e-05,0.875,0.0,2.0,hard|medium|easy
test,0,6,115,32,0.5280191899946658,60.914327762999164,812.3519468380036,0.06552077829837799,0.9761904761904762,0.96875,0.9583333333333333,0.9660657476139979,1.0146750524109014e-05,1.03125,0.0,2.0,medium|hard|easy
test,0,6,116,32,0.5278740350040607,61.44275674600067,812.8803758310023,0.00040340618579648435,1.0,1.0,1.0,1.0,1.0138364779874215e-05,0.84375,0.0,2.0,easy|medium|hard
test,0,6,117,32,0.5271808180041262,61.97058130500227,813.4082003810036,0.004407326690852642,1.0,1.0,1.0,1.0,1.0129979035639415e-05,0.96875,0.0,2.0,hard|medium|easy
test,0,6,118,32,0.5283732919997419,62.499501333004446,813.9371204100025,0.0007625098223797977,1.0,1.0,1.0,1.0,1.0121593291404612e-05,0.90625,0.0,2.0,easy|medium|hard
test,0,6,119,32,0.5283651240024483,63.028486192000855,814.4661053200034,0.0579068697988987,0.9736842105263157,0.96875,0.9642857142857143,0.967967967967968,1.0113207547169812e-05,1.0,0.0,2.0,hard|easy|medium
test,0,6,120,32,0.5282032499962952,63.55725265900401,814.9948717369989,0.0003951211110688746,1.0,1.0,1.0,1.0,1.0104821802935012e-05,1.25,0.0,2.0,easy|medium|hard
test,0,6,121,32,0.5287610360028339,64.086623039002,815.5242421939984,0.0004875362210441381,1.0,1.0,1.0,1.0,1.009643605870021e-05,0.8125,0.0,2.0,hard|medium|easy
test,0,6,122,32,0.5286508360004518,64.6158023809985,816.053421468001,0.0004059791099280119,1.0,1.0,1.0,1.0,1.0088050314465409e-05,0.90625,0.0,2.0,easy|medium|hard
test,0,6,123,32,0.5283290919978754,65.1447036660029,816.5823228340014,0.0004020966007374227,1.0,1.0,1.0,1.0,1.007966457023061e-05,1.15625,0.0,2.0,hard|easy|medium
test,0,6,124,32,0.5286165949946735,65.6738962849995,817.1115153670034,0.21931058168411255,0.975,0.96875,0.9615384615384616,0.9671794871794872,1.0071278825995808e-05,0.90625,0.0,2.0,medium|easy|hard
test,0,6,125,32,0.5285201039951062,66.20299109200278,817.6406101760003,0.0005335289752110839,1.0,1.0,1.0,1.0,1.0062893081761008e-05,1.1875,0.0,2.0,medium|easy|hard
test,0,6,126,32,0.5277646419999655,66.73136230099772,818.1689813880002,0.00723088625818491,1.0,1.0,1.0,1.0,1.0054507337526206e-05,1.03125,0.0,2.0,hard|medium|easy
test,0,6,127,32,0.5277735739946365,67.25971206300164,818.6973311480033,0.0007075477624312043,1.0,1.0,1.0,1.0,1.0046121593291405e-05,0.71875,0.0,2.0,easy|hard|medium
test,0,6,128,32,0.5283470869981102,67.78862285499781,819.226241936005,0.2327488213777542,0.975,0.96875,0.9615384615384616,0.9671794871794872,1.0037735849056605e-05,1.03125,0.0,2.0,hard|medium|easy
test,0,6,129,32,0.5283540629970958,68.31759619800141,819.7552152900025,0.00034222795511595905,1.0,1.0,1.0,1.0,1.0029350104821805e-05,1.09375,0.0,2.0,medium|easy|hard
test,0,6,130,32,0.5276980210037436,68.84584774399991,820.283466820998,0.0007115566404536366,1.0,1.0,1.0,1.0,1.0020964360587002e-05,1.03125,0.0,2.0,easy|medium|hard
test,0,6,131,32,0.5288351490016794,69.37528567000118,820.8129047580005,0.00679027009755373,1.0,1.0,1.0,1.0,1.0012578616352202e-05,0.90625,0.0,2.0,easy|medium|hard
test,0,6,132,32,0.5288039119986934,69.9046814789981,821.3423005560035,0.11282183229923248,0.96875,0.96875,0.9705882352941176,0.9687194525904204,1.0004192872117402e-05,0.90625,0.0,2.0,easy|medium|hard
test,0,6,133,32,0.5280279870057711,70.43324351100455,821.8708626000007,0.00035659378045238554,1.0,1.0,1.0,1.0,9.995807127882601e-06,1.0625,0.0,2.0,hard|easy|medium
test,0,6,134,32,0.528293012001086,70.96212444100092,822.3997435269994,0.0004945241380482912,1.0,1.0,1.0,1.0,9.9874213836478e-06,0.9375,0.0,2.0,easy|hard|medium
test,0,6,135,32,0.5284573559983983,71.49122114000056,822.9288402899983,0.0005682786577381194,1.0,1.0,1.0,1.0,9.979035639412998e-06,1.03125,0.0,2.0,easy|hard|medium
test,0,6,136,32,0.5283461229992099,72.02022112099803,823.4578402429979,0.09974344819784164,0.9736842105263157,0.96875,0.9642857142857143,0.967967967967968,9.970649895178198e-06,0.875,0.0,2.0,easy|medium|hard
test,0,6,137,32,0.5271816860040417,72.54801429300278,823.9856333860007,0.000368286098819226,1.0,1.0,1.0,1.0,9.962264150943397e-06,1.09375,0.0,2.0,hard|easy|medium
test,0,6,138,32,0.52921206800238,73.07777510400047,824.5153942070028,0.0009811101481318474,1.0,1.0,1.0,1.0,9.953878406708595e-06,0.875,0.0,2.0,hard|medium|easy
test,0,6,139,32,0.5286953040049411,73.60706826100068,825.0446873539986,0.0005357679910957813,1.0,1.0,1.0,1.0,9.945492662473795e-06,1.03125,0.0,2.0,hard|easy|medium
test,0,6,140,32,0.5281355800034362,74.13578183500067,825.5734009240041,0.0003955749562010169,1.0,1.0,1.0,1.0,9.937106918238994e-06,0.96875,0.0,2.0,easy|medium|hard
test,0,6,141,32,0.5277377239981433,74.66408991200296,826.1017090090027,0.0004179651150479913,1.0,1.0,1.0,1.0,9.928721174004194e-06,1.3125,0.0,2.0,hard|easy|medium
test,0,6,142,32,0.5287231890033581,75.19341705999977,826.6310361389988,0.06102489307522774,0.9642857142857143,0.96875,0.9736842105263157,0.967967967967968,9.920335429769392e-06,1.15625,0.0,2.0,hard|medium|easy
test,0,6,143,32,0.528530799994769,75.72250923600222,827.1601283220007,0.007268930785357952,1.0,1.0,1.0,1.0,9.911949685534593e-06,1.15625,0.0,2.0,easy|hard|medium
test,0,6,144,32,0.5277003590017557,76.25085593300173,827.6884750960016,0.023814529180526733,1.0,1.0,1.0,1.0,9.903563941299791e-06,0.9375,0.0,2.0,hard|medium|easy
test,0,6,145,32,0.5290825920019415,76.78051665800012,828.2181357520021,0.26727181673049927,0.9666666666666667,0.96875,0.9722222222222222,0.9684729064039409,9.895178197064991e-06,1.1875,0.0,2.0,hard|medium|easy
test,0,6,146,32,0.528278138001042,77.30934982799954,828.7469689380014,0.0006433870294131339,1.0,1.0,1.0,1.0,9.88679245283019e-06,1.125,0.0,2.0,easy|medium|hard
test,0,6,147,32,0.5285083560011117,77.83844566200423,829.276064745005,0.06642401218414307,0.9722222222222222,0.96875,0.9666666666666667,0.9684729064039409,9.878406708595388e-06,1.0625,0.0,2.0,hard|medium|easy
test,0,6,148,32,0.5275799749942962,78.36669063100271,829.8043097170012,0.018739275634288788,1.0,1.0,1.0,1.0,9.870020964360588e-06,1.1875,0.0,2.0,easy|hard|medium
test,0,6,149,32,0.5285943410053733,78.89582467699802,830.3334437599988,0.0004008974938187748,1.0,1.0,1.0,1.0,9.861635220125787e-06,0.90625,0.0,2.0,easy|hard|medium
test,0,6,150,32,0.5280657160037663,79.42450489899784,830.8621239950007,0.0004151949833612889,1.0,1.0,1.0,1.0,9.853249475890985e-06,0.9375,0.0,2.0,easy|medium|hard
test,0,6,151,32,0.5279375669997535,79.95304305200261,831.3906622319992,0.0004730111686512828,1.0,1.0,1.0,1.0,9.844863731656186e-06,0.8125,0.0,2.0,medium|easy|hard
test,0,6,152,32,0.5287720560008893,80.48239203300182,831.9200112160033,0.0005473072524182498,1.0,1.0,1.0,1.0,9.836477987421384e-06,0.8125,0.0,2.0,easy|hard|medium
test,0,6,153,32,0.5285849919964676,81.01160427900322,832.4492233760029,0.000587050337344408,1.0,1.0,1.0,1.0,9.828092243186583e-06,0.9375,0.0,2.0,medium|easy|hard
test,0,6,154,32,0.528123272000812,81.54033832599816,832.977957406998,0.0005549365887418389,1.0,1.0,1.0,1.0,9.819706498951783e-06,0.9375,0.0,2.0,easy|medium|hard
test,0,6,155,32,0.5288574700025492,82.06979661199875,833.5074156980045,0.0005496441153809428,1.0,1.0,1.0,1.0,9.811320754716981e-06,1.15625,0.0,2.0,medium|hard|easy
test,0,6,156,32,0.5287622500036377,82.59913974600204,834.0367588580048,0.00058168382383883,1.0,1.0,1.0,1.0,9.802935010482181e-06,0.8125,0.0,2.0,medium|easy|hard
test,0,6,157,32,0.5279611990044941,83.12770072300191,834.5653198200016,0.00322003779001534,1.0,1.0,1.0,1.0,9.79454926624738e-06,1.1875,0.0,2.0,hard|easy|medium
test,0,6,158,32,0.5279042100009974,83.6561848679994,835.093803937998,0.18428604304790497,0.9666666666666667,0.96875,0.9722222222222222,0.9684729064039409,9.78616352201258e-06,0.875,0.0,2.0,hard|easy|medium
test,0,6,159,32,0.528376885005855,84.18520269900182,835.6228217919997,0.03862115368247032,0.9705882352941176,0.96875,0.96875,0.9687194525904204,9.777777777777779e-06,1.03125,0.0,2.0,easy|hard|medium
test,0,6,160,32,0.5284353750030277,84.71421704800014,836.1518361300041,0.12357073277235031,0.9583333333333333,0.96875,0.9761904761904762,0.9660657476139979,9.769392033542979e-06,1.21875,0.0,2.0,medium|hard|easy
test,0,6,161,32,0.5278052119974745,85.24268114100414,836.6803002200031,0.006761070340871811,1.0,1.0,1.0,1.0,9.761006289308177e-06,0.78125,0.0,2.0,hard|medium|easy
test,0,6,162,32,0.5289974199986318,85.77219951100415,837.2098186020012,0.1518675833940506,0.9722222222222222,0.96875,0.9666666666666667,0.9684729064039409,9.752620545073376e-06,1.21875,0.0,2.0,medium|easy|hard
test,0,6,163,32,0.5284284510053112,86.30113775099744,837.7387568300037,0.2019864171743393,0.96875,0.96875,0.9705882352941176,0.9687194525904204,9.744234800838576e-06,0.75,0.0,2.0,medium|hard|easy
test,0,6,164,32,0.5281942729998264,86.8298811900022,838.2675002770047,0.0005464097484946251,1.0,1.0,1.0,1.0,9.735849056603775e-06,0.96875,0.0,2.0,easy|medium|hard
test,0,6,165,32,0.5279380939973635,87.35836358200322,838.7959826709994,0.23140989243984222,0.9705882352941176,0.96875,0.96875,0.9687194525904204,9.727463312368973e-06,1.1875,0.0,2.0,easy|hard|medium
test,0,6,166,32,0.528932059998624,87.88789013500354,839.3255092219988,0.2647576332092285,0.9,0.90625,0.925,0.9039039039039038,9.719077568134173e-06,1.0,0.0,2.0,medium|hard|easy
test,0,6,167,32,0.5284860870015109,88.41690997299884,839.8545290629991,0.0035226705949753523,1.0,1.0,1.0,1.0,9.710691823899372e-06,0.9375,0.0,2.0,hard|easy|medium
test,0,6,168,32,0.5271137230010936,88.94453352200071,840.3821526009997,0.0011747642420232296,1.0,1.0,1.0,1.0,9.70230607966457e-06,1.0625,0.0,2.0,hard|medium|easy
test,0,6,169,32,0.5294475690025138,89.47456451399921,840.9121837460043,0.20924483239650726,0.9230769230769231,0.9375,0.9523809523809523,0.9333333333333333,9.69392033542977e-06,0.9375,0.0,2.0,hard|easy|medium
test,0,6,170,32,0.5281793720059795,90.00336774800235,841.440986870999,0.0009218279737979174,1.0,1.0,1.0,1.0,9.685534591194969e-06,1.125,0.0,2.0,medium|easy|hard
test,0,6,171,32,0.5281859699971392,90.53213538599812,841.9697545169984,0.027082428336143494,0.9444444444444444,0.96875,0.9791666666666667,0.9599499374217773,9.677148846960169e-06,1.0625,0.0,2.0,easy|medium|hard
test,0,6,172,32,0.5276720289984951,91.06038156700379,842.4980006480037,0.0008373827440664172,1.0,1.0,1.0,1.0,9.668763102725368e-06,1.0,0.0,2.0,medium|easy|hard
test,0,6,173,32,0.529075800004648,91.5899801839987,843.027599275003,0.0011238590814173222,1.0,1.0,1.0,1.0,9.660377358490568e-06,0.84375,0.0,2.0,easy|medium|hard
test,0,6,174,32,0.5282376270042732,92.11882427000091,843.5564433809996,0.0008379960199818015,1.0,1.0,1.0,1.0,9.651991614255766e-06,0.78125,0.0,2.0,easy|medium|hard
test,0,6,175,32,0.5274604769947473,92.64690437600075,844.0845234640001,0.20934849977493286,0.9642857142857143,0.96875,0.9736842105263157,0.967967967967968,9.643605870020966e-06,1.03125,0.0,2.0,easy|hard|medium
test,0,6,176,32,0.529654586003744,93.17715255299845,844.6147716460036,0.000802370544988662,1.0,1.0,1.0,1.0,9.635220125786165e-06,1.0,0.0,2.0,hard|medium|easy
test,0,6,177,32,0.5286246050018235,93.70636497699888,845.1439841960018,0.001194190001115203,1.0,1.0,1.0,1.0,9.626834381551363e-06,1.03125,0.0,2.0,easy|medium|hard
test,0,6,178,32,0.5282988550025038,94.23530783000024,845.6729269140051,0.001151385367847979,1.0,1.0,1.0,1.0,9.618448637316564e-06,0.84375,0.0,2.0,medium|easy|hard
test,0,6,179,32,0.528434036001272,94.76426717200229,846.2018862620025,0.0007718896958976984,1.0,1.0,1.0,1.0,9.610062893081762e-06,0.84375,0.0,2.0,medium|hard|easy
test,0,6,180,32,0.5290280160043039,95.29392657500284,846.7315456680008,0.0007058709161356091,1.0,1.0,1.0,1.0,9.60167714884696e-06,1.125,0.0,2.0,medium|hard|easy
test,0,6,181,32,0.5279015010019066,95.82233717800409,847.2599562600008,0.0011244681663811207,1.0,1.0,1.0,1.0,9.59329140461216e-06,1.25,0.0,2.0,hard|easy|medium
test,0,6,182,32,0.5281985719993827,96.35113129299862,847.7887503890015,0.21169766783714294,0.9705882352941176,0.96875,0.96875,0.9687194525904204,9.58490566037736e-06,1.125,0.0,2.0,hard|medium|easy
test,0,6,183,32,0.528629517997615,96.88025603999995,848.3178751240048,0.04706818237900734,0.9583333333333333,0.96875,0.9761904761904762,0.9660657476139979,9.576519916142558e-06,0.625,0.0,2.0,easy|medium|hard
test,0,6,184,32,0.5283959419975872,97.40922292900359,848.8468420220015,0.12345540523529053,0.96875,0.96875,0.9705882352941176,0.9687194525904204,9.568134171907758e-06,0.875,0.0,2.0,easy|medium|hard
test,0,6,185,32,0.5282091830013087,97.93801362100203,849.3756327860028,0.0017487341538071632,1.0,1.0,1.0,1.0,9.559748427672956e-06,1.0625,0.0,2.0,medium|easy|hard
test,0,6,186,32,0.5291813980002189,98.46779063600115,849.9054097300032,0.01574034057557583,1.0,1.0,1.0,1.0,9.551362683438155e-06,0.875,0.0,2.0,medium|hard|easy
test,0,6,187,32,0.5293982899966068,98.99776565300272,850.4353847419989,0.10937745124101639,0.9772727272727273,0.96875,0.9545454545454546,0.964562569213732,9.542976939203355e-06,1.03125,0.0,2.0,easy|medium|hard
test,0,6,188,32,0.5285646280026413,99.52690859600261,850.9645276790034,0.0007963790558278561,1.0,1.0,1.0,1.0,9.534591194968554e-06,1.15625,0.0,2.0,medium|easy|hard
test,0,6,189,32,0.5274665839970112,100.05494273699878,851.4925618190027,0.000990904401987791,1.0,1.0,1.0,1.0,9.526205450733754e-06,1.15625,0.0,2.0,easy|hard|medium
test,0,6,190,32,0.5286254659949918,100.58415823800169,852.0217773219993,0.17166271805763245,0.9705882352941176,0.96875,0.96875,0.9687194525904204,9.517819706498952e-06,0.90625,0.0,2.0,medium|hard|easy
test,0,6,191,32,0.5287812840033439,101.11351360600383,852.5511326800042,0.12080845236778259,0.95,0.96875,0.9782608695652174,0.9625730994152046,9.509433962264152e-06,0.9375,0.0,2.0,medium|hard|easy
test,0,6,192,32,0.5271373079958721,101.6412014239977,853.0788205179997,0.12823542952537537,0.9761904761904762,0.96875,0.9583333333333333,0.9660657476139979,9.501048218029351e-06,0.96875,0.0,2.0,easy|hard|medium
test,0,6,193,32,0.5293436120045953,102.17114866200427,853.6087677399992,0.24837863445281982,0.9375,0.9375,0.9444444444444444,0.9372549019607843,9.492662473794551e-06,0.9375,0.0,2.0,hard|medium|easy
test,0,6,194,32,0.52845697599696,102.70017511100014,854.1377941899991,0.06382056325674057,0.9666666666666667,0.96875,0.9722222222222222,0.9684729064039409,9.48427672955975e-06,1.125,0.0,2.0,easy|medium|hard
test,0,6,195,32,0.5285340389964404,103.22936762699828,854.6669867739984,0.06995417922735214,0.9642857142857143,0.96875,0.9736842105263157,0.967967967967968,9.475890985324948e-06,1.0625,0.0,2.0,medium|hard|easy
test,0,6,196,32,0.5273808589990949,103.75743897000211,855.1950580670018,0.0010988269932568073,1.0,1.0,1.0,1.0,9.467505241090148e-06,1.03125,0.0,2.0,easy|medium|hard
test,0,6,197,32,0.5285833820016705,104.28662969200377,855.7242487719996,0.0009096942376345396,1.0,1.0,1.0,1.0,9.459119496855347e-06,0.9375,0.0,2.0,hard|easy|medium
test,0,6,198,32,0.5279785160018946,104.81514368300122,856.2527627739983,0.002112230286002159,1.0,1.0,1.0,1.0,9.450733752620545e-06,1.125,0.0,2.0,easy|medium|hard
test,0,6,199,32,0.5281317749977461,105.34382353800174,856.7814426309997,0.00364664476364851,1.0,1.0,1.0,1.0,9.442348008385745e-06,0.96875,0.0,2.0,easy|medium|hard
test,0,6,200,32,0.5289738889987348,105.87338103799993,857.3110001169989,0.001023510005325079,1.0,1.0,1.0,1.0,9.433962264150944e-06,1.09375,0.0,2.0,easy|hard|medium
test,0,6,201,32,0.5283397589955712,106.40231108100124,857.839930246002,0.20257773995399475,0.95,0.96875,0.9782608695652174,0.9625730994152046,9.425576519916142e-06,0.875,0.0,2.0,hard|easy|medium
test,0,6,202,32,0.5283642139984295,106.93129829900136,858.368917396001,0.0010299324057996273,1.0,1.0,1.0,1.0,9.417190775681343e-06,0.84375,0.0,2.0,easy|medium|hard
test,0,6,203,32,0.5290123769955244,107.4609140149987,858.8985330959986,0.16906705498695374,0.9722222222222222,0.96875,0.9666666666666667,0.9684729064039409,9.408805031446541e-06,0.875,0.0,2.0,medium|easy|hard
test,0,6,204,32,0.5286903480009641,107.9901197500003,859.4277388379996,0.0018294905312359333,1.0,1.0,1.0,1.0,9.400419287211741e-06,1.03125,0.0,2.0,medium|hard|easy
test,0,6,205,32,0.5278240309999092,108.51850310699956,859.9561221830008,0.0017139384290203452,1.0,1.0,1.0,1.0,9.39203354297694e-06,0.96875,0.0,2.0,hard|medium|easy
test,0,6,206,32,0.5274716549974983,109.04654231599852,860.4841617130005,0.02026289515197277,1.0,1.0,1.0,1.0,9.38364779874214e-06,0.875,0.0,2.0,medium|easy|hard
test,0,6,207,32,0.5288603890003287,109.57588154500263,861.013500822999,0.00591293117031455,1.0,1.0,1.0,1.0,9.375262054507338e-06,0.875,0.0,2.0,medium|hard|easy
test,0,6,208,32,0.5281451769988053,110.1045755180021,861.5421947249997,0.003247348591685295,1.0,1.0,1.0,1.0,9.366876310272539e-06,0.9375,0.0,2.0,medium|easy|hard
test,0,6,209,32,0.527853491003043,110.63301242599846,862.0706315200005,0.0015364947030320764,1.0,1.0,1.0,1.0,9.358490566037737e-06,0.78125,0.0,2.0,easy|hard|medium
test,0,6,210,32,0.5285028260041145,111.16208910300338,862.5997081840032,0.0008630260126665235,1.0,1.0,1.0,1.0,9.350104821802936e-06,0.96875,0.0,2.0,hard|easy|medium
test,0,6,211,32,0.5287585149999359,111.69140209699981,863.1290212410022,0.00596887432038784,1.0,1.0,1.0,1.0,9.341719077568136e-06,1.15625,0.0,2.0,hard|easy|medium
test,0,6,212,32,0.5287134719983442,112.22068525000213,863.658304343,0.0026100946124643087,1.0,1.0,1.0,1.0,9.333333333333334e-06,1.125,0.0,2.0,easy|medium|hard
test,0,6,213,32,0.5276005719933892,112.74885214299866,864.1864712300012,0.20109295845031738,0.9666666666666667,0.96875,0.9722222222222222,0.9684729064039409,9.324947589098533e-06,0.8125,0.0,2.0,easy|medium|hard
test,0,6,214,32,0.5288048240036005,113.27822273399943,864.7158418399995,0.0013904080260545015,1.0,1.0,1.0,1.0,9.316561844863733e-06,1.09375,0.0,2.0,easy|hard|medium
test,0,6,215,32,0.5284970749999047,113.80732365199947,865.2449427890024,0.0009891779627650976,1.0,1.0,1.0,1.0,9.308176100628931e-06,1.21875,0.0,2.0,medium|hard|easy
test,0,6,216,32,0.5275617480001529,114.33549492600287,865.7731140399992,0.0012673516757786274,1.0,1.0,1.0,1.0,9.29979035639413e-06,0.8125,0.0,2.0,medium|easy|hard
test,0,6,217,32,0.5290498120011762,114.86515521300316,866.3027742970007,0.060539741069078445,0.975,0.96875,0.9615384615384616,0.9671794871794872,9.29140461215933e-06,1.15625,0.0,2.0,medium|easy|hard
test,0,6,218,32,0.5283724120017723,115.39413293300458,866.8317520850032,0.00547964358702302,1.0,1.0,1.0,1.0,9.283018867924529e-06,1.0,0.0,2.0,easy|hard|medium
test,0,6,219,32,0.5280296459968667,115.92275144500309,867.3603707250004,0.0011417564237490296,1.0,1.0,1.0,1.0,9.274633123689729e-06,0.875,0.0,2.0,easy|hard|medium
test,0,6,220,32,0.5276006100029917,116.45091008500458,867.888529171003,0.0012909568613395095,1.0,1.0,1.0,1.0,9.266247379454927e-06,0.9375,0.0,2.0,hard|medium|easy
test,0,6,221,32,0.5286808349992498,116.98013099899981,868.4177500930018,0.0018509853398427367,1.0,1.0,1.0,1.0,9.257861635220128e-06,1.1875,0.0,2.0,medium|hard|easy
test,0,6,222,32,0.5288619510029093,117.5096266469991,868.9472457259981,0.001189590897411108,1.0,1.0,1.0,1.0,9.249475890985326e-06,1.0625,0.0,2.0,medium|hard|easy
test,0,6,223,32,0.5272918219998246,118.03754218800168,869.475161342998,0.028836704790592194,1.0,1.0,1.0,1.0,9.241090146750526e-06,0.84375,0.0,2.0,medium|easy|hard
test,0,6,224,32,0.5289650220001931,118.56709353999759,870.0047128570004,0.0008698852616362274,1.0,1.0,1.0,1.0,9.232704402515725e-06,0.875,0.0,2.0,easy|hard|medium
test,0,6,225,32,0.5280947530045523,119.09575163800037,870.5333707239988,0.0009129440877586603,1.0,1.0,1.0,1.0,9.224318658280923e-06,0.84375,0.0,2.0,hard|easy|medium
test,0,6,226,32,0.5285259189986391,119.62482015400019,871.0624392390018,0.0007504341192543507,1.0,1.0,1.0,1.0,9.215932914046123e-06,1.0625,0.0,2.0,hard|medium|easy
test,0,6,227,32,0.5272169480012963,120.1526218900035,871.5902409730043,0.0007615512004122138,1.0,1.0,1.0,1.0,9.207547169811322e-06,1.09375,0.0,2.0,hard|medium|easy
test,0,6,228,32,0.5286097490024986,120.68181445800292,872.119433549,0.0009678648202680051,1.0,1.0,1.0,1.0,9.19916142557652e-06,0.9375,0.0,2.0,easy|hard|medium
test,0,6,229,32,0.5279402249943814,121.2103714679979,872.647990549005,0.0007525328546762466,1.0,1.0,1.0,1.0,9.19077568134172e-06,1.1875,0.0,2.0,medium|hard|easy
test,0,6,230,32,0.5274139289977029,121.73837617199752,873.1759953000001,0.0009500554297119379,1.0,1.0,1.0,1.0,9.182389937106919e-06,0.78125,0.0,2.0,hard|easy|medium
test,0,6,231,32,0.529263123004057,122.26832816199749,873.7059472359979,0.01878957450389862,1.0,1.0,1.0,1.0,9.174004192872118e-06,0.875,0.0,2.0,easy|medium|hard
test,0,6,232,32,0.5287066219971166,122.7975731330007,874.2351922189991,0.000886600639205426,1.0,1.0,1.0,1.0,9.165618448637316e-06,0.90625,0.0,2.0,easy|medium|hard
test,0,6,233,32,0.5285070059981081,123.32661151300272,874.7642306199996,0.05130468308925629,0.9615384615384616,0.96875,0.975,0.9671794871794872,9.157232704402516e-06,0.78125,0.0,2.0,medium|easy|hard
test,0,6,234,32,0.528782916997443,123.85591455100075,875.2935336209994,0.0006221082294359803,1.0,1.0,1.0,1.0,9.148846960167715e-06,0.96875,0.0,2.0,hard|easy|medium
test,0,6,235,32,0.5287916730012512,124.3852506780022,875.8228697650047,0.19805920124053955,0.9642857142857143,0.96875,0.9736842105263157,0.967967967967968,9.140461215932915e-06,1.03125,0.0,2.0,medium|easy|hard
test,0,6,236,32,0.528293664996454,124.91410876499867,876.351727885005,0.0006429681670852005,1.0,1.0,1.0,1.0,9.132075471698113e-06,1.34375,0.0,2.0,hard|medium|easy
test,0,6,237,32,0.528490797005361,125.44324499300274,876.8808641130017,0.08635086566209793,0.96875,0.96875,0.9705882352941176,0.9687194525904204,9.123689727463314e-06,0.90625,0.0,2.0,hard|easy|medium
test,0,6,238,32,0.5293360509967897,125.97320236800442,877.4108214799999,0.044845376163721085,0.96875,0.96875,0.9705882352941176,0.9687194525904204,9.115303983228512e-06,1.0625,0.0,2.0,medium|hard|easy
test,0,6,239,32,0.5290082560022711,126.50285028899816,877.9404694240002,0.06449069827795029,0.9666666666666667,0.96875,0.9722222222222222,0.9684729064039409,9.106918238993712e-06,1.1875,0.0,2.0,hard|easy|medium
test,0,6,240,32,0.5270203359978041,127.03047978100221,878.4680988789987,0.0008461790857836604,1.0,1.0,1.0,1.0,9.09853249475891e-06,0.875,0.0,2.0,easy|hard|medium
test,0,6,241,32,0.5292676669996581,127.56035376700311,878.997972860001,0.001295429072342813,1.0,1.0,1.0,1.0,9.09014675052411e-06,1.125,0.0,2.0,hard|medium|easy
test,0,6,242,32,0.528475076003815,128.08941427300306,879.5270334610032,0.1256336271762848,0.96875,0.96875,0.9705882352941176,0.9687194525904204,9.08176100628931e-06,1.0,0.0,2.0,hard|medium|easy
test,0,6,243,32,0.5280630699999165,128.61809721100144,880.0557164720012,0.0007826897781342268,1.0,1.0,1.0,1.0,9.073375262054508e-06,0.625,0.0,2.0,easy|medium|hard
test,0,6,244,32,0.5273131960057071,129.14600281300227,880.5836219039993,0.0029633864760398865,1.0,1.0,1.0,1.0,9.064989517819706e-06,1.15625,0.0,2.0,easy|medium|hard
test,0,6,245,32,0.5291549869943992,129.67569140400155,881.1133107710048,0.0021027398761361837,1.0,1.0,1.0,1.0,9.056603773584907e-06,1.21875,0.0,2.0,easy|hard|medium
test,0,6,246,32,0.5283877450056025,130.20472639400396,881.6423454860051,0.0026317411102354527,1.0,1.0,1.0,1.0,9.048218029350105e-06,1.09375,0.0,2.0,hard|easy|medium
test,0,6,247,32,0.5279222619938082,130.7331903000013,882.1708094900023,0.0011354140006005764,1.0,1.0,1.0,1.0,9.039832285115304e-06,1.3125,0.0,2.0,medium|hard|easy
test,0,6,248,32,0.5290570679935627,131.26284988300176,882.700469053998,0.0009835092350840569,1.0,1.0,1.0,1.0,9.031446540880504e-06,1.09375,0.0,2.0,hard|easy|medium
test,0,6,249,32,0.5282391599976108,131.79163107000204,883.2292501670017,0.0009920608717948198,1.0,1.0,1.0,1.0,9.023060796645702e-06,0.8125,0.0,2.0,easy|hard|medium
test,0,6,250,32,0.5282759010005975,132.3204801710017,883.7580992610019,0.0005982100265100598,1.0,1.0,1.0,1.0,9.014675052410902e-06,1.15625,0.0,2.0,hard|easy|medium
test,0,6,251,32,0.5271095870048157,132.84814060400095,884.2857596820031,0.0007884083315730095,1.0,1.0,1.0,1.0,9.006289308176101e-06,1.125,0.0,2.0,hard|medium|easy
test,0,6,252,32,0.5284708089966443,133.37717309100117,884.814792377998,0.0008861905080266297,1.0,1.0,1.0,1.0,8.997903563941301e-06,0.84375,0.0,2.0,easy|medium|hard
test,0,6,253,32,0.52922992099775,133.90687470699777,885.3444937960012,0.0006194565212354064,1.0,1.0,1.0,1.0,8.9895178197065e-06,1.09375,0.0,2.0,easy|hard|medium
test,0,6,254,32,0.5280834649965982,134.4354734610024,885.8730925999989,0.0009536384022794664,1.0,1.0,1.0,1.0,8.9811320754717e-06,0.96875,0.0,2.0,easy|medium|hard
test,0,6,255,32,0.528891513000417,134.96497571899818,886.4025948150011,0.0006145663792267442,1.0,1.0,1.0,1.0,8.972746331236898e-06,1.09375,0.0,2.0,easy|medium|hard
test,0,6,256,32,0.5287270530025125,135.49419515000045,886.9318143710043,0.0005777540500275791,1.0,1.0,1.0,1.0,8.964360587002097e-06,0.8125,0.0,2.0,easy|medium|hard
test,0,6,257,32,0.5284179379959824,136.02324275400315,887.4608618310012,0.0007295198156498373,1.0,1.0,1.0,1.0,8.955974842767297e-06,1.09375,0.0,2.0,easy|medium|hard
test,0,6,258,32,0.5291519390011672,136.552932108003,887.9905511840043,0.00046610989375039935,1.0,1.0,1.0,1.0,8.947589098532495e-06,0.84375,0.0,2.0,medium|easy|hard
test,0,6,259,32,0.528846725996118,137.08235247799894,888.5199716360003,0.0007095632026903331,1.0,1.0,1.0,1.0,8.939203354297694e-06,0.84375,0.0,2.0,hard|easy|medium
test,0,6,260,32,0.5284518379994552,137.61136502199952,889.0489841050003,0.0008074784418568015,1.0,1.0,1.0,1.0,8.930817610062894e-06,1.09375,0.0,2.0,hard|easy|medium
test,0,6,261,32,0.5276090690022102,138.13985156900162,889.5774706560042,0.0011979315895587206,1.0,1.0,1.0,1.0,8.922431865828093e-06,0.96875,0.0,2.0,medium|easy|hard
test,0,6,262,32,0.5287424109992571,138.66907518100197,890.1066943210026,0.0004412462003529072,1.0,1.0,1.0,1.0,8.914046121593291e-06,0.9375,0.0,2.0,hard|easy|medium
test,0,6,263,32,0.5284371230009128,139.19798374899983,890.6356028299997,0.18503142893314362,0.9642857142857143,0.96875,0.9736842105263157,0.967967967967968,8.905660377358491e-06,0.9375,0.0,2.0,easy|hard|medium
test,0,6,264,32,0.527141810998728,139.72558694200416,891.163206104,0.02956286445260048,0.9736842105263157,0.96875,0.9642857142857143,0.967967967967968,8.89727463312369e-06,1.28125,0.0,2.0,medium|hard|easy
test,0,6,265,6,0.1594591120010591,139.88557718000084,891.3231962610007,0.36528098583221436,0.875,0.8333333333333334,0.8333333333333333,0.8285714285714285,8.888888888888888e-06,1.6666667461395264,1.0,2.0,medium|hard
test,0,7,1,32,0.5290672459959751,0.6197787229975802,902.3000578430001,0.16309644281864166,0.9736842105263157,0.96875,0.9642857142857143,0.967967967967968,8.880503144654088e-06,1.15625,0.0,2.0,easy|hard|medium
test,0,7,2,32,0.5287275209993823,1.1492628359992523,902.8295381069984,0.0003879484720528126,1.0,1.0,1.0,1.0,8.872117400419287e-06,1.09375,0.0,2.0,easy|hard|medium
test,0,7,3,32,0.5279272959960508,1.6777967789967079,903.3580724800049,0.00429316982626915,1.0,1.0,1.0,1.0,8.863731656184487e-06,0.84375,0.0,2.0,easy|medium|hard
test,0,7,4,32,0.5286998209994636,2.2071033009997336,903.887378737003,0.31023845076560974,0.9375,0.9375,0.9444444444444444,0.9372549019607843,8.855345911949687e-06,0.90625,0.0,2.0,hard|medium|easy
test,0,7,5,32,0.5296206490020268,2.737283631999162,904.4175589700026,0.00040341971907764673,1.0,1.0,1.0,1.0,8.846960167714886e-06,1.25,0.0,2.0,medium|hard|easy
test,0,7,6,32,0.5282702110052924,3.2662384129944257,904.9465136819999,0.0005151639925315976,1.0,1.0,1.0,1.0,8.838574423480084e-06,0.8125,0.0,2.0,medium|easy|hard
test,0,7,7,32,0.5276335950038629,3.7944736719946377,905.4747489400033,0.0015625685919076204,1.0,1.0,1.0,1.0,8.830188679245285e-06,1.0,0.0,2.0,hard|easy|medium
test,0,7,8,32,0.5285493069968652,4.323610182000266,906.0038854720042,0.0003406967152841389,1.0,1.0,1.0,1.0,8.821802935010483e-06,0.875,0.0,2.0,medium|hard|easy
test,0,7,9,32,0.5285651630038046,4.852834596000321,906.5331098860042,0.00039485382148995996,1.0,1.0,1.0,1.0,8.813417190775682e-06,0.78125,0.0,2.0,easy|hard|medium
test,0,7,10,32,0.527674044999003,5.381105555999966,907.0613808390044,0.00040954240830615163,1.0,1.0,1.0,1.0,8.805031446540882e-06,1.0625,0.0,2.0,hard|medium|easy
test,0,7,11,32,0.5301222089983639,5.911812487000134,907.5920880000049,0.0003928031655959785,1.0,1.0,1.0,1.0,8.79664570230608e-06,1.0,0.0,2.0,medium|hard|easy
test,0,7,12,32,0.5283382900015567,6.440745663996495,908.1210209440032,0.0032050791196525097,1.0,1.0,1.0,1.0,8.788259958071279e-06,1.15625,0.0,2.0,hard|easy|medium
test,0,7,13,32,0.5279276299988851,6.969321136995859,908.6495964210044,0.00045335612958297133,1.0,1.0,1.0,1.0,8.779874213836479e-06,1.0625,0.0,2.0,easy|hard|medium
test,0,7,14,32,0.5271659110003384,7.497044617994106,909.1773198950032,0.0003411529469303787,1.0,1.0,1.0,1.0,8.771488469601677e-06,0.875,0.0,2.0,hard|easy|medium
test,0,7,15,32,0.5283530669985339,8.025988282999606,909.7062635620023,0.07672201097011566,0.9705882352941176,0.96875,0.96875,0.9687194525904204,8.763102725366876e-06,0.9375,0.0,2.0,hard|medium|easy
test,0,7,16,32,0.5282608999987133,8.554786029999377,910.235061307998,0.0003462336026132107,1.0,1.0,1.0,1.0,8.754716981132076e-06,1.125,0.0,2.0,medium|hard|easy
test,0,7,17,32,0.5282001579980715,9.08362922899687,910.7639044370007,0.0003914287080988288,1.0,1.0,1.0,1.0,8.746331236897275e-06,1.09375,0.0,2.0,medium|easy|hard
test,0,7,18,32,0.5290292610006873,9.613281933998223,911.2935572900024,0.0008684145286679268,1.0,1.0,1.0,1.0,8.737945492662475e-06,1.125,0.0,2.0,hard|medium|easy
test,0,7,19,32,0.5285318789974554,10.142396389994246,911.8226716499994,0.00039973121602088213,1.0,1.0,1.0,1.0,8.729559748427673e-06,0.84375,0.0,2.0,medium|easy|hard
test,0,7,20,32,0.5281073000005563,10.67095660099585,912.3512320000009,0.0004086459521204233,1.0,1.0,1.0,1.0,8.721174004192873e-06,0.90625,0.0,2.0,medium|easy|hard
test,0,7,21,32,0.5283770669993828,11.19978574799461,912.8800610219987,0.13235116004943848,0.9666666666666667,0.96875,0.9722222222222222,0.9684729064039409,8.712788259958072e-06,0.875,0.0,2.0,medium|easy|hard
test,0,7,22,32,0.528560443999595,11.728921283996897,913.4091966380001,0.0006517207366414368,1.0,1.0,1.0,1.0,8.704402515723272e-06,0.71875,0.0,2.0,easy|hard|medium
test,0,7,23,32,0.5280891059956048,12.257516070996644,913.9377913470016,0.0007762513123452663,1.0,1.0,1.0,1.0,8.69601677148847e-06,0.9375,0.0,2.0,hard|medium|easy
test,0,7,24,32,0.528249176000827,12.786397838994162,914.4666731469988,0.0004518067289609462,1.0,1.0,1.0,1.0,8.687631027253669e-06,1.0625,0.0,2.0,hard|medium|easy
test,0,7,25,32,0.5291224519969546,13.316249071998755,914.9965244359992,0.0005711893900297582,1.0,1.0,1.0,1.0,8.67924528301887e-06,0.875,0.0,2.0,easy|hard|medium
test,0,7,26,32,0.5288562589994399,13.845597701998486,915.5258729760026,0.0003615399182308465,1.0,1.0,1.0,1.0,8.670859538784068e-06,0.90625,0.0,2.0,hard|easy|medium
test,0,7,27,32,0.5280685379984789,14.37423366800067,916.0545090800006,0.0003375769010744989,1.0,1.0,1.0,1.0,8.662473794549266e-06,1.28125,0.0,2.0,hard|easy|medium
test,0,7,28,32,0.5290521290007746,14.903847074994701,916.5841223440002,0.0003563539939932525,1.0,1.0,1.0,1.0,8.654088050314466e-06,0.875,0.0,2.0,easy|hard|medium
test,0,7,29,32,0.5296507929961081,15.43402402499487,917.1142993149988,0.06119457632303238,0.9545454545454546,0.96875,0.9772727272727273,0.964562569213732,8.645702306079665e-06,1.0625,0.0,2.0,easy|hard|medium
test,0,7,30,32,0.5280778629967244,15.962738246998924,917.6430135920018,0.0006358190439641476,1.0,1.0,1.0,1.0,8.637316561844863e-06,1.0,0.0,2.0,easy|hard|medium
test,0,7,31,32,0.5281216959992889,16.491410922993964,918.171686200003,0.22287149727344513,0.9761904761904762,0.96875,0.9583333333333333,0.9660657476139979,8.628930817610064e-06,0.90625,0.0,2.0,medium|hard|easy
test,0,7,32,32,0.5287265320002916,17.02076187399507,918.7010371510041,0.0003604037337936461,1.0,1.0,1.0,1.0,8.620545073375262e-06,1.09375,0.0,2.0,hard|medium|easy
test,0,7,33,32,0.5286431409986108,17.549966123995546,919.2302414439982,0.00041802937630563974,1.0,1.0,1.0,1.0,8.612159329140462e-06,0.96875,0.0,2.0,easy|medium|hard
test,0,7,34,32,0.5275823720003245,18.078192128996307,919.7584674130048,0.00030032682116143405,1.0,1.0,1.0,1.0,8.60377358490566e-06,0.84375,0.0,2.0,easy|hard|medium
test,0,7,35,32,0.5291904140030965,18.60791790499934,920.2881932329983,0.0007050522835925221,1.0,1.0,1.0,1.0,8.595387840670861e-06,0.96875,0.0,2.0,medium|hard|easy
test,0,7,36,32,0.528502123997896,19.136953276996792,920.817228593005,0.0002623457694426179,1.0,1.0,1.0,1.0,8.58700209643606e-06,1.15625,0.0,2.0,medium|hard|easy
test,0,7,37,32,0.5281998139980715,19.66572532599821,921.3460006009991,0.0006163519574329257,1.0,1.0,1.0,1.0,8.57861635220126e-06,0.9375,0.0,2.0,hard|easy|medium
test,0,7,38,32,0.5273263329945621,20.193632361995697,921.8739076370039,0.0004901316133327782,1.0,1.0,1.0,1.0,8.570230607966458e-06,1.09375,0.0,2.0,hard|medium|easy
test,0,7,39,32,0.5292015639934107,20.723398106994864,922.4036733980029,0.0003929754311684519,1.0,1.0,1.0,1.0,8.561844863731657e-06,0.9375,0.0,2.0,hard|medium|easy
test,0,7,40,32,0.5281621430040104,21.252264871996886,922.9325401259994,0.00059827312361449,1.0,1.0,1.0,1.0,8.553459119496857e-06,1.21875,0.0,2.0,easy|hard|medium
test,0,7,41,32,0.5282952779962216,21.781118602993956,923.4613940900017,0.11892079561948776,0.9705882352941176,0.96875,0.96875,0.9687194525904204,8.545073375262055e-06,0.78125,0.0,2.0,easy|hard|medium
test,0,7,42,32,0.5291861799996695,22.31084030299826,923.9911156160015,0.0002861364628188312,1.0,1.0,1.0,1.0,8.536687631027254e-06,0.96875,0.0,2.0,easy|hard|medium
test,0,7,43,32,0.5315545740013476,22.842918351998378,924.5231937600038,0.000433401670306921,1.0,1.0,1.0,1.0,8.528301886792454e-06,1.125,0.0,2.0,easy|medium|hard
test,0,7,44,32,0.5282566390014836,23.37195914199401,925.0522346880025,0.146177738904953,0.9722222222222222,0.96875,0.9666666666666667,0.9684729064039409,8.519916142557652e-06,1.03125,0.0,2.0,easy|hard|medium
test,0,7,45,32,0.5293241520048468,23.901796481994097,925.5820717660026,0.000405575119657442,1.0,1.0,1.0,1.0,8.511530398322851e-06,0.8125,0.0,2.0,medium|easy|hard
test,0,7,46,32,0.5287788980058394,24.431061657996906,926.111336932001,0.0003494973643682897,1.0,1.0,1.0,1.0,8.503144654088051e-06,0.9375,0.0,2.0,hard|medium|easy
test,0,7,47,32,0.5279244080011267,24.95956620400102,926.6398415209987,0.00035448820563033223,1.0,1.0,1.0,1.0,8.49475890985325e-06,0.9375,0.0,2.0,easy|medium|hard
test,0,7,48,32,0.5275720919962623,25.487702738995722,927.1679784610023,0.0003333466302137822,1.0,1.0,1.0,1.0,8.486373165618448e-06,0.9375,0.0,2.0,easy|medium|hard
test,0,7,49,32,0.5292321259985329,26.01750470099796,927.6977799640008,0.0003038073191419244,1.0,1.0,1.0,1.0,8.477987421383648e-06,1.09375,0.0,2.0,easy|medium|hard
test,0,7,50,32,0.529166061001888,26.547222292996594,928.2274975969995,0.0002941912389360368,1.0,1.0,1.0,1.0,8.469601677148847e-06,1.21875,0.0,2.0,medium|hard|easy
test,0,7,51,32,0.5276344910016633,27.075450128999364,928.755725406998,0.2268255352973938,0.9583333333333333,0.96875,0.9761904761904762,0.9660657476139979,8.461215932914047e-06,0.875,0.0,2.0,medium|easy|hard
test,0,7,52,32,0.528969787999813,27.604919958997925,929.2851952909987,0.1413499116897583,0.9736842105263157,0.96875,0.9642857142857143,0.967967967967968,8.452830188679245e-06,0.875,0.0,2.0,easy|medium|hard
test,0,7,53,32,0.5284597369973199,28.133963526001025,929.8142388019987,0.00034499072353355587,1.0,1.0,1.0,1.0,8.444444444444446e-06,1.28125,0.0,2.0,easy|hard|medium
test,0,7,54,32,0.5280976420035586,28.66261465799471,930.3428899920036,0.0004413353744894266,1.0,1.0,1.0,1.0,8.436058700209644e-06,1.0,0.0,2.0,hard|medium|easy
test,0,7,55,32,0.527029921002395,29.190250276995357,930.8705255730019,0.2008344829082489,0.9722222222222222,0.96875,0.9666666666666667,0.9684729064039409,8.427672955974844e-06,1.15625,0.0,2.0,hard|medium|easy
test,0,7,56,32,0.5285381659996347,29.71931187899463,931.3995871959996,0.0005297674797475338,1.0,1.0,1.0,1.0,8.419287211740043e-06,0.625,0.0,2.0,easy|medium|hard
test,0,7,57,32,0.5288118589960504,30.24865071899694,931.9289259830039,0.0003478298312984407,1.0,1.0,1.0,1.0,8.410901467505241e-06,1.09375,0.0,2.0,easy|hard|medium
test,0,7,58,32,0.5275951700023143,30.77683444199647,932.4571097470034,0.003593369387090206,1.0,1.0,1.0,1.0,8.402515723270442e-06,1.15625,0.0,2.0,hard|easy|medium
test,0,7,59,32,0.5288819029956358,31.306252873997437,932.9865281450038,0.0003584632067941129,1.0,1.0,1.0,1.0,8.39412997903564e-06,1.0,0.0,2.0,easy|hard|medium
test,0,7,60,32,0.5282505710056284,31.8350779350003,933.5153532149998,0.0009625287493690848,1.0,1.0,1.0,1.0,8.385744234800838e-06,0.875,0.0,2.0,medium|easy|hard
test,0,7,61,32,0.5280305529959151,32.36364725000021,934.0439225160007,0.00037087476812303066,1.0,1.0,1.0,1.0,8.377358490566039e-06,1.03125,0.0,2.0,easy|medium|hard
test,0,7,62,32,0.5291687400022056,32.893386741998256,934.5736620509997,0.0004471992142498493,1.0,1.0,1.0,1.0,8.368972746331237e-06,0.90625,0.0,2.0,easy|medium|hard
test,0,7,63,32,0.5292046789982123,33.42323786599445,935.103513146998,0.00043849711073562503,1.0,1.0,1.0,1.0,8.360587002096436e-06,1.21875,0.0,2.0,medium|hard|easy
test,0,7,64,32,0.5281523470039247,33.95185933299945,935.6321346039986,0.0005598001298494637,1.0,1.0,1.0,1.0,8.352201257861636e-06,0.84375,0.0,2.0,medium|easy|hard
test,0,7,65,32,0.5280980379975517,34.480494682000426,936.1607699400047,0.0002741167845670134,1.0,1.0,1.0,1.0,8.343815513626834e-06,1.09375,0.0,2.0,medium|hard|easy
test,0,7,66,32,0.5284365490006167,35.00951256099506,936.6897878470045,0.00038215197855606675,1.0,1.0,1.0,1.0,8.335429769392035e-06,0.8125,0.0,2.0,hard|easy|medium
test,0,7,67,32,0.5283637510001427,35.538385635998566,937.218660907005,0.0002728580730035901,1.0,1.0,1.0,1.0,8.327044025157233e-06,1.15625,0.0,2.0,easy|hard|medium
test,0,7,68,32,0.5278768429998308,36.06678081800055,937.7470560990041,0.14230656623840332,0.9666666666666667,0.96875,0.9722222222222222,0.9684729064039409,8.318658280922433e-06,1.0,0.0,2.0,easy|hard|medium
test,0,7,69,32,0.5289248729968676,36.596274032999645,938.2765493019979,0.0004153122426941991,1.0,1.0,1.0,1.0,8.310272536687632e-06,0.75,0.0,2.0,hard|medium|easy
test,0,7,70,32,0.5293393430038122,37.12606493099884,938.8063402960033,0.00026992097264155746,1.0,1.0,1.0,1.0,8.301886792452832e-06,0.875,0.0,2.0,easy|medium|hard
test,0,7,71,32,0.5280262450032751,37.65462594199926,939.3349012289982,0.00026849977439269423,1.0,1.0,1.0,1.0,8.29350104821803e-06,0.9375,0.0,2.0,easy|medium|hard
test,0,7,72,32,0.5278244360015378,38.18301835699822,939.8632936350041,0.07910595834255219,0.96875,0.96875,0.9705882352941176,0.9687194525904204,8.285115303983229e-06,1.0625,0.0,2.0,easy|hard|medium
test,0,7,73,32,0.5289259800047148,38.71248904499953,940.3927643240022,0.0002712619607336819,1.0,1.0,1.0,1.0,8.276729559748429e-06,1.09375,0.0,2.0,medium|hard|easy
test,0,7,74,32,0.528432820996386,39.241397425998,940.9216727040039,0.00034710971522144973,1.0,1.0,1.0,1.0,8.268343815513628e-06,1.0625,0.0,2.0,hard|medium|easy
test,0,7,75,32,0.5269010410047485,39.76886927599844,941.4491445559979,0.00025161687517538667,1.0,1.0,1.0,1.0,8.259958071278826e-06,0.96875,0.0,2.0,hard|easy|medium
test,0,7,76,32,0.5294620100030443,40.2988972719977,941.9791725350005,0.00033424151479266584,1.0,1.0,1.0,1.0,8.251572327044026e-06,0.875,0.0,2.0,medium|hard|easy
test,0,7,77,32,0.5282025609994889,40.82763342199905,942.5079087190024,0.00025921178166754544,1.0,1.0,1.0,1.0,8.243186582809225e-06,1.0625,0.0,2.0,easy|hard|medium
test,0,7,78,32,0.5281869929967797,41.35626759799925,943.0365428689984,0.2323625236749649,0.9705882352941176,0.96875,0.96875,0.9687194525904204,8.234800838574423e-06,1.25,0.0,2.0,hard|medium|easy
test,0,7,79,32,0.5276066689984873,41.88443449499755,943.5647098629997,0.0003737506049219519,1.0,1.0,1.0,1.0,8.226415094339623e-06,1.125,0.0,2.0,easy|medium|hard
test,0,7,80,32,0.528803273999074,42.41371414199966,944.0939896560012,0.00029067607829347253,1.0,1.0,1.0,1.0,8.218029350104822e-06,1.1875,0.0,2.0,hard|medium|easy
test,0,7,81,32,0.5291553819988621,42.94338236499607,944.6236576790034,0.36524897813796997,0.9352226720647774,0.9375,0.9352226720647774,0.9352226720647774,8.209643605870022e-06,0.90625,0.0,2.0,hard|medium|easy
test,0,7,82,32,0.5280034850002266,43.47198825899977,945.1522635830042,0.0002631384413689375,1.0,1.0,1.0,1.0,8.20125786163522e-06,0.9375,0.0,2.0,hard|medium|easy
test,0,7,83,32,0.5287595140034682,44.00120964500093,945.6814849439979,0.0003566893865354359,1.0,1.0,1.0,1.0,8.19287211740042e-06,1.125,0.0,2.0,easy|medium|hard
test,0,7,84,32,0.528312807000475,44.5300378299944,946.2103134760036,0.0002679763128980994,1.0,1.0,1.0,1.0,8.18448637316562e-06,1.03125,0.0,2.0,medium|easy|hard
test,0,7,85,32,0.528016904994729,45.05860404199484,946.7388793040009,0.0008181299781426787,1.0,1.0,1.0,1.0,8.17610062893082e-06,1.21875,0.0,2.0,hard|medium|easy
test,0,7,86,32,0.5283353949998855,45.587500326000736,947.2677756400008,0.00022783977328799665,1.0,1.0,1.0,1.0,8.167714884696018e-06,1.03125,0.0,2.0,hard|easy|medium
test,0,7,87,32,0.5289899249983137,46.117112829997495,947.7973881100042,0.006095558870583773,1.0,1.0,1.0,1.0,8.159329140461216e-06,1.25,0.0,2.0,easy|hard|medium
test,0,7,88,32,0.5275521039948217,46.64518360799411,948.3254588819982,0.0007266054744832218,1.0,1.0,1.0,1.0,8.150943396226417e-06,1.03125,0.0,2.0,medium|hard|easy
test,0,7,89,32,0.5275505340032396,47.17333100399992,948.8536062870044,0.0002960306592285633,1.0,1.0,1.0,1.0,8.142557651991615e-06,0.84375,0.0,2.0,easy|medium|hard
test,0,7,90,32,0.5289654549997067,47.70283231299982,949.383107599002,0.0007887218380346894,1.0,1.0,1.0,1.0,8.134171907756814e-06,0.8125,0.0,2.0,medium|easy|hard
test,0,7,91,32,0.5282725149954786,48.231681213997945,949.9119565400033,0.0006851093494333327,1.0,1.0,1.0,1.0,8.125786163522014e-06,0.9375,0.0,2.0,hard|medium|easy
test,0,7,92,32,0.5277311290046782,48.759980465998524,950.4402559980008,0.00026089968741871417,1.0,1.0,1.0,1.0,8.117400419287212e-06,0.90625,0.0,2.0,medium|easy|hard
test,0,7,93,32,0.5287432940021972,49.28931705799914,950.9695923440013,0.011415586806833744,1.0,1.0,1.0,1.0,8.10901467505241e-06,0.875,0.0,2.0,hard|medium|easy
test,0,7,94,32,0.5286386169973412,49.818493165999826,951.4987684680018,0.01149705145508051,1.0,1.0,1.0,1.0,8.100628930817611e-06,0.8125,0.0,2.0,medium|easy|hard
test,0,7,95,32,0.5275252220017137,50.34665220199531,952.026927470004,0.08460177481174469,0.9642857142857143,0.96875,0.9736842105263157,0.967967967967968,8.09224318658281e-06,0.90625,0.0,2.0,easy|hard|medium
test,0,7,96,32,0.5276734180006315,50.87488419700094,952.5551595220022,0.0003026828053407371,1.0,1.0,1.0,1.0,8.083857442348008e-06,1.03125,0.0,2.0,hard|medium|easy
test,0,7,97,32,0.528577369004779,51.40390983799443,953.084185243999,0.0003684807161334902,1.0,1.0,1.0,1.0,8.075471698113208e-06,1.15625,0.0,2.0,easy|medium|hard
test,0,7,98,32,0.5283762920007575,51.93284101799509,953.6131163530008,0.0005239670863375068,1.0,1.0,1.0,1.0,8.067085953878407e-06,0.9375,0.0,2.0,medium|easy|hard
test,0,7,99,32,0.5274249939975562,52.46082326099713,954.1410984730028,0.0004271554062142968,1.0,1.0,1.0,1.0,8.058700209643607e-06,0.6875,0.0,2.0,easy|hard|medium
test,0,7,100,32,0.5291218019992812,52.99047207499825,954.6707473630013,0.00033620093017816544,1.0,1.0,1.0,1.0,8.050314465408805e-06,1.0,0.0,2.0,medium|easy|hard
test,0,7,101,32,0.5294901059969561,53.520753965996846,955.2010292289997,0.0009761567343957722,1.0,1.0,1.0,1.0,8.041928721174005e-06,0.875,0.0,2.0,easy|medium|hard
test,0,7,102,32,0.5284523759983131,54.04975113399996,955.7300264250007,0.00029644169262610376,1.0,1.0,1.0,1.0,8.033542976939204e-06,0.96875,0.0,2.0,hard|easy|medium
test,0,7,103,32,0.5277286780037684,54.57804062299692,956.2583159300048,0.00447063846513629,1.0,1.0,1.0,1.0,8.025157232704404e-06,1.3125,0.0,2.0,hard|easy|medium
test,0,7,104,32,0.5290302999928826,55.10765554599493,956.7879308269985,0.0016465228982269764,1.0,1.0,1.0,1.0,8.016771488469603e-06,1.0625,0.0,2.0,easy|hard|medium
test,0,7,105,32,0.528237195998372,55.63647087699792,957.3167462040001,0.00020773301366716623,1.0,1.0,1.0,1.0,8.008385744234801e-06,1.0,0.0,2.0,easy|medium|hard
test,0,7,106,32,0.527148250999744,56.16417246999481,957.8444477540033,0.1270647943019867,0.96875,0.96875,0.9705882352941176,0.9687194525904204,8.000000000000001e-06,1.21875,0.0,2.0,easy|medium|hard
test,0,7,107,32,0.529168255001423,56.69389939299435,958.3741746689993,0.0003154242876917124,1.0,1.0,1.0,1.0,7.9916142557652e-06,0.96875,0.0,2.0,hard|easy|medium
test,0,7,108,32,0.5282111859996803,57.222617073995934,958.9028923849983,0.0004302338638808578,1.0,1.0,1.0,1.0,7.983228511530398e-06,1.0625,0.0,2.0,hard|medium|easy
test,0,7,109,32,0.5282044420018792,57.751361893999274,959.4316371759996,0.0002667756343726069,1.0,1.0,1.0,1.0,7.974842767295599e-06,1.09375,0.0,2.0,hard|medium|easy
test,0,7,110,32,0.5273341729989625,58.279188733999035,959.9594640060022,0.00020372774451971054,1.0,1.0,1.0,1.0,7.966457023060797e-06,1.03125,0.0,2.0,easy|hard|medium
test,0,7,111,32,0.5283326700009638,58.808067351994396,960.4883426570013,0.00018215575255453587,1.0,1.0,1.0,1.0,7.958071278825995e-06,0.65625,0.0,2.0,easy|medium|hard
test,0,7,112,32,0.5281537909977487,59.336738926998805,961.0170141960043,0.0002314799785381183,1.0,1.0,1.0,1.0,7.949685534591196e-06,1.09375,0.0,2.0,hard|medium|easy
test,0,7,113,32,0.5270596650007064,59.86440627199772,961.5446815550022,0.0006563091883435845,1.0,1.0,1.0,1.0,7.941299790356394e-06,0.78125,0.0,2.0,medium|easy|hard
test,0,7,114,32,0.5291524810018018,60.39404579199618,962.0743211930021,0.00020711650722660124,1.0,1.0,1.0,1.0,7.932914046121594e-06,0.8125,0.0,2.0,medium|hard|easy
test,0,7,115,32,0.5283783729973948,60.922970106999855,962.603245367005,0.0002301120402989909,1.0,1.0,1.0,1.0,7.924528301886793e-06,0.8125,0.0,2.0,medium|easy|hard
test,0,7,116,32,0.5282357910036808,61.45170427899575,963.1319796079988,0.00020362544455565512,1.0,1.0,1.0,1.0,7.916142557651993e-06,0.84375,0.0,2.0,easy|medium|hard
test,0,7,117,32,0.5269170659958036,61.97920211999735,963.6594773800025,0.02664666250348091,0.9772727272727273,0.96875,0.9545454545454546,0.964562569213732,7.907756813417192e-06,0.875,0.0,2.0,easy|hard|medium
test,0,7,118,32,0.5284214040002553,62.50815979699837,964.1884351240005,0.0003370771883055568,1.0,1.0,1.0,1.0,7.899371069182392e-06,0.8125,0.0,2.0,hard|medium|easy
test,0,7,119,32,0.5288124719954794,63.03748919899954,964.7177645289994,0.00027531746309250593,1.0,1.0,1.0,1.0,7.89098532494759e-06,0.9375,0.0,2.0,medium|easy|hard
test,0,7,120,32,0.5279863209943869,63.566067471998394,965.2463427490002,0.000302190484944731,1.0,1.0,1.0,1.0,7.882599580712789e-06,0.96875,0.0,2.0,medium|hard|easy
test,0,7,121,32,0.5288775189983426,64.09550125399983,965.7757765620045,0.00021130003733560443,1.0,1.0,1.0,1.0,7.874213836477989e-06,1.15625,0.0,2.0,hard|easy|medium
test,0,7,122,32,0.5280878140038112,64.62408451399824,966.304359791,0.0006780782714486122,1.0,1.0,1.0,1.0,7.865828092243187e-06,1.46875,0.0,2.0,hard|medium|easy
test,0,7,123,32,0.5279716079967329,65.15256510999461,966.8328403780033,0.07878828048706055,0.96875,0.96875,0.9705882352941176,0.9687194525904204,7.857442348008386e-06,0.8125,0.0,2.0,easy|medium|hard
test,0,7,124,32,0.5286405660008313,65.68175948399585,967.3620350490019,0.0001990825403481722,1.0,1.0,1.0,1.0,7.849056603773586e-06,1.1875,0.0,2.0,medium|hard|easy
test,0,7,125,32,0.5288237269996898,66.21117177799897,967.8914470550008,0.00024537829449400306,1.0,1.0,1.0,1.0,7.840670859538785e-06,0.8125,0.0,2.0,hard|easy|medium
test,0,7,126,32,0.5278214950012625,66.73957226299535,968.4198475360026,0.004897138569504023,1.0,1.0,1.0,1.0,7.832285115303983e-06,1.34375,0.0,2.0,hard|medium|easy
test,0,7,127,32,0.5280907389969798,67.26833480599453,968.9486101220027,0.00019682901620399207,1.0,1.0,1.0,1.0,7.823899371069183e-06,0.78125,0.0,2.0,hard|medium|easy
test,0,7,128,32,0.5287625080018188,67.797626845997,969.4779022000002,0.0020018774084746838,1.0,1.0,1.0,1.0,7.815513626834382e-06,0.84375,0.0,2.0,easy|medium|hard
test,0,7,129,32,0.5282773840008304,68.32654789499793,970.0068231580008,0.00019512033031787723,1.0,1.0,1.0,1.0,7.807127882599582e-06,1.03125,0.0,2.0,easy|medium|hard
test,0,7,130,32,0.52810607200081,68.85524375599925,970.5355190600021,0.005370071157813072,1.0,1.0,1.0,1.0,7.79874213836478e-06,1.125,0.0,2.0,easy|hard|medium
test,0,7,131,32,0.529149875001167,69.38490820099832,971.0651834970049,0.00025053456192836165,1.0,1.0,1.0,1.0,7.79035639412998e-06,1.0625,0.0,2.0,hard|medium|easy
test,0,7,132,32,0.5290698770040763,69.91455776299699,971.5948331320033,0.000187064113561064,1.0,1.0,1.0,1.0,7.781970649895179e-06,1.1875,0.0,2.0,hard|medium|easy
test,0,7,133,32,0.5284012100019027,70.44346734699502,972.1237427029992,0.0003503799089230597,1.0,1.0,1.0,1.0,7.77358490566038e-06,0.90625,0.0,2.0,easy|medium|hard
test,0,7,134,32,0.5282241969980532,70.97229717799928,972.6525724669991,0.0003773190837819129,1.0,1.0,1.0,1.0,7.765199161425578e-06,1.125,0.0,2.0,easy|hard|medium
test,0,7,135,32,0.5282633049937431,71.50111472299614,973.1813900060006,0.37139907479286194,0.9365079365079365,0.9375,0.9365079365079365,0.9365079365079365,7.756813417190776e-06,1.0625,0.0,2.0,hard|easy|medium
test,0,7,136,32,0.5286900220016832,72.03038709199609,973.7106623650034,0.00024094374384731054,1.0,1.0,1.0,1.0,7.748427672955976e-06,1.03125,0.0,2.0,hard|medium|easy
test,0,7,137,32,0.5270925060031004,72.55804061699746,974.238315886003,0.06515229493379593,0.9642857142857143,0.96875,0.9736842105263157,0.967967967967968,7.740041928721175e-06,0.875,0.0,2.0,medium|hard|easy
test,0,7,138,32,0.5306433730002027,73.08925783999439,974.7695331280047,0.00036999231087975204,1.0,1.0,1.0,1.0,7.731656184486373e-06,0.875,0.0,2.0,hard|easy|medium
test,0,7,139,32,0.528411691004294,73.61826292600017,975.2985382730039,0.023818325251340866,0.9722222222222222,0.96875,0.9666666666666667,0.9684729064039409,7.723270440251574e-06,0.9375,0.0,2.0,easy|hard|medium
test,0,7,140,32,0.5289047289988957,74.14776198699838,975.8280373300004,0.00020310589752625674,1.0,1.0,1.0,1.0,7.714884696016772e-06,0.96875,0.0,2.0,easy|medium|hard
test,0,7,141,32,0.5271349019967602,74.67545128100028,976.3557265679992,0.00018190991249866784,1.0,1.0,1.0,1.0,7.70649895178197e-06,0.84375,0.0,2.0,easy|medium|hard
test,0,7,142,32,0.5289152980039944,75.2049936189942,976.8852689429987,0.0001963821705430746,1.0,1.0,1.0,1.0,7.69811320754717e-06,0.96875,0.0,2.0,medium|hard|easy
test,0,7,143,32,0.5280741489987122,75.73352381299628,977.4137990730014,0.19267937541007996,0.9615384615384616,0.96875,0.975,0.9671794871794872,7.68972746331237e-06,0.8125,0.0,2.0,medium|easy|hard
test,0,7,144,32,0.528329508000752,76.26241417099664,977.9426894370044,0.00021017403923906386,1.0,1.0,1.0,1.0,7.681341719077568e-06,1.0,0.0,2.0,medium|easy|hard
test,0,7,145,32,0.529041343004792,76.79199720799807,978.4722724890016,0.0002387479180470109,1.0,1.0,1.0,1.0,7.672955974842768e-06,1.125,0.0,2.0,medium|hard|easy
test,0,7,146,32,0.5288211529987166,77.32139800000004,979.0016732680015,0.23278388381004333,0.9722222222222222,0.96875,0.9666666666666667,0.9684729064039409,7.664570230607966e-06,1.0625,0.0,2.0,medium|easy|hard
test,0,7,147,32,0.5281891920021735,77.85019448599633,979.5304699260014,0.0002547146286815405,1.0,1.0,1.0,1.0,7.656184486373167e-06,1.0625,0.0,2.0,hard|medium|easy
test,0,7,148,32,0.5290778010021313,78.37978596599714,980.060061240998,0.0168467927724123,1.0,1.0,1.0,1.0,7.647798742138365e-06,1.03125,0.0,2.0,easy|hard|medium
test,0,7,149,32,0.5292278140041162,78.9096519359955,980.5899272149982,0.004476659931242466,1.0,1.0,1.0,1.0,7.639412997903565e-06,1.125,0.0,2.0,easy|medium|hard
test,0,7,150,32,0.528509199997643,79.4387386649978,981.1190140210019,0.00028964062221348286,1.0,1.0,1.0,1.0,7.631027253668764e-06,1.0,0.0,2.0,hard|medium|easy
test,0,7,151,32,0.5274657699992531,79.96680904099776,981.6470843190036,0.00017594962264411151,1.0,1.0,1.0,1.0,7.622641509433963e-06,0.875,0.0,2.0,medium|hard|easy
test,0,7,152,32,0.5291266519998317,80.49649892799789,982.1767743829987,0.0007885807426646352,1.0,1.0,1.0,1.0,7.6142557651991625e-06,0.96875,0.0,2.0,easy|medium|hard
test,0,7,153,32,0.528328947002592,81.02544424399821,982.705719562,0.006659031845629215,1.0,1.0,1.0,1.0,7.605870020964361e-06,0.84375,0.0,2.0,easy|medium|hard
test,0,7,154,32,0.5277041249937611,81.55374043899792,983.2340157100043,0.014461629092693329,1.0,1.0,1.0,1.0,7.597484276729561e-06,1.03125,0.0,2.0,easy|hard|medium
test,0,7,155,32,0.5291669639991596,82.08354799399967,983.7638233149992,0.00026585941668599844,1.0,1.0,1.0,1.0,7.58909853249476e-06,1.1875,0.0,2.0,medium|easy|hard
test,0,7,156,32,0.5284544759997516,82.61261942999408,984.2928947020046,0.00020463039982132614,1.0,1.0,1.0,1.0,7.580712788259958e-06,1.03125,0.0,2.0,easy|medium|hard
test,0,7,157,32,0.5285813870068523,83.14182344499568,984.8220987259992,0.00021693299640901387,1.0,1.0,1.0,1.0,7.572327044025158e-06,1.0,0.0,2.0,hard|easy|medium
test,0,7,158,32,0.5284516320025432,83.67087803699542,985.3511533630008,0.00020179037528578192,1.0,1.0,1.0,1.0,7.563941299790357e-06,0.9375,0.0,2.0,medium|easy|hard
test,0,7,159,32,0.5289320979936747,84.20044401599444,985.880719312001,0.0003111058031208813,1.0,1.0,1.0,1.0,7.555555555555556e-06,1.1875,0.0,2.0,hard|easy|medium
test,0,7,160,32,0.5283968959993217,84.72945763999451,986.4097329110009,0.0008288725512102246,1.0,1.0,1.0,1.0,7.5471698113207555e-06,0.90625,0.0,2.0,hard|easy|medium
test,0,7,161,32,0.5272323840035824,85.25727236999955,986.9375476429996,0.019614240154623985,1.0,1.0,1.0,1.0,7.538784067085955e-06,0.8125,0.0,2.0,hard|easy|medium
test,0,7,162,32,0.5291767279995838,85.78695762300049,987.4672328970046,0.054994914680719376,0.9705882352941176,0.96875,0.96875,0.9687194525904204,7.530398322851153e-06,1.1875,0.0,2.0,hard|easy|medium
test,0,7,163,32,0.5280861450009979,86.31559486699553,987.9958702260046,0.13130584359169006,0.9722222222222222,0.96875,0.9666666666666667,0.9684729064039409,7.5220125786163535e-06,0.78125,0.0,2.0,hard|medium|easy
test,0,7,164,32,0.5280784549977398,86.84424420700088,988.5245195540047,0.2044389247894287,0.9642857142857143,0.96875,0.9736842105263157,0.967967967967968,7.513626834381552e-06,1.09375,0.0,2.0,easy|hard|medium
test,0,7,165,32,0.5272585290003917,87.37204895699688,989.0523243170028,0.0003814782830886543,1.0,1.0,1.0,1.0,7.505241090146751e-06,0.84375,0.0,2.0,medium|easy|hard
test,0,7,166,32,0.5288298000014038,87.90140220600006,989.5816777630025,0.0001746019843267277,1.0,1.0,1.0,1.0,7.49685534591195e-06,0.9375,0.0,2.0,easy|hard|medium
test,0,7,167,32,0.5280806089940597,88.43012525099766,990.1104008740003,0.0006965869106352329,1.0,1.0,1.0,1.0,7.48846960167715e-06,1.03125,0.0,2.0,medium|easy|hard
test,0,7,168,32,0.527403915002651,88.95809630099393,990.6383717069984,0.00030738647910766304,1.0,1.0,1.0,1.0,7.4800838574423485e-06,1.1875,0.0,2.0,easy|hard|medium
test,0,7,169,32,0.5287238919991069,89.48742394199508,991.1676992450011,0.0002557687694206834,1.0,1.0,1.0,1.0,7.471698113207547e-06,1.03125,0.0,2.0,easy|medium|hard
test,0,7,170,32,0.5282089820029796,90.0160968429991,991.6963721630018,0.00025754139642231166,1.0,1.0,1.0,1.0,7.463312368972747e-06,1.09375,0.0,2.0,hard|medium|easy
test,0,7,171,32,0.5279822539960151,90.54468336999707,992.2249586980033,0.0014434391632676125,1.0,1.0,1.0,1.0,7.454926624737946e-06,1.0625,0.0,2.0,hard|medium|easy
test,0,7,172,32,0.5287578139977995,91.0740139720001,992.754289258999,0.0004297052219044417,1.0,1.0,1.0,1.0,7.446540880503145e-06,1.125,0.0,2.0,hard|easy|medium
test,0,7,173,32,0.5287071580023621,91.6032290449948,993.2835043310042,0.000204442476388067,1.0,1.0,1.0,1.0,7.438155136268344e-06,0.9375,0.0,2.0,medium|hard|easy
test,0,7,174,32,0.5277610980047029,92.13157938099903,993.8118546670012,0.0012430604547262192,1.0,1.0,1.0,1.0,7.429769392033544e-06,0.96875,0.0,2.0,easy|hard|medium
test,0,7,175,32,0.5275821620016359,92.65971932499815,994.3399946760037,0.00019283041183371097,1.0,1.0,1.0,1.0,7.421383647798742e-06,1.28125,0.0,2.0,hard|medium|easy
test,0,7,176,32,0.532436642999528,93.19271619500068,994.8729915950025,0.00019799184519797564,1.0,1.0,1.0,1.0,7.412997903563942e-06,1.09375,0.0,2.0,easy|hard|medium
test,0,7,177,32,0.5295729450008366,93.72302627899626,995.4033015770037,0.0001970071461983025,1.0,1.0,1.0,1.0,7.404612159329141e-06,1.09375,0.0,2.0,hard|easy|medium
test,0,7,178,32,0.5273346760004642,94.25089449199731,995.9311697669982,0.09992226958274841,0.9722222222222222,0.96875,0.9666666666666667,0.9684729064039409,7.396226415094339e-06,1.09375,0.0,2.0,hard|medium|easy
test,0,7,179,32,0.5291899699950591,94.78058756199607,996.4608628300048,0.00021072968957014382,1.0,1.0,1.0,1.0,7.3878406708595396e-06,1.125,0.0,2.0,hard|easy|medium
test,0,7,180,32,0.5282084520003991,95.30939744699572,996.9896727180021,0.0002146655460819602,1.0,1.0,1.0,1.0,7.379454926624738e-06,1.0625,0.0,2.0,easy|hard|medium
test,0,7,181,32,0.5280432599975029,95.8379397489989,997.5182151460031,0.00020074390340596437,1.0,1.0,1.0,1.0,7.371069182389937e-06,1.3125,0.0,2.0,hard|easy|medium
test,0,7,182,32,0.5279845420009224,96.36642682599631,998.0467022250014,0.00018051330698654056,1.0,1.0,1.0,1.0,7.362683438155137e-06,0.90625,0.0,2.0,easy|hard|medium
test,0,7,183,32,0.5287874870045925,96.89580826200108,998.576083549,0.0089584244415164,1.0,1.0,1.0,1.0,7.354297693920336e-06,0.96875,0.0,2.0,medium|hard|easy
test,0,7,184,32,0.5287553349990048,97.4251305009966,999.1054057910005,0.0002328098489670083,1.0,1.0,1.0,1.0,7.3459119496855346e-06,1.03125,0.0,2.0,medium|hard|easy
test,0,7,185,32,0.5274023579986533,97.95299597399571,999.6332713910015,0.00018787334556691349,1.0,1.0,1.0,1.0,7.337526205450735e-06,1.03125,0.0,2.0,hard|easy|medium
test,0,7,186,32,0.5290213659973233,98.48257157899934,1000.1628469409989,0.0002071108465315774,1.0,1.0,1.0,1.0,7.329140461215933e-06,1.21875,0.0,2.0,easy|medium|hard
test,0,7,187,32,0.5280756740030483,99.01119784599723,1000.6914733880039,0.027858756482601166,0.9666666666666667,0.96875,0.9722222222222222,0.9684729064039409,7.3207547169811326e-06,0.6875,0.0,2.0,easy|hard|medium
test,0,7,188,32,0.5281823550030822,99.5399035609953,1001.2201788720049,0.00025274790823459625,1.0,1.0,1.0,1.0,7.312368972746332e-06,1.03125,0.0,2.0,hard|medium|easy
test,0,7,189,32,0.5267781850052415,100.06727519099513,1001.7475505129987,0.00027379553648643196,1.0,1.0,1.0,1.0,7.303983228511531e-06,0.71875,0.0,2.0,medium|hard|easy
test,0,7,190,32,0.528205024995259,100.59598545100016,1002.2762607330005,0.0002644238993525505,1.0,1.0,1.0,1.0,7.29559748427673e-06,1.125,0.0,2.0,easy|hard|medium
test,0,7,191,32,0.528503859997727,101.12514174299577,1002.8054170180039,0.00044336647260934114,1.0,1.0,1.0,1.0,7.28721174004193e-06,0.8125,0.0,2.0,hard|medium|easy
test,0,7,192,32,0.5279150429996662,101.65349026799959,1003.3337656000003,0.0002460470423102379,1.0,1.0,1.0,1.0,7.2788259958071284e-06,1.0,0.0,2.0,medium|easy|hard
test,0,7,193,32,0.5290546800024458,102.18309415599651,1003.8633694150049,0.00025572231970727444,1.0,1.0,1.0,1.0,7.270440251572327e-06,0.71875,0.0,2.0,hard|easy|medium
test,0,7,194,32,0.5284217189982883,102.71210600599443,1004.3923812720022,0.0003342311247251928,1.0,1.0,1.0,1.0,7.262054507337527e-06,0.84375,0.0,2.0,hard|medium|easy
test,0,7,195,32,0.5313002679977217,103.2439071129993,1004.9241824900018,0.00019732759392354637,1.0,1.0,1.0,1.0,7.253668763102726e-06,1.0625,0.0,2.0,medium|easy|hard
test,0,7,196,32,0.5298468320033862,103.77452482700028,1005.4548001510047,0.11133112013339996,0.9772727272727273,0.96875,0.9545454545454546,0.964562569213732,7.245283018867925e-06,1.3125,0.0,2.0,medium|easy|hard
test,0,7,197,32,0.5295440769987181,104.30466928600072,1005.9849445529981,0.00016073358710855246,1.0,1.0,1.0,1.0,7.236897274633124e-06,1.34375,0.0,2.0,hard|easy|medium
test,0,7,198,32,0.5276552439972875,104.83289463499386,1006.513169894999,0.00023345967929344624,1.0,1.0,1.0,1.0,7.228511530398324e-06,1.0625,0.0,2.0,easy|hard|medium
test,0,7,199,32,0.5281854519998888,105.36171242799901,1007.0419876829983,0.0002204664924647659,1.0,1.0,1.0,1.0,7.220125786163522e-06,0.875,0.0,2.0,medium|easy|hard
test,0,7,200,32,0.5287937039975077,105.89105698999629,1007.5713322750016,0.0002369424473727122,1.0,1.0,1.0,1.0,7.211740041928722e-06,1.1875,0.0,2.0,medium|easy|hard
test,0,7,201,32,0.5282800200002384,106.41985122699407,1008.1001265189989,0.035681240260601044,0.9666666666666667,0.96875,0.9722222222222222,0.9684729064039409,7.203354297693921e-06,0.875,0.0,2.0,medium|easy|hard
test,0,7,202,32,0.5271227580014965,106.94750541699614,1008.627780736002,0.00018799377721734345,1.0,1.0,1.0,1.0,7.194968553459119e-06,1.125,0.0,2.0,hard|medium|easy
test,0,7,203,32,0.5294648490016698,107.47745937799482,1009.1577346920021,0.00029458326753228903,1.0,1.0,1.0,1.0,7.1865828092243195e-06,0.9375,0.0,2.0,easy|hard|medium
test,0,7,204,32,0.5281134149990976,108.00614507899445,1009.6864203980003,0.002666395390406251,1.0,1.0,1.0,1.0,7.178197064989518e-06,1.21875,0.0,2.0,easy|hard|medium
test,0,7,205,32,0.5278278080004384,108.53452666299563,1010.2148019689994,0.00020288268569856882,1.0,1.0,1.0,1.0,7.169811320754717e-06,1.0625,0.0,2.0,easy|hard|medium
test,0,7,206,32,0.5274356420050026,109.06255516099918,1010.742830453004,0.00019931604037992656,1.0,1.0,1.0,1.0,7.161425576519917e-06,0.9375,0.0,2.0,easy|hard|medium
test,0,7,207,32,0.5290769260027446,109.59218036499806,1011.2724556350004,0.0002024688001256436,1.0,1.0,1.0,1.0,7.153039832285116e-06,0.90625,0.0,2.0,easy|hard|medium
test,0,7,208,32,0.5285522199992556,110.12128588499763,1011.8015611779992,0.00027154956478625536,1.0,1.0,1.0,1.0,7.1446540880503145e-06,1.03125,0.0,2.0,medium|easy|hard
test,0,7,209,32,0.5274583970021922,110.64919077899685,1012.3294660770043,0.00021106831263750792,1.0,1.0,1.0,1.0,7.136268343815515e-06,0.9375,0.0,2.0,easy|medium|hard
test,0,7,210,32,0.5293746989991632,111.17911397900025,1012.8593892630015,0.0001691152574494481,1.0,1.0,1.0,1.0,7.127882599580713e-06,0.9375,0.0,2.0,medium|hard|easy
test,0,7,211,32,0.5286570739990566,111.70831424599601,1013.3885895100029,0.0002746504615060985,1.0,1.0,1.0,1.0,7.119496855345912e-06,1.15625,0.0,2.0,medium|easy|hard
test,0,7,212,32,0.5281790230001207,112.23693632499635,1013.917211607004,0.025632642209529877,0.9666666666666667,0.96875,0.9722222222222222,0.9684729064039409,7.111111111111112e-06,1.125,0.0,2.0,easy|hard|medium
test,0,7,213,32,0.5292554359984933,112.76680136399955,1014.4470768360043,0.0015647814143449068,1.0,1.0,1.0,1.0,7.102725366876311e-06,1.21875,0.0,2.0,hard|easy|medium
test,0,7,214,32,0.5330245119985193,113.30050607999874,1014.9807815820022,0.0003584973746910691,1.0,1.0,1.0,1.0,7.09433962264151e-06,1.0625,0.0,2.0,easy|hard|medium
test,0,7,215,32,0.5294965459979721,113.83118548899802,1015.5114607690048,0.00040579773485660553,1.0,1.0,1.0,1.0,7.08595387840671e-06,1.375,0.0,2.0,hard|medium|easy
test,0,7,216,32,0.5274770749965683,114.3592024479949,1016.0394777340043,0.00028494466096162796,1.0,1.0,1.0,1.0,7.077568134171908e-06,0.96875,0.0,2.0,easy|hard|medium
test,0,7,217,32,0.528218512001331,114.88800667900068,1016.5682819430003,0.0001828189706429839,1.0,1.0,1.0,1.0,7.069182389937107e-06,0.9375,0.0,2.0,easy|hard|medium
test,0,7,218,32,0.5283129599993117,115.41684655100107,1017.0971218690029,0.0002992155496031046,1.0,1.0,1.0,1.0,7.060796645702307e-06,0.90625,0.0,2.0,easy|hard|medium
test,0,7,219,32,0.5271590039992589,115.94459927400021,1017.6248745929988,0.00020107078307773918,1.0,1.0,1.0,1.0,7.0524109014675055e-06,1.03125,0.0,2.0,easy|hard|medium
test,0,7,220,32,0.5292214059954858,116.47436599799403,1018.1546416850033,0.00017579691484570503,1.0,1.0,1.0,1.0,7.044025157232705e-06,0.9375,0.0,2.0,hard|easy|medium
test,0,7,221,32,0.5280733790059458,117.00301094499446,1018.6832862689989,0.0001562174002174288,1.0,1.0,1.0,1.0,7.035639412997904e-06,1.09375,0.0,2.0,medium|easy|hard
test,0,7,222,32,0.5282643669997924,117.5317797769967,1019.2120550629988,0.0001628980680834502,1.0,1.0,1.0,1.0,7.0272536687631035e-06,1.03125,0.0,2.0,medium|hard|easy
test,0,7,223,32,0.5272541469967109,118.05959717399674,1019.7398727170003,0.21104004979133606,0.96875,0.96875,0.9705882352941176,0.9687194525904204,7.018867924528302e-06,0.875,0.0,2.0,easy|hard|medium
test,0,7,224,32,0.5286542989997542,118.58881066199683,1020.2690859440045,0.011686875484883785,1.0,1.0,1.0,1.0,7.010482180293502e-06,1.0,0.0,2.0,medium|easy|hard
test,0,7,225,32,0.528265590997762,119.11763442099618,1020.7979100220036,0.0003170895797666162,1.0,1.0,1.0,1.0,7.002096436058701e-06,0.96875,0.0,2.0,hard|easy|medium
test,0,7,226,32,0.5277644170055282,119.6458977020011,1021.326173018002,0.0002380953374085948,1.0,1.0,1.0,1.0,6.993710691823899e-06,1.0,0.0,2.0,hard|medium|easy
test,0,7,227,32,0.5291617550028604,120.17568300499988,1021.8559582840026,0.00016575890185777098,1.0,1.0,1.0,1.0,6.985324947589099e-06,1.15625,0.0,2.0,medium|easy|hard
test,0,7,228,32,0.5283364400020218,120.70458477200009,1022.3848600560013,0.0007270036730915308,1.0,1.0,1.0,1.0,6.976939203354298e-06,0.90625,0.0,2.0,easy|medium|hard
test,0,7,229,32,0.5278019649995258,121.23294042799535,1022.913215710003,0.09233178198337555,0.9666666666666667,0.96875,0.9722222222222222,0.9684729064039409,6.968553459119497e-06,0.875,0.0,2.0,easy|hard|medium
test,0,7,230,32,0.5271826339958352,121.76067164599954,1023.4409469790044,0.00020391776342876256,1.0,1.0,1.0,1.0,6.9601677148846965e-06,0.9375,0.0,2.0,hard|medium|easy
test,0,7,231,32,0.5287390879966551,122.29001189900009,1023.9702872510024,0.25949162244796753,0.9705882352941176,0.96875,0.96875,0.9687194525904204,6.951781970649896e-06,1.03125,0.0,2.0,hard|easy|medium
test,0,7,232,32,0.5277921319939196,122.81830797099974,1024.4985832500024,0.00032031198497861624,1.0,1.0,1.0,1.0,6.943396226415094e-06,0.96875,0.0,2.0,easy|medium|hard
test,0,7,233,32,0.5311304129936616,123.34995443699881,1025.0302299059986,0.0002536223619244993,1.0,1.0,1.0,1.0,6.9350104821802946e-06,1.0,0.0,2.0,easy|medium|hard
test,0,7,234,32,0.5294514749984955,123.88014612400002,1025.5604213920014,0.00015049573266878724,1.0,1.0,1.0,1.0,6.926624737945493e-06,1.0,0.0,2.0,medium|easy|hard
test,0,7,235,32,0.5284739330018056,124.40920186699805,1026.0894772340034,0.000209171834285371,1.0,1.0,1.0,1.0,6.9182389937106915e-06,1.0625,0.0,2.0,medium|easy|hard
test,0,7,236,32,0.5272529319991008,124.93702688799385,1026.6173022910007,0.007749432697892189,1.0,1.0,1.0,1.0,6.909853249475892e-06,0.84375,0.0,2.0,easy|hard|medium
test,0,7,237,32,0.5286711439985083,125.46626098399429,1027.146536250002,0.0002734570298343897,1.0,1.0,1.0,1.0,6.901467505241091e-06,1.0,0.0,2.0,easy|hard|medium
test,0,7,238,32,0.5295467710020603,125.9963487319983,1027.676624052001,0.00021427009778562933,1.0,1.0,1.0,1.0,6.8930817610062896e-06,1.0625,0.0,2.0,easy|medium|hard
test,0,7,239,32,0.5283737319987267,126.52536504800082,1028.2056403370007,0.0001739774743327871,1.0,1.0,1.0,1.0,6.88469601677149e-06,0.875,0.0,2.0,easy|medium|hard
test,0,7,240,32,0.5281770950023201,127.05415341999469,1028.734429060998,0.021722104400396347,1.0,1.0,1.0,1.0,6.876310272536688e-06,0.9375,0.0,2.0,easy|hard|medium
test,0,7,241,32,0.5290804070027662,127.5838234949988,1029.2640988290004,0.00017965152801480144,1.0,1.0,1.0,1.0,6.867924528301887e-06,1.15625,0.0,2.0,easy|hard|medium
test,0,7,242,32,0.5287889719984378,128.1131069529947,1029.7933822300038,0.00016892976418603212,1.0,1.0,1.0,1.0,6.859538784067087e-06,0.75,0.0,2.0,easy|hard|medium
test,0,7,243,32,0.527657532999001,128.64129450600012,1030.3215697819978,0.006226412486284971,1.0,1.0,1.0,1.0,6.851153039832285e-06,1.0625,0.0,2.0,medium|hard|easy
test,0,7,244,32,0.5292213200009428,129.17106833599973,1030.8513436159992,0.00020093252533115447,1.0,1.0,1.0,1.0,6.842767295597485e-06,0.96875,0.0,2.0,easy|hard|medium
test,0,7,245,32,0.5284310919960262,129.70004113100003,1031.3803164230048,0.0004595347272697836,1.0,1.0,1.0,1.0,6.834381551362684e-06,1.03125,0.0,2.0,hard|easy|medium
test,0,7,246,32,0.5283689619973302,130.22894184399775,1031.9092171590019,0.00046709811431355774,1.0,1.0,1.0,1.0,6.8259958071278834e-06,1.0,0.0,2.0,hard|medium|easy
test,0,7,247,32,0.5270673129998613,130.75655896399985,1032.4368342430025,0.00022456746955867857,1.0,1.0,1.0,1.0,6.817610062893082e-06,1.0,0.0,2.0,easy|medium|hard
test,0,7,248,32,0.5286877969992929,131.2858125329949,1032.9660878330033,0.00016318974667228758,1.0,1.0,1.0,1.0,6.809224318658282e-06,0.90625,0.0,2.0,easy|hard|medium
test,0,7,249,32,0.5285109200049192,131.81482111600053,1033.4950964119998,0.00014149695925880224,1.0,1.0,1.0,1.0,6.800838574423481e-06,0.96875,0.0,2.0,hard|easy|medium
test,0,7,250,32,0.5277747990039643,132.34313538100105,1034.023410736001,0.00016587466234341264,1.0,1.0,1.0,1.0,6.792452830188679e-06,0.96875,0.0,2.0,medium|hard|easy
test,0,7,251,32,0.5289963850009372,132.8726972939985,1034.5529725779998,0.1918405294418335,0.9666666666666667,0.96875,0.9722222222222222,0.9684729064039409,6.784067085953879e-06,1.09375,0.0,2.0,hard|easy|medium
test,0,7,252,32,0.5294201770011568,133.4026832429954,1035.082958537998,0.0002009326417464763,1.0,1.0,1.0,1.0,6.775681341719078e-06,1.1875,0.0,2.0,medium|easy|hard
test,0,7,253,32,0.5289540569938254,133.93226664800022,1035.6125419150048,0.00016569459694437683,1.0,1.0,1.0,1.0,6.767295597484277e-06,1.09375,0.0,2.0,medium|hard|easy
test,0,7,254,32,0.5294713410039549,134.46228827400046,1036.142563899004,0.0003427320916671306,1.0,1.0,1.0,1.0,6.7589098532494765e-06,1.03125,0.0,2.0,medium|hard|easy
test,0,7,255,32,0.5290330800053198,134.9919201169978,1036.6721953919987,0.00020230209338478744,1.0,1.0,1.0,1.0,6.750524109014676e-06,0.875,0.0,2.0,medium|easy|hard
test,0,7,256,32,0.5277209479972953,135.52018492599746,1037.2004602140005,0.00016678895917721093,1.0,1.0,1.0,1.0,6.742138364779874e-06,0.84375,0.0,2.0,easy|hard|medium
test,0,7,257,32,0.5273936240046169,136.04814787299983,1037.7284231500016,0.00018878176342695951,1.0,1.0,1.0,1.0,6.7337526205450745e-06,1.1875,0.0,2.0,easy|hard|medium
test,0,7,258,32,0.5298430779948831,136.57853246599552,1038.258807737002,0.0001779369340511039,1.0,1.0,1.0,1.0,6.725366876310273e-06,0.90625,0.0,2.0,hard|easy|medium
test,0,7,259,32,0.5287060479968204,137.10781961799512,1038.7880949419996,0.0001818470482248813,1.0,1.0,1.0,1.0,6.7169811320754715e-06,0.90625,0.0,2.0,easy|hard|medium
test,0,7,260,32,0.5273694770003203,137.63573668799654,1039.3160119630047,0.0001813589478842914,1.0,1.0,1.0,1.0,6.708595387840672e-06,0.875,0.0,2.0,easy|medium|hard
test,0,7,261,32,0.5286629100010032,138.16533809999964,1039.8456134279986,0.00016154258628375828,1.0,1.0,1.0,1.0,6.700209643605871e-06,1.1875,0.0,2.0,hard|easy|medium
test,0,7,262,32,0.5284778970017214,138.6942857219983,1040.3745609850012,0.00015440363495144993,1.0,1.0,1.0,1.0,6.6918238993710695e-06,1.125,0.0,2.0,medium|hard|easy
test,0,7,263,32,0.5280220540007576,139.22278978699615,1040.9030650630011,0.0002107069012708962,1.0,1.0,1.0,1.0,6.68343815513627e-06,1.21875,0.0,2.0,medium|easy|hard
test,0,7,264,32,0.5272898320035893,139.75059625399444,1041.430871577002,0.00019867248192895204,1.0,1.0,1.0,1.0,6.675052410901468e-06,1.03125,0.0,2.0,hard|medium|easy
test,0,7,265,6,0.15960311900562374,139.91070575299818,1041.5909810610028,0.00012958892330061644,1.0,1.0,1.0,1.0,6.666666666666667e-06,1.3333333730697632,0.0,2.0,medium|hard|easy
test,0,8,1,32,0.5307144409962348,0.6144934719995945,1052.5614491529996,0.0001864919177023694,1.0,1.0,1.0,1.0,6.658280922431867e-06,1.0625,0.0,2.0,easy|hard|medium
test,0,8,2,32,0.5281196689975332,1.1433016030059662,1053.0902536600042,0.00015714182518422604,1.0,1.0,1.0,1.0,6.649895178197065e-06,1.0,0.0,2.0,easy|medium|hard
test,0,8,3,32,0.5273472870030673,1.6711522590048844,1053.6181042040043,0.028949759900569916,0.9545454545454546,0.96875,0.9772727272727273,0.964562569213732,6.641509433962265e-06,0.78125,0.0,2.0,medium|easy|hard
test,0,8,4,32,0.5285278859955724,2.2002898690043367,1054.1472418589983,0.00017452921019867063,1.0,1.0,1.0,1.0,6.633123689727464e-06,0.96875,0.0,2.0,hard|easy|medium
test,0,8,5,32,0.5281491950008785,2.729002316002152,1054.6759544279994,0.00015140388859435916,1.0,1.0,1.0,1.0,6.624737945492663e-06,0.9375,0.0,2.0,easy|medium|hard
test,0,8,6,32,0.5286129879968939,3.2582033400030923,1055.2051553159981,0.00015931291272863746,1.0,1.0,1.0,1.0,6.616352201257862e-06,1.21875,0.0,2.0,hard|medium|easy
test,0,8,7,32,0.529554692999227,3.788349324000592,1055.735301354005,0.00017483544070273638,1.0,1.0,1.0,1.0,6.607966457023062e-06,0.8125,0.0,2.0,easy|hard|medium
test,0,8,8,32,0.5292377810037578,4.318131915002596,1056.265083874001,0.00016945938114076853,1.0,1.0,1.0,1.0,6.5995807127882605e-06,1.0625,0.0,2.0,hard|easy|medium
test,0,8,9,32,0.5277999390018522,4.846540823004034,1056.7934927940005,0.014978057704865932,1.0,1.0,1.0,1.0,6.591194968553459e-06,0.96875,0.0,2.0,easy|medium|hard
test,0,8,10,32,0.5279540150004323,5.375000334002834,1057.321952324004,0.00021366892906371504,1.0,1.0,1.0,1.0,6.582809224318659e-06,1.15625,0.0,2.0,medium|hard|easy
test,0,8,11,32,0.5281378620056785,5.903728937999404,1057.850680897005,0.00013982082600705326,1.0,1.0,1.0,1.0,6.574423480083858e-06,0.90625,0.0,2.0,hard|medium|easy
test,0,8,12,32,0.5285014030014281,6.432750347004912,1058.3797023700026,0.00015004856686573476,1.0,1.0,1.0,1.0,6.566037735849057e-06,0.90625,0.0,2.0,medium|easy|hard
test,0,8,13,32,0.5282292310002958,6.961594833999698,1058.9085468350022,0.260639488697052,0.9666666666666667,0.96875,0.9722222222222222,0.9684729064039409,6.557651991614256e-06,1.125,0.0,2.0,easy|medium|hard
test,0,8,14,32,0.5286410689950571,7.49073533500632,1059.4376873180008,0.0002453486085869372,1.0,1.0,1.0,1.0,6.549266247379456e-06,0.78125,0.0,2.0,medium|easy|hard
test,0,8,15,32,0.5290407989959931,8.020289369000238,1059.9672413279986,0.00017457050853408873,1.0,1.0,1.0,1.0,6.540880503144654e-06,1.15625,0.0,2.0,medium|hard|easy
test,0,8,16,32,0.5281001859984826,8.548844782999367,1060.495796752999,0.00015993823762983084,1.0,1.0,1.0,1.0,6.532494758909854e-06,0.8125,0.0,2.0,medium|easy|hard
test,0,8,17,32,0.5276510199983022,9.077146178002295,1061.0240981570023,0.00023051317839417607,1.0,1.0,1.0,1.0,6.524109014675053e-06,0.90625,0.0,2.0,medium|easy|hard
test,0,8,18,32,0.5284083419974195,9.606132423999952,1061.5530843950037,0.0001380448811687529,1.0,1.0,1.0,1.0,6.515723270440251e-06,0.6875,0.0,2.0,easy|medium|hard
test,0,8,19,32,0.528378581002471,10.135083189001307,1062.082035174004,0.00013372756075114012,1.0,1.0,1.0,1.0,6.5073375262054516e-06,1.0625,0.0,2.0,easy|medium|hard
test,0,8,20,32,0.5274291529931361,10.663084231004177,1062.6100361900026,0.0001886810059659183,1.0,1.0,1.0,1.0,6.49895178197065e-06,1.0625,0.0,2.0,medium|hard|easy
test,0,8,21,32,0.5291841840007692,11.192780599005346,1063.1397325760045,0.11959734559059143,0.9722222222222222,0.96875,0.9666666666666667,0.9684729064039409,6.490566037735849e-06,1.09375,0.0,2.0,medium|easy|hard
test,0,8,22,32,0.5280874209929607,11.721486096001172,1063.6684380549996,0.005998132284730673,1.0,1.0,1.0,1.0,6.4821802935010496e-06,1.09375,0.0,2.0,easy|hard|medium
test,0,8,23,32,0.5279292850027559,12.249935533000098,1064.1968875470047,0.00018203252693638206,1.0,1.0,1.0,1.0,6.473794549266248e-06,0.96875,0.0,2.0,easy|medium|hard
test,0,8,24,32,0.5276344869998866,12.778084114004741,1064.7250360969992,0.0001883122604340315,1.0,1.0,1.0,1.0,6.4654088050314466e-06,1.03125,0.0,2.0,medium|easy|hard
test,0,8,25,32,0.5293440820023534,13.307985238003312,1065.254937534999,0.0001446862006559968,1.0,1.0,1.0,1.0,6.457023060796647e-06,0.9375,0.0,2.0,hard|easy|medium
test,0,8,26,32,0.5282169040001463,13.83683986300457,1065.7837918410005,0.0001574195921421051,1.0,1.0,1.0,1.0,6.448637316561845e-06,0.90625,0.0,2.0,hard|medium|easy
test,0,8,27,32,0.5278149509977084,14.365262418003113,1066.3122143910005,0.00015769874153193086,1.0,1.0,1.0,1.0,6.4402515723270446e-06,0.6875,0.0,2.0,easy|hard|medium
test,0,8,28,32,0.5290430800014292,14.894927043002099,1066.8418790249998,0.00031162280356511474,1.0,1.0,1.0,1.0,6.431865828092244e-06,0.875,0.0,2.0,medium|easy|hard
test,0,8,29,32,0.5282078279997222,15.4237230140061,1067.3706750769998,0.2682803273200989,0.9444444444444444,0.96875,0.9791666666666667,0.9599499374217773,6.423480083857443e-06,0.90625,0.0,2.0,hard|easy|medium
test,0,8,30,32,0.5281057469983352,15.95233726400329,1067.8992892739989,0.000152258959133178,1.0,1.0,1.0,1.0,6.415094339622642e-06,0.90625,0.0,2.0,easy|hard|medium
test,0,8,31,32,0.528137812994828,16.48100687400438,1068.4279588499994,0.00018018909031525254,1.0,1.0,1.0,1.0,6.406708595387842e-06,1.125,0.0,2.0,medium|easy|hard
test,0,8,32,32,0.5287215659991489,17.01027078500192,1068.957222910998,0.00020393161685205996,1.0,1.0,1.0,1.0,6.3983228511530404e-06,0.9375,0.0,2.0,easy|hard|medium
test,0,8,33,32,0.5277554839994991,17.538524495001184,1069.485476463,0.00022991455625742674,1.0,1.0,1.0,1.0,6.389937106918239e-06,1.0,0.0,2.0,hard|easy|medium
test,0,8,34,32,0.5277431870053988,18.066793578000215,1070.0137455670047,0.09507438540458679,0.9772727272727273,0.96875,0.9545454545454546,0.964562569213732,6.381551362683439e-06,1.09375,0.0,2.0,easy|medium|hard
test,0,8,35,32,0.5288462060052552,18.596220417006407,1070.543172386002,0.00037141417851671576,1.0,1.0,1.0,1.0,6.373165618448638e-06,1.0625,0.0,2.0,medium|easy|hard
test,0,8,36,32,0.5280114400011371,19.124757301004138,1071.0717094030042,0.00021961089805699885,1.0,1.0,1.0,1.0,6.364779874213837e-06,1.0625,0.0,2.0,medium|easy|hard
test,0,8,37,32,0.5282208949938649,19.65350726700126,1071.600459238005,0.0001570952299516648,1.0,1.0,1.0,1.0,6.356394129979036e-06,1.0,0.0,2.0,medium|hard|easy
test,0,8,38,32,0.5287033000058727,20.18272361700656,1072.1296755990043,0.00037104758666828275,1.0,1.0,1.0,1.0,6.348008385744236e-06,0.9375,0.0,2.0,easy|medium|hard
test,0,8,39,32,0.5285065040006884,20.71176074200048,1072.6587127110033,0.00037559925112873316,1.0,1.0,1.0,1.0,6.339622641509434e-06,0.9375,0.0,2.0,easy|medium|hard
test,0,8,40,32,0.5276076090012793,21.23985646499932,1073.186808465005,0.0003880998119711876,1.0,1.0,1.0,1.0,6.331236897274634e-06,1.0,0.0,2.0,hard|medium|easy
test,0,8,41,32,0.5277905959956115,21.768272383000294,1073.7152243870005,0.0004002131172455847,1.0,1.0,1.0,1.0,6.322851153039833e-06,1.0,0.0,2.0,easy|hard|medium
test,0,8,42,32,0.5287336379988119,22.2975172400038,1074.2444692639983,0.00014907620789017528,1.0,1.0,1.0,1.0,6.314465408805031e-06,0.9375,0.0,2.0,easy|medium|hard
test,0,8,43,32,0.5288736889997381,22.82697920600185,1074.7739311780024,0.0009614258888177574,1.0,1.0,1.0,1.0,6.3060796645702315e-06,0.90625,0.0,2.0,hard|easy|medium
test,0,8,44,32,0.5281747859989991,23.355733529002464,1075.3026854880009,0.0014392570592463017,1.0,1.0,1.0,1.0,6.29769392033543e-06,1.125,0.0,2.0,hard|easy|medium
test,0,8,45,32,0.5288797149987658,23.885169576002227,1075.8321218300043,0.0012741265818476677,1.0,1.0,1.0,1.0,6.289308176100629e-06,0.75,0.0,2.0,easy|hard|medium
test,0,8,46,32,0.5289915750036016,24.414688692006166,1076.3616406920046,0.00015927862841635942,1.0,1.0,1.0,1.0,6.2809224318658295e-06,1.03125,0.0,2.0,easy|hard|medium
test,0,8,47,32,0.5279759159966488,24.943258354003774,1076.8902103709988,0.00018951771198771894,1.0,1.0,1.0,1.0,6.272536687631028e-06,1.375,0.0,2.0,medium|hard|easy
test,0,8,48,32,0.5276862160026212,25.471475320002355,1077.418427313998,0.14467613399028778,0.9736842105263157,0.96875,0.9642857142857143,0.967967967967968,6.2641509433962265e-06,1.125,0.0,2.0,medium|hard|easy
test,0,8,49,32,0.5284747019977658,26.00052036600391,1077.9474723530002,0.00018766187713481486,1.0,1.0,1.0,1.0,6.255765199161427e-06,0.875,0.0,2.0,medium|hard|easy
test,0,8,50,32,0.5284016670048004,26.529445350999595,1078.4763973470035,0.00023036035418044776,1.0,1.0,1.0,1.0,6.247379454926625e-06,0.78125,0.0,2.0,medium|easy|hard
test,0,8,51,32,0.5277241589938058,27.057741624004848,1079.0046936060025,0.00020048662554472685,1.0,1.0,1.0,1.0,6.2389937106918245e-06,1.3125,0.0,2.0,hard|medium|easy
test,0,8,52,32,0.5290899479950895,27.587400847005483,1079.5343528390003,0.00015382215497083962,1.0,1.0,1.0,1.0,6.230607966457024e-06,1.21875,0.0,2.0,medium|easy|hard
test,0,8,53,32,0.5285832730005495,28.116510488005588,1080.0634624770028,0.003767149755731225,1.0,1.0,1.0,1.0,6.222222222222223e-06,1.25,0.0,2.0,medium|easy|hard
test,0,8,54,32,0.5280871900031343,28.645122282003285,1080.5920742540038,0.0001470129209337756,1.0,1.0,1.0,1.0,6.213836477987422e-06,0.96875,0.0,2.0,easy|hard|medium
test,0,8,55,32,0.5275867039963487,29.173328406002838,1081.120280395,0.0007383098127320409,1.0,1.0,1.0,1.0,6.205450733752622e-06,0.96875,0.0,2.0,medium|easy|hard
test,0,8,56,32,0.5288653059978969,29.70266158000595,1081.6496135810012,0.00024032130022533238,1.0,1.0,1.0,1.0,6.19706498951782e-06,1.09375,0.0,2.0,easy|hard|medium
test,0,8,57,32,0.5281074500016985,30.23135808900406,1082.178310096002,0.0018074343679472804,1.0,1.0,1.0,1.0,6.188679245283019e-06,0.96875,0.0,2.0,hard|medium|easy
test,0,8,58,32,0.5275411139955395,30.7594126230033,1082.7063645860035,0.0001917006738949567,1.0,1.0,1.0,1.0,6.180293501048219e-06,0.8125,0.0,2.0,medium|easy|hard
test,0,8,59,32,0.5292062680018716,31.289159627005574,1083.2361116180036,0.00013559797662310302,1.0,1.0,1.0,1.0,6.1719077568134175e-06,1.0,0.0,2.0,hard|medium|easy
test,0,8,60,32,0.5282229509975878,31.817943496003863,1083.764895502005,0.00013271016359794885,1.0,1.0,1.0,1.0,6.163522012578617e-06,0.875,0.0,2.0,easy|hard|medium
test,0,8,61,32,0.5281870390026597,32.34672824000154,1084.2936801980031,0.014932840131223202,1.0,1.0,1.0,1.0,6.155136268343816e-06,1.125,0.0,2.0,easy|hard|medium
test,0,8,62,32,0.5269790329984971,32.874243686004775,1084.821195647004,0.00015661644283682108,1.0,1.0,1.0,1.0,6.1467505241090155e-06,0.75,0.0,2.0,easy|hard|medium
test,0,8,63,32,0.5290637649959535,33.40387972200551,1085.3508316880034,0.00011812437151093036,1.0,1.0,1.0,1.0,6.138364779874214e-06,1.125,0.0,2.0,easy|hard|medium
test,0,8,64,32,0.5283653959995718,33.93289370200364,1085.879845700998,0.00015213778533507138,1.0,1.0,1.0,1.0,6.129979035639414e-06,0.6875,0.0,2.0,easy|medium|hard
test,0,8,65,32,0.5282030630041845,34.46168841400504,1086.4086404379996,0.00017932317859958857,1.0,1.0,1.0,1.0,6.121593291404613e-06,0.84375,0.0,2.0,hard|easy|medium
test,0,8,66,32,0.5292688269983046,34.99151186800009,1086.938463821003,0.00014842527161817998,1.0,1.0,1.0,1.0,6.113207547169811e-06,0.84375,0.0,2.0,hard|medium|easy
test,0,8,67,32,0.5283971630051383,35.520451698001125,1087.4674036959987,0.00016930460697039962,1.0,1.0,1.0,1.0,6.104821802935011e-06,1.125,0.0,2.0,hard|medium|easy
test,0,8,68,32,0.5282739750036853,36.04924275600206,1087.996194722,0.00013172411127015948,1.0,1.0,1.0,1.0,6.09643605870021e-06,0.96875,0.0,2.0,medium|hard|easy
test,0,8,69,32,0.5289844020007877,36.57875504700496,1088.5257070509979,0.0001508616260252893,1.0,1.0,1.0,1.0,6.088050314465409e-06,1.15625,0.0,2.0,hard|medium|easy
test,0,8,70,32,0.5292271560028894,37.108604438006296,1089.055556461004,0.00022313666704576463,1.0,1.0,1.0,1.0,6.0796645702306085e-06,0.875,0.0,2.0,medium|hard|easy
test,0,8,71,32,0.5282998920010868,37.63740972100641,1089.5843616960046,0.00014421483501791954,1.0,1.0,1.0,1.0,6.071278825995808e-06,1.0625,0.0,2.0,medium|hard|easy
test,0,8,72,32,0.5278422429983038,38.16587018400605,1090.112822177005,0.00013293576193973422,1.0,1.0,1.0,1.0,6.062893081761006e-06,0.875,0.0,2.0,easy|medium|hard
test,0,8,73,32,0.528087737999158,38.694578873000864,1090.641530879002,0.0016841860488057137,1.0,1.0,1.0,1.0,6.0545073375262066e-06,1.125,0.0,2.0,hard|medium|easy
test,0,8,74,32,0.5280503270041663,39.22320604900597,1091.1701580840017,0.0001318170689046383,1.0,1.0,1.0,1.0,6.046121593291405e-06,1.1875,0.0,2.0,hard|medium|easy
test,0,8,75,32,0.5271345100045437,39.750992623005004,1091.6979446100013,0.0001983748807106167,1.0,1.0,1.0,1.0,6.037735849056604e-06,1.0,0.0,2.0,hard|medium|easy
test,0,8,76,32,0.5286784749987419,40.28025307700591,1092.2272050669999,0.00014547479804605246,1.0,1.0,1.0,1.0,6.029350104821804e-06,1.15625,0.0,2.0,hard|medium|easy
test,0,8,77,32,0.529025719006313,40.809865399001865,1092.7568173670006,0.00013473563012667,1.0,1.0,1.0,1.0,6.020964360587003e-06,0.96875,0.0,2.0,medium|easy|hard
test,0,8,78,32,0.5286943079991033,41.33914198000275,1093.2860939680031,0.00013586573186330497,1.0,1.0,1.0,1.0,6.0125786163522016e-06,1.15625,0.0,2.0,medium|easy|hard
test,0,8,79,32,0.5277695670010871,41.86791479200474,1093.814866779001,0.08199947327375412,0.9666666666666667,0.96875,0.9722222222222222,0.9684729064039409,6.004192872117402e-06,0.84375,0.0,2.0,medium|easy|hard
test,0,8,80,32,0.5294031459998223,42.39788210700499,1094.344834100004,0.02374368906021118,0.9736842105263157,0.96875,0.9642857142857143,0.967967967967968,5.9958071278826e-06,1.0625,0.0,2.0,hard|easy|medium
test,0,8,81,32,0.5285970059994725,42.92714006400638,1094.8740920390046,0.00015329421148635447,1.0,1.0,1.0,1.0,5.987421383647799e-06,1.0,0.0,2.0,easy|medium|hard
test,0,8,82,32,0.5277112849944388,43.45541303200298,1095.4023653129989,0.0009370314655825496,1.0,1.0,1.0,1.0,5.979035639412999e-06,0.84375,0.0,2.0,medium|easy|hard
test,0,8,83,32,0.5296733619979932,43.98567947200354,1095.932631429001,0.004771117120981216,1.0,1.0,1.0,1.0,5.970649895178197e-06,1.03125,0.0,2.0,easy|medium|hard
test,0,8,84,32,0.5284614900010638,44.51470835900545,1096.4616603850009,0.00019562405941542238,1.0,1.0,1.0,1.0,5.962264150943397e-06,0.875,0.0,2.0,easy|hard|medium
test,0,8,85,32,0.528270712995436,45.04365917800169,1096.9906113640027,0.0002653484698385,1.0,1.0,1.0,1.0,5.953878406708596e-06,1.03125,0.0,2.0,easy|hard|medium
test,0,8,86,32,0.5285370339988731,45.57274315399991,1097.5196952210026,0.00013414879504125565,1.0,1.0,1.0,1.0,5.9454926624737954e-06,0.9375,0.0,2.0,easy|hard|medium
test,0,8,87,32,0.5286241689973394,46.10195642400504,1098.048908386998,0.00014144745364319533,1.0,1.0,1.0,1.0,5.937106918238994e-06,1.0,0.0,2.0,medium|hard|easy
test,0,8,88,32,0.5280511589953676,46.630556522002735,1098.577508485003,0.16407059133052826,0.975,0.96875,0.9615384615384616,0.9671794871794872,5.928721174004194e-06,1.28125,0.0,2.0,medium|hard|easy
test,0,8,89,32,0.5278839000020525,47.15896667900233,1099.1059187060018,0.2380065768957138,0.9722222222222222,0.96875,0.9666666666666667,0.9684729064039409,5.920335429769393e-06,1.125,0.0,2.0,easy|medium|hard
test,0,8,90,32,0.528929177999089,47.688483684003586,1099.6354356320007,0.0001340512535534799,1.0,1.0,1.0,1.0,5.911949685534591e-06,0.875,0.0,2.0,easy|medium|hard
test,0,8,91,32,0.5287289199986844,48.21765727400634,1100.1646092790033,0.00013263654545880854,1.0,1.0,1.0,1.0,5.903563941299791e-06,1.34375,0.0,2.0,medium|hard|easy
test,0,8,92,32,0.5279856259949156,48.74618709800416,1100.6931390850004,0.0001283495657844469,1.0,1.0,1.0,1.0,5.89517819706499e-06,0.78125,0.0,2.0,medium|hard|easy
test,0,8,93,32,0.5286703870006022,49.275441845005844,1101.2223938000025,0.00014041809481568635,1.0,1.0,1.0,1.0,5.886792452830189e-06,0.96875,0.0,2.0,easy|medium|hard
test,0,8,94,32,0.5286927929992089,49.80471344500256,1101.751665402,0.0001352696563117206,1.0,1.0,1.0,1.0,5.8784067085953885e-06,0.96875,0.0,2.0,easy|hard|medium
test,0,8,95,32,0.5278626379949856,50.33317440999963,1102.280126493999,0.00013450620463117957,1.0,1.0,1.0,1.0,5.870020964360588e-06,0.8125,0.0,2.0,easy|hard|medium
test,0,8,96,32,0.5278933810041053,50.861621891999675,1102.8085738520022,0.0003044875920750201,1.0,1.0,1.0,1.0,5.861635220125786e-06,0.875,0.0,2.0,easy|medium|hard
test,0,8,97,32,0.5283230330023798,51.39051898300386,1103.337470974002,0.00017760448099579662,1.0,1.0,1.0,1.0,5.8532494758909865e-06,0.75,0.0,2.0,easy|hard|medium
test,0,8,98,32,0.5283500619989354,51.91935525200097,1103.8663072150011,0.00014348547847475857,1.0,1.0,1.0,1.0,5.844863731656185e-06,1.09375,0.0,2.0,easy|medium|hard
test,0,8,99,32,0.5272363619951648,52.44722619700042,1104.3941782020047,0.00013961538206785917,1.0,1.0,1.0,1.0,5.836477987421384e-06,1.09375,0.0,2.0,hard|medium|easy
test,0,8,100,32,0.5291608040060964,52.97699974500574,1104.9239517070018,0.00014759509940631688,1.0,1.0,1.0,1.0,5.828092243186583e-06,0.8125,0.0,2.0,easy|medium|hard
test,0,8,101,32,0.5292117709977902,53.50677213200106,1105.4537241510043,0.00014109309995546937,1.0,1.0,1.0,1.0,5.819706498951783e-06,0.8125,0.0,2.0,medium|easy|hard
test,0,8,102,32,0.5281064330047229,54.035521545003576,1105.9824735840011,0.00012030425568809733,1.0,1.0,1.0,1.0,5.8113207547169815e-06,1.0,0.0,2.0,hard|easy|medium
test,0,8,103,32,0.5273663859989028,54.56351838300179,1106.5104703930047,0.0008951212512329221,1.0,1.0,1.0,1.0,5.80293501048218e-06,1.0625,0.0,2.0,hard|medium|easy
test,0,8,104,32,0.5288880759981112,55.09299953500158,1107.0399515710014,0.0001499498321209103,1.0,1.0,1.0,1.0,5.79454926624738e-06,0.84375,0.0,2.0,medium|hard|easy
test,0,8,105,32,0.5284344050014624,55.62196811000467,1107.5689201050045,0.00012326438445597887,1.0,1.0,1.0,1.0,5.786163522012579e-06,1.125,0.0,2.0,hard|medium|easy
test,0,8,106,32,0.5275148469954729,56.150067800001125,1108.0970199260046,0.00014081141853239387,1.0,1.0,1.0,1.0,5.777777777777778e-06,0.78125,0.0,2.0,medium|hard|easy
test,0,8,107,32,0.5294836199973361,56.68002855800296,1108.6269805810007,0.00013876032608095556,1.0,1.0,1.0,1.0,5.769392033542977e-06,1.375,0.0,2.0,easy|medium|hard
test,0,8,108,32,0.5291201000000001,57.209700083003554,1109.156652139005,0.0001442760112695396,1.0,1.0,1.0,1.0,5.761006289308177e-06,1.03125,0.0,2.0,medium|hard|easy
test,0,8,109,32,0.5280632420035545,57.73838501400314,1109.6853369880046,0.00017044627747964114,1.0,1.0,1.0,1.0,5.752620545073375e-06,0.84375,0.0,2.0,easy|medium|hard
test,0,8,110,32,0.5275426770022023,58.26644497700181,1110.2133969420029,0.00015072498354129493,1.0,1.0,1.0,1.0,5.744234800838575e-06,1.0,0.0,2.0,easy|hard|medium
test,0,8,111,32,0.5285814990056679,58.795648129002075,1110.7426001050044,0.00013829299132339656,1.0,1.0,1.0,1.0,5.735849056603774e-06,0.875,0.0,2.0,medium|easy|hard
test,0,8,112,32,0.5278433729981771,59.3240192900048,1111.2709712440046,0.00020381234935484827,1.0,1.0,1.0,1.0,5.727463312368972e-06,0.9375,0.0,2.0,hard|easy|medium
test,0,8,113,32,0.5277840679991641,59.852425733006385,1111.7993777060037,0.00014654931146651506,1.0,1.0,1.0,1.0,5.7190775681341725e-06,1.0,0.0,2.0,hard|easy|medium
test,0,8,114,32,0.5290119080018485,60.38187585900596,1112.3288278239997,0.0022158275824040174,1.0,1.0,1.0,1.0,5.710691823899371e-06,0.78125,0.0,2.0,medium|easy|hard
test,0,8,115,32,0.5283328970035654,60.910838890005834,1112.857790918999,0.00013806915376335382,1.0,1.0,1.0,1.0,5.70230607966457e-06,1.125,0.0,2.0,hard|easy|medium
test,0,8,116,32,0.5281186970023555,61.439550736002275,1113.3865027049978,0.0010756332194432616,1.0,1.0,1.0,1.0,5.69392033542977e-06,1.09375,0.0,2.0,medium|hard|easy
test,0,8,117,32,0.5286327630019514,61.96870267200575,1113.9156548640021,0.00012018052802886814,1.0,1.0,1.0,1.0,5.685534591194969e-06,0.90625,0.0,2.0,easy|hard|medium
test,0,8,118,32,0.5284919609985081,62.49772470199969,1114.4446766969995,0.00025522205396555364,1.0,1.0,1.0,1.0,5.6771488469601675e-06,0.96875,0.0,2.0,medium|easy|hard
test,0,8,119,32,0.5281843150005443,63.026513444005104,1114.9734654130007,0.00012926894123665988,1.0,1.0,1.0,1.0,5.668763102725368e-06,1.03125,0.0,2.0,easy|medium|hard
test,0,8,120,32,0.5281896109954687,63.555314882003586,1115.502266921998,0.05282125622034073,0.9642857142857143,0.96875,0.9736842105263157,0.967967967967968,5.660377358490566e-06,1.1875,0.0,2.0,medium|hard|easy
test,0,8,121,32,0.5283956919956836,64.0842630660045,1116.0312151120015,0.00015383413119707257,1.0,1.0,1.0,1.0,5.6519916142557655e-06,0.75,0.0,2.0,medium|easy|hard
test,0,8,122,32,0.5285372049984289,64.61337861500215,1116.5603306070043,0.00014433491742238402,1.0,1.0,1.0,1.0,5.643605870020965e-06,1.125,0.0,2.0,easy|hard|medium
test,0,8,123,32,0.5275535950058838,65.141565498001,1117.0885175340009,0.2927078902721405,0.9722222222222222,0.96875,0.9666666666666667,0.9684729064039409,5.635220125786164e-06,0.8125,0.0,2.0,medium|easy|hard
test,0,8,124,32,0.5290892789998907,65.67121531800512,1117.6181672890016,0.018971845507621765,1.0,1.0,1.0,1.0,5.626834381551363e-06,1.15625,0.0,2.0,medium|easy|hard
test,0,8,125,32,0.5288127579988213,66.20066547200258,1118.147617486,0.0005075524095445871,1.0,1.0,1.0,1.0,5.618448637316563e-06,1.0,0.0,2.0,easy|hard|medium
test,0,8,126,32,0.5278618849988561,66.72907924000174,1118.676031212999,0.000171398525708355,1.0,1.0,1.0,1.0,5.610062893081761e-06,1.0,0.0,2.0,easy|medium|hard
test,0,8,127,32,0.5282800509958179,67.25793726800475,1119.20488931,0.00013732645311392844,1.0,1.0,1.0,1.0,5.60167714884696e-06,0.96875,0.0,2.0,medium|easy|hard
test,0,8,128,32,0.5289540710000438,67.78747822200239,1119.7344302400015,0.0001230378111358732,1.0,1.0,1.0,1.0,5.59329140461216e-06,1.15625,0.0,2.0,easy|medium|hard
test,0,8,129,32,0.5288713990012184,68.31682520900358,1120.263777238004,0.0002781780203804374,1.0,1.0,1.0,1.0,5.5849056603773586e-06,1.1875,0.0,2.0,medium|easy|hard
test,0,8,130,32,0.5271126530060428,68.84454075000394,1120.7914930800034,0.00015305131091736257,1.0,1.0,1.0,1.0,5.576519916142558e-06,0.96875,0.0,2.0,easy|medium|hard
test,0,8,131,32,0.529224546997284,69.37434021499939,1121.321292241999,0.00014385866234079003,1.0,1.0,1.0,1.0,5.568134171907757e-06,1.0625,0.0,2.0,easy|hard|medium
test,0,8,132,32,0.5284337880002568,69.90329622500576,1121.8502482160038,0.0009866788750514388,1.0,1.0,1.0,1.0,5.5597484276729566e-06,0.84375,0.0,2.0,hard|easy|medium
test,0,8,133,32,0.5279273669948452,70.43177819200355,1122.3787301730044,0.00012402443098835647,1.0,1.0,1.0,1.0,5.551362683438155e-06,0.96875,0.0,2.0,medium|hard|easy
test,0,8,134,32,0.5273300670014578,70.95971855800599,1122.9066706550002,0.00019291610806249082,1.0,1.0,1.0,1.0,5.542976939203355e-06,0.90625,0.0,2.0,medium|easy|hard
test,0,8,135,32,0.5285833410016494,71.48886703000608,1123.4358190550047,0.00014795447350479662,1.0,1.0,1.0,1.0,5.534591194968554e-06,1.15625,0.0,2.0,easy|hard|medium
test,0,8,136,32,0.5289724320027744,72.0184108310059,1123.9653627970038,0.0002757420879788697,1.0,1.0,1.0,1.0,5.526205450733752e-06,1.0625,0.0,2.0,hard|easy|medium
test,0,8,137,32,0.5276729290053481,72.54668029599998,1124.493632319005,0.00013083367957733572,1.0,1.0,1.0,1.0,5.5178197064989524e-06,1.1875,0.0,2.0,medium|hard|easy
test,0,8,138,32,0.5294174929949804,73.0766204419997,1125.0235724750019,0.00012939107546117157,1.0,1.0,1.0,1.0,5.509433962264151e-06,1.0,0.0,2.0,easy|medium|hard
test,0,8,139,32,0.5289385150026646,73.60616448300425,1125.5531165150023,0.00015832540520932525,1.0,1.0,1.0,1.0,5.50104821802935e-06,1.09375,0.0,2.0,easy|hard|medium
test,0,8,140,32,0.5284651680049137,74.13529096900311,1126.0822429820037,0.00011588669440243393,1.0,1.0,1.0,1.0,5.49266247379455e-06,0.96875,0.0,2.0,hard|easy|medium
test,0,8,141,32,0.5287705299997469,74.66451721900376,1126.6114692449992,0.00015866530884522945,1.0,1.0,1.0,1.0,5.484276729559749e-06,0.96875,0.0,2.0,medium|hard|easy
test,0,8,142,32,0.5288878509963979,75.19399067100312,1127.1409426789978,0.00021011425997130573,1.0,1.0,1.0,1.0,5.4758909853249474e-06,0.90625,0.0,2.0,medium|easy|hard
test,0,8,143,32,0.5283882950025145,75.7229613150048,1127.6699132790018,0.00016645783034618944,1.0,1.0,1.0,1.0,5.467505241090148e-06,1.09375,0.0,2.0,medium|hard|easy
test,0,8,144,32,0.5279861119997804,76.25149506000162,1128.1984470440002,0.003975442610681057,1.0,1.0,1.0,1.0,5.459119496855346e-06,1.09375,0.0,2.0,hard|easy|medium
test,0,8,145,32,0.5286320140003227,76.78075096700195,1128.727702932003,0.0002613904944155365,1.0,1.0,1.0,1.0,5.4507337526205454e-06,1.1875,0.0,2.0,medium|hard|easy
test,0,8,146,32,0.5284242680063471,77.30967268300446,1129.2566246499991,0.00015974199050106108,1.0,1.0,1.0,1.0,5.442348008385745e-06,1.1875,0.0,2.0,easy|medium|hard
test,0,8,147,32,0.5273964590014657,77.8377120389996,1129.7846640060015,0.00014260737225413322,1.0,1.0,1.0,1.0,5.433962264150944e-06,0.71875,0.0,2.0,hard|easy|medium
test,0,8,148,32,0.5290953680014354,78.3672424220058,1130.3141943880037,0.20029862225055695,0.9615384615384616,0.96875,0.975,0.9671794871794872,5.425576519916143e-06,1.03125,0.0,2.0,hard|medium|easy
test,0,8,149,32,0.5284198489971459,78.89629137000156,1130.8432433380003,0.00034940752084366977,1.0,1.0,1.0,1.0,5.417190775681343e-06,0.96875,0.0,2.0,easy|hard|medium
test,0,8,150,32,0.5279817019982147,79.42474539999967,1131.3716973519986,0.00012523871555458754,1.0,1.0,1.0,1.0,5.408805031446541e-06,0.8125,0.0,2.0,medium|hard|easy
test,0,8,151,32,0.527884268994967,79.95318218800094,1131.9001341690018,0.00019218900706619024,1.0,1.0,1.0,1.0,5.40041928721174e-06,0.9375,0.0,2.0,hard|medium|easy
test,0,8,152,32,0.5288139449985465,80.48252611900534,1132.4294781249992,0.07559310644865036,0.9772727272727273,0.96875,0.9545454545454546,0.964562569213732,5.39203354297694e-06,1.21875,0.0,2.0,easy|hard|medium
test,0,8,153,32,0.5283660229979432,81.01148763800302,1132.9584396280043,0.00013448321260511875,1.0,1.0,1.0,1.0,5.3836477987421385e-06,1.0625,0.0,2.0,medium|hard|easy
test,0,8,154,32,0.5271807059980347,81.5392318660015,1133.4861838700017,0.19224029779434204,0.9705882352941176,0.96875,0.96875,0.9687194525904204,5.375262054507338e-06,1.0,0.0,2.0,hard|medium|easy
test,0,8,155,32,0.5291263039980549,82.06894531700527,1134.0158973490034,0.00021645089145749807,1.0,1.0,1.0,1.0,5.366876310272537e-06,1.0625,0.0,2.0,medium|easy|hard
test,0,8,156,32,0.5283258850031416,82.59791681400384,1134.5448687960015,0.00014545622980222106,1.0,1.0,1.0,1.0,5.3584905660377365e-06,0.96875,0.0,2.0,hard|easy|medium
test,0,8,157,32,0.5280837930040434,83.12660913700529,1135.0735611359996,0.00014151596406009048,1.0,1.0,1.0,1.0,5.350104821802935e-06,1.15625,0.0,2.0,easy|medium|hard
test,0,8,158,32,0.5277418380064773,83.65485092500603,1135.6018029539991,0.00017395838222000748,1.0,1.0,1.0,1.0,5.341719077568135e-06,0.9375,0.0,2.0,medium|easy|hard
test,0,8,159,32,0.5288152110006195,84.18433586100582,1136.1312880000041,0.018668245524168015,1.0,1.0,1.0,1.0,5.333333333333334e-06,0.875,0.0,2.0,easy|hard|medium
test,0,8,160,32,0.5282531750053749,84.71306148900476,1136.6600134990003,0.00014600988652091473,1.0,1.0,1.0,1.0,5.324947589098532e-06,0.78125,0.0,2.0,hard|easy|medium
test,0,8,161,32,0.5278065390011761,85.24148317300569,1137.1884351359986,0.0002992211957462132,1.0,1.0,1.0,1.0,5.316561844863732e-06,0.84375,0.0,2.0,easy|medium|hard
test,0,8,162,32,0.5289679420020548,85.77107458500541,1137.718026579998,0.00019839179003611207,1.0,1.0,1.0,1.0,5.308176100628931e-06,0.8125,0.0,2.0,hard|easy|medium
test,0,8,163,32,0.528797744998883,86.30049805100134,1138.2474501210017,0.00031555863097310066,1.0,1.0,1.0,1.0,5.29979035639413e-06,1.0,0.0,2.0,hard|medium|easy
test,0,8,164,32,0.5276327579995268,86.82871859599982,1138.775670588002,0.00017001265950966626,1.0,1.0,1.0,1.0,5.2914046121593295e-06,1.0625,0.0,2.0,hard|medium|easy
test,0,8,165,32,0.527370048002922,87.35672198600514,1139.3036739610034,0.00014723061758559197,1.0,1.0,1.0,1.0,5.283018867924529e-06,1.0,0.0,2.0,medium|hard|easy
test,0,8,166,32,0.5286924370011548,87.88604915299948,1139.833001126004,0.049176305532455444,0.96875,0.96875,0.9705882352941176,0.9687194525904204,5.274633123689727e-06,0.96875,0.0,2.0,medium|easy|hard
test,0,8,167,32,0.5281254560031812,88.41476546100603,1140.3617174840037,0.00016099310596473515,1.0,1.0,1.0,1.0,5.2662473794549275e-06,1.0,0.0,2.0,medium|easy|hard
test,0,8,168,32,0.5279825739999069,88.94336936500622,1140.890321345003,0.00015108224761206657,1.0,1.0,1.0,1.0,5.257861635220126e-06,1.1875,0.0,2.0,medium|easy|hard
test,0,8,169,32,0.529228711995529,89.47308991799946,1141.420041903999,0.0017694031121209264,1.0,1.0,1.0,1.0,5.249475890985325e-06,0.84375,0.0,2.0,hard|easy|medium
test,0,8,170,32,0.5285429419964203,90.00220851100312,1141.9491604819996,0.00013921396748628467,1.0,1.0,1.0,1.0,5.241090146750525e-06,1.15625,0.0,2.0,easy|hard|medium
test,0,8,171,32,0.5279788339976221,90.53077906500403,1142.4777310339996,0.0001343025069218129,1.0,1.0,1.0,1.0,5.232704402515724e-06,1.09375,0.0,2.0,easy|hard|medium
test,0,8,172,32,0.528809158000513,91.06018313100503,1143.0071351299994,0.0001331206876784563,1.0,1.0,1.0,1.0,5.2243186582809225e-06,1.125,0.0,2.0,hard|easy|medium
test,0,8,173,32,0.5291017589988769,91.58986617100163,1143.5368181500016,0.00022269667533691972,1.0,1.0,1.0,1.0,5.215932914046123e-06,0.875,0.0,2.0,easy|medium|hard
test,0,8,174,32,0.5279302389972145,92.11831414700282,1144.065266108999,0.09979600459337234,0.9642857142857143,0.96875,0.9736842105263157,0.967967967967968,5.207547169811321e-06,1.03125,0.0,2.0,hard|medium|easy
test,0,8,175,32,0.527844466996612,92.64661107400025,1144.5935633260015,0.0001886065147118643,1.0,1.0,1.0,1.0,5.19916142557652e-06,0.78125,0.0,2.0,easy|medium|hard
test,0,8,176,32,0.5285058139998,93.17565322500013,1145.1226052190032,0.00013413772103376687,1.0,1.0,1.0,1.0,5.19077568134172e-06,0.84375,0.0,2.0,medium|easy|hard
test,0,8,177,32,0.52896170400345,93.70524985200609,1145.6522021290002,0.00019575079204514623,1.0,1.0,1.0,1.0,5.182389937106918e-06,1.03125,0.0,2.0,hard|medium|easy
test,0,8,178,32,0.5275455709997914,94.23341643300228,1146.1803684390034,0.2756028473377228,0.9666666666666667,0.96875,0.9722222222222222,0.9684729064039409,5.174004192872118e-06,0.9375,0.0,2.0,easy|medium|hard
test,0,8,179,32,0.5293256919976557,94.76328080900566,1146.7102328430046,0.0002562256995588541,1.0,1.0,1.0,1.0,5.165618448637317e-06,1.21875,0.0,2.0,easy|medium|hard
test,0,8,180,32,0.5286343170009786,95.29246543200134,1147.2394173970024,0.0001575167552800849,1.0,1.0,1.0,1.0,5.157232704402516e-06,0.875,0.0,2.0,hard|medium|easy
test,0,8,181,32,0.5280470329962554,95.820991048,1147.7679430179996,0.12668822705745697,0.9705882352941176,0.96875,0.96875,0.9687194525904204,5.148846960167715e-06,0.78125,0.0,2.0,easy|medium|hard
test,0,8,182,32,0.527458957003546,96.3489731640002,1148.2959251850043,0.0001375194697175175,1.0,1.0,1.0,1.0,5.140461215932915e-06,1.0625,0.0,2.0,hard|medium|easy
test,0,8,183,32,0.529118540995114,96.87876611700631,1148.8257180810033,0.00021201140771154314,1.0,1.0,1.0,1.0,5.1320754716981136e-06,0.9375,0.0,2.0,medium|easy|hard
test,0,8,184,32,0.5283353970007738,97.40773122600513,1149.354683192003,0.00021009866031818092,1.0,1.0,1.0,1.0,5.123689727463312e-06,0.96875,0.0,2.0,easy|medium|hard
test,0,8,185,32,0.527746763000323,97.93605452000338,1149.8830064979993,0.0002108097542077303,1.0,1.0,1.0,1.0,5.115303983228512e-06,0.90625,0.0,2.0,medium|easy|hard
test,0,8,186,32,0.5296784019956249,98.46621160200448,1150.4131636090024,0.0001785605272743851,1.0,1.0,1.0,1.0,5.106918238993711e-06,1.5,0.0,2.0,hard|easy|medium
test,0,8,187,32,0.5285573209985159,98.9954219909996,1150.9423740269995,0.0001581977412570268,1.0,1.0,1.0,1.0,5.09853249475891e-06,1.21875,0.0,2.0,hard|medium|easy
test,0,8,188,32,0.5282568120019278,99.52427836599963,1151.4712303370034,0.00014162008301354945,1.0,1.0,1.0,1.0,5.090146750524109e-06,0.75,0.0,2.0,hard|medium|easy
test,0,8,189,32,0.5270724719957798,100.05191770500096,1151.9988697549998,0.0008405776461586356,1.0,1.0,1.0,1.0,5.081761006289309e-06,0.96875,0.0,2.0,medium|hard|easy
test,0,8,190,32,0.5286266920011258,100.58108755200374,1152.5280398600007,0.000250826618866995,1.0,1.0,1.0,1.0,5.073375262054507e-06,0.9375,0.0,2.0,hard|easy|medium
test,0,8,191,32,0.5284213690028992,101.1100756510059,1153.0570276200015,0.03415944427251816,0.9615384615384616,0.96875,0.975,0.9671794871794872,5.0649895178197074e-06,1.3125,0.0,2.0,hard|medium|easy
test,0,8,192,32,0.5275627419978264,101.63808660600625,1153.5850385950034,0.00016461923951283097,1.0,1.0,1.0,1.0,5.056603773584906e-06,0.96875,0.0,2.0,hard|easy|medium
test,0,8,193,32,0.528863347004517,102.16756438800076,1154.1145164440022,0.12800978124141693,0.9807692307692308,0.96875,0.9285714285714286,0.951734539969834,5.048218029350105e-06,1.09375,0.0,2.0,medium|hard|easy
test,0,8,194,32,0.5285195100004785,102.6966527149998,1154.643604720004,0.0002208221994806081,1.0,1.0,1.0,1.0,5.039832285115305e-06,0.96875,0.0,2.0,hard|easy|medium
test,0,8,195,32,0.5279931580007542,103.22519744900637,1155.17214943,0.00015102812903933227,1.0,1.0,1.0,1.0,5.031446540880504e-06,1.15625,0.0,2.0,hard|medium|easy
test,0,8,196,32,0.5285543529971619,103.75434012500045,1155.7012921150017,0.000153473112732172,1.0,1.0,1.0,1.0,5.0230607966457024e-06,1.125,0.0,2.0,medium|hard|easy
test,0,8,197,32,0.5290479629984475,104.28402186200401,1156.230973933998,0.00015307011199183762,1.0,1.0,1.0,1.0,5.014675052410903e-06,0.96875,0.0,2.0,medium|hard|easy
test,0,8,198,32,0.5280116310023004,104.81262100100139,1156.7595729669993,0.00016298951231874526,1.0,1.0,1.0,1.0,5.006289308176101e-06,1.09375,0.0,2.0,medium|easy|hard
test,0,8,199,32,0.5279276350047439,105.34117995500128,1157.2881319310036,0.00020984114962629974,1.0,1.0,1.0,1.0,4.9979035639413005e-06,0.875,0.0,2.0,hard|medium|easy
test,0,8,200,32,0.5286136499998975,105.87036819700006,1157.8173202660037,0.0001423136709490791,1.0,1.0,1.0,1.0,4.989517819706499e-06,0.9375,0.0,2.0,easy|medium|hard
test,0,8,201,32,0.5281718249971163,106.39914963800402,1158.346101629002,0.00019307280308566988,1.0,1.0,1.0,1.0,4.981132075471698e-06,1.21875,0.0,2.0,medium|easy|hard
test,0,8,202,32,0.5276037040021038,106.92727457699948,1158.8742265410037,0.0004391500260680914,1.0,1.0,1.0,1.0,4.972746331236898e-06,0.78125,0.0,2.0,easy|medium|hard
test,0,8,203,32,0.5286518669963698,107.45650542700605,1159.4034573960016,0.0001779598678695038,1.0,1.0,1.0,1.0,4.964360587002097e-06,1.28125,0.0,2.0,medium|hard|easy
test,0,8,204,32,0.5285835690010572,107.98569019800198,1159.9326421970036,0.0009321436518803239,1.0,1.0,1.0,1.0,4.955974842767296e-06,0.90625,0.0,2.0,easy|medium|hard
test,0,8,205,32,0.5281985600013286,108.5143363870011,1160.461288409002,0.0001592287007952109,1.0,1.0,1.0,1.0,4.947589098532496e-06,1.09375,0.0,2.0,hard|easy|medium
test,0,8,206,32,0.528040286997566,109.04295045900653,1160.9899024429978,0.00014078979438636452,1.0,1.0,1.0,1.0,4.939203354297694e-06,0.90625,0.0,2.0,easy|medium|hard
test,0,8,207,32,0.5284059770056047,109.57183997100219,1161.5187919360033,0.00023524591233581305,1.0,1.0,1.0,1.0,4.9308176100628935e-06,0.9375,0.0,2.0,hard|easy|medium
test,0,8,208,32,0.5285538009993616,110.1009293580064,1162.047881313003,0.0016632111510261893,1.0,1.0,1.0,1.0,4.922431865828093e-06,1.09375,0.0,2.0,hard|easy|medium
test,0,8,209,32,0.5274067169957561,110.6288137530064,1162.5757657450013,0.00016525070532225072,1.0,1.0,1.0,1.0,4.914046121593291e-06,0.9375,0.0,2.0,hard|easy|medium
test,0,8,210,32,0.5290478590031853,111.15833598700556,1163.1052879510025,0.00017760245827957988,1.0,1.0,1.0,1.0,4.905660377358491e-06,0.8125,0.0,2.0,medium|easy|hard
test,0,8,211,32,0.5282759519977844,111.68719405199954,1163.6341460300027,0.14249548316001892,0.96875,0.96875,0.9705882352941176,0.9687194525904204,4.89727463312369e-06,1.09375,0.0,2.0,medium|hard|easy
test,0,8,212,32,0.5280086820057477,112.2157370910063,1164.1626890600019,0.0001989988231798634,1.0,1.0,1.0,1.0,4.888888888888889e-06,1.0625,0.0,2.0,medium|hard|easy
test,0,8,213,32,0.5278977519992623,112.74416308800573,1164.6911150540036,0.0001519935467513278,1.0,1.0,1.0,1.0,4.880503144654089e-06,1.03125,0.0,2.0,medium|easy|hard
test,0,8,214,32,0.5283020120041328,113.27298698600498,1165.219938991002,0.0002179825387429446,1.0,1.0,1.0,1.0,4.872117400419288e-06,1.0625,0.0,2.0,easy|hard|medium
test,0,8,215,32,0.5288579940024647,113.80248056200071,1165.7494325310035,0.23601961135864258,0.9411764705882353,0.9375,0.9411764705882353,0.9375,4.8637316561844865e-06,1.21875,0.0,2.0,easy|hard|medium
test,0,8,216,32,0.5271171069980483,114.33015414300462,1166.2771062040047,0.00015035846445243806,1.0,1.0,1.0,1.0,4.855345911949686e-06,0.90625,0.0,2.0,medium|hard|easy
test,0,8,217,32,0.5295480330023565,114.8603535670045,1166.8073055460045,0.00015261028602253646,1.0,1.0,1.0,1.0,4.846960167714885e-06,0.96875,0.0,2.0,hard|medium|easy
test,0,8,218,32,0.5286331370007247,115.38952066400088,1167.3364726220025,0.005634651519358158,1.0,1.0,1.0,1.0,4.8385744234800845e-06,1.125,0.0,2.0,hard|easy|medium
test,0,8,219,32,0.5282765239971923,115.91836847600644,1167.865320500001,0.10106032341718674,0.9615384615384616,0.96875,0.975,0.9671794871794872,4.830188679245284e-06,0.8125,0.0,2.0,medium|easy|hard
test,0,8,220,32,0.527090796000266,116.44599457000004,1168.3929465980036,0.0001672263751970604,1.0,1.0,1.0,1.0,4.821802935010483e-06,1.0625,0.0,2.0,medium|easy|hard
test,0,8,221,32,0.5284311069990508,116.97510354900442,1168.9220555139982,0.0002747336111497134,1.0,1.0,1.0,1.0,4.813417190775682e-06,0.875,0.0,2.0,medium|easy|hard
test,0,8,222,32,0.5281551599982777,117.50377611700242,1169.4507283929997,0.19440746307373047,0.9545454545454546,0.96875,0.9772727272727273,0.964562569213732,4.805031446540881e-06,1.15625,0.0,2.0,hard|medium|easy
test,0,8,223,32,0.5275725210012752,118.0319551030043,1169.978907073004,0.0001539642398711294,1.0,1.0,1.0,1.0,4.79664570230608e-06,1.125,0.0,2.0,hard|easy|medium
test,0,8,224,32,0.5292677050019847,118.56166633100656,1170.5086183439998,0.00016523800150025636,1.0,1.0,1.0,1.0,4.788259958071279e-06,1.15625,0.0,2.0,easy|hard|medium
test,0,8,225,32,0.5282272880067467,119.09050498300348,1171.0374569769992,0.00016381418390665203,1.0,1.0,1.0,1.0,4.779874213836478e-06,0.96875,0.0,2.0,easy|medium|hard
test,0,8,226,32,0.5281490089982981,119.61923046599986,1171.5661824449999,0.0006982070626690984,1.0,1.0,1.0,1.0,4.7714884696016775e-06,0.84375,0.0,2.0,hard|medium|easy
test,0,8,227,32,0.5287650570026017,120.14857074700558,1172.095522745003,0.00015155618893913925,1.0,1.0,1.0,1.0,4.763102725366877e-06,1.03125,0.0,2.0,medium|hard|easy
test,0,8,228,32,0.5284405049969791,120.67751938400033,1172.6244714490022,0.0017013313481584191,1.0,1.0,1.0,1.0,4.754716981132076e-06,1.0,0.0,2.0,easy|medium|hard
test,0,8,229,32,0.5279651249948074,121.20604351100337,1173.1529955400038,0.00015731589519418776,1.0,1.0,1.0,1.0,4.7463312368972756e-06,1.3125,0.0,2.0,medium|easy|hard
test,0,8,230,32,0.5276706450022175,121.7342669300051,1173.6812189179982,0.03280280902981758,0.9705882352941176,0.96875,0.96875,0.9687194525904204,4.737945492662474e-06,1.28125,0.0,2.0,hard|medium|easy
test,0,8,231,32,0.5292351780008175,122.26406714699988,1174.211019123999,0.00016403148765675724,1.0,1.0,1.0,1.0,4.729559748427673e-06,0.84375,0.0,2.0,medium|easy|hard
test,0,8,232,32,0.5282506730000023,122.79285826300475,1174.7398102420048,0.00034518848406150937,1.0,1.0,1.0,1.0,4.721174004192873e-06,1.15625,0.0,2.0,hard|easy|medium
test,0,8,233,32,0.5279113800061168,123.32140167699981,1175.2683536490003,0.0002743699005804956,1.0,1.0,1.0,1.0,4.712788259958071e-06,1.15625,0.0,2.0,hard|easy|medium
test,0,8,234,32,0.5287500790000195,123.85077000700403,1175.7977220480025,0.013365997932851315,1.0,1.0,1.0,1.0,4.7044025157232706e-06,0.84375,0.0,2.0,easy|hard|medium
test,0,8,235,32,0.5286599020037102,124.38007792500139,1176.3270298990028,0.057226575911045074,0.9722222222222222,0.96875,0.9666666666666667,0.9684729064039409,4.69601677148847e-06,1.0,0.0,2.0,medium|easy|hard
test,0,8,236,32,0.5281347350028227,124.90871734900429,1176.8556694650033,0.00030035851523280144,1.0,1.0,1.0,1.0,4.687631027253669e-06,1.25,0.0,2.0,hard|medium|easy
test,0,8,237,32,0.527451389003545,125.4367729680016,1177.3837249479984,0.00014954659854993224,1.0,1.0,1.0,1.0,4.6792452830188686e-06,1.21875,0.0,2.0,medium|easy|hard
test,0,8,238,32,0.5285608609992778,125.9659110010034,1177.912862971003,0.00876292958855629,1.0,1.0,1.0,1.0,4.670859538784068e-06,0.84375,0.0,2.0,easy|hard|medium
test,0,8,239,32,0.5285615009997855,126.49505839400081,1178.4420103820012,0.0001445634406991303,1.0,1.0,1.0,1.0,4.662473794549266e-06,0.75,0.0,2.0,easy|hard|medium
test,0,8,240,32,0.5273491979969549,127.02300592300162,1178.9699579220032,0.010355647653341293,1.0,1.0,1.0,1.0,4.654088050314466e-06,1.09375,0.0,2.0,easy|medium|hard
test,0,8,241,32,0.5286058199999388,127.55222743600461,1179.4991794150046,0.00047046173131093383,1.0,1.0,1.0,1.0,4.645702306079665e-06,1.09375,0.0,2.0,hard|medium|easy
test,0,8,242,32,0.529448298002535,128.08221711900114,1180.0291691870007,0.05810977518558502,0.9642857142857143,0.96875,0.9736842105263157,0.967967967967968,4.6373165618448644e-06,0.96875,0.0,2.0,hard|medium|easy
test,0,8,243,32,0.5279865609991248,128.6107711290024,1180.5577231319985,0.00017964169092010707,1.0,1.0,1.0,1.0,4.628930817610064e-06,1.34375,0.0,2.0,hard|easy|medium
test,0,8,244,32,0.527686305998941,129.13908992900542,1181.0860419739984,0.00017322100757155567,1.0,1.0,1.0,1.0,4.620545073375263e-06,1.1875,0.0,2.0,medium|easy|hard
test,0,8,245,32,0.5285420000000158,129.66822164699988,1181.6151736200045,0.17667950689792633,0.9736842105263157,0.96875,0.9642857142857143,0.967967967967968,4.612159329140462e-06,0.75,0.0,2.0,easy|medium|hard
test,0,8,246,32,0.5283871610008646,130.19712789900223,1182.1440798730036,0.0003319231327623129,1.0,1.0,1.0,1.0,4.603773584905661e-06,0.75,0.0,2.0,medium|easy|hard
test,0,8,247,32,0.5271692189999158,130.72484484400047,1182.6717968029989,0.0028886671643704176,1.0,1.0,1.0,1.0,4.59538784067086e-06,0.96875,0.0,2.0,easy|hard|medium
test,0,8,248,32,0.5290371840019361,131.2543961390038,1183.2013481059985,0.00032135870424099267,1.0,1.0,1.0,1.0,4.587002096436059e-06,0.8125,0.0,2.0,easy|hard|medium
test,0,8,249,32,0.5284289549963432,131.7833418950031,1183.7302940220034,0.0001315083500230685,1.0,1.0,1.0,1.0,4.578616352201258e-06,1.15625,0.0,2.0,medium|hard|easy
test,0,8,250,32,0.5287800040023285,132.31269962600345,1184.259651676999,0.0001778055157046765,1.0,1.0,1.0,1.0,4.5702306079664574e-06,1.03125,0.0,2.0,hard|medium|easy
test,0,8,251,32,0.527243789001659,132.84058337600436,1184.7875353819982,0.0002490767219569534,1.0,1.0,1.0,1.0,4.561844863731657e-06,1.21875,0.0,2.0,easy|hard|medium
test,0,8,252,32,0.5288259590015514,133.36997235400486,1185.316924317005,0.00016702634457033128,1.0,1.0,1.0,1.0,4.553459119496856e-06,1.09375,0.0,2.0,medium|hard|easy
test,0,8,253,32,0.529080571999657,133.8996462810028,1185.8465983269998,0.00018494488904252648,1.0,1.0,1.0,1.0,4.545073375262055e-06,1.15625,0.0,2.0,medium|easy|hard
test,0,8,254,32,0.5274621290009236,134.42762325000513,1186.3745752649993,0.00015755093772895634,1.0,1.0,1.0,1.0,4.536687631027254e-06,0.96875,0.0,2.0,easy|hard|medium
test,0,8,255,32,0.529058944004646,134.9572618490056,1186.9042138709992,0.0010844407370314002,1.0,1.0,1.0,1.0,4.528301886792453e-06,1.15625,0.0,2.0,hard|medium|easy
test,0,8,256,32,0.5286843499998213,135.48650493100286,1187.4334569569983,0.0001885842066258192,1.0,1.0,1.0,1.0,4.519916142557652e-06,1.125,0.0,2.0,hard|medium|easy
test,0,8,257,32,0.5282205900002737,136.01533510000445,1187.962287137001,0.002050854964181781,1.0,1.0,1.0,1.0,4.511530398322851e-06,1.0625,0.0,2.0,hard|easy|medium
test,0,8,258,32,0.5289242189974175,136.5448076810062,1188.4917597210006,0.00017954412032850087,1.0,1.0,1.0,1.0,4.5031446540880505e-06,0.96875,0.0,2.0,easy|hard|medium
test,0,8,259,32,0.5292029729971546,137.0744911120055,1189.0214431400018,0.0004064450622536242,1.0,1.0,1.0,1.0,4.49475890985325e-06,0.96875,0.0,2.0,hard|easy|medium
test,0,8,260,32,0.5276754070000607,137.60268524500134,1189.5496375250004,0.0002207658690167591,1.0,1.0,1.0,1.0,4.486373165618449e-06,0.90625,0.0,2.0,hard|easy|medium
test,0,8,261,32,0.5279752060014289,138.13149501800217,1190.0784469909995,0.0002742117503657937,1.0,1.0,1.0,1.0,4.4779874213836485e-06,0.96875,0.0,2.0,medium|easy|hard
test,0,8,262,32,0.5280636099996627,138.6600248390023,1190.6069768140005,0.0001455123710911721,1.0,1.0,1.0,1.0,4.469601677148847e-06,1.125,0.0,2.0,medium|hard|easy
test,0,8,263,32,0.5283286100020632,139.18882242499967,1191.135774426999,0.0001760894519975409,1.0,1.0,1.0,1.0,4.461215932914046e-06,0.90625,0.0,2.0,medium|hard|easy
test,0,8,264,32,0.5271242180024274,139.716445940001,1191.6633979120015,0.00019102614896837622,1.0,1.0,1.0,1.0,4.452830188679246e-06,0.78125,0.0,2.0,medium|hard|easy
test,0,8,265,6,0.15942525200080127,139.8763162690011,1191.8232682369999,9.301819954998791e-05,1.0,1.0,1.0,1.0,4.444444444444444e-06,1.0,0.0,2.0,hard|medium|easy
test,0,9,1,32,0.530105978003121,0.6151369879953563,1202.7983399209988,0.00019577308557927608,1.0,1.0,1.0,1.0,4.4360587002096435e-06,1.0,0.0,2.0,hard|medium|easy
test,0,9,2,32,0.5294522680051159,1.1453441729972837,1203.3285472569987,0.00013528444105759263,1.0,1.0,1.0,1.0,4.427672955974844e-06,1.21875,0.0,2.0,hard|easy|medium
test,0,9,3,32,0.5281197989970678,1.6739832539969939,1203.857186328998,0.0003155462327413261,1.0,1.0,1.0,1.0,4.419287211740042e-06,1.03125,0.0,2.0,hard|medium|easy
test,0,9,4,32,0.5290795760010951,2.203557399996498,1204.3867605240011,0.00015667438856326044,1.0,1.0,1.0,1.0,4.4109014675052415e-06,1.125,0.0,2.0,hard|easy|medium
test,0,9,5,32,0.5287599149960442,2.732900293995044,1204.9161033790006,0.00015095758135430515,1.0,1.0,1.0,1.0,4.402515723270441e-06,0.875,0.0,2.0,hard|easy|medium
test,0,9,6,32,0.5280412020001677,3.2614810609957203,1205.4446841570025,0.0001431948330719024,1.0,1.0,1.0,1.0,4.394129979035639e-06,1.09375,0.0,2.0,hard|easy|medium
test,0,9,7,32,0.5281451080008992,3.7902196149952943,1205.9734227080044,0.005277140531688929,1.0,1.0,1.0,1.0,4.385744234800839e-06,1.0,0.0,2.0,medium|easy|hard
test,0,9,8,32,0.5289637570022023,4.3197820729983505,1206.502985199004,0.00012420360872056335,1.0,1.0,1.0,1.0,4.377358490566038e-06,1.0625,0.0,2.0,hard|easy|medium
test,0,9,9,32,0.5286250380013371,4.8489558569999645,1207.032158963004,0.00014377957268152386,1.0,1.0,1.0,1.0,4.368972746331237e-06,0.84375,0.0,2.0,medium|easy|hard
test,0,9,10,32,0.527471539004182,5.377003285000683,1207.5602063640035,0.00017148158804047853,1.0,1.0,1.0,1.0,4.360587002096437e-06,0.9375,0.0,2.0,easy|hard|medium
test,0,9,11,32,0.529024434996245,5.906534809997538,1208.0897378990048,0.0001547404972370714,1.0,1.0,1.0,1.0,4.352201257861636e-06,1.09375,0.0,2.0,medium|hard|easy
test,0,9,12,32,0.5295431080012349,6.436543370000436,1208.6197464920042,0.00014505794388242066,1.0,1.0,1.0,1.0,4.3438155136268345e-06,0.9375,0.0,2.0,medium|easy|hard
test,0,9,13,32,0.5278374049958074,6.964975012997456,1209.1481781260009,0.00022700508998241276,1.0,1.0,1.0,1.0,4.335429769392034e-06,1.0625,0.0,2.0,easy|hard|medium
test,0,9,14,32,0.5275845550058875,7.493109456998354,1209.6763125450016,0.00015270651783794165,1.0,1.0,1.0,1.0,4.327044025157233e-06,1.21875,0.0,2.0,medium|easy|hard
test,0,9,15,32,0.5288806360040326,8.022509965994686,1210.205713067,0.00015109445666894317,1.0,1.0,1.0,1.0,4.318658280922432e-06,1.0,0.0,2.0,hard|medium|easy
test,0,9,16,32,0.5287912109997706,8.551976345996081,1210.7351794190035,0.00016570795560255647,1.0,1.0,1.0,1.0,4.310272536687631e-06,1.09375,0.0,2.0,easy|hard|medium
test,0,9,17,32,0.5271042020031018,9.079731928999536,1211.2629351400028,0.00015925217303447425,1.0,1.0,1.0,1.0,4.30188679245283e-06,1.09375,0.0,2.0,easy|hard|medium
test,0,9,18,32,0.5293821679952089,9.609728174000338,1211.7929312620035,0.00015875353710725904,1.0,1.0,1.0,1.0,4.29350104821803e-06,1.03125,0.0,2.0,hard|easy|medium
test,0,9,19,32,0.5284192319959402,10.138719905997277,1212.3219229980023,0.0003643632517196238,1.0,1.0,1.0,1.0,4.285115303983229e-06,1.15625,0.0,2.0,medium|hard|easy
test,0,9,20,32,0.5282069519962533,10.667537513996649,1212.850740613998,0.004148820880800486,1.0,1.0,1.0,1.0,4.276729559748428e-06,1.1875,0.0,2.0,easy|medium|hard
test,0,9,21,32,0.5269930299982661,11.195123600999068,1213.3783266820028,0.00012878121924586594,1.0,1.0,1.0,1.0,4.268343815513627e-06,0.96875,0.0,2.0,medium|easy|hard
test,0,9,22,32,0.528750224999385,11.724486908999097,1213.9076900240034,0.00014817954797763377,1.0,1.0,1.0,1.0,4.259958071278826e-06,0.71875,0.0,2.0,medium|hard|easy
test,0,9,23,32,0.5287891330008279,12.253771974996198,1214.436975056,0.00012957019498571754,1.0,1.0,1.0,1.0,4.2515723270440256e-06,1.25,0.0,2.0,hard|easy|medium
test,0,9,24,32,0.5276881579993642,12.782029994996265,1214.965233064002,0.00015686416008975357,1.0,1.0,1.0,1.0,4.243186582809224e-06,1.0,0.0,2.0,hard|medium|easy
test,0,9,25,32,0.5290388669964159,13.311686441993515,1215.4948895510024,0.000145846075611189,1.0,1.0,1.0,1.0,4.234800838574423e-06,0.9375,0.0,2.0,easy|hard|medium
test,0,9,26,32,0.5290266480005812,13.841325486995629,1216.0245285819983,0.0001587983570061624,1.0,1.0,1.0,1.0,4.226415094339623e-06,1.125,0.0,2.0,medium|hard|easy
test,0,9,27,32,0.5281250349944457,14.37003137699503,1216.5532344270032,0.02831324189901352,0.9705882352941176,0.96875,0.96875,0.9687194525904204,4.218029350104822e-06,1.03125,0.0,2.0,easy|medium|hard
test,0,9,28,32,0.5289626529993257,14.899532183000701,1217.0827352580018,0.00011929093307117,1.0,1.0,1.0,1.0,4.209643605870021e-06,0.78125,0.0,2.0,medium|easy|hard
test,0,9,29,32,0.5285739059982006,15.428783149000083,1217.611986075004,0.00012229493586346507,1.0,1.0,1.0,1.0,4.201257861635221e-06,1.21875,0.0,2.0,medium|easy|hard
test,0,9,30,32,0.5281311130020185,15.957458056996984,1218.1406612220017,0.0001195581498905085,1.0,1.0,1.0,1.0,4.192872117400419e-06,0.9375,0.0,2.0,medium|easy|hard
test,0,9,31,32,0.5279908980010077,16.486057595000602,1218.6692606490033,0.00011822547821793705,1.0,1.0,1.0,1.0,4.184486373165619e-06,0.96875,0.0,2.0,easy|hard|medium
test,0,9,32,32,0.5284887259986135,17.01501058699796,1219.1982136740044,0.00012402440188452601,1.0,1.0,1.0,1.0,4.176100628930818e-06,0.875,0.0,2.0,hard|easy|medium
test,0,9,33,32,0.5284632080001757,17.543929202998697,1219.7271321459993,0.0001498024066677317,1.0,1.0,1.0,1.0,4.167714884696017e-06,0.875,0.0,2.0,medium|easy|hard
test,0,9,34,32,0.5278552910021972,18.07233608199749,1220.2555391470014,0.00015767445438541472,1.0,1.0,1.0,1.0,4.159329140461217e-06,0.875,0.0,2.0,easy|hard|medium
test,0,9,35,32,0.5288606670001172,18.601731589995325,1220.784934659001,0.0001548415602883324,1.0,1.0,1.0,1.0,4.150943396226416e-06,0.96875,0.0,2.0,hard|easy|medium
test,0,9,36,32,0.529140965998522,19.131466444996477,1221.314669530002,0.000427483202656731,1.0,1.0,1.0,1.0,4.1425576519916144e-06,1.0625,0.0,2.0,easy|medium|hard
test,0,9,37,32,0.5278607049986022,19.659872747994086,1221.8430756810048,0.0001954545732587576,1.0,1.0,1.0,1.0,4.134171907756814e-06,1.0,0.0,2.0,easy|medium|hard
test,0,9,38,32,0.5281163269974058,20.188585349998903,1222.371788509001,0.0017994173103943467,1.0,1.0,1.0,1.0,4.125786163522013e-06,0.96875,0.0,2.0,easy|hard|medium
test,0,9,39,32,0.5287523000006331,20.7179124089962,1222.9011153340034,0.0001690969365881756,1.0,1.0,1.0,1.0,4.117400419287212e-06,1.0,0.0,2.0,easy|hard|medium
test,0,9,40,32,0.528140299997176,21.246612434995768,1223.429815536998,0.00014514097711071372,1.0,1.0,1.0,1.0,4.109014675052411e-06,1.15625,0.0,2.0,easy|medium|hard
test,0,9,41,32,0.5274034610047238,21.774542191000364,1223.957745273001,0.00014083589485380799,1.0,1.0,1.0,1.0,4.10062893081761e-06,0.9375,0.0,2.0,easy|medium|hard
test,0,9,42,32,0.52914314300142,22.304235363997577,1224.4874384540017,0.00012218861957080662,1.0,1.0,1.0,1.0,4.09224318658281e-06,0.75,0.0,2.0,easy|medium|hard
test,0,9,43,32,0.5282295570068527,22.833036314994388,1225.0162393920036,0.0001315430854447186,1.0,1.0,1.0,1.0,4.083857442348009e-06,1.0,0.0,2.0,medium|hard|easy
test,0,9,44,32,0.5281283590011299,23.36166732700076,1225.5448703660004,0.000143473589560017,1.0,1.0,1.0,1.0,4.075471698113208e-06,1.0625,0.0,2.0,medium|hard|easy
test,0,9,45,32,0.5272209579998162,23.88948641099705,1226.0726894239997,0.00012126843648729846,1.0,1.0,1.0,1.0,4.067085953878407e-06,1.34375,0.0,2.0,hard|medium|easy
test,0,9,46,32,0.5286077599957935,24.41870779099554,1226.6019108890032,0.00012041947775287554,1.0,1.0,1.0,1.0,4.058700209643606e-06,0.90625,0.0,2.0,hard|medium|easy
test,0,9,47,32,0.528421745999367,24.94767740699899,1227.1308805290028,0.0001482867810409516,1.0,1.0,1.0,1.0,4.0503144654088055e-06,0.78125,0.0,2.0,hard|easy|medium
test,0,9,48,32,0.5280072030000156,25.47630199699779,1227.6595050059987,0.00013941372162662446,1.0,1.0,1.0,1.0,4.041928721174004e-06,1.125,0.0,2.0,easy|medium|hard
test,0,9,49,32,0.5290628670045407,26.005884554993827,1228.1890877100013,0.00014938056119717658,1.0,1.0,1.0,1.0,4.033542976939203e-06,1.09375,0.0,2.0,medium|hard|easy
test,0,9,50,32,0.5282451839957503,26.53462121499615,1228.717824211999,0.00011168861965415999,1.0,1.0,1.0,1.0,4.025157232704403e-06,0.90625,0.0,2.0,easy|hard|medium
test,0,9,51,32,0.5279696069992497,27.06319592899672,1229.2463990129982,0.00012172265269327909,1.0,1.0,1.0,1.0,4.016771488469602e-06,0.90625,0.0,2.0,medium|easy|hard
test,0,9,52,32,0.5271528500015847,27.590927542994905,1229.774130525002,0.0004551411257125437,1.0,1.0,1.0,1.0,4.008385744234801e-06,0.84375,0.0,2.0,hard|easy|medium
test,0,9,53,32,0.5287065529992105,28.12017432099674,1230.3033773850038,0.0001777114230208099,1.0,1.0,1.0,1.0,4.000000000000001e-06,1.25,0.0,2.0,medium|easy|hard
test,0,9,54,32,0.5282360599958338,28.649008098000195,1230.832211093999,0.00010940888751065359,1.0,1.0,1.0,1.0,3.991614255765199e-06,0.875,0.0,2.0,medium|easy|hard
test,0,9,55,32,0.5275396459983313,29.17710182099836,1231.3603047990036,0.00011721978080458939,1.0,1.0,1.0,1.0,3.9832285115303985e-06,0.96875,0.0,2.0,hard|easy|medium
test,0,9,56,32,0.5291057810027269,29.706695976994524,1231.889899065005,0.00011944334983127192,1.0,1.0,1.0,1.0,3.974842767295598e-06,1.1875,0.0,2.0,hard|easy|medium
test,0,9,57,32,0.528744324001309,30.23596608999651,1232.419169091001,0.00013291629147715867,1.0,1.0,1.0,1.0,3.966457023060797e-06,0.9375,0.0,2.0,easy|medium|hard
test,0,9,58,32,0.5282706850048271,30.764749796995602,1232.947952827999,0.0001217599055962637,1.0,1.0,1.0,1.0,3.9580712788259965e-06,1.0,0.0,2.0,easy|hard|medium
test,0,9,59,32,0.5289693680024357,31.294310100995062,1233.477513222002,0.00014562782598659396,1.0,1.0,1.0,1.0,3.949685534591196e-06,1.1875,0.0,2.0,medium|hard|easy
test,0,9,60,32,0.5285138729959726,31.823376866996114,1234.0065799520016,0.00015359706594608724,1.0,1.0,1.0,1.0,3.941299790356394e-06,0.90625,0.0,2.0,medium|hard|easy
test,0,9,61,32,0.5281211960027576,32.35206271399511,1234.5352658440024,0.00016961118672043085,1.0,1.0,1.0,1.0,3.932914046121594e-06,0.9375,0.0,2.0,medium|hard|easy
test,0,9,62,32,0.5281323490053182,32.88076465099584,1235.0639677240033,0.00014479580568149686,1.0,1.0,1.0,1.0,3.924528301886793e-06,0.65625,0.0,2.0,medium|easy|hard
test,0,9,63,32,0.528147627999715,33.40955684099754,1235.5927599490024,0.0001156219732365571,1.0,1.0,1.0,1.0,3.9161425576519915e-06,1.15625,0.0,2.0,medium|easy|hard
test,0,9,64,32,0.5284252779965755,33.93854229999852,1236.1217453680001,0.00012176025484222919,1.0,1.0,1.0,1.0,3.907756813417191e-06,1.0,0.0,2.0,medium|easy|hard
test,0,9,65,32,0.527713056995708,34.46677346999786,1236.6499765620028,0.00013072941510472447,1.0,1.0,1.0,1.0,3.89937106918239e-06,0.8125,0.0,2.0,easy|hard|medium
test,0,9,66,32,0.5285282039985759,34.995786686995416,1237.1789897800045,0.0010319380089640617,1.0,1.0,1.0,1.0,3.8909853249475895e-06,0.96875,0.0,2.0,medium|hard|easy
test,0,9,67,32,0.5286256929975934,35.524960770999314,1237.7081639989992,0.0003132148121949285,1.0,1.0,1.0,1.0,3.882599580712789e-06,0.9375,0.0,2.0,medium|hard|easy
test,0,9,68,32,0.5283183430001372,36.05385076399398,1238.2370538460018,0.00011265211651334539,1.0,1.0,1.0,1.0,3.874213836477988e-06,0.96875,0.0,2.0,medium|hard|easy
test,0,9,69,32,0.5277545220014872,36.58219953200023,1238.765402613004,0.00012725662963930517,1.0,1.0,1.0,1.0,3.865828092243187e-06,1.125,0.0,2.0,medium|hard|easy
test,0,9,70,32,0.5282136640016688,37.11098518799554,1239.2941883099993,0.0019773722160607576,1.0,1.0,1.0,1.0,3.857442348008386e-06,0.71875,0.0,2.0,easy|hard|medium
test,0,9,71,32,0.5281644059941755,37.63963424999383,1239.8228373310048,0.00015125496429391205,1.0,1.0,1.0,1.0,3.849056603773585e-06,0.71875,0.0,2.0,easy|hard|medium
test,0,9,72,32,0.527178398995602,38.16738587899454,1240.350588995003,0.0006216422189027071,1.0,1.0,1.0,1.0,3.840670859538784e-06,0.9375,0.0,2.0,easy|hard|medium
test,0,9,73,32,0.5293061609991128,38.697314707998885,1240.880517783,0.00017539560212753713,1.0,1.0,1.0,1.0,3.832285115303983e-06,1.0,0.0,2.0,medium|easy|hard
test,0,9,74,32,0.5281945790047757,39.2260285759985,1241.4092316509996,0.0001302825112361461,1.0,1.0,1.0,1.0,3.8238993710691826e-06,1.03125,0.0,2.0,easy|medium|hard
test,0,9,75,32,0.5281192620022921,39.75468405999709,1241.9378871610024,0.0021254699677228928,1.0,1.0,1.0,1.0,3.815513626834382e-06,1.28125,0.0,2.0,hard|medium|easy
test,0,9,76,32,0.5278268559995922,40.28309271299804,1242.4662958269982,0.00010697623656596988,1.0,1.0,1.0,1.0,3.8071278825995812e-06,0.90625,0.0,2.0,easy|medium|hard
test,0,9,77,32,0.5293054159992607,40.81287320800038,1242.9960762769988,0.0001340963935945183,1.0,1.0,1.0,1.0,3.7987421383647806e-06,0.96875,0.0,2.0,hard|medium|easy
test,0,9,78,32,0.5285691379976925,41.34200312900066,1243.525206213002,0.00014395712059922516,1.0,1.0,1.0,1.0,3.790356394129979e-06,0.78125,0.0,2.0,medium|easy|hard
test,0,9,79,32,0.5277694380056346,41.87030593899544,1244.053509024001,0.00012645949027501047,1.0,1.0,1.0,1.0,3.7819706498951784e-06,0.84375,0.0,2.0,easy|medium|hard
test,0,9,80,32,0.5288162450015079,42.399668579993886,1244.5828716600008,0.00010890586418099701,1.0,1.0,1.0,1.0,3.7735849056603777e-06,1.0625,0.0,2.0,hard|easy|medium
test,0,9,81,32,0.5285642590024509,42.928774681000505,1245.1119777670028,0.00011783084482885897,1.0,1.0,1.0,1.0,3.7651991614255767e-06,1.0625,0.0,2.0,hard|medium|easy
test,0,9,82,32,0.527855863001605,43.457237060996704,1245.6404401530017,0.0011055077193304896,1.0,1.0,1.0,1.0,3.756813417190776e-06,0.90625,0.0,2.0,medium|hard|easy
test,0,9,83,32,0.5273338010010775,43.98504173699621,1246.1682448069987,0.00011946553422603756,1.0,1.0,1.0,1.0,3.748427672955975e-06,1.09375,0.0,2.0,medium|hard|easy
test,0,9,84,32,0.5288298750019749,44.514390537995496,1246.6975936200033,0.0001493662130087614,1.0,1.0,1.0,1.0,3.7400419287211743e-06,1.125,0.0,2.0,easy|hard|medium
test,0,9,85,32,0.5287423010013299,45.04372386400064,1247.2269270500037,0.00013493378355633467,1.0,1.0,1.0,1.0,3.7316561844863736e-06,0.875,0.0,2.0,easy|hard|medium
test,0,9,86,32,0.5274789399991278,45.57184050000069,1247.7550435610028,0.0001081810041796416,1.0,1.0,1.0,1.0,3.7232704402515725e-06,1.0,0.0,2.0,easy|hard|medium
test,0,9,87,32,0.5290604659967357,46.101372443998116,1248.284575427002,0.00014888739679008722,1.0,1.0,1.0,1.0,3.714884696016772e-06,0.96875,0.0,2.0,medium|easy|hard
test,0,9,88,32,0.528335208997305,46.63029846399877,1248.8135014580039,0.00027035875245928764,1.0,1.0,1.0,1.0,3.706498951781971e-06,0.8125,0.0,2.0,hard|medium|easy
test,0,9,89,32,0.5277448919950984,47.15858076999575,1249.3417838509995,0.20998848974704742,0.9736842105263157,0.96875,0.9642857142857143,0.967967967967968,3.6981132075471697e-06,1.0625,0.0,2.0,easy|medium|hard
test,0,9,90,32,0.5283775439966121,47.6875757769958,1249.8707788430038,0.00011293344869045541,1.0,1.0,1.0,1.0,3.689727463312369e-06,1.25,0.0,2.0,hard|easy|medium
test,0,9,91,32,0.5287469340037205,48.2168024059938,1250.4000054920034,0.00012090258678654209,1.0,1.0,1.0,1.0,3.6813417190775684e-06,1.3125,0.0,2.0,hard|easy|medium
test,0,9,92,32,0.5280477999986033,48.74542024899711,1250.9286233370003,0.00013170023157726973,1.0,1.0,1.0,1.0,3.6729559748427673e-06,1.125,0.0,2.0,medium|hard|easy
test,0,9,93,32,0.5277416500030085,49.273690889000136,1251.4568939599994,0.00012689505820162594,1.0,1.0,1.0,1.0,3.6645702306079666e-06,1.25,0.0,2.0,easy|hard|medium
test,0,9,94,32,0.5285095520011964,49.80278506099421,1251.9859880670047,0.00011218747386010364,1.0,1.0,1.0,1.0,3.656184486373166e-06,1.09375,0.0,2.0,medium|hard|easy
test,0,9,95,32,0.5282227450006758,50.33159696399525,1252.5148000080007,0.0001575784699525684,1.0,1.0,1.0,1.0,3.647798742138365e-06,0.625,0.0,2.0,easy|medium|hard
test,0,9,96,32,0.5280896469994332,50.86020808899775,1253.043411055005,0.00010710335482144728,1.0,1.0,1.0,1.0,3.6394129979035642e-06,1.09375,0.0,2.0,medium|hard|easy
test,0,9,97,32,0.5284963279991644,51.389206538995495,1253.5724096339982,0.00012307400174904615,1.0,1.0,1.0,1.0,3.6310272536687636e-06,1.25,0.0,2.0,easy|medium|hard
test,0,9,98,32,0.5289383109993651,51.91870751299575,1254.1019104310035,0.00010883761569857597,1.0,1.0,1.0,1.0,3.6226415094339625e-06,1.03125,0.0,2.0,easy|medium|hard
test,0,9,99,32,0.5281783969985554,52.44743438799924,1254.630637495,0.00013068330008536577,1.0,1.0,1.0,1.0,3.614255765199162e-06,1.1875,0.0,2.0,easy|medium|hard
test,0,9,100,32,0.5280517369974405,52.97594631999527,1255.159149334002,0.00011921545956283808,1.0,1.0,1.0,1.0,3.605870020964361e-06,1.0,0.0,2.0,medium|hard|easy
test,0,9,101,32,0.528405307995854,53.50495133899676,1255.688154386,0.00010573633335297927,1.0,1.0,1.0,1.0,3.5974842767295596e-06,1.0,0.0,2.0,medium|easy|hard
test,0,9,102,32,0.5286060720027308,54.03409379399818,1256.2172967799997,0.24833710491657257,0.9642857142857143,0.96875,0.9736842105263157,0.967967967967968,3.589098532494759e-06,1.1875,0.0,2.0,easy|hard|medium
test,0,9,103,32,0.5274530110036721,54.56211921099748,1256.745322292998,0.00011074630310758948,1.0,1.0,1.0,1.0,3.5807127882599583e-06,1.125,0.0,2.0,easy|hard|medium
test,0,9,104,32,0.5290685149957426,55.09174589399481,1257.2749489900016,0.00010517386544961482,1.0,1.0,1.0,1.0,3.5723270440251572e-06,1.21875,0.0,2.0,easy|hard|medium
test,0,9,105,32,0.5294775609945646,55.621865296998294,1257.8050683379988,0.0009922148892655969,1.0,1.0,1.0,1.0,3.5639412997903566e-06,0.9375,0.0,2.0,medium|hard|easy
test,0,9,106,32,0.5280548689988791,56.15048982199369,1258.3336927940036,0.00011418338544899598,1.0,1.0,1.0,1.0,3.555555555555556e-06,0.90625,0.0,2.0,medium|hard|easy
test,0,9,107,32,0.5273460079988581,56.6783048599973,1258.8615080009986,0.0001275671529583633,1.0,1.0,1.0,1.0,3.547169811320755e-06,1.125,0.0,2.0,hard|easy|medium
test,0,9,108,32,0.5287053270003526,57.207564831995114,1259.390767943005,0.00016990065341815352,1.0,1.0,1.0,1.0,3.538784067085954e-06,1.0625,0.0,2.0,medium|hard|easy
test,0,9,109,32,0.5282458170040627,57.736365977994865,1259.919568987003,0.00010891999409068376,1.0,1.0,1.0,1.0,3.5303983228511535e-06,0.84375,0.0,2.0,medium|easy|hard
test,0,9,110,32,0.5272935760003747,58.26420337299351,1260.4474064110036,0.00011123681906610727,1.0,1.0,1.0,1.0,3.5220125786163524e-06,1.125,0.0,2.0,medium|hard|easy
test,0,9,111,32,0.5291182369983289,58.793887415995414,1260.9770904059988,0.00014292134437710047,1.0,1.0,1.0,1.0,3.5136268343815518e-06,1.40625,0.0,2.0,hard|medium|easy
test,0,9,112,32,0.5287764940003399,59.323251787995105,1261.5064548980008,0.00011014275514753535,1.0,1.0,1.0,1.0,3.505241090146751e-06,0.96875,0.0,2.0,easy|medium|hard
test,0,9,113,32,0.528040796998539,59.85188399999606,1262.0350870699986,0.0001615600340301171,1.0,1.0,1.0,1.0,3.4968553459119496e-06,1.1875,0.0,2.0,easy|hard|medium
test,0,9,114,32,0.5269297310005641,60.37938704499538,1262.5625901180028,0.00010781059972941875,1.0,1.0,1.0,1.0,3.488469601677149e-06,0.8125,0.0,2.0,easy|medium|hard
test,0,9,115,32,0.5288780720002251,60.9088123909969,1263.0920154720006,0.0001466072426410392,1.0,1.0,1.0,1.0,3.4800838574423483e-06,0.9375,0.0,2.0,easy|medium|hard
test,0,9,116,32,0.5283872479994898,61.43783610499668,1263.621039188998,0.00019147084094583988,1.0,1.0,1.0,1.0,3.471698113207547e-06,0.9375,0.0,2.0,easy|hard|medium
test,0,9,117,32,0.527715932999854,61.96611210699484,1264.1493152850016,0.0001299224968533963,1.0,1.0,1.0,1.0,3.4633123689727465e-06,1.09375,0.0,2.0,medium|easy|hard
test,0,9,118,32,0.5290702349957428,62.495664205998764,1264.6788672980038,0.00011593685485422611,1.0,1.0,1.0,1.0,3.454926624737946e-06,1.03125,0.0,2.0,hard|easy|medium
test,0,9,119,32,0.5289451429998735,63.02516013699642,1265.2083632600043,0.0006841655704192817,1.0,1.0,1.0,1.0,3.4465408805031448e-06,0.90625,0.0,2.0,hard|medium|easy
test,0,9,120,32,0.528314880997641,63.55410576799477,1265.7373088680033,0.00012067951320204884,1.0,1.0,1.0,1.0,3.438155136268344e-06,0.8125,0.0,2.0,medium|easy|hard
test,0,9,121,32,0.5290409489971353,64.0836466069959,1266.2668496789993,0.00013923499500378966,1.0,1.0,1.0,1.0,3.4297693920335435e-06,0.90625,0.0,2.0,easy|medium|hard
test,0,9,122,32,0.5290075399971101,64.61325659399881,1266.7964595939993,0.00013790812226943672,1.0,1.0,1.0,1.0,3.4213836477987424e-06,1.28125,0.0,2.0,hard|easy|medium
test,0,9,123,32,0.5276254839991452,65.14145674799511,1267.324659828002,0.00029889779398217797,1.0,1.0,1.0,1.0,3.4129979035639417e-06,1.125,0.0,2.0,hard|medium|easy
test,0,9,124,32,0.5280131210020045,65.67005819699989,1267.8532612380004,0.0004680692800320685,1.0,1.0,1.0,1.0,3.404612159329141e-06,0.8125,0.0,2.0,medium|hard|easy
test,0,9,125,32,0.5284695490045124,66.19911058199796,1268.3823135690036,0.00011602956510614604,1.0,1.0,1.0,1.0,3.3962264150943395e-06,0.90625,0.0,2.0,easy|hard|medium
test,0,9,126,32,0.5288716049981304,66.72860249799851,1268.9118055840008,0.0029358817264437675,1.0,1.0,1.0,1.0,3.387840670859539e-06,1.0625,0.0,2.0,medium|hard|easy
test,0,9,127,32,0.5275303590024123,67.25676558299892,1269.4399686920005,0.00011523893044795841,1.0,1.0,1.0,1.0,3.3794549266247382e-06,1.0625,0.0,2.0,easy|medium|hard
test,0,9,128,32,0.5288878189967363,67.78622465499939,1269.969427711003,0.00010355724225519225,1.0,1.0,1.0,1.0,3.371069182389937e-06,0.90625,0.0,2.0,medium|easy|hard
test,0,9,129,32,0.5291556130032404,68.31583310699352,1270.4990360849988,0.00011204995098523796,1.0,1.0,1.0,1.0,3.3626834381551365e-06,1.25,0.0,2.0,easy|hard|medium
test,0,9,130,32,0.5285556989983888,68.84496134499932,1271.0281644429997,0.00011795257887570187,1.0,1.0,1.0,1.0,3.354297693920336e-06,0.6875,0.0,2.0,easy|medium|hard
test,0,9,131,32,0.5275828609956079,69.3732119809938,1271.556415044004,0.00012982467887923121,1.0,1.0,1.0,1.0,3.3459119496855347e-06,1.09375,0.0,2.0,hard|medium|easy
test,0,9,132,32,0.529463068000041,69.90325933900021,1272.0864624280002,0.00030768750002607703,1.0,1.0,1.0,1.0,3.337526205450734e-06,1.21875,0.0,2.0,hard|easy|medium
test,0,9,133,32,0.5289470749994507,70.43276446699747,1272.6159674490045,0.00010776585259009153,1.0,1.0,1.0,1.0,3.3291404612159334e-06,1.34375,0.0,2.0,easy|hard|medium
test,0,9,134,32,0.527307327996823,70.96061239599658,1273.1438154870048,0.00011935260408790782,1.0,1.0,1.0,1.0,3.3207547169811323e-06,1.0625,0.0,2.0,medium|easy|hard
test,0,9,135,32,0.5289393049970386,71.49006894099875,1273.6732720260043,0.00011451814498286694,1.0,1.0,1.0,1.0,3.3123689727463317e-06,1.09375,0.0,2.0,hard|medium|easy
test,0,9,136,32,0.52842220999446,72.01909457199508,1274.2022976939988,0.008239949122071266,1.0,1.0,1.0,1.0,3.303983228511531e-06,1.15625,0.0,2.0,hard|easy|medium
test,0,9,137,32,0.5281751250004163,72.54779161699844,1274.7309947070025,0.00012278533540666103,1.0,1.0,1.0,1.0,3.2955974842767295e-06,0.8125,0.0,2.0,easy|medium|hard
test,0,9,138,32,0.5274793659991701,73.07584629600024,1275.259049404005,0.00012823566794395447,1.0,1.0,1.0,1.0,3.287211740041929e-06,1.21875,0.0,2.0,hard|medium|easy
test,0,9,139,32,0.5286465540048084,73.60509646900027,1275.788299560998,0.015666931867599487,1.0,1.0,1.0,1.0,3.278825995807128e-06,0.9375,0.0,2.0,medium|easy|hard
test,0,9,140,32,0.5285237049974967,74.1341524649979,1276.3173557560003,0.0001113860635086894,1.0,1.0,1.0,1.0,3.270440251572327e-06,1.0,0.0,2.0,medium|easy|hard
test,0,9,141,32,0.5276055020003696,74.66235902799963,1276.845562088005,0.00015132082626223564,1.0,1.0,1.0,1.0,3.2620545073375264e-06,0.90625,0.0,2.0,medium|easy|hard
test,0,9,142,32,0.5293363409946323,75.19222408899805,1277.3754271900034,0.00020812089496757835,1.0,1.0,1.0,1.0,3.2536687631027258e-06,0.84375,0.0,2.0,medium|easy|hard
test,0,9,143,32,0.5283983979970799,75.72113979999995,1277.9043428619989,0.00010792995453812182,1.0,1.0,1.0,1.0,3.2452830188679247e-06,1.1875,0.0,2.0,medium|hard|easy
test,0,9,144,32,0.5282611859947792,76.24995766399661,1278.433160749999,0.00010250260675093159,1.0,1.0,1.0,1.0,3.236897274633124e-06,1.1875,0.0,2.0,medium|hard|easy
test,0,9,145,32,0.5285893559994292,76.77909720099706,1278.9623002849985,0.00012308068107813597,1.0,1.0,1.0,1.0,3.2285115303983234e-06,0.96875,0.0,2.0,hard|medium|easy
test,0,9,146,32,0.5286154530040221,77.30824948599911,1279.491452604998,0.00015767908189445734,1.0,1.0,1.0,1.0,3.2201257861635223e-06,1.21875,0.0,2.0,hard|easy|medium
test,0,9,147,32,0.5283607360033784,77.8371915539974,1280.020394665,0.00010502396617084742,1.0,1.0,1.0,1.0,3.2117400419287216e-06,0.90625,0.0,2.0,hard|medium|easy
test,0,9,148,32,0.527564509997319,78.36527511399618,1280.5484781890045,0.00011141667346237227,1.0,1.0,1.0,1.0,3.203354297693921e-06,1.125,0.0,2.0,hard|easy|medium
test,0,9,149,32,0.5286519009969197,78.89451490999636,1281.077717994005,0.00013373399269767106,1.0,1.0,1.0,1.0,3.1949685534591195e-06,1.09375,0.0,2.0,medium|easy|hard
test,0,9,150,32,0.5285087980009848,79.42360838299646,1281.6068114689988,0.0001170661416836083,1.0,1.0,1.0,1.0,3.186582809224319e-06,0.9375,0.0,2.0,medium|easy|hard
test,0,9,151,32,0.5275985709959059,79.95171395699435,1282.1349170710018,0.00011755050218198448,1.0,1.0,1.0,1.0,3.178197064989518e-06,0.96875,0.0,2.0,hard|medium|easy
test,0,9,152,32,0.5289531930029625,80.48121205399366,1282.6644151270011,0.17973622679710388,0.9666666666666667,0.96875,0.9722222222222222,0.9684729064039409,3.169811320754717e-06,1.09375,0.0,2.0,medium|easy|hard
test,0,9,153,32,0.5286783909978112,81.01044585399359,1283.193648927001,0.00010172072506975383,1.0,1.0,1.0,1.0,3.1614255765199164e-06,1.09375,0.0,2.0,hard|medium|easy
test,0,9,154,32,0.5283385330039891,81.53924873099459,1283.7224518100047,9.514639532426372e-05,1.0,1.0,1.0,1.0,3.1530398322851157e-06,1.125,0.0,2.0,hard|easy|medium
test,0,9,155,32,0.5281245459991624,82.06795469399367,1284.2511577650002,0.002897667232900858,1.0,1.0,1.0,1.0,3.1446540880503146e-06,1.125,0.0,2.0,easy|medium|hard
test,0,9,156,32,0.5288862969973707,82.59737539100024,1284.7805784660013,0.00012454981333576143,1.0,1.0,1.0,1.0,3.136268343815514e-06,1.03125,0.0,2.0,medium|easy|hard
test,0,9,157,32,0.5284987830018508,83.1264593349988,1285.3096624120008,0.00011193407408427447,1.0,1.0,1.0,1.0,3.1278825995807133e-06,1.1875,0.0,2.0,hard|easy|medium
test,0,9,158,32,0.5274696669948753,83.65460060199985,1285.8378036760041,0.00011705359065672383,1.0,1.0,1.0,1.0,3.1194968553459122e-06,1.03125,0.0,2.0,medium|easy|hard
test,0,9,159,32,0.5292841249975027,84.18447730999469,1286.3676803880007,9.032261732500046e-05,1.0,1.0,1.0,1.0,3.1111111111111116e-06,0.78125,0.0,2.0,easy|medium|hard
test,0,9,160,32,0.5284905529988464,84.71352641799604,1286.8967294920003,0.00010864847718039528,1.0,1.0,1.0,1.0,3.102725366876311e-06,0.90625,0.0,2.0,hard|easy|medium
test,0,9,161,32,0.5283719799990649,85.24244314200041,1287.4256462060002,0.00012418098049238324,1.0,1.0,1.0,1.0,3.0943396226415094e-06,1.1875,0.0,2.0,medium|hard|easy
test,0,9,162,32,0.5267828750002082,85.76977479599736,1287.9529778709984,0.000151910848217085,1.0,1.0,1.0,1.0,3.0859538784067088e-06,0.78125,0.0,2.0,hard|easy|medium
test,0,9,163,32,0.5289095650005038,86.29927161499654,1288.4824746980012,0.0001770035596564412,1.0,1.0,1.0,1.0,3.077568134171908e-06,0.9375,0.0,2.0,hard|medium|easy
test,0,9,164,32,0.5284691980050411,86.82831810199423,1289.0115211869997,0.0003424418973736465,1.0,1.0,1.0,1.0,3.069182389937107e-06,0.96875,0.0,2.0,easy|hard|medium
test,0,9,165,32,0.5275171579996822,87.35645063899574,1289.5396536350017,0.007891366258263588,1.0,1.0,1.0,1.0,3.0607966457023063e-06,0.8125,0.0,2.0,easy|medium|hard
test,0,9,166,32,0.5294067180002457,87.88637218399526,1290.0695752690008,0.0001339063310297206,1.0,1.0,1.0,1.0,3.0524109014675057e-06,0.96875,0.0,2.0,hard|easy|medium
test,0,9,167,32,0.5284348389977822,88.4153004740001,1290.5985035420017,0.00014020211528986692,1.0,1.0,1.0,1.0,3.0440251572327046e-06,1.03125,0.0,2.0,medium|easy|hard
test,0,9,168,32,0.5279883320035879,88.94386992699583,1291.1270730750039,0.00011715225991792977,1.0,1.0,1.0,1.0,3.035639412997904e-06,1.25,0.0,2.0,medium|hard|easy
test,0,9,169,32,0.5282814819947816,89.47277115899487,1291.655974606998,0.00010820195893757045,1.0,1.0,1.0,1.0,3.0272536687631033e-06,0.71875,0.0,2.0,easy|hard|medium
test,0,9,170,32,0.5289238410041435,90.0022058329996,1292.1854091159985,0.0001392164413118735,1.0,1.0,1.0,1.0,3.018867924528302e-06,0.875,0.0,2.0,hard|medium|easy
test,0,9,171,32,0.5278110110011767,90.53055836799467,1292.7137614620005,9.274401236325502e-05,1.0,1.0,1.0,1.0,3.0104821802935015e-06,0.90625,0.0,2.0,medium|hard|easy
test,0,9,172,32,0.5276831249939278,91.05881521999981,1293.2420183240029,0.0001179432583739981,1.0,1.0,1.0,1.0,3.002096436058701e-06,1.0625,0.0,2.0,hard|easy|medium
test,0,9,173,32,0.5290303520014277,91.58841520900023,1293.771618304003,0.046740736812353134,0.96875,0.96875,0.9705882352941176,0.9687194525904204,2.9937106918238994e-06,0.8125,0.0,2.0,hard|medium|easy
test,0,9,174,32,0.5281395030033309,92.11714957799995,1294.3003527430046,0.00010656305676093325,1.0,1.0,1.0,1.0,2.9853249475890987e-06,1.21875,0.0,2.0,hard|easy|medium
test,0,9,175,32,0.5285288419981953,92.64629330799653,1294.8294963900044,0.00010546662815613672,1.0,1.0,1.0,1.0,2.976939203354298e-06,1.0625,0.0,2.0,hard|easy|medium
test,0,9,176,32,0.5290947859975859,93.17583972799912,1295.3590428160023,9.483339090365916e-05,1.0,1.0,1.0,1.0,2.968553459119497e-06,1.125,0.0,2.0,hard|easy|medium
test,0,9,177,32,0.5286147369988612,93.70506931300042,1295.8882723970019,0.0001046186953317374,1.0,1.0,1.0,1.0,2.9601677148846963e-06,1.0,0.0,2.0,hard|easy|medium
test,0,9,178,32,0.5280233439989388,94.23360807699646,1296.4168111140025,0.00010416374425403774,1.0,1.0,1.0,1.0,2.9517819706498956e-06,1.0,0.0,2.0,easy|hard|medium
test,0,9,179,32,0.5274185369999032,94.76163238300069,1296.9448355019995,0.00012721907114610076,1.0,1.0,1.0,1.0,2.9433962264150946e-06,1.03125,0.0,2.0,hard|medium|easy
test,0,9,180,32,0.5289882789948024,95.29118466299406,1297.4743877459987,0.15707148611545563,0.9722222222222222,0.96875,0.9666666666666667,0.9684729064039409,2.935010482180294e-06,1.21875,0.0,2.0,hard|easy|medium
test,0,9,181,32,0.528736382999341,95.8204024229999,1298.0036055189994,0.00012412166688591242,1.0,1.0,1.0,1.0,2.9266247379454932e-06,1.21875,0.0,2.0,medium|hard|easy
test,0,9,182,32,0.5271331429976271,96.34814775099949,1298.5313508250038,0.00010766388004412875,1.0,1.0,1.0,1.0,2.918238993710692e-06,0.9375,0.0,2.0,medium|easy|hard
test,0,9,183,32,0.5287778109995998,96.87752407399967,1299.0607271980043,0.00011179650027770549,1.0,1.0,1.0,1.0,2.9098532494758915e-06,0.6875,0.0,2.0,easy|hard|medium
test,0,9,184,32,0.5286957630014513,97.40678951799782,1299.5899926499987,0.00012327557487878948,1.0,1.0,1.0,1.0,2.90146750524109e-06,1.03125,0.0,2.0,medium|hard|easy
test,0,9,185,32,0.5282378929987317,97.93565892599872,1300.1188620190005,0.00020611668878700584,1.0,1.0,1.0,1.0,2.8930817610062893e-06,1.0,0.0,2.0,medium|easy|hard
test,0,9,186,32,0.5278427239973098,98.46409033899545,1300.6472933990008,0.00011205709597561508,1.0,1.0,1.0,1.0,2.8846960167714887e-06,1.0,0.0,2.0,hard|medium|easy
test,0,9,187,32,0.5292994249975891,98.99401884499821,1301.1772219420018,0.00010391060641268268,1.0,1.0,1.0,1.0,2.8763102725366876e-06,1.03125,0.0,2.0,hard|easy|medium
test,0,9,188,32,0.528295338001044,99.52291113799583,1301.706114146,0.00010277872206643224,1.0,1.0,1.0,1.0,2.867924528301887e-06,0.875,0.0,2.0,easy|medium|hard
test,0,9,189,32,0.5277285219999612,100.05124409599375,1302.2344472740006,0.000103910977486521,1.0,1.0,1.0,1.0,2.8595387840670863e-06,1.15625,0.0,2.0,medium|hard|easy
test,0,9,190,32,0.5289072669984307,100.58066517299449,1302.7638682649995,0.0001402387279085815,1.0,1.0,1.0,1.0,2.851153039832285e-06,0.96875,0.0,2.0,hard|easy|medium
test,0,9,191,32,0.528128874997492,101.10932618199877,1303.2925295790046,0.00019756708934437484,1.0,1.0,1.0,1.0,2.8427672955974845e-06,0.90625,0.0,2.0,easy|hard|medium
test,0,9,192,32,0.5279595489992062,101.63787516199955,1303.8210783730028,0.00010217884118901566,1.0,1.0,1.0,1.0,2.834381551362684e-06,0.78125,0.0,2.0,easy|hard|medium
test,0,9,193,32,0.5267945109953871,102.1652311519938,1304.348434296,0.00011257923324592412,1.0,1.0,1.0,1.0,2.8259958071278828e-06,1.0625,0.0,2.0,hard|easy|medium
test,0,9,194,32,0.5290293309953995,102.6947426869956,1304.8779457710043,0.00010135943739442155,1.0,1.0,1.0,1.0,2.817610062893082e-06,0.875,0.0,2.0,hard|easy|medium
test,0,9,195,32,0.52893853400019,103.22421149299771,1305.4074144140031,0.00011816116602858528,1.0,1.0,1.0,1.0,2.8092243186582814e-06,1.34375,0.0,2.0,hard|medium|easy
test,0,9,196,32,0.5277529659942957,103.75250622900057,1305.935709270998,0.00013803853653371334,1.0,1.0,1.0,1.0,2.80083857442348e-06,1.0625,0.0,2.0,hard|medium|easy
test,0,9,197,32,0.5293945150042418,104.28258587899472,1306.4657889770024,0.00010927423136308789,1.0,1.0,1.0,1.0,2.7924528301886793e-06,1.25,0.0,2.0,hard|easy|medium
test,0,9,198,32,0.5286493789972155,104.81177897199814,1306.9949819920002,0.00011233965051360428,1.0,1.0,1.0,1.0,2.7840670859538786e-06,0.96875,0.0,2.0,easy|hard|medium
test,0,9,199,32,0.5283108160001575,105.34073509599693,1307.523938201004,0.00013548284186981618,1.0,1.0,1.0,1.0,2.7756813417190775e-06,1.15625,0.0,2.0,easy|hard|medium
test,0,9,200,32,0.5291208319977159,105.87046577000001,1308.0536688440043,0.00013711187057197094,1.0,1.0,1.0,1.0,2.767295597484277e-06,1.0,0.0,2.0,hard|medium|easy
test,0,9,201,32,0.5290700879995711,106.40006695599732,1308.5832700430037,0.00010191797628067434,1.0,1.0,1.0,1.0,2.7589098532494762e-06,0.96875,0.0,2.0,medium|easy|hard
test,0,9,202,32,0.5276085479999892,106.9281988799994,1309.1114019700035,9.520169260213152e-05,1.0,1.0,1.0,1.0,2.750524109014675e-06,0.9375,0.0,2.0,easy|hard|medium
test,0,9,203,32,0.5279396490004729,107.45671118899918,1309.6399142790033,0.0001222198479808867,1.0,1.0,1.0,1.0,2.7421383647798745e-06,1.15625,0.0,2.0,hard|medium|easy
test,0,9,204,32,0.5284098140036804,107.98571489099413,1310.1689179800014,0.0001240282435901463,1.0,1.0,1.0,1.0,2.733752620545074e-06,1.0,0.0,2.0,medium|hard|easy
test,0,9,205,32,0.5280685370016727,108.51435999299429,1310.6975630700035,9.687096462585032e-05,1.0,1.0,1.0,1.0,2.7253668763102727e-06,0.90625,0.0,2.0,medium|hard|easy
test,0,9,206,32,0.528334258000541,109.04314563699882,1311.226348725002,0.00016564362158533186,1.0,1.0,1.0,1.0,2.716981132075472e-06,1.1875,0.0,2.0,medium|easy|hard
test,0,9,207,32,0.5288969699977315,109.57249206199776,1311.7556951560036,0.00012555814464576542,1.0,1.0,1.0,1.0,2.7085953878406714e-06,0.9375,0.0,2.0,easy|hard|medium
test,0,9,208,32,0.5295087679987773,110.1024735079991,1312.2856766320037,8.951808558776975e-05,1.0,1.0,1.0,1.0,2.70020964360587e-06,1.03125,0.0,2.0,easy|medium|hard
test,0,9,209,32,0.5282167210025364,110.63126261199795,1312.814465880998,0.06172461062669754,0.9761904761904762,0.96875,0.9583333333333333,0.9660657476139979,2.6918238993710692e-06,1.03125,0.0,2.0,medium|hard|easy
test,0,9,210,32,0.5277158850003616,111.15953427099885,1313.3427373970044,0.00010731852671597153,1.0,1.0,1.0,1.0,2.6834381551362686e-06,0.8125,0.0,2.0,hard|medium|easy
test,0,9,211,32,0.5284296019963222,111.68855844899372,1313.8717615479982,9.300088277086616e-05,1.0,1.0,1.0,1.0,2.6750524109014675e-06,0.8125,0.0,2.0,hard|easy|medium
test,0,9,212,32,0.5287624709962984,112.21777602299699,1314.4009790929995,9.296680218540132e-05,1.0,1.0,1.0,1.0,2.666666666666667e-06,1.09375,0.0,2.0,medium|hard|easy
test,0,9,213,32,0.5274778310049442,112.74583996999718,1314.9290430830006,0.00013381590542849153,1.0,1.0,1.0,1.0,2.658280922431866e-06,0.75,0.0,2.0,easy|medium|hard
test,0,9,214,32,0.5297258990030969,113.27613700999791,1315.4593401509992,0.00010579868830973282,1.0,1.0,1.0,1.0,2.649895178197065e-06,0.9375,0.0,2.0,easy|hard|medium
test,0,9,215,32,0.528144332994998,113.80484894199617,1315.9880520990046,0.00011130400525871664,1.0,1.0,1.0,1.0,2.6415094339622644e-06,0.96875,0.0,2.0,medium|hard|easy
test,0,9,216,32,0.5283140089959488,114.33375062899722,1316.5169537180045,0.00011348287080181763,1.0,1.0,1.0,1.0,2.6331236897274638e-06,1.0,0.0,2.0,medium|easy|hard
test,0,9,217,32,0.5269887289978215,114.8613586529973,1317.0445617420046,0.00011975510278716683,1.0,1.0,1.0,1.0,2.6247379454926627e-06,0.9375,0.0,2.0,hard|medium|easy
test,0,9,218,32,0.5292625090005458,115.39115740999841,1317.5743604870004,0.0005137922707945108,1.0,1.0,1.0,1.0,2.616352201257862e-06,0.875,0.0,2.0,hard|medium|easy
test,0,9,219,32,0.5286414610018255,115.92027994799719,1318.1034830260032,9.650581341702491e-05,1.0,1.0,1.0,1.0,2.6079664570230614e-06,1.03125,0.0,2.0,hard|easy|medium
test,0,9,220,32,0.5275039550033398,116.44831421099661,1318.631517294998,0.00011980728595517576,1.0,1.0,1.0,1.0,2.59958071278826e-06,1.03125,0.0,2.0,hard|easy|medium
test,0,9,221,32,0.5291678590001538,116.97799048399611,1319.1611935789988,0.00012201715435367078,1.0,1.0,1.0,1.0,2.591194968553459e-06,1.25,0.0,2.0,easy|hard|medium
test,0,9,222,32,0.5288243969989708,117.50735469500069,1319.6905578290025,0.00012960421736352146,1.0,1.0,1.0,1.0,2.5828092243186585e-06,0.6875,0.0,2.0,medium|hard|easy
test,0,9,223,32,0.5283511759989779,118.03626487399742,1320.2194679750028,9.966483048629016e-05,1.0,1.0,1.0,1.0,2.5744234800838574e-06,1.09375,0.0,2.0,easy|medium|hard
test,0,9,224,32,0.5287170800002059,118.56556305099366,1320.7487661199993,9.713518375065178e-05,1.0,1.0,1.0,1.0,2.5660377358490568e-06,1.0625,0.0,2.0,hard|easy|medium
test,0,9,225,32,0.5287155949990847,119.09487944300054,1321.278082566998,0.00018701156659517437,1.0,1.0,1.0,1.0,2.557651991614256e-06,0.875,0.0,2.0,hard|medium|easy
test,0,9,226,32,0.527750722001656,119.62320443600038,1321.8064075229995,9.147719538304955e-05,1.0,1.0,1.0,1.0,2.549266247379455e-06,0.75,0.0,2.0,hard|easy|medium
test,0,9,227,32,0.5281945050010108,120.15197364999767,1322.3351767440035,0.0001077097695088014,1.0,1.0,1.0,1.0,2.5408805031446544e-06,1.03125,0.0,2.0,hard|easy|medium
test,0,9,228,32,0.5281475060037337,120.68068098599906,1322.8638839749983,0.0001315435511060059,1.0,1.0,1.0,1.0,2.5324947589098537e-06,1.0,0.0,2.0,hard|easy|medium
test,0,9,229,32,0.5285978659958346,121.20978557299532,1323.3929886870028,0.00020018233044538647,1.0,1.0,1.0,1.0,2.5241090146750526e-06,0.75,0.0,2.0,easy|medium|hard
test,0,9,230,32,0.5271255819970975,121.7375331239964,1323.920736183005,0.00011564361921045929,1.0,1.0,1.0,1.0,2.515723270440252e-06,1.03125,0.0,2.0,easy|medium|hard
test,0,9,231,32,0.5289197520032758,122.26706410299812,1324.4502672060044,0.00010875162843149155,1.0,1.0,1.0,1.0,2.5073375262054513e-06,0.96875,0.0,2.0,easy|medium|hard
test,0,9,232,32,0.5289160269967397,122.79651541799831,1324.9797184780036,0.00012216405593790114,1.0,1.0,1.0,1.0,2.4989517819706502e-06,0.84375,0.0,2.0,medium|easy|hard
test,0,9,233,32,0.5280579750033212,123.32516277799732,1325.5083658670046,9.651725849835202e-05,1.0,1.0,1.0,1.0,2.490566037735849e-06,1.03125,0.0,2.0,hard|easy|medium
test,0,9,234,32,0.5279123789950972,123.85364359099913,1326.0368466720029,0.00011846517736557871,1.0,1.0,1.0,1.0,2.4821802935010485e-06,1.0,0.0,2.0,medium|easy|hard
test,0,9,235,32,0.529127690999303,124.383369020994,1326.5665720980032,0.0001018434704747051,1.0,1.0,1.0,1.0,2.473794549266248e-06,1.03125,0.0,2.0,medium|easy|hard
test,0,9,236,32,0.5287946190001094,124.91262511499372,1327.095828188998,9.561165643390268e-05,1.0,1.0,1.0,1.0,2.4654088050314467e-06,1.03125,0.0,2.0,hard|easy|medium
test,0,9,237,32,0.5274932149986853,125.44069367899647,1327.6238967600002,0.00011605353938648477,1.0,1.0,1.0,1.0,2.4570230607966457e-06,0.8125,0.0,2.0,easy|hard|medium
test,0,9,238,32,0.5297672350061475,125.9709989099938,1328.1542020170018,9.233053424395621e-05,1.0,1.0,1.0,1.0,2.448637316561845e-06,0.875,0.0,2.0,medium|hard|easy
test,0,9,239,32,0.528608845997951,126.50030658999458,1328.6835096860013,8.954782242653891e-05,1.0,1.0,1.0,1.0,2.4402515723270443e-06,1.1875,0.0,2.0,medium|hard|easy
test,0,9,240,32,0.5282911189933657,127.0292112169991,1329.2124143289984,0.00018003207514993846,1.0,1.0,1.0,1.0,2.4318658280922432e-06,0.8125,0.0,2.0,easy|medium|hard
test,0,9,241,32,0.5275302470035967,127.55736809099471,1329.740571192,8.734635048313066e-05,1.0,1.0,1.0,1.0,2.4234800838574426e-06,1.0625,0.0,2.0,hard|medium|easy
test,0,9,242,32,0.528873527997348,128.08679619999748,1330.2699993269998,0.00012630331912077963,1.0,1.0,1.0,1.0,2.415094339622642e-06,0.96875,0.0,2.0,easy|medium|hard
test,0,9,243,32,0.5283067249984015,128.61559097999998,1330.7987940590028,9.471001249039546e-05,1.0,1.0,1.0,1.0,2.406708595387841e-06,0.84375,0.0,2.0,easy|medium|hard
test,0,9,244,32,0.5275817600049777,129.14365573800023,1331.3268588220017,0.00011065085709560663,1.0,1.0,1.0,1.0,2.39832285115304e-06,1.09375,0.0,2.0,hard|easy|medium
test,0,9,245,32,0.5295230940027977,129.67369848499948,1331.8569015559988,0.00012418173719197512,1.0,1.0,1.0,1.0,2.389937106918239e-06,0.8125,0.0,2.0,medium|hard|easy
test,0,9,246,32,0.5287882839984377,130.20310323299782,1332.3863062340024,9.841324936132878e-05,1.0,1.0,1.0,1.0,2.3815513626834384e-06,0.9375,0.0,2.0,medium|easy|hard
test,0,9,247,32,0.5280728289944818,130.73174949499662,1332.9149525930043,0.00010510273568797857,1.0,1.0,1.0,1.0,2.3731656184486378e-06,1.21875,0.0,2.0,hard|medium|easy
test,0,9,248,32,0.5286795309948502,131.2609886289938,1333.4441917220029,0.00014904994168318808,1.0,1.0,1.0,1.0,2.3647798742138367e-06,1.0625,0.0,2.0,easy|hard|medium
test,0,9,249,32,0.5286469509956078,131.7901810599942,1333.9733841400011,0.0001129614538513124,1.0,1.0,1.0,1.0,2.3563941299790356e-06,0.84375,0.0,2.0,medium|easy|hard
test,0,9,250,32,0.5280004129963345,132.31864315699931,1334.5018463040033,0.024307027459144592,0.9722222222222222,0.96875,0.9666666666666667,0.9684729064039409,2.348008385744235e-06,1.1875,0.0,2.0,easy|medium|hard
test,0,9,251,32,0.527861747003044,132.84699224799988,1335.0301955579998,0.008276034146547318,1.0,1.0,1.0,1.0,2.3396226415094343e-06,0.8125,0.0,2.0,easy|medium|hard
test,0,9,252,32,0.5287865800055442,133.37637606699718,1335.5595791270025,0.00010164504055865109,1.0,1.0,1.0,1.0,2.331236897274633e-06,0.9375,0.0,2.0,easy|hard|medium
test,0,9,253,32,0.5284972849985934,133.90544273499836,1336.088645841999,0.0002074037038255483,1.0,1.0,1.0,1.0,2.3228511530398325e-06,0.875,0.0,2.0,medium|hard|easy
test,0,9,254,32,0.5279463400001987,134.43398861499736,1336.6171916849999,9.355587826576084e-05,1.0,1.0,1.0,1.0,2.314465408805032e-06,1.0,0.0,2.0,hard|medium|easy
test,0,9,255,32,0.5295689889971982,134.96418069399806,1337.1473837790036,9.409561607753858e-05,1.0,1.0,1.0,1.0,2.306079664570231e-06,0.84375,0.0,2.0,medium|hard|easy
test,0,9,256,32,0.529377034996287,135.4940820979973,1337.677285275,0.00012345222057774663,1.0,1.0,1.0,1.0,2.29769392033543e-06,0.9375,0.0,2.0,medium|easy|hard
test,0,9,257,32,0.5281463639985304,136.02269205899938,1338.2058951500003,9.802903514355421e-05,1.0,1.0,1.0,1.0,2.289308176100629e-06,1.0,0.0,2.0,hard|easy|medium
test,0,9,258,32,0.5276717010056018,136.55093373599811,1338.7341367949994,8.696634176885709e-05,1.0,1.0,1.0,1.0,2.2809224318658284e-06,0.90625,0.0,2.0,medium|hard|easy
test,0,9,259,32,0.528698333997454,137.08017195599678,1339.2633750430032,9.139890607912093e-05,1.0,1.0,1.0,1.0,2.2725366876310273e-06,0.71875,0.0,2.0,medium|easy|hard
test,0,9,260,32,0.5287235130017507,137.60935345399776,1339.7925565449987,0.00012225347745697945,1.0,1.0,1.0,1.0,2.2641509433962266e-06,0.9375,0.0,2.0,easy|hard|medium
test,0,9,261,32,0.527437293996627,138.13767258199368,1340.3208757350003,0.0005336428293958306,1.0,1.0,1.0,1.0,2.2557651991614256e-06,0.9375,0.0,2.0,medium|easy|hard
test,0,9,262,32,0.5295413939966238,138.66771124399384,1340.8509143679985,0.00010974355245707557,1.0,1.0,1.0,1.0,2.247379454926625e-06,0.96875,0.0,2.0,hard|easy|medium
test,0,9,263,32,0.5281802649988094,139.19635563399788,1341.379558708999,0.0001092488964786753,1.0,1.0,1.0,1.0,2.2389937106918242e-06,1.1875,0.0,2.0,hard|easy|medium
test,0,9,264,32,0.5279592010047054,139.72477372999856,1341.9079767900039,0.0015579399187117815,1.0,1.0,1.0,1.0,2.230607966457023e-06,0.96875,0.0,2.0,hard|medium|easy
test,0,9,265,6,0.15846375600085594,139.88374253899383,1342.0669456090036,0.00011208927753614262,1.0,1.0,1.0,1.0,2.222222222222222e-06,0.6666666865348816,0.0,2.0,medium|easy|hard
test,0,10,1,32,0.5290193199980422,0.6119461260022945,1353.039810770002,0.1264871209859848,0.975,0.96875,0.9615384615384616,0.9671794871794872,2.213836477987422e-06,1.03125,0.0,2.0,medium|hard|easy
test,0,10,2,32,0.5287460340041434,1.1414714150014333,1353.5693360369987,0.00011612907110247761,1.0,1.0,1.0,1.0,2.2054507337526208e-06,1.125,0.0,2.0,hard|easy|medium
test,0,10,3,32,0.5282495130013558,1.670219885003462,1354.0980845250015,0.00011401915253372863,1.0,1.0,1.0,1.0,2.1970649895178197e-06,1.0625,0.0,2.0,hard|easy|medium
test,0,10,4,32,0.5277393470023526,2.198567629005993,1354.6264322900024,0.00010573504550848156,1.0,1.0,1.0,1.0,2.188679245283019e-06,0.90625,0.0,2.0,easy|hard|medium
test,0,10,5,32,0.5284222310001496,2.7275334740043036,1355.1553981010002,9.605110972188413e-05,1.0,1.0,1.0,1.0,2.1802935010482183e-06,1.09375,0.0,2.0,medium|hard|easy
test,0,10,6,32,0.5286292929959018,3.2567312710016267,1355.6845959300044,0.00010931699944194406,1.0,1.0,1.0,1.0,2.1719077568134173e-06,1.0,0.0,2.0,easy|hard|medium
test,0,10,7,32,0.5272825880019809,3.784576508005557,1356.2124411340046,0.0003150030388496816,1.0,1.0,1.0,1.0,2.1635220125786166e-06,0.78125,0.0,2.0,easy|medium|hard
test,0,10,8,32,0.529343849993893,4.314472005004063,1356.7423367209994,9.176016465062276e-05,1.0,1.0,1.0,1.0,2.1551362683438155e-06,0.9375,0.0,2.0,easy|medium|hard
test,0,10,9,32,0.5287316149988328,4.843684881001536,1357.2715495119992,0.0041918628849089146,1.0,1.0,1.0,1.0,2.146750524109015e-06,1.0625,0.0,2.0,medium|hard|easy
test,0,10,10,32,0.5286297569982708,5.372899685004086,1357.8007643160017,9.904648322844878e-05,1.0,1.0,1.0,1.0,2.138364779874214e-06,1.125,0.0,2.0,hard|medium|easy
test,0,10,11,32,0.527881925998372,5.901424093004607,1358.329288738998,0.0001155364589067176,1.0,1.0,1.0,1.0,2.129979035639413e-06,0.875,0.0,2.0,hard|medium|easy
test,0,10,12,32,0.5289428910036804,6.4309690370064345,1358.858833664999,0.0012669654097408056,1.0,1.0,1.0,1.0,2.121593291404612e-06,1.03125,0.0,2.0,medium|hard|easy
test,0,10,13,32,0.5284997159978957,6.96008620900102,1359.387950837001,0.00017613940872251987,1.0,1.0,1.0,1.0,2.1132075471698114e-06,0.90625,0.0,2.0,medium|easy|hard
test,0,10,14,32,0.527718317003746,7.48839027100621,1359.916254912001,0.1620425283908844,0.96875,0.96875,0.9705882352941176,0.9687194525904204,2.1048218029350107e-06,1.3125,0.0,2.0,hard|medium|easy
test,0,10,15,32,0.529385107998678,8.018270022999786,1360.4461346520038,9.790880721993744e-05,1.0,1.0,1.0,1.0,2.0964360587002096e-06,0.96875,0.0,2.0,medium|easy|hard
test,0,10,16,32,0.5280843759974232,8.546927560004406,1360.974792178,9.845008025877178e-05,1.0,1.0,1.0,1.0,2.088050314465409e-06,0.875,0.0,2.0,medium|easy|hard
test,0,10,17,32,0.5281056829990121,9.075603077006235,1361.5034677010044,9.399911505170166e-05,1.0,1.0,1.0,1.0,2.0796645702306083e-06,1.125,0.0,2.0,easy|hard|medium
test,0,10,18,32,0.5275787530044909,9.603759066005296,1362.0316240329994,0.0001006978636723943,1.0,1.0,1.0,1.0,2.0712788259958072e-06,0.9375,0.0,2.0,hard|medium|easy
test,0,10,19,32,0.5288000270011253,10.133025163006096,1362.5608897950005,0.00010199935059063137,1.0,1.0,1.0,1.0,2.0628930817610066e-06,1.03125,0.0,2.0,medium|hard|easy
test,0,10,20,32,0.5277471099980175,10.661370140005602,1363.0892347710032,0.0001178621532744728,1.0,1.0,1.0,1.0,2.0545073375262055e-06,0.9375,0.0,2.0,easy|medium|hard
test,0,10,21,32,0.5277518590010004,11.189589713001624,1363.6174543680027,0.00012841177522204816,1.0,1.0,1.0,1.0,2.046121593291405e-06,1.21875,0.0,2.0,hard|easy|medium
test,0,10,22,32,0.5293310839988408,11.719417477004754,1364.1472822600044,0.00067179836332798,1.0,1.0,1.0,1.0,2.037735849056604e-06,1.1875,0.0,2.0,hard|medium|easy
test,0,10,23,32,0.5285408109994023,12.248457462999795,1364.6763221,0.19280195236206055,0.9736842105263157,0.96875,0.9642857142857143,0.967967967967968,2.029350104821803e-06,1.0,0.0,2.0,hard|medium|easy
test,0,10,24,32,0.5286224689989467,12.777674527002091,1365.2055391649992,0.004469514824450016,1.0,1.0,1.0,1.0,2.020964360587002e-06,1.0,0.0,2.0,easy|hard|medium
test,0,10,25,32,0.5291732750047231,13.30731456700596,1365.7351794050046,9.81069024419412e-05,1.0,1.0,1.0,1.0,2.0125786163522013e-06,1.15625,0.0,2.0,medium|easy|hard
test,0,10,26,32,0.5290158659990993,13.8368964790061,1366.2647611069988,0.0001008261606330052,1.0,1.0,1.0,1.0,2.0041928721174007e-06,0.96875,0.0,2.0,medium|easy|hard
test,0,10,27,32,0.5281767170017702,14.365564338004333,1366.7934292389982,0.00011973364598816261,1.0,1.0,1.0,1.0,1.9958071278825996e-06,0.90625,0.0,2.0,hard|easy|medium
test,0,10,28,32,0.5275562239985447,14.893734233999567,1367.3215989340024,0.00010325884795747697,1.0,1.0,1.0,1.0,1.987421383647799e-06,1.125,0.0,2.0,hard|easy|medium
test,0,10,29,32,0.5290950740018161,15.423415289005789,1367.8512799349992,0.0001379784953314811,1.0,1.0,1.0,1.0,1.9790356394129983e-06,1.3125,0.0,2.0,hard|easy|medium
test,0,10,30,32,0.5290438320007524,15.95298088400159,1368.3808455510007,9.794000652618706e-05,1.0,1.0,1.0,1.0,1.970649895178197e-06,0.90625,0.0,2.0,easy|medium|hard
test,0,10,31,32,0.5270103180009755,16.480525967002905,1368.9083906270025,9.487799252383411e-05,1.0,1.0,1.0,1.0,1.9622641509433965e-06,0.90625,0.0,2.0,easy|medium|hard
test,0,10,32,32,0.5289317940041656,17.00999424100155,1369.4378588660038,9.627491817809641e-05,1.0,1.0,1.0,1.0,1.9538784067085954e-06,1.40625,0.0,2.0,hard|easy|medium
test,0,10,33,32,0.528664112003753,17.5392570719996,1369.9671217150026,0.0006087533547542989,1.0,1.0,1.0,1.0,1.9454926624737948e-06,1.0,0.0,2.0,medium|hard|easy
test,0,10,34,32,0.5280558660015231,18.067946389004646,1370.4958110170046,0.00010963699605781585,1.0,1.0,1.0,1.0,1.937106918238994e-06,1.125,0.0,2.0,easy|hard|medium
test,0,10,35,32,0.5277062840032158,18.5961523050064,1371.0240169169992,0.00010411921539343894,1.0,1.0,1.0,1.0,1.928721174004193e-06,0.8125,0.0,2.0,medium|easy|hard
test,0,10,36,32,0.5291881599987391,19.125896215002285,1371.5537608570012,0.00013189483433961868,1.0,1.0,1.0,1.0,1.920335429769392e-06,1.0,0.0,2.0,easy|hard|medium
test,0,10,37,32,0.5285886569981812,19.655080401003943,1372.082945027003,0.000611856346949935,1.0,1.0,1.0,1.0,1.9119496855345913e-06,1.15625,0.0,2.0,easy|hard|medium
test,0,10,38,32,0.5278029929977492,20.18347568900208,1372.6113403420022,9.469138603890315e-05,1.0,1.0,1.0,1.0,1.9035639412997906e-06,1.15625,0.0,2.0,medium|hard|easy
test,0,10,39,32,0.5290091650022077,20.713053679006407,1373.140918306999,9.744635462993756e-05,1.0,1.0,1.0,1.0,1.8951781970649895e-06,1.09375,0.0,2.0,medium|hard|easy
test,0,10,40,32,0.5286429730040254,21.24227966500621,1373.6701442810008,0.00010096072219312191,1.0,1.0,1.0,1.0,1.8867924528301889e-06,1.09375,0.0,2.0,medium|hard|easy
test,0,10,41,32,0.5285258010044345,21.77131386300607,1374.1991785270002,0.00011039072705898434,1.0,1.0,1.0,1.0,1.878406708595388e-06,1.125,0.0,2.0,easy|medium|hard
test,0,10,42,32,0.5272955639957217,22.29924255500373,1374.7271071680007,0.0011192879173904657,1.0,1.0,1.0,1.0,1.8700209643605871e-06,1.03125,0.0,2.0,hard|easy|medium
test,0,10,43,32,0.5288761440024246,22.82865547900292,1375.2565201140023,0.00011390943836886436,1.0,1.0,1.0,1.0,1.8616352201257863e-06,0.75,0.0,2.0,easy|hard|medium
test,0,10,44,32,0.5278723979936331,23.357125618000282,1375.7849902710004,9.453095844946802e-05,1.0,1.0,1.0,1.0,1.8532494758909856e-06,1.03125,0.0,2.0,easy|medium|hard
test,0,10,45,32,0.5277623450019746,23.885373110002547,1376.313237743998,0.12632028758525848,0.96875,0.96875,0.9705882352941176,0.9687194525904204,1.8448637316561845e-06,1.25,0.0,2.0,easy|hard|medium
test,0,10,46,32,0.529626470997755,24.41560470600234,1376.843469337,0.00010492635919945315,1.0,1.0,1.0,1.0,1.8364779874213836e-06,1.09375,0.0,2.0,hard|easy|medium
test,0,10,47,32,0.5282301900006132,24.944396050006617,1377.372260684002,0.00011291001283098012,1.0,1.0,1.0,1.0,1.828092243186583e-06,0.875,0.0,2.0,hard|medium|easy
test,0,10,48,32,0.5284311740033445,25.473308167005598,1377.9011728030018,9.468388452660292e-05,1.0,1.0,1.0,1.0,1.8197064989517821e-06,0.96875,0.0,2.0,medium|hard|easy
test,0,10,49,32,0.5286981429962907,26.00266511200607,1378.430529748999,9.389758633915335e-05,1.0,1.0,1.0,1.0,1.8113207547169812e-06,0.65625,0.0,2.0,medium|easy|hard
test,0,10,50,32,0.5293624929981888,26.532496561005246,1378.9603612249994,9.196514292852953e-05,1.0,1.0,1.0,1.0,1.8029350104821806e-06,1.03125,0.0,2.0,easy|medium|hard
test,0,10,51,32,0.5274796100056847,27.060502198000904,1379.4883668640032,0.003146125702187419,1.0,1.0,1.0,1.0,1.7945492662473795e-06,0.875,0.0,2.0,easy|hard|medium
test,0,10,52,32,0.5280645659950096,27.589210471000115,1380.0170751039986,9.146578668151051e-05,1.0,1.0,1.0,1.0,1.7861635220125786e-06,1.28125,0.0,2.0,hard|easy|medium
test,0,10,53,32,0.5283976569990045,28.118141537001065,1380.5460061589984,0.00030947872437536716,1.0,1.0,1.0,1.0,1.777777777777778e-06,1.1875,0.0,2.0,medium|hard|easy
test,0,10,54,32,0.5283211679998203,28.646935426004347,1381.0748003830013,0.00010157037468161434,1.0,1.0,1.0,1.0,1.769392033542977e-06,0.9375,0.0,2.0,medium|easy|hard
test,0,10,55,32,0.5278587490029167,29.175380349006446,1381.6032452220024,8.406100096181035e-05,1.0,1.0,1.0,1.0,1.7610062893081762e-06,1.125,0.0,2.0,hard|medium|easy
test,0,10,56,32,0.5290189760053181,29.7049020340055,1382.1327666580037,8.816587796900421e-05,1.0,1.0,1.0,1.0,1.7526205450733756e-06,0.9375,0.0,2.0,easy|hard|medium
test,0,10,57,32,0.52906155600067,30.234539232005773,1382.662403852999,8.678010635776445e-05,1.0,1.0,1.0,1.0,1.7442348008385745e-06,1.0,0.0,2.0,medium|hard|easy
test,0,10,58,32,0.5281855180001003,30.763304855005117,1383.1911697840042,9.579712059348822e-05,1.0,1.0,1.0,1.0,1.7358490566037736e-06,1.125,0.0,2.0,medium|easy|hard
test,0,10,59,32,0.5277340820030076,31.291597089002607,1383.719461837005,0.0016346684424206614,1.0,1.0,1.0,1.0,1.727463312368973e-06,0.84375,0.0,2.0,easy|hard|medium
test,0,10,60,32,0.5288151640052092,31.820943741004157,1384.2488083720018,9.955617133527994e-05,1.0,1.0,1.0,1.0,1.719077568134172e-06,1.0,0.0,2.0,easy|medium|hard
test,0,10,61,32,0.5284039629987092,32.34997593500157,1384.777840554998,0.00012244144454598427,1.0,1.0,1.0,1.0,1.7106918238993712e-06,0.9375,0.0,2.0,easy|medium|hard
test,0,10,62,32,0.527194132002478,32.87775027600583,1385.305614912002,0.00011689738312270492,1.0,1.0,1.0,1.0,1.7023060796645705e-06,0.96875,0.0,2.0,medium|hard|easy
test,0,10,63,32,0.5292294920000131,33.407552699005464,1385.8354173379994,0.0008456966606900096,1.0,1.0,1.0,1.0,1.6939203354297694e-06,0.875,0.0,2.0,easy|medium|hard
test,0,10,64,32,0.5282009040020057,33.93625228400197,1386.3641169090042,8.712288399692625e-05,1.0,1.0,1.0,1.0,1.6855345911949686e-06,1.3125,0.0,2.0,medium|hard|easy
test,0,10,65,32,0.5286635289958213,34.465468740003416,1386.8933334059984,9.037458221428096e-05,1.0,1.0,1.0,1.0,1.677148846960168e-06,1.15625,0.0,2.0,easy|medium|hard
test,0,10,66,32,0.5273974999945494,34.99332508400403,1387.421189722998,0.00016610028978902847,1.0,1.0,1.0,1.0,1.668763102725367e-06,1.15625,0.0,2.0,easy|medium|hard
test,0,10,67,32,0.5293819709986565,35.52329578400531,1387.9511604770014,8.672321564517915e-05,1.0,1.0,1.0,1.0,1.6603773584905662e-06,0.78125,0.0,2.0,medium|easy|hard
test,0,10,68,32,0.5283841009950265,36.05222988000605,1388.4800945660027,9.637462062528357e-05,1.0,1.0,1.0,1.0,1.6519916142557655e-06,0.90625,0.0,2.0,medium|hard|easy
test,0,10,69,32,0.5276092999993125,36.58042171100533,1389.0082863350035,8.89885559445247e-05,1.0,1.0,1.0,1.0,1.6436058700209644e-06,0.84375,0.0,2.0,medium|easy|hard
test,0,10,70,32,0.5289648480029427,37.109949785000936,1389.5378144150018,8.4448023699224e-05,1.0,1.0,1.0,1.0,1.6352201257861635e-06,0.96875,0.0,2.0,hard|medium|easy
test,0,10,71,32,0.5286081230005948,37.63920343100472,1390.0670680559997,0.00011449477460701019,1.0,1.0,1.0,1.0,1.6268343815513629e-06,1.0625,0.0,2.0,easy|medium|hard
test,0,10,72,32,0.5284612880059285,38.16822274300648,1390.5960873799995,0.00010708700574468821,1.0,1.0,1.0,1.0,1.618448637316562e-06,1.15625,0.0,2.0,hard|easy|medium
test,0,10,73,32,0.5288854199970956,38.6976901060043,1391.1255547430046,0.1931927353143692,0.9722222222222222,0.96875,0.9666666666666667,0.9684729064039409,1.6100628930817611e-06,1.25,0.0,2.0,medium|easy|hard
test,0,10,74,32,0.528753370999766,39.22702015800314,1391.6548848380044,0.00010479953198228031,1.0,1.0,1.0,1.0,1.6016771488469605e-06,0.6875,0.0,2.0,medium|easy|hard
test,0,10,75,32,0.5288884159963345,39.756503205004265,1392.1843678410005,8.485815487802029e-05,1.0,1.0,1.0,1.0,1.5932914046121594e-06,0.875,0.0,2.0,medium|hard|easy
test,0,10,76,32,0.5279474150011083,40.28502144700178,1392.7128860759985,9.362984565086663e-05,1.0,1.0,1.0,1.0,1.5849056603773585e-06,1.0,0.0,2.0,hard|easy|medium
test,0,10,77,32,0.529033442006039,40.81466658700083,1393.2425312199994,0.00010206397564616054,1.0,1.0,1.0,1.0,1.5765199161425579e-06,0.71875,0.0,2.0,easy|medium|hard
test,0,10,78,32,0.5289629649996641,41.34421494700655,1393.7720796690046,9.051633242052048e-05,1.0,1.0,1.0,1.0,1.568134171907757e-06,0.96875,0.0,2.0,easy|hard|medium
test,0,10,79,32,0.5273578920023283,41.87210994400084,1394.2999745730049,0.00017900089733302593,1.0,1.0,1.0,1.0,1.5597484276729561e-06,0.84375,0.0,2.0,hard|easy|medium
test,0,10,80,32,0.5293970929997158,42.40209778800636,1394.8299624069987,0.00012627238174900413,1.0,1.0,1.0,1.0,1.5513626834381555e-06,1.15625,0.0,2.0,hard|easy|medium
test,0,10,81,32,0.5286062179948203,42.931271382003615,1395.359136156003,8.653039549244568e-05,1.0,1.0,1.0,1.0,1.5429769392033544e-06,1.125,0.0,2.0,easy|medium|hard
test,0,10,82,32,0.5281944989983458,43.460066766005184,1395.8879313770012,9.177107131108642e-05,1.0,1.0,1.0,1.0,1.5345911949685535e-06,1.125,0.0,2.0,easy|medium|hard
test,0,10,83,32,0.5274158100000932,43.988098004003405,1396.415962652005,0.00011923910642508417,1.0,1.0,1.0,1.0,1.5262054507337528e-06,0.84375,0.0,2.0,medium|hard|easy
test,0,10,84,32,0.5290473510031006,44.51774312600173,1396.9456077850045,8.600890578236431e-05,1.0,1.0,1.0,1.0,1.517819706498952e-06,1.03125,0.0,2.0,hard|medium|easy
test,0,10,85,32,0.5287232260016026,45.04699447500025,1397.474859095004,8.006412099348381e-05,1.0,1.0,1.0,1.0,1.509433962264151e-06,1.0625,0.0,2.0,hard|medium|easy
test,0,10,86,32,0.528131110004324,45.57573423600115,1398.0035989020034,9.502301691100001e-05,1.0,1.0,1.0,1.0,1.5010482180293504e-06,1.0625,0.0,2.0,easy|hard|medium
test,0,10,87,32,0.5294744319980964,46.105953676000354,1398.5338183010026,9.655400936026126e-05,1.0,1.0,1.0,1.0,1.4926624737945494e-06,1.25,0.0,2.0,hard|medium|easy
test,0,10,88,32,0.5286370590038132,46.63519705100043,1399.0630617040006,0.00010019901674240828,1.0,1.0,1.0,1.0,1.4842767295597485e-06,0.9375,0.0,2.0,easy|medium|hard
test,0,10,89,32,0.5278902599966386,47.163618953003606,1399.5914837980017,9.769284224603325e-05,1.0,1.0,1.0,1.0,1.4758909853249478e-06,1.0625,0.0,2.0,medium|hard|easy
test,0,10,90,32,0.5283792699992773,47.69259701700503,1400.1204617750045,8.761836215853691e-05,1.0,1.0,1.0,1.0,1.467505241090147e-06,0.875,0.0,2.0,easy|medium|hard
test,0,10,91,32,0.5291159180051181,48.22226748600224,1400.6501322210024,9.853167284745723e-05,1.0,1.0,1.0,1.0,1.459119496855346e-06,1.0625,0.0,2.0,easy|medium|hard
test,0,10,92,32,0.527992806994007,48.750818297005026,1401.1786829420016,9.509763913229108e-05,1.0,1.0,1.0,1.0,1.450733752620545e-06,1.21875,0.0,2.0,medium|hard|easy
test,0,10,93,32,0.5275515110042761,49.278930386004504,1401.706795006001,0.0002485421719029546,1.0,1.0,1.0,1.0,1.4423480083857443e-06,0.8125,0.0,2.0,easy|hard|medium
test,0,10,94,32,0.5291839959973004,49.80871753600513,1402.2365822069987,0.00023915100609883666,1.0,1.0,1.0,1.0,1.4339622641509435e-06,1.3125,0.0,2.0,medium|hard|easy
test,0,10,95,32,0.5282715349967475,50.33751135700004,1402.7653759820023,9.04937696759589e-05,1.0,1.0,1.0,1.0,1.4255765199161426e-06,0.9375,0.0,2.0,easy|medium|hard
test,0,10,96,32,0.5281784850012627,50.86620770200534,1403.2940723360007,8.724603685550392e-05,1.0,1.0,1.0,1.0,1.417190775681342e-06,1.25,0.0,2.0,easy|hard|medium
test,0,10,97,32,0.5288901819949388,51.39566676800314,1403.8235313929981,0.00016833939298521727,1.0,1.0,1.0,1.0,1.408805031446541e-06,0.875,0.0,2.0,medium|hard|easy
test,0,10,98,32,0.5289018309995299,51.92517894300545,1404.3530435700013,8.755113958613947e-05,1.0,1.0,1.0,1.0,1.40041928721174e-06,0.8125,0.0,2.0,medium|easy|hard
test,0,10,99,32,0.5281549290011753,52.453856199004804,1404.8817208300025,8.574077219236642e-05,1.0,1.0,1.0,1.0,1.3920335429769393e-06,0.875,0.0,2.0,medium|hard|easy
test,0,10,100,32,0.5280145020005875,52.98244744499971,1405.410312085005,0.00010656875383574516,1.0,1.0,1.0,1.0,1.3836477987421384e-06,1.0625,0.0,2.0,hard|easy|medium
test,0,10,101,32,0.528604320003069,53.511511773001985,1405.9393764339984,8.35432147141546e-05,1.0,1.0,1.0,1.0,1.3752620545073376e-06,1.0625,0.0,2.0,easy|medium|hard
test,0,10,102,32,0.5285218799981521,54.04061171700596,1406.4684763740006,8.656048157718033e-05,1.0,1.0,1.0,1.0,1.366876310272537e-06,1.15625,0.0,2.0,medium|hard|easy
test,0,10,103,32,0.5277834910011734,54.568987159000244,1406.996851803,9.602880891179666e-05,1.0,1.0,1.0,1.0,1.358490566037736e-06,0.9375,0.0,2.0,medium|easy|hard
test,0,10,104,32,0.52910675000021,55.09870356400643,1407.5265683899997,8.661989704705775e-05,1.0,1.0,1.0,1.0,1.350104821802935e-06,1.0625,0.0,2.0,easy|medium|hard
test,0,10,105,32,0.528979316004552,55.62824486200407,1408.056109490004,8.347223047167063e-05,1.0,1.0,1.0,1.0,1.3417190775681343e-06,1.125,0.0,2.0,medium|hard|easy
test,0,10,106,32,0.528929413005244,56.15781072000391,1408.5856753550033,0.00010636090883053839,1.0,1.0,1.0,1.0,1.3333333333333334e-06,1.0625,0.0,2.0,medium|easy|hard
test,0,10,107,32,0.5273387299966998,56.685638548005954,1409.113503171,9.626361133996397e-05,1.0,1.0,1.0,1.0,1.3249475890985325e-06,0.9375,0.0,2.0,medium|hard|easy
test,0,10,108,32,0.52919283999654,57.215390781006136,1409.643255396004,0.00015425356104969978,1.0,1.0,1.0,1.0,1.3165618448637319e-06,0.90625,0.0,2.0,hard|medium|easy
test,0,10,109,32,0.528388423997967,57.74433385600423,1410.172198584005,9.496249549556524e-05,1.0,1.0,1.0,1.0,1.308176100628931e-06,1.1875,0.0,2.0,hard|medium|easy
test,0,10,110,32,0.5278862359991763,58.27268523200473,1410.700549920999,0.05788639187812805,0.9736842105263157,0.96875,0.9642857142857143,0.967967967967968,1.29979035639413e-06,0.9375,0.0,2.0,easy|medium|hard
test,0,10,111,32,0.5295223180000903,58.80278240700136,1411.2306473740027,8.394505130127072e-05,1.0,1.0,1.0,1.0,1.2914046121593293e-06,1.0625,0.0,2.0,easy|medium|hard
test,0,10,112,32,0.5286001759959618,59.33191187000193,1411.7597764930033,8.300285844597965e-05,1.0,1.0,1.0,1.0,1.2830188679245284e-06,0.9375,0.0,2.0,hard|easy|medium
test,0,10,113,32,0.5280262019950897,59.86043693800457,1412.2883015620027,9.465825860388577e-05,1.0,1.0,1.0,1.0,1.2746331236897275e-06,1.15625,0.0,2.0,medium|easy|hard
test,0,10,114,32,0.5285416219994659,60.389568348000466,1412.8174329870017,8.744313527131453e-05,1.0,1.0,1.0,1.0,1.2662473794549269e-06,0.65625,0.0,2.0,easy|medium|hard
test,0,10,115,32,0.5291856499970891,60.91919763600163,1413.3470622599998,9.042590681929141e-05,1.0,1.0,1.0,1.0,1.257861635220126e-06,1.0,0.0,2.0,easy|medium|hard
test,0,10,116,32,0.5276975259985193,61.44751586300117,1413.8753804959997,8.845982665661722e-05,1.0,1.0,1.0,1.0,1.2494758909853251e-06,0.84375,0.0,2.0,easy|medium|hard
test,0,10,117,32,0.5281069990014657,61.97613965799974,1414.4040042929992,0.00010151952301384881,1.0,1.0,1.0,1.0,1.2410901467505242e-06,1.15625,0.0,2.0,hard|medium|easy
test,0,10,118,32,0.5288665359985316,62.50553014199977,1414.933394767002,0.07653485983610153,0.975,0.96875,0.9615384615384616,0.9671794871794872,1.2327044025157234e-06,0.9375,0.0,2.0,easy|medium|hard
test,0,10,119,32,0.5284044529980747,63.03445321400068,1415.4623178430047,8.280195470433682e-05,1.0,1.0,1.0,1.0,1.2243186582809225e-06,1.03125,0.0,2.0,easy|hard|medium
test,0,10,120,32,0.5283085150003899,63.56338769800641,1415.9912523270032,0.0001567652216181159,1.0,1.0,1.0,1.0,1.2159329140461216e-06,1.03125,0.0,2.0,easy|medium|hard
test,0,10,121,32,0.5295280579957762,64.09343199100113,1416.5212966780018,0.0001654303923714906,1.0,1.0,1.0,1.0,1.207547169811321e-06,0.96875,0.0,2.0,medium|easy|hard
test,0,10,122,32,0.5291708239965374,64.62324802900548,1417.0511126690035,0.0001704113237792626,1.0,1.0,1.0,1.0,1.19916142557652e-06,0.90625,0.0,2.0,easy|hard|medium
test,0,10,123,32,0.5282992930006003,65.15204982900468,1417.5799145670026,0.00010534851753618568,1.0,1.0,1.0,1.0,1.1907756813417192e-06,0.84375,0.0,2.0,hard|easy|medium
test,0,10,124,32,0.5284007849986665,65.68107687800511,1418.1089417180046,0.0004625622823368758,1.0,1.0,1.0,1.0,1.1823899371069183e-06,0.9375,0.0,2.0,medium|hard|easy
test,0,10,125,32,0.5286045239990926,66.21027171400056,1418.6381363740002,0.00010327988275093958,1.0,1.0,1.0,1.0,1.1740041928721175e-06,0.84375,0.0,2.0,hard|easy|medium
test,0,10,126,32,0.5286434609952266,66.73953875600273,1419.167403389998,0.0004272946098353714,1.0,1.0,1.0,1.0,1.1656184486373166e-06,1.125,0.0,2.0,medium|easy|hard
test,0,10,127,32,0.5272501009967527,67.26737432200025,1419.6952389590006,0.00015870691277086735,1.0,1.0,1.0,1.0,1.157232704402516e-06,1.15625,0.0,2.0,medium|hard|easy
test,0,10,128,32,0.5295248359980178,67.79741226800252,1420.2252769340048,8.394549513468519e-05,1.0,1.0,1.0,1.0,1.148846960167715e-06,0.9375,0.0,2.0,easy|hard|medium
test,0,10,129,32,0.527951841999311,68.32597120800347,1420.753835839998,9.870635403785855e-05,1.0,1.0,1.0,1.0,1.1404612159329142e-06,1.0625,0.0,2.0,hard|medium|easy
test,0,10,130,32,0.5283097349965828,68.85488609700406,1421.2827507440015,9.073947148863226e-05,1.0,1.0,1.0,1.0,1.1320754716981133e-06,0.90625,0.0,2.0,medium|easy|hard
test,0,10,131,32,0.5268489309964934,69.38235219300259,1421.8102168219993,0.00011422343959566206,1.0,1.0,1.0,1.0,1.1236897274633125e-06,0.84375,0.0,2.0,easy|hard|medium
test,0,10,132,32,0.529231484993943,69.9121466170036,1422.3400112700037,0.00011554476077435538,1.0,1.0,1.0,1.0,1.1153039832285116e-06,1.09375,0.0,2.0,hard|medium|easy
test,0,10,133,32,0.5290999479984748,70.44187245400099,1422.8697370869995,8.826285193208605e-05,1.0,1.0,1.0,1.0,1.106918238993711e-06,1.21875,0.0,2.0,medium|hard|easy
test,0,10,134,32,0.5277716119962861,70.97025876600674,1423.3981234520033,9.378646791446954e-05,1.0,1.0,1.0,1.0,1.0985324947589098e-06,1.21875,0.0,2.0,easy|hard|medium
test,0,10,135,32,0.5289090229998692,71.49972009900375,1423.9275847680037,7.993009785423055e-05,1.0,1.0,1.0,1.0,1.0901467505241092e-06,0.96875,0.0,2.0,easy|medium|hard
test,0,10,136,32,0.528723326002364,72.0289899039999,1424.4568546040027,0.011716486886143684,1.0,1.0,1.0,1.0,1.0817610062893083e-06,1.03125,0.0,2.0,hard|medium|easy
test,0,10,137,32,0.5288156460010214,72.55839105300402,1424.9862556860026,0.000681696052197367,1.0,1.0,1.0,1.0,1.0733752620545074e-06,0.90625,0.0,2.0,hard|medium|easy
test,0,10,138,32,0.5291626010002801,73.08815502000652,1425.5160196540019,9.208015399053693e-05,1.0,1.0,1.0,1.0,1.0649895178197066e-06,0.9375,0.0,2.0,easy|medium|hard
test,0,10,139,32,0.5290127000043867,73.61776493800426,1426.0456295660042,9.804530418477952e-05,1.0,1.0,1.0,1.0,1.0566037735849057e-06,1.25,0.0,2.0,medium|easy|hard
test,0,10,140,32,0.5282487049989868,74.14654324500589,1426.5744078720018,9.984659845940769e-05,1.0,1.0,1.0,1.0,1.0482180293501048e-06,0.84375,0.0,2.0,hard|medium|easy
test,0,10,141,32,0.5277526170029887,74.6748720750038,1427.1027366999988,0.00014368580013979226,1.0,1.0,1.0,1.0,1.0398322851153042e-06,1.0625,0.0,2.0,medium|easy|hard
test,0,10,142,32,0.5285993970028358,75.20405050000409,1427.6319151360003,9.383507131133229e-05,1.0,1.0,1.0,1.0,1.0314465408805033e-06,1.15625,0.0,2.0,medium|easy|hard
test,0,10,143,32,0.5290878819942009,75.7337203040006,1428.1615849880036,0.0011909565655514598,1.0,1.0,1.0,1.0,1.0230607966457024e-06,0.96875,0.0,2.0,medium|easy|hard
test,0,10,144,32,0.5276262840052368,76.26192500800244,1428.689789725002,9.251249139197171e-05,1.0,1.0,1.0,1.0,1.0146750524109015e-06,1.0,0.0,2.0,hard|easy|medium
test,0,10,145,32,0.5290534370069508,76.79158383600588,1429.2194484490028,0.0001463919470552355,1.0,1.0,1.0,1.0,1.0062893081761007e-06,0.78125,0.0,2.0,hard|easy|medium
test,0,10,146,32,0.5281690250048996,77.32025336000515,1429.748117989002,8.331237768288702e-05,1.0,1.0,1.0,1.0,9.979035639412998e-07,0.8125,0.0,2.0,hard|medium|easy
test,0,10,147,32,0.5285659329965711,77.84936577299959,1430.2772304160026,0.00013043987564742565,1.0,1.0,1.0,1.0,9.895178197064991e-07,0.84375,0.0,2.0,easy|medium|hard
test,0,10,148,32,0.5278320480065304,78.3777956260019,1430.80566025,9.071735985344276e-05,1.0,1.0,1.0,1.0,9.811320754716983e-07,1.0,0.0,2.0,hard|medium|easy
test,0,10,149,32,0.5288448560022516,78.90713611300453,1431.3350007420013,0.00024746498093008995,1.0,1.0,1.0,1.0,9.727463312368974e-07,0.84375,0.0,2.0,hard|easy|medium
test,0,10,150,32,0.5284950929999468,79.43624665400421,1431.8641112760015,0.00010449108958709985,1.0,1.0,1.0,1.0,9.643605870020965e-07,0.96875,0.0,2.0,hard|easy|medium
test,0,10,151,32,0.5273241800023243,79.96412445200258,1432.3919890920006,9.658333146944642e-05,1.0,1.0,1.0,1.0,9.559748427672956e-07,0.90625,0.0,2.0,easy|hard|medium
test,0,10,152,32,0.5290266369993333,80.4937315490024,1432.9215961869995,8.752497524255887e-05,1.0,1.0,1.0,1.0,9.475890985324948e-07,0.8125,0.0,2.0,easy|hard|medium
test,0,10,153,32,0.5283404989968403,81.02258643700043,1433.4504510750048,8.776705362834036e-05,1.0,1.0,1.0,1.0,9.39203354297694e-07,0.65625,0.0,2.0,medium|easy|hard
test,0,10,154,32,0.5280604169965954,81.55126779900456,1433.9791324390026,0.00016035008593462408,1.0,1.0,1.0,1.0,9.308176100628931e-07,1.125,0.0,2.0,medium|hard|easy
test,0,10,155,32,0.5272931409999728,82.07907013600197,1434.506934764002,0.18210147321224213,0.9545454545454546,0.96875,0.9772727272727273,0.964562569213732,9.224318658280923e-07,1.09375,0.0,2.0,medium|hard|easy
test,0,10,156,32,0.5284951979992911,82.60819216600066,1435.036056789002,0.021290048956871033,1.0,1.0,1.0,1.0,9.140461215932915e-07,1.03125,0.0,2.0,easy|medium|hard
test,0,10,157,32,0.528303696999501,83.13704203300586,1435.5649066780024,0.00012310879537835717,1.0,1.0,1.0,1.0,9.056603773584906e-07,0.8125,0.0,2.0,hard|medium|easy
test,0,10,158,32,0.5278248519971385,83.66545889000554,1436.093323551002,9.057896386366338e-05,1.0,1.0,1.0,1.0,8.972746331236897e-07,0.84375,0.0,2.0,medium|hard|easy
test,0,10,159,32,0.5298608310040436,84.19587024900102,1436.623734863002,9.72918642219156e-05,1.0,1.0,1.0,1.0,8.88888888888889e-07,1.0625,0.0,2.0,medium|easy|hard
test,0,10,160,32,0.5287299780029571,84.72517643300671,1437.1530410760024,9.285498526878655e-05,1.0,1.0,1.0,1.0,8.805031446540881e-07,0.90625,0.0,2.0,easy|hard|medium
test,0,10,161,32,0.5286663549995865,85.25441717400099,1437.682281993999,0.00017255976854357868,1.0,1.0,1.0,1.0,8.721174004192872e-07,0.9375,0.0,2.0,medium|easy|hard
test,0,10,162,32,0.5295365979982307,85.78452735800238,1438.212391991001,8.929814794100821e-05,1.0,1.0,1.0,1.0,8.637316561844865e-07,0.75,0.0,2.0,medium|easy|hard
test,0,10,163,32,0.5295286649998161,86.31459843900666,1438.7424632350012,8.302547212224454e-05,1.0,1.0,1.0,1.0,8.553459119496856e-07,0.84375,0.0,2.0,easy|hard|medium
test,0,10,164,32,0.528253707998374,86.84347656800674,1439.2713412090015,8.106231689453125e-05,1.0,1.0,1.0,1.0,8.469601677148847e-07,0.90625,0.0,2.0,hard|easy|medium
test,0,10,165,32,0.5278489370030002,87.37187266800174,1439.7997372870013,8.537216490367427e-05,1.0,1.0,1.0,1.0,8.38574423480084e-07,0.9375,0.0,2.0,medium|hard|easy
test,0,10,166,32,0.5288788379984908,87.9011929469998,1440.3290575930005,9.775728540262207e-05,1.0,1.0,1.0,1.0,8.301886792452831e-07,0.96875,0.0,2.0,hard|medium|easy
test,0,10,167,32,0.5287903649950749,88.43056996100495,1440.8584346330026,8.550610800739378e-05,1.0,1.0,1.0,1.0,8.218029350104822e-07,0.96875,0.0,2.0,medium|easy|hard
test,0,10,168,32,0.5274527670044336,88.95860920300038,1441.386473833998,0.0001426927774446085,1.0,1.0,1.0,1.0,8.134171907756814e-07,1.125,0.0,2.0,easy|hard|medium
test,0,10,169,32,0.5291494780030916,89.48829766300332,1441.9161622780011,8.780737698543817e-05,1.0,1.0,1.0,1.0,8.050314465408806e-07,0.84375,0.0,2.0,hard|medium|easy
test,0,10,170,32,0.5284011420008028,90.01726515200426,1442.4451298040003,8.663863263791427e-05,1.0,1.0,1.0,1.0,7.966457023060797e-07,1.0,0.0,2.0,medium|easy|hard
test,0,10,171,32,0.527927153998462,90.54572823300259,1442.9735928759983,9.450552170164883e-05,1.0,1.0,1.0,1.0,7.882599580712789e-07,0.8125,0.0,2.0,easy|hard|medium
test,0,10,172,32,0.5273191539963591,91.07357252500515,1443.5014371529978,8.359165803994983e-05,1.0,1.0,1.0,1.0,7.798742138364781e-07,1.09375,0.0,2.0,hard|medium|easy
test,0,10,173,32,0.528672533997451,91.60285495400603,1444.0307196010035,9.522804612061009e-05,1.0,1.0,1.0,1.0,7.714884696016772e-07,0.96875,0.0,2.0,easy|hard|medium
test,0,10,174,32,0.5291498660008074,92.13264419600455,1444.560508831004,0.00013657032104674727,1.0,1.0,1.0,1.0,7.631027253668764e-07,0.8125,0.0,2.0,medium|easy|hard
test,0,10,175,32,0.5275903330039,92.66075986400392,1445.088624517004,0.00011843731044791639,1.0,1.0,1.0,1.0,7.547169811320755e-07,1.0625,0.0,2.0,hard|medium|easy
test,0,10,176,32,0.5291091929975664,93.19043680900359,1445.618301458002,9.969386155717075e-05,1.0,1.0,1.0,1.0,7.463312368972747e-07,1.09375,0.0,2.0,easy|medium|hard
test,0,10,177,32,0.5279587480035843,93.71898701200553,1446.146851657999,8.537912799511105e-05,1.0,1.0,1.0,1.0,7.379454926624739e-07,0.71875,0.0,2.0,easy|medium|hard
test,0,10,178,32,0.5285063759947661,94.2480930870006,1446.6759580299986,0.00010020352056017146,1.0,1.0,1.0,1.0,7.29559748427673e-07,1.09375,0.0,2.0,easy|hard|medium
test,0,10,179,32,0.5282121900017955,94.77693891700619,1447.204803558001,0.00010605123679852113,1.0,1.0,1.0,1.0,7.211740041928722e-07,0.8125,0.0,2.0,easy|medium|hard
test,0,10,180,32,0.5292563730035909,95.30680224500247,1447.7346668680038,8.747672836761922e-05,1.0,1.0,1.0,1.0,7.127882599580713e-07,1.0625,0.0,2.0,easy|medium|hard
test,0,10,181,32,0.5285365169984289,95.83593627500522,1448.2638009240036,8.048130257520825e-05,1.0,1.0,1.0,1.0,7.044025157232705e-07,1.0625,0.0,2.0,easy|medium|hard
test,0,10,182,32,0.5290188180006226,96.36553172400454,1448.7933963940013,7.756843115203083e-05,1.0,1.0,1.0,1.0,6.960167714884697e-07,1.125,0.0,2.0,medium|hard|easy
test,0,10,183,32,0.5289359210000839,96.89503178500308,1449.3228964900045,9.297810902353376e-05,1.0,1.0,1.0,1.0,6.876310272536688e-07,1.0625,0.0,2.0,medium|hard|easy
test,0,10,184,32,0.5288133619978908,97.42444142200111,1449.852306149005,0.0005838824436068535,1.0,1.0,1.0,1.0,6.79245283018868e-07,1.28125,0.0,2.0,medium|hard|easy
test,0,10,185,32,0.5280707230049302,97.95293709500402,1450.3808017300034,8.333389268955216e-05,1.0,1.0,1.0,1.0,6.708595387840671e-07,0.84375,0.0,2.0,easy|hard|medium
test,0,10,186,32,0.5291346650046762,98.482577322,1450.910441961998,8.894054190022871e-05,1.0,1.0,1.0,1.0,6.624737945492663e-07,0.96875,0.0,2.0,hard|easy|medium
test,0,10,187,32,0.5294481539967819,99.01250206000259,1451.4403666920043,0.010302823036909103,1.0,1.0,1.0,1.0,6.540880503144655e-07,1.1875,0.0,2.0,hard|easy|medium
test,0,10,188,32,0.5279792170040309,99.5410425700029,1451.9689072000037,0.00020329037215560675,1.0,1.0,1.0,1.0,6.457023060796646e-07,1.125,0.0,2.0,medium|hard|easy
test,0,10,189,32,0.5276471580000361,100.06930577500316,1452.497170472001,0.00016658418462611735,1.0,1.0,1.0,1.0,6.373165618448638e-07,1.125,0.0,2.0,hard|easy|medium
test,0,10,190,32,0.5290789020000375,100.59897118400113,1453.0268358059984,8.238107693614438e-05,1.0,1.0,1.0,1.0,6.28930817610063e-07,0.9375,0.0,2.0,hard|medium|easy
test,0,10,191,32,0.5287125339964405,101.12815009500628,1453.5560147270007,0.00012968845840077847,1.0,1.0,1.0,1.0,6.205450733752621e-07,0.75,0.0,2.0,hard|easy|medium
test,0,10,192,32,0.5275199669995345,101.65625628500129,1454.0841209150021,0.00010176403156947345,1.0,1.0,1.0,1.0,6.121593291404612e-07,0.84375,0.0,2.0,medium|hard|easy
test,0,10,193,32,0.5290690820038435,102.18585427899961,1454.6137189060028,0.00010436824959469959,1.0,1.0,1.0,1.0,6.037735849056605e-07,1.1875,0.0,2.0,hard|easy|medium
test,0,10,194,32,0.5283927400014363,102.7148292300044,1455.1426938689983,0.2846343517303467,0.9666666666666667,0.96875,0.9722222222222222,0.9684729064039409,5.953878406708596e-07,0.78125,0.0,2.0,medium|easy|hard
test,0,10,195,32,0.5282618510027532,103.24364167600288,1455.6715063060037,0.12173882126808167,0.9666666666666667,0.96875,0.9722222222222222,0.9684729064039409,5.870020964360587e-07,0.875,0.0,2.0,easy|medium|hard
test,0,10,196,32,0.5268072970065987,103.77102692000335,1456.1988915600014,0.00010030093835666776,1.0,1.0,1.0,1.0,5.78616352201258e-07,0.96875,0.0,2.0,easy|hard|medium
test,0,10,197,32,0.5287083459988935,104.30032084000413,1456.7281854870016,0.00010288623161613941,1.0,1.0,1.0,1.0,5.702306079664571e-07,1.0,0.0,2.0,hard|medium|easy
test,0,10,198,32,0.5284577459970023,104.82936199200049,1457.2572266179995,0.0001079541543731466,1.0,1.0,1.0,1.0,5.618448637316562e-07,1.03125,0.0,2.0,easy|hard|medium
test,0,10,199,32,0.5278351290035062,105.35778914300317,1457.785653783998,0.00011157282278873026,1.0,1.0,1.0,1.0,5.534591194968555e-07,1.21875,0.0,2.0,medium|easy|hard
test,0,10,200,32,0.5288887920032721,105.88725393700588,1458.3151185669994,0.18338324129581451,0.9705882352941176,0.96875,0.96875,0.9687194525904204,5.450733752620546e-07,1.1875,0.0,2.0,medium|hard|easy
test,0,10,201,32,0.5286076169941225,106.41645312600303,1458.8443177700028,0.00033300116774626076,1.0,1.0,1.0,1.0,5.366876310272537e-07,1.25,0.0,2.0,easy|medium|hard
test,0,10,202,32,0.5281269240003894,106.94506473200454,1459.372929352001,8.396801422350109e-05,1.0,1.0,1.0,1.0,5.283018867924528e-07,1.0625,0.0,2.0,easy|hard|medium
test,0,10,203,32,0.528203036999912,107.47386155099957,1459.9017261850022,0.00011841329251183197,1.0,1.0,1.0,1.0,5.199161425576521e-07,0.78125,0.0,2.0,medium|easy|hard
test,0,10,204,32,0.5288954799980274,108.00327079999988,1460.431135414001,9.49710956774652e-05,1.0,1.0,1.0,1.0,5.115303983228512e-07,1.125,0.0,2.0,medium|hard|easy
test,0,10,205,32,0.5277540349998162,108.53159645300184,1460.9594610870045,9.279870573664084e-05,1.0,1.0,1.0,1.0,5.031446540880503e-07,1.0625,0.0,2.0,hard|medium|easy
test,0,10,206,32,0.527714369003661,109.05986923200544,1461.4877338799997,8.802235242910683e-05,1.0,1.0,1.0,1.0,4.947589098532496e-07,1.03125,0.0,2.0,easy|medium|hard
test,0,10,207,32,0.5291991160047473,109.58954863600229,1462.0174134629997,8.65491820150055e-05,1.0,1.0,1.0,1.0,4.863731656184487e-07,1.25,0.0,2.0,hard|easy|medium
test,0,10,208,32,0.5284283300061361,110.11849596600223,1462.5463606070043,0.00010716103861341253,1.0,1.0,1.0,1.0,4.779874213836478e-07,1.0,0.0,2.0,medium|easy|hard
test,0,10,209,32,0.5277585389994783,110.6468065490044,1463.074671182003,7.713245577178895e-05,1.0,1.0,1.0,1.0,4.69601677148847e-07,0.9375,0.0,2.0,medium|easy|hard
test,0,10,210,32,0.528869409004983,111.17626012999972,1463.6041247469984,8.555062231607735e-05,1.0,1.0,1.0,1.0,4.6121593291404613e-07,1.0625,0.0,2.0,medium|hard|easy
test,0,10,211,32,0.5284618570003659,111.70529376299964,1464.1331583869978,9.549595415592194e-05,1.0,1.0,1.0,1.0,4.528301886792453e-07,1.0,0.0,2.0,hard|medium|easy
test,0,10,212,32,0.5279020019952441,112.23385252300068,1464.661717259005,0.00011001746315741912,1.0,1.0,1.0,1.0,4.444444444444445e-07,1.125,0.0,2.0,easy|hard|medium
test,0,10,213,32,0.5275494559973595,112.7619208400065,1465.189785483999,9.739245433593169e-05,1.0,1.0,1.0,1.0,4.360587002096436e-07,1.0,0.0,2.0,easy|medium|hard
test,0,10,214,32,0.5289100599984522,113.2914686160002,1465.7193332530005,8.563931623939425e-05,1.0,1.0,1.0,1.0,4.276729559748428e-07,1.125,0.0,2.0,hard|easy|medium
test,0,10,215,32,0.5291236210032366,113.82108096900629,1466.2489456199983,8.330497075803578e-05,1.0,1.0,1.0,1.0,4.19287211740042e-07,1.09375,0.0,2.0,hard|easy|medium
test,0,10,216,32,0.5269262860019808,114.348579548001,1466.7764441600011,0.00013196378131397069,1.0,1.0,1.0,1.0,4.109014675052411e-07,0.78125,0.0,2.0,easy|medium|hard
test,0,10,217,32,0.5287007119986811,114.87781437200465,1467.3056790190021,0.0009043468162417412,1.0,1.0,1.0,1.0,4.025157232704403e-07,0.84375,0.0,2.0,hard|easy|medium
test,0,10,218,32,0.5293261360056931,115.40777562500443,1467.8356402659992,8.147551852744073e-05,1.0,1.0,1.0,1.0,3.9412997903563947e-07,1.03125,0.0,2.0,easy|medium|hard
test,0,10,219,32,0.5280621060010162,115.93636183900526,1468.364226483005,0.00010067873517982662,1.0,1.0,1.0,1.0,3.857442348008386e-07,1.0,0.0,2.0,medium|easy|hard
test,0,10,220,32,0.5276722850030637,116.46449054800178,1468.8923552179986,8.586011972511187e-05,1.0,1.0,1.0,1.0,3.773584905660378e-07,0.65625,0.0,2.0,medium|easy|hard
test,0,10,221,32,0.5288698340009432,116.99398453100002,1469.421849159,0.0001054835447575897,1.0,1.0,1.0,1.0,3.6897274633123696e-07,0.65625,0.0,2.0,easy|medium|hard
test,0,10,222,32,0.5281293059961172,117.52274766100163,1469.9506122910025,9.94108195300214e-05,1.0,1.0,1.0,1.0,3.605870020964361e-07,0.75,0.0,2.0,easy|medium|hard
test,0,10,223,32,0.5269147569997585,118.05017412199959,1470.4780387690043,8.521168638253585e-05,1.0,1.0,1.0,1.0,3.5220125786163526e-07,0.90625,0.0,2.0,hard|easy|medium
test,0,10,224,32,0.5292939259961713,118.58007363900106,1471.0079382730037,0.10523173213005066,0.96875,0.96875,0.9705882352941176,0.9687194525904204,3.438155136268344e-07,0.65625,0.0,2.0,hard|easy|medium
test,0,10,225,32,0.5281921419955324,119.10884316300508,1471.5367077740011,0.0007570234593003988,1.0,1.0,1.0,1.0,3.3542976939203357e-07,1.1875,0.0,2.0,hard|medium|easy
test,0,10,226,32,0.5278421160037396,119.63728635300504,1472.0651509689997,9.944725024979562e-05,1.0,1.0,1.0,1.0,3.2704402515723275e-07,1.0625,0.0,2.0,medium|easy|hard
test,0,10,227,32,0.5271731719985837,120.16499059500347,1472.5928552250043,7.943830132717267e-05,1.0,1.0,1.0,1.0,3.186582809224319e-07,1.15625,0.0,2.0,medium|hard|easy
test,0,10,228,32,0.528983320997213,120.69454052900255,1473.1224051800018,8.255238935817033e-05,1.0,1.0,1.0,1.0,3.1027253668763106e-07,1.09375,0.0,2.0,hard|easy|medium
test,0,10,229,32,0.528378247996443,121.22345360300096,1473.6513182480048,0.00011950759653700516,1.0,1.0,1.0,1.0,3.0188679245283024e-07,0.9375,0.0,2.0,hard|easy|medium
test,0,10,230,32,0.5277002150032786,121.75177126500057,1474.1796359020009,9.213642624672502e-05,1.0,1.0,1.0,1.0,2.9350104821802937e-07,1.3125,0.0,2.0,hard|medium|easy
test,0,10,231,32,0.5289887600010843,122.28120996900543,1474.7090745960013,0.0001848358369898051,1.0,1.0,1.0,1.0,2.8511530398322855e-07,0.8125,0.0,2.0,easy|hard|medium
test,0,10,232,32,0.5284401480021188,122.81027303100564,1475.2381377280035,0.00013744448369834572,1.0,1.0,1.0,1.0,2.7672955974842773e-07,0.90625,0.0,2.0,medium|hard|easy
test,0,10,233,32,0.5277922690002015,123.33861035600421,1475.7664750010008,9.917297575157136e-05,1.0,1.0,1.0,1.0,2.6834381551362686e-07,1.0625,0.0,2.0,hard|medium|easy
test,0,10,234,32,0.5272777400023188,123.866481062003,1476.2943457000001,0.0001841852645156905,1.0,1.0,1.0,1.0,2.5995807127882604e-07,0.75,0.0,2.0,easy|hard|medium
test,0,10,235,32,0.5288555529987207,124.39588429600553,1476.823748925999,0.00010083675442729145,1.0,1.0,1.0,1.0,2.5157232704402517e-07,1.09375,0.0,2.0,medium|hard|easy
test,0,10,236,32,0.5282811559955007,124.92478048000339,1477.3526453430022,8.108095062198117e-05,1.0,1.0,1.0,1.0,2.4318658280922435e-07,1.03125,0.0,2.0,medium|easy|hard
test,0,10,237,32,0.5276096430025063,125.45290649100207,1477.8807711300033,0.00010061213106382638,1.0,1.0,1.0,1.0,2.348008385744235e-07,0.84375,0.0,2.0,medium|easy|hard
test,0,10,238,32,0.5291519370002788,125.98258531800093,1478.4104499809982,8.008648728718981e-05,1.0,1.0,1.0,1.0,2.2641509433962265e-07,1.09375,0.0,2.0,hard|medium|easy
test,0,10,239,32,0.5284244400027092,126.51155303800624,1478.9394176729984,0.00011101422569481656,1.0,1.0,1.0,1.0,2.180293501048218e-07,1.15625,0.0,2.0,medium|hard|easy
test,0,10,240,32,0.5282131860003574,127.0403330360059,1479.468197660004,9.645018144510686e-05,1.0,1.0,1.0,1.0,2.09643605870021e-07,1.125,0.0,2.0,medium|easy|hard
test,0,10,241,32,0.5294186390019604,127.5702810300063,1479.998145659003,0.00011935806833207607,1.0,1.0,1.0,1.0,2.0125786163522014e-07,1.0625,0.0,2.0,medium|hard|easy
test,0,10,242,32,0.5287544840030023,128.09959807800624,1480.5274627020044,9.528385999146849e-05,1.0,1.0,1.0,1.0,1.928721174004193e-07,0.84375,0.0,2.0,easy|hard|medium
test,0,10,243,32,0.527962894004304,128.62813422900217,1481.0559991720002,9.2113739810884e-05,1.0,1.0,1.0,1.0,1.8448637316561848e-07,0.9375,0.0,2.0,hard|easy|medium
test,0,10,244,32,0.5274776200021734,129.15612570500525,1481.583990336003,0.00010647139424690977,1.0,1.0,1.0,1.0,1.7610062893081763e-07,1.0,0.0,2.0,easy|medium|hard
test,0,10,245,32,0.5286636070013628,129.68536242300615,1482.1132270480011,8.95326811587438e-05,1.0,1.0,1.0,1.0,1.6771488469601679e-07,1.125,0.0,2.0,medium|hard|easy
test,0,10,246,32,0.5286324929984403,130.21444720100408,1482.642311829004,0.00041058060014620423,1.0,1.0,1.0,1.0,1.5932914046121594e-07,1.03125,0.0,2.0,hard|easy|medium
test,0,10,247,32,0.5277922989989747,130.7427953630031,1483.1706599919999,0.00012146240624133497,1.0,1.0,1.0,1.0,1.5094339622641512e-07,0.9375,0.0,2.0,easy|medium|hard
test,0,10,248,32,0.5291634609966422,131.27252919100283,1483.700393815001,8.775597962085158e-05,1.0,1.0,1.0,1.0,1.4255765199161427e-07,1.0,0.0,2.0,medium|hard|easy
test,0,10,249,32,0.528933143003087,131.80203588100267,1484.2299005660025,0.00010354102414567024,1.0,1.0,1.0,1.0,1.3417190775681343e-07,1.125,0.0,2.0,easy|medium|hard
test,0,10,250,32,0.5280569419992389,132.33065184800216,1484.758516464004,0.045159004628658295,0.9705882352941176,0.96875,0.96875,0.9687194525904204,1.2578616352201258e-07,1.03125,0.0,2.0,easy|medium|hard
test,0,10,251,32,0.527976467004919,132.85919919200387,1485.287063927004,8.461215475108474e-05,1.0,1.0,1.0,1.0,1.1740041928721175e-07,1.3125,0.0,2.0,medium|hard|easy
test,0,10,252,32,0.5289329469960649,133.38875884700246,1485.816623491999,9.424780728295445e-05,1.0,1.0,1.0,1.0,1.090146750524109e-07,1.03125,0.0,2.0,easy|hard|medium
test,0,10,253,32,0.5286157449954771,133.91787604500132,1486.3457406680027,9.666958067100495e-05,1.0,1.0,1.0,1.0,1.0062893081761007e-07,0.90625,0.0,2.0,easy|hard|medium
test,0,10,254,32,0.5269566280039726,134.44529512500594,1486.8731597459991,8.103257277980447e-05,1.0,1.0,1.0,1.0,9.224318658280924e-08,1.0,0.0,2.0,easy|hard|medium
test,0,10,255,32,0.5294980589969782,134.97537605300022,1487.403240753003,9.223296365235001e-05,1.0,1.0,1.0,1.0,8.385744234800839e-08,0.875,0.0,2.0,hard|easy|medium
test,0,10,256,32,0.5280225219976273,135.5038606330054,1487.9317252690016,9.33360934141092e-05,1.0,1.0,1.0,1.0,7.547169811320756e-08,1.375,0.0,2.0,hard|medium|easy
test,0,10,257,32,0.52805016500497,136.03252062300453,1488.4603852920045,9.840767597779632e-05,1.0,1.0,1.0,1.0,6.708595387840671e-08,0.84375,0.0,2.0,easy|medium|hard
test,0,10,258,32,0.527643472996715,136.56063187499967,1488.9884965450037,0.00016516736650373787,1.0,1.0,1.0,1.0,5.8700209643605875e-08,0.875,0.0,2.0,easy|hard|medium
test,0,10,259,32,0.5285564579971833,137.08976115500263,1489.5176257850035,9.005038737086579e-05,1.0,1.0,1.0,1.0,5.0314465408805036e-08,1.03125,0.0,2.0,hard|medium|easy
test,0,10,260,32,0.5281062860012753,137.61845529100538,1490.0463199430014,7.46293444535695e-05,1.0,1.0,1.0,1.0,4.1928721174004196e-08,1.15625,0.0,2.0,easy|medium|hard
test,0,10,261,32,0.5276365309982793,138.14694168999995,1490.5748063280043,9.77852032519877e-05,1.0,1.0,1.0,1.0,3.354297693920336e-08,0.90625,0.0,2.0,hard|medium|easy
test,0,10,262,32,0.5288307499940856,138.6762764590021,1491.1041410800026,8.131560025503859e-05,1.0,1.0,1.0,1.0,2.5157232704402518e-08,0.9375,0.0,2.0,easy|medium|hard
test,0,10,263,32,0.5282161499999347,139.2049804060007,1491.6328450389992,0.00010165759158553556,1.0,1.0,1.0,1.0,1.677148846960168e-08,1.21875,0.0,2.0,hard|easy|medium
test,0,10,264,32,0.527644178000628,139.73314083800506,1492.161005810005,9.060157026397064e-05,1.0,1.0,1.0,1.0,8.38574423480084e-09,1.03125,0.0,2.0,easy|hard|medium
test,0,10,265,6,0.1586950870041619,139.89231287500297,1492.3201776130009,0.00011079748946940526,1.0,1.0,1.0,1.0,0.0,1.6666667461395264,0.0,2.0,hard|easy
