split,fold,epoch,batch,batch_size,batch_time_seconds,epoch_accumulated_time_seconds,total_accumulated_time_seconds,loss,precision,accuracy,recall,f1,learning_rate,difficulty_mean,difficulty_min,difficulty_max,difficulty_labels
test,0,1,1,32,0.7741920060070697,0.8344021689845249,0.8349971410061698,0.702530026435852,0.5166666666666666,0.53125,0.503921568627451,0.3992490613266583,3.125e-07,0.9375,0.0,2.0,medium|hard|easy
test,0,1,2,32,0.5260111079842318,1.3821111950092018,1.3827061250049155,0.7126483917236328,0.4666666666666667,0.4375,0.4920634920634921,0.34545454545454546,6.25e-07,0.8125,0.0,2.0,medium|easy|hard
test,0,1,3,32,0.5289875739836134,1.9116939970117528,1.912288947001798,0.6575221419334412,0.2903225806451613,0.5625,0.47368421052631576,0.36,9.375000000000001e-07,1.03125,0.0,2.0,easy|hard|medium
test,0,1,4,32,0.5293198479921557,2.441608499007998,2.442203437007265,0.6736690998077393,0.26666666666666666,0.5,0.4444444444444444,0.3333333333333333,1.25e-06,1.0625,0.0,2.0,medium|hard|easy
test,0,1,5,32,0.5288309880124871,2.9710532070021145,2.9716481720097363,0.6530967950820923,0.328125,0.65625,0.5,0.39622641509433965,1.5625e-06,0.96875,0.0,2.0,easy|medium|hard
test,0,1,6,32,0.5285786789900158,3.5002148780040443,3.500809802004369,0.6778207421302795,0.265625,0.53125,0.5,0.3469387755102041,1.8750000000000003e-06,0.9375,0.0,2.0,hard|easy|medium
test,0,1,7,32,0.5291096279979683,4.0299778140033595,4.030572810996091,0.7295764684677124,0.4666666666666667,0.4375,0.4920634920634921,0.34545454545454546,2.1875000000000002e-06,1.03125,0.0,2.0,hard|medium|easy
test,0,1,8,32,0.5291094729909673,4.559684212988941,4.560279150988208,0.7062830924987793,0.6935483870967742,0.40625,0.525,0.3266888150609081,2.5e-06,0.90625,0.0,2.0,medium|hard|easy
test,0,1,9,32,0.5277298789878841,5.08802015701076,5.088615043001482,0.7247519493103027,0.1935483870967742,0.375,0.46153846153846156,0.2727272727272727,2.8125e-06,1.0625,0.0,2.0,hard|medium|easy
test,0,1,10,32,0.5303554440033622,5.618946608010447,5.619541505991947,0.7344496250152588,0.41666666666666663,0.34375,0.4783549783549783,0.2873806998939554,3.125e-06,1.03125,0.0,2.0,hard|medium|easy
test,0,1,11,32,0.5286947819986381,6.148183090001112,6.148777989001246,0.7060465216636658,0.24193548387096775,0.46875,0.46875,0.3191489361702128,3.4375e-06,1.09375,0.0,2.0,medium|hard|easy
test,0,1,12,32,0.5286377939919475,6.6773480889969505,6.677942968002753,0.7097394466400146,0.28125,0.5625,0.5,0.36,3.7500000000000005e-06,0.71875,0.0,2.0,medium|easy|hard
test,0,1,13,32,0.5291930649837013,7.207094773999415,7.207689672010019,0.6703189015388489,0.6964285714285714,0.65625,0.5890688259109311,0.5594493116395495,4.0625000000000005e-06,0.9375,0.0,2.0,easy|medium|hard
test,0,1,14,32,0.5314435939944815,7.739088764996268,7.739683703985065,0.6935989856719971,0.4777777777777778,0.53125,0.48809523809523814,0.43859649122807015,4.3750000000000005e-06,0.78125,0.0,2.0,medium|easy|hard
test,0,1,15,32,0.5306870619824622,8.270236656011548,8.270831534988247,0.6881224513053894,0.4770114942528736,0.59375,0.4916666666666667,0.4340136054421769,4.6875000000000004e-06,0.90625,0.0,2.0,easy|medium|hard
test,0,1,16,32,0.5302189190115314,8.800923372007674,8.801518255000701,0.7168524861335754,0.5574712643678161,0.46875,0.5198412698412699,0.39756367663344405,5e-06,1.0,0.0,2.0,hard|easy|medium
test,0,1,17,32,0.5316586379776709,9.333016411983408,9.333611307985848,0.6928108334541321,0.75,0.53125,0.5588235294117647,0.43859649122807015,5.3125e-06,1.15625,0.0,2.0,easy|medium|hard
test,0,1,18,32,0.5316405179910362,9.86522978800349,9.8658246609848,0.7156193256378174,0.234375,0.46875,0.5,0.3191489361702128,5.625e-06,1.125,0.0,2.0,hard|easy|medium
test,0,1,19,32,0.5305495469947346,10.396310192008968,10.396905150992097,0.6882807016372681,0.4107142857142857,0.53125,0.4595141700404858,0.3992490613266583,5.9375e-06,0.90625,0.0,2.0,hard|medium|easy
test,0,1,20,32,0.5311562930000946,10.927993041987065,10.928587920003338,0.7216705083847046,0.5057471264367817,0.375,0.5021645021645021,0.3333333333333333,6.25e-06,1.0,0.0,2.0,medium|easy|hard
test,0,1,21,32,0.530999619018985,11.459465125983115,11.460060025012353,0.7344635725021362,0.3666666666666667,0.34375,0.425,0.3107692307692308,6.5625e-06,0.75,0.0,2.0,medium|easy|hard
test,0,1,22,32,0.5303022500011139,11.990351512999041,11.990946409991011,0.6860707402229309,0.7833333333333333,0.59375,0.5666666666666667,0.4793491864831039,6.875e-06,1.125,0.0,2.0,hard|medium|easy
test,0,1,23,32,0.53227969200816,12.523270339006558,12.523865221999586,0.6827530860900879,0.6041666666666667,0.59375,0.5784313725490196,0.5588547189819725,7.1875e-06,0.9375,0.0,2.0,easy|medium|hard
test,0,1,24,32,0.531330755999079,13.055176695983391,13.055771587998606,0.6786744594573975,0.7857142857142857,0.625,0.625,0.5636363636363637,7.500000000000001e-06,1.15625,0.0,2.0,hard|easy|medium
test,0,1,25,32,0.5302419420040678,13.585952685010852,13.586547796003288,0.6986051797866821,0.6935483870967742,0.40625,0.525,0.3266888150609081,7.8125e-06,0.9375,0.0,2.0,medium|easy|hard
test,0,1,26,32,0.5321982990135439,14.11866540799383,14.119260306993965,0.6819184422492981,0.5747126436781609,0.5,0.5254901960784314,0.4181818181818182,8.125000000000001e-06,1.0625,0.0,2.0,hard|easy|medium
test,0,1,27,32,0.5312266680120956,14.650318567990325,14.65091346000554,0.6994245052337646,0.25,0.46875,0.4411764705882353,0.3191489361702128,8.4375e-06,0.84375,0.0,2.0,easy|hard|medium
test,0,1,28,32,0.5314225819893181,15.182273010985227,15.182867911003996,0.6717737317085266,0.5333333333333333,0.5625,0.5079365079365079,0.4166666666666667,8.750000000000001e-06,0.96875,0.0,2.0,easy|medium|hard
test,0,1,29,32,0.5322579199855682,15.715072232007515,15.715667131007649,0.6978727579116821,0.5714285714285714,0.4375,0.5333333333333333,0.4,9.0625e-06,1.03125,0.0,2.0,easy|hard|medium
test,0,1,30,32,0.5313032050034963,16.24700016400311,16.247595063992776,0.6595371961593628,0.740909090909091,0.71875,0.7078431372549019,0.7046153846153846,9.375000000000001e-06,0.9375,0.0,2.0,easy|medium|hard
test,0,1,31,32,0.5312514359829947,16.77873765298864,16.779332545003854,0.6800361275672913,0.6730769230769231,0.46875,0.6304347826086957,0.464039408866995,9.6875e-06,0.71875,0.0,2.0,medium|easy|hard
test,0,1,32,32,0.532294128992362,17.311530365986982,17.31212526600575,0.6778091192245483,0.6714975845410628,0.625,0.6392156862745098,0.611336032388664,1e-05,0.71875,0.0,2.0,easy|medium|hard
test,0,1,33,32,0.5324477899994235,17.844580134988064,17.84517509699799,0.6827548742294312,0.6282051282051282,0.5,0.5833333333333333,0.4817813765182186,1.0312500000000002e-05,0.9375,0.0,2.0,easy|hard|medium
test,0,1,34,32,0.530863624997437,18.37592781300191,18.376522714999737,0.6638710498809814,0.6908212560386473,0.75,0.6908212560386473,0.6908212560386473,1.0625e-05,1.03125,0.0,2.0,hard|easy|medium
test,0,1,35,32,0.5317488590080757,18.908240791002754,18.908835681009805,0.6500799655914307,0.6948051948051948,0.65625,0.6785714285714286,0.6532019704433498,1.0937500000000002e-05,0.90625,0.0,2.0,easy|hard|medium
test,0,1,36,32,0.5323879120114725,19.44117231099517,19.441767212993,0.6678851842880249,0.791497975708502,0.78125,0.78125,0.7793103448275862,1.125e-05,1.125,0.0,2.0,hard|medium|easy
test,0,1,37,32,0.5311271109967493,19.97289783199085,19.973492725985125,0.6544144153594971,0.7529411764705882,0.75,0.7529411764705882,0.75,1.1562500000000002e-05,1.09375,0.0,2.0,easy|medium|hard
test,0,1,38,32,0.5300779690151103,20.503635058994405,20.50422995700501,0.6440093517303467,0.8333333333333333,0.8125,0.8125,0.8095238095238095,1.1875e-05,1.09375,0.0,2.0,hard|medium|easy
test,0,1,39,32,0.5319311869970988,21.03613618199597,21.036731100000907,0.6358286142349243,0.8117647058823529,0.8125,0.8117647058823529,0.8117647058823529,1.2187500000000001e-05,0.875,0.0,2.0,hard|easy|medium
test,0,1,40,32,0.5316160669899546,21.56830233099754,21.568897371005733,0.5792175531387329,0.9375,0.9375,0.9375,0.9375,1.25e-05,0.84375,0.0,2.0,medium|easy|hard
test,0,1,41,32,0.531338684988441,22.10025600998779,22.100850915012415,0.5986940860748291,0.8376623376623377,0.84375,0.825,0.8303287380699894,1.2812500000000001e-05,0.875,0.0,2.0,easy|hard|medium
test,0,1,42,32,0.5320373510185163,22.632888041000115,22.633482937002555,0.5557821393013,0.875,0.875,0.8809523809523809,0.8745098039215686,1.3125e-05,1.03125,0.0,2.0,hard|easy|medium
test,0,1,43,32,0.5315102049789857,23.165038264996838,23.165633430995513,0.47120967507362366,0.9615384615384616,0.96875,0.975,0.9671794871794872,1.3437500000000001e-05,1.15625,0.0,2.0,medium|easy|hard
test,0,1,44,32,0.5311516879883129,23.696701857988955,23.69729693798581,0.3819770812988281,0.9722222222222222,0.96875,0.9666666666666667,0.9684729064039409,1.375e-05,0.96875,0.0,2.0,easy|medium|hard
test,0,1,45,32,0.5318702590011526,24.22914129300625,24.229736181005137,0.40708011388778687,0.903921568627451,0.90625,0.9087301587301587,0.9054187192118226,1.4062500000000001e-05,0.75,0.0,2.0,hard|easy|medium
test,0,1,46,32,0.5321570700034499,24.76190563599812,24.76250053299009,0.28044643998146057,0.9722222222222222,0.96875,0.9666666666666667,0.9684729064039409,1.4375e-05,1.25,0.0,2.0,hard|medium|easy
test,0,1,47,32,0.5313077720056754,25.29380403299001,25.29439892299706,0.23822426795959473,0.975,0.96875,0.9615384615384616,0.9671794871794872,1.4687500000000001e-05,0.90625,0.0,2.0,hard|medium|easy
test,0,1,48,32,0.532598053017864,25.82693258000654,25.82752759801224,0.2016453891992569,0.975,0.96875,0.9615384615384616,0.9671794871794872,1.5000000000000002e-05,0.96875,0.0,2.0,hard|easy|medium
test,0,1,49,32,0.5324643579951953,26.360015590995317,26.36061058699852,0.322286993265152,0.9210526315789473,0.90625,0.90625,0.9054187192118226,1.5312500000000003e-05,1.15625,0.0,2.0,medium|easy|hard
test,0,1,50,32,0.5310816389974207,26.891686793009285,26.89228177498444,0.1842450499534607,0.9444444444444444,0.9375,0.9375,0.9372549019607843,1.5625e-05,0.875,0.0,2.0,medium|easy|hard
test,0,1,51,32,0.5319379210122861,27.42420410300838,27.424799042986706,0.1740531474351883,0.9365079365079365,0.9375,0.9365079365079365,0.9365079365079365,1.59375e-05,1.3125,0.0,2.0,easy|hard|medium
test,0,1,52,32,0.5321730729774572,27.956941851007286,27.957536748988787,0.316166490316391,0.875,0.875,0.9,0.873015873015873,1.6250000000000002e-05,1.15625,0.0,2.0,medium|easy|hard
test,0,1,53,32,0.5311479640076868,28.488606089988025,28.48920103200362,0.07504911720752716,0.9642857142857143,0.96875,0.9736842105263157,0.967967967967968,1.6562500000000003e-05,1.03125,0.0,2.0,easy|medium|hard
test,0,1,54,32,0.5322889389935881,29.02149072600878,29.022085601987783,0.13203178346157074,0.9722222222222222,0.96875,0.9666666666666667,0.9684729064039409,1.6875e-05,0.96875,0.0,2.0,hard|medium|easy
test,0,1,55,32,0.5317982700071298,29.553769222984556,29.55436412699055,0.13863027095794678,0.9615384615384616,0.96875,0.975,0.9671794871794872,1.71875e-05,1.15625,0.0,2.0,hard|medium|easy
test,0,1,56,32,0.5313529790146276,30.085706282989122,30.08630120800808,0.33848556876182556,0.9210526315789473,0.90625,0.90625,0.9054187192118226,1.7500000000000002e-05,0.96875,0.0,2.0,medium|hard|easy
test,0,1,57,32,0.5324630840041209,30.618671795004047,30.619266672001686,0.22495059669017792,0.9365079365079365,0.9375,0.9365079365079365,0.9365079365079365,1.7812500000000003e-05,0.75,0.0,2.0,easy|hard|medium
test,0,1,58,32,0.5312981750175823,31.150483998993877,31.151078889000928,0.17453227937221527,0.9089068825910931,0.90625,0.9007936507936507,0.9039039039039038,1.8125e-05,0.71875,0.0,2.0,medium|easy|hard
test,0,1,59,32,0.5307553659949917,31.681750134011963,31.682345167006133,0.20360232889652252,0.9444444444444444,0.9375,0.9375,0.9372549019607843,1.84375e-05,1.09375,0.0,2.0,easy|medium|hard
test,0,1,60,32,0.5331297150114551,32.21551614700002,32.21611135598505,0.44977158308029175,0.8611111111111112,0.84375,0.868421052631579,0.8435972629521017,1.8750000000000002e-05,0.84375,0.0,2.0,easy|hard|medium
test,0,1,61,32,0.5313894600258209,32.747356628009584,32.74795157799963,0.09895957261323929,0.9722222222222222,0.96875,0.9666666666666667,0.9684729064039409,1.9062500000000003e-05,0.875,0.0,2.0,medium|hard|easy
test,0,1,62,32,0.5310687320015859,33.278867499000626,33.27946243699989,0.31082063913345337,0.8745098039215686,0.875,0.8745098039215686,0.8745098039215686,1.9375e-05,1.0,0.0,2.0,easy|medium|hard
test,0,1,63,32,0.5326710640219972,33.81199145698338,33.81258640499436,0.031743209809064865,1.0,1.0,1.0,1.0,1.96875e-05,0.90625,0.0,2.0,easy|hard|medium
test,0,1,64,4,0.12825945200165734,33.94069935500738,33.94129430199973,0.5213549137115479,0.75,0.75,0.8333333333333333,0.7333333333333334,2e-05,1.25,1.0,2.0,medium|hard
test,0,2,1,32,0.5341503379750066,0.6162217039964162,37.17339112600894,0.2933356761932373,0.9083333333333333,0.90625,0.8967611336032388,0.9015384615384616,1.996527777777778e-05,1.125,0.0,2.0,hard|easy|medium
test,0,2,2,32,0.5328743119898718,1.149847669992596,37.707013539009495,0.29222849011421204,0.9285714285714286,0.90625,0.8928571428571428,0.9015384615384616,1.9930555555555556e-05,1.09375,0.0,2.0,hard|medium|easy
test,0,2,3,32,0.5318504800088704,1.6822311829891987,38.23939703698852,0.43309372663497925,0.8253968253968254,0.8125,0.8253968253968254,0.8125,1.9895833333333334e-05,1.0,0.0,2.0,easy|medium|hard
test,0,2,4,32,0.531923704984365,2.2146367359964643,38.771802645991556,0.1376444697380066,0.9333333333333333,0.9375,0.9473684210526316,0.9365079365079365,1.9861111111111114e-05,1.03125,0.0,2.0,hard|medium|easy
test,0,2,5,32,0.5326717590214685,2.747875558998203,39.30504179300624,0.2633507251739502,0.9230769230769231,0.9375,0.9523809523809523,0.9333333333333333,1.982638888888889e-05,1.03125,0.0,2.0,medium|easy|hard
test,0,2,6,32,0.5324445010046475,3.2808814899763092,39.83804735800368,0.18039683997631073,0.9722222222222222,0.96875,0.9666666666666667,0.9684729064039409,1.979166666666667e-05,0.84375,0.0,2.0,hard|easy|medium
test,0,2,7,32,0.5316636599891353,3.8129661499988288,40.370132081006886,0.0844087302684784,1.0,1.0,1.0,1.0,1.9756944444444446e-05,0.78125,0.0,2.0,medium|easy|hard
test,0,2,8,32,0.5330478140094783,4.34656986099435,40.90373575099511,0.09509792923927307,0.9583333333333333,0.96875,0.9761904761904762,0.9660657476139979,1.9722222222222224e-05,1.0,0.0,2.0,medium|easy|hard
test,0,2,9,32,0.5330163369944785,4.880149384000106,41.43731524300529,0.08623281121253967,0.9666666666666667,0.96875,0.9722222222222222,0.9684729064039409,1.96875e-05,1.0,0.0,2.0,easy|medium|hard
test,0,2,10,32,0.5318204910145141,5.412554734997684,41.96972060200642,0.02399274706840515,1.0,1.0,1.0,1.0,1.9652777777777778e-05,0.96875,0.0,2.0,hard|medium|easy
test,0,2,11,32,0.5327399490051903,5.94587535597384,42.5030412269989,0.022618252784013748,1.0,1.0,1.0,1.0,1.961805555555556e-05,0.96875,0.0,2.0,medium|easy|hard
test,0,2,12,32,0.5336712489952333,6.480047606979497,43.0372134729987,0.01212795078754425,1.0,1.0,1.0,1.0,1.9583333333333333e-05,1.125,0.0,2.0,medium|hard|easy
test,0,2,13,32,0.5318750139849726,7.012375654972857,43.56954157500877,0.1460191011428833,0.9666666666666667,0.96875,0.9722222222222222,0.9684729064039409,1.9548611111111113e-05,0.65625,0.0,2.0,hard|easy|medium
test,0,2,14,32,0.5329004439990968,7.545883831975516,44.10304974298924,0.00841606967151165,1.0,1.0,1.0,1.0,1.951388888888889e-05,1.09375,0.0,2.0,easy|medium|hard
test,0,2,15,32,0.5324676400050521,8.078893130994402,44.63605904398719,0.2282172590494156,0.9365079365079365,0.9375,0.9365079365079365,0.9365079365079365,1.9479166666666668e-05,0.65625,0.0,2.0,easy|medium|hard
test,0,2,16,32,0.5318936149997171,8.611378467991017,45.16854434501147,0.38024818897247314,0.9087301587301587,0.90625,0.903921568627451,0.9054187192118226,1.9444444444444445e-05,1.0625,0.0,2.0,easy|hard|medium
test,0,2,17,32,0.5334259060036857,9.145389581972267,45.70255550398724,0.1577947586774826,0.975,0.96875,0.9615384615384616,0.9671794871794872,1.9409722222222226e-05,1.03125,0.0,2.0,hard|easy|medium
test,0,2,18,32,0.5327704290102702,9.67870915599633,46.23587529399083,0.08812082558870316,0.975,0.96875,0.9615384615384616,0.9671794871794872,1.9375e-05,0.8125,0.0,2.0,easy|medium|hard
test,0,2,19,32,0.5319966560055036,10.211221501987893,46.768387410993455,0.3147019147872925,0.9089068825910931,0.90625,0.9007936507936507,0.9039039039039038,1.9340277777777777e-05,1.15625,0.0,2.0,easy|hard|medium
test,0,2,20,32,0.5325751719938125,10.744315603980795,47.301481461006915,0.307284951210022,0.95,0.9375,0.9285714285714286,0.9352226720647774,1.9305555555555558e-05,1.09375,0.0,2.0,hard|easy|medium
test,0,2,21,32,0.5329405939846765,11.277818977978313,47.834985124995,0.16553358733654022,0.9615384615384616,0.96875,0.975,0.9671794871794872,1.9270833333333335e-05,0.78125,0.0,2.0,easy|hard|medium
test,0,2,22,32,0.5317116810183506,11.810109924001154,48.36727579700528,0.1021682471036911,0.9705882352941176,0.96875,0.96875,0.9687194525904204,1.9236111111111113e-05,1.09375,0.0,2.0,easy|hard|medium
test,0,2,23,32,0.5328589550044853,12.343463678989792,48.900629551004386,0.192577064037323,0.9444444444444444,0.9375,0.9375,0.9372549019607843,1.920138888888889e-05,1.03125,0.0,2.0,medium|hard|easy
test,0,2,24,32,0.5328809740021825,12.876907475991175,49.43407334299991,0.13368597626686096,0.98,0.96875,0.9375,0.9564625850340136,1.916666666666667e-05,1.0625,0.0,2.0,hard|easy|medium
test,0,2,25,32,0.5320507939904928,13.409515431994805,49.96668129498721,0.025453805923461914,1.0,1.0,1.0,1.0,1.9131944444444445e-05,0.875,0.0,2.0,medium|hard|easy
test,0,2,26,32,0.5326898139901459,13.942791295994539,50.49995717298589,0.16079598665237427,0.9705882352941176,0.96875,0.96875,0.9687194525904204,1.9097222222222225e-05,0.96875,0.0,2.0,hard|medium|easy
test,0,2,27,32,0.5326606709859334,14.476035648985999,51.03320151899243,0.16990919411182404,0.9761904761904762,0.96875,0.9583333333333333,0.9660657476139979,1.9062500000000003e-05,1.1875,0.0,2.0,medium|hard|easy
test,0,2,28,32,0.5313409600057639,15.00793858797988,51.56510486800107,0.27622270584106445,0.9117647058823529,0.90625,0.9166666666666667,0.906158357771261,1.902777777777778e-05,0.8125,0.0,2.0,easy|medium|hard
test,0,2,29,32,0.5332721290178597,15.541778138984228,52.09894401699421,0.2920835614204407,0.9166666666666667,0.9375,0.9166666666666667,0.9166666666666667,1.8993055555555557e-05,0.96875,0.0,2.0,hard|easy|medium
test,0,2,30,32,0.5325963369978126,16.074928363988874,52.632094216009136,0.2506824731826782,0.9372549019607843,0.9375,0.9372549019607843,0.9372549019607843,1.8958333333333334e-05,0.59375,0.0,2.0,hard|easy|medium
test,0,2,31,32,0.5321051029895898,16.60758460397483,53.16475047499989,0.05126556381583214,0.9642857142857143,0.96875,0.9736842105263157,0.967967967967968,1.8923611111111112e-05,1.03125,0.0,2.0,medium|easy|hard
test,0,2,32,32,0.5325835510157049,17.140744128992083,53.697909982991405,0.020517488941550255,1.0,1.0,1.0,1.0,1.888888888888889e-05,0.84375,0.0,2.0,easy|medium|hard
test,0,2,33,32,0.5331259600061458,17.67439140198985,54.2315572600055,0.15968048572540283,0.9666666666666667,0.96875,0.9722222222222222,0.9684729064039409,1.885416666666667e-05,1.0625,0.0,2.0,hard|medium|easy
test,0,2,34,32,0.5315957849961706,18.206473505997565,54.76363938799477,0.02333145961165428,1.0,1.0,1.0,1.0,1.8819444444444447e-05,1.09375,0.0,2.0,hard|easy|medium
test,0,2,35,32,0.5319615569896996,18.738977540982887,55.29614341200795,0.0900634154677391,0.96875,0.96875,0.9705882352941176,0.9687194525904204,1.8784722222222224e-05,1.09375,0.0,2.0,hard|easy|medium
test,0,2,36,32,0.5335228999902029,19.273073578980984,55.83023944500019,0.17336662113666534,0.9372549019607843,0.9375,0.9372549019607843,0.9372549019607843,1.8750000000000002e-05,1.15625,0.0,2.0,medium|hard|easy
test,0,2,37,32,0.5319354470120743,19.80546482600039,56.362630744988564,0.15791459381580353,0.9705882352941176,0.96875,0.96875,0.9687194525904204,1.871527777777778e-05,0.8125,0.0,2.0,easy|medium|hard
test,0,2,38,32,0.5306732680182904,20.3366457609809,56.8938116299978,0.16496844589710236,0.9545454545454546,0.9375,0.9166666666666667,0.9307359307359306,1.8680555555555556e-05,0.9375,0.0,2.0,hard|easy|medium
test,0,2,39,32,0.5328352479846217,20.869984890974592,57.42715075198794,0.05929333716630936,0.9615384615384616,0.96875,0.975,0.9671794871794872,1.8645833333333334e-05,1.15625,0.0,2.0,medium|hard|easy
test,0,2,40,32,0.5317155329976231,21.40224410398514,57.959409964998486,0.15042351186275482,0.96875,0.96875,0.9705882352941176,0.9687194525904204,1.8611111111111114e-05,1.03125,0.0,2.0,medium|hard|easy
test,0,2,41,32,0.5316592529998161,21.934343383996747,58.491509285988286,0.238226979970932,0.95,0.9375,0.9285714285714286,0.9352226720647774,1.8576388888888888e-05,0.625,0.0,2.0,easy|hard|medium
test,0,2,42,32,0.5328134110022802,22.467616511974484,59.024782413005596,0.20347456634044647,0.95,0.9375,0.9285714285714286,0.9352226720647774,1.854166666666667e-05,1.0,0.0,2.0,hard|medium|easy
test,0,2,43,32,0.5322869540250394,23.000402671983466,59.5575685389922,0.14584462344646454,0.96875,0.96875,0.9705882352941176,0.9687194525904204,1.8506944444444446e-05,0.71875,0.0,2.0,easy|medium|hard
test,0,2,44,32,0.532115926995175,23.533153036987642,60.0903189269884,0.1437709629535675,0.9375,0.9375,0.9375,0.9375,1.8472222222222224e-05,1.03125,0.0,2.0,easy|medium|hard
test,0,2,45,32,0.5332196870003827,24.067078552994644,60.62424442500924,0.3021065592765808,0.875,0.875,0.875,0.875,1.84375e-05,1.21875,0.0,2.0,medium|hard|easy
test,0,2,46,32,0.5319364950119052,24.599507608974818,61.15667366000707,0.16552558541297913,0.9545454545454546,0.9375,0.9166666666666667,0.9307359307359306,1.8402777777777778e-05,1.0,0.0,2.0,hard|easy|medium
test,0,2,47,32,0.5317639620043337,25.131805478973547,61.688971402996685,0.04725594073534012,0.9705882352941176,0.96875,0.96875,0.9687194525904204,1.836805555555556e-05,0.90625,0.0,2.0,easy|hard|medium
test,0,2,48,32,0.5330464279977605,25.66532445399207,62.22249037399888,0.023160552605986595,1.0,1.0,1.0,1.0,1.8333333333333333e-05,0.9375,0.0,2.0,hard|easy|medium
test,0,2,49,32,0.531897962995572,26.19780946598621,62.754975418996764,0.02051944099366665,1.0,1.0,1.0,1.0,1.8298611111111114e-05,0.84375,0.0,2.0,medium|easy|hard
test,0,2,50,32,0.5317530340107623,26.730086993979057,63.28725292001036,0.24791836738586426,0.9333333333333333,0.9375,0.9473684210526316,0.9365079365079365,1.826388888888889e-05,1.09375,0.0,2.0,hard|medium|easy
test,0,2,51,32,0.532403648016043,27.262946829985594,63.82012768700952,0.12275660783052444,0.9642857142857143,0.96875,0.9736842105263157,0.967967967967968,1.8229166666666668e-05,0.75,0.0,2.0,easy|medium|hard
test,0,2,52,32,0.5315834020148031,27.79505285099731,64.35221899001044,0.03454340621829033,1.0,1.0,1.0,1.0,1.8194444444444445e-05,1.09375,0.0,2.0,easy|hard|medium
test,0,2,53,32,0.5315588010125794,28.327046361984685,64.88421227500658,0.2831495404243469,0.9411764705882353,0.9375,0.9411764705882353,0.9375,1.8159722222222226e-05,1.125,0.0,2.0,medium|hard|easy
test,0,2,54,32,0.5327746820112225,28.86027183898841,65.41743768999004,0.12344612181186676,0.9705882352941176,0.96875,0.96875,0.9687194525904204,1.8125e-05,1.0625,0.0,2.0,medium|hard|easy
test,0,2,55,32,0.5323387100070249,29.39315077199717,65.9503166390059,0.038962703198194504,0.9722222222222222,0.96875,0.9666666666666667,0.9684729064039409,1.8090277777777777e-05,1.0,0.0,2.0,easy|hard|medium
test,0,2,56,32,0.5317221930017695,29.92538970799069,66.48255562299164,0.0070151640102267265,1.0,1.0,1.0,1.0,1.8055555555555558e-05,1.21875,0.0,2.0,easy|medium|hard
test,0,2,57,32,0.5326667900080793,30.458627580985194,67.01579350201064,0.11520127207040787,0.9736842105263157,0.96875,0.9642857142857143,0.967967967967968,1.8020833333333335e-05,1.0625,0.0,2.0,hard|easy|medium
test,0,2,58,32,0.5320850760035682,30.99133215699112,67.54849806800485,0.4863002300262451,0.90625,0.90625,0.9210526315789473,0.9054187192118226,1.7986111111111113e-05,0.9375,0.0,2.0,easy|hard|medium
test,0,2,59,32,0.5318670120032039,31.523807138990378,68.08097299400833,0.22106342017650604,0.9375,0.9375,0.9375,0.9375,1.795138888888889e-05,0.78125,0.0,2.0,medium|hard|easy
test,0,2,60,32,0.5325291649787687,32.05697673498071,68.6141426480026,0.21164540946483612,0.9372549019607843,0.9375,0.9372549019607843,0.9372549019607843,1.7916666666666667e-05,0.71875,0.0,2.0,medium|easy|hard
test,0,2,61,32,0.5324861730041448,32.589892437972594,69.14705834400957,0.20887775719165802,0.9444444444444444,0.9375,0.9375,0.9372549019607843,1.7881944444444445e-05,1.09375,0.0,2.0,easy|hard|medium
test,0,2,62,32,0.5313311859790701,33.121617883996805,69.67878382300842,0.15796047449111938,0.9545454545454546,0.9375,0.9166666666666667,0.9307359307359306,1.7847222222222225e-05,1.28125,0.0,2.0,hard|medium|easy
test,0,2,63,32,0.5329905579856131,33.655050896981265,70.21221679900191,0.1234019547700882,0.9545454545454546,0.9375,0.9166666666666667,0.9307359307359306,1.7812500000000003e-05,0.75,0.0,2.0,hard|easy|medium
test,0,2,64,4,0.12797291297465563,33.78347061399836,70.34063647899893,0.7586889266967773,0.75,0.75,0.8333333333333333,0.7333333333333334,1.7777777777777777e-05,0.0,0.0,0.0,easy
test,0,3,1,32,0.5318465589953121,0.6154715220036451,73.58792056198581,0.05153318867087364,0.9545454545454546,0.96875,0.9772727272727273,0.964562569213732,1.7743055555555557e-05,1.0,0.0,2.0,medium|hard|easy
test,0,3,2,32,0.5328616019978654,1.1490410210099071,74.12149007699918,0.09272422641515732,0.9722222222222222,0.96875,0.9666666666666667,0.9684729064039409,1.7708333333333335e-05,1.0625,0.0,2.0,medium|hard|easy
test,0,3,3,32,0.5321236219897401,1.681763567001326,74.65421260800213,0.03903580829501152,1.0,1.0,1.0,1.0,1.7673611111111112e-05,1.0,0.0,2.0,hard|easy|medium
test,0,3,4,32,0.5316428870137315,2.213976739003556,75.18642573300167,0.22684606909751892,0.9444444444444444,0.9375,0.9375,0.9372549019607843,1.763888888888889e-05,1.15625,0.0,2.0,hard|easy|medium
test,0,3,5,32,0.5330414369818754,2.7475474670063704,75.71999651301303,0.03351346403360367,1.0,1.0,1.0,1.0,1.760416666666667e-05,0.90625,0.0,2.0,easy|hard|medium
test,0,3,6,32,0.5324985829938669,3.2805808589910157,76.25303004999296,0.3461960256099701,0.907843137254902,0.90625,0.90625,0.906158357771261,1.7569444444444447e-05,1.1875,0.0,2.0,medium|hard|easy
test,0,3,7,32,0.5315969109942671,3.8127543260052335,76.7852033659874,0.04708043485879898,0.9705882352941176,0.96875,0.96875,0.9687194525904204,1.7534722222222225e-05,0.90625,0.0,2.0,easy|hard|medium
test,0,3,8,32,0.5329777309962083,4.346256276010536,77.31870534099289,0.0244135819375515,1.0,1.0,1.0,1.0,1.7500000000000002e-05,1.0,0.0,2.0,hard|medium|easy
test,0,3,9,32,0.5320122230041306,4.878724617010448,77.85117361598532,0.01900308020412922,1.0,1.0,1.0,1.0,1.746527777777778e-05,0.90625,0.0,2.0,easy|hard|medium
test,0,3,10,32,0.5315066910116002,5.410704103007447,78.38315315300133,0.16851674020290375,0.9375,0.9375,0.9444444444444444,0.9372549019607843,1.7430555555555556e-05,1.09375,0.0,2.0,easy|medium|hard
test,0,3,11,32,0.5328254789928906,5.943972820008639,78.91642189701088,0.2129479944705963,0.9117647058823529,0.90625,0.9166666666666667,0.906158357771261,1.7395833333333334e-05,0.9375,0.0,2.0,hard|medium|easy
test,0,3,12,32,0.5320465169788804,6.476587887998903,79.44903690300998,0.046568453311920166,1.0,1.0,1.0,1.0,1.7361111111111114e-05,0.9375,0.0,2.0,easy|medium|hard
test,0,3,13,32,0.5321612150000874,7.009263079002267,79.9817122129898,0.1281236708164215,0.9444444444444444,0.9375,0.9375,0.9372549019607843,1.732638888888889e-05,1.03125,0.0,2.0,medium|easy|hard
test,0,3,14,32,0.5330561409937218,7.542914485005895,80.51536355100689,0.020513543859124184,1.0,1.0,1.0,1.0,1.729166666666667e-05,1.03125,0.0,2.0,medium|hard|easy
test,0,3,15,32,0.532207711978117,8.075643958,81.0480930019985,0.26749199628829956,0.95,0.9375,0.9285714285714286,0.9352226720647774,1.7256944444444446e-05,1.15625,0.0,2.0,medium|hard|easy
test,0,3,16,32,0.5314621680008713,8.607633665989852,81.58008274101303,0.007473649922758341,1.0,1.0,1.0,1.0,1.7222222222222224e-05,0.9375,0.0,2.0,medium|easy|hard
test,0,3,17,32,0.5331637670169584,9.141386692994274,82.11383576400112,0.1710888147354126,0.9722222222222222,0.96875,0.9666666666666667,0.9684729064039409,1.71875e-05,0.8125,0.0,2.0,medium|easy|hard
test,0,3,18,32,0.5316401690070052,9.673542731005,82.64599187899148,0.16785377264022827,0.9372549019607843,0.9375,0.9372549019607843,0.9372549019607843,1.715277777777778e-05,0.84375,0.0,2.0,easy|hard|medium
test,0,3,19,32,0.531733266019728,10.205888816999504,83.17833785898983,0.005277164280414581,1.0,1.0,1.0,1.0,1.7118055555555556e-05,0.9375,0.0,2.0,easy|hard|medium
test,0,3,20,32,0.5323391890269704,10.738777758000651,83.71122682100395,0.18972761929035187,0.9307359307359306,0.9375,0.9307359307359306,0.9307359307359306,1.7083333333333333e-05,0.875,0.0,2.0,medium|hard|easy
test,0,3,21,32,0.5321145769848954,11.271481986012077,84.24393096900894,0.11582829803228378,0.9365079365079365,0.9375,0.9365079365079365,0.9365079365079365,1.7048611111111114e-05,0.90625,0.0,2.0,medium|easy|hard
test,0,3,22,32,0.5314981249975972,11.803570151008898,84.7760191950074,0.04164066165685654,0.9642857142857143,0.96875,0.9736842105263157,0.967967967967968,1.701388888888889e-05,0.90625,0.0,2.0,easy|medium|hard
test,0,3,23,32,0.5329145390132908,12.337008981005056,85.30945815698942,0.010672499425709248,1.0,1.0,1.0,1.0,1.6979166666666668e-05,1.0625,0.0,2.0,hard|medium|easy
test,0,3,24,32,0.5346085210039746,12.872076664003544,85.84452572700684,0.03893180564045906,0.9705882352941176,0.96875,0.96875,0.9687194525904204,1.6944444444444446e-05,1.09375,0.0,2.0,hard|medium|easy
test,0,3,25,32,0.5325131179997697,13.405524367990438,86.37797341900296,0.022075174376368523,1.0,1.0,1.0,1.0,1.6909722222222223e-05,0.9375,0.0,2.0,easy|hard|medium
test,0,3,26,32,0.532945387007203,13.939016347983852,86.91146542300703,0.04670700803399086,0.975,0.96875,0.9615384615384616,0.9671794871794872,1.6875e-05,1.09375,0.0,2.0,hard|easy|medium
test,0,3,27,32,0.5318683369841892,14.471433230995899,87.44388229798642,0.0032383552752435207,1.0,1.0,1.0,1.0,1.6840277777777778e-05,1.03125,0.0,2.0,easy|hard|medium
test,0,3,28,32,0.5313256130029913,15.003300398995634,87.97574939701008,0.014272437430918217,1.0,1.0,1.0,1.0,1.6805555555555558e-05,1.125,0.0,2.0,medium|hard|easy
test,0,3,29,32,0.5327177979925182,15.536550713994075,88.50899976398796,0.13645270466804504,0.9642857142857143,0.96875,0.9736842105263157,0.967967967967968,1.6770833333333336e-05,0.78125,0.0,2.0,easy|hard|medium
test,0,3,30,32,0.531650178018026,16.068668471009005,89.04111752001336,0.015408813953399658,1.0,1.0,1.0,1.0,1.6736111111111113e-05,0.75,0.0,2.0,hard|medium|easy
test,0,3,31,32,0.5318909409979824,16.601068115996895,89.57351712501259,0.0032569444738328457,1.0,1.0,1.0,1.0,1.670138888888889e-05,0.84375,0.0,2.0,easy|medium|hard
test,0,3,32,32,0.5325759519764688,17.1342418960121,90.10669089399744,0.002541780937463045,1.0,1.0,1.0,1.0,1.6666666666666667e-05,0.96875,0.0,2.0,medium|easy|hard
test,0,3,33,32,0.5333245930087287,17.66813705000095,90.64058605799801,0.0024441599380224943,1.0,1.0,1.0,1.0,1.6631944444444445e-05,1.125,0.0,2.0,hard|easy|medium
test,0,3,34,32,0.5319404949841555,18.200583366007777,91.17303265701048,0.003888858249410987,1.0,1.0,1.0,1.0,1.6597222222222225e-05,1.21875,0.0,2.0,medium|hard|easy
test,0,3,35,32,0.5329348749946803,18.734032645006664,91.70648169200285,0.0031717303209006786,1.0,1.0,1.0,1.0,1.6562500000000003e-05,0.75,0.0,2.0,medium|hard|easy
test,0,3,36,32,0.5327163639885839,19.26728600799106,92.23973505900358,0.1342628449201584,0.9615384615384616,0.96875,0.975,0.9671794871794872,1.6527777777777777e-05,0.875,0.0,2.0,medium|easy|hard
test,0,3,37,32,0.5319377509877086,19.79977140299161,92.77222047498799,0.006336904596537352,1.0,1.0,1.0,1.0,1.6493055555555557e-05,0.96875,0.0,2.0,hard|medium|easy
test,0,3,38,32,0.532527281990042,20.332830509985797,93.30527957101003,0.002318935003131628,1.0,1.0,1.0,1.0,1.6458333333333335e-05,0.6875,0.0,2.0,easy|medium|hard
test,0,3,39,32,0.5322455060086213,20.865633940004045,93.83808299098746,0.0029396419413387775,1.0,1.0,1.0,1.0,1.6423611111111112e-05,0.90625,0.0,2.0,medium|easy|hard
test,0,3,40,32,0.5315214209840633,21.397715880011674,94.37016505599604,0.11318273097276688,0.9736842105263157,0.96875,0.9642857142857143,0.967967967967968,1.638888888888889e-05,1.1875,0.0,2.0,hard|medium|easy
test,0,3,41,32,0.532701268006349,21.930962496000575,94.90341155399801,0.20313936471939087,0.9642857142857143,0.96875,0.9736842105263157,0.967967967967968,1.635416666666667e-05,0.8125,0.0,2.0,easy|hard|medium
test,0,3,42,32,0.5323107269941829,22.46380030500586,95.43624955401174,0.0027696872130036354,1.0,1.0,1.0,1.0,1.6319444444444444e-05,1.0625,0.0,2.0,medium|easy|hard
test,0,3,43,32,0.531603040988557,22.995872709987452,95.96832178201294,0.19776931405067444,0.9352226720647774,0.9375,0.9352226720647774,0.9352226720647774,1.6284722222222225e-05,0.90625,0.0,2.0,hard|medium|easy
test,0,3,44,32,0.5331428530043922,23.52959581799223,96.50204489100724,0.003735481994226575,1.0,1.0,1.0,1.0,1.6250000000000002e-05,1.1875,0.0,2.0,medium|easy|hard
test,0,3,45,32,0.5326069240109064,24.06265534000704,97.03510441098479,0.0015969777014106512,1.0,1.0,1.0,1.0,1.621527777777778e-05,1.03125,0.0,2.0,hard|easy|medium
test,0,3,46,32,0.5321648980025202,24.59540311098681,97.56785214800038,0.2152712196111679,0.96875,0.96875,0.9705882352941176,0.9687194525904204,1.6180555555555557e-05,0.96875,0.0,2.0,medium|easy|hard
test,0,3,47,32,0.532639343990013,25.12859710099292,98.10104616900207,0.005572691559791565,1.0,1.0,1.0,1.0,1.6145833333333334e-05,1.09375,0.0,2.0,medium|easy|hard
test,0,3,48,32,0.5324145109916572,25.661564464011462,98.63401350600179,0.0019713714718818665,1.0,1.0,1.0,1.0,1.6111111111111115e-05,1.125,0.0,2.0,easy|medium|hard
test,0,3,49,32,0.5315647370007355,26.193686340993736,99.16613541299012,0.004426021594554186,1.0,1.0,1.0,1.0,1.607638888888889e-05,1.15625,0.0,2.0,easy|medium|hard
test,0,3,50,32,0.5328298460226506,26.72705990000395,99.69950923399301,0.09290093183517456,0.9722222222222222,0.96875,0.9666666666666667,0.9684729064039409,1.604166666666667e-05,0.9375,0.0,2.0,hard|medium|easy
test,0,3,51,32,0.5325639589864295,27.260163934988668,100.23261297898716,0.004849785938858986,1.0,1.0,1.0,1.0,1.6006944444444447e-05,1.1875,0.0,2.0,hard|easy|medium
test,0,3,52,32,0.5310536909964867,27.79181791099836,100.76426695799455,0.002210301347076893,1.0,1.0,1.0,1.0,1.5972222222222224e-05,0.96875,0.0,2.0,easy|medium|hard
test,0,3,53,32,0.5328342750144657,28.325125072005903,101.2975740779948,0.18662570416927338,0.9615384615384616,0.96875,0.975,0.9671794871794872,1.59375e-05,1.0,0.0,2.0,medium|easy|hard
test,0,3,54,32,0.5326668170164339,28.858281299006194,101.83073036200949,0.17891134321689606,0.96875,0.96875,0.9705882352941176,0.9687194525904204,1.590277777777778e-05,0.84375,0.0,2.0,medium|hard|easy
test,0,3,55,32,0.531765551015269,29.39062744900002,102.3630765049893,0.005616676062345505,1.0,1.0,1.0,1.0,1.5868055555555556e-05,1.0,0.0,2.0,easy|hard|medium
test,0,3,56,32,0.532843763998244,29.924003852996975,102.89645284999278,0.004840591922402382,1.0,1.0,1.0,1.0,1.5833333333333333e-05,0.9375,0.0,2.0,hard|easy|medium
test,0,3,57,32,0.5326433420123067,30.457147350010928,103.42959641700145,0.0051603796891868114,1.0,1.0,1.0,1.0,1.5798611111111114e-05,0.875,0.0,2.0,medium|hard|easy
test,0,3,58,32,0.5313193920010235,30.989058825012762,103.96150818601018,0.01672946661710739,1.0,1.0,1.0,1.0,1.576388888888889e-05,0.84375,0.0,2.0,medium|hard|easy
test,0,3,59,32,0.532870796014322,31.522432872996433,104.49488187400857,0.3814583420753479,0.9089068825910931,0.90625,0.9007936507936507,0.9039039039039038,1.572916666666667e-05,0.8125,0.0,2.0,easy|medium|hard
test,0,3,60,32,0.5328141069912817,32.055862223991426,105.02831121900817,0.12448437511920929,0.9705882352941176,0.96875,0.96875,0.9687194525904204,1.5694444444444446e-05,0.875,0.0,2.0,easy|hard|medium
test,0,3,61,32,0.5311578599794302,32.58744493700215,105.5598939259944,0.15268385410308838,0.9722222222222222,0.96875,0.9666666666666667,0.9684729064039409,1.5659722222222223e-05,0.84375,0.0,2.0,medium|hard|easy
test,0,3,62,32,0.533420448016841,33.12138667999534,106.09383569500642,0.004840928595513105,1.0,1.0,1.0,1.0,1.5625e-05,1.09375,0.0,2.0,easy|hard|medium
test,0,3,63,32,0.5318154220003635,33.65369843199733,106.6261474720086,0.0067836809903383255,1.0,1.0,1.0,1.0,1.5590277777777778e-05,0.78125,0.0,2.0,medium|hard|easy
test,0,3,64,4,0.1270451349846553,33.781203669990646,106.7536526779877,0.005165976006537676,1.0,1.0,1.0,1.0,1.555555555555556e-05,0.75,0.0,2.0,easy|medium|hard
test,0,4,1,32,0.5355254570022225,0.618121715990128,110.002323024004,0.08945216983556747,0.975,0.96875,0.9615384615384616,0.9671794871794872,1.5520833333333332e-05,1.21875,0.0,2.0,easy|hard|medium
test,0,4,2,32,0.5320398990006652,1.15087421098724,110.53507206100039,0.004984624218195677,1.0,1.0,1.0,1.0,1.5486111111111113e-05,0.96875,0.0,2.0,medium|hard|easy
test,0,4,3,32,0.5318996369896922,1.6832492190005723,111.06744736499968,0.002708669286221266,1.0,1.0,1.0,1.0,1.545138888888889e-05,0.96875,0.0,2.0,medium|easy|hard
test,0,4,4,32,0.5327994649996981,2.216599060979206,111.60079689099803,0.0028407759964466095,1.0,1.0,1.0,1.0,1.5416666666666668e-05,1.0,0.0,2.0,easy|medium|hard
test,0,4,5,32,0.5323546570143662,2.7495012919825967,112.1336991279968,0.002622691448777914,1.0,1.0,1.0,1.0,1.5381944444444445e-05,1.09375,0.0,2.0,easy|hard|medium
test,0,4,6,32,0.5319556739996187,3.281958499981556,112.66615633800393,0.00229827081784606,1.0,1.0,1.0,1.0,1.5347222222222226e-05,1.15625,0.0,2.0,hard|easy|medium
test,0,4,7,32,0.5330218250164762,3.815511066990439,113.1997089140059,0.00237344135530293,1.0,1.0,1.0,1.0,1.5312500000000003e-05,0.875,0.0,2.0,easy|medium|hard
test,0,4,8,32,0.5325913570122793,4.348682356998324,113.73288020299515,0.005570730194449425,1.0,1.0,1.0,1.0,1.5277777777777777e-05,1.09375,0.0,2.0,hard|medium|easy
test,0,4,9,32,0.5322491269907914,4.881521718984004,114.26571955700638,0.0019300900166854262,1.0,1.0,1.0,1.0,1.5243055555555558e-05,0.96875,0.0,2.0,hard|easy|medium
test,0,4,10,32,0.5326144519785885,5.414759774983395,114.79895761498483,0.0018434446537867188,1.0,1.0,1.0,1.0,1.5208333333333333e-05,1.09375,0.0,2.0,easy|medium|hard
test,0,4,11,32,0.5321417800150812,5.947403138998197,115.33160099000088,0.17387942969799042,0.9666666666666667,0.96875,0.9722222222222222,0.9684729064039409,1.5173611111111112e-05,0.53125,0.0,2.0,easy|hard|medium
test,0,4,12,32,0.5321518889977597,6.480012160987826,115.8642100020079,0.002338667865842581,1.0,1.0,1.0,1.0,1.513888888888889e-05,0.8125,0.0,2.0,hard|easy|medium
test,0,4,13,32,0.5323650280188303,7.012915556988446,116.3971133849991,0.016312314197421074,1.0,1.0,1.0,1.0,1.5104166666666668e-05,1.34375,0.0,2.0,medium|hard|easy
test,0,4,14,32,0.5328652439930011,7.546378521976294,116.93057637099992,0.25454896688461304,0.95,0.9375,0.9285714285714286,0.9352226720647774,1.5069444444444446e-05,0.9375,0.0,2.0,medium|easy|hard
test,0,4,15,32,0.5307640969986096,8.077664449985605,117.46186229298473,0.016337480396032333,1.0,1.0,1.0,1.0,1.5034722222222225e-05,0.90625,0.0,2.0,easy|hard|medium
test,0,4,16,32,0.5331373480148613,8.61142191500403,117.99561975500546,0.040005818009376526,0.96875,0.96875,0.9705882352941176,0.9687194525904204,1.5000000000000002e-05,1.25,0.0,2.0,hard|medium|easy
test,0,4,17,32,0.5322598789935,9.144264916976681,118.52846276501077,0.0015210408018901944,1.0,1.0,1.0,1.0,1.4965277777777778e-05,1.0625,0.0,2.0,hard|easy|medium
test,0,4,18,32,0.5317473979957867,9.676482180977473,119.06068030800088,0.15041276812553406,0.9722222222222222,0.96875,0.9666666666666667,0.9684729064039409,1.4930555555555557e-05,0.8125,0.0,2.0,easy|hard|medium
test,0,4,19,32,0.5323040259827394,10.209366827999474,119.59356467999169,0.22129273414611816,0.9666666666666667,0.96875,0.9722222222222222,0.9684729064039409,1.4895833333333334e-05,1.21875,0.0,2.0,hard|medium|easy
test,0,4,20,32,0.5325060689938255,10.742435074003879,120.12663293600781,0.003353914013132453,1.0,1.0,1.0,1.0,1.4861111111111113e-05,0.75,0.0,2.0,medium|easy|hard
test,0,4,21,32,0.5314026619889773,11.27429249798297,120.65849034598796,0.0035840794444084167,1.0,1.0,1.0,1.0,1.482638888888889e-05,1.15625,0.0,2.0,hard|medium|easy
test,0,4,22,32,0.5331071860273369,11.808021718985401,121.19221957601258,0.14727060496807098,0.9375,0.9375,0.9444444444444444,0.9372549019607843,1.479166666666667e-05,1.03125,0.0,2.0,easy|hard|medium
test,0,4,23,32,0.5325627370039001,12.341137925977819,121.725335783005,0.02807287685573101,0.9666666666666667,0.96875,0.9722222222222222,0.9684729064039409,1.4756944444444445e-05,0.875,0.0,2.0,medium|easy|hard
test,0,4,24,32,0.5315852700150572,12.87327314898721,122.25747099198634,0.15498366951942444,0.96875,0.96875,0.9705882352941176,0.9687194525904204,1.4722222222222224e-05,1.0,0.0,2.0,medium|easy|hard
test,0,4,25,32,0.5330328900017776,13.406915819999995,122.79111366000143,0.002012483077123761,1.0,1.0,1.0,1.0,1.4687500000000001e-05,0.9375,0.0,2.0,hard|medium|easy
test,0,4,26,32,0.5321057779947296,13.939535825978965,123.32373368300614,0.0017821451183408499,1.0,1.0,1.0,1.0,1.4652777777777779e-05,0.75,0.0,2.0,easy|medium|hard
test,0,4,27,32,0.5318762120150495,14.471859753975878,123.85605759700411,0.001429263735190034,1.0,1.0,1.0,1.0,1.4618055555555558e-05,0.9375,0.0,2.0,easy|hard|medium
test,0,4,28,32,0.5332185740116984,15.005523428000743,124.38972128101159,0.01350541040301323,1.0,1.0,1.0,1.0,1.4583333333333333e-05,0.78125,0.0,2.0,hard|medium|easy
test,0,4,29,32,0.5326815479784273,15.538852497993503,124.92305032600416,0.2170400321483612,0.9722222222222222,0.96875,0.9666666666666667,0.9684729064039409,1.4548611111111112e-05,0.9375,0.0,2.0,medium|easy|hard
test,0,4,30,32,0.531973051984096,16.07133590200101,125.45553373999428,0.0014854122418910265,1.0,1.0,1.0,1.0,1.451388888888889e-05,1.0625,0.0,2.0,hard|easy|medium
test,0,4,31,32,0.5330335889884736,16.604966991988476,125.98916487398674,0.0016483255894854665,1.0,1.0,1.0,1.0,1.4479166666666669e-05,0.9375,0.0,2.0,medium|easy|hard
test,0,4,32,32,0.5327362680109218,17.13818864399218,126.52238648099592,0.00160419219173491,1.0,1.0,1.0,1.0,1.4444444444444446e-05,0.875,0.0,2.0,medium|hard|easy
test,0,4,33,32,0.5321003569988534,17.67087521898793,127.05507305200445,0.002147609367966652,1.0,1.0,1.0,1.0,1.4409722222222225e-05,0.96875,0.0,2.0,hard|easy|medium
test,0,4,34,32,0.5331900879973546,18.204626727994764,127.58882456400897,0.0016264072619378567,1.0,1.0,1.0,1.0,1.4375e-05,1.0,0.0,2.0,hard|easy|medium
test,0,4,35,32,0.5328791019855998,18.738100546994247,128.122298383998,0.0015768304001539946,1.0,1.0,1.0,1.0,1.4340277777777778e-05,1.125,0.0,2.0,easy|hard|medium
test,0,4,36,32,0.5318540839944035,19.270431073993677,128.65462891801144,0.0014103429857641459,1.0,1.0,1.0,1.0,1.4305555555555557e-05,0.6875,0.0,2.0,easy|medium|hard
test,0,4,37,32,0.5330732819857076,19.80405095597962,129.18824878899613,0.0015038850251585245,1.0,1.0,1.0,1.0,1.4270833333333334e-05,1.0625,0.0,2.0,easy|hard|medium
test,0,4,38,32,0.5319226610008627,20.336451685987413,129.72064952700748,0.001422953326255083,1.0,1.0,1.0,1.0,1.4236111111111113e-05,0.8125,0.0,2.0,easy|hard|medium
test,0,4,39,32,0.5314386429963633,20.86835701399832,130.2525548590056,0.0013610892929136753,1.0,1.0,1.0,1.0,1.420138888888889e-05,0.6875,0.0,2.0,easy|medium|hard
test,0,4,40,32,0.5327118310087826,21.401597007992677,130.78579483999056,0.0014437378849834204,1.0,1.0,1.0,1.0,1.416666666666667e-05,1.0625,0.0,2.0,hard|medium|easy
test,0,4,41,32,0.5327307389816269,21.93487638098304,131.31907422401127,0.001693864120170474,1.0,1.0,1.0,1.0,1.4131944444444445e-05,0.96875,0.0,2.0,medium|easy|hard
test,0,4,42,32,0.5317107089795172,22.467039004986873,131.851236847986,0.0013245134614408016,1.0,1.0,1.0,1.0,1.4097222222222224e-05,0.875,0.0,2.0,easy|hard|medium
test,0,4,43,32,0.533514025999466,23.00102110899752,132.38521895799204,0.0022383846808224916,1.0,1.0,1.0,1.0,1.4062500000000001e-05,0.90625,0.0,2.0,medium|easy|hard
test,0,4,44,32,0.5326055900077336,23.534199011977762,132.91839684100705,0.18302546441555023,0.9615384615384616,0.96875,0.975,0.9671794871794872,1.4027777777777779e-05,0.90625,0.0,2.0,hard|medium|easy
test,0,4,45,32,0.5314098329981789,24.066024751984514,133.45022259198595,0.0417354553937912,0.96875,0.96875,0.9705882352941176,0.9687194525904204,1.3993055555555558e-05,0.90625,0.0,2.0,hard|easy|medium
test,0,4,46,32,0.5330243880162016,24.599638543004403,133.98383638099767,0.0014325109077617526,1.0,1.0,1.0,1.0,1.3958333333333333e-05,0.875,0.0,2.0,hard|medium|easy
test,0,4,47,32,0.5318522230081726,25.13204501499422,134.51624286398874,0.0013331130612641573,1.0,1.0,1.0,1.0,1.3923611111111112e-05,0.96875,0.0,2.0,hard|medium|easy
test,0,4,48,32,0.5306411999918055,25.66326024697628,135.04745809399174,0.001301146810874343,1.0,1.0,1.0,1.0,1.388888888888889e-05,1.15625,0.0,2.0,medium|hard|easy
test,0,4,49,32,0.5331951929838397,26.19701879299828,135.58121663500788,0.0014653916005045176,1.0,1.0,1.0,1.0,1.3854166666666669e-05,1.09375,0.0,2.0,easy|medium|hard
test,0,4,50,32,0.5348503809946124,26.732440460997168,136.11663844800205,0.0016569590661674738,1.0,1.0,1.0,1.0,1.3819444444444446e-05,0.8125,0.0,2.0,hard|medium|easy
test,0,4,51,32,0.5321259080083109,27.265215610997984,136.6494134539971,0.21127012372016907,0.9705882352941176,0.96875,0.96875,0.9687194525904204,1.3784722222222225e-05,0.96875,0.0,2.0,easy|medium|hard
test,0,4,52,32,0.5332716479897499,27.799031482980354,137.18322932498995,0.001216521137394011,1.0,1.0,1.0,1.0,1.375e-05,0.90625,0.0,2.0,hard|easy|medium
test,0,4,53,32,0.5325140779896174,28.33211618399946,137.71631401599734,0.0013985625701025128,1.0,1.0,1.0,1.0,1.3715277777777778e-05,1.0,0.0,2.0,easy|medium|hard
test,0,4,54,32,0.5318926649924833,28.86450079799397,138.24869864998618,0.0017962803831323981,1.0,1.0,1.0,1.0,1.3680555555555557e-05,1.0625,0.0,2.0,hard|medium|easy
test,0,4,55,32,0.5332815909932833,29.398341623978922,138.78253945999313,0.0013406474608927965,1.0,1.0,1.0,1.0,1.3645833333333334e-05,1.09375,0.0,2.0,easy|hard|medium
test,0,4,56,32,0.5322354480158538,29.931108132004738,139.31530598000973,0.1611000895500183,0.9666666666666667,0.96875,0.9722222222222222,0.9684729064039409,1.3611111111111113e-05,0.96875,0.0,2.0,medium|hard|easy
test,0,4,57,32,0.5314069040177856,30.463009067985695,139.84720691098482,0.007678160443902016,1.0,1.0,1.0,1.0,1.3576388888888889e-05,1.0625,0.0,2.0,easy|hard|medium
test,0,4,58,32,0.532947660976788,30.996468010998797,140.38066585198976,0.16408053040504456,0.9666666666666667,0.96875,0.9722222222222222,0.9684729064039409,1.3541666666666668e-05,1.0625,0.0,2.0,medium|hard|easy
test,0,4,59,32,0.5323301249882206,31.52936170998146,140.91355954500614,0.38679325580596924,0.9333333333333333,0.9375,0.9473684210526316,0.9365079365079365,1.3506944444444445e-05,0.96875,0.0,2.0,medium|easy|hard
test,0,4,60,32,0.5313916459854227,32.061312560981605,141.4455104949884,0.0012752218171954155,1.0,1.0,1.0,1.0,1.3472222222222224e-05,1.125,0.0,2.0,hard|medium|easy
test,0,4,61,32,0.5330147100030445,32.59480553100002,141.97900337300962,0.024056343361735344,0.9705882352941176,0.96875,0.96875,0.9687194525904204,1.3437500000000001e-05,0.9375,0.0,2.0,medium|hard|easy
test,0,4,62,32,0.5323330389801413,33.1275613969774,142.51175921899267,0.137380450963974,0.9666666666666667,0.96875,0.9722222222222222,0.9684729064039409,1.3402777777777779e-05,0.90625,0.0,2.0,medium|hard|easy
test,0,4,63,32,0.5308711360266898,33.658919209992746,143.0431170570082,0.0038997449446469545,1.0,1.0,1.0,1.0,1.3368055555555558e-05,1.0,0.0,2.0,easy|medium|hard
test,0,4,64,4,0.1274563470215071,33.78678738299641,143.17098522698507,0.002458087634295225,1.0,1.0,1.0,1.0,1.3333333333333333e-05,0.75,0.0,1.0,medium|easy
test,0,5,1,32,0.5338915739848744,0.6174613359908108,146.42723631500849,0.0045296684838831425,1.0,1.0,1.0,1.0,1.3298611111111112e-05,1.0625,0.0,2.0,hard|easy|medium
test,0,5,2,32,0.5321207320084795,1.150253381987568,146.96002835201216,0.03464209660887718,0.9761904761904762,0.96875,0.9583333333333333,0.9660657476139979,1.326388888888889e-05,0.75,0.0,2.0,medium|hard|easy
test,0,5,3,32,0.5329716519918293,1.6837906620057765,147.4935656359885,0.028441589325666428,1.0,1.0,1.0,1.0,1.3229166666666669e-05,0.84375,0.0,2.0,easy|medium|hard
test,0,5,4,32,0.531980822008336,2.216323294007452,148.02609814199968,0.0026739793829619884,1.0,1.0,1.0,1.0,1.3194444444444446e-05,0.9375,0.0,2.0,hard|easy|medium
test,0,5,5,32,0.5315483029989991,2.7483470310107805,148.5581219989981,0.0018012567888945341,1.0,1.0,1.0,1.0,1.3159722222222225e-05,1.0,0.0,2.0,medium|hard|easy
test,0,5,6,32,0.5327839310048148,3.2816005579952616,149.09137546899728,0.0022909578401595354,1.0,1.0,1.0,1.0,1.3125e-05,0.84375,0.0,2.0,easy|medium|hard
test,0,5,7,32,0.5316845889901742,3.8137873229861725,149.6235622910026,0.0018090266967192292,1.0,1.0,1.0,1.0,1.3090277777777778e-05,1.25,0.0,2.0,hard|easy|medium
test,0,5,8,32,0.5314043750113342,4.345757286995649,150.1555322399945,0.0017198577988892794,1.0,1.0,1.0,1.0,1.3055555555555557e-05,0.9375,0.0,2.0,easy|medium|hard
test,0,5,9,32,0.5325078180176206,4.87879809900187,150.68857306201244,0.0014941712142899632,1.0,1.0,1.0,1.0,1.3020833333333334e-05,0.8125,0.0,2.0,easy|medium|hard
test,0,5,10,32,0.5324534609972034,5.4118384800094645,151.22161347899237,0.001211341004818678,1.0,1.0,1.0,1.0,1.2986111111111113e-05,1.0625,0.0,2.0,hard|medium|easy
test,0,5,11,32,0.5313379970029928,5.943740557995625,151.75351553299697,0.0015982843469828367,1.0,1.0,1.0,1.0,1.2951388888888889e-05,0.9375,0.0,2.0,hard|easy|medium
test,0,5,12,32,0.5332692970114294,6.477513618010562,152.2872886719997,0.0013631483307108283,1.0,1.0,1.0,1.0,1.2916666666666668e-05,0.90625,0.0,2.0,easy|medium|hard
test,0,5,13,32,0.5322426960046869,7.0103606279881205,152.82013559399638,0.0017461810493841767,1.0,1.0,1.0,1.0,1.2881944444444445e-05,0.78125,0.0,2.0,hard|easy|medium
test,0,5,14,32,0.5318821000109892,7.542801064992091,153.3525760390039,0.07828757166862488,0.9642857142857143,0.96875,0.9736842105263157,0.967967967967968,1.2847222222222224e-05,1.125,0.0,2.0,medium|hard|easy
test,0,5,15,32,0.5327240039769094,8.076131203008117,153.88590617399313,0.26299262046813965,0.9473684210526316,0.9375,0.9333333333333333,0.9365079365079365,1.2812500000000001e-05,1.0,0.0,2.0,hard|easy|medium
test,0,5,16,32,0.5324097520206124,8.608992505993228,154.41876748099457,0.12934541702270508,0.9736842105263157,0.96875,0.9642857142857143,0.967967967967968,1.2777777777777777e-05,0.96875,0.0,2.0,medium|hard|easy
test,0,5,17,32,0.5320508430013433,9.14157229301054,154.95134719699854,0.001002592034637928,1.0,1.0,1.0,1.0,1.2743055555555556e-05,0.84375,0.0,2.0,medium|easy|hard
test,0,5,18,32,0.5326592469937168,9.674746467004297,155.48452143699978,0.0009533819393254817,1.0,1.0,1.0,1.0,1.2708333333333333e-05,0.9375,0.0,2.0,hard|easy|medium
test,0,5,19,32,0.532555042009335,10.207858548004879,156.01763346401276,0.001308599952608347,1.0,1.0,1.0,1.0,1.2673611111111112e-05,0.96875,0.0,2.0,hard|medium|easy
test,0,5,20,32,0.5315096990088932,10.73993178398814,156.54970673998469,0.004409895744174719,1.0,1.0,1.0,1.0,1.263888888888889e-05,1.21875,0.0,2.0,medium|hard|easy
test,0,5,21,32,0.5323228470224421,11.272811645991169,157.0825868099928,0.001257800031453371,1.0,1.0,1.0,1.0,1.2604166666666669e-05,0.90625,0.0,2.0,medium|hard|easy
test,0,5,22,32,0.5326654379896354,11.80601208898588,157.61578704600106,0.0009927444625645876,1.0,1.0,1.0,1.0,1.2569444444444446e-05,1.0625,0.0,2.0,easy|hard|medium
test,0,5,23,32,0.53153720399132,12.338124948990298,158.14789992000442,0.0016909221885725856,1.0,1.0,1.0,1.0,1.2534722222222225e-05,0.96875,0.0,2.0,medium|easy|hard
test,0,5,24,32,0.5321666460076813,12.870793696987676,158.68056866701227,0.001356378197669983,1.0,1.0,1.0,1.0,1.25e-05,0.90625,0.0,2.0,hard|medium|easy
test,0,5,25,32,0.5326081149978563,13.403973726002732,159.2137487209984,0.1826547086238861,0.96875,0.96875,0.9705882352941176,0.9687194525904204,1.2465277777777778e-05,1.0625,0.0,2.0,hard|medium|easy
test,0,5,26,32,0.5314846480032429,13.936024349008221,159.7457996319863,0.337103009223938,0.9473684210526316,0.9375,0.9333333333333333,0.9365079365079365,1.2430555555555557e-05,0.9375,0.0,2.0,easy|hard|medium
test,0,5,27,32,0.5324946850014385,14.469068397011142,160.27884339299635,0.20577071607112885,0.9642857142857143,0.96875,0.9736842105263157,0.967967967967968,1.2395833333333334e-05,1.0625,0.0,2.0,hard|easy|medium
test,0,5,28,32,0.5325432030076627,15.002184309996665,160.8119592969888,0.12038353085517883,0.9736842105263157,0.96875,0.9642857142857143,0.967967967967968,1.2361111111111113e-05,1.0,0.0,2.0,medium|easy|hard
test,0,5,29,32,0.5321862240089104,15.534905684005935,161.34468063499662,0.001227094093337655,1.0,1.0,1.0,1.0,1.2326388888888889e-05,0.90625,0.0,2.0,hard|medium|easy
test,0,5,30,32,0.5324974459945224,16.06799150101142,161.87776646600105,0.0013610438909381628,1.0,1.0,1.0,1.0,1.2291666666666668e-05,0.71875,0.0,2.0,medium|easy|hard
test,0,5,31,32,0.5324332190211862,16.600976437010104,162.41075141201145,0.0016270738560706377,1.0,1.0,1.0,1.0,1.2256944444444445e-05,1.09375,0.0,2.0,hard|medium|easy
test,0,5,32,32,0.5318551319942344,17.133414103998803,162.9431890650012,0.06411987543106079,0.975,0.96875,0.9615384615384616,0.9671794871794872,1.2222222222222224e-05,0.84375,0.0,2.0,hard|easy|medium
test,0,5,33,32,0.5329977349902038,17.66695621900726,163.47673117899103,0.014169255271553993,1.0,1.0,1.0,1.0,1.2187500000000001e-05,0.65625,0.0,2.0,easy|medium|hard
test,0,5,34,32,0.532092437002575,18.19964053700096,164.0094154989929,0.0010529645951464772,1.0,1.0,1.0,1.0,1.2152777777777777e-05,1.1875,0.0,2.0,hard|medium|easy
test,0,5,35,32,0.5313452970003709,18.73151966399746,164.54129463699064,0.0012000594288110733,1.0,1.0,1.0,1.0,1.2118055555555556e-05,1.0,0.0,2.0,hard|medium|easy
test,0,5,36,32,0.5332562570110895,19.265370809007436,165.0751456930011,0.0010433376301079988,1.0,1.0,1.0,1.0,1.2083333333333333e-05,1.0625,0.0,2.0,easy|medium|hard
test,0,5,37,32,0.5321719329804182,19.798058615997434,165.60783356899628,0.2737714648246765,0.9411764705882353,0.9375,0.9411764705882353,0.9375,1.2048611111111112e-05,0.75,0.0,2.0,easy|medium|hard
test,0,5,38,32,0.5316928389947861,20.33038907800801,166.14016404698486,0.001037737587466836,1.0,1.0,1.0,1.0,1.201388888888889e-05,0.90625,0.0,2.0,easy|medium|hard
test,0,5,39,32,0.5332610479963478,20.864163769001607,166.67393873800756,0.08438178896903992,0.9722222222222222,0.96875,0.9666666666666667,0.9684729064039409,1.1979166666666669e-05,1.0,0.0,2.0,medium|easy|hard
test,0,5,40,32,0.5321867899911013,21.396960884012515,167.2067358480126,0.0008982867002487183,1.0,1.0,1.0,1.0,1.1944444444444444e-05,0.96875,0.0,2.0,easy|medium|hard
test,0,5,41,32,0.5316896970034577,21.929204190993914,167.73897914998815,0.0025075762532651424,1.0,1.0,1.0,1.0,1.1909722222222223e-05,1.0,0.0,2.0,medium|easy|hard
test,0,5,42,32,0.5332909769786056,22.463072145998012,168.27284710499225,0.0009612789144739509,1.0,1.0,1.0,1.0,1.1875e-05,1.0,0.0,2.0,hard|easy|medium
test,0,5,43,32,0.5324853379861452,22.996113220986445,168.8058881199977,0.0011854886543005705,1.0,1.0,1.0,1.0,1.1840277777777778e-05,1.0625,0.0,2.0,easy|medium|hard
test,0,5,44,32,0.531686019996414,23.528357264003716,169.33813223798643,0.0008098483667708933,1.0,1.0,1.0,1.0,1.1805555555555557e-05,0.8125,0.0,2.0,medium|easy|hard
test,0,5,45,32,0.5333030069887172,24.062205975002144,169.87198126799194,0.0008193979738280177,1.0,1.0,1.0,1.0,1.1770833333333334e-05,1.03125,0.0,2.0,hard|medium|easy
test,0,5,46,32,0.5321361239766702,24.59485996500007,170.40463494000142,0.0030284998938441277,1.0,1.0,1.0,1.0,1.1736111111111113e-05,1.03125,0.0,2.0,hard|easy|medium
test,0,5,47,32,0.5313741100253537,25.12678063000203,170.93655553800636,0.009892655536532402,1.0,1.0,1.0,1.0,1.1701388888888889e-05,1.03125,0.0,2.0,easy|medium|hard
test,0,5,48,32,0.5330004990100861,25.66030042700004,171.47007540400955,0.0009718831279315054,1.0,1.0,1.0,1.0,1.1666666666666668e-05,0.90625,0.0,2.0,hard|easy|medium
test,0,5,49,32,0.5321920840069652,26.19302873700508,172.0028036920121,0.0010878021130338311,1.0,1.0,1.0,1.0,1.1631944444444445e-05,1.0625,0.0,2.0,easy|hard|medium
test,0,5,50,32,0.5317736869910732,26.725238474988146,172.5350134529872,0.0008839219226501882,1.0,1.0,1.0,1.0,1.1597222222222224e-05,1.03125,0.0,2.0,medium|hard|easy
test,0,5,51,32,0.533098821004387,27.258874986990122,173.06864994199714,0.002824665978550911,1.0,1.0,1.0,1.0,1.1562500000000002e-05,1.125,0.0,2.0,medium|hard|easy
test,0,5,52,32,0.5323778390011285,27.791832593997242,173.6016075760126,0.0007736522238701582,1.0,1.0,1.0,1.0,1.1527777777777777e-05,1.0,0.0,2.0,hard|easy|medium
test,0,5,53,32,0.5314050109882373,28.32382058800431,174.13359552199836,0.0007719513960182667,1.0,1.0,1.0,1.0,1.1493055555555556e-05,0.8125,0.0,2.0,easy|hard|medium
test,0,5,54,32,0.5331014520197641,28.857535041985102,174.6673100029875,0.0008016288047656417,1.0,1.0,1.0,1.0,1.1458333333333333e-05,1.15625,0.0,2.0,medium|hard|easy
test,0,5,55,32,0.532762768008979,29.390867971989792,175.20064294998883,0.018631335347890854,1.0,1.0,1.0,1.0,1.1423611111111112e-05,0.96875,0.0,2.0,hard|easy|medium
test,0,5,56,32,0.5316220440145116,29.922951562999515,175.7327267639921,0.0009075311827473342,1.0,1.0,1.0,1.0,1.138888888888889e-05,1.09375,0.0,2.0,hard|easy|medium
test,0,5,57,32,0.5338362429756671,30.4574002760055,176.26717529800953,0.0007767084171064198,1.0,1.0,1.0,1.0,1.1354166666666669e-05,0.9375,0.0,2.0,hard|easy|medium
test,0,5,58,32,0.5327708240074571,30.990790295996703,176.80056559300283,0.0008482739794999361,1.0,1.0,1.0,1.0,1.1319444444444444e-05,0.9375,0.0,2.0,hard|easy|medium
test,0,5,59,32,0.5317078160005622,31.52310073998524,177.33287570398534,0.0007164812413975596,1.0,1.0,1.0,1.0,1.1284722222222223e-05,1.125,0.0,2.0,hard|easy|medium
test,0,5,60,32,0.5329274240066297,32.056615782988956,177.8663908430026,0.0022939834743738174,1.0,1.0,1.0,1.0,1.125e-05,1.1875,0.0,2.0,hard|medium|easy
test,0,5,61,32,0.5323880889918655,32.58945942399441,178.39923438901315,0.11170866340398788,0.96875,0.96875,0.9705882352941176,0.9687194525904204,1.1215277777777778e-05,0.875,0.0,2.0,hard|easy|medium
test,0,5,62,32,0.5318218180036638,33.121741826005746,178.9315167980094,0.0009654410532675683,1.0,1.0,1.0,1.0,1.1180555555555557e-05,0.8125,0.0,2.0,hard|medium|easy
test,0,5,63,32,0.5335078299976885,33.65566435299115,179.46543931099586,0.000681027362588793,1.0,1.0,1.0,1.0,1.1145833333333334e-05,1.0,0.0,2.0,medium|easy|hard
test,0,5,64,4,0.1271295910119079,33.78322067699628,179.59299558700877,0.0010156049393117428,1.0,1.0,1.0,1.0,1.1111111111111113e-05,1.5,1.0,2.0,hard|medium
test,0,6,1,32,0.5339413990150206,0.6164785249857232,182.84554972700425,0.0405409075319767,0.9666666666666667,0.96875,0.9722222222222222,0.9684729064039409,1.1076388888888889e-05,1.0625,0.0,2.0,easy|hard|medium
test,0,6,2,32,0.5327494950033724,1.149958335008705,183.37902952599688,0.0005981004214845598,1.0,1.0,1.0,1.0,1.1041666666666668e-05,1.21875,0.0,2.0,easy|medium|hard
test,0,6,3,32,0.5318500580033287,1.6823810620117001,183.91145224799402,0.0005501221166923642,1.0,1.0,1.0,1.0,1.1006944444444445e-05,0.96875,0.0,2.0,medium|easy|hard
test,0,6,4,32,0.5317059970111586,2.214644527004566,184.44371572698583,0.0876719057559967,0.975,0.96875,0.9615384615384616,0.9671794871794872,1.0972222222222224e-05,1.09375,0.0,2.0,medium|hard|easy
test,0,6,5,32,0.5327172210090794,2.7479388510109857,184.97700996600906,0.11225616931915283,0.9615384615384616,0.96875,0.975,0.9671794871794872,1.0937500000000002e-05,1.03125,0.0,2.0,hard|easy|medium
test,0,6,6,32,0.5321376680221874,3.28062816199963,185.50969935799367,0.20569893717765808,0.9705882352941176,0.96875,0.96875,0.9687194525904204,1.0902777777777777e-05,0.65625,0.0,2.0,easy|medium|hard
test,0,6,7,32,0.5318046899919864,3.8129898800107185,186.04206105699996,0.13274629414081573,0.9666666666666667,0.96875,0.9722222222222222,0.9684729064039409,1.0868055555555556e-05,1.25,0.0,2.0,hard|medium|easy
test,0,6,8,32,0.5330264740041457,4.346515061013633,186.57558629001142,0.0005266616935841739,1.0,1.0,1.0,1.0,1.0833333333333334e-05,0.84375,0.0,2.0,easy|hard|medium
test,0,6,9,32,0.5322765149758197,4.879396195989102,187.1084673999867,0.0007283824379555881,1.0,1.0,1.0,1.0,1.0798611111111113e-05,0.875,0.0,2.0,medium|hard|easy
test,0,6,10,32,0.5322819289867766,5.412118728010682,187.64118992499425,0.0005792452138848603,1.0,1.0,1.0,1.0,1.076388888888889e-05,1.03125,0.0,2.0,easy|medium|hard
test,0,6,11,32,0.532746804994531,5.94543985198834,188.17451105298824,0.0006692096358165145,1.0,1.0,1.0,1.0,1.0729166666666669e-05,0.875,0.0,2.0,easy|medium|hard
test,0,6,12,32,0.5322475119901355,6.478233928995905,188.70730512199225,0.0007842786726541817,1.0,1.0,1.0,1.0,1.0694444444444444e-05,0.90625,0.0,2.0,medium|easy|hard
test,0,6,13,32,0.5320348840032239,7.010825505014509,189.23989670100855,0.0005542738363146782,1.0,1.0,1.0,1.0,1.0659722222222223e-05,1.25,0.0,2.0,easy|medium|hard
test,0,6,14,32,0.533795552997617,7.545221837994177,189.77429305500118,0.000549590855371207,1.0,1.0,1.0,1.0,1.0625e-05,1.1875,0.0,2.0,hard|easy|medium
test,0,6,15,32,0.532406310987426,8.078204668010585,190.30727584898705,0.0005897731753066182,1.0,1.0,1.0,1.0,1.0590277777777778e-05,0.9375,0.0,2.0,easy|hard|medium
test,0,6,16,32,0.5315098169958219,8.61022496400983,190.83929617799004,0.2756580114364624,0.9333333333333333,0.9375,0.9473684210526316,0.9365079365079365,1.0555555555555557e-05,0.65625,0.0,2.0,easy|medium|hard
test,0,6,17,32,0.5326455569884274,9.143319260008866,191.37239044700982,0.0006696476484648883,1.0,1.0,1.0,1.0,1.0520833333333333e-05,0.875,0.0,2.0,medium|hard|easy
test,0,6,18,32,0.532362986006774,9.676159358001314,191.9052305459918,0.0006561815971508622,1.0,1.0,1.0,1.0,1.0486111111111112e-05,1.15625,0.0,2.0,medium|hard|easy
test,0,6,19,32,0.5310179489897564,10.20773215801455,192.43680334099918,0.001363680581562221,1.0,1.0,1.0,1.0,1.0451388888888889e-05,1.15625,0.0,2.0,medium|easy|hard
test,0,6,20,32,0.5324930509959813,10.740802028012695,192.9698732169927,0.0005283922073431313,1.0,1.0,1.0,1.0,1.0416666666666668e-05,1.09375,0.0,2.0,medium|hard|easy
test,0,6,21,32,0.5320782110211439,11.273486974998377,193.50255817201105,0.0005707290256395936,1.0,1.0,1.0,1.0,1.0381944444444445e-05,0.90625,0.0,2.0,hard|easy|medium
test,0,6,22,32,0.5311762070050463,11.805285890994128,194.03435708599864,0.0007107489509508014,1.0,1.0,1.0,1.0,1.0347222222222224e-05,1.0,0.0,2.0,medium|hard|easy
test,0,6,23,32,0.5329131820180919,12.338754172989866,194.56782535999082,0.0004837911401409656,1.0,1.0,1.0,1.0,1.0312500000000002e-05,1.0,0.0,2.0,medium|easy|hard
test,0,6,24,32,0.5327542659942992,12.872127604990965,195.1011987790116,0.0004808081721421331,1.0,1.0,1.0,1.0,1.0277777777777777e-05,0.78125,0.0,2.0,easy|hard|medium
test,0,6,25,32,0.5312051940127276,13.403832028008765,195.63290321899694,0.0005393572500906885,1.0,1.0,1.0,1.0,1.0243055555555556e-05,0.9375,0.0,2.0,easy|hard|medium
test,0,6,26,32,0.5330129950016271,13.937440044013783,196.16651116599678,0.21442803740501404,0.9666666666666667,0.96875,0.9722222222222222,0.9684729064039409,1.0208333333333334e-05,1.0625,0.0,2.0,easy|hard|medium
test,0,6,27,32,0.5325818049896043,14.470617657003459,196.69968884199625,0.0005302312783896923,1.0,1.0,1.0,1.0,1.0173611111111113e-05,1.0,0.0,2.0,hard|medium|easy
test,0,6,28,32,0.5316733480140101,15.002881992986659,197.23195317899808,0.0005114017403684556,1.0,1.0,1.0,1.0,1.013888888888889e-05,1.15625,0.0,2.0,hard|medium|easy
test,0,6,29,32,0.5329210810014047,15.536427285987884,197.76549846600392,0.0006039794534444809,1.0,1.0,1.0,1.0,1.0104166666666669e-05,1.15625,0.0,2.0,hard|medium|easy
test,0,6,30,32,0.5322174039902166,16.069281942007365,198.29835312601062,0.0004916798206977546,1.0,1.0,1.0,1.0,1.0069444444444445e-05,0.8125,0.0,2.0,hard|easy|medium
test,0,6,31,32,0.5320920539961662,16.6019343190128,198.8310054980102,0.0007824921049177647,1.0,1.0,1.0,1.0,1.0034722222222224e-05,1.125,0.0,2.0,easy|hard|medium
test,0,6,32,32,0.5333111789950635,17.135821189003764,199.36489237000933,0.000548495736438781,1.0,1.0,1.0,1.0,1e-05,0.8125,0.0,2.0,medium|easy|hard
test,0,6,33,32,0.5328614329919219,17.669203722005477,199.8982748989947,0.0005824058316648006,1.0,1.0,1.0,1.0,9.965277777777778e-06,0.84375,0.0,2.0,easy|medium|hard
test,0,6,34,32,0.5317155870143324,18.201411357003963,200.43048258699127,0.000570000265724957,1.0,1.0,1.0,1.0,9.930555555555557e-06,0.78125,0.0,2.0,hard|easy|medium
test,0,6,35,32,0.53300326000317,18.73498307299451,200.9640542829875,0.000922441016882658,1.0,1.0,1.0,1.0,9.895833333333334e-06,0.8125,0.0,2.0,easy|medium|hard
test,0,6,36,32,0.5321745410037693,19.26769621501444,201.49676746298792,0.0006542589981108904,1.0,1.0,1.0,1.0,9.861111111111112e-06,1.0,0.0,2.0,hard|easy|medium
test,0,6,37,32,0.5314752190024592,19.799755998014007,202.02882718498586,0.0005606054328382015,1.0,1.0,1.0,1.0,9.826388888888889e-06,1.0,0.0,2.0,hard|medium|easy
test,0,6,38,32,0.5334704410051927,20.3337799780129,202.56285116198706,0.0015675831818953156,1.0,1.0,1.0,1.0,9.791666666666666e-06,0.65625,0.0,2.0,medium|easy|hard
test,0,6,39,32,0.5327334280009381,20.867013753013453,203.0960852149874,0.029357105493545532,0.9761904761904762,0.96875,0.9583333333333333,0.9660657476139979,9.756944444444445e-06,0.96875,0.0,2.0,medium|hard|easy
test,0,6,40,32,0.5316954930021893,21.39927297498798,203.6283441580017,0.0005865577841177583,1.0,1.0,1.0,1.0,9.722222222222223e-06,1.125,0.0,2.0,hard|easy|medium
test,0,6,41,32,0.534198926994577,21.934059054008685,204.1631302330061,0.17485174536705017,0.9666666666666667,0.96875,0.9722222222222222,0.9684729064039409,9.6875e-06,1.03125,0.0,2.0,hard|medium|easy
test,0,6,42,32,0.5328364870219957,22.467435742990347,204.69650693400763,0.0005874248454347253,1.0,1.0,1.0,1.0,9.652777777777779e-06,1.1875,0.0,2.0,hard|medium|easy
test,0,6,43,32,0.5316342260048259,22.999687378003728,205.22875887699774,0.00062536884797737,1.0,1.0,1.0,1.0,9.618055555555556e-06,0.96875,0.0,2.0,medium|easy|hard
test,0,6,44,32,0.5331869399815332,23.5334901069873,205.7625612950069,0.04772208631038666,0.9705882352941176,0.96875,0.96875,0.9687194525904204,9.583333333333335e-06,0.9375,0.0,2.0,hard|easy|medium
test,0,6,45,32,0.5331332680070773,24.06721609699889,206.29628728699754,0.0007052596774883568,1.0,1.0,1.0,1.0,9.548611111111113e-06,1.03125,0.0,2.0,medium|hard|easy
test,0,6,46,32,0.5324125459883362,24.600196154002333,206.82926734699868,0.0006177621544338763,1.0,1.0,1.0,1.0,9.51388888888889e-06,1.15625,0.0,2.0,hard|easy|medium
test,0,6,47,32,0.5332984370179474,25.134101070987526,207.36317257900373,0.0006525339558720589,1.0,1.0,1.0,1.0,9.479166666666667e-06,0.65625,0.0,2.0,medium|easy|hard
test,0,6,48,32,0.5320331089897081,25.666677219996927,207.89574834000086,0.001418207073584199,1.0,1.0,1.0,1.0,9.444444444444445e-06,0.8125,0.0,2.0,medium|hard|easy
test,0,6,49,32,0.5320390940178186,26.19926840098924,208.42833962099394,0.17585454881191254,0.9666666666666667,0.96875,0.9722222222222222,0.9684729064039409,9.409722222222224e-06,1.15625,0.0,2.0,easy|hard|medium
test,0,6,50,32,0.5330748919805046,26.732918240013532,208.96198941700277,0.0008602242451161146,1.0,1.0,1.0,1.0,9.375000000000001e-06,0.8125,0.0,2.0,medium|hard|easy
test,0,6,51,32,0.5332447100081481,27.266714653000236,209.4957858780108,0.0007570694433525205,1.0,1.0,1.0,1.0,9.340277777777778e-06,1.03125,0.0,2.0,hard|medium|easy
test,0,6,52,32,0.5313029250246473,27.798604556999635,210.0276757540123,0.0004965525004081428,1.0,1.0,1.0,1.0,9.305555555555557e-06,0.8125,0.0,2.0,hard|medium|easy
test,0,6,53,32,0.5333416610083077,28.33252341899788,210.5615945860045,0.0007514848839491606,1.0,1.0,1.0,1.0,9.270833333333334e-06,1.34375,0.0,2.0,medium|hard|easy
test,0,6,54,32,0.5325576109753456,28.86568342000828,211.09475460200338,0.0008607407798990607,1.0,1.0,1.0,1.0,9.236111111111112e-06,0.90625,0.0,2.0,hard|medium|easy
test,0,6,55,32,0.5320701810123865,29.39829026098596,211.62736151000718,0.00069097348023206,1.0,1.0,1.0,1.0,9.201388888888889e-06,0.875,0.0,2.0,easy|hard|medium
test,0,6,56,32,0.5334671660093591,29.932447350001894,212.16151863901177,0.0007080385112203658,1.0,1.0,1.0,1.0,9.166666666666666e-06,0.9375,0.0,2.0,easy|hard|medium
test,0,6,57,32,0.5325700470129959,30.46557231200859,212.69464352799696,0.0008290661498904228,1.0,1.0,1.0,1.0,9.131944444444445e-06,1.03125,0.0,2.0,hard|medium|easy
test,0,6,58,32,0.5314928749867249,30.99770629699924,213.22677747099078,0.003955090418457985,1.0,1.0,1.0,1.0,9.097222222222223e-06,0.8125,0.0,2.0,hard|easy|medium
test,0,6,59,32,0.533287805999862,31.531585816002917,213.7606569879863,0.0005388573044911027,1.0,1.0,1.0,1.0,9.0625e-06,0.90625,0.0,2.0,easy|medium|hard
test,0,6,60,32,0.5325321209966205,32.0648069960007,214.29387818000396,0.0005780674982815981,1.0,1.0,1.0,1.0,9.027777777777779e-06,0.96875,0.0,2.0,medium|easy|hard
test,0,6,61,32,0.531467587017687,32.596716644009575,214.82578789599938,0.0009235519100911915,1.0,1.0,1.0,1.0,8.993055555555556e-06,0.625,0.0,2.0,medium|easy|hard
test,0,6,62,32,0.5334269860177301,33.13061149101122,215.35968269099249,0.0005781959043815732,1.0,1.0,1.0,1.0,8.958333333333334e-06,0.90625,0.0,2.0,medium|easy|hard
test,0,6,63,32,0.5325513579882681,33.66368527099257,215.89275647798786,0.0004183031851425767,1.0,1.0,1.0,1.0,8.923611111111113e-06,1.25,0.0,2.0,medium|hard|easy
test,0,6,64,4,0.12694688100600615,33.79104422600358,216.02011551198666,0.0030239003244787455,1.0,1.0,1.0,1.0,8.888888888888888e-06,1.25,0.0,2.0,medium|hard|easy
test,0,7,1,32,0.5344692860089708,0.6174082389916293,219.28362607199233,0.0005424212431535125,1.0,1.0,1.0,1.0,8.854166666666667e-06,1.0,0.0,2.0,hard|medium|easy
test,0,7,2,32,0.5322537540050689,1.1503358899790328,219.81655368898646,0.0006799681577831507,1.0,1.0,1.0,1.0,8.819444444444445e-06,0.9375,0.0,2.0,medium|hard|easy
test,0,7,3,32,0.5331282480037771,1.684057127975393,220.35027498498675,0.0009978810558095574,1.0,1.0,1.0,1.0,8.784722222222224e-06,1.09375,0.0,2.0,hard|medium|easy
test,0,7,4,32,0.5323425609967671,2.216899861989077,220.8831176609965,0.00047105958219617605,1.0,1.0,1.0,1.0,8.750000000000001e-06,1.03125,0.0,2.0,easy|medium|hard
test,0,7,5,32,0.5317488569999114,2.749148578994209,221.4153667250066,0.0004912111908197403,1.0,1.0,1.0,1.0,8.715277777777778e-06,0.9375,0.0,2.0,easy|medium|hard
test,0,7,6,32,0.5332724349864293,3.282943175989203,221.94916101699346,0.0004729793290607631,1.0,1.0,1.0,1.0,8.680555555555557e-06,0.9375,0.0,2.0,medium|easy|hard
test,0,7,7,32,0.5321915819949936,3.8156124409870245,222.48183031598455,0.0006080733728595078,1.0,1.0,1.0,1.0,8.645833333333335e-06,0.96875,0.0,2.0,easy|medium|hard
test,0,7,8,32,0.532176935026655,4.34833119797986,223.01454906800063,0.00046670500887557864,1.0,1.0,1.0,1.0,8.611111111111112e-06,1.1875,0.0,2.0,medium|hard|easy
test,0,7,9,32,0.5334411910152994,4.882291924994206,223.54850981399068,0.00047808600356802344,1.0,1.0,1.0,1.0,8.57638888888889e-06,0.90625,0.0,2.0,easy|medium|hard
test,0,7,10,32,0.5323143560090102,5.415210214996478,224.08142806400429,0.0003999278414994478,1.0,1.0,1.0,1.0,8.541666666666666e-06,0.78125,0.0,2.0,medium|hard|easy
test,0,7,11,32,0.53263614201569,5.94837110399385,224.61458897599368,0.0004326188936829567,1.0,1.0,1.0,1.0,8.506944444444445e-06,0.96875,0.0,2.0,medium|hard|easy
test,0,7,12,32,0.5334841280127876,6.482473721989663,225.1486916889844,0.0004011046839877963,1.0,1.0,1.0,1.0,8.472222222222223e-06,1.125,0.0,2.0,medium|easy|hard
test,0,7,13,32,0.5327262890059501,7.015792021993548,225.68200988598983,0.00038488232530653477,1.0,1.0,1.0,1.0,8.4375e-06,0.84375,0.0,2.0,hard|easy|medium
test,0,7,14,32,0.5321918560075574,7.548559897986706,226.21477813500678,0.000381901569198817,1.0,1.0,1.0,1.0,8.402777777777779e-06,0.90625,0.0,2.0,easy|medium|hard
test,0,7,15,32,0.5334455970150884,8.082537493988639,226.74875536299078,0.0003541576152201742,1.0,1.0,1.0,1.0,8.368055555555556e-06,1.3125,0.0,2.0,hard|easy|medium
test,0,7,16,32,0.5327072329819202,8.615807822992792,227.28202563899686,0.000411457906011492,1.0,1.0,1.0,1.0,8.333333333333334e-06,1.0625,0.0,2.0,medium|hard|easy
test,0,7,17,32,0.5320759519818239,9.14836690298398,227.81458474500687,0.0003662817180156708,1.0,1.0,1.0,1.0,8.298611111111113e-06,0.9375,0.0,2.0,medium|easy|hard
test,0,7,18,32,0.5331851700029802,9.682116775977192,228.3483345679997,0.0004594913334585726,1.0,1.0,1.0,1.0,8.263888888888888e-06,1.40625,0.0,2.0,hard|easy|medium
test,0,7,19,32,0.5322765820019413,10.214918379002484,228.88113624000107,0.0004268870106898248,1.0,1.0,1.0,1.0,8.229166666666667e-06,1.0625,0.0,2.0,hard|medium|easy
test,0,7,20,32,0.5319680990069173,10.747420295985648,229.4136381339922,0.0003669438883662224,1.0,1.0,1.0,1.0,8.194444444444445e-06,1.1875,0.0,2.0,easy|hard|medium
test,0,7,21,32,0.5329388050013222,11.280896677984856,229.94711451701005,0.00039649574318900704,1.0,1.0,1.0,1.0,8.159722222222222e-06,0.9375,0.0,2.0,easy|hard|medium
test,0,7,22,32,0.5324846649891697,11.813880153989885,230.48009809598443,0.0003732563927769661,1.0,1.0,1.0,1.0,8.125000000000001e-06,0.78125,0.0,2.0,hard|medium|easy
test,0,7,23,32,0.5323224800231401,12.346733340993524,231.012951185985,0.18932050466537476,0.9583333333333333,0.96875,0.9761904761904762,0.9660657476139979,8.090277777777778e-06,1.15625,0.0,2.0,medium|easy|hard
test,0,7,24,32,0.5328643510001712,12.880131741985679,231.54634961899137,0.0004266240866854787,1.0,1.0,1.0,1.0,8.055555555555557e-06,1.0,0.0,2.0,medium|easy|hard
test,0,7,25,32,0.5328436289855745,13.413584461988648,232.07980232400587,0.000423399091232568,1.0,1.0,1.0,1.0,8.020833333333335e-06,0.875,0.0,2.0,easy|hard|medium
test,0,7,26,32,0.5320046010019723,13.946105037990492,232.61232285000733,0.00042272749124094844,1.0,1.0,1.0,1.0,7.986111111111112e-06,0.75,0.0,2.0,medium|easy|hard
test,0,7,27,32,0.5331958399910945,14.479850652976893,233.14606850699056,0.0003726758877746761,1.0,1.0,1.0,1.0,7.95138888888889e-06,0.875,0.0,2.0,hard|medium|easy
test,0,7,28,32,0.5327690969861578,15.013137737987563,233.67935559299076,0.00038762117037549615,1.0,1.0,1.0,1.0,7.916666666666667e-06,0.8125,0.0,2.0,medium|hard|easy
test,0,7,29,32,0.5324142339813989,15.54606094097835,234.2122788100096,0.00033660809276625514,1.0,1.0,1.0,1.0,7.881944444444446e-06,0.90625,0.0,2.0,hard|easy|medium
test,0,7,30,32,0.5328334670048207,16.079408457997488,234.74562626099214,0.0003526873479131609,1.0,1.0,1.0,1.0,7.847222222222223e-06,0.84375,0.0,2.0,easy|medium|hard
test,0,7,31,32,0.5322969370172359,16.61227078299271,235.27848858298967,0.0003658828209154308,1.0,1.0,1.0,1.0,7.8125e-06,1.0,0.0,2.0,easy|hard|medium
test,0,7,32,32,0.5322848549985792,17.145085860975087,235.81130404298892,0.00036929058842360973,1.0,1.0,1.0,1.0,7.77777777777778e-06,0.875,0.0,2.0,medium|hard|easy
test,0,7,33,32,0.5330270620179363,17.678646049986128,236.34486392399413,0.00035928268334828317,1.0,1.0,1.0,1.0,7.743055555555556e-06,0.96875,0.0,2.0,easy|medium|hard
test,0,7,34,32,0.5324579590233043,18.211662224988686,236.87788002600428,0.0004249242483638227,1.0,1.0,1.0,1.0,7.708333333333334e-06,0.9375,0.0,2.0,hard|medium|easy
test,0,7,35,32,0.5324213179992512,18.744652116991347,237.41086999099934,0.0003875162510666996,1.0,1.0,1.0,1.0,7.673611111111113e-06,1.03125,0.0,2.0,easy|hard|medium
test,0,7,36,32,0.5332886349933688,19.27849385299487,237.94471171099576,0.00033370975870639086,1.0,1.0,1.0,1.0,7.638888888888888e-06,1.125,0.0,2.0,hard|medium|easy
test,0,7,37,32,0.5325592570006847,19.81154357799096,238.47776146500837,0.0005250480608083308,1.0,1.0,1.0,1.0,7.6041666666666666e-06,0.71875,0.0,2.0,easy|hard|medium
test,0,7,38,32,0.5322194719919935,20.344288793974556,239.01050663998467,0.1608106642961502,0.9705882352941176,0.96875,0.96875,0.9687194525904204,7.569444444444445e-06,1.03125,0.0,2.0,easy|hard|medium
test,0,7,39,32,0.533310964005068,20.87815129099181,239.54436919200816,0.00032562948763370514,1.0,1.0,1.0,1.0,7.534722222222223e-06,0.96875,0.0,2.0,medium|easy|hard
test,0,7,40,32,0.5329460219945759,21.41162595298374,240.07784377300413,0.0003914266126230359,1.0,1.0,1.0,1.0,7.500000000000001e-06,1.0625,0.0,2.0,hard|medium|easy
test,0,7,41,32,0.5322091059933882,21.94439315897762,240.61061105001136,0.14879626035690308,0.96875,0.96875,0.9705882352941176,0.9687194525904204,7.465277777777778e-06,1.15625,0.0,2.0,hard|easy|medium
test,0,7,42,32,0.5331651599844918,22.478170185990166,241.14438807600527,0.0003608262341003865,1.0,1.0,1.0,1.0,7.4305555555555565e-06,0.8125,0.0,2.0,easy|medium|hard
test,0,7,43,32,0.5326475620095152,23.011321278987452,241.6775391509873,0.0003588574181776494,1.0,1.0,1.0,1.0,7.395833333333335e-06,1.03125,0.0,2.0,medium|hard|easy
test,0,7,44,32,0.5321980949956924,23.544088633992942,242.2103066869895,0.0004005467053502798,1.0,1.0,1.0,1.0,7.361111111111112e-06,1.0,0.0,2.0,medium|hard|easy
test,0,7,45,32,0.5337070169916842,24.078379544982454,242.74459742198815,0.14550942182540894,0.9722222222222222,0.96875,0.9666666666666667,0.9684729064039409,7.326388888888889e-06,1.0625,0.0,2.0,medium|hard|easy
test,0,7,46,32,0.5321671040146612,24.6111607439816,243.2773785989848,0.0003560794866643846,1.0,1.0,1.0,1.0,7.291666666666667e-06,0.6875,0.0,2.0,medium|hard|easy
test,0,7,47,32,0.5315747649874538,25.143272416986292,243.80949020999833,0.0005790858995169401,1.0,1.0,1.0,1.0,7.256944444444445e-06,0.875,0.0,2.0,medium|easy|hard
test,0,7,48,32,0.53303808401688,25.676914436975494,244.3431323019904,0.148088738322258,0.975,0.96875,0.9615384615384616,0.9671794871794872,7.222222222222223e-06,0.96875,0.0,2.0,medium|easy|hard
test,0,7,49,32,0.532445782009745,26.209844402997987,244.87606221900205,0.0006001850706525147,1.0,1.0,1.0,1.0,7.1875e-06,0.84375,0.0,2.0,hard|medium|easy
test,0,7,50,32,0.5322580219944939,26.742638297990197,245.40885619199253,0.0007054037414491177,1.0,1.0,1.0,1.0,7.152777777777778e-06,0.71875,0.0,2.0,medium|easy|hard
test,0,7,51,32,0.5330601769965142,27.27625213097781,245.94246998100425,0.0007476904429495335,1.0,1.0,1.0,1.0,7.1180555555555565e-06,0.875,0.0,2.0,medium|hard|easy
test,0,7,52,32,0.5323552920017391,27.809103209991008,246.4753213119984,0.00048805627739056945,1.0,1.0,1.0,1.0,7.083333333333335e-06,0.875,0.0,2.0,medium|easy|hard
test,0,7,53,32,0.5327815859927796,28.34242366597755,247.00864150898997,0.0006499430164694786,1.0,1.0,1.0,1.0,7.048611111111112e-06,0.96875,0.0,2.0,medium|easy|hard
test,0,7,54,32,0.5328532829880714,28.87584409400006,247.54206195299048,0.0142902173101902,1.0,1.0,1.0,1.0,7.013888888888889e-06,1.09375,0.0,2.0,medium|easy|hard
test,0,7,55,32,0.5326006089744624,29.40898362797452,248.0752014289901,0.0003891419037245214,1.0,1.0,1.0,1.0,6.979166666666667e-06,1.03125,0.0,2.0,hard|easy|medium
test,0,7,56,32,0.5321672020072583,29.941656164999586,248.60787403100403,0.004418644588440657,1.0,1.0,1.0,1.0,6.944444444444445e-06,1.0625,0.0,2.0,hard|medium|easy
test,0,7,57,32,0.5331826549954712,30.475391491985647,249.14160933400854,0.00034641692764125764,1.0,1.0,1.0,1.0,6.909722222222223e-06,1.25,0.0,2.0,easy|medium|hard
test,0,7,58,32,0.5326064550026786,31.008573152997997,249.67479123501107,0.000591340649407357,1.0,1.0,1.0,1.0,6.875e-06,0.65625,0.0,2.0,medium|easy|hard
test,0,7,59,32,0.5323921699891798,31.541526296001393,250.20774409201113,0.00034914480056613684,1.0,1.0,1.0,1.0,6.840277777777778e-06,1.0,0.0,2.0,medium|easy|hard
test,0,7,60,32,0.5329891389992554,32.075160766980844,250.74137862899806,0.0004515271575655788,1.0,1.0,1.0,1.0,6.8055555555555566e-06,0.875,0.0,2.0,medium|easy|hard
test,0,7,61,32,0.5323354479914997,32.6079495579761,251.27416740899207,0.00029761483892798424,1.0,1.0,1.0,1.0,6.770833333333334e-06,1.125,0.0,2.0,hard|easy|medium
test,0,7,62,32,0.5321592490072362,33.14051567798015,251.8067335379892,0.0003509561938699335,1.0,1.0,1.0,1.0,6.736111111111112e-06,1.0625,0.0,2.0,hard|easy|medium
test,0,7,63,32,0.5329528499860317,33.67393191400333,252.3401497869927,0.00036627621739171445,1.0,1.0,1.0,1.0,6.701388888888889e-06,0.96875,0.0,2.0,medium|hard|easy
test,0,7,64,4,0.12701203598408028,33.80136736499844,252.46758518199204,0.0003290619351901114,1.0,1.0,1.0,1.0,6.666666666666667e-06,1.0,0.0,2.0,easy|hard
test,0,8,1,32,0.5337131860142108,0.6176272930169944,255.73014494701056,0.0003382835420779884,1.0,1.0,1.0,1.0,6.631944444444445e-06,0.59375,0.0,2.0,medium|easy|hard
test,0,8,2,32,0.5342338430054951,1.1525268999976106,256.2650406489847,0.000302187108900398,1.0,1.0,1.0,1.0,6.597222222222223e-06,0.96875,0.0,2.0,hard|medium|easy
test,0,8,3,32,0.533158245991217,1.686260732007213,256.7987744729908,0.00034761003917083144,1.0,1.0,1.0,1.0,6.5625e-06,1.21875,0.0,2.0,hard|medium|easy
test,0,8,4,32,0.5340804380248301,2.2207945940026548,257.3333083880134,0.0013254322111606598,1.0,1.0,1.0,1.0,6.5277777777777784e-06,0.9375,0.0,2.0,easy|hard|medium
test,0,8,5,32,0.5330864519928582,2.75438249099534,257.8668962169904,0.00034023949410766363,1.0,1.0,1.0,1.0,6.493055555555557e-06,1.09375,0.0,2.0,easy|hard|medium
test,0,8,6,32,0.533281273994362,3.2882387330173515,258.40075250700465,0.12798261642456055,0.9705882352941176,0.96875,0.96875,0.9687194525904204,6.458333333333334e-06,0.8125,0.0,2.0,medium|hard|easy
test,0,8,7,32,0.5332635290105827,3.822086529020453,258.93460037899786,0.00048639977467246354,1.0,1.0,1.0,1.0,6.423611111111112e-06,0.71875,0.0,2.0,medium|easy|hard
test,0,8,8,32,0.5331259809900075,4.355681362008909,259.4681950699887,0.00035811105044558644,1.0,1.0,1.0,1.0,6.3888888888888885e-06,1.0,0.0,2.0,medium|hard|easy
test,0,8,9,32,0.5327718979970086,4.889005778008141,260.00151947999257,0.0003527158114593476,1.0,1.0,1.0,1.0,6.354166666666667e-06,1.0,0.0,2.0,medium|easy|hard
test,0,8,10,32,0.5334239640214946,5.42297084099846,260.53548468998633,0.0003770048206206411,1.0,1.0,1.0,1.0,6.319444444444445e-06,0.8125,0.0,2.0,easy|hard|medium
test,0,8,11,32,0.5328629720024765,5.956416338012787,261.06893006298924,0.0003632743319030851,1.0,1.0,1.0,1.0,6.284722222222223e-06,0.8125,0.0,2.0,easy|medium|hard
test,0,8,12,32,0.5330736119940411,6.489993409020826,261.60250718300813,0.00028001313330605626,1.0,1.0,1.0,1.0,6.25e-06,0.9375,0.0,2.0,easy|medium|hard
test,0,8,13,32,0.5331578959885519,7.0237489030114375,262.1362626699847,0.0007277632248587906,1.0,1.0,1.0,1.0,6.2152777777777785e-06,1.03125,0.0,2.0,easy|hard|medium
test,0,8,14,32,0.5329022819933016,7.557206110999687,262.66972013001214,0.0003473652177490294,1.0,1.0,1.0,1.0,6.180555555555557e-06,1.0,0.0,2.0,medium|hard|easy
test,0,8,15,32,0.533111867000116,8.090902568015736,263.2034162780037,0.00028907027444802225,1.0,1.0,1.0,1.0,6.145833333333334e-06,1.15625,0.0,2.0,medium|hard|easy
test,0,8,16,32,0.5337451369850896,8.625158431008458,263.7376721689943,0.000379666656954214,1.0,1.0,1.0,1.0,6.111111111111112e-06,1.15625,0.0,2.0,easy|hard|medium
test,0,8,17,32,0.5331003979954403,9.15887474201736,264.27138847101014,0.00032865305547602475,1.0,1.0,1.0,1.0,6.0763888888888885e-06,0.875,0.0,2.0,easy|medium|hard
test,0,8,18,32,0.531213296984788,9.690608472010354,264.8031222319987,0.0304559338837862,0.96875,0.96875,0.9705882352941176,0.9687194525904204,6.041666666666667e-06,0.90625,0.0,2.0,medium|hard|easy
test,0,8,19,32,0.5334108549868688,10.224552819010569,265.3370665870025,0.00031166954431682825,1.0,1.0,1.0,1.0,6.006944444444445e-06,0.875,0.0,2.0,easy|medium|hard
test,0,8,20,32,0.5332268039928749,10.758352678996744,265.87086644300143,0.0003682324895635247,1.0,1.0,1.0,1.0,5.972222222222222e-06,0.8125,0.0,2.0,easy|hard|medium
test,0,8,21,32,0.5319339119887445,11.29093762600678,266.4034513589868,0.0003862084122374654,1.0,1.0,1.0,1.0,5.9375e-06,1.125,0.0,2.0,medium|easy|hard
test,0,8,22,32,0.5337440620060079,11.825195392011665,266.93770944699645,0.0006695513147860765,1.0,1.0,1.0,1.0,5.9027777777777785e-06,0.8125,0.0,2.0,medium|easy|hard
test,0,8,23,32,0.5331043590267655,12.35890516100335,267.47141886199825,0.00034202326787635684,1.0,1.0,1.0,1.0,5.868055555555557e-06,0.78125,0.0,2.0,hard|medium|easy
test,0,8,24,32,0.5315756360068917,12.891000189003535,268.00351390001015,0.0002912829222623259,1.0,1.0,1.0,1.0,5.833333333333334e-06,0.875,0.0,2.0,easy|medium|hard
test,0,8,25,32,0.5337232319870964,13.425222363002831,268.537736105005,0.0003345583099871874,1.0,1.0,1.0,1.0,5.798611111111112e-06,0.875,0.0,2.0,easy|medium|hard
test,0,8,26,32,0.5324491730134469,13.95824391199858,269.0707576329878,0.0003374883672222495,1.0,1.0,1.0,1.0,5.7638888888888886e-06,1.125,0.0,2.0,medium|hard|easy
test,0,8,27,32,0.5318832980119623,14.490648759994656,269.60316249501193,0.004174803849309683,1.0,1.0,1.0,1.0,5.729166666666667e-06,1.0625,0.0,2.0,medium|hard|easy
test,0,8,28,32,0.5335851280251518,15.024811326002236,270.13732503098436,0.0003058721777051687,1.0,1.0,1.0,1.0,5.694444444444445e-06,0.96875,0.0,2.0,easy|medium|hard
test,0,8,29,32,0.5329675989923999,15.558217382000294,270.6707315079984,0.0003158150939270854,1.0,1.0,1.0,1.0,5.659722222222222e-06,0.875,0.0,2.0,medium|easy|hard
test,0,8,30,32,0.5319509129913058,16.090759548998903,271.20327324900427,0.00026616762625053525,1.0,1.0,1.0,1.0,5.625e-06,1.28125,0.0,2.0,easy|hard|medium
test,0,8,31,32,0.5334408000053372,16.624748636008007,271.73726239899406,0.0003555497096385807,1.0,1.0,1.0,1.0,5.5902777777777785e-06,1.125,0.0,2.0,easy|hard|medium
test,0,8,32,32,0.5328473550034687,17.158179874997586,272.2706935770111,0.0006627602269873023,1.0,1.0,1.0,1.0,5.555555555555557e-06,0.96875,0.0,2.0,hard|easy|medium
test,0,8,33,32,0.5319164280081168,17.69063484601793,272.8031485489919,0.0004550227604340762,1.0,1.0,1.0,1.0,5.520833333333334e-06,1.1875,0.0,2.0,medium|hard|easy
test,0,8,34,32,0.533505942003103,18.2247431660071,273.33725694200257,0.00031512294663116336,1.0,1.0,1.0,1.0,5.486111111111112e-06,0.90625,0.0,2.0,medium|hard|easy
test,0,8,35,32,0.5328499110182747,18.75808652100386,273.8706002969993,0.00029708328656852245,1.0,1.0,1.0,1.0,5.451388888888889e-06,1.0,0.0,2.0,hard|medium|easy
test,0,8,36,32,0.5315737909986638,19.290280345012434,274.40279405598994,0.0002849065058398992,1.0,1.0,1.0,1.0,5.416666666666667e-06,1.0625,0.0,2.0,medium|easy|hard
test,0,8,37,32,0.533392019016901,19.824227047007298,274.9367407480022,0.0002852397155947983,1.0,1.0,1.0,1.0,5.381944444444445e-06,0.8125,0.0,2.0,easy|hard|medium
test,0,8,38,32,0.5325763300061226,20.357340779999504,275.4698545350111,0.00031368399504572153,1.0,1.0,1.0,1.0,5.347222222222222e-06,1.09375,0.0,2.0,hard|easy|medium
test,0,8,39,32,0.5315719899954274,20.889484215993434,276.00199791800696,0.0003200391656719148,1.0,1.0,1.0,1.0,5.3125e-06,0.9375,0.0,2.0,medium|easy|hard
test,0,8,40,32,0.5336816260241903,21.423639773012837,276.5361535020056,0.00029196852119639516,1.0,1.0,1.0,1.0,5.2777777777777785e-06,1.125,0.0,2.0,medium|hard|easy
test,0,8,41,32,0.5324452510103583,21.95662696499494,277.06914070798666,0.0003158095641992986,1.0,1.0,1.0,1.0,5.243055555555556e-06,1.0625,0.0,2.0,easy|hard|medium
test,0,8,42,32,0.5319435630226508,22.489189523999812,277.60170323899365,0.00028682776610367,1.0,1.0,1.0,1.0,5.208333333333334e-06,1.03125,0.0,2.0,hard|easy|medium
test,0,8,43,32,0.5330359710205812,23.022813084011432,278.135326788004,0.00034426950151100755,1.0,1.0,1.0,1.0,5.173611111111112e-06,0.84375,0.0,2.0,easy|medium|hard
test,0,8,44,32,0.5328008960059378,23.556037660018774,278.66855135399965,0.0002691716072149575,1.0,1.0,1.0,1.0,5.138888888888889e-06,0.875,0.0,2.0,easy|medium|hard
test,0,8,45,32,0.5317187829932664,24.088404804002494,279.20091855799546,0.00027767691062763333,1.0,1.0,1.0,1.0,5.104166666666667e-06,0.8125,0.0,2.0,medium|hard|easy
test,0,8,46,32,0.5338996909849811,24.62282821800909,279.73534198699053,0.00024284000392071903,1.0,1.0,1.0,1.0,5.069444444444445e-06,0.9375,0.0,2.0,medium|easy|hard
test,0,8,47,32,0.532524653011933,25.155946498998674,280.2684602960071,0.0002860409440472722,1.0,1.0,1.0,1.0,5.034722222222222e-06,0.90625,0.0,2.0,medium|easy|hard
test,0,8,48,32,0.5313615449995268,25.687812785996357,280.800326519995,0.00030168931698426604,1.0,1.0,1.0,1.0,5e-06,1.125,0.0,2.0,hard|medium|easy
test,0,8,49,32,0.5333990259969141,26.221795404999284,281.33430920698447,0.00028992927400395274,1.0,1.0,1.0,1.0,4.9652777777777786e-06,0.875,0.0,2.0,medium|easy|hard
test,0,8,50,32,0.5321752510208171,26.754481333016884,281.86699507499,0.00028686027508229017,1.0,1.0,1.0,1.0,4.930555555555556e-06,1.0,0.0,2.0,medium|hard|easy
test,0,8,51,32,0.5316616049967706,27.286743781005498,282.3992575829907,0.0002630020026117563,1.0,1.0,1.0,1.0,4.895833333333333e-06,1.03125,0.0,2.0,hard|easy|medium
test,0,8,52,32,0.5336552600201685,27.820943586993963,282.9334572920052,0.0002878294908441603,1.0,1.0,1.0,1.0,4.861111111111111e-06,0.9375,0.0,2.0,medium|hard|easy
test,0,8,53,32,0.5327178470033687,28.35421378602041,283.4667275540123,0.00026108225574716926,1.0,1.0,1.0,1.0,4.8263888888888895e-06,1.125,0.0,2.0,easy|hard|medium
test,0,8,54,32,0.5321069989877287,28.88676977501018,283.99928352001007,0.000265787064563483,1.0,1.0,1.0,1.0,4.791666666666668e-06,1.15625,0.0,2.0,hard|medium|easy
test,0,8,55,32,0.5335771040117834,29.42081380201853,284.5333275590092,0.0002650496899150312,1.0,1.0,1.0,1.0,4.756944444444445e-06,1.25,0.0,2.0,medium|hard|easy
test,0,8,56,32,0.5324528159981128,29.953859820001526,285.0663735650014,0.00026015134062618017,1.0,1.0,1.0,1.0,4.722222222222222e-06,0.8125,0.0,2.0,medium|hard|easy
test,0,8,57,32,0.5319257939991076,30.486256283009425,285.5987703760038,0.00027210620464757085,1.0,1.0,1.0,1.0,4.6875000000000004e-06,1.03125,0.0,2.0,easy|hard|medium
test,0,8,58,32,0.5336086289898958,31.02041710302001,286.13293080599396,0.0002955464005935937,1.0,1.0,1.0,1.0,4.652777777777779e-06,1.0625,0.0,2.0,medium|easy|hard
test,0,8,59,32,0.5321618199814111,31.55306897201808,286.6655827279901,0.0002835880150087178,1.0,1.0,1.0,1.0,4.618055555555556e-06,0.875,0.0,2.0,medium|easy|hard
test,0,8,60,32,0.5321489540219773,32.085934689996066,287.1984484499844,0.03395873308181763,0.9722222222222222,0.96875,0.9666666666666667,0.9684729064039409,4.583333333333333e-06,0.84375,0.0,2.0,easy|hard|medium
test,0,8,61,32,0.5336991419899277,32.62008667801274,287.7326004829956,0.00027132677496410906,1.0,1.0,1.0,1.0,4.548611111111111e-06,1.09375,0.0,2.0,easy|medium|hard
test,0,8,62,32,0.5325210670125671,33.153112749016145,288.2656265189871,0.14978380501270294,0.9615384615384616,0.96875,0.975,0.9671794871794872,4.5138888888888895e-06,1.0625,0.0,2.0,hard|medium|easy
test,0,8,63,32,0.5318160940078087,33.685367018013494,288.7978807670006,0.00029158705729059875,1.0,1.0,1.0,1.0,4.479166666666667e-06,0.84375,0.0,2.0,easy|medium|hard
test,0,8,64,4,0.1277294610044919,33.81361390900565,288.9261276469915,0.0002809054567478597,1.0,1.0,1.0,1.0,4.444444444444444e-06,0.5,0.0,2.0,easy|hard
test,0,9,1,32,0.5333593820105307,0.6170917050039861,292.1829091219988,0.00027205643709748983,1.0,1.0,1.0,1.0,4.409722222222222e-06,0.84375,0.0,2.0,hard|easy|medium
test,0,9,2,32,0.5311508509912528,1.1490075420006178,292.7148212589964,0.0002497741370461881,1.0,1.0,1.0,1.0,4.3750000000000005e-06,0.75,0.0,2.0,easy|hard|medium
test,0,9,3,32,0.5327386790013406,1.6823525489890017,293.24816626499523,0.00033109975629486144,1.0,1.0,1.0,1.0,4.340277777777779e-06,0.875,0.0,2.0,easy|medium|hard
test,0,9,4,32,0.532619870005874,2.215451233991189,293.78126494499156,0.00025630072923377156,1.0,1.0,1.0,1.0,4.305555555555556e-06,1.0625,0.0,2.0,hard|easy|medium
test,0,9,5,32,0.5317793659924064,2.7478252580040134,294.3136389369902,0.0003371090569999069,1.0,1.0,1.0,1.0,4.270833333333333e-06,0.875,0.0,2.0,easy|hard|medium
test,0,9,6,32,0.5335966179845855,3.281910568999592,294.8477242880035,0.00026959131355397403,1.0,1.0,1.0,1.0,4.236111111111111e-06,1.0,0.0,2.0,hard|easy|medium
test,0,9,7,32,0.5318250920099672,3.8143072119855788,295.38012111000717,0.00026617111871019006,1.0,1.0,1.0,1.0,4.2013888888888896e-06,0.96875,0.0,2.0,medium|hard|easy
test,0,9,8,32,0.5319118990155403,4.346791246993234,295.91260490499553,0.0003043593023903668,1.0,1.0,1.0,1.0,4.166666666666667e-06,1.0,0.0,2.0,hard|easy|medium
test,0,9,9,32,0.5339357320044655,4.881348994997097,296.4471626600134,0.0011568102054297924,1.0,1.0,1.0,1.0,4.131944444444444e-06,0.75,0.0,2.0,medium|easy|hard
test,0,9,10,32,0.5329008089902345,5.414835884992499,296.98064960099873,0.0002666925429366529,1.0,1.0,1.0,1.0,4.097222222222222e-06,1.1875,0.0,2.0,medium|easy|hard
test,0,9,11,32,0.5312917660048697,5.946652003010968,297.51246573298704,0.0003460128209553659,1.0,1.0,1.0,1.0,4.0625000000000005e-06,0.90625,0.0,2.0,easy|medium|hard
test,0,9,12,32,0.5335126470017713,6.48062120800023,298.04643493201,0.0002713513094931841,1.0,1.0,1.0,1.0,4.027777777777779e-06,1.0625,0.0,2.0,hard|medium|easy
test,0,9,13,32,0.5326277510030195,7.01368602499133,298.579499754007,0.0002693851129151881,1.0,1.0,1.0,1.0,3.993055555555556e-06,1.21875,0.0,2.0,hard|easy|medium
test,0,9,14,32,0.5316465659998357,7.545872805989347,299.1116864689975,0.00027644209330901504,1.0,1.0,1.0,1.0,3.958333333333333e-06,1.03125,0.0,2.0,hard|easy|medium
test,0,9,15,32,0.5331858840072528,8.07963096399908,299.64544468800887,0.0002878670347854495,1.0,1.0,1.0,1.0,3.9236111111111114e-06,1.03125,0.0,2.0,easy|hard|medium
test,0,9,16,32,0.5324438030074816,8.612704233004479,300.1785179449944,0.00029909872682765126,1.0,1.0,1.0,1.0,3.88888888888889e-06,0.90625,0.0,2.0,easy|medium|hard
test,0,9,17,32,0.5319523539801594,9.145225965999998,300.71103963200585,0.00024356404901482165,1.0,1.0,1.0,1.0,3.854166666666667e-06,1.375,0.0,2.0,hard|medium|easy
test,0,9,18,32,0.5333405469718855,9.679045216005761,301.2448589359992,0.0002748457482084632,1.0,1.0,1.0,1.0,3.819444444444444e-06,1.03125,0.0,2.0,hard|medium|easy
test,0,9,19,32,0.5320530339959078,10.211661584995454,301.77747525498853,0.0002798442728817463,1.0,1.0,1.0,1.0,3.7847222222222224e-06,0.9375,0.0,2.0,medium|easy|hard
test,0,9,20,32,0.5321965260081924,10.744508712989045,302.31032237800537,0.00025412015384063125,1.0,1.0,1.0,1.0,3.7500000000000005e-06,0.9375,0.0,2.0,hard|easy|medium
test,0,9,21,32,0.5338040050119162,11.278760738001438,302.8445744620112,0.00029888650169596076,1.0,1.0,1.0,1.0,3.7152777777777783e-06,0.78125,0.0,2.0,medium|easy|hard
test,0,9,22,32,0.5329209699993953,11.812284315994475,303.3780980159936,0.00029189232736825943,1.0,1.0,1.0,1.0,3.680555555555556e-06,1.03125,0.0,2.0,easy|hard|medium
test,0,9,23,32,0.5310939509945456,12.343901908985572,303.90971557301236,0.0003460893058218062,1.0,1.0,1.0,1.0,3.6458333333333333e-06,0.84375,0.0,2.0,easy|medium|hard
test,0,9,24,32,0.534033049014397,12.878524656989612,304.44433833498624,0.0002581035951152444,1.0,1.0,1.0,1.0,3.6111111111111115e-06,0.875,0.0,2.0,easy|medium|hard
test,0,9,25,32,0.532195406005485,13.41123521598638,304.97704888600856,0.00026815207093022764,1.0,1.0,1.0,1.0,3.576388888888889e-06,1.4375,0.0,2.0,medium|hard|easy
test,0,9,26,32,0.5318694000015967,13.943646606989205,305.5094603190082,0.0002797975903376937,1.0,1.0,1.0,1.0,3.5416666666666673e-06,0.90625,0.0,2.0,hard|medium|easy
test,0,9,27,32,0.5332561180111952,14.477475152001716,306.04328881698893,0.0002794683969113976,1.0,1.0,1.0,1.0,3.5069444444444447e-06,0.90625,0.0,2.0,hard|easy|medium
test,0,9,28,32,0.5322711110056844,15.010311711987015,306.57612543500727,0.00027215431327931583,1.0,1.0,1.0,1.0,3.4722222222222224e-06,1.09375,0.0,2.0,easy|hard|medium
test,0,9,29,32,0.5319210810121149,15.542806150013348,307.10861991200363,0.00025024256319738925,1.0,1.0,1.0,1.0,3.4375e-06,0.71875,0.0,2.0,easy|medium|hard
test,0,9,30,32,0.5335662129800767,16.076984173996607,307.6427979680011,0.00036755166365765035,1.0,1.0,1.0,1.0,3.4027777777777783e-06,0.96875,0.0,2.0,medium|easy|hard
test,0,9,31,32,0.5324588119983673,16.610003195004538,308.1758168580127,0.00024757455685175955,1.0,1.0,1.0,1.0,3.368055555555556e-06,1.0625,0.0,2.0,easy|hard|medium
test,0,9,32,32,0.5317516940122005,17.14225923299091,308.7080729579902,0.0002267948439111933,1.0,1.0,1.0,1.0,3.3333333333333333e-06,1.125,0.0,2.0,hard|medium|easy
test,0,9,33,32,0.5335911129950546,17.676415360998362,309.2422291529947,0.0002329053677385673,1.0,1.0,1.0,1.0,3.2986111111111115e-06,0.9375,0.0,2.0,hard|medium|easy
test,0,9,34,32,0.5326392510032747,18.209548182989238,309.7753618659917,0.00021709533757530153,1.0,1.0,1.0,1.0,3.2638888888888892e-06,1.03125,0.0,2.0,easy|hard|medium
test,0,9,35,32,0.5319053580169566,18.74193473800551,310.3077487729897,0.00024068080529104918,1.0,1.0,1.0,1.0,3.229166666666667e-06,1.0625,0.0,2.0,easy|medium|hard
test,0,9,36,32,0.5334682049870025,19.27594037601375,310.8417540299997,0.00030483072623610497,1.0,1.0,1.0,1.0,3.1944444444444443e-06,1.03125,0.0,2.0,hard|medium|easy
test,0,9,37,32,0.5331836480181664,19.80967723298818,311.3754911920114,0.00027084065368399024,1.0,1.0,1.0,1.0,3.1597222222222224e-06,0.875,0.0,2.0,medium|easy|hard
test,0,9,38,32,0.5321987000061199,20.34232323098695,311.90813690100913,0.00023582103312946856,1.0,1.0,1.0,1.0,3.125e-06,1.0,0.0,2.0,hard|easy|medium
test,0,9,39,32,0.5336060840054415,20.876470310002333,312.44228396500694,0.00024842238053679466,1.0,1.0,1.0,1.0,3.0902777777777783e-06,0.75,0.0,2.0,medium|easy|hard
test,0,9,40,32,0.53208676999202,21.40907410098589,312.9748878169921,0.0003047173086088151,1.0,1.0,1.0,1.0,3.055555555555556e-06,0.9375,0.0,2.0,medium|easy|hard
test,0,9,41,32,0.5320681279990822,21.941665332007688,313.5074790669896,0.00025865744100883603,1.0,1.0,1.0,1.0,3.0208333333333334e-06,0.90625,0.0,2.0,easy|medium|hard
test,0,9,42,32,0.5335696490074042,22.475753864011494,314.04156761599006,0.00022049155086278915,1.0,1.0,1.0,1.0,2.986111111111111e-06,1.0,0.0,2.0,easy|medium|hard
test,0,9,43,32,0.5326672679802869,23.008903272013413,314.5747169360111,0.00022639580129180104,1.0,1.0,1.0,1.0,2.9513888888888892e-06,1.0,0.0,2.0,easy|hard|medium
test,0,9,44,32,0.531917776010232,23.541389266989427,315.1072029900097,0.0002390112931607291,1.0,1.0,1.0,1.0,2.916666666666667e-06,0.96875,0.0,2.0,hard|medium|easy
test,0,9,45,32,0.533281584008364,24.075165137008298,315.64097886698437,0.00022306987375486642,1.0,1.0,1.0,1.0,2.8819444444444443e-06,0.75,0.0,2.0,easy|medium|hard
test,0,9,46,32,0.5324406240251847,24.608187095000176,316.17400115699274,0.00024652830325067043,1.0,1.0,1.0,1.0,2.8472222222222224e-06,0.78125,0.0,2.0,hard|medium|easy
test,0,9,47,32,0.5320160330156796,25.140655928000342,316.70646965000196,0.0002364689571550116,1.0,1.0,1.0,1.0,2.8125e-06,1.0,0.0,2.0,medium|easy|hard
test,0,9,48,32,0.5334320389956702,25.674707560014213,317.24052127299365,0.00024252859293483198,1.0,1.0,1.0,1.0,2.7777777777777783e-06,0.84375,0.0,2.0,medium|hard|easy
test,0,9,49,32,0.5326996469812002,26.207993488002103,317.77380720400834,0.0002544444287195802,1.0,1.0,1.0,1.0,2.743055555555556e-06,1.1875,0.0,2.0,hard|easy|medium
test,0,9,50,32,0.5311733770067804,26.739762192009948,318.30557591599063,0.0002467275189701468,1.0,1.0,1.0,1.0,2.7083333333333334e-06,0.875,0.0,2.0,medium|easy|hard
test,0,9,51,32,0.5336010940081906,27.273889367002994,318.839703028003,0.00026847232948057353,1.0,1.0,1.0,1.0,2.673611111111111e-06,0.9375,0.0,2.0,medium|hard|easy
test,0,9,52,32,0.5323553710186388,27.80676969399792,319.3725834240031,0.18461349606513977,0.9705882352941176,0.96875,0.96875,0.9687194525904204,2.6388888888888893e-06,0.78125,0.0,2.0,medium|easy|hard
test,0,9,53,32,0.5320661840087269,28.3394410200126,319.9052547279862,0.00026752823032438755,1.0,1.0,1.0,1.0,2.604166666666667e-06,0.71875,0.0,2.0,medium|easy|hard
test,0,9,54,32,0.5336273110006005,28.873619969992433,320.43943368500913,0.00023366554523818195,1.0,1.0,1.0,1.0,2.5694444444444443e-06,0.90625,0.0,2.0,hard|medium|easy
test,0,9,55,32,0.5321429400064517,29.406339734006906,320.97215344398865,0.00026975059881806374,1.0,1.0,1.0,1.0,2.5347222222222225e-06,1.03125,0.0,2.0,easy|hard|medium
test,0,9,56,32,0.53151409199927,29.93839149401174,321.5042052050121,0.0002786892291624099,1.0,1.0,1.0,1.0,2.5e-06,0.96875,0.0,2.0,medium|hard|easy
test,0,9,57,32,0.5335994540073443,30.472558959008893,322.0383726930013,0.00025228221784345806,1.0,1.0,1.0,1.0,2.465277777777778e-06,1.125,0.0,2.0,hard|medium|easy
test,0,9,58,32,0.5325299890246242,31.005560771009186,322.5713744839886,0.00021490250946953893,1.0,1.0,1.0,1.0,2.4305555555555557e-06,1.03125,0.0,2.0,easy|hard|medium
test,0,9,59,32,0.5314547830203082,31.537482201994862,323.1032959109871,0.00023604629677720368,1.0,1.0,1.0,1.0,2.395833333333334e-06,1.15625,0.0,2.0,easy|hard|medium
test,0,9,60,32,0.5336756640172098,32.07179593099863,323.637609663012,0.0002203162875957787,1.0,1.0,1.0,1.0,2.361111111111111e-06,0.71875,0.0,2.0,medium|hard|easy
test,0,9,61,32,0.5322224170085974,32.60446164099267,324.17027541500283,0.00023344116925727576,1.0,1.0,1.0,1.0,2.3263888888888893e-06,1.375,0.0,2.0,hard|medium|easy
test,0,9,62,32,0.5315361070097424,33.13640747399768,324.70222123200074,0.00020518834935501218,1.0,1.0,1.0,1.0,2.2916666666666666e-06,1.03125,0.0,2.0,hard|easy|medium
test,0,9,63,32,0.5336718080216087,33.67053145900718,325.2363452030113,0.00021687055414076895,1.0,1.0,1.0,1.0,2.2569444444444448e-06,1.0,0.0,2.0,easy|hard|medium
test,0,9,64,4,0.1271054740063846,33.79806867300067,325.3638824340014,0.0002615086268633604,1.0,1.0,1.0,1.0,2.222222222222222e-06,1.25,0.0,2.0,hard|medium|easy
test,0,10,1,32,0.5355990860261954,0.6180901520128828,328.61859096199623,0.00024116152781061828,1.0,1.0,1.0,1.0,2.1875000000000002e-06,0.8125,0.0,2.0,medium|easy|hard
test,0,10,2,32,0.5320177050016355,1.1509334980219137,329.15143439598614,0.0002484875440131873,1.0,1.0,1.0,1.0,2.152777777777778e-06,0.9375,0.0,2.0,hard|easy|medium
test,0,10,3,32,0.5314152630162425,1.6827592940244358,329.6832601169881,0.0002295519516337663,1.0,1.0,1.0,1.0,2.1180555555555557e-06,0.875,0.0,2.0,medium|hard|easy
test,0,10,4,32,0.533619578985963,2.216935333010042,330.2174361750076,0.0005521923303604126,1.0,1.0,1.0,1.0,2.0833333333333334e-06,1.03125,0.0,2.0,medium|hard|easy
test,0,10,5,32,0.5321819200180471,2.7496200150053483,330.75012083898764,0.0002220122260041535,1.0,1.0,1.0,1.0,2.048611111111111e-06,0.84375,0.0,2.0,medium|hard|easy
test,0,10,6,32,0.5306752969918307,3.280902574013453,331.2814034020121,0.00022180778614711016,1.0,1.0,1.0,1.0,2.0138888888888893e-06,1.09375,0.0,2.0,easy|medium|hard
test,0,10,7,32,0.5336499330005608,3.8151071059983224,331.81560796900885,0.00022221991093829274,1.0,1.0,1.0,1.0,1.9791666666666666e-06,1.1875,0.0,2.0,hard|medium|easy
test,0,10,8,32,0.5321061680151615,4.347851201018784,332.3483520850132,0.0002556699328124523,1.0,1.0,1.0,1.0,1.944444444444445e-06,1.03125,0.0,2.0,hard|medium|easy
test,0,10,9,32,0.5320532839978114,4.880399550020229,332.8809003639908,0.00023309486277867109,1.0,1.0,1.0,1.0,1.909722222222222e-06,0.84375,0.0,2.0,medium|easy|hard
test,0,10,10,32,0.5332808319944888,5.414218757010531,333.4147196300037,0.00023842469090595841,1.0,1.0,1.0,1.0,1.8750000000000003e-06,0.9375,0.0,2.0,medium|hard|easy
test,0,10,11,32,0.5327244080253877,5.9475512740027625,333.948052155989,0.0002395376213826239,1.0,1.0,1.0,1.0,1.840277777777778e-06,1.1875,0.0,2.0,hard|easy|medium
test,0,10,12,32,0.5318014149961527,6.479873470001621,334.48037428499083,0.00023820500064175576,1.0,1.0,1.0,1.0,1.8055555555555557e-06,1.0,0.0,2.0,easy|medium|hard
test,0,10,13,32,0.5326568279997446,7.0130910410080105,335.0135918800079,0.00024846335873007774,1.0,1.0,1.0,1.0,1.7708333333333337e-06,1.0,0.0,2.0,medium|easy|hard
test,0,10,14,32,0.5323925459815655,7.545927233004477,335.5464280539891,0.0002546506002545357,1.0,1.0,1.0,1.0,1.7361111111111112e-06,0.96875,0.0,2.0,hard|medium|easy
test,0,10,15,32,0.5320354730065446,8.07851584700984,336.0790166700026,0.0002182800672017038,1.0,1.0,1.0,1.0,1.7013888888888891e-06,0.6875,0.0,2.0,medium|easy|hard
test,0,10,16,32,0.5333604859770276,8.612405630003195,336.61290645299596,0.00024177954765036702,1.0,1.0,1.0,1.0,1.6666666666666667e-06,0.90625,0.0,2.0,easy|hard|medium
test,0,10,17,32,0.5331532789859921,9.146135606017197,337.1466364809894,0.14963890612125397,0.9705882352941176,0.96875,0.96875,0.9687194525904204,1.6319444444444446e-06,1.09375,0.0,2.0,easy|medium|hard
test,0,10,18,32,0.531635548977647,9.678228686010698,337.6787295189861,0.000281844986602664,1.0,1.0,1.0,1.0,1.5972222222222221e-06,1.09375,0.0,2.0,easy|medium|hard
test,0,10,19,32,0.5328460339806043,10.211661829001969,338.21216270298464,0.0002450656029395759,1.0,1.0,1.0,1.0,1.5625e-06,0.59375,0.0,2.0,medium|hard|easy
test,0,10,20,32,0.5324677330208942,10.74456774702412,338.74506856899825,0.00022830895613878965,1.0,1.0,1.0,1.0,1.527777777777778e-06,1.09375,0.0,2.0,medium|hard|easy
test,0,10,21,32,0.5334697980142664,11.278573274001246,339.2790741669887,0.00023423347738571465,1.0,1.0,1.0,1.0,1.4930555555555555e-06,0.78125,0.0,2.0,medium|hard|easy
test,0,10,22,32,0.5331406350014731,11.812295645009726,339.81279660298605,0.00022523956431541592,1.0,1.0,1.0,1.0,1.4583333333333335e-06,1.15625,0.0,2.0,easy|hard|medium
test,0,10,23,32,0.532730538980104,12.345627767004771,340.3461286459933,0.0002522246213629842,1.0,1.0,1.0,1.0,1.4236111111111112e-06,1.09375,0.0,2.0,easy|hard|medium
test,0,10,24,32,0.531396053993376,12.877572040015366,340.87807290200726,0.00024765616399236023,1.0,1.0,1.0,1.0,1.3888888888888892e-06,0.875,0.0,2.0,medium|easy|hard
test,0,10,25,32,0.5329943289980292,13.41114904001006,341.411649865011,0.00026817747857421637,1.0,1.0,1.0,1.0,1.3541666666666667e-06,1.0,0.0,2.0,hard|easy|medium
test,0,10,26,32,0.5321449619950727,13.94377761601936,341.9442784409912,0.00023122841957956553,1.0,1.0,1.0,1.0,1.3194444444444446e-06,1.09375,0.0,2.0,medium|hard|easy
test,0,10,27,32,0.5321209230169188,14.476395108998986,342.47689593798714,0.00021898475824855268,1.0,1.0,1.0,1.0,1.2847222222222222e-06,0.8125,0.0,2.0,medium|hard|easy
test,0,10,28,32,0.5336323239898775,15.010585427022306,343.0110862889851,0.0002050957700703293,1.0,1.0,1.0,1.0,1.25e-06,1.09375,0.0,2.0,hard|easy|medium
test,0,10,29,32,0.532415775989648,15.543566148000536,343.54406702698907,0.000244462164118886,1.0,1.0,1.0,1.0,1.2152777777777778e-06,0.9375,0.0,2.0,medium|easy|hard
test,0,10,30,32,0.5322150790016167,16.076305141003104,344.0768059719994,0.00021767185535281897,1.0,1.0,1.0,1.0,1.1805555555555556e-06,0.9375,0.0,2.0,easy|medium|hard
test,0,10,31,32,0.5333623659971636,16.610260840010596,344.6107618829992,0.00022961574723012745,1.0,1.0,1.0,1.0,1.1458333333333333e-06,1.0625,0.0,2.0,hard|medium|easy
test,0,10,32,32,0.5323893699969631,17.143166765017668,345.14366763998987,0.0002140865835826844,1.0,1.0,1.0,1.0,1.111111111111111e-06,0.875,0.0,2.0,medium|easy|hard
test,0,10,33,32,0.532491629011929,17.676077994023217,345.6765788059856,0.00022449580137617886,1.0,1.0,1.0,1.0,1.076388888888889e-06,1.03125,0.0,2.0,hard|medium|easy
test,0,10,34,32,0.5332738549914211,18.209939888998633,346.21044070099015,0.00025793840177357197,1.0,1.0,1.0,1.0,1.0416666666666667e-06,1.15625,0.0,2.0,medium|hard|easy
test,0,10,35,32,0.5326608360046521,18.743104023014894,346.74360489301034,0.0002579618594609201,1.0,1.0,1.0,1.0,1.0069444444444447e-06,0.9375,0.0,2.0,hard|easy|medium
test,0,10,36,32,0.5319856119749602,19.275647871021647,347.27614869899116,0.0002528479089960456,1.0,1.0,1.0,1.0,9.722222222222224e-07,0.9375,0.0,2.0,medium|hard|easy
test,0,10,37,32,0.533742325991625,19.809833077015355,347.8103339440131,0.000254807120654732,1.0,1.0,1.0,1.0,9.375000000000001e-07,0.9375,0.0,2.0,hard|medium|easy
test,0,10,38,32,0.532845751993591,20.343266453011893,348.3437672799919,0.005172522738575935,1.0,1.0,1.0,1.0,9.027777777777779e-07,0.875,0.0,2.0,easy|hard|medium
test,0,10,39,32,0.5314956929942127,20.875316424004268,348.8758172619855,0.00024071906227618456,1.0,1.0,1.0,1.0,8.680555555555556e-07,1.15625,0.0,2.0,easy|medium|hard
test,0,10,40,32,0.5337400019925553,21.40960366401123,349.4101045379939,0.0002180484589189291,1.0,1.0,1.0,1.0,8.333333333333333e-07,0.65625,0.0,2.0,easy|medium|hard
test,0,10,41,32,0.5325553069997113,21.942684742010897,349.9431855689909,0.0002517143147997558,1.0,1.0,1.0,1.0,7.986111111111111e-07,0.90625,0.0,2.0,hard|easy|medium
test,0,10,42,32,0.5318504059978295,22.475127105019055,350.47562797900173,0.0002068559406325221,1.0,1.0,1.0,1.0,7.63888888888889e-07,0.90625,0.0,2.0,medium|hard|easy
test,0,10,43,32,0.5336278739850968,23.00933211800293,351.0098329260072,0.0002637551224324852,1.0,1.0,1.0,1.0,7.291666666666667e-07,1.03125,0.0,2.0,easy|medium|hard
test,0,10,44,32,0.5329768369847443,23.542840287002036,351.5433411730046,0.00021363934502005577,1.0,1.0,1.0,1.0,6.944444444444446e-07,0.875,0.0,2.0,easy|medium|hard
test,0,10,45,32,0.5318746380216908,24.07528099301271,352.07578181498684,0.0002365966502111405,1.0,1.0,1.0,1.0,6.597222222222223e-07,0.9375,0.0,2.0,medium|easy|hard
test,0,10,46,32,0.533606704993872,24.609443300025305,352.6099441779952,0.00022395221458282322,1.0,1.0,1.0,1.0,6.25e-07,1.03125,0.0,2.0,medium|easy|hard
test,0,10,47,32,0.5324771259911358,25.142480748007074,353.14298157198937,0.00026607958716340363,1.0,1.0,1.0,1.0,5.902777777777778e-07,1.03125,0.0,2.0,medium|easy|hard
test,0,10,48,32,0.5325906750222202,25.67559918301413,353.67610008400516,0.00024755182676017284,1.0,1.0,1.0,1.0,5.555555555555555e-07,1.0,0.0,2.0,hard|medium|easy
test,0,10,49,32,0.5340755690122023,26.21022859402001,354.2107294120069,0.000235790474107489,1.0,1.0,1.0,1.0,5.208333333333334e-07,1.3125,0.0,2.0,medium|hard|easy
test,0,10,50,32,0.5330343760142568,26.743818171002204,354.74431906998507,0.0002687201777007431,1.0,1.0,1.0,1.0,4.861111111111112e-07,0.84375,0.0,2.0,medium|hard|easy
test,0,10,51,32,0.5317986660229508,27.276207613002043,355.27670844100066,0.00022207472648005933,1.0,1.0,1.0,1.0,4.5138888888888893e-07,1.09375,0.0,2.0,easy|hard|medium
test,0,10,52,32,0.5335347859945614,27.81029230900458,355.81079315399984,0.00024082118761725724,1.0,1.0,1.0,1.0,4.1666666666666667e-07,0.9375,0.0,2.0,medium|easy|hard
test,0,10,53,32,0.5326030500000343,28.343450361018768,356.34395124198636,0.00019792563398368657,1.0,1.0,1.0,1.0,3.819444444444445e-07,1.03125,0.0,2.0,easy|hard|medium
test,0,10,54,32,0.5317463210085407,28.87578620502609,356.87628709498676,0.0002314760786248371,1.0,1.0,1.0,1.0,3.472222222222223e-07,0.875,0.0,2.0,easy|hard|medium
test,0,10,55,32,0.5332311179954559,29.40957004102529,357.41007093401277,0.00021723631653003395,1.0,1.0,1.0,1.0,3.125e-07,0.96875,0.0,2.0,hard|medium|easy
test,0,10,56,32,0.53298158000689,29.943067759013502,357.94356858098763,0.0002457716327626258,1.0,1.0,1.0,1.0,2.7777777777777776e-07,1.0,0.0,2.0,easy|hard|medium
test,0,10,57,32,0.5315604569914285,30.475207205017796,358.47570835100487,0.00024537654826417565,1.0,1.0,1.0,1.0,2.430555555555556e-07,0.9375,0.0,2.0,hard|easy|medium
test,0,10,58,32,0.5329338870069478,31.008711850008694,359.00921266598743,0.00020965593284927309,1.0,1.0,1.0,1.0,2.0833333333333333e-07,0.8125,0.0,2.0,medium|hard|easy
test,0,10,59,32,0.532034100004239,31.541261263017077,359.5417620950029,0.0002456425572745502,1.0,1.0,1.0,1.0,1.7361111111111115e-07,0.875,0.0,2.0,easy|hard|medium
test,0,10,60,32,0.5322600869985763,32.07421316401451,360.07471397699555,0.00019354946562089026,1.0,1.0,1.0,1.0,1.3888888888888888e-07,1.28125,0.0,2.0,hard|easy|medium
test,0,10,61,32,0.5333681219781283,32.60803248602315,360.6085333689989,0.00033119204454123974,1.0,1.0,1.0,1.0,1.0416666666666667e-07,0.90625,0.0,2.0,hard|medium|easy
test,0,10,62,32,0.5321660109912045,33.14064068099833,361.14114151199465,0.0002194346161559224,1.0,1.0,1.0,1.0,6.944444444444444e-08,1.0625,0.0,2.0,easy|hard|medium
test,0,10,63,32,0.5320650470093824,33.6731348860194,361.6736357010086,0.0002326207177247852,1.0,1.0,1.0,1.0,3.472222222222222e-08,0.96875,0.0,2.0,medium|easy|hard
test,0,10,64,4,0.12759525497676805,33.8011765590054,361.8016773730051,0.00022399844601750374,1.0,1.0,1.0,1.0,0.0,1.0,0.0,2.0,easy|medium|hard
