split,fold,epoch,batch,batch_size,batch_time_seconds,epoch_accumulated_time_seconds,total_accumulated_time_seconds,loss,precision,accuracy,recall,f1,learning_rate,difficulty_mean,difficulty_min,difficulty_max,difficulty_labels
test,0,1,1,32,0.7714504270043108,0.8353861479990883,0.8359606739977608,0.721900224685669,0.6935483870967742,0.40625,0.525,0.3266888150609081,8e-08,1.09375,0.0,2.0,medium|hard|easy
test,0,1,2,32,0.5261480029948871,1.3831467700001667,1.3837210839992622,0.7151930928230286,0.24193548387096775,0.46875,0.46875,0.3191489361702128,1.6e-07,0.875,0.0,2.0,easy|hard|medium
test,0,1,3,32,0.5276712729973951,1.9114126280037453,1.9119869919959456,0.7296033501625061,0.24193548387096775,0.46875,0.46875,0.3191489361702128,2.4000000000000003e-07,1.0625,0.0,2.0,hard|easy|medium
test,0,1,4,32,0.5283531949971803,2.4403645570055232,2.440939003994572,0.6940381526947021,0.7419354838709677,0.5,0.5294117647058824,0.3816425120772947,3.2e-07,1.125,0.0,2.0,medium|hard|easy
test,0,1,5,32,0.5284250149998115,2.969314788002521,2.969889236999734,0.7047032117843628,0.28125,0.5625,0.5,0.36,4.0000000000000003e-07,1.21875,0.0,2.0,hard|medium|easy
test,0,1,6,32,0.5276129880003282,3.49754314400343,3.4981174569984432,0.7069145441055298,0.25,0.5,0.5,0.3333333333333333,4.800000000000001e-07,0.78125,0.0,2.0,medium|hard|easy
test,0,1,7,32,0.5305383400045685,4.028582823004399,4.029157201999624,0.7147036790847778,0.25,0.46875,0.4411764705882353,0.3191489361702128,5.6e-07,0.78125,0.0,2.0,hard|medium|easy
test,0,1,8,32,0.5286705319958855,4.5579941460018745,4.558568527994794,0.7006048560142517,0.265625,0.53125,0.5,0.3469387755102041,6.4e-07,0.90625,0.0,2.0,hard|easy|medium
test,0,1,9,32,0.5283374149948941,5.08691821800312,5.087492474995088,0.692196249961853,0.27419354838709675,0.53125,0.4722222222222222,0.3469387755102041,7.2e-07,0.9375,0.0,2.0,hard|easy|medium
test,0,1,10,32,0.5274810550035909,5.614960211001744,5.615534484000818,0.7180109024047852,0.25806451612903225,0.5,0.47058823529411764,0.3333333333333333,8.000000000000001e-07,1.0,0.0,2.0,medium|easy|hard
test,0,1,11,32,0.5289256179967197,6.144443944998784,6.145018243994855,0.710232138633728,0.21875,0.4375,0.5,0.30434782608695654,8.8e-07,0.9375,0.0,2.0,easy|hard|medium
test,0,1,12,32,0.5284746519973851,6.673465643005329,6.6740399159971275,0.6555697917938232,0.328125,0.65625,0.5,0.39622641509433965,9.600000000000001e-07,1.03125,0.0,2.0,medium|easy|hard
test,0,1,13,32,0.5297219870044501,7.203806465004163,7.204380725997908,0.6756470203399658,0.5357142857142857,0.5625,0.5158730158730158,0.45893719806763283,1.04e-06,0.96875,0.0,2.0,medium|easy|hard
test,0,1,14,32,0.529092786993715,7.733502549002878,7.734076866996475,0.7155141830444336,0.48333333333333334,0.46875,0.49607843137254903,0.36374269005847953,1.12e-06,0.96875,0.0,2.0,hard|medium|easy
test,0,1,15,32,0.5302801220022957,8.2643772740048,8.264951603996451,0.7040392160415649,0.7833333333333333,0.59375,0.5666666666666667,0.4793491864831039,1.2000000000000002e-06,0.71875,0.0,2.0,easy|medium|hard
test,0,1,16,32,0.5303664299935917,8.79526842100313,8.7958427919948,0.718738317489624,0.2413793103448276,0.4375,0.4117647058823529,0.30434782608695654,1.28e-06,0.875,0.0,2.0,hard|medium|easy
test,0,1,17,32,0.5294981490005739,9.325369591002527,9.325943900999846,0.723879337310791,0.20967741935483872,0.40625,0.4642857142857143,0.28888888888888886,1.3600000000000001e-06,1.0625,0.0,2.0,hard|easy|medium
test,0,1,18,32,0.5306693960010307,9.856528951000655,9.857103251000808,0.6861917972564697,0.265625,0.53125,0.5,0.3469387755102041,1.44e-06,0.96875,0.0,2.0,easy|hard|medium
test,0,1,19,32,0.5300337100052275,10.38715751899872,10.38773180199496,0.6468480825424194,0.48214285714285715,0.65625,0.4903381642512077,0.46907993966817496,1.52e-06,1.25,0.0,2.0,medium|hard|easy
test,0,1,20,32,0.529753801994957,10.917432492999069,10.91800685999624,0.7512153387069702,0.15517241379310345,0.28125,0.375,0.21951219512195122,1.6000000000000001e-06,1.0625,0.0,2.0,medium|hard|easy
test,0,1,21,32,0.5310307660038234,11.448929721998866,11.449504008996882,0.6571915149688721,0.44642857142857145,0.59375,0.474025974025974,0.4340136054421769,1.6800000000000002e-06,0.96875,0.0,2.0,medium|easy|hard
test,0,1,22,32,0.5304007180020562,11.979899277001095,11.980473547999281,0.6769641041755676,0.27419354838709675,0.53125,0.4722222222222222,0.3469387755102041,1.76e-06,0.875,0.0,2.0,hard|medium|easy
test,0,1,23,32,0.5299910510002519,12.510534970999288,12.511109246996057,0.679401159286499,0.45512820512820507,0.53125,0.4716599190283401,0.43859649122807015,1.8400000000000002e-06,0.78125,0.0,2.0,easy|medium|hard
test,0,1,24,32,0.5304757819976658,13.041516657998727,13.042090950999409,0.6637022495269775,0.8166666666666667,0.65625,0.5769230769230769,0.5210884353741496,1.9200000000000003e-06,0.875,0.0,2.0,easy|medium|hard
test,0,1,25,32,0.5308712529949844,13.57287996300147,13.573454328994558,0.7023155689239502,0.27419354838709675,0.53125,0.4722222222222222,0.3469387755102041,2.0000000000000003e-06,0.84375,0.0,2.0,medium|hard|easy
test,0,1,26,32,0.5335064259998035,14.106988534003904,14.107562922996294,0.7275350093841553,0.3563218390804598,0.375,0.4493927125506073,0.3073593073593074,2.08e-06,1.15625,0.0,2.0,easy|hard|medium
test,0,1,27,32,0.5326295859995298,14.640597067998897,14.641171340001165,0.6948458552360535,0.2903225806451613,0.5625,0.47368421052631576,0.36,2.16e-06,1.25,0.0,2.0,hard|medium|easy
test,0,1,28,32,0.5312307970016263,15.172405114004505,15.172979445997044,0.6732820272445679,0.8064516129032258,0.625,0.5384615384615384,0.4514285714285714,2.24e-06,0.875,0.0,2.0,medium|easy|hard
test,0,1,29,32,0.5301150739978766,15.703077645004669,15.703652078998857,0.6831386089324951,0.7833333333333333,0.59375,0.5666666666666667,0.4793491864831039,2.3200000000000002e-06,0.78125,0.0,2.0,easy|medium|hard
test,0,1,30,32,0.5294184879967361,16.233043225001893,16.233617498997774,0.7008035182952881,0.4613526570048309,0.46875,0.46875,0.4420512820512821,2.4000000000000003e-06,0.8125,0.0,2.0,medium|easy|hard
test,0,1,31,32,0.5311107680026907,16.764770071000385,16.76534431699838,0.7279219627380371,0.3563218390804598,0.375,0.4493927125506073,0.3073593073593074,2.4800000000000004e-06,1.25,0.0,2.0,hard|easy|medium
test,0,1,32,32,0.5295952419983223,17.29489478400501,17.295469056,0.7123277187347412,0.7419354838709677,0.5,0.5294117647058824,0.3816425120772947,2.56e-06,1.03125,0.0,2.0,hard|medium|easy
test,0,1,33,32,0.5301461900016875,17.825584265003272,17.82615854499454,0.7112045884132385,0.6935483870967742,0.40625,0.525,0.3266888150609081,2.64e-06,1.21875,0.0,2.0,easy|hard|medium
test,0,1,34,32,0.5307587690040236,18.356891966999683,18.357466323999688,0.7123605012893677,0.4666666666666667,0.4375,0.4920634920634921,0.34545454545454546,2.7200000000000002e-06,0.9375,0.0,2.0,easy|medium|hard
test,0,1,35,32,0.5312557520010159,18.888748846002272,18.8893234749994,0.7276540994644165,0.5057471264367817,0.375,0.5021645021645021,0.3333333333333333,2.8000000000000003e-06,1.09375,0.0,2.0,hard|easy|medium
test,0,1,36,32,0.529802777004079,19.419084149005357,19.41965841899946,0.69722580909729,0.5919540229885057,0.53125,0.53125,0.43859649122807015,2.88e-06,1.1875,0.0,2.0,medium|hard|easy
test,0,1,37,32,0.531605905998731,19.95121031700546,19.95178460799798,0.6632851958274841,0.8166666666666667,0.65625,0.5769230769230769,0.5210884353741496,2.96e-06,1.3125,0.0,2.0,easy|hard|medium
test,0,1,38,32,0.5305544220027514,20.48235670899885,20.482930989994202,0.6950973272323608,0.75,0.53125,0.5588235294117647,0.43859649122807015,3.04e-06,1.0625,0.0,2.0,medium|easy|hard
test,0,1,39,32,0.5298524410027312,21.012704184999166,21.013278508995427,0.6863127946853638,0.26666666666666666,0.5,0.4444444444444444,0.3333333333333333,3.12e-06,1.0,0.0,2.0,medium|hard|easy
test,0,1,40,32,0.5317708580041653,21.545028581000224,21.54560291699454,0.7015383839607239,0.5574712643678161,0.46875,0.5198412698412699,0.39756367663344405,3.2000000000000003e-06,0.90625,0.0,2.0,medium|easy|hard
test,0,1,41,32,0.5311779670009855,22.076832912003738,22.077407229000528,0.6886526346206665,0.6428571428571428,0.5625,0.5625,0.49090909090909085,3.2800000000000004e-06,1.03125,0.0,2.0,easy|hard|medium
test,0,1,42,32,0.5308688290024293,22.608282947003318,22.608857225000975,0.7078743577003479,0.44074074074074077,0.46875,0.46875,0.39756367663344405,3.3600000000000004e-06,0.9375,0.0,2.0,easy|medium|hard
test,0,1,43,32,0.5310084289958468,23.139870879000227,23.1404451779963,0.661981463432312,0.4642857142857143,0.625,0.4818181818181818,0.4514285714285714,3.44e-06,1.125,0.0,2.0,hard|easy|medium
test,0,1,44,32,0.531417236001289,23.67177863300458,23.672352914996736,0.7036842107772827,0.5,0.5,0.5,0.3816425120772947,3.52e-06,1.0,0.0,2.0,hard|easy|medium
test,0,1,45,32,0.5311837090048357,24.203480405005394,24.204054721994908,0.6967005133628845,0.4222222222222222,0.4375,0.45882352941176474,0.37662337662337664,3.6000000000000003e-06,1.03125,0.0,2.0,medium|hard|easy
test,0,1,46,32,0.5314117390007596,24.735419798002113,24.73599412800104,0.692533016204834,0.6407407407407407,0.53125,0.5753968253968254,0.4909862142099682,3.6800000000000003e-06,1.21875,0.0,2.0,medium|easy|hard
test,0,1,47,32,0.5319749570044223,25.26795632699941,25.268530610999733,0.7009737491607666,0.5962962962962963,0.59375,0.5515873015873015,0.5134502923976608,3.7600000000000004e-06,1.03125,0.0,2.0,easy|hard|medium
test,0,1,48,32,0.5305573119985638,25.79897342800541,25.799547700000403,0.6884676218032837,0.7666666666666666,0.5625,0.5625,0.45893719806763283,3.8400000000000005e-06,0.875,0.0,2.0,hard|medium|easy
test,0,1,49,32,0.5301111589942593,26.32969679300004,26.330271080994862,0.6892212629318237,0.625,0.53125,0.5549019607843138,0.4684385382059801,3.920000000000001e-06,0.8125,0.0,2.0,easy|hard|medium
test,0,1,50,32,0.5317466909982613,26.861936325003626,26.862510674996884,0.6977155208587646,0.3125,0.40625,0.35425101214574894,0.3266888150609081,4.000000000000001e-06,1.09375,0.0,2.0,medium|hard|easy
test,0,1,51,32,0.5305626370027312,27.393159541003115,27.393733829994744,0.6652750968933105,0.7833333333333333,0.59375,0.5666666666666667,0.4793491864831039,4.08e-06,0.96875,0.0,2.0,medium|easy|hard
test,0,1,52,32,0.5304436519945739,27.92410594299872,27.92468027799623,0.7098361849784851,0.3851851851851852,0.375,0.43724696356275305,0.3333333333333333,4.16e-06,1.21875,0.0,2.0,hard|medium|easy
test,0,1,53,32,0.5313655019999715,28.45607940800255,28.45665368600021,0.665569007396698,0.8275862068965517,0.6875,0.6153846153846154,0.5833333333333333,4.24e-06,1.0,0.0,2.0,medium|easy|hard
test,0,1,54,32,0.5314198359992588,28.98806329099898,28.98863756699575,0.7293645143508911,0.23717948717948717,0.28125,0.3340080971659919,0.24512820512820513,4.32e-06,0.875,0.0,2.0,easy|hard|medium
test,0,1,55,32,0.5303252779995091,29.518928468001832,29.519502757000737,0.6987470984458923,0.41666666666666663,0.46875,0.4490196078431372,0.39756367663344405,4.4e-06,0.84375,0.0,2.0,medium|easy|hard
test,0,1,56,32,0.5311249029982719,30.050610794998647,30.051185377000365,0.6727206707000732,0.7413793103448276,0.53125,0.5833333333333334,0.4684385382059801,4.48e-06,0.9375,0.0,2.0,easy|hard|medium
test,0,1,57,32,0.531269840997993,30.58242094000161,30.582995211996604,0.6757686138153076,0.625,0.5625,0.5952380952380952,0.5465587044534412,4.56e-06,1.03125,0.0,2.0,hard|medium|easy
test,0,1,58,32,0.53062809399853,31.113573223999992,31.11414749499818,0.6622792482376099,0.5287356321839081,0.6875,0.5120772946859903,0.48717948717948717,4.6400000000000005e-06,1.21875,0.0,2.0,medium|hard|easy
test,0,1,59,32,0.5316018259982229,31.645705373004603,31.64627965499676,0.6724035739898682,0.5416666666666667,0.53125,0.5392156862745098,0.5270935960591133,4.7200000000000005e-06,1.0,0.0,2.0,medium|easy|hard
test,0,1,60,32,0.5312147020013072,32.1774950570034,32.178069329995196,0.6705079078674316,0.6171428571428572,0.5625,0.5803921568627451,0.5333333333333333,4.800000000000001e-06,1.0625,0.0,2.0,easy|hard|medium
test,0,1,61,32,0.5301028469984885,32.70817725300003,32.70875158799754,0.6495460867881775,0.75,0.6875,0.6875,0.6666666666666667,4.880000000000001e-06,0.96875,0.0,2.0,hard|medium|easy
test,0,1,62,32,0.5318176989967469,33.24056549800298,33.24113977399975,0.6729525327682495,0.37777777777777777,0.5,0.4331983805668016,0.3816425120772947,4.960000000000001e-06,0.78125,0.0,2.0,easy|medium|hard
test,0,1,63,32,0.5313402359970496,33.77246098500473,33.77303523999581,0.6682939529418945,0.5833333333333333,0.53125,0.5509803921568628,0.4909862142099682,5.04e-06,1.0,0.0,2.0,easy|medium|hard
test,0,1,64,32,0.5309341729953303,34.303988738000044,34.304563020996284,0.6618344783782959,0.6666666666666667,0.625,0.625,0.6,5.12e-06,0.6875,0.0,2.0,hard|easy|medium
test,0,1,65,32,0.5314276600038284,34.83599130600487,34.83656563299883,0.6771318912506104,0.5086580086580086,0.46875,0.5083333333333333,0.4682306940371457,5.2e-06,1.1875,0.0,2.0,hard|medium|easy
test,0,1,66,32,0.5314757500018459,35.36806672900275,35.36864100199455,0.656414270401001,0.7435897435897436,0.6875,0.6507936507936508,0.6363636363636364,5.28e-06,1.15625,0.0,2.0,hard|medium|easy
test,0,1,67,32,0.5313458370001172,35.90003123800125,35.9006055639984,0.6699883937835693,0.74,0.59375,0.675,0.5835835835835836,5.36e-06,1.03125,0.0,2.0,easy|hard|medium
test,0,1,68,32,0.5312356240028748,36.43184473099973,36.43241901999863,0.6298449635505676,0.7894736842105263,0.75,0.8095238095238095,0.7490196078431373,5.4400000000000004e-06,0.9375,0.0,2.0,hard|medium|easy
test,0,1,69,32,0.5318940349970944,36.964247208001325,36.96482152899989,0.5844237804412842,0.9130434782608696,0.875,0.8461538461538461,0.8614718614718615,5.5200000000000005e-06,1.09375,0.0,2.0,easy|hard|medium
test,0,1,70,32,0.5307585099944845,37.495577952999156,37.49615235899546,0.5876411199569702,0.8116883116883117,0.78125,0.78125,0.7757757757757757,5.600000000000001e-06,1.0,0.0,2.0,easy|medium|hard
test,0,1,71,32,0.530775941995671,38.026882080004725,38.027456719995826,0.5603100061416626,0.9,0.90625,0.925,0.9039039039039038,5.68e-06,1.0,0.0,2.0,medium|easy|hard
test,0,1,72,32,0.5322659480007133,38.55963041200448,38.560204738998436,0.49671730399131775,0.9130434782608696,0.875,0.8461538461538461,0.8614718614718615,5.76e-06,0.75,0.0,2.0,easy|hard|medium
test,0,1,73,32,0.5309294740000041,39.09112516800087,39.09169950399519,0.486348420381546,0.925,0.90625,0.9,0.9039039039039038,5.84e-06,1.0625,0.0,2.0,medium|hard|easy
test,0,1,74,32,0.5309335670026485,39.62251865800499,39.62309293599537,0.4968564510345459,0.9117647058823529,0.90625,0.9166666666666667,0.906158357771261,5.92e-06,1.0625,0.0,2.0,hard|medium|easy
test,0,1,75,32,0.5312700389986276,40.15432573900034,40.15490001299622,0.41830989718437195,0.9009661835748792,0.90625,0.8772727272727273,0.887719298245614,6e-06,0.78125,0.0,2.0,easy|hard|medium
test,0,1,76,32,0.5314356119997683,40.68629473300098,40.686869016994024,0.45051702857017517,0.9089068825910931,0.90625,0.9007936507936507,0.9039039039039038,6.08e-06,1.03125,0.0,2.0,easy|hard|medium
test,0,1,77,32,0.5309134779963642,41.217728376002924,41.21830264599703,0.3845978379249573,0.9166666666666667,0.90625,0.9117647058823529,0.906158357771261,6.16e-06,0.75,0.0,2.0,medium|easy|hard
test,0,1,78,32,0.5315878039982636,41.749884737000684,41.75045901200065,0.3197660446166992,0.9333333333333333,0.9375,0.9473684210526316,0.9365079365079365,6.24e-06,1.21875,0.0,2.0,hard|easy|medium
test,0,1,79,32,0.5315695090030204,42.28205299399997,42.28262726799585,0.295257031917572,1.0,1.0,1.0,1.0,6.3200000000000005e-06,1.0,0.0,2.0,medium|easy|hard
test,0,1,80,32,0.5308539899997413,42.813453643000685,42.81402792700101,0.379123717546463,0.8293650793650793,0.84375,0.8593073593073592,0.8358974358974359,6.4000000000000006e-06,0.875,0.0,2.0,medium|easy|hard
test,0,1,81,32,0.531665107999288,43.345712880000065,43.346287139997,0.3124099671840668,0.9333333333333333,0.9375,0.9333333333333333,0.9333333333333333,6.480000000000001e-06,0.96875,0.0,2.0,easy|hard|medium
test,0,1,82,32,0.5312980950038764,43.87755193000339,43.878126190997136,0.34322965145111084,0.8373015873015872,0.84375,0.8441295546558705,0.8398398398398399,6.560000000000001e-06,1.0625,0.0,2.0,easy|medium|hard
test,0,1,83,32,0.5308538179961033,44.40895275500225,44.409527371994045,0.3137671947479248,0.9,0.90625,0.925,0.9039039039039038,6.640000000000001e-06,1.0625,0.0,2.0,easy|hard|medium
test,0,1,84,32,0.531869458995061,44.94134783800109,44.941922170997714,0.25540363788604736,0.9210526315789473,0.90625,0.90625,0.9054187192118226,6.720000000000001e-06,0.875,0.0,2.0,medium|easy|hard
test,0,1,85,32,0.5311554840009194,45.473033540998586,45.47360783199838,0.15256619453430176,0.9583333333333333,0.96875,0.9761904761904762,0.9660657476139979,6.800000000000001e-06,1.03125,0.0,2.0,easy|medium|hard
test,0,1,86,32,0.5306964909977978,46.0042810560044,46.004855318999034,0.19166339933872223,0.9615384615384616,0.96875,0.975,0.9671794871794872,6.88e-06,0.875,0.0,2.0,medium|easy|hard
test,0,1,87,32,0.5320997849994455,46.536989885004004,46.53756418499688,0.23673780262470245,0.9372549019607843,0.9375,0.9372549019607843,0.9372549019607843,6.96e-06,0.90625,0.0,2.0,hard|easy|medium
test,0,1,88,32,0.5315205689985305,47.069103661000554,47.06967799500126,0.14402930438518524,0.9642857142857143,0.96875,0.9736842105263157,0.967967967967968,7.04e-06,1.03125,0.0,2.0,hard|medium|easy
test,0,1,89,32,0.531449590002012,47.60113454200473,47.60170880900114,0.2432982325553894,0.8809523809523809,0.875,0.875,0.8745098039215686,7.1200000000000004e-06,1.25,0.0,2.0,easy|medium|hard
test,0,1,90,32,0.5322233359984239,48.133822028001305,48.13439633300004,0.2044958919286728,0.9473684210526316,0.9375,0.9333333333333333,0.9365079365079365,7.2000000000000005e-06,1.0,0.0,2.0,medium|hard|easy
test,0,1,91,32,0.5308537059972878,48.6652517399998,48.66582602899871,0.19469451904296875,0.9565217391304348,0.9375,0.9090909090909092,0.9272727272727272,7.280000000000001e-06,0.78125,0.0,2.0,medium|easy|hard
test,0,1,92,32,0.5311532749983598,49.196989733005466,49.19756412800052,0.2056242823600769,0.9372549019607843,0.9375,0.9372549019607843,0.9372549019607843,7.360000000000001e-06,0.96875,0.0,2.0,easy|hard|medium
test,0,1,93,32,0.5318097729978035,49.729333005001536,49.7299073260001,0.39941805601119995,0.8831168831168831,0.875,0.8582995951417004,0.8666666666666667,7.440000000000001e-06,1.09375,0.0,2.0,hard|medium|easy
test,0,1,94,32,0.5315872729988769,50.26146577000327,50.2620400550004,0.04624813050031662,1.0,1.0,1.0,1.0,7.520000000000001e-06,0.90625,0.0,2.0,easy|medium|hard
test,0,1,95,32,0.5308138330001384,50.79282782500377,50.79340209499787,0.18529167771339417,0.9473684210526316,0.9375,0.9333333333333333,0.9365079365079365,7.600000000000001e-06,1.09375,0.0,2.0,medium|hard|easy
test,0,1,96,32,0.530402705000597,51.32382363799843,51.32439791199431,0.22501777112483978,0.9009661835748792,0.90625,0.8772727272727273,0.887719298245614,7.680000000000001e-06,1.0,0.0,2.0,hard|easy|medium
test,0,1,97,32,0.5316703979988233,51.85605121000117,51.85662553499424,0.30056267976760864,0.9083333333333333,0.90625,0.8967611336032388,0.9015384615384616,7.76e-06,0.84375,0.0,2.0,easy|hard|medium
test,0,1,98,32,0.530758644999878,52.38737469100306,52.387949212999956,0.4026978611946106,0.875,0.875,0.875,0.875,7.840000000000001e-06,0.8125,0.0,2.0,medium|easy|hard
test,0,1,99,32,0.5308027200007928,52.918703417999495,52.919277666995185,0.13200797140598297,0.96875,0.96875,0.9705882352941176,0.9687194525904204,7.92e-06,0.875,0.0,2.0,medium|easy|hard
test,0,1,100,32,0.5312800270039588,53.45056540200312,53.45113968299847,0.10297208279371262,0.95,0.96875,0.9782608695652174,0.9625730994152046,8.000000000000001e-06,1.21875,0.0,2.0,easy|medium|hard
test,0,1,101,32,0.5312472739969962,53.982309894003265,53.982884195000224,0.128614142537117,0.96875,0.96875,0.9705882352941176,0.9687194525904204,8.08e-06,1.0,0.0,2.0,hard|easy|medium
test,0,1,102,32,0.5312154739949619,54.51402692000556,54.51460125999438,0.2550612688064575,0.8582995951417004,0.875,0.8831168831168831,0.8666666666666667,8.16e-06,0.96875,0.0,2.0,easy|medium|hard
test,0,1,103,32,0.5318741420051083,55.046435314005066,55.0470096680001,0.2785465717315674,0.8967611336032388,0.90625,0.9083333333333333,0.9015384615384616,8.24e-06,1.15625,0.0,2.0,hard|medium|easy
test,0,1,104,32,0.5319053420025739,55.57891719300096,55.57949151699722,0.2233174443244934,0.9444444444444444,0.9375,0.9375,0.9372549019607843,8.32e-06,1.15625,0.0,2.0,hard|medium|easy
test,0,1,105,32,0.5309771559986984,56.110429663000104,56.11100392699882,0.1435210406780243,0.9375,0.9375,0.9375,0.9375,8.400000000000001e-06,0.8125,0.0,2.0,medium|hard|easy
test,0,1,106,32,0.5315481520010508,56.64251362199866,56.643087894997734,0.043911226093769073,1.0,1.0,1.0,1.0,8.48e-06,0.875,0.0,2.0,easy|medium|hard
test,0,1,107,32,0.5314089489984326,57.17448374200467,57.175058000997524,0.1074911504983902,0.96875,0.96875,0.9705882352941176,0.9687194525904204,8.560000000000001e-06,0.8125,0.0,2.0,easy|hard|medium
test,0,1,108,32,0.5301877210004022,57.70520361200033,57.70577790199604,0.06246563792228699,1.0,1.0,1.0,1.0,8.64e-06,1.0625,0.0,2.0,hard|medium|easy
test,0,1,109,32,0.5325974340012181,58.2383554840053,58.23892976699426,0.07114538550376892,0.9666666666666667,0.96875,0.9722222222222222,0.9684729064039409,8.720000000000001e-06,0.71875,0.0,2.0,easy|medium|hard
test,0,1,110,32,0.5315003890063963,58.77038150700537,58.77095578100125,0.15924730896949768,0.9666666666666667,0.96875,0.9722222222222222,0.9684729064039409,8.8e-06,1.0625,0.0,2.0,hard|easy|medium
test,0,1,111,32,0.5303225739990012,59.301250695003546,59.301824956994096,0.03403737396001816,1.0,1.0,1.0,1.0,8.880000000000001e-06,1.03125,0.0,2.0,easy|hard|medium
test,0,1,112,32,0.5323901649971958,59.834210551998694,59.8347848179983,0.05730108171701431,0.98,0.96875,0.9375,0.9564625850340136,8.96e-06,0.9375,0.0,2.0,medium|hard|easy
test,0,1,113,32,0.5317973950004671,60.36653764999937,60.36711190099595,0.13733907043933868,0.9285714285714286,0.9375,0.95,0.9352226720647774,9.040000000000002e-06,1.15625,0.0,2.0,medium|hard|easy
test,0,1,114,32,0.5308943319978425,60.898006440002064,60.898580803994264,0.26948970556259155,0.9083333333333333,0.90625,0.8967611336032388,0.9015384615384616,9.12e-06,0.9375,0.0,2.0,hard|easy|medium
test,0,1,115,32,0.5322595820034621,61.43084881300456,61.43142307800008,0.6160621643066406,0.875,0.8125,0.7857142857142857,0.7922077922077921,9.200000000000002e-06,1.25,0.0,2.0,medium|hard|easy
test,0,1,116,32,0.5316915200019139,61.9630285930034,61.96360284999537,0.35532695055007935,0.9347826086956521,0.90625,0.875,0.893687707641196,9.280000000000001e-06,0.9375,0.0,2.0,easy|hard|medium
test,0,1,117,32,0.5312884759987355,62.494871704002435,62.49544601600064,0.3858368992805481,0.9130434782608696,0.875,0.8461538461538461,0.8614718614718615,9.360000000000002e-06,1.125,0.0,2.0,hard|medium|easy
test,0,1,118,32,0.5315809620005894,63.02694710200012,63.027521405994776,0.471180260181427,0.868421052631579,0.84375,0.8611111111111112,0.8435972629521017,9.440000000000001e-06,0.78125,0.0,2.0,easy|medium|hard
test,0,1,119,32,0.5316331159992842,63.559141500001715,63.55971579299512,0.4357371926307678,0.8913043478260869,0.84375,0.8214285714285714,0.8303287380699894,9.52e-06,1.1875,0.0,2.0,hard|medium|easy
test,0,1,120,32,0.5312768869989668,64.09094382400508,64.09151810199546,0.21101540327072144,0.95,0.9375,0.9285714285714286,0.9352226720647774,9.600000000000001e-06,0.96875,0.0,2.0,medium|hard|easy
test,0,1,121,32,0.531635172003007,64.62313481800084,64.6237094379976,0.07649339735507965,0.9666666666666667,0.96875,0.9722222222222222,0.9684729064039409,9.68e-06,1.1875,0.0,2.0,hard|medium|easy
test,0,1,122,32,0.5320107050065417,65.15568171400082,65.15625600899511,0.21507157385349274,0.8772727272727273,0.90625,0.9009661835748792,0.887719298245614,9.760000000000001e-06,1.0625,0.0,2.0,medium|hard|easy
test,0,1,123,32,0.5312281110018375,65.6874605960038,65.68803487499827,0.324404776096344,0.9087301587301587,0.90625,0.903921568627451,0.9054187192118226,9.84e-06,0.84375,0.0,2.0,medium|easy|hard
test,0,1,124,32,0.5304748179987655,66.21848952399887,66.21906378899439,0.12043486535549164,0.9333333333333333,0.9375,0.9473684210526316,0.9365079365079365,9.920000000000002e-06,0.875,0.0,2.0,hard|medium|easy
test,0,1,125,32,0.532065881001472,66.75108888900286,66.75166322299629,0.14031323790550232,0.9583333333333333,0.9375,0.9,0.9227053140096618,1e-05,0.9375,0.0,2.0,easy|hard|medium
test,0,1,126,32,0.5313638000006904,67.28306124100345,67.28363557600096,0.27340495586395264,0.925,0.90625,0.9,0.9039039039039038,1.008e-05,1.0625,0.0,2.0,hard|easy|medium
test,0,1,127,32,0.531453675001103,67.81508629800373,67.81566087399551,0.1747899353504181,0.9375,0.9375,0.9444444444444444,0.9372549019607843,1.0160000000000001e-05,1.4375,0.0,2.0,hard|medium|easy
test,0,1,128,32,0.5316521639979328,68.3473934470021,68.34796770399407,0.09951896965503693,0.9411764705882353,0.9375,0.9411764705882353,0.9375,1.024e-05,0.96875,0.0,2.0,hard|medium|easy
test,0,1,129,32,0.5309854160004761,68.87890560300002,68.87947995599825,0.06320992112159729,0.9666666666666667,0.96875,0.9722222222222222,0.9684729064039409,1.0320000000000001e-05,1.125,0.0,2.0,medium|hard|easy
test,0,1,130,32,0.5315829350001877,69.4110961250044,69.41167055799451,0.3201087713241577,0.8833333333333333,0.875,0.8650793650793651,0.8704453441295547,1.04e-05,0.75,0.0,2.0,easy|medium|hard
test,0,1,131,32,0.5321046989993192,69.94375646299886,69.944330721999,0.1791345775127411,0.9375,0.9375,0.9444444444444444,0.9372549019607843,1.0480000000000001e-05,1.09375,0.0,2.0,easy|hard|medium
test,0,1,132,32,0.5312090499937767,70.47557332200086,70.47614760699798,0.14957714080810547,0.95,0.96875,0.9782608695652174,0.9625730994152046,1.056e-05,1.03125,0.0,2.0,easy|medium|hard
test,0,1,133,32,0.5305196089975652,71.0066241270033,71.00719840699458,0.1119873970746994,0.9705882352941176,0.96875,0.96875,0.9687194525904204,1.0640000000000001e-05,0.9375,0.0,2.0,hard|easy|medium
test,0,1,134,32,0.5315702990046702,71.5386594800002,71.53923380099877,0.23466700315475464,0.8833333333333333,0.875,0.8650793650793651,0.8704453441295547,1.072e-05,0.84375,0.0,2.0,easy|medium|hard
test,0,1,135,32,0.531441013001313,72.07061786000122,72.07119216700085,0.11500047892332077,0.9722222222222222,0.96875,0.9666666666666667,0.9684729064039409,1.0800000000000002e-05,0.96875,0.0,2.0,easy|hard|medium
test,0,1,136,32,0.5311448520005797,72.60227754199877,72.60285182299413,0.089101642370224,0.9230769230769231,0.9375,0.9523809523809523,0.9333333333333333,1.0880000000000001e-05,1.03125,0.0,2.0,medium|hard|easy
test,0,1,137,32,0.5319473139970796,73.13478471399867,73.13535899499402,0.2116018533706665,0.9083333333333333,0.90625,0.8967611336032388,0.9015384615384616,1.0960000000000002e-05,0.875,0.0,2.0,hard|medium|easy
test,0,1,138,32,0.5314601499994751,73.66675991599914,73.66733422599646,0.27585840225219727,0.8831168831168831,0.875,0.8582995951417004,0.8666666666666667,1.1040000000000001e-05,0.84375,0.0,2.0,easy|medium|hard
test,0,1,139,32,0.53050124499714,74.19777527100086,74.19834991199605,0.05154752731323242,1.0,1.0,1.0,1.0,1.1120000000000002e-05,1.125,0.0,2.0,easy|medium|hard
test,0,1,140,32,0.5322001820022706,74.73053478300426,74.73110911600088,0.07978961616754532,0.975,0.96875,0.9615384615384616,0.9671794871794872,1.1200000000000001e-05,1.03125,0.0,2.0,easy|hard|medium
test,0,1,141,32,0.5315187460000743,75.26264642200113,75.2632207639981,0.18969981372356415,0.9333333333333333,0.9375,0.9473684210526316,0.9365079365079365,1.128e-05,1.03125,0.0,2.0,hard|easy|medium
test,0,1,142,32,0.5312395299988566,75.79446193700278,75.79503630299587,0.14212320744991302,0.95,0.9375,0.9285714285714286,0.9352226720647774,1.136e-05,0.9375,0.0,2.0,easy|hard|medium
test,0,1,143,32,0.5320580990010058,76.32706871200207,76.32764298799884,0.13502661883831024,0.9365079365079365,0.9375,0.9365079365079365,0.9365079365079365,1.144e-05,0.875,0.0,2.0,easy|hard|medium
test,0,1,144,32,0.5309554810010013,76.85855029400409,76.85912462700071,0.2514888644218445,0.8928571428571428,0.90625,0.9285714285714286,0.9015384615384616,1.152e-05,0.875,0.0,2.0,medium|hard|easy
test,0,1,145,32,0.5319314369990025,77.39106013499986,77.39163447800092,0.30155372619628906,0.8450980392156863,0.84375,0.84375,0.8435972629521017,1.16e-05,1.1875,0.0,2.0,easy|hard|medium
test,0,1,146,32,0.532534450001549,77.92403743700561,77.92461182099942,0.15222397446632385,0.9083333333333333,0.90625,0.8967611336032388,0.9015384615384616,1.168e-05,1.0625,0.0,2.0,hard|medium|easy
test,0,1,147,32,0.5310040799959097,78.4556047540027,78.45617903599486,0.17584602534770966,0.9372549019607843,0.9375,0.9372549019607843,0.9372549019607843,1.1760000000000001e-05,0.96875,0.0,2.0,hard|easy|medium
test,0,1,148,32,0.5311613359954208,78.98732757000107,78.98790189699503,0.05421927943825722,0.9761904761904762,0.96875,0.9583333333333333,0.9660657476139979,1.184e-05,0.875,0.0,2.0,easy|medium|hard
test,0,1,149,32,0.5320988759995089,79.51999066700228,79.52056499399623,0.09806769341230392,0.96875,0.96875,0.9705882352941176,0.9687194525904204,1.1920000000000001e-05,0.9375,0.0,2.0,medium|easy|hard
test,0,1,150,32,0.5319070760015165,80.05250428100408,80.05307856199943,0.04540182277560234,1.0,1.0,1.0,1.0,1.2e-05,0.96875,0.0,2.0,medium|hard|easy
test,0,1,151,32,0.5317693389952183,80.58483113500552,80.58540547199664,0.06825016438961029,0.9666666666666667,0.96875,0.9722222222222222,0.9684729064039409,1.2080000000000001e-05,0.90625,0.0,2.0,easy|medium|hard
test,0,1,152,32,0.5315209609980229,81.11688161500206,81.11745591699582,0.12751860916614532,0.9722222222222222,0.96875,0.9666666666666667,0.9684729064039409,1.216e-05,0.90625,0.0,2.0,easy|hard|medium
test,0,1,153,32,0.5322561069988296,81.64971139900445,81.65028571099538,0.24194036424160004,0.9473684210526316,0.9375,0.9333333333333333,0.9365079365079365,1.2240000000000001e-05,1.0625,0.0,2.0,hard|easy|medium
test,0,1,154,32,0.5315040599962231,82.18166834000294,82.18224269799975,0.19624510407447815,0.9372549019607843,0.9375,0.9372549019607843,0.9372549019607843,1.232e-05,0.90625,0.0,2.0,hard|medium|easy
test,0,1,155,32,0.5304946849937551,82.71272828100336,82.71330273399508,0.14858892560005188,0.9444444444444444,0.9375,0.9375,0.9372549019607843,1.2400000000000002e-05,0.90625,0.0,2.0,medium|hard|easy
test,0,1,156,32,0.5320531309989747,83.2452955330009,83.24586985899805,0.19244235754013062,0.9583333333333333,0.9375,0.9,0.9227053140096618,1.248e-05,1.21875,0.0,2.0,easy|hard|medium
test,0,1,157,32,0.5313219849995221,83.77713512600167,83.77770944199438,0.07506512105464935,0.9761904761904762,0.96875,0.9583333333333333,0.9660657476139979,1.2560000000000002e-05,1.0,0.0,2.0,medium|hard|easy
test,0,1,158,32,0.5306543839978985,84.3083958050047,84.30897010999615,0.3500148057937622,0.8809523809523809,0.875,0.875,0.8745098039215686,1.2640000000000001e-05,1.03125,0.0,2.0,easy|hard|medium
test,0,1,159,32,0.5321259999982431,84.84107785100059,84.8416521889958,0.40663087368011475,0.8705882352941177,0.875,0.8825910931174089,0.873015873015873,1.2720000000000002e-05,0.875,0.0,2.0,hard|easy|medium
test,0,1,160,32,0.5308557649987051,85.37251566700434,85.37308997299988,0.22576940059661865,0.9166666666666667,0.90625,0.9117647058823529,0.906158357771261,1.2800000000000001e-05,1.125,0.0,2.0,hard|easy|medium
test,0,1,161,32,0.531231752000167,85.90426262999972,85.9048407779992,0.12870676815509796,0.9375,0.9375,0.9444444444444444,0.9372549019607843,1.2880000000000002e-05,1.125,0.0,2.0,medium|easy|hard
test,0,1,162,32,0.5317125349974958,86.43650827500096,86.43708257399703,0.2803748548030853,0.84375,0.84375,0.8450980392156863,0.8435972629521017,1.2960000000000001e-05,0.9375,0.0,2.0,medium|easy|hard
test,0,1,163,32,0.5321544830003404,86.9692285600031,86.9698028809944,0.05051989108324051,1.0,1.0,1.0,1.0,1.3040000000000002e-05,1.0,0.0,2.0,easy|medium|hard
test,0,1,164,32,0.5309724850012572,87.50077088900434,87.50134520199936,0.16231712698936462,0.9069264069264069,0.90625,0.8916666666666666,0.8981972428419936,1.3120000000000001e-05,1.0,0.0,2.0,easy|hard|medium
test,0,1,165,32,0.5317779990000417,88.0330838880036,88.03365821799525,0.09381769597530365,0.9666666666666667,0.96875,0.9722222222222222,0.9684729064039409,1.3200000000000002e-05,1.09375,0.0,2.0,medium|hard|easy
test,0,1,166,32,0.5316991470026551,88.56534258900501,88.56591686599859,0.2231633961200714,0.925,0.90625,0.9,0.9039039039039038,1.3280000000000002e-05,1.125,0.0,2.0,easy|medium|hard
test,0,1,167,32,0.530775031002122,89.09667776500282,89.09725208499731,0.10864851623773575,0.9736842105263157,0.96875,0.9642857142857143,0.967967967967968,1.3360000000000003e-05,0.96875,0.0,2.0,medium|hard|easy
test,0,1,168,32,0.5324066589964787,89.62962118400173,89.63019547799922,0.14313094317913055,0.9210526315789473,0.90625,0.90625,0.9054187192118226,1.3440000000000002e-05,1.125,0.0,2.0,easy|hard|medium
test,0,1,169,32,0.5318505629984429,90.16204595700401,90.16262023399759,0.14797794818878174,0.9565217391304348,0.9375,0.9090909090909092,0.9272727272727272,1.3520000000000003e-05,1.15625,0.0,2.0,medium|hard|easy
test,0,1,170,32,0.5304480569975567,90.69303911700263,90.69361345299694,0.23227332532405853,0.9352226720647774,0.9375,0.9352226720647774,0.9352226720647774,1.3600000000000002e-05,0.875,0.0,2.0,easy|hard|medium
test,0,1,171,32,0.5321157689977554,91.22572048399888,91.22629500999756,0.05690411478281021,1.0,1.0,1.0,1.0,1.3680000000000003e-05,1.0625,0.0,2.0,easy|medium|hard
test,0,1,172,32,0.5315845160002937,91.75783430400043,91.75840861100005,0.351492702960968,0.8614718614718615,0.875,0.8614718614718615,0.8614718614718615,1.376e-05,1.0,0.0,2.0,hard|easy|medium
test,0,1,173,32,0.5309872169964365,92.28933192800469,92.28990624899598,0.07229076325893402,0.9666666666666667,0.96875,0.9722222222222222,0.9684729064039409,1.384e-05,0.875,0.0,2.0,medium|easy|hard
test,0,1,174,32,0.5324854569989839,92.82239131800452,92.82296565599972,0.32574525475502014,0.9,0.90625,0.925,0.9039039039039038,1.392e-05,0.9375,0.0,2.0,medium|hard|easy
test,0,1,175,32,0.531306933000451,93.35421816800226,93.35479243900045,0.41637489199638367,0.9007936507936507,0.90625,0.9089068825910931,0.9039039039039038,1.4e-05,1.15625,0.0,2.0,hard|easy|medium
test,0,1,176,32,0.5317398859988316,93.88654261500051,93.88711694999802,0.05841128155589104,1.0,1.0,1.0,1.0,1.408e-05,0.84375,0.0,2.0,medium|hard|easy
test,0,1,177,32,0.5324568770010956,94.4195698110052,94.42014408599789,0.022282131016254425,1.0,1.0,1.0,1.0,1.416e-05,0.9375,0.0,2.0,medium|hard|easy
test,0,1,178,32,0.5318980930023827,94.95200663700234,94.95258096299949,0.09738710522651672,0.9411764705882353,0.9375,0.9411764705882353,0.9375,1.4240000000000001e-05,1.09375,0.0,2.0,hard|easy|medium
test,0,1,179,32,0.5314307240041671,95.48404334799852,95.48461764899548,0.2076864093542099,0.9365079365079365,0.9375,0.9365079365079365,0.9365079365079365,1.432e-05,1.1875,0.0,2.0,hard|medium|easy
test,0,1,180,32,0.5321837800001958,96.01677547600411,96.01734982699418,0.13182686269283295,0.9736842105263157,0.96875,0.9642857142857143,0.967967967967968,1.4400000000000001e-05,0.875,0.0,2.0,medium|easy|hard
test,0,1,181,32,0.5317397379985778,96.54900265800097,96.54957697400096,0.21587857604026794,0.9375,0.9375,0.9375,0.9375,1.448e-05,1.125,0.0,2.0,hard|medium|easy
test,0,1,182,32,0.5313403580003069,97.08094848600012,97.0815231259985,0.3950119614601135,0.8809523809523809,0.875,0.875,0.8745098039215686,1.4560000000000001e-05,0.96875,0.0,2.0,easy|hard|medium
test,0,1,183,32,0.5320115560025442,97.61355282900331,97.61412715999904,0.45605066418647766,0.8809523809523809,0.875,0.875,0.8745098039215686,1.464e-05,1.0625,0.0,2.0,hard|easy|medium
test,0,1,184,32,0.5322181969968369,98.14630391000537,98.14687819299434,0.3981543779373169,0.868421052631579,0.84375,0.8611111111111112,0.8435972629521017,1.4720000000000001e-05,0.90625,0.0,2.0,medium|hard|easy
test,0,1,185,32,0.5313641020038631,98.67819607200363,98.67877040199528,0.20423001050949097,0.9444444444444444,0.9375,0.9375,0.9372549019607843,1.48e-05,1.15625,0.0,2.0,hard|easy|medium
test,0,1,186,32,0.5300145850051194,99.2086698320054,99.20924413399916,0.476311594247818,0.8823529411764706,0.875,0.8947368421052632,0.8745098039215686,1.4880000000000002e-05,0.96875,0.0,2.0,hard|medium|easy
test,0,1,187,32,0.5321390789977158,99.74133517500013,99.74190958499821,0.13401435315608978,0.9333333333333333,0.9375,0.9473684210526316,0.9365079365079365,1.496e-05,0.8125,0.0,2.0,hard|easy|medium
test,0,1,188,32,0.531980569998268,100.27387790500507,100.2744521719942,0.04174321889877319,1.0,1.0,1.0,1.0,1.5040000000000002e-05,1.03125,0.0,2.0,easy|hard|medium
test,0,1,189,32,0.5314845310058445,100.80594874200324,100.80652307799755,0.060578104108572006,1.0,1.0,1.0,1.0,1.5120000000000001e-05,1.0625,0.0,2.0,medium|easy|hard
test,0,1,190,32,0.532011486000556,101.33853132399963,101.33910591899621,0.0552026703953743,1.0,1.0,1.0,1.0,1.5200000000000002e-05,0.78125,0.0,2.0,medium|easy|hard
test,0,1,191,32,0.5314275480050128,101.87051069500012,101.87108503199852,0.29663243889808655,0.8809523809523809,0.84375,0.84375,0.8398398398398399,1.5280000000000003e-05,1.125,0.0,2.0,hard|medium|easy
test,0,1,192,32,0.5310702600036166,102.4021305300048,102.40270484199573,0.2663443088531494,0.9375,0.90625,0.8636363636363636,0.887719298245614,1.5360000000000002e-05,0.9375,0.0,2.0,easy|hard|medium
test,0,1,193,32,0.5322023479966447,102.93488287999935,102.93545715000073,0.48909875750541687,0.8636363636363636,0.8125,0.8125,0.8056680161943319,1.544e-05,0.84375,0.0,2.0,medium|hard|easy
test,0,1,194,32,0.5314641810036846,103.46685807999893,103.46743235900067,0.1640990525484085,0.96,0.9375,0.8888888888888888,0.9166666666666667,1.552e-05,0.875,0.0,2.0,medium|easy|hard
test,0,1,195,32,0.5311481910030125,103.99858262699854,103.99915690800117,0.4342435300350189,0.868421052631579,0.84375,0.8611111111111112,0.8435972629521017,1.5600000000000003e-05,1.09375,0.0,2.0,hard|medium|easy
test,0,1,196,32,0.5363333260029322,104.53542309399927,104.53599748999841,0.17463013529777527,0.9722222222222222,0.96875,0.9666666666666667,0.9684729064039409,1.5680000000000002e-05,1.15625,0.0,2.0,medium|hard|easy
test,0,1,197,32,0.5331646019985783,105.06969452300109,105.07026878599572,0.23402522504329681,0.8916666666666666,0.90625,0.9069264069264069,0.8981972428419936,1.576e-05,1.15625,0.0,2.0,hard|easy|medium
test,0,1,198,32,0.5310678980022203,105.60139707800408,105.60197132200119,0.4211106598377228,0.9318181818181819,0.90625,0.8846153846153846,0.8981972428419936,1.584e-05,1.0625,0.0,2.0,medium|easy|hard
test,0,1,199,32,0.5325767110043671,106.13452835300268,106.13510261999909,0.23371019959449768,0.9089068825910931,0.90625,0.9007936507936507,0.9039039039039038,1.5920000000000003e-05,0.9375,0.0,2.0,easy|medium|hard
test,0,1,200,32,0.5309620919942972,106.66593584100337,106.66651011599606,0.10713575035333633,0.9666666666666667,0.96875,0.9722222222222222,0.9684729064039409,1.6000000000000003e-05,1.21875,0.0,2.0,hard|easy|medium
test,0,1,201,32,0.5308658170033596,107.19740196999919,107.19797624099738,0.21216385066509247,0.903921568627451,0.90625,0.9087301587301587,0.9054187192118226,1.6080000000000002e-05,1.15625,0.0,2.0,hard|medium|easy
test,0,1,202,32,0.5319231650064467,107.72985804500058,107.73043231899646,0.21130183339118958,0.9375,0.9375,0.9444444444444444,0.9372549019607843,1.616e-05,1.1875,0.0,2.0,easy|hard|medium
test,0,1,203,32,0.5316483540009358,108.26220189699961,108.26277617299638,0.15294435620307922,0.9722222222222222,0.96875,0.9666666666666667,0.9684729064039409,1.6240000000000004e-05,0.75,0.0,2.0,medium|easy|hard
test,0,1,204,32,0.5309302370005753,108.79369517500163,108.79426945299929,0.21966461837291718,0.90625,0.90625,0.907843137254902,0.906158357771261,1.632e-05,0.96875,0.0,2.0,medium|easy|hard
test,0,1,205,32,0.5325537120006629,109.32681202400272,109.32738628299558,0.2145691215991974,0.9166666666666667,0.90625,0.9117647058823529,0.906158357771261,1.64e-05,1.0625,0.0,2.0,easy|hard|medium
test,0,1,206,32,0.5320984970021527,109.85949000999972,109.86006428799737,0.1432425081729889,0.9642857142857143,0.96875,0.9736842105263157,0.967967967967968,1.648e-05,1.28125,0.0,2.0,hard|easy|medium
test,0,1,207,32,0.5307964890016592,110.39084296199871,110.39141721699707,0.11051452904939651,0.9705882352941176,0.96875,0.96875,0.9687194525904204,1.656e-05,0.96875,0.0,2.0,easy|medium|hard
test,0,1,208,32,0.53242961900105,110.92389571900276,110.92447021399857,0.34036439657211304,0.9210526315789473,0.90625,0.90625,0.9054187192118226,1.664e-05,0.875,0.0,2.0,hard|medium|easy
test,0,1,209,32,0.5315507729974343,111.45605147800234,111.45662574999733,0.417387455701828,0.9087301587301587,0.90625,0.903921568627451,0.9054187192118226,1.672e-05,0.9375,0.0,2.0,medium|hard|easy
test,0,1,210,32,0.5309249709971482,111.98752673800482,111.98810127599427,0.3230822682380676,0.925,0.90625,0.9,0.9039039039039038,1.6800000000000002e-05,1.09375,0.0,2.0,easy|medium|hard
test,0,1,211,32,0.5325509640024393,112.5206595769996,112.52123383399885,0.24965032935142517,0.9411764705882353,0.9375,0.9411764705882353,0.9375,1.688e-05,1.15625,0.0,2.0,medium|easy|hard
test,0,1,212,32,0.5311880939989351,113.05241103900335,113.05298537299677,0.3079065680503845,0.925,0.90625,0.9,0.9039039039039038,1.696e-05,0.75,0.0,2.0,hard|easy|medium
test,0,1,213,32,0.5307973610033514,113.58378647200152,113.58436073499615,0.16891884803771973,0.975,0.96875,0.9615384615384616,0.9671794871794872,1.704e-05,0.90625,0.0,2.0,easy|hard|medium
test,0,1,214,32,0.5321477289980976,114.11644676600554,114.11702107900055,0.12582232058048248,0.95,0.9375,0.9285714285714286,0.9352226720647774,1.7120000000000002e-05,0.8125,0.0,2.0,medium|easy|hard
test,0,1,215,32,0.5321736789992428,114.64917512900138,114.64974961099506,0.39371851086616516,0.8818181818181818,0.875,0.85,0.8614718614718615,1.72e-05,0.875,0.0,2.0,medium|easy|hard
test,0,1,216,32,0.5311954600038007,115.18086171200412,115.18143598499591,0.14870938658714294,0.9473684210526316,0.9375,0.9333333333333333,0.9365079365079365,1.728e-05,0.90625,0.0,2.0,medium|easy|hard
test,0,1,217,32,0.5326613249999355,115.71414149100019,115.7147161499961,0.24504518508911133,0.95,0.9375,0.9285714285714286,0.9352226720647774,1.736e-05,1.1875,0.0,2.0,easy|medium|hard
test,0,1,218,32,0.5317781530029606,116.24647515299876,116.24704949499574,0.24381770193576813,0.9473684210526316,0.9375,0.9333333333333333,0.9365079365079365,1.7440000000000002e-05,0.90625,0.0,2.0,medium|hard|easy
test,0,1,219,32,0.531545047997497,116.77856982700177,116.77914415000123,0.06577364355325699,1.0,1.0,1.0,1.0,1.752e-05,0.96875,0.0,2.0,easy|hard|medium
test,0,1,220,32,0.5320469169964781,117.31119176700304,117.3117660450007,0.23059281706809998,0.9210526315789473,0.90625,0.90625,0.9054187192118226,1.76e-05,0.75,0.0,2.0,easy|medium|hard
test,0,1,221,32,0.5314842520019738,117.84324176900554,117.84381607500109,0.08500777184963226,0.9736842105263157,0.96875,0.9642857142857143,0.967967967967968,1.768e-05,0.8125,0.0,2.0,easy|hard|medium
test,0,1,222,32,0.5311929859963129,118.37502855400089,118.37560282799677,0.22158029675483704,0.9444444444444444,0.9375,0.9375,0.9372549019607843,1.7760000000000003e-05,0.90625,0.0,2.0,hard|easy|medium
test,0,1,223,32,0.5325533279974479,118.90816822500346,118.90874256099778,0.1551281362771988,0.975,0.96875,0.9615384615384616,0.9671794871794872,1.7840000000000002e-05,1.0,0.0,2.0,hard|medium|easy
test,0,1,224,32,0.5329922239980078,119.44176037800207,119.44233466199512,0.16591380536556244,0.9722222222222222,0.96875,0.9666666666666667,0.9684729064039409,1.792e-05,1.1875,0.0,2.0,easy|medium|hard
test,0,1,225,32,0.5316454540006816,119.97401739199995,119.9745916690008,0.0666496679186821,0.9705882352941176,0.96875,0.96875,0.9687194525904204,1.8e-05,1.15625,0.0,2.0,medium|hard|easy
test,0,1,226,32,0.5322303809953155,120.50676436700451,120.50733864499489,0.5006764531135559,0.8125,0.8125,0.8174603174603174,0.8117647058823529,1.8080000000000003e-05,1.21875,0.0,2.0,hard|medium|easy
test,0,1,227,32,0.5322082079946995,121.039522209001,121.04009652899549,0.19465115666389465,0.9333333333333333,0.9375,0.9473684210526316,0.9365079365079365,1.8160000000000002e-05,0.96875,0.0,2.0,hard|medium|easy
test,0,1,228,32,0.5316397520000464,121.57174157300324,121.57231584099645,0.23568499088287354,0.8745098039215686,0.875,0.8745098039215686,0.8745098039215686,1.824e-05,0.9375,0.0,2.0,easy|medium|hard
test,0,1,229,32,0.5319993749944842,122.10431295799935,122.10488730100042,0.21411025524139404,0.90625,0.90625,0.907843137254902,0.906158357771261,1.832e-05,1.21875,0.0,2.0,medium|hard|easy
test,0,1,230,32,0.5330525550016318,122.63793783700385,122.63851217399497,0.12197611480951309,0.9736842105263157,0.96875,0.9642857142857143,0.967967967967968,1.8400000000000003e-05,0.90625,0.0,2.0,hard|medium|easy
test,0,1,231,32,0.530915349998395,123.1694201249993,123.16999443299574,0.025616025552153587,1.0,1.0,1.0,1.0,1.8480000000000003e-05,0.875,0.0,2.0,hard|medium|easy
test,0,1,232,32,0.5301048680048552,123.70002850799938,123.70060282899794,0.1762923002243042,0.9473684210526316,0.9375,0.9333333333333333,0.9365079365079365,1.8560000000000002e-05,1.0625,0.0,2.0,medium|hard|easy
test,0,1,233,32,0.5321928830016986,124.23280623900064,124.23338056799548,0.34661227464675903,0.875,0.875,0.9,0.873015873015873,1.864e-05,1.03125,0.0,2.0,easy|hard|medium
test,0,1,234,32,0.5314334549984778,124.76475424700038,124.76532858399878,0.18797603249549866,0.95,0.9375,0.9285714285714286,0.9352226720647774,1.8720000000000004e-05,1.09375,0.0,2.0,medium|hard|easy
test,0,1,235,32,0.5311574040024425,125.29653496899846,125.29710928299755,0.047171466052532196,1.0,1.0,1.0,1.0,1.88e-05,1.0625,0.0,2.0,easy|medium|hard
test,0,1,236,32,0.5317563939970569,125.82882423200499,125.82939856199664,0.03634687140583992,1.0,1.0,1.0,1.0,1.8880000000000002e-05,1.0625,0.0,2.0,hard|medium|easy
test,0,1,237,32,0.5316954830050236,126.36106585500238,126.36164018699492,0.1606200933456421,0.9083333333333333,0.90625,0.8967611336032388,0.9015384615384616,1.896e-05,0.9375,0.0,2.0,medium|hard|easy
test,0,1,238,32,0.5311383320004097,126.89273639800376,126.89331071299966,0.13984063267707825,0.9007936507936507,0.90625,0.9089068825910931,0.9039039039039038,1.904e-05,1.0625,0.0,2.0,easy|medium|hard
test,0,1,239,32,0.5322123840014683,127.42557084700093,127.42614513199806,0.055845677852630615,0.9583333333333333,0.96875,0.9761904761904762,0.9660657476139979,1.912e-05,1.28125,0.0,2.0,hard|medium|easy
test,0,1,240,32,0.5319036969958688,127.95803466199868,127.958608945999,0.06024206057190895,0.9583333333333333,0.96875,0.9761904761904762,0.9660657476139979,1.9200000000000003e-05,1.0625,0.0,2.0,hard|medium|easy
test,0,1,241,32,0.531182439000986,128.48983210600272,128.4904063770009,0.19949035346508026,0.9375,0.9375,0.9444444444444444,0.9372549019607843,1.9280000000000002e-05,0.9375,0.0,2.0,hard|medium|easy
test,0,1,242,32,0.5323582769997302,129.02276898700075,129.02334331900056,0.04473815858364105,0.9615384615384616,0.96875,0.975,0.9671794871794872,1.936e-05,1.0625,0.0,2.0,medium|hard|easy
test,0,1,243,32,0.5323421159991995,129.5557559670051,129.5563303029994,0.012168345972895622,1.0,1.0,1.0,1.0,1.944e-05,0.9375,0.0,2.0,hard|medium|easy
test,0,1,244,32,0.5309723419995862,130.08724325799994,130.08781753999938,0.20122888684272766,0.9444444444444444,0.9375,0.9375,0.9372549019607843,1.9520000000000003e-05,0.9375,0.0,2.0,easy|hard|medium
test,0,1,245,32,0.5317786099985824,130.61961995300226,130.62019422400044,0.023950031027197838,1.0,1.0,1.0,1.0,1.9600000000000002e-05,0.84375,0.0,2.0,easy|hard|medium
test,0,1,246,32,0.5315996470017126,131.15174245399976,131.15231684399623,0.012561149895191193,1.0,1.0,1.0,1.0,1.968e-05,0.96875,0.0,2.0,hard|easy|medium
test,0,1,247,32,0.5310345019970555,131.68363020900142,131.68420454199804,0.2255331575870514,0.9444444444444444,0.9375,0.9375,0.9372549019607843,1.976e-05,0.90625,0.0,2.0,easy|medium|hard
test,0,1,248,32,0.5325091210033861,132.21661114600283,132.21718564099865,0.13586445152759552,0.9722222222222222,0.96875,0.9666666666666667,0.9684729064039409,1.9840000000000003e-05,0.84375,0.0,2.0,hard|medium|easy
test,0,1,249,32,0.5317203230006271,132.74879396400502,132.74936824500037,0.18984071910381317,0.9333333333333333,0.9375,0.9473684210526316,0.9365079365079365,1.9920000000000002e-05,1.125,0.0,2.0,hard|easy|medium
test,0,1,250,32,0.530779517001065,133.2800476600023,133.2806219979975,0.122165247797966,0.9583333333333333,0.96875,0.9761904761904762,0.9660657476139979,2e-05,1.0625,0.0,2.0,easy|medium|hard
test,0,2,1,32,0.532938867007033,0.6172929940003087,143.7713689939992,0.11581582576036453,0.9705882352941176,0.96875,0.96875,0.9687194525904204,1.999111111111111e-05,0.9375,0.0,2.0,medium|hard|easy
test,0,2,2,32,0.5326610949996393,1.1506597789993975,144.30473088899453,0.15352697670459747,0.9736842105263157,0.96875,0.9642857142857143,0.967967967967968,1.9982222222222224e-05,1.03125,0.0,2.0,hard|easy|medium
test,0,2,3,32,0.5322047410008963,1.6833847160014557,144.83745581599942,0.1591896414756775,0.975,0.96875,0.9615384615384616,0.9671794871794872,1.9973333333333334e-05,0.96875,0.0,2.0,medium|easy|hard
test,0,2,4,32,0.5317195610041381,2.215685333001602,145.36975643799815,0.2048223614692688,0.8967611336032388,0.90625,0.9083333333333333,0.9015384615384616,1.9964444444444447e-05,1.09375,0.0,2.0,medium|easy|hard
test,0,2,5,32,0.5328241840034025,2.7490440620022127,145.903115178,0.13797031342983246,0.9444444444444444,0.9375,0.9375,0.9372549019607843,1.9955555555555557e-05,0.96875,0.0,2.0,easy|hard|medium
test,0,2,6,32,0.5324124670005403,3.281984774999728,146.43605588899663,0.040347520262002945,1.0,1.0,1.0,1.0,1.9946666666666667e-05,1.21875,0.0,2.0,medium|hard|easy
test,0,2,7,32,0.5313713080031448,3.8139038070003153,146.96797491499456,0.029522698372602463,1.0,1.0,1.0,1.0,1.993777777777778e-05,1.09375,0.0,2.0,medium|easy|hard
test,0,2,8,32,0.5320817559986608,4.346575659998052,147.5006467589992,0.22217553853988647,0.9473684210526316,0.9375,0.9333333333333333,0.9365079365079365,1.992888888888889e-05,1.0,0.0,2.0,easy|medium|hard
test,0,2,9,32,0.5319568539998727,4.879093461000593,148.03316456899483,0.23020309209823608,0.9411764705882353,0.9375,0.9411764705882353,0.9375,1.9920000000000002e-05,1.125,0.0,2.0,hard|easy|medium
test,0,2,10,32,0.5312118500005454,5.410880089999409,148.56495119099418,0.1592552661895752,0.9666666666666667,0.96875,0.9722222222222222,0.9684729064039409,1.9911111111111112e-05,1.375,0.0,2.0,hard|easy|medium
test,0,2,11,32,0.5321747740017599,5.943554577002942,149.09762567299913,0.02622804045677185,1.0,1.0,1.0,1.0,1.9902222222222222e-05,1.15625,0.0,2.0,easy|medium|hard
test,0,2,12,32,0.5334360139968339,6.477618395998434,149.6316894929987,0.1058419793844223,0.96875,0.96875,0.9705882352941176,0.9687194525904204,1.9893333333333335e-05,1.09375,0.0,2.0,hard|easy|medium
test,0,2,13,32,0.5318864359942381,7.010086406000482,150.1641575199974,0.02973475307226181,1.0,1.0,1.0,1.0,1.9884444444444445e-05,1.09375,0.0,2.0,medium|hard|easy
test,0,2,14,32,0.5319268960010959,7.542552972001431,150.69662408799923,0.16156740486621857,0.9307359307359306,0.9375,0.9307359307359306,0.9307359307359306,1.9875555555555558e-05,0.84375,0.0,2.0,medium|easy|hard
test,0,2,15,32,0.5323157220045687,8.075478974998987,151.22955009599536,0.08581092953681946,0.9642857142857143,0.96875,0.9736842105263157,0.967967967967968,1.9866666666666667e-05,1.0,0.0,2.0,medium|easy|hard
test,0,2,16,32,0.5314082589975442,8.607409983000252,151.7614810899977,0.1619849056005478,0.9642857142857143,0.96875,0.9736842105263157,0.967967967967968,1.985777777777778e-05,0.65625,0.0,2.0,medium|hard|easy
test,0,2,17,32,0.5308100440015551,9.138812418997986,152.29288351399737,0.18696680665016174,0.9285714285714286,0.9375,0.95,0.9352226720647774,1.984888888888889e-05,1.09375,0.0,2.0,medium|hard|easy
test,0,2,18,32,0.5319060089968843,9.671283484000014,152.82535458799975,0.12124378234148026,0.975,0.96875,0.9615384615384616,0.9671794871794872,1.9840000000000003e-05,0.9375,0.0,2.0,medium|easy|hard
test,0,2,19,32,0.5315332690006471,10.203450175002217,153.357521275997,0.007648140657693148,1.0,1.0,1.0,1.0,1.9831111111111113e-05,0.90625,0.0,2.0,hard|medium|easy
test,0,2,20,32,0.5310622780016274,10.735066148001351,153.8891372520011,0.0771666094660759,0.9615384615384616,0.96875,0.975,0.9671794871794872,1.9822222222222226e-05,1.0625,0.0,2.0,easy|medium|hard
test,0,2,21,32,0.5325057240042952,11.26814985400415,154.4222209599975,0.06874022632837296,0.9642857142857143,0.96875,0.9736842105263157,0.967967967967968,1.9813333333333336e-05,1.1875,0.0,2.0,hard|medium|easy
test,0,2,22,32,0.5313396790006664,11.800043447001372,154.95411457299633,0.04471264407038689,0.9722222222222222,0.96875,0.9666666666666667,0.9684729064039409,1.9804444444444445e-05,1.0,0.0,2.0,hard|medium|easy
test,0,2,23,32,0.5312398210007814,12.331839721999131,155.48591082599887,0.16594508290290833,0.9666666666666667,0.96875,0.9722222222222222,0.9684729064039409,1.979555555555556e-05,1.375,0.0,2.0,hard|easy|medium
test,0,2,24,32,0.5323241429941845,12.864713376002328,156.0187844999964,0.010421255603432655,1.0,1.0,1.0,1.0,1.9786666666666668e-05,1.15625,0.0,2.0,medium|hard|easy
test,0,2,25,32,0.531109021998418,13.39640016300109,156.55047130499588,0.11930575221776962,0.96875,0.96875,0.9705882352941176,0.9687194525904204,1.977777777777778e-05,0.96875,0.0,2.0,medium|easy|hard
test,0,2,26,32,0.5308813720039325,13.927863361001073,157.08193448199745,0.16235002875328064,0.975,0.96875,0.9615384615384616,0.9671794871794872,1.976888888888889e-05,1.21875,0.0,2.0,easy|hard|medium
test,0,2,27,32,0.5321121180022601,14.460536340004182,157.61460744899523,0.09884853661060333,0.9444444444444444,0.9375,0.9375,0.9372549019607843,1.976e-05,0.78125,0.0,2.0,hard|medium|easy
test,0,2,28,32,0.5320066619970021,14.993116449004447,158.14718754599744,0.16750122606754303,0.9365079365079365,0.9375,0.9365079365079365,0.9365079365079365,1.9751111111111114e-05,0.9375,0.0,2.0,medium|hard|easy
test,0,2,29,32,0.5309245089956676,15.524626728998555,158.6786978309974,0.05834001302719116,0.9722222222222222,0.96875,0.9666666666666667,0.9684729064039409,1.9742222222222223e-05,1.21875,0.0,2.0,hard|medium|easy
test,0,2,30,32,0.5318046300017159,16.057057905003603,159.21112900799926,0.1569109410047531,0.9473684210526316,0.9375,0.9333333333333333,0.9365079365079365,1.9733333333333336e-05,1.0,0.0,2.0,hard|easy|medium
test,0,2,31,32,0.531633910999517,16.589202627001214,159.74327374399581,0.04875589907169342,0.9666666666666667,0.96875,0.9722222222222222,0.9684729064039409,1.9724444444444446e-05,0.9375,0.0,2.0,easy|medium|hard
test,0,2,32,32,0.5314441089940374,17.121127750004234,160.27519886299706,0.060379620641469955,0.975,0.96875,0.9615384615384616,0.9671794871794872,1.9715555555555556e-05,0.9375,0.0,2.0,easy|medium|hard
test,0,2,33,32,0.532261224994727,17.653849235000962,160.80792034600017,0.05964965000748634,0.9705882352941176,0.96875,0.96875,0.9687194525904204,1.970666666666667e-05,0.96875,0.0,2.0,medium|easy|hard
test,0,2,34,32,0.5319283709977753,18.186356812002487,161.3404281330004,0.03372777998447418,1.0,1.0,1.0,1.0,1.969777777777778e-05,1.09375,0.0,2.0,medium|hard|easy
test,0,2,35,32,0.5306369090030785,18.717476926998643,161.8715480519968,0.07297274470329285,0.9782608695652174,0.96875,0.95,0.9625730994152046,1.968888888888889e-05,0.90625,0.0,2.0,medium|hard|easy
test,0,2,36,32,0.532864453001821,19.250949191999098,162.405020305996,0.09716802835464478,0.9736842105263157,0.96875,0.9642857142857143,0.967967967967968,1.968e-05,0.96875,0.0,2.0,easy|hard|medium
test,0,2,37,32,0.5313415110067581,19.782880149003176,162.93695124299848,0.016871849074959755,1.0,1.0,1.0,1.0,1.967111111111111e-05,0.6875,0.0,2.0,medium|hard|easy
test,0,2,38,32,0.5302561930002412,20.313717757999257,163.46778886699758,0.14110924303531647,0.96875,0.96875,0.9705882352941176,0.9687194525904204,1.9662222222222224e-05,1.09375,0.0,2.0,easy|medium|hard
test,0,2,39,32,0.5330289579942473,20.84724701000232,164.00131812199834,0.029770106077194214,1.0,1.0,1.0,1.0,1.9653333333333334e-05,1.15625,0.0,2.0,hard|easy|medium
test,0,2,40,32,0.5318723149975995,21.37975100499898,164.53382212699944,0.045383207499980927,1.0,1.0,1.0,1.0,1.9644444444444447e-05,0.78125,0.0,2.0,medium|easy|hard
test,0,2,41,32,0.5318597719960962,21.9121252440018,165.0661963639941,0.018141120672225952,1.0,1.0,1.0,1.0,1.9635555555555557e-05,1.375,0.0,2.0,hard|medium|easy
test,0,2,42,32,0.532417500995507,22.445142378004675,165.59921348300122,0.08874479681253433,0.9761904761904762,0.96875,0.9583333333333333,0.9660657476139979,1.9626666666666666e-05,0.5625,0.0,2.0,easy|medium|hard
test,0,2,43,32,0.5319936340019922,22.977695893998316,166.1317669869968,0.15334223210811615,0.96875,0.96875,0.9705882352941176,0.9687194525904204,1.961777777777778e-05,1.0,0.0,2.0,medium|hard|easy
test,0,2,44,32,0.5319976450045942,23.510261312003422,166.66433242899802,0.26148948073387146,0.9089068825910931,0.90625,0.9007936507936507,0.9039039039039038,1.960888888888889e-05,1.34375,0.0,2.0,hard|medium|easy
test,0,2,45,32,0.5325888030056376,24.043441212998005,167.197512327999,0.18259260058403015,0.9782608695652174,0.96875,0.95,0.9625730994152046,1.9600000000000002e-05,1.09375,0.0,2.0,hard|medium|easy
test,0,2,46,32,0.5317129670002032,24.57574570300494,167.72981682099635,0.01973772794008255,1.0,1.0,1.0,1.0,1.9591111111111112e-05,0.875,0.0,2.0,easy|hard|medium
test,0,2,47,32,0.531253763998393,25.107546790000924,168.26161790199694,0.15238675475120544,0.9642857142857143,0.96875,0.9736842105263157,0.967967967967968,1.9582222222222225e-05,0.90625,0.0,2.0,easy|hard|medium
test,0,2,48,32,0.53243609299534,25.640568850001728,168.79463996399863,0.011940374970436096,1.0,1.0,1.0,1.0,1.9573333333333335e-05,1.0,0.0,2.0,medium|hard|easy
test,0,2,49,32,0.5312828750029439,26.172419731003174,169.3264908429992,0.3152439594268799,0.9083333333333333,0.90625,0.8967611336032388,0.9015384615384616,1.9564444444444444e-05,0.9375,0.0,2.0,medium|easy|hard
test,0,2,50,32,0.5320143370045116,26.705069388000993,169.85914049200073,0.017142092809081078,1.0,1.0,1.0,1.0,1.9555555555555557e-05,1.15625,0.0,2.0,easy|medium|hard
test,0,2,51,32,0.5322944730069139,27.23782340300386,170.3918945109981,0.10638582706451416,0.9705882352941176,0.96875,0.96875,0.9687194525904204,1.954666666666667e-05,1.09375,0.0,2.0,medium|easy|hard
test,0,2,52,32,0.5325961770067806,27.770880087999103,170.92495119600062,0.009236417710781097,1.0,1.0,1.0,1.0,1.953777777777778e-05,1.15625,0.0,2.0,hard|medium|easy
test,0,2,53,32,0.5314023669998278,28.302783851999266,171.4568549589967,0.4746220111846924,0.8888888888888888,0.875,0.8888888888888888,0.875,1.952888888888889e-05,0.59375,0.0,2.0,easy|hard|medium
test,0,2,54,32,0.5324082970037125,28.835720034003316,171.98979114399845,0.011258278042078018,1.0,1.0,1.0,1.0,1.9520000000000003e-05,1.0,0.0,2.0,medium|hard|easy
test,0,2,55,32,0.5322736320013064,29.368615127998055,172.5226862349955,0.0904766395688057,0.9722222222222222,0.96875,0.9666666666666667,0.9684729064039409,1.9511111111111113e-05,1.25,0.0,2.0,hard|medium|easy
test,0,2,56,32,0.5315756650015828,29.90073749700241,173.05480860199896,0.005491902586072683,1.0,1.0,1.0,1.0,1.9502222222222226e-05,0.65625,0.0,2.0,easy|medium|hard
test,0,2,57,32,0.5304863339988515,30.431830898000044,173.58590200799517,0.20153404772281647,0.9411764705882353,0.9375,0.9411764705882353,0.9375,1.9493333333333335e-05,0.96875,0.0,2.0,medium|easy|hard
test,0,2,58,32,0.5322808700002497,30.964690434004297,174.1187615309973,0.1333727389574051,0.9705882352941176,0.96875,0.96875,0.9687194525904204,1.9484444444444445e-05,1.09375,0.0,2.0,medium|hard|easy
test,0,2,59,32,0.5316415609995602,31.49681171100383,174.65088282799843,0.0036340965889394283,1.0,1.0,1.0,1.0,1.9475555555555558e-05,0.875,0.0,2.0,easy|hard|medium
test,0,2,60,32,0.5309561369940639,32.02832667899929,175.18239778499992,0.044760044664144516,0.9772727272727273,0.96875,0.9545454545454546,0.964562569213732,1.9466666666666668e-05,0.9375,0.0,2.0,easy|hard|medium
test,0,2,61,32,0.5323206009998103,32.56121992300177,175.71529102500062,0.047210633754730225,0.96875,0.96875,0.9705882352941176,0.9687194525904204,1.945777777777778e-05,1.03125,0.0,2.0,medium|hard|easy
test,0,2,62,32,0.5310951650026254,33.09286517900182,176.24693628599925,0.3968370258808136,0.8916666666666666,0.90625,0.9069264069264069,0.8981972428419936,1.944888888888889e-05,0.71875,0.0,2.0,medium|easy|hard
test,0,2,63,32,0.5313866530050291,33.624853826004255,176.77892492799583,0.4916370213031769,0.875,0.875,0.8809523809523809,0.8745098039215686,1.944e-05,1.125,0.0,2.0,hard|medium|easy
test,0,2,64,32,0.5320361519989092,34.15742808899813,177.31149919599557,0.07649266719818115,0.9666666666666667,0.96875,0.9722222222222222,0.9684729064039409,1.9431111111111113e-05,0.78125,0.0,2.0,medium|hard|easy
test,0,2,65,32,0.5311772820059559,34.68918768000003,177.84325879899552,0.21776218712329865,0.98,0.96875,0.9375,0.9564625850340136,1.9422222222222223e-05,1.0625,0.0,2.0,easy|medium|hard
test,0,2,66,32,0.5314516880025622,35.2212007900016,178.37527190199762,0.02961745113134384,1.0,1.0,1.0,1.0,1.9413333333333336e-05,1.09375,0.0,2.0,hard|easy|medium
test,0,2,67,32,0.532460465998156,35.75422607600194,178.9082971809985,0.14321810007095337,0.9736842105263157,0.96875,0.9642857142857143,0.967967967967968,1.9404444444444446e-05,0.9375,0.0,2.0,easy|hard|medium
test,0,2,68,32,0.5314761909976369,36.286283228000684,179.44035433599493,0.17035940289497375,0.9473684210526316,0.9375,0.9333333333333333,0.9365079365079365,1.9395555555555555e-05,1.03125,0.0,2.0,hard|easy|medium
test,0,2,69,32,0.5308687610013294,36.817699700004596,179.97177082599956,0.2543581426143646,0.9372549019607843,0.9375,0.9372549019607843,0.9372549019607843,1.938666666666667e-05,0.875,0.0,2.0,easy|medium|hard
test,0,2,70,32,0.5315642780042253,37.3497992670018,180.50387036999746,0.009972818195819855,1.0,1.0,1.0,1.0,1.9377777777777778e-05,1.09375,0.0,2.0,easy|hard|medium
test,0,2,71,32,0.5313119940037723,37.881705028004944,181.03577617299743,0.18050630390644073,0.9615384615384616,0.96875,0.975,0.9671794871794872,1.936888888888889e-05,0.71875,0.0,2.0,easy|medium|hard
test,0,2,72,32,0.5314366050006356,38.41375524500472,181.56782633999683,0.1905086487531662,0.9705882352941176,0.96875,0.96875,0.9687194525904204,1.936e-05,1.09375,0.0,2.0,medium|hard|easy
test,0,2,73,32,0.532549351999478,38.946757016004995,182.1008281089962,0.30450159311294556,0.9411764705882353,0.9375,0.9411764705882353,0.9375,1.935111111111111e-05,0.90625,0.0,2.0,easy|medium|hard
test,0,2,74,32,0.5320945639978163,39.47938233400055,182.63345344599657,0.03294882923364639,0.9642857142857143,0.96875,0.9736842105263157,0.967967967967968,1.9342222222222224e-05,0.96875,0.0,2.0,medium|hard|easy
test,0,2,75,32,0.5305899400045746,40.01053002499975,183.16460114000074,0.06663604080677032,0.9642857142857143,0.96875,0.9736842105263157,0.967967967967968,1.9333333333333333e-05,1.125,0.0,2.0,hard|easy|medium
test,0,2,76,32,0.5329397299938137,40.544043064001016,183.69811416699667,0.028947148472070694,1.0,1.0,1.0,1.0,1.9324444444444447e-05,1.15625,0.0,2.0,medium|easy|hard
test,0,2,77,32,0.5316906959997141,41.07631979099824,184.23039091199462,0.08041685074567795,0.9375,0.9375,0.9444444444444444,0.9372549019607843,1.9315555555555556e-05,0.9375,0.0,2.0,hard|easy|medium
test,0,2,78,32,0.5305914679993293,41.60747885300225,184.76154996799596,0.04485524445772171,1.0,1.0,1.0,1.0,1.930666666666667e-05,1.15625,0.0,2.0,hard|easy|medium
test,0,2,79,32,0.5326750579988584,42.140736106004624,185.29480721100117,0.017252909019589424,1.0,1.0,1.0,1.0,1.929777777777778e-05,1.34375,0.0,2.0,hard|medium|easy
test,0,2,80,32,0.5316284850050579,42.67295729400212,185.82702840099955,0.03297504782676697,1.0,1.0,1.0,1.0,1.928888888888889e-05,1.125,0.0,2.0,easy|hard|medium
test,0,2,81,32,0.5314933419940644,43.20500271000492,186.35907384199527,0.025520209223031998,1.0,1.0,1.0,1.0,1.9280000000000002e-05,0.71875,0.0,2.0,hard|easy|medium
test,0,2,82,32,0.5323201489954954,43.737874402999296,186.89194554799906,0.03682633489370346,1.0,1.0,1.0,1.0,1.9271111111111115e-05,0.8125,0.0,2.0,hard|easy|medium
test,0,2,83,32,0.5314559160033241,44.26992927899846,187.42400038799678,0.04282635077834129,0.9705882352941176,0.96875,0.96875,0.9687194525904204,1.9262222222222225e-05,1.0625,0.0,2.0,medium|hard|easy
test,0,2,84,32,0.531988734001061,44.80249643500429,187.9565675529957,0.11488354951143265,0.9666666666666667,0.96875,0.9722222222222222,0.9684729064039409,1.9253333333333334e-05,0.8125,0.0,2.0,medium|easy|hard
test,0,2,85,32,0.5323568019957747,45.335415278001165,188.48948638399452,0.25490429997444153,0.9365079365079365,0.9375,0.9365079365079365,0.9365079365079365,1.9244444444444444e-05,1.0,0.0,2.0,medium|easy|hard
test,0,2,86,32,0.5316273450007429,45.867571989998396,189.0216431480003,0.04668738320469856,0.9642857142857143,0.96875,0.9736842105263157,0.967967967967968,1.9235555555555557e-05,0.78125,0.0,2.0,medium|easy|hard
test,0,2,87,32,0.5308929839957273,46.39903992500331,189.55311121999694,0.03158366680145264,0.9722222222222222,0.96875,0.9666666666666667,0.9684729064039409,1.922666666666667e-05,0.78125,0.0,2.0,medium|easy|hard
test,0,2,88,32,0.5319825849946938,46.931573556998046,190.08564469699922,0.007212968077510595,1.0,1.0,1.0,1.0,1.921777777777778e-05,0.84375,0.0,2.0,medium|easy|hard
test,0,2,89,32,0.5319666979994508,47.46412448400224,190.61819559599826,0.03798170015215874,0.9772727272727273,0.96875,0.9545454545454546,0.964562569213732,1.920888888888889e-05,0.8125,0.0,2.0,medium|hard|easy
test,0,2,90,32,0.5318164749987773,47.9964736480033,191.15054475399666,0.18364207446575165,0.9375,0.9375,0.9444444444444444,0.9372549019607843,1.9200000000000003e-05,0.875,0.0,2.0,hard|medium|easy
test,0,2,91,32,0.5319035930006066,48.52886080300232,191.68293190999975,0.09009557962417603,0.9642857142857143,0.96875,0.9736842105263157,0.967967967967968,1.9191111111111112e-05,1.03125,0.0,2.0,easy|medium|hard
test,0,2,92,32,0.5325323450015276,49.06198198199854,192.21605307699792,0.16134600341320038,0.9761904761904762,0.96875,0.9583333333333333,0.9660657476139979,1.9182222222222225e-05,1.0,0.0,2.0,easy|medium|hard
test,0,2,93,32,0.5316280699989875,49.59417373600445,192.74824487599835,0.2386825680732727,0.9372549019607843,0.9375,0.9372549019607843,0.9372549019607843,1.9173333333333335e-05,1.0625,0.0,2.0,easy|medium|hard
test,0,2,94,32,0.5308206780027831,50.12557114200172,193.27964224999596,0.005254223011434078,1.0,1.0,1.0,1.0,1.9164444444444445e-05,1.09375,0.0,2.0,hard|medium|easy
test,0,2,95,32,0.5323728759976802,50.65844628299965,193.81251739299478,0.29033952951431274,0.9210526315789473,0.90625,0.90625,0.9054187192118226,1.9155555555555558e-05,0.96875,0.0,2.0,hard|easy|medium
test,0,2,96,32,0.5312067389968433,51.19022188999952,194.34429299399926,0.01670827716588974,1.0,1.0,1.0,1.0,1.9146666666666667e-05,0.875,0.0,2.0,medium|hard|easy
test,0,2,97,32,0.530555295998056,51.72129936500278,194.8753704740011,0.3958836793899536,0.8705882352941177,0.875,0.8825910931174089,0.873015873015873,1.913777777777778e-05,0.90625,0.0,2.0,hard|easy|medium
test,0,2,98,32,0.5317462430029991,52.25365414800035,195.4077252759962,0.2513795495033264,0.9372549019607843,0.9375,0.9372549019607843,0.9372549019607843,1.912888888888889e-05,1.09375,0.0,2.0,hard|medium|easy
test,0,2,99,32,0.5315634549988317,52.78583417399932,195.93990534199838,0.3161602020263672,0.9444444444444444,0.9375,0.9375,0.9372549019607843,1.912e-05,1.03125,0.0,2.0,hard|medium|easy
test,0,2,100,32,0.531582311996317,53.318046011998376,196.4721174160004,0.1653750091791153,0.9736842105263157,0.96875,0.9642857142857143,0.967967967967968,1.9111111111111113e-05,0.9375,0.0,2.0,easy|medium|hard
test,0,2,101,32,0.5320913739997195,53.85073338600341,197.00480449599854,0.10574770718812943,0.9285714285714286,0.9375,0.95,0.9352226720647774,1.9102222222222223e-05,1.15625,0.0,2.0,easy|medium|hard
test,0,2,102,32,0.5315675339952577,54.382903516001534,197.53697462499986,0.14842070639133453,0.9722222222222222,0.96875,0.9666666666666667,0.9684729064039409,1.9093333333333336e-05,1.03125,0.0,2.0,hard|easy|medium
test,0,2,103,32,0.5312925940015703,54.91472833500302,198.06879944299726,0.019589176401495934,1.0,1.0,1.0,1.0,1.9084444444444445e-05,0.90625,0.0,2.0,medium|hard|easy
test,0,2,104,32,0.5323230220019468,55.447582537002745,198.60165364600107,0.12937116622924805,0.96875,0.96875,0.9705882352941176,0.9687194525904204,1.9075555555555555e-05,1.3125,0.0,2.0,medium|easy|hard
test,0,2,105,32,0.5314081250035088,55.97950768499868,199.1335790949961,0.08158214390277863,0.96875,0.96875,0.9705882352941176,0.9687194525904204,1.9066666666666668e-05,0.6875,0.0,2.0,easy|hard|medium
test,0,2,106,32,0.5307768000056967,56.510873981998884,199.6649450900004,0.09678983688354492,0.9722222222222222,0.96875,0.9666666666666667,0.9684729064039409,1.9057777777777778e-05,0.90625,0.0,2.0,easy|hard|medium
test,0,2,107,32,0.5320674589966075,57.043497144004505,200.19756853099534,0.30275750160217285,0.9087301587301587,0.90625,0.903921568627451,0.9054187192118226,1.904888888888889e-05,1.125,0.0,2.0,medium|easy|hard
test,0,2,108,32,0.5318568479997339,57.57596691600338,200.7300380339948,0.41035354137420654,0.873015873015873,0.875,0.873015873015873,0.873015873015873,1.904e-05,1.15625,0.0,2.0,easy|hard|medium
test,0,2,109,32,0.5309210050036199,58.107449201001145,201.2615203259993,0.11061656475067139,0.9722222222222222,0.96875,0.9666666666666667,0.9684729064039409,1.9031111111111114e-05,0.84375,0.0,2.0,easy|medium|hard
test,0,2,110,32,0.5323035370020079,58.640306797999074,201.79437791099917,0.016421619802713394,1.0,1.0,1.0,1.0,1.9022222222222223e-05,1.03125,0.0,2.0,medium|easy|hard
test,0,2,111,32,0.5318690709973453,59.17264364199946,202.3267147660008,0.07744211703538895,0.9722222222222222,0.96875,0.9666666666666667,0.9684729064039409,1.9013333333333333e-05,0.875,0.0,2.0,easy|hard|medium
test,0,2,112,32,0.5310582320016692,59.70431437100342,202.85838548199536,0.20424599945545197,0.9375,0.9375,0.9444444444444444,0.9372549019607843,1.9004444444444446e-05,0.96875,0.0,2.0,easy|hard|medium
test,0,2,113,32,0.5317998359969351,60.23668361300224,203.39075501099433,0.07207929342985153,0.9642857142857143,0.96875,0.9736842105263157,0.967967967967968,1.899555555555556e-05,1.15625,0.0,2.0,hard|easy|medium
test,0,2,114,32,0.5316503310023108,60.76889468000445,203.92296579499816,0.013412557542324066,1.0,1.0,1.0,1.0,1.898666666666667e-05,0.875,0.0,2.0,medium|hard|easy
test,0,2,115,32,0.530502116002026,61.300004224001896,204.45407534699916,0.03929906338453293,1.0,1.0,1.0,1.0,1.897777777777778e-05,0.90625,0.0,2.0,hard|medium|easy
test,0,2,116,32,0.5328838519999408,61.83341176700196,204.9874829029941,0.1590462476015091,0.9772727272727273,0.96875,0.9545454545454546,0.964562569213732,1.896888888888889e-05,0.8125,0.0,2.0,easy|medium|hard
test,0,2,117,32,0.5320401079952717,62.36600224600261,205.52007335699454,0.19405703246593475,0.9444444444444444,0.9375,0.9375,0.9372549019607843,1.896e-05,1.125,0.0,2.0,medium|hard|easy
test,0,2,118,32,0.5315439460027847,62.898118591998355,206.05218971499562,0.14300936460494995,0.9444444444444444,0.9375,0.9375,0.9372549019607843,1.8951111111111115e-05,1.125,0.0,2.0,easy|medium|hard
test,0,2,119,32,0.5323025910038268,63.43103158400481,206.5851027280005,0.32342374324798584,0.8947368421052632,0.875,0.8823529411764706,0.8745098039215686,1.8942222222222224e-05,0.71875,0.0,2.0,hard|medium|easy
test,0,2,120,32,0.5315677460021107,63.96307280899782,207.11714391799615,0.03567161783576012,0.975,0.96875,0.9615384615384616,0.9671794871794872,1.8933333333333334e-05,0.9375,0.0,2.0,medium|hard|easy
test,0,2,121,32,0.5317006920013228,64.49531535900314,207.64938645199436,0.011672351509332657,1.0,1.0,1.0,1.0,1.8924444444444447e-05,1.0625,0.0,2.0,medium|easy|hard
test,0,2,122,32,0.5324682200007373,65.02822243400442,208.18229356999655,0.15164270997047424,0.9365079365079365,0.9375,0.9365079365079365,0.9365079365079365,1.8915555555555557e-05,1.03125,0.0,2.0,hard|easy|medium
test,0,2,123,32,0.5319121420034207,65.56072547900112,208.7147965799959,0.03269409388303757,1.0,1.0,1.0,1.0,1.890666666666667e-05,0.90625,0.0,2.0,medium|easy|hard
test,0,2,124,32,0.5319778220000444,66.0932684090003,209.24733953899704,0.026406841352581978,1.0,1.0,1.0,1.0,1.889777777777778e-05,1.15625,0.0,2.0,easy|medium|hard
test,0,2,125,32,0.5325770710041979,66.62646058200335,209.7805316879967,0.19525359570980072,0.9087301587301587,0.90625,0.903921568627451,0.9054187192118226,1.888888888888889e-05,1.1875,0.0,2.0,medium|hard|easy
test,0,2,126,32,0.5319723690045066,67.15908808200038,210.31315921199712,0.054813697934150696,1.0,1.0,1.0,1.0,1.8880000000000002e-05,1.09375,0.0,2.0,hard|medium|easy
test,0,2,127,32,0.5314045220002299,67.69101896700158,210.84509006699955,0.15130281448364258,0.9772727272727273,0.96875,0.9545454545454546,0.964562569213732,1.8871111111111112e-05,1.15625,0.0,2.0,hard|medium|easy
test,0,2,128,32,0.5320920099984505,68.22371393800131,211.37778539199644,0.2421198934316635,0.9444444444444444,0.9375,0.9375,0.9372549019607843,1.8862222222222225e-05,1.03125,0.0,2.0,medium|easy|hard
test,0,2,129,32,0.5328766309976345,68.7571277399984,211.91119883999636,0.05740285664796829,0.9722222222222222,0.96875,0.9666666666666667,0.9684729064039409,1.8853333333333335e-05,0.96875,0.0,2.0,easy|hard|medium
test,0,2,130,32,0.5315871950006112,69.28925347200129,212.4433248869973,0.016137201339006424,1.0,1.0,1.0,1.0,1.8844444444444444e-05,0.96875,0.0,2.0,medium|easy|hard
test,0,2,131,32,0.5318371190005564,69.82163785400189,212.97570900199935,0.07146695256233215,0.9722222222222222,0.96875,0.9666666666666667,0.9684729064039409,1.8835555555555557e-05,1.125,0.0,2.0,easy|medium|hard
test,0,2,132,32,0.5323343549971469,70.35459719999926,213.5086683069967,0.017219722270965576,1.0,1.0,1.0,1.0,1.8826666666666667e-05,0.875,0.0,2.0,easy|medium|hard
test,0,2,133,32,0.5310109229976661,70.88615820700215,214.040229309001,0.19128748774528503,0.9565217391304348,0.9375,0.9090909090909092,0.9272727272727272,1.881777777777778e-05,1.34375,0.0,2.0,hard|medium|easy
test,0,2,134,32,0.5305809459969169,71.41732304100151,214.57139415399433,0.01244922261685133,1.0,1.0,1.0,1.0,1.880888888888889e-05,0.75,0.0,2.0,easy|medium|hard
test,0,2,135,32,0.5321474329975899,71.95001590200263,215.10408701499546,0.005527745001018047,1.0,1.0,1.0,1.0,1.88e-05,0.96875,0.0,2.0,hard|medium|easy
test,0,2,136,32,0.5313769080021302,72.48197015400365,215.63604127599683,0.12237831950187683,0.9411764705882353,0.9375,0.9411764705882353,0.9375,1.8791111111111113e-05,0.90625,0.0,2.0,easy|hard|medium
test,0,2,137,32,0.5312252619987703,73.01375861400447,216.1678300229978,0.027118351310491562,1.0,1.0,1.0,1.0,1.8782222222222222e-05,0.96875,0.0,2.0,hard|medium|easy
test,0,2,138,32,0.5320156250018044,73.54626901400479,216.70034015899728,0.0038968557491898537,1.0,1.0,1.0,1.0,1.8773333333333335e-05,1.375,0.0,2.0,hard|easy|medium
test,0,2,139,32,0.5313408439978957,74.07824822999828,217.23231933699572,0.1737813949584961,0.9666666666666667,0.96875,0.9722222222222222,0.9684729064039409,1.8764444444444445e-05,0.90625,0.0,2.0,medium|hard|easy
test,0,2,140,32,0.5309357510050177,74.60966085000109,217.76373197299836,0.1900850534439087,0.9230769230769231,0.9375,0.9523809523809523,0.9333333333333333,1.8755555555555558e-05,1.03125,0.0,2.0,medium|easy|hard
test,0,2,141,32,0.5324005540023791,75.14255665900419,218.29662776299665,0.12510131299495697,0.9666666666666667,0.96875,0.9722222222222222,0.9684729064039409,1.8746666666666668e-05,1.09375,0.0,2.0,hard|medium|easy
test,0,2,142,32,0.5317308020021301,75.67492968599981,218.8290010109995,0.3163774609565735,0.90625,0.90625,0.907843137254902,0.906158357771261,1.8737777777777778e-05,1.0625,0.0,2.0,hard|medium|easy
test,0,2,143,32,0.5311275670028408,76.20664594000118,219.36071706000075,0.004099655896425247,1.0,1.0,1.0,1.0,1.872888888888889e-05,0.96875,0.0,2.0,easy|medium|hard
test,0,2,144,32,0.5322124980011722,76.73940897700231,219.89348007999797,0.06124872714281082,0.9705882352941176,0.96875,0.96875,0.9687194525904204,1.8720000000000004e-05,0.875,0.0,2.0,hard|easy|medium
test,0,2,145,32,0.5318539069994586,77.27173734200187,220.4258084510002,0.18216748535633087,0.96875,0.96875,0.9705882352941176,0.9687194525904204,1.8711111111111113e-05,0.9375,0.0,2.0,hard|easy|medium
test,0,2,146,32,0.5309109820009326,77.80315549600346,220.95722664200002,0.06831295788288116,0.9761904761904762,0.96875,0.9583333333333333,0.9660657476139979,1.8702222222222223e-05,1.03125,0.0,2.0,easy|hard|medium
test,0,2,147,32,0.5313205249985913,78.33494962999976,221.48902075599472,0.22753112018108368,0.9411764705882353,0.9375,0.9411764705882353,0.9375,1.8693333333333333e-05,1.09375,0.0,2.0,hard|easy|medium
test,0,2,148,32,0.5314162659997237,78.86685970899998,222.02093081299972,0.5353679656982422,0.8705882352941177,0.875,0.8825910931174089,0.873015873015873,1.8684444444444446e-05,0.96875,0.0,2.0,medium|hard|easy
test,0,2,149,32,0.530627934000222,79.39805049900315,222.55212161399686,0.35445767641067505,0.903921568627451,0.90625,0.9087301587301587,0.9054187192118226,1.867555555555556e-05,1.0,0.0,2.0,medium|easy|hard
test,0,2,150,32,0.5323108700031298,79.93092669999896,223.0849978059996,0.11067669838666916,0.975,0.96875,0.9615384615384616,0.9671794871794872,1.866666666666667e-05,1.0,0.0,2.0,medium|hard|easy
test,0,2,151,32,0.5315465559979202,80.4630661859992,223.61713731099735,0.00621661776676774,1.0,1.0,1.0,1.0,1.865777777777778e-05,1.09375,0.0,2.0,medium|hard|easy
test,0,2,152,32,0.5303011040014098,80.99393340800452,224.14800457000092,0.006569047458469868,1.0,1.0,1.0,1.0,1.8648888888888888e-05,1.0625,0.0,2.0,easy|hard|medium
test,0,2,153,32,0.5323928490033722,81.52692298000329,224.68099410499417,0.03631553798913956,0.9736842105263157,0.96875,0.9642857142857143,0.967967967967968,1.864e-05,1.25,0.0,2.0,easy|hard|medium
test,0,2,154,32,0.5318633470014902,82.05931864900049,225.21339007400093,0.005174078978598118,1.0,1.0,1.0,1.0,1.8631111111111114e-05,1.0,0.0,2.0,medium|easy|hard
test,0,2,155,32,0.5314434749961947,82.59139493600378,225.7454660519943,0.15870782732963562,0.9545454545454546,0.96875,0.9772727272727273,0.964562569213732,1.8622222222222224e-05,1.09375,0.0,2.0,easy|hard|medium
test,0,2,156,32,0.5320211610014667,83.12390788800258,226.27797930700035,0.15387573838233948,0.975,0.96875,0.9615384615384616,0.9671794871794872,1.8613333333333334e-05,0.875,0.0,2.0,easy|medium|hard
test,0,2,157,32,0.5317680509979255,83.65615323700331,226.81022434499755,0.12366567552089691,0.9372549019607843,0.9375,0.9372549019607843,0.9372549019607843,1.8604444444444447e-05,0.78125,0.0,2.0,easy|medium|hard
test,0,2,158,32,0.5316705649966025,84.1884143549978,227.34248547999596,0.007379320450127125,1.0,1.0,1.0,1.0,1.8595555555555556e-05,1.15625,0.0,2.0,easy|hard|medium
test,0,2,159,32,0.5324891170021147,84.72136097300245,227.8754320989974,0.018538301810622215,1.0,1.0,1.0,1.0,1.858666666666667e-05,1.09375,0.0,2.0,hard|easy|medium
test,0,2,160,32,0.5311250970044057,85.25295830800314,228.40702940399933,0.19135823845863342,0.9365079365079365,0.9375,0.9365079365079365,0.9365079365079365,1.857777777777778e-05,0.875,0.0,2.0,easy|hard|medium
test,0,2,161,32,0.5315080509972177,85.78506162800477,228.93913272999635,0.21504801511764526,0.9365079365079365,0.9375,0.9365079365079365,0.9365079365079365,1.856888888888889e-05,0.84375,0.0,2.0,hard|easy|medium
test,0,2,162,32,0.5322424210025929,86.31778668000334,229.47185777699633,0.2070767879486084,0.9166666666666667,0.9375,0.9545454545454546,0.9307359307359306,1.8560000000000002e-05,1.3125,0.0,2.0,hard|easy|medium
test,0,2,163,32,0.5321036270033801,86.85044476199982,230.00451588400028,0.22459480166435242,0.9307359307359306,0.9375,0.9307359307359306,0.9307359307359306,1.855111111111111e-05,1.03125,0.0,2.0,easy|hard|medium
test,0,2,164,32,0.5313533279986586,87.38226910900266,230.5363402619987,0.005156080704182386,1.0,1.0,1.0,1.0,1.8542222222222225e-05,0.96875,0.0,2.0,hard|easy|medium
test,0,2,165,32,0.5314673760003643,87.91431563600054,231.06838674999744,0.18959148228168488,0.9444444444444444,0.9375,0.9375,0.9372549019607843,1.8533333333333334e-05,1.25,0.0,2.0,easy|hard|medium
test,0,2,166,32,0.5325150739954552,88.4473381860007,231.60140929199406,0.06708413362503052,0.9615384615384616,0.96875,0.975,0.9671794871794872,1.8524444444444444e-05,0.84375,0.0,2.0,hard|easy|medium
test,0,2,167,32,0.5308939250026015,88.97878646400204,232.13285782899766,0.046411775052547455,1.0,1.0,1.0,1.0,1.8515555555555557e-05,0.875,0.0,2.0,hard|medium|easy
test,0,2,168,32,0.5306598660026793,89.50994803399954,232.6640191349943,0.051885832101106644,0.9736842105263157,0.96875,0.9642857142857143,0.967967967967968,1.8506666666666667e-05,1.0625,0.0,2.0,medium|hard|easy
test,0,2,169,32,0.5322959729965078,90.04271426700143,233.19678537499567,0.017873330041766167,1.0,1.0,1.0,1.0,1.849777777777778e-05,0.875,0.0,2.0,hard|easy|medium
test,0,2,170,32,0.5316748769982951,90.57496664499922,233.72903807399416,0.17244639992713928,0.9545454545454546,0.96875,0.9772727272727273,0.964562569213732,1.848888888888889e-05,1.0625,0.0,2.0,medium|easy|hard
test,0,2,171,32,0.5311441300000297,91.10665993300063,234.26073104299576,0.5864123702049255,0.8372549019607842,0.84375,0.8583333333333334,0.8398398398398399,1.8480000000000003e-05,1.03125,0.0,2.0,medium|hard|easy
test,0,2,172,32,0.532031957001891,91.63918407999881,234.79325518699625,0.1714361160993576,0.9722222222222222,0.96875,0.9666666666666667,0.9684729064039409,1.8471111111111112e-05,0.875,0.0,2.0,easy|hard|medium
test,0,2,173,32,0.5309926810004981,92.17078929400304,235.32486041399534,0.050877995789051056,0.9736842105263157,0.96875,0.9642857142857143,0.967967967967968,1.8462222222222222e-05,1.0625,0.0,2.0,easy|medium|hard
test,0,2,174,32,0.5311683120016824,92.70250827500422,235.85657941299723,0.1684398651123047,0.9352226720647774,0.9375,0.9352226720647774,0.9352226720647774,1.8453333333333335e-05,1.09375,0.0,2.0,hard|medium|easy
test,0,2,175,32,0.5318489570054226,93.23497845399834,236.38904957499471,0.008495832793414593,1.0,1.0,1.0,1.0,1.8444444444444448e-05,1.03125,0.0,2.0,medium|hard|easy
test,0,2,176,32,0.531900592999591,93.76746858499973,236.92153971199878,0.030550682917237282,1.0,1.0,1.0,1.0,1.8435555555555558e-05,1.0,0.0,2.0,hard|medium|easy
test,0,2,177,32,0.5308684080009698,94.29893524599902,237.45300635999592,0.21479281783103943,0.925,0.90625,0.9,0.9039039039039038,1.8426666666666668e-05,0.75,0.0,2.0,hard|easy|medium
test,0,2,178,32,0.5323403789952863,94.83178901900101,237.98586012499436,0.05834656208753586,0.9705882352941176,0.96875,0.96875,0.9687194525904204,1.8417777777777777e-05,0.9375,0.0,2.0,hard|medium|easy
test,0,2,179,32,0.5317295420027222,95.3641126290022,238.51818372699927,0.020581912249326706,1.0,1.0,1.0,1.0,1.840888888888889e-05,1.125,0.0,2.0,hard|medium|easy
test,0,2,180,32,0.5306395640000119,95.89532263900037,239.04939375799586,0.23763445019721985,0.8846153846153846,0.90625,0.9318181818181819,0.8981972428419936,1.8400000000000003e-05,1.21875,0.0,2.0,hard|easy|medium
test,0,2,181,32,0.5323166020025383,96.42825164600072,239.5823227469955,0.01484907977283001,1.0,1.0,1.0,1.0,1.8391111111111113e-05,1.1875,0.0,2.0,hard|medium|easy
test,0,2,182,32,0.5315134870033944,96.96032155799912,240.11439266499656,0.33119428157806396,0.9089068825910931,0.90625,0.9007936507936507,0.9039039039039038,1.8382222222222223e-05,1.03125,0.0,2.0,hard|medium|easy
test,0,2,183,32,0.5307566039991798,97.49156130500342,240.64563240799907,0.018195226788520813,1.0,1.0,1.0,1.0,1.8373333333333332e-05,0.875,0.0,2.0,easy|hard|medium
test,0,2,184,32,0.5324551019948558,98.02463787300076,241.17870898199908,0.1878041923046112,0.9473684210526316,0.9375,0.9333333333333333,0.9365079365079365,1.8364444444444446e-05,1.0625,0.0,2.0,medium|hard|easy
test,0,2,185,32,0.5313173989998177,98.55653908599925,241.71061019499757,0.4385358691215515,0.8705882352941177,0.875,0.8825910931174089,0.873015873015873,1.835555555555556e-05,0.84375,0.0,2.0,hard|medium|easy
test,0,2,186,32,0.5302436649944866,99.08728799300297,242.24135910099722,0.023254862055182457,1.0,1.0,1.0,1.0,1.834666666666667e-05,0.78125,0.0,2.0,easy|hard|medium
test,0,2,187,32,0.5322569439958897,99.620111076998,242.77418218099774,0.009376037865877151,1.0,1.0,1.0,1.0,1.8337777777777778e-05,0.90625,0.0,2.0,hard|medium|easy
test,0,2,188,32,0.5312339139927644,100.1518189960043,243.30589009799587,0.06601224839687347,0.9722222222222222,0.96875,0.9666666666666667,0.9684729064039409,1.832888888888889e-05,0.8125,0.0,2.0,easy|hard|medium
test,0,2,189,32,0.5312229440023657,100.68357104700408,243.8376421599969,0.09374464303255081,0.9705882352941176,0.96875,0.96875,0.9687194525904204,1.832e-05,1.21875,0.0,2.0,hard|medium|easy
test,0,2,190,32,0.532186749005632,101.21629270599806,244.37036382699443,0.022877827286720276,1.0,1.0,1.0,1.0,1.8311111111111114e-05,1.0625,0.0,2.0,hard|medium|easy
test,0,2,191,32,0.531130026000028,101.74796859500202,244.90203970499715,0.005573336035013199,1.0,1.0,1.0,1.0,1.8302222222222224e-05,1.125,0.0,2.0,easy|hard|medium
test,0,2,192,32,0.5311771830020007,102.27967339599854,245.43374452599528,0.37238678336143494,0.875,0.84375,0.8529411764705883,0.8423645320197044,1.8293333333333333e-05,0.90625,0.0,2.0,medium|hard|easy
test,0,2,193,32,0.532384746002208,102.81254079200153,245.96661213699554,0.16477838158607483,0.9736842105263157,0.96875,0.9642857142857143,0.967967967967968,1.8284444444444446e-05,0.875,0.0,2.0,easy|hard|medium
test,0,2,194,32,0.5319076119994861,103.34505369500403,246.49912481499632,0.3480062186717987,0.95,0.9375,0.9285714285714286,0.9352226720647774,1.8275555555555556e-05,0.96875,0.0,2.0,easy|hard|medium
test,0,2,195,32,0.5316532670040033,103.87729080700228,247.03136192399688,0.038850244134664536,0.9761904761904762,0.96875,0.9583333333333333,0.9660657476139979,1.826666666666667e-05,1.1875,0.0,2.0,easy|medium|hard
test,0,2,196,32,0.5319651009995141,104.4097807270009,247.56385183100065,0.14943090081214905,0.8916666666666666,0.90625,0.9069264069264069,0.8981972428419936,1.825777777777778e-05,1.0625,0.0,2.0,hard|medium|easy
test,0,2,197,32,0.5321008490063832,104.94242059499811,248.09649170199555,0.1476111263036728,0.9411764705882353,0.9375,0.9411764705882353,0.9375,1.824888888888889e-05,1.0625,0.0,2.0,medium|hard|easy
test,0,2,198,32,0.5311849650024669,105.47409334599797,248.62816446299985,0.08117467910051346,0.9444444444444444,0.96875,0.9791666666666667,0.9599499374217773,1.824e-05,1.03125,0.0,2.0,hard|easy|medium
test,0,2,199,32,0.530400854004256,106.00505034199887,249.15912145299808,0.010045472532510757,1.0,1.0,1.0,1.0,1.823111111111111e-05,0.96875,0.0,2.0,hard|medium|easy
test,0,2,200,32,0.5321003159988322,106.53771179100295,249.69178290700074,0.01963241584599018,1.0,1.0,1.0,1.0,1.8222222222222224e-05,0.9375,0.0,2.0,easy|hard|medium
test,0,2,201,32,0.5315078430066933,107.06966311400174,250.22373422599776,0.3209288716316223,0.9117647058823529,0.90625,0.9166666666666667,0.906158357771261,1.8213333333333334e-05,1.1875,0.0,2.0,medium|hard|easy
test,0,2,202,32,0.5313558659981936,107.60155984100129,250.75563094699464,0.1464502215385437,0.9666666666666667,0.96875,0.9722222222222222,0.9684729064039409,1.8204444444444447e-05,0.96875,0.0,2.0,easy|medium|hard
test,0,2,203,32,0.5320965589999105,108.13426184200216,251.28833295799996,0.30381280183792114,0.8823529411764706,0.875,0.8947368421052632,0.8745098039215686,1.8195555555555557e-05,0.6875,0.0,2.0,medium|easy|hard
test,0,2,204,32,0.5309257199987769,108.66571870900225,251.8197898139988,0.018008403480052948,1.0,1.0,1.0,1.0,1.8186666666666666e-05,1.15625,0.0,2.0,hard|medium|easy
test,0,2,205,32,0.5307148069987306,109.19698878400231,252.35105992199533,0.14559224247932434,0.96875,0.96875,0.9705882352941176,0.9687194525904204,1.817777777777778e-05,0.875,0.0,2.0,easy|hard|medium
test,0,2,206,32,0.5317154660006054,109.72923862699827,252.88330973899428,0.289925754070282,0.873015873015873,0.875,0.873015873015873,0.873015873015873,1.8168888888888893e-05,1.25,0.0,2.0,medium|easy|hard
test,0,2,207,32,0.5314367840037448,110.26125140899967,253.4153225129994,0.011692495085299015,1.0,1.0,1.0,1.0,1.8160000000000002e-05,0.90625,0.0,2.0,medium|hard|easy
test,0,2,208,32,0.5306880170028307,110.79250283900183,253.9465739389998,0.03256593644618988,1.0,1.0,1.0,1.0,1.8151111111111112e-05,1.03125,0.0,2.0,hard|medium|easy
test,0,2,209,32,0.5314338289972511,111.32451310800388,254.47858421300043,0.12669992446899414,0.95,0.9375,0.9285714285714286,0.9352226720647774,1.814222222222222e-05,1.0,0.0,2.0,medium|hard|easy
test,0,2,210,32,0.5316219230007846,111.85666363500059,255.01073476299644,0.16273687779903412,0.9365079365079365,0.9375,0.9365079365079365,0.9365079365079365,1.8133333333333335e-05,1.0625,0.0,2.0,easy|medium|hard
test,0,2,211,32,0.5309323900000891,112.38818690000335,255.54225802099972,0.009712474420666695,1.0,1.0,1.0,1.0,1.8124444444444448e-05,1.0,0.0,2.0,easy|medium|hard
test,0,2,212,32,0.5321454610020737,112.92094660000294,256.0750177219961,0.007542268373072147,1.0,1.0,1.0,1.0,1.8115555555555558e-05,0.8125,0.0,2.0,medium|hard|easy
test,0,2,213,32,0.5311361700005364,113.45261863600172,256.6066898979989,0.009159624576568604,1.0,1.0,1.0,1.0,1.8106666666666667e-05,1.125,0.0,2.0,medium|hard|easy
test,0,2,214,32,0.5301500210043741,113.98331335400144,257.13738446399657,0.19299262762069702,0.9411764705882353,0.9375,0.9411764705882353,0.9375,1.8097777777777777e-05,0.9375,0.0,2.0,easy|medium|hard
test,0,2,215,32,0.5322598190032295,114.5160783340034,257.6701494480003,0.2724263072013855,0.9272727272727272,0.9375,0.9272727272727272,0.9272727272727272,1.808888888888889e-05,0.625,0.0,2.0,easy|medium|hard
test,0,2,216,32,0.5313015009960509,115.04780516600295,258.20187628099666,0.22275477647781372,0.9375,0.9375,0.9375,0.9375,1.8080000000000003e-05,1.0625,0.0,2.0,medium|hard|easy
test,0,2,217,32,0.5313533719963743,115.5797642289981,258.73383533499873,0.009278971701860428,1.0,1.0,1.0,1.0,1.8071111111111113e-05,1.03125,0.0,2.0,medium|easy|hard
test,0,2,218,32,0.5320877409976674,116.1123800839996,259.2664511929979,0.04216799885034561,0.96875,0.96875,0.9705882352941176,0.9687194525904204,1.8062222222222222e-05,0.90625,0.0,2.0,easy|hard|medium
test,0,2,219,32,0.5316699289978715,116.64465998100059,259.79873108299944,0.32417377829551697,0.9352226720647774,0.9375,0.9352226720647774,0.9352226720647774,1.8053333333333332e-05,0.90625,0.0,2.0,hard|medium|easy
test,0,2,220,32,0.5319767460023286,117.17719805100205,260.3312691819956,0.08992214500904083,0.9705882352941176,0.96875,0.96875,0.9687194525904204,1.8044444444444445e-05,1.0625,0.0,2.0,medium|easy|hard
test,0,2,221,32,0.5320705119956983,117.70986691400321,260.863938014998,0.11432712525129318,0.95,0.9375,0.9285714285714286,0.9352226720647774,1.803555555555556e-05,1.0625,0.0,2.0,hard|medium|easy
test,0,2,222,32,0.5313204529957147,118.24174179600232,261.395812898998,0.25478118658065796,0.9411764705882353,0.9375,0.9411764705882353,0.9375,1.8026666666666668e-05,1.03125,0.0,2.0,easy|medium|hard
test,0,2,223,32,0.5310014450005838,118.77331651400164,261.9273876649968,0.5489968061447144,0.9166666666666667,0.875,0.8333333333333333,0.8545454545454545,1.8017777777777778e-05,0.71875,0.0,2.0,easy|hard|medium
test,0,2,224,32,0.5322652179966099,119.30619118399773,262.4602622999955,0.012922725640237331,1.0,1.0,1.0,1.0,1.800888888888889e-05,1.21875,0.0,2.0,easy|medium|hard
test,0,2,225,32,0.5324958729979699,119.83915741700184,262.993228526997,0.1785571277141571,0.9705882352941176,0.96875,0.96875,0.9687194525904204,1.8e-05,1.1875,0.0,2.0,hard|medium|easy
test,0,2,226,32,0.5307427520019701,120.3704491919998,263.5245203079976,0.18292118608951569,0.9722222222222222,0.96875,0.9666666666666667,0.9684729064039409,1.7991111111111114e-05,0.875,0.0,2.0,hard|easy|medium
test,0,2,227,32,0.5301355069968849,120.9010329560042,264.05510406100075,0.016494372859597206,1.0,1.0,1.0,1.0,1.7982222222222223e-05,1.3125,0.0,2.0,medium|easy|hard
test,0,2,228,32,0.5317378119943896,121.43338333000429,264.5874544260005,0.06479710340499878,0.96875,0.96875,0.9705882352941176,0.9687194525904204,1.7973333333333333e-05,0.84375,0.0,2.0,easy|medium|hard
test,0,2,229,32,0.5315122329993756,121.96538955800497,265.11946065499797,0.19726227223873138,0.925,0.90625,0.9,0.9039039039039038,1.7964444444444446e-05,1.03125,0.0,2.0,hard|easy|medium
test,0,2,230,32,0.5310905689984793,122.4970890600016,265.65116015999956,0.13873158395290375,0.9166666666666667,0.9375,0.9545454545454546,0.9307359307359306,1.7955555555555556e-05,1.0625,0.0,2.0,easy|hard|medium
test,0,2,231,32,0.5322523099966929,123.02990187700198,266.1839729790008,0.0701453685760498,0.96875,0.96875,0.9705882352941176,0.9687194525904204,1.794666666666667e-05,1.0625,0.0,2.0,hard|medium|easy
test,0,2,232,32,0.5309063249951578,123.56140987500112,266.7154809919957,0.14247187972068787,0.9285714285714286,0.90625,0.8928571428571428,0.9015384615384616,1.793777777777778e-05,0.96875,0.0,2.0,easy|medium|hard
test,0,2,233,32,0.5308386239994434,124.09281416299928,267.24688528199476,0.23218312859535217,0.8888888888888888,0.9375,0.96,0.9166666666666667,1.792888888888889e-05,1.09375,0.0,2.0,medium|easy|hard
test,0,2,234,32,0.532259116997011,124.62564405699959,267.77971516199614,0.17544955015182495,0.9761904761904762,0.96875,0.9583333333333333,0.9660657476139979,1.792e-05,1.03125,0.0,2.0,hard|medium|easy
test,0,2,235,32,0.5319789729983313,125.15815573900181,268.3122268799998,0.4373188614845276,0.873015873015873,0.875,0.873015873015873,0.873015873015873,1.791111111111111e-05,1.0,0.0,2.0,easy|hard|medium
test,0,2,236,32,0.5308019349977258,125.68946757400408,268.8435386860001,0.07971876859664917,0.9705882352941176,0.96875,0.96875,0.9687194525904204,1.7902222222222224e-05,1.09375,0.0,2.0,easy|medium|hard
test,0,2,237,32,0.5319358599954285,126.22194640400267,269.37601752299815,0.1293627917766571,0.9473684210526316,0.9375,0.9333333333333333,0.9365079365079365,1.7893333333333337e-05,0.6875,0.0,2.0,hard|easy|medium
test,0,2,238,32,0.5321606240031542,126.75466713800415,269.90873825399467,0.3241412937641144,0.9210526315789473,0.90625,0.90625,0.9054187192118226,1.7884444444444447e-05,0.9375,0.0,2.0,easy|medium|hard
test,0,2,239,32,0.531071459998202,127.28625924399967,270.440330352998,0.04085724428296089,1.0,1.0,1.0,1.0,1.7875555555555556e-05,0.71875,0.0,2.0,easy|medium|hard
test,0,2,240,32,0.5322733629946015,127.81900917299936,270.9730802739941,0.07626311480998993,0.96875,0.96875,0.9705882352941176,0.9687194525904204,1.7866666666666666e-05,0.875,0.0,2.0,hard|easy|medium
test,0,2,241,32,0.5315775269991718,128.35116718299832,271.50523829199665,0.01649072952568531,1.0,1.0,1.0,1.0,1.785777777777778e-05,0.875,0.0,2.0,easy|medium|hard
test,0,2,242,32,0.5305697200019495,128.88226970200049,272.0363408139965,0.21766488254070282,0.95,0.9375,0.9285714285714286,0.9352226720647774,1.7848888888888892e-05,0.8125,0.0,2.0,medium|easy|hard
test,0,2,243,32,0.5324030150004546,129.41521549900062,272.5692866179961,0.20946559309959412,0.9565217391304348,0.9375,0.9090909090909092,0.9272727272727272,1.7840000000000002e-05,1.09375,0.0,2.0,hard|easy|medium
test,0,2,244,32,0.5320427409969852,129.9477718679991,273.10184299499815,0.3129105567932129,0.9285714285714286,0.9375,0.95,0.9352226720647774,1.783111111111111e-05,0.8125,0.0,2.0,hard|easy|medium
test,0,2,245,32,0.5304371200036258,130.47881994400086,273.6328910719967,0.32532238960266113,0.8666666666666667,0.875,0.9047619047619048,0.8704453441295547,1.782222222222222e-05,0.75,0.0,2.0,easy|medium|hard
test,0,2,246,32,0.5319158450001851,131.01128063299984,274.1653517779996,0.050743468105793,1.0,1.0,1.0,1.0,1.7813333333333334e-05,1.3125,0.0,2.0,easy|hard|medium
test,0,2,247,32,0.5311994809962926,131.54327105300035,274.697342159001,0.08540040254592896,0.9523809523809523,0.9375,0.9230769230769231,0.9333333333333333,1.7804444444444448e-05,1.0625,0.0,2.0,hard|easy|medium
test,0,2,248,32,0.531088820003788,132.07479953500297,275.2288706440013,0.17085810005664825,0.9666666666666667,0.96875,0.9722222222222222,0.9684729064039409,1.7795555555555557e-05,1.0625,0.0,2.0,easy|medium|hard
test,0,2,249,32,0.5326009659984265,132.60790575200372,275.76197686399973,0.10625119507312775,0.9722222222222222,0.96875,0.9666666666666667,0.9684729064039409,1.7786666666666667e-05,0.75,0.0,2.0,easy|medium|hard
test,0,2,250,32,0.531448850997549,133.13984337299917,276.29391468099493,0.17111098766326904,0.9565217391304348,0.9375,0.9090909090909092,0.9272727272727272,1.7777777777777777e-05,0.875,0.0,2.0,medium|easy|hard
test,0,3,1,32,0.5339664069979335,0.6189852220049943,286.80424216499523,0.017991505563259125,1.0,1.0,1.0,1.0,1.776888888888889e-05,1.0625,0.0,2.0,easy|hard|medium
test,0,3,2,32,0.5310600770026213,1.150830976999714,287.33608449899475,0.017605258151888847,1.0,1.0,1.0,1.0,1.7760000000000003e-05,1.03125,0.0,2.0,easy|hard|medium
test,0,3,3,32,0.5319861739990301,1.6833405260040308,287.86859400699905,0.0138214360922575,1.0,1.0,1.0,1.0,1.7751111111111112e-05,0.9375,0.0,2.0,easy|medium|hard
test,0,3,4,32,0.5315621019981336,2.215470713999821,288.4007242019943,0.014766616746783257,1.0,1.0,1.0,1.0,1.7742222222222222e-05,1.1875,0.0,2.0,hard|easy|medium
test,0,3,5,32,0.5308548159955535,2.7469064649994834,288.9321599459945,0.034240905195474625,1.0,1.0,1.0,1.0,1.7733333333333335e-05,0.96875,0.0,2.0,medium|hard|easy
test,0,3,6,32,0.5317074920021696,3.2791688610013807,289.4644223430005,0.010862302966415882,1.0,1.0,1.0,1.0,1.7724444444444445e-05,1.15625,0.0,2.0,easy|medium|hard
test,0,3,7,32,0.5317785179940984,3.8115230390030774,289.99677652799437,0.05494479462504387,0.9736842105263157,0.96875,0.9642857142857143,0.967967967967968,1.7715555555555558e-05,0.65625,0.0,2.0,easy|hard|medium
test,0,3,8,32,0.5311311319965171,4.343195064000611,290.5284485509983,0.004086682572960854,1.0,1.0,1.0,1.0,1.7706666666666668e-05,1.125,0.0,2.0,medium|hard|easy
test,0,3,9,32,0.5324824120034464,4.876186266999866,291.06143973399594,0.00297458004206419,1.0,1.0,1.0,1.0,1.7697777777777777e-05,1.25,0.0,2.0,hard|medium|easy
test,0,3,10,32,0.5321033130021533,5.408898738001881,291.59415222599637,0.004444709978997707,1.0,1.0,1.0,1.0,1.768888888888889e-05,1.03125,0.0,2.0,hard|easy|medium
test,0,3,11,32,0.53033595099987,5.93972990000475,292.12498338300065,0.07787271589040756,0.9705882352941176,0.96875,0.96875,0.9687194525904204,1.768e-05,1.125,0.0,2.0,easy|medium|hard
test,0,3,12,32,0.5318844049979816,6.472110225004144,292.6573637159963,0.0044707246124744415,1.0,1.0,1.0,1.0,1.7671111111111113e-05,0.90625,0.0,2.0,medium|hard|easy
test,0,3,13,32,0.5317137519959942,7.004336739002611,293.1895902319957,0.44743961095809937,0.9166666666666667,0.90625,0.9117647058823529,0.906158357771261,1.7662222222222223e-05,0.875,0.0,2.0,medium|easy|hard
test,0,3,14,32,0.5317447999987053,7.536694810005429,293.7219483029985,0.1288905292749405,0.9523809523809523,0.9375,0.9230769230769231,0.9333333333333333,1.7653333333333336e-05,1.15625,0.0,2.0,hard|easy|medium
test,0,3,15,32,0.53214936999575,8.069366638002975,294.25462012899516,0.18133386969566345,0.9615384615384616,0.96875,0.975,0.9671794871794872,1.7644444444444446e-05,0.9375,0.0,2.0,hard|medium|easy
test,0,3,16,32,0.5317556230002083,8.601729494999745,294.786982990001,0.3867119550704956,0.9089068825910931,0.90625,0.9007936507936507,0.9039039039039038,1.7635555555555555e-05,1.15625,0.0,2.0,easy|medium|hard
test,0,3,17,32,0.5311611350043677,9.133396750999964,295.3186504339974,0.2188943773508072,0.9444444444444444,0.9375,0.9375,0.9372549019607843,1.762666666666667e-05,0.84375,0.0,2.0,medium|easy|hard
test,0,3,18,32,0.5322182419986348,9.666260048004915,295.85151354599657,0.002303878078237176,1.0,1.0,1.0,1.0,1.761777777777778e-05,1.0,0.0,2.0,easy|medium|hard
test,0,3,19,32,0.5316803580062697,10.198548817999836,296.38380231300107,0.08856456726789474,0.96875,0.96875,0.9705882352941176,0.9687194525904204,1.760888888888889e-05,0.96875,0.0,2.0,medium|hard|easy
test,0,3,20,32,0.5314993789943401,10.730651922000106,296.91590541299956,0.004126327577978373,1.0,1.0,1.0,1.0,1.76e-05,1.03125,0.0,2.0,medium|easy|hard
test,0,3,21,32,0.5318092620000243,11.262921753004775,297.4481752279971,0.048783570528030396,0.9666666666666667,0.96875,0.9722222222222222,0.9684729064039409,1.759111111111111e-05,1.0,0.0,2.0,hard|easy|medium
test,0,3,22,32,0.5329525130000548,11.796445192005194,297.98169866999524,0.2440222203731537,0.9352226720647774,0.9375,0.9352226720647774,0.9352226720647774,1.7582222222222224e-05,0.71875,0.0,2.0,medium|easy|hard
test,0,3,23,32,0.531197278003674,12.328182887998992,298.51343637899845,0.005165708251297474,1.0,1.0,1.0,1.0,1.7573333333333337e-05,0.84375,0.0,2.0,easy|hard|medium
test,0,3,24,32,0.5302362379952683,12.85902655999962,299.0442800479941,0.0021608700044453144,1.0,1.0,1.0,1.0,1.7564444444444446e-05,1.375,0.0,2.0,easy|medium|hard
test,0,3,25,32,0.5320557529994403,13.391680273998645,299.5769337859965,0.01569637656211853,1.0,1.0,1.0,1.0,1.7555555555555556e-05,0.84375,0.0,2.0,medium|hard|easy
test,0,3,26,32,0.531303311996453,13.923544511999353,300.108798012996,0.021360915154218674,1.0,1.0,1.0,1.0,1.7546666666666666e-05,1.09375,0.0,2.0,hard|medium|easy
test,0,3,27,32,0.5312336040005903,14.455382373002067,300.64063606999844,0.0016736306715756655,1.0,1.0,1.0,1.0,1.753777777777778e-05,0.75,0.0,2.0,hard|medium|easy
test,0,3,28,32,0.5318687460021465,14.987784946002648,301.1730384399998,0.0016831279499456286,1.0,1.0,1.0,1.0,1.7528888888888892e-05,0.75,0.0,2.0,easy|hard|medium
test,0,3,29,32,0.5312248519985587,15.519611124000221,301.7048645889954,0.008764932863414288,1.0,1.0,1.0,1.0,1.752e-05,0.8125,0.0,2.0,hard|medium|easy
test,0,3,30,32,0.5310966100005317,16.05123301000276,302.2364865039999,0.00132844434119761,1.0,1.0,1.0,1.0,1.751111111111111e-05,1.03125,0.0,2.0,medium|easy|hard
test,0,3,31,32,0.5322765029995935,16.58412178100116,302.7693752769992,0.002101510064676404,1.0,1.0,1.0,1.0,1.750222222222222e-05,1.15625,0.0,2.0,easy|hard|medium
test,0,3,32,32,0.5310888780004461,17.11580926299939,303.30106275399885,0.008105393499135971,1.0,1.0,1.0,1.0,1.7493333333333334e-05,0.9375,0.0,2.0,hard|medium|easy
test,0,3,33,32,0.5308522470004391,17.647220386003028,303.83247389299504,0.0012398507678881288,1.0,1.0,1.0,1.0,1.7484444444444447e-05,0.90625,0.0,2.0,hard|easy|medium
test,0,3,34,32,0.5316713080028421,18.179379683999286,304.3646331630007,0.16239450871944427,0.9761904761904762,0.96875,0.9583333333333333,0.9660657476139979,1.7475555555555557e-05,0.875,0.0,2.0,medium|hard|easy
test,0,3,35,32,0.5316848520014901,18.71161572100391,304.89686923800036,0.0012917151907458901,1.0,1.0,1.0,1.0,1.7466666666666667e-05,1.0,0.0,2.0,easy|medium|hard
test,0,3,36,32,0.5314422689989442,19.243583502000547,305.42884154299827,0.008024591021239758,1.0,1.0,1.0,1.0,1.745777777777778e-05,1.03125,0.0,2.0,easy|medium|hard
test,0,3,37,32,0.5325031679967651,19.77667533500062,305.9619288209942,0.0010444535873830318,1.0,1.0,1.0,1.0,1.744888888888889e-05,0.90625,0.0,2.0,easy|hard|medium
test,0,3,38,32,0.5314944940037094,20.308759958003066,306.49401348999527,0.21290692687034607,0.9642857142857143,0.96875,0.9736842105263157,0.967967967967968,1.7440000000000002e-05,0.84375,0.0,2.0,easy|hard|medium
test,0,3,39,32,0.5305081670012441,20.839829818003636,307.02508331699937,0.0737614557147026,0.9583333333333333,0.96875,0.9761904761904762,0.9660657476139979,1.7431111111111112e-05,0.875,0.0,2.0,medium|easy|hard
test,0,3,40,32,0.5318726900004549,21.37227080500452,307.55752428399865,0.0009778832318261266,1.0,1.0,1.0,1.0,1.7422222222222222e-05,0.78125,0.0,2.0,hard|easy|medium
test,0,3,41,32,0.5315355080019799,21.904358135005168,308.0896116069998,0.18899960815906525,0.9642857142857143,0.96875,0.9736842105263157,0.967967967967968,1.7413333333333335e-05,0.96875,0.0,2.0,easy|hard|medium
test,0,3,42,32,0.5301612219991512,22.43512073400052,308.6203742189973,0.002420822624117136,1.0,1.0,1.0,1.0,1.7404444444444445e-05,1.15625,0.0,2.0,hard|medium|easy
test,0,3,43,32,0.5324748740022187,22.968151879998914,309.1534053669966,0.04266184940934181,0.95,0.96875,0.9782608695652174,0.9625730994152046,1.7395555555555558e-05,1.03125,0.0,2.0,easy|medium|hard
test,0,3,44,32,0.5318125810008496,23.500538098000106,309.68579159499495,0.14940941333770752,0.9705882352941176,0.96875,0.96875,0.9687194525904204,1.7386666666666667e-05,1.09375,0.0,2.0,easy|medium|hard
test,0,3,45,32,0.531216838004184,24.03221916199982,310.21747268099716,0.4005678594112396,0.9375,0.9375,0.9444444444444444,0.9372549019607843,1.737777777777778e-05,1.40625,0.0,2.0,easy|hard|medium
test,0,3,46,32,0.5325017630020739,24.565239547999226,310.7504930349969,0.3722406327724457,0.9365079365079365,0.9375,0.9365079365079365,0.9365079365079365,1.736888888888889e-05,1.0625,0.0,2.0,easy|medium|hard
test,0,3,47,32,0.5316548129994771,25.097371030999057,311.28262451499904,0.12003389000892639,0.9375,0.9375,0.9375,0.9375,1.736e-05,0.71875,0.0,2.0,easy|hard|medium
test,0,3,48,32,0.5315099079962238,25.62942742100131,311.8146809329992,0.0014714095741510391,1.0,1.0,1.0,1.0,1.7351111111111113e-05,1.09375,0.0,2.0,hard|medium|easy
test,0,3,49,32,0.5322994609960006,26.162325312005123,312.3475788270007,0.5660187005996704,0.9117647058823529,0.90625,0.9166666666666667,0.906158357771261,1.7342222222222226e-05,1.125,0.0,2.0,medium|hard|easy
test,0,3,50,32,0.5315129240043461,26.694272086999263,312.87952557599783,0.001804419793188572,1.0,1.0,1.0,1.0,1.7333333333333336e-05,1.03125,0.0,2.0,easy|medium|hard
test,0,3,51,32,0.5311610330027179,27.22591781400115,313.4111713059974,0.10496357083320618,0.96875,0.96875,0.9705882352941176,0.9687194525904204,1.7324444444444445e-05,1.0625,0.0,2.0,hard|medium|easy
test,0,3,52,32,0.5319028640005854,27.758381724001083,313.9436352919947,0.005839603953063488,1.0,1.0,1.0,1.0,1.7315555555555555e-05,0.8125,0.0,2.0,easy|medium|hard
test,0,3,53,32,0.5319700960026239,28.290940438004327,314.47619392100023,0.20889610052108765,0.9333333333333333,0.9375,0.9333333333333333,0.9333333333333333,1.7306666666666668e-05,1.09375,0.0,2.0,hard|easy|medium
test,0,3,54,32,0.5310787700000219,28.822566595001263,315.00782012700074,0.019135843962430954,1.0,1.0,1.0,1.0,1.729777777777778e-05,0.9375,0.0,2.0,hard|medium|easy
test,0,3,55,32,0.5305896780046169,29.35373944100138,315.5389929699959,0.006302386987954378,1.0,1.0,1.0,1.0,1.728888888888889e-05,1.0625,0.0,2.0,hard|easy|medium
test,0,3,56,32,0.5320385099985288,29.88630589999957,316.0715593679997,0.13535305857658386,0.9705882352941176,0.96875,0.96875,0.9687194525904204,1.728e-05,1.03125,0.0,2.0,easy|hard|medium
test,0,3,57,32,0.531263400996977,30.418179598003917,316.60343309599557,0.005866429302841425,1.0,1.0,1.0,1.0,1.727111111111111e-05,1.0625,0.0,2.0,hard|easy|medium
test,0,3,58,32,0.5305579900013981,30.94929650999984,317.1345499819945,0.1380014717578888,0.9705882352941176,0.96875,0.96875,0.9687194525904204,1.7262222222222223e-05,1.03125,0.0,2.0,medium|hard|easy
test,0,3,59,32,0.53144061799685,31.48135662000277,317.666610237,0.17610257863998413,0.9352226720647774,0.9375,0.9352226720647774,0.9352226720647774,1.7253333333333336e-05,1.25,0.0,2.0,medium|hard|easy
test,0,3,60,32,0.5311223150056321,32.01303879700572,318.1982922659954,0.06451139599084854,0.9736842105263157,0.96875,0.9642857142857143,0.967967967967968,1.7244444444444446e-05,0.84375,0.0,2.0,hard|easy|medium
test,0,3,61,32,0.5309674669988453,32.54452684500575,318.72978031199455,0.19898906350135803,0.9272727272727272,0.9375,0.9272727272727272,0.9272727272727272,1.7235555555555556e-05,0.71875,0.0,2.0,easy|medium|hard
test,0,3,62,32,0.5319816080009332,33.07710359599878,319.26235707999876,0.1300090253353119,0.9642857142857143,0.96875,0.9736842105263157,0.967967967967968,1.7226666666666665e-05,0.84375,0.0,2.0,easy|medium|hard
test,0,3,63,32,0.5314314440038288,33.60911748800572,319.7943709639949,0.07216149568557739,0.9615384615384616,0.96875,0.975,0.9671794871794872,1.721777777777778e-05,0.90625,0.0,2.0,hard|easy|medium
test,0,3,64,32,0.5308385499956785,34.140504177004914,320.32575770199765,0.05635075271129608,0.9705882352941176,0.96875,0.96875,0.9687194525904204,1.720888888888889e-05,0.96875,0.0,2.0,hard|medium|easy
test,0,3,65,32,0.5321056979955756,34.67321213000105,320.8584657429965,0.0872141495347023,0.9642857142857143,0.96875,0.9736842105263157,0.967967967967968,1.72e-05,1.125,0.0,2.0,easy|medium|hard
test,0,3,66,32,0.5315910200006329,35.205261684001016,321.3905152820007,0.030946463346481323,1.0,1.0,1.0,1.0,1.719111111111111e-05,0.84375,0.0,2.0,medium|hard|easy
test,0,3,67,32,0.5306724740003119,35.73654796500341,321.9218014930011,0.016163291409611702,1.0,1.0,1.0,1.0,1.7182222222222224e-05,1.125,0.0,2.0,medium|hard|easy
test,0,3,68,32,0.5325553840011708,36.26966688900575,322.4549203839997,0.06451864540576935,0.9642857142857143,0.96875,0.9736842105263157,0.967967967967968,1.7173333333333334e-05,1.03125,0.0,2.0,easy|hard|medium
test,0,3,69,32,0.531482195998251,36.801740809001785,322.98699430299894,0.02496465854346752,1.0,1.0,1.0,1.0,1.7164444444444447e-05,0.5625,0.0,2.0,medium|easy|hard
test,0,3,70,32,0.5306544749983004,37.332987614005106,323.5182411009955,0.01795358583331108,1.0,1.0,1.0,1.0,1.7155555555555557e-05,0.9375,0.0,2.0,easy|hard|medium
test,0,3,71,32,0.5321090669967816,37.86564668099891,324.0509001609971,0.006582553964108229,1.0,1.0,1.0,1.0,1.7146666666666666e-05,1.09375,0.0,2.0,medium|easy|hard
test,0,3,72,32,0.5314318239979912,38.39767226399999,324.5829257509977,0.03817817568778992,0.9722222222222222,0.96875,0.9666666666666667,0.9684729064039409,1.713777777777778e-05,0.78125,0.0,2.0,medium|hard|easy
test,0,3,73,32,0.5303434410016052,38.9285880430034,325.1138415339956,0.024838628247380257,1.0,1.0,1.0,1.0,1.712888888888889e-05,0.9375,0.0,2.0,medium|hard|easy
test,0,3,74,32,0.5324370919988723,39.46161958800076,325.6468730669949,0.0034770225174725056,1.0,1.0,1.0,1.0,1.7120000000000002e-05,1.03125,0.0,2.0,hard|easy|medium
test,0,3,75,32,0.5312315839983057,39.99339148100262,326.1786449989959,0.0032894692849367857,1.0,1.0,1.0,1.0,1.7111111111111112e-05,1.15625,0.0,2.0,easy|hard|medium
test,0,3,76,32,0.5316548429982504,40.525639833998866,326.71089331999974,0.002654796000570059,1.0,1.0,1.0,1.0,1.7102222222222225e-05,1.1875,0.0,2.0,hard|easy|medium
test,0,3,77,32,0.5322434420013451,41.05841339300241,327.2436669269955,0.2659286558628082,0.9473684210526316,0.9375,0.9333333333333333,0.9365079365079365,1.7093333333333335e-05,0.875,0.0,2.0,hard|easy|medium
test,0,3,78,32,0.5313603079994209,41.590402309004276,327.7756557909961,0.0020793769508600235,1.0,1.0,1.0,1.0,1.7084444444444444e-05,0.90625,0.0,2.0,medium|easy|hard
test,0,3,79,32,0.5314517740043812,42.122391631004575,328.30764516400086,0.005148173309862614,1.0,1.0,1.0,1.0,1.7075555555555557e-05,1.0,0.0,2.0,easy|hard|medium
test,0,3,80,32,0.5323678610002389,42.65527375000238,328.8405272279997,0.0018306418787688017,1.0,1.0,1.0,1.0,1.706666666666667e-05,1.125,0.0,2.0,hard|medium|easy
test,0,3,81,32,0.5319993800003431,43.18785079000372,329.3731041889987,0.004330495372414589,1.0,1.0,1.0,1.0,1.705777777777778e-05,0.875,0.0,2.0,easy|medium|hard
test,0,3,82,32,0.5312270470021758,43.7196690760029,329.90492259599705,0.011487259529531002,1.0,1.0,1.0,1.0,1.704888888888889e-05,0.90625,0.0,2.0,hard|easy|medium
test,0,3,83,32,0.531721056002425,44.251907174002554,330.4371606479981,0.19937258958816528,0.9642857142857143,0.96875,0.9736842105263157,0.967967967967968,1.704e-05,0.71875,0.0,2.0,easy|hard|medium
test,0,3,84,32,0.5321079169953009,44.784608351001225,330.9698620179988,0.0023938845843076706,1.0,1.0,1.0,1.0,1.7031111111111113e-05,0.90625,0.0,2.0,hard|easy|medium
test,0,3,85,32,0.5308133500002441,45.3160193290023,331.501272816,0.003816903568804264,1.0,1.0,1.0,1.0,1.7022222222222226e-05,0.8125,0.0,2.0,easy|hard|medium
test,0,3,86,32,0.5298081789951539,45.846369500002766,332.0316229739983,0.010937605984508991,1.0,1.0,1.0,1.0,1.7013333333333335e-05,1.125,0.0,2.0,easy|medium|hard
test,0,3,87,32,0.5322327649992076,46.37918580599944,332.5644392929971,0.027737511321902275,0.9666666666666667,0.96875,0.9722222222222222,0.9684729064039409,1.7004444444444445e-05,0.96875,0.0,2.0,medium|hard|easy
test,0,3,88,32,0.5307923580039642,46.910600367998995,333.09585385799437,0.00834013894200325,1.0,1.0,1.0,1.0,1.6995555555555555e-05,0.9375,0.0,2.0,easy|hard|medium
test,0,3,89,32,0.530852675998176,47.442036712003755,333.6272904139987,0.007991685532033443,1.0,1.0,1.0,1.0,1.6986666666666668e-05,1.09375,0.0,2.0,easy|hard|medium
test,0,3,90,32,0.5317790269982652,47.97441782300302,334.15967130699573,0.004450947046279907,1.0,1.0,1.0,1.0,1.697777777777778e-05,1.15625,0.0,2.0,medium|hard|easy
test,0,3,91,32,0.5310109780039056,48.50601076499879,334.6912642429961,0.15704278647899628,0.96875,0.96875,0.9705882352941176,0.9687194525904204,1.696888888888889e-05,1.125,0.0,2.0,hard|easy|medium
test,0,3,92,32,0.5309591779951006,49.03752801700466,335.2227815019942,0.15602223575115204,0.9736842105263157,0.96875,0.9642857142857143,0.967967967967968,1.696e-05,1.0,0.0,2.0,easy|hard|medium
test,0,3,93,32,0.531659979998949,49.569792075002624,335.75504555099906,0.3372371196746826,0.9375,0.9375,0.9444444444444444,0.9372549019607843,1.695111111111111e-05,1.0,0.0,2.0,hard|medium|easy
test,0,3,94,32,0.531613635001122,50.10199643300439,336.2872499019941,0.02951521798968315,1.0,1.0,1.0,1.0,1.6942222222222223e-05,1.0,0.0,2.0,hard|easy|medium
test,0,3,95,32,0.5312507690032362,50.63386895300209,336.8191224309994,0.007844137027859688,1.0,1.0,1.0,1.0,1.6933333333333336e-05,0.96875,0.0,2.0,medium|easy|hard
test,0,3,96,32,0.5317144380023819,51.1661296270031,337.35138314799406,0.005811650305986404,1.0,1.0,1.0,1.0,1.6924444444444446e-05,0.9375,0.0,2.0,easy|hard|medium
test,0,3,97,32,0.5314743740018457,51.69818019500235,337.88343368599453,0.039068255573511124,1.0,1.0,1.0,1.0,1.6915555555555555e-05,0.9375,0.0,2.0,medium|easy|hard
test,0,3,98,32,0.5307184870034689,52.22952045200509,338.41477392600063,0.005117318592965603,1.0,1.0,1.0,1.0,1.690666666666667e-05,1.0,0.0,2.0,hard|easy|medium
test,0,3,99,32,0.5324848439995549,52.76256754800124,338.94782114799455,0.0035090737510472536,1.0,1.0,1.0,1.0,1.6897777777777778e-05,1.1875,0.0,2.0,hard|easy|medium
test,0,3,100,32,0.5312284649990033,53.29430573100399,339.4795592149967,0.5460988879203796,0.9083333333333333,0.90625,0.8967611336032388,0.9015384615384616,1.688888888888889e-05,1.125,0.0,2.0,medium|hard|easy
test,0,3,101,32,0.5305868119976367,53.82540127500397,340.01065476299846,0.007367720827460289,1.0,1.0,1.0,1.0,1.688e-05,0.84375,0.0,2.0,hard|easy|medium
test,0,3,102,32,0.5324182850017678,54.358281690001604,340.5435352229979,0.2243194580078125,0.96875,0.96875,0.9705882352941176,0.9687194525904204,1.687111111111111e-05,1.09375,0.0,2.0,medium|easy|hard
test,0,3,103,32,0.5318098860007012,54.890656044000934,341.0759097199989,0.22510842978954315,0.9444444444444444,0.9375,0.9375,0.9372549019607843,1.6862222222222224e-05,1.0625,0.0,2.0,hard|easy|medium
test,0,3,104,32,0.5314909829976386,55.42274346900376,341.6079969509956,0.015747880563139915,1.0,1.0,1.0,1.0,1.6853333333333333e-05,1.125,0.0,2.0,medium|easy|hard
test,0,3,105,32,0.5325075540022226,55.955772380999406,342.14102586900117,0.013538175262510777,1.0,1.0,1.0,1.0,1.6844444444444447e-05,0.875,0.0,2.0,easy|medium|hard
test,0,3,106,32,0.5309757229988463,56.48734907900507,342.6726025509997,0.06309248507022858,0.9666666666666667,0.96875,0.9722222222222222,0.9684729064039409,1.6835555555555556e-05,0.875,0.0,2.0,easy|hard|medium
test,0,3,107,32,0.531324974996096,57.01925822599878,343.20451171699824,0.10663939267396927,0.9705882352941176,0.96875,0.96875,0.9687194525904204,1.682666666666667e-05,1.25,0.0,2.0,hard|easy|medium
test,0,3,108,32,0.5321888990001753,57.55202377400565,343.7372772669987,0.15826505422592163,0.9705882352941176,0.96875,0.96875,0.9687194525904204,1.681777777777778e-05,1.28125,0.0,2.0,hard|medium|easy
test,0,3,109,32,0.5312146930009476,58.08377926200046,344.2690327559976,0.1459868997335434,0.9666666666666667,0.96875,0.9722222222222222,0.9684729064039409,1.680888888888889e-05,1.15625,0.0,2.0,medium|easy|hard
test,0,3,110,32,0.530883270999766,58.61526587000117,344.80051928399917,0.006139635574072599,1.0,1.0,1.0,1.0,1.6800000000000002e-05,1.03125,0.0,2.0,hard|easy|medium
test,0,3,111,32,0.5316227189978235,59.14744329400128,345.3326968149995,0.06960449367761612,0.9722222222222222,0.96875,0.9666666666666667,0.9684729064039409,1.6791111111111115e-05,0.8125,0.0,2.0,easy|hard|medium
test,0,3,112,32,0.5323913129977882,59.68043196600047,345.86568568000075,0.006112412549555302,1.0,1.0,1.0,1.0,1.6782222222222225e-05,0.9375,0.0,2.0,easy|hard|medium
test,0,3,113,32,0.5312860880003427,60.21231524600444,346.3975686729973,0.10056088864803314,0.9736842105263157,0.96875,0.9642857142857143,0.967967967967968,1.6773333333333334e-05,1.03125,0.0,2.0,medium|easy|hard
test,0,3,114,32,0.5300755110001774,60.74288595600228,346.9281396269944,0.15397265553474426,0.9705882352941176,0.96875,0.96875,0.9687194525904204,1.6764444444444444e-05,1.03125,0.0,2.0,medium|hard|easy
test,0,3,115,32,0.5317322289993172,61.27514550700289,347.46039899999596,0.1555142104625702,0.9352226720647774,0.9375,0.9352226720647774,0.9352226720647774,1.6755555555555557e-05,1.0,0.0,2.0,easy|medium|hard
test,0,3,116,32,0.5312204910005676,61.80690939100168,347.9921628759985,0.09691185504198074,0.9375,0.9375,0.9375,0.9375,1.674666666666667e-05,0.84375,0.0,2.0,medium|easy|hard
test,0,3,117,32,0.5310395310007152,62.33846158400411,348.5237150749963,0.15917237102985382,0.9772727272727273,0.96875,0.9545454545454546,0.964562569213732,1.673777777777778e-05,1.28125,0.0,2.0,hard|medium|easy
test,0,3,118,32,0.5314070739987073,62.87041572399903,349.05566920300043,0.16348698735237122,0.9761904761904762,0.96875,0.9583333333333333,0.9660657476139979,1.672888888888889e-05,0.8125,0.0,2.0,easy|hard|medium
test,0,3,119,32,0.5306887309998274,63.40168702500523,349.5869405129997,0.0498860627412796,0.9583333333333333,0.96875,0.9761904761904762,0.9660657476139979,1.672e-05,1.03125,0.0,2.0,hard|easy|medium
test,0,3,120,32,0.5314699039954576,63.93361769400508,350.1188711709983,0.15514494478702545,0.9087301587301587,0.90625,0.903921568627451,0.9054187192118226,1.6711111111111112e-05,1.15625,0.0,2.0,medium|hard|easy
test,0,3,121,32,0.5315678769984515,64.46579781300534,350.6510512859968,0.010810772888362408,1.0,1.0,1.0,1.0,1.6702222222222225e-05,1.09375,0.0,2.0,hard|medium|easy
test,0,3,122,32,0.5317957010047394,64.99801072799892,351.18326426999556,0.008863070048391819,1.0,1.0,1.0,1.0,1.6693333333333335e-05,1.03125,0.0,2.0,easy|hard|medium
test,0,3,123,32,0.5307510069978889,65.52937573099916,351.714629201997,0.041498374193906784,0.9642857142857143,0.96875,0.9736842105263157,0.967967967967968,1.6684444444444445e-05,1.125,0.0,2.0,medium|hard|easy
test,0,3,124,32,0.5314404560049297,66.06129385199893,352.2465473199991,0.06843215972185135,0.9761904761904762,0.96875,0.9583333333333333,0.9660657476139979,1.6675555555555554e-05,1.0,0.0,2.0,medium|easy|hard
test,0,3,125,32,0.5314632189983968,66.59326113499992,352.77851462800027,0.008821227587759495,1.0,1.0,1.0,1.0,1.6666666666666667e-05,0.90625,0.0,2.0,hard|easy|medium
test,0,3,126,32,0.5303824479997274,67.12423391700577,353.30948740700114,0.1365729421377182,0.9666666666666667,0.96875,0.9722222222222222,0.9684729064039409,1.665777777777778e-05,1.21875,0.0,2.0,medium|hard|easy
test,0,3,127,32,0.5321715980026056,67.65702412200335,353.8422776669977,0.03496329486370087,0.9642857142857143,0.96875,0.9736842105263157,0.967967967967968,1.664888888888889e-05,0.9375,0.0,2.0,medium|easy|hard
test,0,3,128,32,0.5310808569993242,68.18861923800432,354.3738727309974,0.12407167255878448,0.9722222222222222,0.96875,0.9666666666666667,0.9684729064039409,1.664e-05,1.1875,0.0,2.0,hard|medium|easy
test,0,3,129,32,0.5309731410015956,68.72014720600419,354.90540067899565,0.0065180156379938126,1.0,1.0,1.0,1.0,1.6631111111111113e-05,0.875,0.0,2.0,medium|easy|hard
test,0,3,130,32,0.5320912429961027,69.25288680200174,355.4381402889994,0.11409884691238403,0.9705882352941176,0.96875,0.96875,0.9687194525904204,1.6622222222222223e-05,0.8125,0.0,2.0,hard|medium|easy
test,0,3,131,32,0.5321384589988156,69.78555357000005,355.9708070810011,0.006791482679545879,1.0,1.0,1.0,1.0,1.6613333333333336e-05,1.1875,0.0,2.0,hard|easy|medium
test,0,3,132,32,0.5311201470030937,70.31720254500397,356.50245602799987,0.09864743053913116,0.9666666666666667,0.96875,0.9722222222222222,0.9684729064039409,1.6604444444444445e-05,0.96875,0.0,2.0,medium|easy|hard
test,0,3,133,32,0.5321093310049037,70.8499005440026,357.0351540259944,0.05086608603596687,0.9444444444444444,0.9375,0.9375,0.9372549019607843,1.6595555555555555e-05,0.78125,0.0,2.0,medium|easy|hard
test,0,3,134,32,0.5314419730057125,71.3819240590019,357.5671775499941,0.012765331193804741,1.0,1.0,1.0,1.0,1.6586666666666668e-05,1.125,0.0,2.0,medium|easy|hard
test,0,3,135,32,0.5309601990011288,71.91336204200343,358.09861556100077,0.00846821628510952,1.0,1.0,1.0,1.0,1.6577777777777778e-05,1.125,0.0,2.0,easy|hard|medium
test,0,3,136,32,0.5317916999993031,72.44576789200073,358.63102139099647,0.0153421051800251,1.0,1.0,1.0,1.0,1.656888888888889e-05,1.15625,0.0,2.0,medium|easy|hard
test,0,3,137,32,0.532044446998043,72.97836903600546,359.1636225369948,0.13758479058742523,0.96875,0.96875,0.9705882352941176,0.9687194525904204,1.656e-05,1.09375,0.0,2.0,medium|easy|hard
test,0,3,138,32,0.5311148670007242,73.51010022400442,359.69535369899677,0.0032333126291632652,1.0,1.0,1.0,1.0,1.6551111111111114e-05,0.9375,0.0,2.0,medium|easy|hard
test,0,3,139,32,0.5319281730044167,74.04257902700192,360.227832509001,0.00467790337279439,1.0,1.0,1.0,1.0,1.6542222222222223e-05,1.0,0.0,2.0,medium|easy|hard
test,0,3,140,32,0.5321358329965733,74.57535616899986,360.7606096729942,0.012806020677089691,1.0,1.0,1.0,1.0,1.6533333333333333e-05,1.125,0.0,2.0,hard|medium|easy
test,0,3,141,32,0.5309257569970214,75.10687419999886,361.2921276979978,0.0030310393776744604,1.0,1.0,1.0,1.0,1.6524444444444446e-05,0.9375,0.0,2.0,easy|hard|medium
test,0,3,142,32,0.5304767790003098,75.63795385000412,361.82320732799417,0.185223788022995,0.9705882352941176,0.96875,0.96875,0.9687194525904204,1.651555555555556e-05,0.96875,0.0,2.0,easy|medium|hard
test,0,3,143,32,0.5317827890030458,76.17019524300122,362.3554487319998,0.3342932462692261,0.9117647058823529,0.90625,0.9166666666666667,0.906158357771261,1.650666666666667e-05,1.09375,0.0,2.0,hard|easy|medium
test,0,3,144,32,0.5316892560003907,76.70249434200377,362.8877478209979,0.0014867137651890516,1.0,1.0,1.0,1.0,1.649777777777778e-05,0.875,0.0,2.0,hard|easy|medium
test,0,3,145,32,0.5308662169991294,77.23394396300137,363.41919744999905,0.019952837377786636,1.0,1.0,1.0,1.0,1.648888888888889e-05,0.6875,0.0,2.0,medium|easy|hard
test,0,3,146,32,0.5320570219992078,77.76653321499907,363.9517867100003,0.35833054780960083,0.90625,0.90625,0.9210526315789473,0.9054187192118226,1.648e-05,0.84375,0.0,2.0,medium|hard|easy
test,0,3,147,32,0.5307027859962545,78.29773625600501,364.48298973799683,0.028494728729128838,0.9722222222222222,0.96875,0.9666666666666667,0.9684729064039409,1.6471111111111115e-05,1.03125,0.0,2.0,medium|easy|hard
test,0,3,148,32,0.5308390649952344,78.82911924100335,365.0143727589966,0.06318946182727814,0.9722222222222222,0.96875,0.9666666666666667,0.9684729064039409,1.6462222222222224e-05,1.15625,0.0,2.0,hard|easy|medium
test,0,3,149,32,0.5322085860025254,79.36183128099947,365.5470847569959,0.18483105301856995,0.9705882352941176,0.96875,0.96875,0.9687194525904204,1.6453333333333334e-05,1.0,0.0,2.0,medium|hard|easy
test,0,3,150,32,0.5315224129954004,79.89382955500332,366.07908296799724,0.3332063555717468,0.9473684210526316,0.9375,0.9333333333333333,0.9365079365079365,1.6444444444444444e-05,0.75,0.0,2.0,medium|hard|easy
test,0,3,151,32,0.5311453199974494,80.42554076800297,366.610794274995,0.0015482883900403976,1.0,1.0,1.0,1.0,1.6435555555555557e-05,1.09375,0.0,2.0,medium|hard|easy
test,0,3,152,32,0.5316667419974692,80.95779007700185,367.143043570999,0.050096943974494934,0.9736842105263157,0.96875,0.9642857142857143,0.967967967967968,1.642666666666667e-05,1.1875,0.0,2.0,medium|hard|easy
test,0,3,153,32,0.5315161320031621,81.4899035749986,367.6751570579945,0.09283864498138428,0.9666666666666667,0.96875,0.9722222222222222,0.9684729064039409,1.641777777777778e-05,1.125,0.0,2.0,medium|easy|hard
test,0,3,154,32,0.5306455809986801,82.02111584199884,368.2063693339951,0.0021824343129992485,1.0,1.0,1.0,1.0,1.640888888888889e-05,0.75,0.0,2.0,medium|easy|hard
test,0,3,155,32,0.5320535649952944,82.5537300549986,368.7389835270005,0.001736416365019977,1.0,1.0,1.0,1.0,1.64e-05,0.875,0.0,2.0,easy|hard|medium
test,0,3,156,32,0.5314037240023026,83.08558327900391,369.27083675700123,0.0021184596698731184,1.0,1.0,1.0,1.0,1.6391111111111112e-05,1.0625,0.0,2.0,easy|hard|medium
test,0,3,157,32,0.5300959209998837,83.6162640840048,369.8015175719993,0.010246999561786652,1.0,1.0,1.0,1.0,1.6382222222222225e-05,1.0625,0.0,2.0,easy|medium|hard
test,0,3,158,32,0.5322423959951266,84.14906392400007,370.3343173760004,0.09846629947423935,0.9705882352941176,0.96875,0.96875,0.9687194525904204,1.6373333333333335e-05,1.0,0.0,2.0,easy|hard|medium
test,0,3,159,32,0.5318756779961404,84.68141096400359,370.86666446199524,0.12956714630126953,0.9666666666666667,0.96875,0.9722222222222222,0.9684729064039409,1.6364444444444444e-05,1.21875,0.0,2.0,easy|hard|medium
test,0,3,160,32,0.5313741600039066,85.21338501400169,371.3986384960008,0.1708354651927948,0.9117647058823529,0.90625,0.9166666666666667,0.906158357771261,1.6355555555555557e-05,1.125,0.0,2.0,easy|medium|hard
test,0,3,161,32,0.5324611129981349,85.74633041800553,371.9315839129995,0.0026861371006816626,1.0,1.0,1.0,1.0,1.6346666666666667e-05,1.25,0.0,2.0,hard|medium|easy
test,0,3,162,32,0.5317613309962326,86.27862954800366,372.4638830319964,0.010938153602182865,1.0,1.0,1.0,1.0,1.633777777777778e-05,1.34375,0.0,2.0,medium|hard|easy
test,0,3,163,32,0.5317411419964628,86.81082060200424,372.9960740940005,0.016166141256690025,1.0,1.0,1.0,1.0,1.632888888888889e-05,0.84375,0.0,2.0,easy|hard|medium
test,0,3,164,32,0.5323411429999396,87.34367655499955,373.5289300410004,0.035634156316518784,0.9615384615384616,0.96875,0.975,0.9671794871794872,1.632e-05,1.125,0.0,2.0,easy|medium|hard
test,0,3,165,32,0.5316186899945023,87.87581909599976,374.06107258399425,0.002434633206576109,1.0,1.0,1.0,1.0,1.6311111111111113e-05,0.84375,0.0,2.0,medium|hard|easy
test,0,3,166,32,0.5311006940028165,88.40746026600391,374.59271408600034,0.004058327525854111,1.0,1.0,1.0,1.0,1.6302222222222222e-05,1.25,0.0,2.0,hard|medium|easy
test,0,3,167,32,0.5320205320022069,88.93996942599915,375.12522290299967,0.009512743912637234,1.0,1.0,1.0,1.0,1.6293333333333335e-05,0.96875,0.0,2.0,hard|easy|medium
test,0,3,168,32,0.5318297160047223,89.47231184600241,375.6575655199995,0.03578084707260132,0.9666666666666667,0.96875,0.9722222222222222,0.9684729064039409,1.6284444444444445e-05,0.6875,0.0,2.0,hard|medium|easy
test,0,3,169,32,0.5311294330022065,90.00400529699982,376.1892588049959,0.002931066323071718,1.0,1.0,1.0,1.0,1.6275555555555558e-05,1.03125,0.0,2.0,medium|hard|easy
test,0,3,170,32,0.5316361030054395,90.53618141400511,376.72143489500013,0.14764058589935303,0.9583333333333333,0.96875,0.9761904761904762,0.9660657476139979,1.6266666666666668e-05,0.90625,0.0,2.0,easy|medium|hard
test,0,3,171,32,0.5325423769972986,91.0692626270029,377.2545161140006,0.0049180639907717705,1.0,1.0,1.0,1.0,1.6257777777777778e-05,0.875,0.0,2.0,hard|easy|medium
test,0,3,172,32,0.5311637830018299,91.60098399800336,377.7862374939941,0.24772298336029053,0.9545454545454546,0.9375,0.9166666666666667,0.9307359307359306,1.624888888888889e-05,1.125,0.0,2.0,medium|hard|easy
test,0,3,173,32,0.5302102320056292,92.13171243100078,378.31696590299543,0.19187571108341217,0.9583333333333333,0.96875,0.9761904761904762,0.9660657476139979,1.6240000000000004e-05,0.75,0.0,2.0,medium|hard|easy
test,0,3,174,32,0.5319532959983917,92.66422948599939,378.84948304700083,0.0016641730908304453,1.0,1.0,1.0,1.0,1.6231111111111113e-05,0.84375,0.0,2.0,hard|easy|medium
test,0,3,175,32,0.5313808840001002,93.19617144800577,379.38142493800115,0.005249369889497757,1.0,1.0,1.0,1.0,1.6222222222222223e-05,1.03125,0.0,2.0,hard|medium|easy
test,0,3,176,32,0.5309157849987969,93.72764000000461,379.9128934699984,0.0034756488166749477,1.0,1.0,1.0,1.0,1.6213333333333333e-05,1.1875,0.0,2.0,hard|medium|easy
test,0,3,177,32,0.5323074260013527,94.26047439100512,380.44572787200013,0.011892491951584816,1.0,1.0,1.0,1.0,1.6204444444444446e-05,0.71875,0.0,2.0,hard|easy|medium
test,0,3,178,32,0.5309170950058615,94.79196554500231,380.97721904399805,0.1962723731994629,0.96875,0.96875,0.9705882352941176,0.9687194525904204,1.619555555555556e-05,1.15625,0.0,2.0,easy|medium|hard
test,0,3,179,32,0.5309850010016817,95.32339339700411,381.5086468879963,0.0011387297417968512,1.0,1.0,1.0,1.0,1.618666666666667e-05,1.25,0.0,2.0,easy|medium|hard
test,0,3,180,32,0.5318695129972184,95.85583513100573,382.0410886429963,0.2650921642780304,0.9375,0.9375,0.9444444444444444,0.9372549019607843,1.617777777777778e-05,1.21875,0.0,2.0,easy|hard|medium
test,0,3,181,32,0.531837992995861,96.38822176700342,382.57347524899524,0.001746806432493031,1.0,1.0,1.0,1.0,1.6168888888888888e-05,0.875,0.0,2.0,hard|easy|medium
test,0,3,182,32,0.5306765560017084,96.91949704500439,383.1047505479946,0.001821467885747552,1.0,1.0,1.0,1.0,1.616e-05,1.0625,0.0,2.0,hard|easy|medium
test,0,3,183,32,0.5314691000021412,97.45157426000515,383.636827757,0.028095129877328873,0.9615384615384616,0.96875,0.975,0.9671794871794872,1.6151111111111114e-05,1.25,0.0,2.0,medium|hard|easy
test,0,3,184,32,0.5315902860020287,97.98374896300083,384.1690024349955,0.0013271048665046692,1.0,1.0,1.0,1.0,1.6142222222222224e-05,1.21875,0.0,2.0,hard|easy|medium
test,0,3,185,32,0.5306550410023192,98.51495043800242,384.7002041089945,0.07486237585544586,0.9705882352941176,0.96875,0.96875,0.9687194525904204,1.6133333333333334e-05,0.96875,0.0,2.0,medium|hard|easy
test,0,3,186,32,0.5321787180000683,99.04765915600001,385.23291272599454,0.16944962739944458,0.9722222222222222,0.96875,0.9666666666666667,0.9684729064039409,1.6124444444444443e-05,0.9375,0.0,2.0,easy|hard|medium
test,0,3,187,32,0.53112298999622,99.57941643900267,385.7646699420002,0.05232911556959152,0.9666666666666667,0.96875,0.9722222222222222,0.9684729064039409,1.6115555555555556e-05,1.125,0.0,2.0,medium|hard|easy
test,0,3,188,32,0.5302109149997705,100.11015229300392,386.29540577299485,0.005154087208211422,1.0,1.0,1.0,1.0,1.610666666666667e-05,0.75,0.0,2.0,medium|hard|easy
test,0,3,189,32,0.532261637999909,100.64294465900457,386.82819817199925,0.003592217341065407,1.0,1.0,1.0,1.0,1.609777777777778e-05,0.96875,0.0,2.0,medium|easy|hard
test,0,3,190,32,0.5315479459968628,101.17497686199931,387.36023033599486,0.002583610126748681,1.0,1.0,1.0,1.0,1.608888888888889e-05,1.15625,0.0,2.0,easy|medium|hard
test,0,3,191,32,0.5313080470004934,101.70687576199998,387.89212924999447,0.003369149286299944,1.0,1.0,1.0,1.0,1.6080000000000002e-05,0.96875,0.0,2.0,easy|hard|medium
test,0,3,192,32,0.5321587450016523,102.23953975200129,388.4247932329963,0.0013425658689811826,1.0,1.0,1.0,1.0,1.607111111111111e-05,0.90625,0.0,2.0,easy|medium|hard
test,0,3,193,32,0.5318547930000932,102.7720266680044,388.9572801779941,0.005097289569675922,1.0,1.0,1.0,1.0,1.6062222222222225e-05,1.1875,0.0,2.0,medium|hard|easy
test,0,3,194,32,0.5311004350005533,103.30363153600047,389.4888850309944,0.254798948764801,0.9352226720647774,0.9375,0.9352226720647774,0.9352226720647774,1.6053333333333334e-05,0.84375,0.0,2.0,medium|easy|hard
test,0,3,195,32,0.5315624829963781,103.83562802300003,390.0208815049991,0.19118040800094604,0.9230769230769231,0.9375,0.9523809523809523,0.9333333333333333,1.6044444444444444e-05,1.03125,0.0,2.0,medium|hard|easy
test,0,3,196,32,0.5319795660034288,104.36816403700504,390.5534175139983,0.11166203022003174,0.96875,0.96875,0.9705882352941176,0.9687194525904204,1.6035555555555557e-05,1.03125,0.0,2.0,medium|hard|easy
test,0,3,197,32,0.531248906001565,104.899978225003,391.085231705998,0.0009525544592179358,1.0,1.0,1.0,1.0,1.6026666666666667e-05,0.875,0.0,2.0,medium|easy|hard
test,0,3,198,32,0.5316467399970861,105.43219216500438,391.6174456910012,0.0023169354535639286,1.0,1.0,1.0,1.0,1.601777777777778e-05,0.78125,0.0,2.0,easy|hard|medium
test,0,3,199,32,0.5321257069954299,105.96479956000258,392.1500530459962,0.0009681466617621481,1.0,1.0,1.0,1.0,1.600888888888889e-05,0.9375,0.0,2.0,hard|medium|easy
test,0,3,200,32,0.5312067900013062,106.49655227600306,392.68180576699524,0.0012347898446023464,1.0,1.0,1.0,1.0,1.6000000000000003e-05,1.1875,0.0,2.0,hard|medium|easy
test,0,3,201,32,0.5296829849976348,107.02677245200175,393.2120259459989,0.001216355012729764,1.0,1.0,1.0,1.0,1.5991111111111112e-05,1.125,0.0,2.0,easy|hard|medium
test,0,3,202,32,0.5315863380019437,107.55893275600101,393.7441862419946,0.0012068734504282475,1.0,1.0,1.0,1.0,1.5982222222222222e-05,1.09375,0.0,2.0,hard|easy|medium
test,0,3,203,32,0.5310216419966309,108.09044247800193,394.27569620899885,0.0034501051995903254,1.0,1.0,1.0,1.0,1.5973333333333335e-05,0.75,0.0,2.0,hard|easy|medium
test,0,3,204,32,0.530493516002025,108.62152908900316,394.80678264699964,0.1730612814426422,0.9523809523809523,0.9375,0.9230769230769231,0.9333333333333333,1.5964444444444448e-05,1.09375,0.0,2.0,hard|medium|easy
test,0,3,205,32,0.5319802170051844,109.15405782000016,395.33931130299607,0.3591696321964264,0.9444444444444444,0.9375,0.9375,0.9372549019607843,1.5955555555555558e-05,1.0625,0.0,2.0,easy|hard|medium
test,0,3,206,32,0.5351943740024581,109.68991562600422,395.875169162995,0.0017504931893199682,1.0,1.0,1.0,1.0,1.5946666666666668e-05,0.96875,0.0,2.0,easy|hard|medium
test,0,3,207,32,0.5312938639981439,110.2220193020039,396.40727279799466,0.13855291903018951,0.9772727272727273,0.96875,0.9545454545454546,0.964562569213732,1.5937777777777777e-05,0.90625,0.0,2.0,hard|medium|easy
test,0,3,208,32,0.5319135309982812,110.75441997100279,396.93967380799586,0.001039823517203331,1.0,1.0,1.0,1.0,1.592888888888889e-05,1.0625,0.0,2.0,medium|hard|easy
test,0,3,209,32,0.5308318499955931,111.28573241300182,397.4709859239956,0.0010714144445955753,1.0,1.0,1.0,1.0,1.5920000000000003e-05,1.03125,0.0,2.0,medium|hard|easy
test,0,3,210,32,0.5309884570015129,111.81728908700461,398.00254258699715,0.2269616425037384,0.9545454545454546,0.96875,0.9772727272727273,0.964562569213732,1.5911111111111113e-05,1.03125,0.0,2.0,medium|easy|hard
test,0,3,211,32,0.5317560190014774,112.34950640600437,398.5347598849985,0.0010780597804114223,1.0,1.0,1.0,1.0,1.5902222222222223e-05,1.28125,0.0,2.0,medium|easy|hard
test,0,3,212,32,0.5316072129935492,112.88155389900203,399.0668073880006,0.0008883321424946189,1.0,1.0,1.0,1.0,1.5893333333333333e-05,1.34375,0.0,2.0,easy|medium|hard
test,0,3,213,32,0.5307758240014664,113.41292248300306,399.5981759589995,0.005524716805666685,1.0,1.0,1.0,1.0,1.5884444444444446e-05,1.0,0.0,2.0,medium|easy|hard
test,0,3,214,32,0.5317754120042082,113.94523801100149,400.1304915209985,0.013077929615974426,1.0,1.0,1.0,1.0,1.587555555555556e-05,1.34375,0.0,2.0,hard|medium|easy
test,0,3,215,32,0.5315681350039085,114.47741182900063,400.662665318996,0.20490272343158722,0.9444444444444444,0.9375,0.9375,0.9372549019607843,1.586666666666667e-05,0.875,0.0,2.0,hard|medium|easy
test,0,3,216,32,0.5309409170004074,115.00887563400465,401.19412913799897,0.002386199776083231,1.0,1.0,1.0,1.0,1.5857777777777778e-05,0.8125,0.0,2.0,medium|easy|hard
test,0,3,217,32,0.5319857970025623,115.5413930460054,401.72664654500113,0.11742148548364639,0.9666666666666667,0.96875,0.9722222222222222,0.9684729064039409,1.5848888888888888e-05,0.875,0.0,2.0,easy|medium|hard
test,0,3,218,32,0.5315286490003928,116.07340705200477,402.2586605359975,0.16244937479496002,0.9565217391304348,0.9375,0.9090909090909092,0.9272727272727272,1.584e-05,0.78125,0.0,2.0,easy|hard|medium
test,0,3,219,32,0.5304546319966903,116.60446908900485,402.78972257599526,0.14870893955230713,0.96875,0.96875,0.9705882352941176,0.9687194525904204,1.5831111111111114e-05,1.03125,0.0,2.0,medium|easy|hard
test,0,3,220,32,0.5320421889991849,117.13705155900243,403.3223051009991,0.22775118052959442,0.9736842105263157,0.96875,0.9642857142857143,0.967967967967968,1.5822222222222224e-05,0.90625,0.0,2.0,medium|easy|hard
test,0,3,221,32,0.5315150349997566,117.66922700600117,403.8544804970006,0.000977331306785345,1.0,1.0,1.0,1.0,1.5813333333333333e-05,0.84375,0.0,2.0,easy|hard|medium
test,0,3,222,32,0.5311839489950216,118.20100667000224,404.3862601649962,0.0017522636335343122,1.0,1.0,1.0,1.0,1.5804444444444446e-05,1.03125,0.0,2.0,medium|easy|hard
test,0,3,223,32,0.5325779760023579,118.73419168699911,404.91944516499643,0.15915901958942413,0.975,0.96875,0.9615384615384616,0.9671794871794872,1.5795555555555556e-05,0.90625,0.0,2.0,medium|easy|hard
test,0,3,224,32,0.5310299110060441,119.26577300699864,405.451026499999,0.11232797056436539,0.9642857142857143,0.96875,0.9736842105263157,0.967967967967968,1.578666666666667e-05,1.03125,0.0,2.0,medium|easy|hard
test,0,3,225,32,0.531642173002183,119.79799107500003,405.9832448349989,0.0025772489607334137,1.0,1.0,1.0,1.0,1.577777777777778e-05,0.9375,0.0,2.0,easy|hard|medium
test,0,3,226,32,0.5320341210026527,120.33067986099923,406.5159333449992,0.1644790768623352,0.9642857142857143,0.96875,0.9736842105263157,0.967967967967968,1.576888888888889e-05,1.09375,0.0,2.0,medium|easy|hard
test,0,3,227,32,0.5322097360040061,120.86334102800174,407.04859452600067,0.0071946089155972,1.0,1.0,1.0,1.0,1.576e-05,0.875,0.0,2.0,medium|hard|easy
test,0,3,228,32,0.5311900169981527,121.39510226700077,407.58035575199756,0.003127769101411104,1.0,1.0,1.0,1.0,1.575111111111111e-05,1.0625,0.0,2.0,hard|easy|medium
test,0,3,229,32,0.5316522729990538,121.92728763800551,408.11254113799805,0.029043063521385193,0.9615384615384616,0.96875,0.975,0.9671794871794872,1.5742222222222224e-05,1.15625,0.0,2.0,medium|hard|easy
test,0,3,230,32,0.5317768310051179,122.45967342700169,408.6449268439974,0.011564992368221283,1.0,1.0,1.0,1.0,1.5733333333333334e-05,0.75,0.0,2.0,medium|hard|easy
test,0,3,231,32,0.5310841470054584,122.99124469399976,409.17649822399835,0.060214072465896606,0.96875,0.96875,0.9705882352941176,0.9687194525904204,1.5724444444444447e-05,0.84375,0.0,2.0,hard|medium|easy
test,0,3,232,32,0.5304099849963677,123.52222226500453,409.7074757559967,0.006443355698138475,1.0,1.0,1.0,1.0,1.5715555555555557e-05,0.75,0.0,2.0,medium|easy|hard
test,0,3,233,32,0.5318004849978024,124.05447034000099,410.23972383599903,0.18516655266284943,0.9285714285714286,0.9375,0.95,0.9352226720647774,1.5706666666666666e-05,1.09375,0.0,2.0,hard|medium|easy
test,0,3,234,32,0.5311895839986391,124.58626697699947,410.77152045899857,0.007398277521133423,1.0,1.0,1.0,1.0,1.569777777777778e-05,0.9375,0.0,2.0,easy|medium|hard
test,0,3,235,32,0.531095930004085,125.11792717500066,411.3031806750005,0.0028914380818605423,1.0,1.0,1.0,1.0,1.5688888888888893e-05,0.875,0.0,2.0,hard|medium|easy
test,0,3,236,32,0.53243211699737,125.6509500280008,411.8362035139944,0.22359620034694672,0.9666666666666667,0.96875,0.9722222222222222,0.9684729064039409,1.5680000000000002e-05,0.78125,0.0,2.0,easy|hard|medium
test,0,3,237,32,0.5306710209988523,126.18217249499867,412.3674259929976,0.0035053626634180546,1.0,1.0,1.0,1.0,1.5671111111111112e-05,0.90625,0.0,2.0,easy|hard|medium
test,0,3,238,32,0.5312060200012638,126.71399562900478,412.899249131995,0.015584653243422508,1.0,1.0,1.0,1.0,1.5662222222222222e-05,0.78125,0.0,2.0,medium|hard|easy
test,0,3,239,32,0.5319776369942701,127.24652621200221,413.4317796979958,0.14075003564357758,0.9352226720647774,0.9375,0.9352226720647774,0.9352226720647774,1.5653333333333335e-05,0.75,0.0,2.0,medium|easy|hard
test,0,3,240,32,0.5317606440003146,127.77880734200153,413.96406082199974,0.05854468420147896,0.9666666666666667,0.96875,0.9722222222222222,0.9684729064039409,1.5644444444444448e-05,1.125,0.0,2.0,hard|medium|easy
test,0,3,241,32,0.5306571119945147,128.30996511300327,414.49521852700127,0.0052982354536652565,1.0,1.0,1.0,1.0,1.5635555555555558e-05,1.1875,0.0,2.0,easy|hard|medium
test,0,3,242,32,0.5315486789986608,128.84204909200344,415.0273025829956,0.004851390141993761,1.0,1.0,1.0,1.0,1.5626666666666667e-05,1.25,0.0,2.0,hard|easy|medium
test,0,3,243,32,0.5313830650047748,129.3739890270008,415.55924252099794,0.22282159328460693,0.9411764705882353,0.9375,0.9411764705882353,0.9375,1.5617777777777777e-05,1.03125,0.0,2.0,medium|easy|hard
test,0,3,244,32,0.5311481239987188,129.90562127500016,416.090874771995,0.00979346502572298,1.0,1.0,1.0,1.0,1.560888888888889e-05,0.9375,0.0,2.0,medium|easy|hard
test,0,3,245,32,0.5324839429958956,130.43866493899986,416.62391842199577,0.16161856055259705,0.96875,0.96875,0.9705882352941176,0.9687194525904204,1.5600000000000003e-05,1.03125,0.0,2.0,hard|medium|easy
test,0,3,246,32,0.5314655620022677,130.97060373000568,417.1558572089998,0.09381239861249924,0.9705882352941176,0.96875,0.96875,0.9687194525904204,1.5591111111111113e-05,0.9375,0.0,2.0,easy|medium|hard
test,0,3,247,32,0.5301165190030588,131.50152534500376,417.6867788390009,0.030248252674937248,0.9772727272727273,0.96875,0.9545454545454546,0.964562569213732,1.5582222222222222e-05,0.875,0.0,2.0,easy|hard|medium
test,0,3,248,32,0.5323829110056977,132.03434916699916,418.2196026589954,0.1824662983417511,0.9545454545454546,0.9375,0.9166666666666667,0.9307359307359306,1.5573333333333332e-05,0.9375,0.0,2.0,medium|hard|easy
test,0,3,249,32,0.5315830389954499,132.56642381100392,418.75167729199893,0.3286300301551819,0.9,0.875,0.875,0.873015873015873,1.5564444444444445e-05,1.0625,0.0,2.0,hard|easy|medium
test,0,3,250,32,0.5310359479990439,133.09794302999944,419.2831965169971,0.03032979555428028,0.9722222222222222,0.96875,0.9666666666666667,0.9684729064039409,1.555555555555556e-05,1.0,0.0,2.0,hard|easy|medium
test,0,4,1,32,0.5346971049948479,0.6208742349990644,429.7799502639973,0.003108295612037182,1.0,1.0,1.0,1.0,1.5546666666666668e-05,0.9375,0.0,2.0,hard|medium|easy
test,0,4,2,32,0.532851654003025,1.1543817990022944,430.3134539859966,0.001642049290239811,1.0,1.0,1.0,1.0,1.5537777777777778e-05,0.90625,0.0,2.0,easy|medium|hard
test,0,4,3,32,0.5313133679956081,1.6863207919959677,430.8453929940006,0.0030365735292434692,1.0,1.0,1.0,1.0,1.552888888888889e-05,0.96875,0.0,2.0,easy|hard|medium
test,0,4,4,32,0.531761367994477,2.2186752400011756,431.3777476019968,0.05255671590566635,0.9736842105263157,0.96875,0.9642857142857143,0.967967967967968,1.552e-05,0.84375,0.0,2.0,easy|medium|hard
test,0,4,5,32,0.5328340940031921,2.7521476920010173,431.91121989899693,0.1496744006872177,0.9365079365079365,0.9375,0.9365079365079365,0.9365079365079365,1.5511111111111114e-05,0.96875,0.0,2.0,medium|hard|easy
test,0,4,6,32,0.5312023029982811,3.283925112998986,432.4429973019942,0.0047612376511096954,1.0,1.0,1.0,1.0,1.5502222222222223e-05,0.8125,0.0,2.0,medium|hard|easy
test,0,4,7,32,0.5308132830032264,3.8152906420000363,432.9743628409997,0.0008162349695339799,1.0,1.0,1.0,1.0,1.5493333333333333e-05,1.125,0.0,2.0,medium|hard|easy
test,0,4,8,32,0.5323394330043811,4.348245239001699,433.5073174509962,0.0014142191503196955,1.0,1.0,1.0,1.0,1.5484444444444446e-05,1.0625,0.0,2.0,medium|hard|easy
test,0,4,9,32,0.5321922160001122,4.880995783001708,434.04006834999745,0.0007324611651711166,1.0,1.0,1.0,1.0,1.5475555555555556e-05,0.9375,0.0,2.0,easy|hard|medium
test,0,4,10,32,0.531723845997476,5.413317644997733,434.57238984899595,0.000854535202961415,1.0,1.0,1.0,1.0,1.546666666666667e-05,0.875,0.0,2.0,easy|medium|hard
test,0,4,11,32,0.5317266210040543,5.945608533002087,435.1046809949985,0.027535313740372658,1.0,1.0,1.0,1.0,1.545777777777778e-05,1.125,0.0,2.0,medium|hard|easy
test,0,4,12,32,0.5321425220026867,6.47834922200127,435.6374214239986,0.011767887510359287,1.0,1.0,1.0,1.0,1.544888888888889e-05,0.84375,0.0,2.0,easy|medium|hard
test,0,4,13,32,0.5310485810041428,7.009906218001561,436.16897847200016,0.010085700079798698,1.0,1.0,1.0,1.0,1.544e-05,0.875,0.0,2.0,medium|hard|easy
test,0,4,14,32,0.5306103039984009,7.540982897000504,436.70005510199553,0.03671339899301529,0.9666666666666667,0.96875,0.9722222222222222,0.9684729064039409,1.543111111111111e-05,0.90625,0.0,2.0,medium|hard|easy
test,0,4,15,32,0.5318045829990297,8.073313914996106,437.23238610800036,0.001755744917318225,1.0,1.0,1.0,1.0,1.5422222222222224e-05,1.3125,0.0,2.0,hard|medium|easy
test,0,4,16,32,0.5312633579960675,8.605165380999097,437.7642375859941,0.001178497332148254,1.0,1.0,1.0,1.0,1.5413333333333337e-05,1.0625,0.0,2.0,hard|easy|medium
test,0,4,17,32,0.5311055519996444,9.136815755999123,438.29588795799646,0.12921513617038727,0.9705882352941176,0.96875,0.96875,0.9687194525904204,1.5404444444444447e-05,1.03125,0.0,2.0,hard|medium|easy
test,0,4,18,32,0.5315349269949365,9.668956066001556,438.82802825899853,0.004366409033536911,1.0,1.0,1.0,1.0,1.5395555555555556e-05,0.90625,0.0,2.0,easy|medium|hard
test,0,4,19,32,0.5306688490018132,10.200166401999013,439.35923860899493,0.23000043630599976,0.9523809523809523,0.9375,0.9230769230769231,0.9333333333333333,1.5386666666666666e-05,0.90625,0.0,2.0,medium|easy|hard
test,0,4,20,32,0.530949107997003,10.731757363995712,439.8908295759975,0.0007361587486229837,1.0,1.0,1.0,1.0,1.537777777777778e-05,1.09375,0.0,2.0,medium|easy|hard
test,0,4,21,32,0.5312575950010796,11.263455380001687,440.4225275860008,0.0006438620621338487,1.0,1.0,1.0,1.0,1.5368888888888892e-05,0.9375,0.0,2.0,medium|easy|hard
test,0,4,22,32,0.5317889959987951,11.795858140998462,440.95493033399543,0.14374469220638275,0.9352226720647774,0.9375,0.9352226720647774,0.9352226720647774,1.5360000000000002e-05,0.9375,0.0,2.0,hard|medium|easy
test,0,4,23,32,0.5315308839999489,12.327923086995725,441.48699528499856,0.0010587869910523295,1.0,1.0,1.0,1.0,1.5351111111111112e-05,1.21875,0.0,2.0,hard|easy|medium
test,0,4,24,32,0.5319619370056898,12.860426906998327,442.01949911599513,0.00197229883633554,1.0,1.0,1.0,1.0,1.534222222222222e-05,0.96875,0.0,2.0,hard|medium|easy
test,0,4,25,32,0.5317897470013122,13.392787805998523,442.55186000799586,0.0008650051895529032,1.0,1.0,1.0,1.0,1.5333333333333334e-05,0.96875,0.0,2.0,easy|medium|hard
test,0,4,26,32,0.5307790510050836,13.924085195998487,443.0831574240001,0.0022286244202405214,1.0,1.0,1.0,1.0,1.5324444444444448e-05,1.0,0.0,2.0,hard|easy|medium
test,0,4,27,32,0.531673318000685,14.45628333499917,443.6153555419951,0.0008643143810331821,1.0,1.0,1.0,1.0,1.5315555555555557e-05,0.71875,0.0,2.0,hard|easy|medium
test,0,4,28,32,0.5313450780013227,14.988156022001931,444.14722824400087,0.004398783203214407,1.0,1.0,1.0,1.0,1.5306666666666667e-05,1.0625,0.0,2.0,medium|easy|hard
test,0,4,29,32,0.5303297889986425,15.519019278995984,444.6780915029958,0.0065553272143006325,1.0,1.0,1.0,1.0,1.5297777777777777e-05,0.875,0.0,2.0,hard|medium|easy
test,0,4,30,32,0.5325243590050377,16.052074712999456,445.21114720100013,0.003007631516084075,1.0,1.0,1.0,1.0,1.528888888888889e-05,0.8125,0.0,2.0,hard|medium|easy
test,0,4,31,32,0.5315167909939191,16.584138302998326,445.74321050399885,0.17138709127902985,0.9722222222222222,0.96875,0.9666666666666667,0.9684729064039409,1.5280000000000003e-05,1.0,0.0,2.0,hard|easy|medium
test,0,4,32,32,0.5312686920005945,17.115938121998624,446.2750103809958,0.0008854351472109556,1.0,1.0,1.0,1.0,1.5271111111111112e-05,0.96875,0.0,2.0,medium|easy|hard
test,0,4,33,32,0.5325164039968513,17.64900457499607,446.8080767749998,0.0005706357187591493,1.0,1.0,1.0,1.0,1.5262222222222222e-05,1.03125,0.0,2.0,medium|hard|easy
test,0,4,34,32,0.5312096080015181,18.1807893610021,447.3398616159975,0.0005024686106480658,1.0,1.0,1.0,1.0,1.5253333333333335e-05,1.0,0.0,2.0,hard|medium|easy
test,0,4,35,32,0.5314844910026295,18.712906020002265,447.87197823300085,0.16301652789115906,0.9642857142857143,0.96875,0.9736842105263157,0.967967967967968,1.5244444444444447e-05,1.0625,0.0,2.0,medium|easy|hard
test,0,4,36,32,0.5323978809974506,19.245868147998408,448.4049404059988,0.09058697521686554,0.9705882352941176,0.96875,0.96875,0.9687194525904204,1.5235555555555556e-05,1.21875,0.0,2.0,hard|medium|easy
test,0,4,37,32,0.5318526509945514,19.778316381998593,448.93738880999445,0.0018333707703277469,1.0,1.0,1.0,1.0,1.5226666666666668e-05,1.09375,0.0,2.0,medium|hard|easy
test,0,4,38,32,0.5322998519986868,20.311134078001487,449.47020634599903,0.0013683761935681105,1.0,1.0,1.0,1.0,1.5217777777777777e-05,1.0,0.0,2.0,medium|easy|hard
test,0,4,39,32,0.5317329450044781,20.84352549599862,450.00259769200056,0.001075088162906468,1.0,1.0,1.0,1.0,1.520888888888889e-05,1.0625,0.0,2.0,hard|easy|medium
test,0,4,40,32,0.5321998610015726,21.376314663000812,450.53538688399567,0.0005024260026402771,1.0,1.0,1.0,1.0,1.5200000000000002e-05,1.125,0.0,2.0,medium|hard|easy
test,0,4,41,32,0.5311060419990099,21.907922434002103,451.0669946509952,0.0004937640042044222,1.0,1.0,1.0,1.0,1.5191111111111112e-05,1.15625,0.0,2.0,easy|medium|hard
test,0,4,42,32,0.5318844029970933,22.440363857000193,451.5994360479963,0.22746941447257996,0.9736842105263157,0.96875,0.9642857142857143,0.967967967967968,1.5182222222222223e-05,0.96875,0.0,2.0,medium|hard|easy
test,0,4,43,32,0.5321685390008497,22.973182476998772,452.1322546779993,0.22767026722431183,0.9722222222222222,0.96875,0.9666666666666667,0.9684729064039409,1.5173333333333336e-05,1.09375,0.0,2.0,hard|medium|easy
test,0,4,44,32,0.5307301110005938,23.50450819899561,452.6635804039979,0.16642118990421295,0.9761904761904762,0.96875,0.9583333333333333,0.9660657476139979,1.5164444444444446e-05,0.84375,0.0,2.0,easy|hard|medium
test,0,4,45,32,0.5304482529973029,24.0355069799989,453.1945791699982,0.0006383282016031444,1.0,1.0,1.0,1.0,1.5155555555555557e-05,1.03125,0.0,2.0,medium|hard|easy
test,0,4,46,32,0.5317784020007821,24.567860210998333,453.72693241799425,0.0015696694608777761,1.0,1.0,1.0,1.0,1.5146666666666667e-05,1.03125,0.0,2.0,medium|hard|easy
test,0,4,47,32,0.5318421789997956,25.100255229997856,454.2593274440005,0.17828816175460815,0.9615384615384616,0.96875,0.975,0.9671794871794872,1.513777777777778e-05,1.15625,0.0,2.0,easy|medium|hard
test,0,4,48,32,0.5306947589997435,25.63149942799646,454.79057163499965,0.00103381194639951,1.0,1.0,1.0,1.0,1.5128888888888891e-05,1.3125,0.0,2.0,hard|medium|easy
test,0,4,49,32,0.5322569410054712,26.16431005999766,455.3233822539987,0.0026047853752970695,1.0,1.0,1.0,1.0,1.5120000000000001e-05,0.78125,0.0,2.0,medium|easy|hard
test,0,4,50,32,0.5306865140009904,26.695627234999847,455.8546994329954,0.0023118790704756975,1.0,1.0,1.0,1.0,1.5111111111111112e-05,0.75,0.0,2.0,hard|medium|easy
test,0,4,51,32,0.5312099560032948,27.227418631002365,456.3864908369942,0.4439214766025543,0.9047619047619048,0.875,0.8666666666666667,0.8704453441295547,1.5102222222222222e-05,1.0625,0.0,2.0,easy|hard|medium
test,0,4,52,32,0.5321968700009165,27.760214201000053,456.9192864009965,0.0007522522937506437,1.0,1.0,1.0,1.0,1.5093333333333335e-05,0.90625,0.0,2.0,hard|medium|easy
test,0,4,53,32,0.5312937540002167,28.292081833002158,457.45115404399985,0.0009823720902204514,1.0,1.0,1.0,1.0,1.5084444444444446e-05,1.0625,0.0,2.0,medium|hard|easy
test,0,4,54,32,0.5307008960007806,28.823306717997184,457.9823789189977,0.0012630614219233394,1.0,1.0,1.0,1.0,1.5075555555555556e-05,1.0625,0.0,2.0,hard|medium|easy
test,0,4,55,32,0.5314566710003419,29.355366404997767,458.5144386039974,0.008781025186181068,1.0,1.0,1.0,1.0,1.5066666666666668e-05,1.0625,0.0,2.0,easy|hard|medium
test,0,4,56,32,0.5313856290013064,29.88733096500073,459.04640316699806,0.0019817056600004435,1.0,1.0,1.0,1.0,1.505777777777778e-05,1.09375,0.0,2.0,medium|hard|easy
test,0,4,57,32,0.5305080550024286,30.41833270999632,459.5774176479972,0.0011977388057857752,1.0,1.0,1.0,1.0,1.504888888888889e-05,1.1875,0.0,2.0,medium|easy|hard
test,0,4,58,32,0.5322723509962088,30.951172335000592,460.1102445689976,0.0012336636427789927,1.0,1.0,1.0,1.0,1.5040000000000002e-05,0.875,0.0,2.0,hard|easy|medium
test,0,4,59,32,0.5310077730027842,31.482758116995683,460.6418303120008,0.2918397784233093,0.9333333333333333,0.9375,0.9333333333333333,0.9333333333333333,1.5031111111111111e-05,1.09375,0.0,2.0,hard|easy|medium
test,0,4,60,32,0.5301251290002256,32.013417292997474,461.17248954899696,0.0009866079781204462,1.0,1.0,1.0,1.0,1.5022222222222223e-05,1.0,0.0,2.0,easy|medium|hard
test,0,4,61,32,0.5324454290021094,32.546420466998825,461.7054926769997,0.0011096897069364786,1.0,1.0,1.0,1.0,1.5013333333333336e-05,1.09375,0.0,2.0,medium|easy|hard
test,0,4,62,32,0.5318842490014504,33.07882740700006,462.23789967099583,0.08939290791749954,0.9642857142857143,0.96875,0.9736842105263157,0.967967967967968,1.5004444444444446e-05,0.875,0.0,2.0,easy|medium|hard
test,0,4,63,32,0.5311462950048735,33.61055639499682,462.7696285860002,0.16085867583751678,0.9722222222222222,0.96875,0.9666666666666667,0.9684729064039409,1.4995555555555557e-05,0.71875,0.0,2.0,hard|medium|easy
test,0,4,64,32,0.532236509003269,34.14335112099798,463.3024233049946,0.0020089000463485718,1.0,1.0,1.0,1.0,1.4986666666666667e-05,0.59375,0.0,2.0,medium|easy|hard
test,0,4,65,32,0.5315026829994167,34.67548126600013,463.8345534629989,0.1644655019044876,0.9722222222222222,0.96875,0.9666666666666667,0.9684729064039409,1.497777777777778e-05,0.75,0.0,2.0,medium|easy|hard
test,0,4,66,32,0.5312412550047156,35.20728242499899,464.36635464499705,0.2190973162651062,0.925,0.90625,0.9,0.9039039039039038,1.4968888888888891e-05,1.34375,0.0,2.0,medium|hard|easy
test,0,4,67,32,0.5316331459980574,35.73954441300157,464.8986166179966,0.0016817795112729073,1.0,1.0,1.0,1.0,1.496e-05,1.125,0.0,2.0,hard|easy|medium
test,0,4,68,32,0.5315999720041873,36.271679951001715,465.43075247199886,0.0016948848497122526,1.0,1.0,1.0,1.0,1.4951111111111112e-05,1.03125,0.0,2.0,easy|hard|medium
test,0,4,69,32,0.5313913149948348,36.80365466100193,465.96272691299964,0.004148735664784908,1.0,1.0,1.0,1.0,1.4942222222222222e-05,1.09375,0.0,2.0,hard|easy|medium
test,0,4,70,32,0.5318362430043635,37.336114300997,466.49518651999824,0.0008018354419618845,1.0,1.0,1.0,1.0,1.4933333333333335e-05,1.125,0.0,2.0,hard|easy|medium
test,0,4,71,32,0.5325354980013799,37.869241570995655,467.02831379800045,0.0008235771674662828,1.0,1.0,1.0,1.0,1.4924444444444446e-05,0.96875,0.0,2.0,hard|medium|easy
test,0,4,72,32,0.5308244670013664,38.400611149001634,467.5596833480013,0.2075798511505127,0.9333333333333333,0.9375,0.9473684210526316,0.9365079365079365,1.4915555555555556e-05,1.09375,0.0,2.0,easy|hard|medium
test,0,4,73,32,0.5302684049966047,38.931426907998684,468.09049911799957,0.0018815798684954643,1.0,1.0,1.0,1.0,1.4906666666666667e-05,0.90625,0.0,2.0,easy|hard|medium
test,0,4,74,32,0.5316945009981282,39.46368525100115,468.6227574509976,0.018274880945682526,1.0,1.0,1.0,1.0,1.489777777777778e-05,0.90625,0.0,2.0,hard|easy|medium
test,0,4,75,32,0.531341860005341,39.995550970001204,469.1546232249966,0.036386724561452866,0.9736842105263157,0.96875,0.9642857142857143,0.967967967967968,1.488888888888889e-05,1.09375,0.0,2.0,hard|medium|easy
test,0,4,76,32,0.5311445230036043,40.52729898299731,469.6863712139966,0.000745207944419235,1.0,1.0,1.0,1.0,1.4880000000000002e-05,1.1875,0.0,2.0,hard|easy|medium
test,0,4,77,32,0.5319264709978597,41.05969987100252,470.21877212599793,0.0008072683122009039,1.0,1.0,1.0,1.0,1.4871111111111111e-05,0.8125,0.0,2.0,easy|hard|medium
test,0,4,78,32,0.5308317140006693,41.591125622995605,470.7501978250002,0.029069766402244568,0.9642857142857143,0.96875,0.9736842105263157,0.967967967967968,1.4862222222222223e-05,0.9375,0.0,2.0,hard|easy|medium
test,0,4,79,32,0.5307519769994542,42.12234978199558,471.281421984997,0.008626531809568405,1.0,1.0,1.0,1.0,1.4853333333333336e-05,0.84375,0.0,2.0,easy|medium|hard
test,0,4,80,32,0.5318822010012809,42.65481449999788,471.8138867460002,0.0017410622676834464,1.0,1.0,1.0,1.0,1.4844444444444445e-05,0.8125,0.0,2.0,medium|hard|easy
test,0,4,81,32,0.5318303219974041,43.18716198599577,472.3462342329949,0.005362543277442455,1.0,1.0,1.0,1.0,1.4835555555555557e-05,0.96875,0.0,2.0,medium|easy|hard
test,0,4,82,32,0.5308072490006452,43.71854354900279,472.877615753001,0.0007427666569128633,1.0,1.0,1.0,1.0,1.4826666666666666e-05,1.03125,0.0,2.0,easy|hard|medium
test,0,4,83,32,0.5315845780060044,44.25073146900104,473.40980371999467,0.14118802547454834,0.9705882352941176,0.96875,0.96875,0.9687194525904204,1.481777777777778e-05,1.0,0.0,2.0,medium|easy|hard
test,0,4,84,32,0.5314668689970858,44.78279468999972,473.9418671940002,0.15959134697914124,0.96875,0.96875,0.9705882352941176,0.9687194525904204,1.4808888888888891e-05,1.03125,0.0,2.0,hard|medium|easy
test,0,4,85,32,0.5312782700057141,45.31457366299583,474.47364586699405,0.0005930324550718069,1.0,1.0,1.0,1.0,1.48e-05,1.0625,0.0,2.0,easy|medium|hard
test,0,4,86,32,0.5326154630020028,45.84775219199946,475.0068244439972,0.003911097999662161,1.0,1.0,1.0,1.0,1.4791111111111112e-05,1.03125,0.0,2.0,medium|easy|hard
test,0,4,87,32,0.531403519999003,46.37971766899864,475.538789885999,0.13360358774662018,0.9705882352941176,0.96875,0.96875,0.9687194525904204,1.4782222222222225e-05,1.09375,0.0,2.0,medium|hard|easy
test,0,4,88,32,0.5307103030063445,46.910942780996265,476.07001501099876,0.12974293529987335,0.9791666666666667,0.96875,0.9444444444444444,0.9599499374217773,1.4773333333333335e-05,0.84375,0.0,2.0,hard|easy|medium
test,0,4,89,32,0.5317751949987723,47.44323475800047,476.60230697299994,0.0005906574660912156,1.0,1.0,1.0,1.0,1.4764444444444446e-05,0.9375,0.0,2.0,easy|medium|hard
test,0,4,90,32,0.531277914000384,47.97509274299955,477.1341650350005,0.0026659853756427765,1.0,1.0,1.0,1.0,1.4755555555555556e-05,0.6875,0.0,2.0,medium|hard|easy
test,0,4,91,32,0.5311465700069675,48.5068091189969,477.66588133299956,0.06955984979867935,0.9666666666666667,0.96875,0.9722222222222222,0.9684729064039409,1.4746666666666667e-05,1.21875,0.0,2.0,hard|easy|medium
test,0,4,92,32,0.5324282250003307,49.03979747899575,478.19886972699896,0.4855507016181946,0.8928571428571428,0.90625,0.9285714285714286,0.9015384615384616,1.473777777777778e-05,0.96875,0.0,2.0,medium|easy|hard
test,0,4,93,32,0.5310635209971224,49.571456323996244,478.7305285449984,0.0790211409330368,0.9761904761904762,0.96875,0.9583333333333333,0.9660657476139979,1.472888888888889e-05,0.96875,0.0,2.0,hard|easy|medium
test,0,4,94,32,0.5316478419990744,50.103651336998155,479.2627235389955,0.04206979647278786,0.9705882352941176,0.96875,0.96875,0.9687194525904204,1.4720000000000001e-05,1.03125,0.0,2.0,easy|hard|medium
test,0,4,95,32,0.5332755729978089,50.63753128200187,479.79660354500083,0.0007629524916410446,1.0,1.0,1.0,1.0,1.4711111111111111e-05,1.03125,0.0,2.0,easy|medium|hard
test,0,4,96,32,0.531666208000388,51.16981384000246,480.3288860399989,0.0005905472789891064,1.0,1.0,1.0,1.0,1.4702222222222224e-05,1.03125,0.0,2.0,hard|easy|medium
test,0,4,97,32,0.5312692099978449,51.701703892002115,480.86077608999767,0.005174951162189245,1.0,1.0,1.0,1.0,1.4693333333333336e-05,0.8125,0.0,2.0,hard|medium|easy
test,0,4,98,32,0.5320905119951931,52.23433084399585,481.39340304799407,0.0006335547077469528,1.0,1.0,1.0,1.0,1.4684444444444445e-05,0.9375,0.0,2.0,hard|easy|medium
test,0,4,99,32,0.5316937669995241,52.766553923000174,481.9256261919945,0.12398234754800797,0.9705882352941176,0.96875,0.96875,0.9687194525904204,1.4675555555555557e-05,0.90625,0.0,2.0,easy|hard|medium
test,0,4,100,32,0.5316515640006401,53.29879965700093,482.45787186699454,0.0006228841375559568,1.0,1.0,1.0,1.0,1.4666666666666666e-05,1.15625,0.0,2.0,hard|easy|medium
test,0,4,101,32,0.531751948998135,53.83116601299844,482.9902382069995,0.06618992984294891,0.9615384615384616,0.96875,0.975,0.9671794871794872,1.465777777777778e-05,0.9375,0.0,2.0,easy|medium|hard
test,0,4,102,32,0.5320415840033093,54.363751987002615,483.5228241969962,0.0009314021444879472,1.0,1.0,1.0,1.0,1.464888888888889e-05,0.59375,0.0,2.0,easy|hard|medium
test,0,4,103,32,0.5310978199995589,54.89537701199879,484.05444920199807,0.0006585428491234779,1.0,1.0,1.0,1.0,1.464e-05,0.875,0.0,2.0,medium|easy|hard
test,0,4,104,32,0.530137089001073,55.42610974399577,484.5851819390009,0.0004636659286916256,1.0,1.0,1.0,1.0,1.4631111111111112e-05,0.875,0.0,2.0,hard|medium|easy
test,0,4,105,32,0.5325147879993892,55.95913433100213,485.11820656399505,0.0007343211327679455,1.0,1.0,1.0,1.0,1.4622222222222225e-05,1.0625,0.0,2.0,easy|hard|medium
test,0,4,106,32,0.5316032229966368,56.49131184699945,485.6503840439982,0.0008764398517087102,1.0,1.0,1.0,1.0,1.4613333333333335e-05,1.1875,0.0,2.0,hard|medium|easy
test,0,4,107,32,0.5309103279942065,57.02278654700058,486.18185874299525,0.00993762444704771,1.0,1.0,1.0,1.0,1.4604444444444446e-05,0.96875,0.0,2.0,easy|medium|hard
test,0,4,108,32,0.5319255700014764,57.555264648995944,486.7143368440011,0.0006222000811249018,1.0,1.0,1.0,1.0,1.4595555555555556e-05,1.1875,0.0,2.0,hard|medium|easy
test,0,4,109,32,0.530961713004217,58.086856401998375,487.24592859199765,0.0005829951842315495,1.0,1.0,1.0,1.0,1.4586666666666667e-05,0.9375,0.0,2.0,medium|easy|hard
test,0,4,110,32,0.530502212997817,58.617954588997236,487.77702678900096,0.014347334392368793,1.0,1.0,1.0,1.0,1.457777777777778e-05,1.1875,0.0,2.0,hard|medium|easy
test,0,4,111,32,0.5321082770024077,59.15061431399954,488.30968652299634,0.0006622698856517673,1.0,1.0,1.0,1.0,1.456888888888889e-05,1.03125,0.0,2.0,easy|medium|hard
test,0,4,112,32,0.5311369420014671,59.682336240999575,488.841408440996,0.0007250582566484809,1.0,1.0,1.0,1.0,1.4560000000000001e-05,0.84375,0.0,2.0,easy|hard|medium
test,0,4,113,32,0.5304228230015724,60.213312079999014,489.3723843189946,0.2341553419828415,0.9583333333333333,0.96875,0.9761904761904762,0.9660657476139979,1.4551111111111111e-05,0.9375,0.0,2.0,easy|medium|hard
test,0,4,114,32,0.5313921289998689,60.74523330199736,489.90430550900055,0.0004772297106683254,1.0,1.0,1.0,1.0,1.4542222222222224e-05,0.96875,0.0,2.0,easy|hard|medium
test,0,4,115,32,0.5314507410002989,61.277229469000304,490.4363017459982,0.011621486395597458,1.0,1.0,1.0,1.0,1.4533333333333335e-05,1.09375,0.0,2.0,easy|hard|medium
test,0,4,116,32,0.530868385998474,61.80868806599756,490.9677603059972,0.17216050624847412,0.9705882352941176,0.96875,0.96875,0.9687194525904204,1.4524444444444445e-05,0.90625,0.0,2.0,medium|easy|hard
test,0,4,117,32,0.5327276840034756,62.341908886002784,491.50098108100065,0.0022382503375411034,1.0,1.0,1.0,1.0,1.4515555555555556e-05,0.8125,0.0,2.0,hard|medium|easy
test,0,4,118,32,0.5317579230031697,62.87422551099735,492.0332977279977,0.1497724950313568,0.96875,0.96875,0.9705882352941176,0.9687194525904204,1.450666666666667e-05,1.0,0.0,2.0,easy|hard|medium
test,0,4,119,32,0.5305450509986258,63.40535979899869,492.5644319999992,0.0010820410680025816,1.0,1.0,1.0,1.0,1.449777777777778e-05,1.15625,0.0,2.0,hard|medium|easy
test,0,4,120,32,0.5317843220036593,63.93769366299966,493.09676591799507,0.0015589214162901044,1.0,1.0,1.0,1.0,1.448888888888889e-05,0.75,0.0,2.0,easy|medium|hard
test,0,4,121,32,0.5315479420023621,64.4697979229968,493.6288701499943,0.49654099345207214,0.875,0.90625,0.9347826086956521,0.893687707641196,1.448e-05,1.03125,0.0,2.0,hard|medium|easy
test,0,4,122,32,0.5310515670062159,65.00140177599678,494.1604740399998,0.0032242033630609512,1.0,1.0,1.0,1.0,1.4471111111111112e-05,1.03125,0.0,2.0,hard|medium|easy
test,0,4,123,32,0.5321850090040243,65.53409714400186,494.6931693999941,0.00211272737942636,1.0,1.0,1.0,1.0,1.4462222222222225e-05,1.0625,0.0,2.0,hard|easy|medium
test,0,4,124,32,0.5313200460004737,66.06594348199724,495.2250156749942,0.0018448285991325974,1.0,1.0,1.0,1.0,1.4453333333333334e-05,1.25,0.0,2.0,easy|medium|hard
test,0,4,125,32,0.5310845689964481,66.59758285599673,495.75665505899815,0.0029615801759064198,1.0,1.0,1.0,1.0,1.4444444444444446e-05,0.90625,0.0,2.0,easy|medium|hard
test,0,4,126,32,0.5317004419994191,67.12978472100076,496.2888569200004,0.0016739063430577517,1.0,1.0,1.0,1.0,1.4435555555555556e-05,1.25,0.0,2.0,medium|hard|easy
test,0,4,127,32,0.5316632180038141,67.66200167399802,496.8210738919952,0.16183847188949585,0.9444444444444444,0.9375,0.9375,0.9372549019607843,1.4426666666666669e-05,1.03125,0.0,2.0,medium|hard|easy
test,0,4,128,32,0.5311106499939342,68.19367580299877,497.3527479999975,0.001288709812797606,1.0,1.0,1.0,1.0,1.441777777777778e-05,1.125,0.0,2.0,hard|medium|easy
test,0,4,129,32,0.5320654819952324,68.72623322899744,497.8853054899955,0.002105124294757843,1.0,1.0,1.0,1.0,1.440888888888889e-05,1.0,0.0,2.0,hard|easy|medium
test,0,4,130,32,0.5323557599986088,69.25917382400075,498.4182460669981,0.16245897114276886,0.9642857142857143,0.96875,0.9736842105263157,0.967967967967968,1.4400000000000001e-05,0.90625,0.0,2.0,easy|medium|hard
test,0,4,131,32,0.5309474469977431,69.7906751959963,498.9497473969968,0.0030900202691555023,1.0,1.0,1.0,1.0,1.439111111111111e-05,1.0,0.0,2.0,easy|hard|medium
test,0,4,132,32,0.5304239480028627,70.32162592199893,499.48069814599876,0.002445039339363575,1.0,1.0,1.0,1.0,1.4382222222222224e-05,0.90625,0.0,2.0,medium|easy|hard
test,0,4,133,32,0.5326439380005468,70.85481577899918,500.013887987996,0.0020553385838866234,1.0,1.0,1.0,1.0,1.4373333333333335e-05,1.28125,0.0,2.0,hard|medium|easy
test,0,4,134,32,0.5309105190026457,71.38632535500074,500.5453975579949,0.0030775435734540224,1.0,1.0,1.0,1.0,1.4364444444444445e-05,0.9375,0.0,2.0,medium|easy|hard
test,0,4,135,32,0.5313509059997159,71.91823138300242,501.07730363799783,0.0014579236740246415,1.0,1.0,1.0,1.0,1.4355555555555556e-05,1.125,0.0,2.0,easy|medium|hard
test,0,4,136,32,0.5312028920016019,72.4500155450005,501.6090877530005,0.023082906380295753,1.0,1.0,1.0,1.0,1.434666666666667e-05,0.90625,0.0,2.0,easy|hard|medium
test,0,4,137,32,0.5312608749954961,72.9818161660005,502.14088836199517,0.00317987147718668,1.0,1.0,1.0,1.0,1.4337777777777779e-05,0.75,0.0,2.0,easy|hard|medium
test,0,4,138,32,0.5307959799974924,73.51310216799902,502.6721744489987,0.0012048560893163085,1.0,1.0,1.0,1.0,1.432888888888889e-05,0.75,0.0,2.0,hard|medium|easy
test,0,4,139,32,0.5321587809958146,74.04583772300248,503.20491019199835,0.0022486736997962,1.0,1.0,1.0,1.0,1.432e-05,0.96875,0.0,2.0,hard|easy|medium
test,0,4,140,32,0.5314383919976535,74.5778732089966,503.7369454180007,0.0010034849401563406,1.0,1.0,1.0,1.0,1.4311111111111111e-05,0.96875,0.0,2.0,easy|hard|medium
test,0,4,141,32,0.531166763001238,75.10958976999973,504.2686620089953,0.003177790902554989,1.0,1.0,1.0,1.0,1.4302222222222225e-05,1.125,0.0,2.0,easy|medium|hard
test,0,4,142,32,0.5318627970045782,75.64205336500163,504.80112556699896,0.0017115791561082006,1.0,1.0,1.0,1.0,1.4293333333333334e-05,1.09375,0.0,2.0,hard|easy|medium
test,0,4,143,32,0.5317105669964803,76.17430628900183,505.33337855900027,0.0029279086738824844,1.0,1.0,1.0,1.0,1.4284444444444446e-05,0.90625,0.0,2.0,medium|easy|hard
test,0,4,144,32,0.530904218001524,76.70584381099616,505.8649160579953,0.0010652971686795354,1.0,1.0,1.0,1.0,1.4275555555555555e-05,1.03125,0.0,2.0,easy|medium|hard
test,0,4,145,32,0.5348042129990063,77.24117959499563,506.40025189099833,0.1497727930545807,0.9642857142857143,0.96875,0.9736842105263157,0.967967967967968,1.4266666666666668e-05,1.03125,0.0,2.0,hard|easy|medium
test,0,4,146,32,0.5323238339988166,77.77448162400106,506.93355383399467,0.0009152215789072216,1.0,1.0,1.0,1.0,1.425777777777778e-05,0.8125,0.0,2.0,hard|easy|medium
test,0,4,147,32,0.5314657359995181,78.30653702499694,507.46560922599747,0.000910048431251198,1.0,1.0,1.0,1.0,1.424888888888889e-05,0.96875,0.0,2.0,easy|medium|hard
test,0,4,148,32,0.5320442520023789,78.83917572799692,507.99824797600013,0.0016837767325341702,1.0,1.0,1.0,1.0,1.4240000000000001e-05,0.90625,0.0,2.0,hard|easy|medium
test,0,4,149,32,0.5319244170023012,79.37162520000129,508.5306974119958,0.0010376174468547106,1.0,1.0,1.0,1.0,1.4231111111111114e-05,1.0625,0.0,2.0,medium|easy|hard
test,0,4,150,32,0.5306814520008629,79.90284913300275,509.06192138299957,0.0010250406339764595,1.0,1.0,1.0,1.0,1.4222222222222224e-05,1.0,0.0,2.0,medium|easy|hard
test,0,4,151,32,0.5321660670015262,80.43559928399918,509.59467147800024,0.0007154385675676167,1.0,1.0,1.0,1.0,1.4213333333333335e-05,0.84375,0.0,2.0,easy|medium|hard
test,0,4,152,32,0.5321354389961925,80.96827676399698,510.12734898199415,0.0007428445387631655,1.0,1.0,1.0,1.0,1.4204444444444445e-05,1.25,0.0,2.0,medium|easy|hard
test,0,4,153,32,0.5312010550042032,81.5000403640006,510.65911262799636,0.0007137777865864336,1.0,1.0,1.0,1.0,1.4195555555555556e-05,1.1875,0.0,2.0,medium|hard|easy
test,0,4,154,32,0.5320369670007494,82.03266256499774,511.19173477399454,0.0007813910488039255,1.0,1.0,1.0,1.0,1.418666666666667e-05,1.03125,0.0,2.0,medium|hard|easy
test,0,4,155,32,0.5314155070009292,82.56467715399776,511.72374936699634,0.0005675049033015966,1.0,1.0,1.0,1.0,1.4177777777777779e-05,1.0,0.0,2.0,medium|easy|hard
test,0,4,156,32,0.5308088309975574,83.09605421000015,512.2551264569993,0.003918846137821674,1.0,1.0,1.0,1.0,1.416888888888889e-05,0.875,0.0,2.0,hard|medium|easy
test,0,4,157,32,0.5326211810024688,83.62922231000266,512.788294512,0.0006875583785586059,1.0,1.0,1.0,1.0,1.416e-05,0.84375,0.0,2.0,medium|easy|hard
test,0,4,158,32,0.5314223110035527,84.16122553299647,513.3202981419963,0.0006438010605052114,1.0,1.0,1.0,1.0,1.4151111111111113e-05,1.0625,0.0,2.0,medium|easy|hard
test,0,4,159,32,0.5321226029991522,84.69395767300011,513.8530298729966,0.0009566735825501382,1.0,1.0,1.0,1.0,1.4142222222222224e-05,1.1875,0.0,2.0,medium|hard|easy
test,0,4,160,32,0.5318474310042802,85.22635181900114,514.3854241609952,0.008268498815596104,1.0,1.0,1.0,1.0,1.4133333333333334e-05,0.84375,0.0,2.0,easy|hard|medium
test,0,4,161,32,0.5315172209957382,85.75850455099862,514.9175768179994,0.0007264814339578152,1.0,1.0,1.0,1.0,1.4124444444444445e-05,0.875,0.0,2.0,hard|easy|medium
test,0,4,162,32,0.5312907630068366,86.29040404000261,515.4494762749964,0.0004735245311167091,1.0,1.0,1.0,1.0,1.4115555555555555e-05,0.78125,0.0,2.0,easy|medium|hard
test,0,4,163,32,0.5321498359990073,86.82314815399877,515.9822204109951,0.0010406691581010818,1.0,1.0,1.0,1.0,1.4106666666666668e-05,1.125,0.0,2.0,hard|medium|easy
test,0,4,164,32,0.5320134900030098,87.35578511499625,516.5148573449987,0.0005562187870964408,1.0,1.0,1.0,1.0,1.409777777777778e-05,0.96875,0.0,2.0,hard|medium|easy
test,0,4,165,32,0.5316700100011076,87.88803380900208,517.0471060759955,0.0005262367194518447,1.0,1.0,1.0,1.0,1.408888888888889e-05,1.0625,0.0,2.0,hard|easy|medium
test,0,4,166,32,0.5315922049994697,88.42008247999911,517.5791547420013,0.005254593212157488,1.0,1.0,1.0,1.0,1.408e-05,0.75,0.0,2.0,easy|medium|hard
test,0,4,167,32,0.5323894589964766,88.95303281700035,518.1121050319998,0.0003941433096770197,1.0,1.0,1.0,1.0,1.4071111111111114e-05,1.0,0.0,2.0,hard|easy|medium
test,0,4,168,32,0.5308853780006757,89.48448033900058,518.6435525470006,0.0010264527518302202,1.0,1.0,1.0,1.0,1.4062222222222223e-05,1.03125,0.0,2.0,easy|hard|medium
test,0,4,169,32,0.5304244529979769,90.01544638400082,519.1745186499975,0.2327466756105423,0.9642857142857143,0.96875,0.9736842105263157,0.967967967967968,1.4053333333333335e-05,1.03125,0.0,2.0,medium|hard|easy
test,0,4,170,32,0.5316613110044273,90.5476831010019,519.706755358995,0.0005861477693542838,1.0,1.0,1.0,1.0,1.4044444444444445e-05,1.1875,0.0,2.0,hard|easy|medium
test,0,4,171,32,0.5314376890019048,91.0796553120017,520.2387275739966,0.0019906607922166586,1.0,1.0,1.0,1.0,1.4035555555555556e-05,1.21875,0.0,2.0,hard|medium|easy
test,0,4,172,32,0.5311634559984668,91.61135381300119,520.7704260569953,0.06313487142324448,0.9545454545454546,0.96875,0.9772727272727273,0.964562569213732,1.4026666666666669e-05,1.21875,0.0,2.0,easy|medium|hard
test,0,4,173,32,0.5323400609995588,92.1442185679989,521.3032908389941,0.0006297514773905277,1.0,1.0,1.0,1.0,1.4017777777777779e-05,1.03125,0.0,2.0,easy|hard|medium
test,0,4,174,32,0.5306355319989962,92.67546034899715,521.8345325449991,0.0007822379120625556,1.0,1.0,1.0,1.0,1.400888888888889e-05,0.9375,0.0,2.0,medium|easy|hard
test,0,4,175,32,0.5310627579965512,93.2070453119959,522.3661175629968,0.0010722879087552428,1.0,1.0,1.0,1.0,1.4e-05,0.9375,0.0,2.0,easy|medium|hard
test,0,4,176,32,0.532313736002834,93.73992570099654,522.8989981599952,0.0012379682157188654,1.0,1.0,1.0,1.0,1.3991111111111113e-05,0.90625,0.0,2.0,medium|easy|hard
test,0,4,177,32,0.5320075560011901,94.27246824099711,523.431540439,0.0023597129620611668,1.0,1.0,1.0,1.0,1.3982222222222224e-05,1.03125,0.0,2.0,easy|hard|medium
test,0,4,178,32,0.5304621239993139,94.8035247509979,523.9625969619956,0.11721053719520569,0.9615384615384616,0.96875,0.975,0.9671794871794872,1.3973333333333334e-05,1.1875,0.0,2.0,medium|hard|easy
test,0,4,179,32,0.5324042400025064,95.33651969199855,524.4955919589993,0.0010720264399424195,1.0,1.0,1.0,1.0,1.3964444444444445e-05,0.59375,0.0,2.0,medium|easy|hard
test,0,4,180,32,0.5318970649968833,95.86889023399999,525.0279625080002,0.052189845591783524,0.9583333333333333,0.96875,0.9761904761904762,0.9660657476139979,1.3955555555555558e-05,1.3125,0.0,2.0,medium|hard|easy
test,0,4,181,32,0.5308064530036063,96.40024206999806,525.5593146179963,0.0011572669027373195,1.0,1.0,1.0,1.0,1.3946666666666668e-05,1.125,0.0,2.0,hard|medium|easy
test,0,4,182,32,0.532337146003556,96.9330572789986,526.0921295509979,0.0011604533065110445,1.0,1.0,1.0,1.0,1.393777777777778e-05,1.09375,0.0,2.0,medium|easy|hard
test,0,4,183,32,0.5314502879991778,97.46510298599605,526.6241751899943,0.0014940948458388448,1.0,1.0,1.0,1.0,1.392888888888889e-05,1.03125,0.0,2.0,easy|medium|hard
test,0,4,184,32,0.5305196170011186,97.99620431399671,527.1552768900001,0.0013242692220956087,1.0,1.0,1.0,1.0,1.392e-05,1.125,0.0,2.0,hard|medium|easy
test,0,4,185,32,0.5321424719950301,98.52890051299619,527.6879730629953,0.36611366271972656,0.9372549019607843,0.9375,0.9372549019607843,0.9372549019607843,1.3911111111111114e-05,1.28125,0.0,2.0,easy|medium|hard
test,0,4,186,32,0.5317535960057285,99.06116076299804,528.2202329739957,0.001015320885926485,1.0,1.0,1.0,1.0,1.3902222222222223e-05,0.96875,0.0,2.0,easy|hard|medium
test,0,4,187,32,0.5305142750003142,99.5923021109993,528.7513743269956,0.0694408118724823,0.9705882352941176,0.96875,0.96875,0.9687194525904204,1.3893333333333335e-05,1.125,0.0,2.0,medium|hard|easy
test,0,4,188,32,0.5325941580013023,100.12543716099754,529.2845094379954,0.15517091751098633,0.975,0.96875,0.9615384615384616,0.9671794871794872,1.3884444444444444e-05,1.28125,0.0,2.0,hard|easy|medium
test,0,4,189,32,0.5313402690007933,100.65737622699817,529.8164484439985,0.2111358344554901,0.96875,0.96875,0.9705882352941176,0.9687194525904204,1.3875555555555557e-05,1.09375,0.0,2.0,easy|medium|hard
test,0,4,190,32,0.5305910890019732,101.18850305299566,530.3475752779996,0.002174700377508998,1.0,1.0,1.0,1.0,1.3866666666666669e-05,1.1875,0.0,2.0,medium|hard|easy
test,0,4,191,32,0.5318501990041113,101.7209771179987,530.8800493390008,0.32124391198158264,0.9473684210526316,0.9375,0.9333333333333333,0.9365079365079365,1.3857777777777779e-05,0.875,0.0,2.0,hard|medium|easy
test,0,4,192,32,0.531368741998449,102.25287991399819,531.411952126,0.0039758263155817986,1.0,1.0,1.0,1.0,1.384888888888889e-05,1.28125,0.0,2.0,hard|easy|medium
test,0,4,193,32,0.5308545169973513,102.78437488400232,531.9434471579953,0.001501214224845171,1.0,1.0,1.0,1.0,1.384e-05,0.71875,0.0,2.0,easy|hard|medium
test,0,4,194,32,0.532623726001475,103.3175929909994,532.4766652170001,0.0009103831253014505,1.0,1.0,1.0,1.0,1.3831111111111113e-05,0.875,0.0,2.0,hard|easy|medium
test,0,4,195,32,0.5327986120028072,103.85098922500038,533.0100614569965,0.0008433621842414141,1.0,1.0,1.0,1.0,1.3822222222222224e-05,0.90625,0.0,2.0,easy|hard|medium
test,0,4,196,32,0.5311254120024387,104.38266204600222,533.5417345559981,0.0011298845056444407,1.0,1.0,1.0,1.0,1.3813333333333334e-05,0.90625,0.0,2.0,medium|easy|hard
test,0,4,197,32,0.5314183689988567,104.9146220219991,534.0736942500007,0.001303389435634017,1.0,1.0,1.0,1.0,1.3804444444444445e-05,0.78125,0.0,2.0,easy|medium|hard
test,0,4,198,32,0.531725667999126,105.44691872099793,534.6059909510004,0.0011610842775553465,1.0,1.0,1.0,1.0,1.3795555555555558e-05,0.90625,0.0,2.0,hard|medium|easy
test,0,4,199,32,0.531374151003547,105.97881252499792,535.1378847679953,0.3141475319862366,0.9583333333333333,0.9375,0.9,0.9227053140096618,1.3786666666666668e-05,1.03125,0.0,2.0,hard|medium|easy
test,0,4,200,32,0.5305318190003163,106.5098233259996,535.668895529001,0.030159972608089447,0.95,0.96875,0.9782608695652174,0.9625730994152046,1.377777777777778e-05,1.15625,0.0,2.0,hard|medium|easy
test,0,4,201,32,0.5319155710021732,107.04225489900273,536.2013271190008,0.08743535727262497,0.9705882352941176,0.96875,0.96875,0.9687194525904204,1.3768888888888889e-05,1.21875,0.0,2.0,easy|hard|medium
test,0,4,202,32,0.5311231079977006,107.57397153000056,536.7330437339988,0.00115546106826514,1.0,1.0,1.0,1.0,1.376e-05,1.09375,0.0,2.0,easy|hard|medium
test,0,4,203,32,0.5307977330012363,108.10532659699675,537.264398790001,0.0010444490471854806,1.0,1.0,1.0,1.0,1.3751111111111113e-05,0.8125,0.0,2.0,medium|easy|hard
test,0,4,204,32,0.5316332250004052,108.63755727299576,537.7966294789949,0.0011647416977211833,1.0,1.0,1.0,1.0,1.3742222222222223e-05,0.96875,0.0,2.0,easy|medium|hard
test,0,4,205,32,0.5314817920007044,109.16960187299992,538.3286741310003,0.0012015867978334427,1.0,1.0,1.0,1.0,1.3733333333333335e-05,1.0,0.0,2.0,medium|hard|easy
test,0,4,206,32,0.5308957759989426,109.70108299099957,538.8601552089967,0.000843463116325438,1.0,1.0,1.0,1.0,1.3724444444444444e-05,1.09375,0.0,2.0,easy|medium|hard
test,0,4,207,32,0.5315241170028457,110.23305953200179,539.3921317399945,0.0011149188503623009,1.0,1.0,1.0,1.0,1.3715555555555557e-05,0.96875,0.0,2.0,hard|easy|medium
test,0,4,208,32,0.5316667320003035,110.76521056400088,539.9242827779963,0.0009613009751774371,1.0,1.0,1.0,1.0,1.3706666666666669e-05,1.09375,0.0,2.0,medium|hard|easy
test,0,4,209,32,0.5310485989975859,111.29670763499598,540.455779842996,0.0008882038528099656,1.0,1.0,1.0,1.0,1.3697777777777778e-05,0.875,0.0,2.0,easy|hard|medium
test,0,4,210,32,0.531901119997201,111.8291661139956,540.9882383119984,0.0026131095364689827,1.0,1.0,1.0,1.0,1.368888888888889e-05,1.09375,0.0,2.0,medium|easy|hard
test,0,4,211,32,0.5311491009997553,112.36079093599983,541.519863124995,0.0009877535048872232,1.0,1.0,1.0,1.0,1.3680000000000003e-05,1.03125,0.0,2.0,hard|medium|easy
test,0,4,212,32,0.5308287919979193,112.89209326399578,542.0511655849987,0.0010269992053508759,1.0,1.0,1.0,1.0,1.3671111111111113e-05,1.0,0.0,2.0,easy|medium|hard
test,0,4,213,32,0.5327861710029538,113.425459029997,542.584531278997,0.0027684636879712343,1.0,1.0,1.0,1.0,1.3662222222222224e-05,0.71875,0.0,2.0,easy|hard|medium
test,0,4,214,32,0.5311195059985039,113.95713643600175,543.1162086959957,0.0013703345321118832,1.0,1.0,1.0,1.0,1.3653333333333334e-05,1.125,0.0,2.0,hard|easy|medium
test,0,4,215,32,0.5304701919958461,114.48817190399859,543.6472441689984,0.0009951856918632984,1.0,1.0,1.0,1.0,1.3644444444444445e-05,1.15625,0.0,2.0,hard|easy|medium
test,0,4,216,32,0.5320877769991057,115.02079509699979,544.1798673480007,0.0015067507047206163,1.0,1.0,1.0,1.0,1.3635555555555558e-05,0.78125,0.0,2.0,easy|hard|medium
test,0,4,217,32,0.5314127699966775,115.55275043499569,544.7118226419989,0.15499421954154968,0.9375,0.9375,0.9444444444444444,0.9372549019607843,1.3626666666666668e-05,1.1875,0.0,2.0,hard|medium|easy
test,0,4,218,32,0.5314669740037061,116.08473116400273,545.2438033809958,0.0010396363213658333,1.0,1.0,1.0,1.0,1.361777777777778e-05,0.8125,0.0,2.0,easy|medium|hard
test,0,4,219,32,0.5320912229944952,116.61730214099953,545.7763744080003,0.03877519443631172,0.9782608695652174,0.96875,0.95,0.9625730994152046,1.3608888888888889e-05,0.78125,0.0,2.0,easy|hard|medium
test,0,4,220,32,0.5308647979982197,117.14874368500023,546.3078159309953,0.0015623369254171848,1.0,1.0,1.0,1.0,1.3600000000000002e-05,1.09375,0.0,2.0,medium|hard|easy
test,0,4,221,32,0.5314743400012958,117.68077258799894,546.8398448429944,0.0007659064722247422,1.0,1.0,1.0,1.0,1.3591111111111113e-05,1.28125,0.0,2.0,medium|hard|easy
test,0,4,222,32,0.5320236139959889,118.21337015400059,547.3724424109969,0.0007311757653951645,1.0,1.0,1.0,1.0,1.3582222222222223e-05,1.125,0.0,2.0,hard|medium|easy
test,0,4,223,32,0.5325280910037691,118.74639910100086,547.9054713139994,0.0007925308891572058,1.0,1.0,1.0,1.0,1.3573333333333334e-05,0.90625,0.0,2.0,medium|hard|easy
test,0,4,224,32,0.5312086179983453,119.27815961700253,548.4372318009991,0.0008101345738396049,1.0,1.0,1.0,1.0,1.3564444444444444e-05,0.9375,0.0,2.0,hard|easy|medium
test,0,4,225,32,0.531386011003633,119.81021847199736,548.9692906759956,0.0005432865582406521,1.0,1.0,1.0,1.0,1.3555555555555557e-05,0.90625,0.0,2.0,medium|hard|easy
test,0,4,226,32,0.5326856180035975,120.34342576999916,549.5024979749942,0.2434632033109665,0.9411764705882353,0.9375,0.9411764705882353,0.9375,1.3546666666666669e-05,1.1875,0.0,2.0,hard|easy|medium
test,0,4,227,32,0.5314816890022485,120.87550475700118,550.0345772699948,0.006008945405483246,1.0,1.0,1.0,1.0,1.3537777777777778e-05,1.25,0.0,2.0,easy|medium|hard
test,0,4,228,32,0.5297732360049849,121.40586156200152,550.5649337579962,0.0007212748751044273,1.0,1.0,1.0,1.0,1.352888888888889e-05,1.15625,0.0,2.0,easy|medium|hard
test,0,4,229,32,0.5320572389973677,121.9384578829995,551.0975301500002,0.0006085901404730976,1.0,1.0,1.0,1.0,1.3520000000000003e-05,1.09375,0.0,2.0,medium|easy|hard
test,0,4,230,32,0.5315362309993361,122.4705607989963,551.6296330019977,0.2423631250858307,0.9545454545454546,0.96875,0.9772727272727273,0.964562569213732,1.3511111111111112e-05,1.0625,0.0,2.0,medium|hard|easy
test,0,4,231,32,0.5315993299955153,123.00268280599994,552.1617550089941,0.0008789633284322917,1.0,1.0,1.0,1.0,1.3502222222222224e-05,1.125,0.0,2.0,medium|hard|easy
test,0,4,232,32,0.5314056600036565,123.53467467599694,552.6937469499971,0.0004910685820505023,1.0,1.0,1.0,1.0,1.3493333333333333e-05,0.96875,0.0,2.0,hard|easy|medium
test,0,4,233,32,0.5304635150023387,124.06570123200072,553.2247734249977,0.0007966916891746223,1.0,1.0,1.0,1.0,1.3484444444444445e-05,0.8125,0.0,2.0,easy|medium|hard
test,0,4,234,32,0.530721948001883,124.59696437099774,553.7560365819954,0.0004676795797422528,1.0,1.0,1.0,1.0,1.3475555555555558e-05,1.15625,0.0,2.0,medium|hard|easy
test,0,4,235,32,0.5314363130019046,125.1289511970026,554.2880233999967,0.0011949434410780668,1.0,1.0,1.0,1.0,1.3466666666666668e-05,1.03125,0.0,2.0,medium|hard|easy
test,0,4,236,32,0.5318658060059533,125.66131347999908,554.8203856709952,0.0006434674141928554,1.0,1.0,1.0,1.0,1.3457777777777779e-05,0.75,0.0,2.0,medium|easy|hard
test,0,4,237,32,0.5306047299964121,126.19252422000136,555.3515963999962,0.0008002438698895276,1.0,1.0,1.0,1.0,1.3448888888888889e-05,0.96875,0.0,2.0,easy|medium|hard
test,0,4,238,32,0.5313954260054743,126.72450971700164,555.8835819809974,0.0004330197989474982,1.0,1.0,1.0,1.0,1.3440000000000002e-05,1.15625,0.0,2.0,hard|easy|medium
test,0,4,239,32,0.5317567090023658,127.25683918900177,556.4159114200011,0.0004901320789940655,1.0,1.0,1.0,1.0,1.3431111111111113e-05,1.0,0.0,2.0,hard|easy|medium
test,0,4,240,32,0.530580214006477,127.78797338299773,556.9470456389972,0.005861716344952583,1.0,1.0,1.0,1.0,1.3422222222222223e-05,0.96875,0.0,2.0,easy|hard|medium
test,0,4,241,32,0.5319010189996334,128.3204448300021,557.4795170289945,0.20815780758857727,0.9705882352941176,0.96875,0.96875,0.9687194525904204,1.3413333333333334e-05,0.84375,0.0,2.0,medium|easy|hard
test,0,4,242,32,0.5310555729956832,128.85206614799972,558.011138490001,0.0005245874635875225,1.0,1.0,1.0,1.0,1.3404444444444447e-05,0.9375,0.0,2.0,easy|hard|medium
test,0,4,243,32,0.5301578039943706,129.38276022599894,558.5418324779966,0.0005329393316060305,1.0,1.0,1.0,1.0,1.3395555555555557e-05,0.75,0.0,2.0,easy|hard|medium
test,0,4,244,32,0.5323845099992468,129.91569407600036,559.0747663169968,0.0006460316944867373,1.0,1.0,1.0,1.0,1.3386666666666668e-05,0.65625,0.0,2.0,easy|hard|medium
test,0,4,245,32,0.5313311849968159,130.4476310300015,559.6067032279971,0.0004922090447507799,1.0,1.0,1.0,1.0,1.3377777777777778e-05,0.96875,0.0,2.0,medium|easy|hard
test,0,4,246,32,0.5314574730000459,130.9796273230022,560.138699571995,0.00048416253412142396,1.0,1.0,1.0,1.0,1.336888888888889e-05,0.96875,0.0,2.0,hard|medium|easy
test,0,4,247,32,0.5318353050024598,131.51223656899674,560.6713088199976,0.0004958163481205702,1.0,1.0,1.0,1.0,1.3360000000000003e-05,0.96875,0.0,2.0,medium|hard|easy
test,0,4,248,32,0.5311251000021002,132.04380132799997,561.2028736249995,0.002077219309285283,1.0,1.0,1.0,1.0,1.3351111111111112e-05,0.84375,0.0,2.0,hard|medium|easy
test,0,4,249,32,0.5307249149991549,132.57504468700063,561.7341172129964,0.0007315693073906004,1.0,1.0,1.0,1.0,1.3342222222222224e-05,0.84375,0.0,2.0,medium|hard|easy
test,0,4,250,32,0.531877399997029,133.1073588040017,562.2664310679975,0.0005088501493446529,1.0,1.0,1.0,1.0,1.3333333333333333e-05,1.25,0.0,2.0,easy|medium|hard
test,0,5,1,32,0.5342010589956772,0.621451936000085,572.7762028009965,0.0004425286897458136,1.0,1.0,1.0,1.0,1.3324444444444446e-05,0.9375,0.0,2.0,medium|hard|easy
test,0,5,2,32,0.5314363560028141,1.1536597679951228,573.3084071779958,0.002394466195255518,1.0,1.0,1.0,1.0,1.3315555555555558e-05,1.0,0.0,2.0,easy|medium|hard
test,0,5,3,32,0.5305492670013336,1.6848014209972462,573.8395488739989,0.0005648416699841619,1.0,1.0,1.0,1.0,1.3306666666666667e-05,0.84375,0.0,2.0,hard|easy|medium
test,0,5,4,32,0.531984569002816,2.217348450998543,574.3720959130005,0.025320690125226974,0.9583333333333333,0.96875,0.9761904761904762,0.9660657476139979,1.3297777777777779e-05,1.125,0.0,2.0,medium|easy|hard
test,0,5,5,32,0.5314206719995127,2.7492397949972656,574.903987245998,0.00044713166425935924,1.0,1.0,1.0,1.0,1.3288888888888889e-05,1.125,0.0,2.0,hard|easy|medium
test,0,5,6,32,0.5315130169983604,3.2812657249960466,575.436013434999,0.0004285748000256717,1.0,1.0,1.0,1.0,1.3280000000000002e-05,1.09375,0.0,2.0,medium|easy|hard
test,0,5,7,32,0.532176533000893,3.81404058499902,575.9687880249985,0.18841761350631714,0.9705882352941176,0.96875,0.96875,0.9687194525904204,1.3271111111111113e-05,1.0625,0.0,2.0,hard|easy|medium
test,0,5,8,32,0.5315807160004624,4.346231176998117,576.5009786320006,0.0004397094016894698,1.0,1.0,1.0,1.0,1.3262222222222223e-05,1.03125,0.0,2.0,easy|hard|medium
test,0,5,9,32,0.531312428000092,4.878138376996503,577.0328857749992,0.00043772137723863125,1.0,1.0,1.0,1.0,1.3253333333333334e-05,0.9375,0.0,2.0,medium|hard|easy
test,0,5,10,32,0.5323169969997252,5.411060063997866,577.5658074699968,0.0006184058147482574,1.0,1.0,1.0,1.0,1.3244444444444447e-05,1.1875,0.0,2.0,hard|medium|easy
test,0,5,11,32,0.5312059819989372,5.942769834997307,578.0975172719991,0.0018969041993841529,1.0,1.0,1.0,1.0,1.3235555555555557e-05,1.125,0.0,2.0,easy|hard|medium
test,0,5,12,32,0.5312818189995596,6.474682063999353,578.6294295049956,0.00045019484241493046,1.0,1.0,1.0,1.0,1.3226666666666668e-05,1.375,0.0,2.0,easy|medium|hard
test,0,5,13,32,0.5321489159978228,7.007376898996881,579.1621243669942,0.0003587717073969543,1.0,1.0,1.0,1.0,1.3217777777777778e-05,1.0625,0.0,2.0,hard|medium|easy
test,0,5,14,32,0.5317405550013063,7.539640958995733,579.694388347998,0.0003419040294829756,1.0,1.0,1.0,1.0,1.320888888888889e-05,0.96875,0.0,2.0,medium|easy|hard
test,0,5,15,32,0.5313079850020586,8.071501271995658,580.2262487539992,0.0010897326283156872,1.0,1.0,1.0,1.0,1.3200000000000002e-05,0.84375,0.0,2.0,easy|medium|hard
test,0,5,16,32,0.5304300139978295,8.602407345999382,580.757154754996,0.0004381722828838974,1.0,1.0,1.0,1.0,1.3191111111111112e-05,1.03125,0.0,2.0,medium|easy|hard
test,0,5,17,32,0.5315671399948769,9.134536719997413,581.2892841749999,0.0004986704443581402,1.0,1.0,1.0,1.0,1.3182222222222223e-05,0.875,0.0,2.0,medium|hard|easy
test,0,5,18,32,0.5311791849962901,9.66629034899961,581.8210377930009,0.0003386311582289636,1.0,1.0,1.0,1.0,1.3173333333333333e-05,0.9375,0.0,2.0,hard|easy|medium
test,0,5,19,32,0.5312510619987734,10.19809818000067,582.3528456599961,0.0003815309901256114,1.0,1.0,1.0,1.0,1.3164444444444446e-05,0.75,0.0,2.0,medium|easy|hard
test,0,5,20,32,0.531663663998188,10.730332248997001,582.8850796919942,0.0005270092515274882,1.0,1.0,1.0,1.0,1.3155555555555558e-05,0.78125,0.0,2.0,easy|hard|medium
test,0,5,21,32,0.5308510279937764,11.261760556997615,583.416508014001,0.00047649675980210304,1.0,1.0,1.0,1.0,1.3146666666666667e-05,1.09375,0.0,2.0,hard|easy|medium
test,0,5,22,32,0.5304931220016442,11.792779827999766,583.9475272529962,0.0003857977862935513,1.0,1.0,1.0,1.0,1.3137777777777779e-05,1.09375,0.0,2.0,easy|hard|medium
test,0,5,23,32,0.5320233879974694,12.325378146997537,584.4801256479986,0.17827679216861725,0.9736842105263157,0.96875,0.9642857142857143,0.967967967967968,1.3128888888888892e-05,1.28125,0.0,2.0,medium|easy|hard
test,0,5,24,32,0.5317964360001497,12.857828293999773,585.0125760469964,0.0003439464489929378,1.0,1.0,1.0,1.0,1.3120000000000001e-05,1.09375,0.0,2.0,medium|hard|easy
test,0,5,25,32,0.5308171510041575,13.389224799997464,585.5439722509982,0.0003069397062063217,1.0,1.0,1.0,1.0,1.3111111111111113e-05,1.125,0.0,2.0,hard|easy|medium
test,0,5,26,32,0.5324360730010085,13.92222542699892,586.0769728829982,0.017009679228067398,1.0,1.0,1.0,1.0,1.3102222222222223e-05,1.0625,0.0,2.0,hard|easy|medium
test,0,5,27,32,0.5314159490008024,14.454201788001228,586.6089491969979,0.0003470649535302073,1.0,1.0,1.0,1.0,1.3093333333333334e-05,0.96875,0.0,2.0,medium|easy|hard
test,0,5,28,32,0.5308712469995953,14.985599163999723,587.1403466150005,0.00032799667678773403,1.0,1.0,1.0,1.0,1.3084444444444447e-05,1.0625,0.0,2.0,easy|hard|medium
test,0,5,29,32,0.5322648449946428,15.51843157300027,587.6731789849946,0.0003735413192771375,1.0,1.0,1.0,1.0,1.3075555555555557e-05,0.875,0.0,2.0,hard|medium|easy
test,0,5,30,32,0.531808074003493,16.050788025000656,588.2055354159966,0.00036437984090298414,1.0,1.0,1.0,1.0,1.3066666666666668e-05,0.84375,0.0,2.0,easy|hard|medium
test,0,5,31,32,0.5305692870024359,16.581931624998106,588.7366790619999,0.24588192999362946,0.9705882352941176,0.96875,0.96875,0.9687194525904204,1.3057777777777778e-05,1.0625,0.0,2.0,easy|hard|medium
test,0,5,32,32,0.5322625080007128,17.11475869300193,589.2695061589984,0.0003520040481816977,1.0,1.0,1.0,1.0,1.304888888888889e-05,1.03125,0.0,2.0,hard|medium|easy
test,0,5,33,32,0.5314793520010426,17.64687586999935,589.8016233249946,0.0026731116231530905,1.0,1.0,1.0,1.0,1.3040000000000002e-05,0.9375,0.0,2.0,medium|hard|easy
test,0,5,34,32,0.530155307998939,18.177589066996006,590.3323365179967,0.0003568480024114251,1.0,1.0,1.0,1.0,1.3031111111111112e-05,0.8125,0.0,2.0,medium|easy|hard
test,0,5,35,32,0.5321898389956914,18.71039050199761,590.8651379069997,0.0011653403053060174,1.0,1.0,1.0,1.0,1.3022222222222223e-05,1.09375,0.0,2.0,medium|hard|easy
test,0,5,36,32,0.5319934450017172,19.242862565995893,591.3976099639985,0.00038261996814981103,1.0,1.0,1.0,1.0,1.3013333333333333e-05,1.1875,0.0,2.0,hard|medium|easy
test,0,5,37,32,0.5314570089976769,19.77491935299622,591.9296668099996,0.00042302324436604977,1.0,1.0,1.0,1.0,1.3004444444444446e-05,0.90625,0.0,2.0,easy|medium|hard
test,0,5,38,32,0.5323027140038903,20.307806195996818,592.4625536620006,0.010091797448694706,1.0,1.0,1.0,1.0,1.2995555555555557e-05,0.8125,0.0,2.0,hard|medium|easy
test,0,5,39,32,0.5317139710023184,20.83999983299873,592.9947472389977,0.0006737960502505302,1.0,1.0,1.0,1.0,1.2986666666666667e-05,0.875,0.0,2.0,easy|medium|hard
test,0,5,40,32,0.5314898830038146,21.372015246000956,593.5267627189969,0.00040748543688096106,1.0,1.0,1.0,1.0,1.2977777777777779e-05,0.6875,0.0,2.0,easy|medium|hard
test,0,5,41,32,0.5319885439967038,21.904587069999252,594.059334824,0.0005238279118202627,1.0,1.0,1.0,1.0,1.2968888888888892e-05,1.03125,0.0,2.0,medium|hard|easy
test,0,5,42,32,0.5310200449966942,22.436166139996203,594.5909135239999,0.0006429648492485285,1.0,1.0,1.0,1.0,1.2960000000000001e-05,0.9375,0.0,2.0,medium|hard|easy
test,0,5,43,32,0.5314834899982088,22.9682115780015,595.122958988999,0.0005111535429023206,1.0,1.0,1.0,1.0,1.2951111111111113e-05,0.9375,0.0,2.0,medium|easy|hard
test,0,5,44,32,0.5318596299985074,23.500533129998075,595.6552805929969,0.00034723375574685633,1.0,1.0,1.0,1.0,1.2942222222222222e-05,0.9375,0.0,2.0,easy|hard|medium
test,0,5,45,32,0.5327257180033484,24.033777170996473,596.188524567995,0.0004970370791852474,1.0,1.0,1.0,1.0,1.2933333333333334e-05,0.8125,0.0,2.0,medium|easy|hard
test,0,5,46,32,0.531105848000152,24.56547121299809,596.720218659997,0.00038284805486910045,1.0,1.0,1.0,1.0,1.2924444444444447e-05,1.03125,0.0,2.0,medium|easy|hard
test,0,5,47,32,0.5303831040000659,25.096461749999435,597.2512091889948,0.00031841499730944633,1.0,1.0,1.0,1.0,1.2915555555555557e-05,1.0625,0.0,2.0,easy|hard|medium
test,0,5,48,32,0.5318750410006032,25.628874244001054,597.7836216770011,0.0003447755007073283,1.0,1.0,1.0,1.0,1.2906666666666668e-05,1.03125,0.0,2.0,medium|hard|easy
test,0,5,49,32,0.5314289090019884,26.160876819994883,598.3156242670011,0.0003132317215204239,1.0,1.0,1.0,1.0,1.2897777777777778e-05,1.15625,0.0,2.0,hard|easy|medium
test,0,5,50,32,0.5305940769976587,26.692067390999,598.8468148469983,0.0008375117322430015,1.0,1.0,1.0,1.0,1.288888888888889e-05,0.90625,0.0,2.0,easy|hard|medium
test,0,5,51,32,0.5321074179955758,27.224729579997074,599.3794770219974,0.0004013716825284064,1.0,1.0,1.0,1.0,1.2880000000000002e-05,1.0625,0.0,2.0,hard|easy|medium
test,0,5,52,32,0.5313819490038441,27.756603606998397,599.9113510710013,0.00034073906135745347,1.0,1.0,1.0,1.0,1.2871111111111112e-05,1.125,0.0,2.0,easy|hard|medium
test,0,5,53,32,0.5308154169979389,28.287880161995417,600.4426275689984,0.00037256497307680547,1.0,1.0,1.0,1.0,1.2862222222222223e-05,1.09375,0.0,2.0,hard|medium|easy
test,0,5,54,32,0.5333476080049877,28.821866469996166,600.9766139380008,0.00034935021540150046,1.0,1.0,1.0,1.0,1.2853333333333336e-05,0.96875,0.0,2.0,medium|hard|easy
test,0,5,55,32,0.5318706889956957,29.354373263995512,601.5091207289952,0.0002594536344986409,1.0,1.0,1.0,1.0,1.2844444444444446e-05,0.96875,0.0,2.0,medium|easy|hard
test,0,5,56,32,0.5311463750040275,29.88612046399794,602.0408679280008,0.0005924582364968956,1.0,1.0,1.0,1.0,1.2835555555555557e-05,1.03125,0.0,2.0,medium|hard|easy
test,0,5,57,32,0.5322419469957822,30.41893762000109,602.5736850789981,0.0003370384802110493,1.0,1.0,1.0,1.0,1.2826666666666667e-05,1.0,0.0,2.0,easy|medium|hard
test,0,5,58,32,0.532202333000896,30.951664729000186,603.106412191999,0.0002598165301606059,1.0,1.0,1.0,1.0,1.2817777777777778e-05,0.96875,0.0,2.0,medium|easy|hard
test,0,5,59,32,0.5311813549997169,31.483337307996408,603.6380847559994,0.23110170662403107,0.975,0.96875,0.9615384615384616,0.9671794871794872,1.2808888888888891e-05,1.0,0.0,2.0,easy|medium|hard
test,0,5,60,32,0.5319426499991096,32.015842977998545,604.1705904449991,0.0012245042016729712,1.0,1.0,1.0,1.0,1.2800000000000001e-05,1.0,0.0,2.0,hard|easy|medium
test,0,5,61,32,0.5312172800040571,32.54765795399726,604.7024053519999,0.0003674025065265596,1.0,1.0,1.0,1.0,1.2791111111111112e-05,0.59375,0.0,2.0,easy|hard|medium
test,0,5,62,32,0.5308223239990184,33.07902156199998,605.2337690040004,0.0004022801876999438,1.0,1.0,1.0,1.0,1.2782222222222222e-05,0.9375,0.0,2.0,hard|easy|medium
test,0,5,63,32,0.5323988610034576,33.61199646499881,605.7667439149955,0.23892730474472046,0.9722222222222222,0.96875,0.9666666666666667,0.9684729064039409,1.2773333333333335e-05,0.9375,0.0,2.0,medium|easy|hard
test,0,5,64,32,0.5314672099993913,34.14406050500111,606.2988079549978,0.0004276437102816999,1.0,1.0,1.0,1.0,1.2764444444444447e-05,1.03125,0.0,2.0,medium|easy|hard
test,0,5,65,32,0.5307149610016495,34.67538979600067,606.8301372029964,0.0003874124668072909,1.0,1.0,1.0,1.0,1.2755555555555556e-05,1.125,0.0,2.0,easy|hard|medium
test,0,5,66,32,0.5324923750013113,35.20857597699796,607.3633234379959,0.0010516854235902429,1.0,1.0,1.0,1.0,1.2746666666666668e-05,1.0625,0.0,2.0,easy|hard|medium
test,0,5,67,32,0.5314103970013093,35.740626517996134,607.8953739950011,0.0006462532328441739,1.0,1.0,1.0,1.0,1.2737777777777777e-05,1.03125,0.0,2.0,easy|medium|hard
test,0,5,68,32,0.530630375003966,36.271838214001036,608.426585672998,0.060637399554252625,0.96875,0.96875,0.9705882352941176,0.9687194525904204,1.272888888888889e-05,0.8125,0.0,2.0,medium|easy|hard
test,0,5,69,32,0.5321850690015708,36.80464126299921,608.9593887239971,0.0005030138418078423,1.0,1.0,1.0,1.0,1.2720000000000002e-05,1.15625,0.0,2.0,hard|medium|easy
test,0,5,70,32,0.5316237200022442,37.33682995799609,609.4915774399997,0.0007594054332002997,1.0,1.0,1.0,1.0,1.2711111111111112e-05,1.28125,0.0,2.0,medium|hard|easy
test,0,5,71,32,0.5314386039972305,37.868859310001426,610.0236067649967,0.0005699924658983946,1.0,1.0,1.0,1.0,1.2702222222222223e-05,1.21875,0.0,2.0,hard|medium|easy
test,0,5,72,32,0.5318822350018308,38.40132199099753,610.5560694379965,0.0006607224931940436,1.0,1.0,1.0,1.0,1.2693333333333336e-05,0.78125,0.0,2.0,easy|hard|medium
test,0,5,73,32,0.5323996940060169,38.934292920996086,611.0890403169979,0.0004985969862900674,1.0,1.0,1.0,1.0,1.2684444444444446e-05,1.21875,0.0,2.0,medium|easy|hard
test,0,5,74,32,0.5317867260018829,39.466604611996445,611.6213521109967,0.0005142730660736561,1.0,1.0,1.0,1.0,1.2675555555555557e-05,0.90625,0.0,2.0,medium|hard|easy
test,0,5,75,32,0.5322857579958509,39.9995241919969,612.1542716389959,0.0005722445202991366,1.0,1.0,1.0,1.0,1.2666666666666667e-05,0.9375,0.0,2.0,easy|hard|medium
test,0,5,76,32,0.5315650979973725,40.531701446001534,612.6864488959982,0.0006613226141780615,1.0,1.0,1.0,1.0,1.2657777777777778e-05,1.0,0.0,2.0,hard|easy|medium
test,0,5,77,32,0.5314771060002386,41.06364473800204,613.2183921499964,0.0006072015967220068,1.0,1.0,1.0,1.0,1.2648888888888891e-05,1.21875,0.0,2.0,easy|hard|medium
test,0,5,78,32,0.5324294480014942,41.59663713199552,613.7513845770009,0.000556563027203083,1.0,1.0,1.0,1.0,1.2640000000000001e-05,0.9375,0.0,2.0,easy|hard|medium
test,0,5,79,32,0.5318347439970239,42.12897359699855,614.2837210750004,0.0005800878861919045,1.0,1.0,1.0,1.0,1.2631111111111112e-05,0.625,0.0,2.0,medium|easy|hard
test,0,5,80,32,0.5314636979965144,42.66099970800133,614.8157471019949,0.0007980848313309252,1.0,1.0,1.0,1.0,1.2622222222222222e-05,1.21875,0.0,2.0,hard|easy|medium
test,0,5,81,32,0.5307047759997658,43.19226183599676,615.347009295001,0.0007729067001491785,1.0,1.0,1.0,1.0,1.2613333333333335e-05,0.96875,0.0,2.0,medium|easy|hard
test,0,5,82,32,0.531907434000459,43.72478591300023,615.8795333659946,0.0005752692231908441,1.0,1.0,1.0,1.0,1.2604444444444446e-05,0.6875,0.0,2.0,easy|medium|hard
test,0,5,83,32,0.5313054040016141,44.256603057001485,616.4113504549969,0.028677962720394135,0.9736842105263157,0.96875,0.9642857142857143,0.967967967967968,1.2595555555555556e-05,0.90625,0.0,2.0,medium|hard|easy
test,0,5,84,32,0.5316761720023351,44.78884403700067,616.9435915110007,0.02173709124326706,1.0,1.0,1.0,1.0,1.2586666666666668e-05,1.21875,0.0,2.0,easy|hard|medium
test,0,5,85,32,0.5319686170041678,45.321401925997634,617.4761493779952,0.02028265967965126,1.0,1.0,1.0,1.0,1.257777777777778e-05,1.125,0.0,2.0,easy|hard|medium
test,0,5,86,32,0.5309567750009592,45.852940291995765,618.0076877539977,0.0006033550598658621,1.0,1.0,1.0,1.0,1.256888888888889e-05,0.875,0.0,2.0,medium|easy|hard
test,0,5,87,32,0.5308956480002962,46.38440398899547,618.5391514410003,0.0005690013058483601,1.0,1.0,1.0,1.0,1.2560000000000002e-05,1.0625,0.0,2.0,hard|medium|easy
test,0,5,88,32,0.5320187089964747,46.91699694399722,619.0717443539979,0.0007639488903805614,1.0,1.0,1.0,1.0,1.2551111111111111e-05,0.9375,0.0,2.0,hard|easy|medium
test,0,5,89,32,0.5311633279998205,47.448726800997974,619.603474511001,0.002129449974745512,1.0,1.0,1.0,1.0,1.2542222222222223e-05,1.125,0.0,2.0,easy|hard|medium
test,0,5,90,32,0.5311987759996555,47.98052708400064,620.135274536995,0.0006756556686013937,1.0,1.0,1.0,1.0,1.2533333333333336e-05,0.90625,0.0,2.0,hard|medium|easy
test,0,5,91,32,0.5318939560020226,48.5128764819965,620.6676239349981,0.20680423080921173,0.9411764705882353,0.9375,0.9411764705882353,0.9375,1.2524444444444446e-05,0.96875,0.0,2.0,hard|easy|medium
test,0,5,92,32,0.5319855299967458,49.045429553996655,621.2001770279967,0.0023035723716020584,1.0,1.0,1.0,1.0,1.2515555555555557e-05,0.96875,0.0,2.0,hard|medium|easy
test,0,5,93,32,0.5306681559959543,49.576601312001,621.7313487569991,0.0006066131172701716,1.0,1.0,1.0,1.0,1.2506666666666667e-05,1.21875,0.0,2.0,hard|medium|easy
test,0,5,94,32,0.5316316580065177,50.10875308699906,622.2635006479977,0.0006810141494497657,1.0,1.0,1.0,1.0,1.249777777777778e-05,1.28125,0.0,2.0,medium|hard|easy
test,0,5,95,32,0.5316298799953074,50.640953011999954,622.7957004889977,0.0005996220279484987,1.0,1.0,1.0,1.0,1.2488888888888891e-05,0.875,0.0,2.0,medium|easy|hard
test,0,5,96,32,0.5306737709979643,51.172228158997314,623.3269756250011,0.15191277861595154,0.95,0.96875,0.9782608695652174,0.9625730994152046,1.248e-05,0.90625,0.0,2.0,easy|medium|hard
test,0,5,97,32,0.5317982380001922,51.70460426199861,623.8593517379995,0.0003276982461102307,1.0,1.0,1.0,1.0,1.2471111111111112e-05,1.09375,0.0,2.0,hard|medium|easy
test,0,5,98,32,0.531498054995609,52.23666818899801,624.3914156609972,0.0006458760472014546,1.0,1.0,1.0,1.0,1.2462222222222222e-05,1.0,0.0,2.0,hard|medium|easy
test,0,5,99,32,0.5302912320039468,52.767483210001956,624.9222306570009,0.0004144367412663996,1.0,1.0,1.0,1.0,1.2453333333333335e-05,0.78125,0.0,2.0,medium|hard|easy
test,0,5,100,32,0.5319551959983073,53.29998678099946,625.4547342439982,0.00040866463677957654,1.0,1.0,1.0,1.0,1.2444444444444446e-05,0.96875,0.0,2.0,easy|medium|hard
test,0,5,101,32,0.531322711998655,53.83195618999889,625.986703595001,0.0005447848816402256,1.0,1.0,1.0,1.0,1.2435555555555556e-05,0.875,0.0,2.0,easy|hard|medium
test,0,5,102,32,0.5314344349972089,54.363950895000016,626.5186983780004,0.000739533978048712,1.0,1.0,1.0,1.0,1.2426666666666667e-05,0.9375,0.0,2.0,medium|easy|hard
test,0,5,103,32,0.5322460110037355,54.896716117000324,627.0514635199943,0.0006062960019335151,1.0,1.0,1.0,1.0,1.241777777777778e-05,1.375,0.0,2.0,hard|easy|medium
test,0,5,104,32,0.5317039029978332,55.42890999199881,627.5836574549976,0.0004799539456143975,1.0,1.0,1.0,1.0,1.240888888888889e-05,1.0625,0.0,2.0,hard|medium|easy
test,0,5,105,32,0.5315868329998921,55.96109969799727,628.1158471599992,0.09651064872741699,0.9705882352941176,0.96875,0.96875,0.9687194525904204,1.2400000000000002e-05,1.28125,0.0,2.0,medium|hard|easy
test,0,5,106,32,0.5321021239942638,56.49366377599654,628.648411174996,0.0003982683701906353,1.0,1.0,1.0,1.0,1.2391111111111111e-05,1.0625,0.0,2.0,easy|hard|medium
test,0,5,107,32,0.5319108659969061,57.026023758997326,629.180771209998,0.00035602677962742746,1.0,1.0,1.0,1.0,1.2382222222222223e-05,1.1875,0.0,2.0,easy|medium|hard
test,0,5,108,32,0.5313436290016398,57.55794412099931,629.7126915319968,0.000503384682815522,1.0,1.0,1.0,1.0,1.2373333333333336e-05,1.125,0.0,2.0,medium|hard|easy
test,0,5,109,32,0.5322656389980693,58.09069181000086,630.2454394539964,0.0004979337682016194,1.0,1.0,1.0,1.0,1.2364444444444445e-05,1.21875,0.0,2.0,medium|hard|easy
test,0,5,110,32,0.532022446001065,58.623351311995066,630.778098773997,0.00041759846499189734,1.0,1.0,1.0,1.0,1.2355555555555557e-05,1.0,0.0,2.0,hard|medium|easy
test,0,5,111,32,0.5312456329993438,59.155108414001006,631.3098558819984,0.0004430714179761708,1.0,1.0,1.0,1.0,1.2346666666666666e-05,0.84375,0.0,2.0,medium|hard|easy
test,0,5,112,32,0.5300668550044065,59.68576148899592,631.8405089410007,0.12007543444633484,0.9722222222222222,0.96875,0.9666666666666667,0.9684729064039409,1.233777777777778e-05,0.96875,0.0,2.0,easy|hard|medium
test,0,5,113,32,0.5317581519993837,60.218096562995925,632.3728440329942,0.00038429576670750976,1.0,1.0,1.0,1.0,1.2328888888888891e-05,0.96875,0.0,2.0,hard|medium|easy
test,0,5,114,32,0.5315865299999132,60.75021585999639,632.9049633399991,0.00032686046324670315,1.0,1.0,1.0,1.0,1.232e-05,0.90625,0.0,2.0,hard|medium|easy
test,0,5,115,32,0.5309085990011226,61.28166559300007,633.4364130350004,0.0008925539441406727,1.0,1.0,1.0,1.0,1.2311111111111112e-05,1.1875,0.0,2.0,hard|easy|medium
test,0,5,116,32,0.5317897069980972,61.814031417998194,633.9687788209994,0.00040217515197582543,1.0,1.0,1.0,1.0,1.2302222222222225e-05,1.09375,0.0,2.0,medium|hard|easy
test,0,5,117,32,0.5309160329998122,62.34549675299786,634.5002441559991,0.000405674334615469,1.0,1.0,1.0,1.0,1.2293333333333335e-05,0.625,0.0,2.0,hard|easy|medium
test,0,5,118,32,0.5313698469981318,62.87741311999707,635.032160581999,0.0003168222028762102,1.0,1.0,1.0,1.0,1.2284444444444446e-05,1.34375,0.0,2.0,medium|hard|easy
test,0,5,119,32,0.5321215129952179,63.41006024499802,635.5648076529978,0.00033556160633452237,1.0,1.0,1.0,1.0,1.2275555555555556e-05,1.0625,0.0,2.0,easy|hard|medium
test,0,5,120,32,0.5315549070000998,63.94218424100109,636.096931672997,0.2203698754310608,0.9375,0.9375,0.9375,0.9375,1.2266666666666667e-05,1.03125,0.0,2.0,hard|medium|easy
test,0,5,121,32,0.5312790379975922,64.47402162700018,636.628769035,0.0005038885865360498,1.0,1.0,1.0,1.0,1.225777777777778e-05,1.09375,0.0,2.0,hard|medium|easy
test,0,5,122,32,0.5319265780053684,65.00649513099779,637.1612426020001,0.00040561091736890376,1.0,1.0,1.0,1.0,1.224888888888889e-05,1.0,0.0,2.0,medium|hard|easy
test,0,5,123,32,0.5317898689972935,65.53881084200111,637.6935582859951,0.00033890464692376554,1.0,1.0,1.0,1.0,1.2240000000000001e-05,1.0625,0.0,2.0,hard|medium|easy
test,0,5,124,32,0.5311537110028439,66.07048951999604,638.2252369310008,0.0003935003769584,1.0,1.0,1.0,1.0,1.2231111111111111e-05,1.28125,0.0,2.0,medium|hard|easy
test,0,5,125,32,0.5316732409992255,66.60274072199536,638.7574881439941,0.0009293605107814074,1.0,1.0,1.0,1.0,1.2222222222222224e-05,0.96875,0.0,2.0,easy|hard|medium
test,0,5,126,32,0.531419717000972,67.13472992400057,639.2894773799999,0.00035669852513819933,1.0,1.0,1.0,1.0,1.2213333333333336e-05,0.875,0.0,2.0,medium|easy|hard
test,0,5,127,32,0.5306241370053613,67.66592866100109,639.820676067,0.00038164580473676324,1.0,1.0,1.0,1.0,1.2204444444444445e-05,1.125,0.0,2.0,hard|medium|easy
test,0,5,128,32,0.531643003996578,68.19811022000067,640.3528576819954,0.0047577363438904285,1.0,1.0,1.0,1.0,1.2195555555555557e-05,1.0,0.0,2.0,easy|hard|medium
test,0,5,129,32,0.5315633900027024,68.73027331699996,640.8850207309952,0.0003290661843493581,1.0,1.0,1.0,1.0,1.2186666666666666e-05,0.96875,0.0,2.0,easy|medium|hard
test,0,5,130,32,0.5307771880034124,69.26155617999757,641.4163037109975,0.014893603511154652,1.0,1.0,1.0,1.0,1.217777777777778e-05,0.75,0.0,2.0,medium|easy|hard
test,0,5,131,32,0.5322742290009046,69.79440837799484,641.949155784001,0.00033315952168777585,1.0,1.0,1.0,1.0,1.216888888888889e-05,1.03125,0.0,2.0,hard|medium|easy
test,0,5,132,32,0.5317360980043304,70.32665227899997,642.4813997429956,0.0005460030515678227,1.0,1.0,1.0,1.0,1.216e-05,0.71875,0.0,2.0,medium|easy|hard
test,0,5,133,32,0.5315393720011343,70.85876542399637,643.0135128830007,0.21031348407268524,0.9615384615384616,0.96875,0.975,0.9671794871794872,1.2151111111111112e-05,1.0,0.0,2.0,easy|medium|hard
test,0,5,134,32,0.5321617890003836,71.39151884799503,643.5462662520004,0.00028239534003660083,1.0,1.0,1.0,1.0,1.2142222222222225e-05,1.03125,0.0,2.0,medium|hard|easy
test,0,5,135,32,0.5315001050039427,71.92354770800011,644.0782952160007,0.0006977826124057174,1.0,1.0,1.0,1.0,1.2133333333333335e-05,1.09375,0.0,2.0,medium|hard|easy
test,0,5,136,32,0.5310949120030273,72.45523261299968,644.6099801269957,0.00036688888212665915,1.0,1.0,1.0,1.0,1.2124444444444446e-05,1.09375,0.0,2.0,hard|medium|easy
test,0,5,137,32,0.5323628759942949,72.98819409999851,645.1429415370003,0.0009921948658302426,1.0,1.0,1.0,1.0,1.2115555555555556e-05,1.09375,0.0,2.0,easy|medium|hard
test,0,5,138,32,0.531835982001212,73.52055026599555,645.6752977239958,0.11920791864395142,0.9705882352941176,0.96875,0.96875,0.9687194525904204,1.2106666666666667e-05,1.0,0.0,2.0,medium|easy|hard
test,0,5,139,32,0.5311043309993693,74.05225300099846,646.2070004209963,0.0020513487979769707,1.0,1.0,1.0,1.0,1.209777777777778e-05,1.125,0.0,2.0,medium|hard|easy
test,0,5,140,32,0.5321977819985477,74.58500992899644,646.7397573950002,0.00044537358917295933,1.0,1.0,1.0,1.0,1.208888888888889e-05,1.15625,0.0,2.0,medium|hard|easy
test,0,5,141,32,0.5324423010024475,75.11805237299995,647.2727998339979,0.00037868949584662914,1.0,1.0,1.0,1.0,1.2080000000000001e-05,1.0625,0.0,2.0,easy|hard|medium
test,0,5,142,32,0.5308540670012007,75.64943082499667,647.8041782709988,0.0008143401937559247,1.0,1.0,1.0,1.0,1.2071111111111111e-05,0.84375,0.0,2.0,medium|hard|easy
test,0,5,143,32,0.5297944150006515,76.17979502600065,648.3345424299987,0.0003307912847958505,1.0,1.0,1.0,1.0,1.2062222222222224e-05,0.9375,0.0,2.0,hard|easy|medium
test,0,5,144,32,0.5320307850051904,76.71243550899817,648.8671829149971,0.00037476123543456197,1.0,1.0,1.0,1.0,1.2053333333333335e-05,1.25,0.0,2.0,hard|medium|easy
test,0,5,145,32,0.5314356760063674,77.24440100499487,649.3991484439975,0.15920016169548035,0.9642857142857143,0.96875,0.9736842105263157,0.967967967967968,1.2044444444444445e-05,1.09375,0.0,2.0,easy|medium|hard
test,0,5,146,32,0.5311506040015956,77.77614582100068,649.9308932259955,0.11367534101009369,0.9666666666666667,0.96875,0.9722222222222222,0.9684729064039409,1.2035555555555556e-05,0.75,0.0,2.0,easy|hard|medium
test,0,5,147,32,0.5318724360040505,78.3085455449982,650.4632930070002,0.0040863570757210255,1.0,1.0,1.0,1.0,1.202666666666667e-05,0.78125,0.0,2.0,hard|medium|easy
test,0,5,148,32,0.5305343110012473,78.83967437699903,650.9944218329983,0.0004171798937022686,1.0,1.0,1.0,1.0,1.201777777777778e-05,0.875,0.0,2.0,easy|hard|medium
test,0,5,149,32,0.5308355349989142,79.37105043899646,651.5257978910013,0.00027955410769209266,1.0,1.0,1.0,1.0,1.200888888888889e-05,1.25,0.0,2.0,medium|hard|easy
test,0,5,150,32,0.5320997180024278,79.9036932109957,652.0584406109992,0.00027802441036328673,1.0,1.0,1.0,1.0,1.2e-05,1.125,0.0,2.0,hard|easy|medium
test,0,5,151,32,0.5316691499974695,80.43599353999889,652.5907409869978,0.0003749482857529074,1.0,1.0,1.0,1.0,1.1991111111111112e-05,1.0625,0.0,2.0,medium|easy|hard
test,0,5,152,32,0.5312365599966142,80.96774406099576,653.1224914679988,0.00027766553102992475,1.0,1.0,1.0,1.0,1.1982222222222225e-05,1.03125,0.0,2.0,hard|easy|medium
test,0,5,153,32,0.5314432899976964,81.49979755799723,653.6545450339981,0.00030841189436614513,1.0,1.0,1.0,1.0,1.1973333333333334e-05,1.0625,0.0,2.0,hard|easy|medium
test,0,5,154,32,0.5318385850041523,82.03222387399728,654.1869713039996,0.00026210531359538436,1.0,1.0,1.0,1.0,1.1964444444444446e-05,0.96875,0.0,2.0,easy|hard|medium
test,0,5,155,32,0.5307502710056724,82.56352930599678,654.7182767630002,0.08128445595502853,0.9722222222222222,0.96875,0.9666666666666667,0.9684729064039409,1.1955555555555556e-05,0.8125,0.0,2.0,easy|hard|medium
test,0,5,156,32,0.5321143579931231,83.09623355499934,655.2509810179981,0.0004269493219908327,1.0,1.0,1.0,1.0,1.1946666666666669e-05,1.09375,0.0,2.0,hard|medium|easy
test,0,5,157,32,0.5315764860060881,83.62833581800078,655.7830832659965,0.20837827026844025,0.9722222222222222,0.96875,0.9666666666666667,0.9684729064039409,1.193777777777778e-05,0.96875,0.0,2.0,medium|hard|easy
test,0,5,158,32,0.5305825710020144,84.15939986599551,656.314147524994,0.0003739817766472697,1.0,1.0,1.0,1.0,1.192888888888889e-05,0.875,0.0,2.0,hard|medium|easy
test,0,5,159,32,0.5323745329951635,84.6923362689995,656.8470836889974,0.0002829100121743977,1.0,1.0,1.0,1.0,1.1920000000000001e-05,0.875,0.0,2.0,medium|easy|hard
test,0,5,160,32,0.5316921080011525,85.22464453899738,657.3793919489981,0.00037009429070167243,1.0,1.0,1.0,1.0,1.191111111111111e-05,0.9375,0.0,2.0,medium|easy|hard
test,0,5,161,32,0.53022851300193,85.75546320699505,657.9102105979982,0.0014060650719329715,1.0,1.0,1.0,1.0,1.1902222222222224e-05,0.90625,0.0,2.0,hard|easy|medium
test,0,5,162,32,0.532455257998663,86.28843971600145,658.4431871829947,0.06704948097467422,0.9666666666666667,0.96875,0.9722222222222222,0.9684729064039409,1.1893333333333335e-05,0.84375,0.0,2.0,medium|easy|hard
test,0,5,163,32,0.5313797849958064,86.82039700099995,658.9751444789945,0.0005500976694747806,1.0,1.0,1.0,1.0,1.1884444444444445e-05,1.0,0.0,2.0,medium|easy|hard
test,0,5,164,32,0.5313881629990647,87.35234915000183,659.5070966109997,0.19784271717071533,0.9722222222222222,0.96875,0.9666666666666667,0.9684729064039409,1.1875555555555556e-05,1.0,0.0,2.0,medium|easy|hard
test,0,5,165,32,0.5316956180031411,87.88463801399485,660.039385471995,0.0004563967522699386,1.0,1.0,1.0,1.0,1.186666666666667e-05,0.75,0.0,2.0,easy|medium|hard
test,0,5,166,32,0.5312653239961946,88.41649650099862,660.5712439130002,0.00048694253200665116,1.0,1.0,1.0,1.0,1.1857777777777779e-05,0.84375,0.0,2.0,hard|easy|medium
test,0,5,167,32,0.5312163169946871,88.94829901000048,661.1030464520009,0.004665747284889221,1.0,1.0,1.0,1.0,1.184888888888889e-05,0.75,0.0,2.0,medium|hard|easy
test,0,5,168,32,0.5319734520016937,89.48076261499955,661.6355100879955,0.0004987160209566355,1.0,1.0,1.0,1.0,1.184e-05,0.75,0.0,2.0,hard|medium|easy
test,0,5,169,32,0.5323369500038098,90.01377463899553,662.1685220759973,0.00048525910824537277,1.0,1.0,1.0,1.0,1.1831111111111112e-05,1.03125,0.0,2.0,medium|hard|easy
test,0,5,170,32,0.5312304640028742,90.5456596629956,662.7004071139963,0.1856934130191803,0.9545454545454546,0.96875,0.9772727272727273,0.964562569213732,1.1822222222222225e-05,0.875,0.0,2.0,medium|hard|easy
test,0,5,171,32,0.5305041729952791,91.07670573699579,663.231453139997,0.0010083395754918456,1.0,1.0,1.0,1.0,1.1813333333333334e-05,1.125,0.0,2.0,easy|hard|medium
test,0,5,172,32,0.5320306310022715,91.60922815799859,663.7639755819982,0.00041191448690369725,1.0,1.0,1.0,1.0,1.1804444444444446e-05,0.96875,0.0,2.0,medium|hard|easy
test,0,5,173,32,0.5316881760008982,92.14147325499653,664.2962207429955,0.0003247321001254022,1.0,1.0,1.0,1.0,1.1795555555555555e-05,1.40625,0.0,2.0,hard|easy|medium
test,0,5,174,32,0.5305781150018447,92.67252228299913,664.827269731999,0.00048588201752863824,1.0,1.0,1.0,1.0,1.1786666666666668e-05,0.9375,0.0,2.0,medium|hard|easy
test,0,5,175,32,0.5317371359997196,93.20483413699549,665.3595815529989,0.0005699043977074325,1.0,1.0,1.0,1.0,1.177777777777778e-05,0.9375,0.0,2.0,medium|easy|hard
test,0,5,176,32,0.5312097089990857,93.7366398890008,665.8913873339989,0.0002807084529194981,1.0,1.0,1.0,1.0,1.176888888888889e-05,0.84375,0.0,2.0,easy|hard|medium
test,0,5,177,32,0.5309300849985448,94.26817744800064,666.4229249019991,0.24613557755947113,0.9545454545454546,0.96875,0.9772727272727273,0.964562569213732,1.1760000000000001e-05,0.875,0.0,2.0,medium|easy|hard
test,0,5,178,32,0.5319074119979632,94.80065377699793,666.9554012749941,0.0004894329467788339,1.0,1.0,1.0,1.0,1.1751111111111112e-05,0.875,0.0,2.0,hard|medium|easy
test,0,5,179,32,0.5316036259973771,95.33281471899681,667.4875621269966,0.00034659539232961833,1.0,1.0,1.0,1.0,1.1742222222222224e-05,1.0,0.0,2.0,medium|hard|easy
test,0,5,180,32,0.5307763770033489,95.86411881499953,668.0188662899964,0.0005987434415146708,1.0,1.0,1.0,1.0,1.1733333333333335e-05,1.03125,0.0,2.0,easy|hard|medium
test,0,5,181,32,0.5319195249976474,96.3965082729992,668.5512557350012,0.0009191849967464805,1.0,1.0,1.0,1.0,1.1724444444444445e-05,0.96875,0.0,2.0,easy|hard|medium
test,0,5,182,32,0.531549895000353,96.92862546399556,669.0833729079968,0.29401737451553345,0.9372549019607843,0.9375,0.9372549019607843,0.9372549019607843,1.1715555555555556e-05,0.96875,0.0,2.0,hard|medium|easy
test,0,5,183,32,0.5308522739942418,97.46005458400032,669.6148020369947,0.03678717091679573,0.9666666666666667,0.96875,0.9722222222222222,0.9684729064039409,1.170666666666667e-05,0.96875,0.0,2.0,medium|easy|hard
test,0,5,184,32,0.5323986549992696,97.99303471000167,670.1477821709996,0.000723410164937377,1.0,1.0,1.0,1.0,1.1697777777777779e-05,1.0625,0.0,2.0,hard|easy|medium
test,0,5,185,32,0.5316863109983387,98.52527220099728,670.680019665997,0.001263366430066526,1.0,1.0,1.0,1.0,1.168888888888889e-05,1.0625,0.0,2.0,medium|easy|hard
test,0,5,186,32,0.5307931979987188,99.05659935199947,671.2113468019961,0.002043855143710971,1.0,1.0,1.0,1.0,1.168e-05,1.0625,0.0,2.0,hard|medium|easy
test,0,5,187,32,0.5330626209979528,99.59022446400195,671.7449719259967,0.0005529719637706876,1.0,1.0,1.0,1.0,1.1671111111111113e-05,0.90625,0.0,2.0,hard|easy|medium
test,0,5,188,32,0.5315800819953438,100.12236752199533,672.2771149830005,0.0008813117747195065,1.0,1.0,1.0,1.0,1.1662222222222224e-05,1.0625,0.0,2.0,easy|medium|hard
test,0,5,189,32,0.5303246650000801,100.6531682739951,672.8079157269967,0.0007683081203140318,1.0,1.0,1.0,1.0,1.1653333333333334e-05,1.09375,0.0,2.0,hard|easy|medium
test,0,5,190,32,0.5322087729946361,101.18592779099708,673.3406752660012,0.001058468478731811,1.0,1.0,1.0,1.0,1.1644444444444446e-05,0.6875,0.0,2.0,hard|medium|easy
test,0,5,191,32,0.5316282729982049,101.71816910999769,673.8729165580007,0.0008175336988642812,1.0,1.0,1.0,1.0,1.1635555555555555e-05,0.90625,0.0,2.0,medium|easy|hard
test,0,5,192,32,0.5309696850017644,102.24967939899943,674.4044268039943,0.000817077059764415,1.0,1.0,1.0,1.0,1.1626666666666668e-05,0.96875,0.0,2.0,easy|hard|medium
test,0,5,193,32,0.5323392909995164,102.78254055100115,674.9372879989969,0.001022719545289874,1.0,1.0,1.0,1.0,1.161777777777778e-05,0.84375,0.0,2.0,medium|easy|hard
test,0,5,194,32,0.5313779230054934,103.31451882699912,675.4692662839952,0.0008785334066487849,1.0,1.0,1.0,1.0,1.160888888888889e-05,1.0,0.0,2.0,easy|hard|medium
test,0,5,195,32,0.5314276230055839,103.84647682499781,676.0012243199963,0.0007243016152642667,1.0,1.0,1.0,1.0,1.16e-05,0.75,0.0,2.0,hard|easy|medium
test,0,5,196,32,0.5317282860050909,104.3787513779971,676.5334987699971,0.0009409735794179142,1.0,1.0,1.0,1.0,1.1591111111111114e-05,1.21875,0.0,2.0,hard|medium|easy
test,0,5,197,32,0.5316126749967225,104.91098032199807,677.065728030997,0.0005984294111840427,1.0,1.0,1.0,1.0,1.1582222222222224e-05,0.96875,0.0,2.0,easy|medium|hard
test,0,5,198,32,0.5314165919990046,105.44297702599579,677.597724428997,0.05862028896808624,0.95,0.96875,0.9782608695652174,0.9625730994152046,1.1573333333333335e-05,1.15625,0.0,2.0,hard|medium|easy
test,0,5,199,32,0.5321746870031347,105.97569944499992,678.1304468449962,0.0005121903377585113,1.0,1.0,1.0,1.0,1.1564444444444445e-05,0.84375,0.0,2.0,medium|easy|hard
test,0,5,200,32,0.5324708350017318,106.50866751199646,678.6634149699967,0.08228892832994461,0.9705882352941176,0.96875,0.96875,0.9687194525904204,1.1555555555555556e-05,0.96875,0.0,2.0,hard|easy|medium
test,0,5,201,32,0.5313094580051256,107.04050259599899,679.1952499990002,0.0006104368949308991,1.0,1.0,1.0,1.0,1.1546666666666669e-05,1.1875,0.0,2.0,hard|easy|medium
test,0,5,202,32,0.5306906839978183,107.5718060759973,679.7265535179977,0.0021764100529253483,1.0,1.0,1.0,1.0,1.1537777777777779e-05,1.3125,0.0,2.0,easy|hard|medium
test,0,5,203,32,0.5318979119983851,108.10423980199994,680.258987262001,0.0005287567037157714,1.0,1.0,1.0,1.0,1.152888888888889e-05,0.90625,0.0,2.0,medium|easy|hard
test,0,5,204,32,0.5307557220003218,108.63546525999845,680.7902126970002,0.0005188250215724111,1.0,1.0,1.0,1.0,1.152e-05,0.78125,0.0,2.0,hard|easy|medium
test,0,5,205,32,0.5307132599991746,109.16674066799897,681.3214881169988,0.0013106527039781213,1.0,1.0,1.0,1.0,1.1511111111111113e-05,0.78125,0.0,2.0,medium|hard|easy
test,0,5,206,32,0.5316132779989857,109.69897724600014,681.8537246359992,0.00046195287723094225,1.0,1.0,1.0,1.0,1.1502222222222224e-05,1.09375,0.0,2.0,easy|medium|hard
test,0,5,207,32,0.5308965939984773,110.230422421002,682.3851698699946,0.0030427309684455395,1.0,1.0,1.0,1.0,1.1493333333333334e-05,0.96875,0.0,2.0,hard|medium|easy
test,0,5,208,32,0.5305989650005358,110.76158817899704,682.9163356360004,0.0005719030741602182,1.0,1.0,1.0,1.0,1.1484444444444445e-05,1.0,0.0,2.0,hard|easy|medium
test,0,5,209,32,0.5317441010047332,111.29397533500014,683.4487227469945,0.0009093950502574444,1.0,1.0,1.0,1.0,1.1475555555555557e-05,0.96875,0.0,2.0,hard|easy|medium
test,0,5,210,32,0.531598492001649,111.82618544899742,683.980932901999,0.014384554699063301,1.0,1.0,1.0,1.0,1.1466666666666668e-05,0.9375,0.0,2.0,easy|hard|medium
test,0,5,211,32,0.5308175900063361,112.357501708997,684.5122491459988,0.00047862628707662225,1.0,1.0,1.0,1.0,1.145777777777778e-05,1.09375,0.0,2.0,easy|hard|medium
test,0,5,212,32,0.5312540309969336,112.88932497199858,685.0440723819993,0.00038543419213965535,1.0,1.0,1.0,1.0,1.144888888888889e-05,1.09375,0.0,2.0,easy|hard|medium
test,0,5,213,32,0.531665949994931,113.4214881989974,685.5762356539999,0.0003129775286652148,1.0,1.0,1.0,1.0,1.144e-05,1.0625,0.0,2.0,easy|hard|medium
test,0,5,214,32,0.5305257529980736,113.95257273499737,686.1073201440013,0.0003901286981999874,1.0,1.0,1.0,1.0,1.1431111111111114e-05,0.875,0.0,2.0,medium|easy|hard
test,0,5,215,32,0.5324311849981314,114.48554016400158,686.6402876469947,0.00040932392585091293,1.0,1.0,1.0,1.0,1.1422222222222223e-05,1.0625,0.0,2.0,medium|hard|easy
test,0,5,216,32,0.5318952659945353,115.01803599499544,687.1727834150006,0.0005669859237968922,1.0,1.0,1.0,1.0,1.1413333333333335e-05,0.9375,0.0,2.0,easy|hard|medium
test,0,5,217,32,0.5302625369949965,115.54894895199686,687.7036964180006,0.0005673243431374431,1.0,1.0,1.0,1.0,1.1404444444444444e-05,0.875,0.0,2.0,easy|hard|medium
test,0,5,218,32,0.5321241140045458,116.08166914799949,688.2364166059997,0.00047627731692045927,1.0,1.0,1.0,1.0,1.1395555555555558e-05,0.96875,0.0,2.0,medium|hard|easy
test,0,5,219,32,0.5313141500009806,116.61352619999525,688.7682736739953,0.013549934141337872,1.0,1.0,1.0,1.0,1.1386666666666669e-05,0.78125,0.0,2.0,easy|medium|hard
test,0,5,220,32,0.5311314209975535,117.14517334099946,689.2999208010006,0.0005994329112581909,1.0,1.0,1.0,1.0,1.1377777777777779e-05,1.09375,0.0,2.0,hard|easy|medium
test,0,5,221,32,0.5319962260036846,117.67771358799655,689.8324610509953,0.000915762095246464,1.0,1.0,1.0,1.0,1.136888888888889e-05,0.9375,0.0,2.0,hard|easy|medium
test,0,5,222,32,0.531964750996849,118.21022167099727,690.3649691239989,0.00030496588442474604,1.0,1.0,1.0,1.0,1.136e-05,1.03125,0.0,2.0,easy|medium|hard
test,0,5,223,32,0.5308779709957889,118.7416481170003,690.8963955729996,0.008458152413368225,1.0,1.0,1.0,1.0,1.1351111111111113e-05,1.0,0.0,2.0,medium|hard|easy
test,0,5,224,32,0.531452690003789,119.27366549699946,691.428412907997,0.0003441323642618954,1.0,1.0,1.0,1.0,1.1342222222222224e-05,0.65625,0.0,2.0,medium|easy|hard
test,0,5,225,32,0.5319952909994754,119.80632910900022,691.9610765949983,0.0002840013476088643,1.0,1.0,1.0,1.0,1.1333333333333334e-05,1.09375,0.0,2.0,easy|hard|medium
test,0,5,226,32,0.5312496909973561,120.33819196599507,692.4929394379942,0.0003719562664628029,1.0,1.0,1.0,1.0,1.1324444444444445e-05,0.9375,0.0,2.0,easy|hard|medium
test,0,5,227,32,0.5325881430035224,120.87139497500175,693.0261424399941,0.00032802586792968214,1.0,1.0,1.0,1.0,1.1315555555555557e-05,1.03125,0.0,2.0,medium|hard|easy
test,0,5,228,32,0.5323465110050165,121.40429497900186,693.5590423799949,0.09619389474391937,0.9615384615384616,0.96875,0.975,0.9671794871794872,1.1306666666666668e-05,0.90625,0.0,2.0,hard|medium|easy
test,0,5,229,32,0.531067964999238,121.93596180799796,694.0907092319976,0.0004249599587637931,1.0,1.0,1.0,1.0,1.129777777777778e-05,1.09375,0.0,2.0,easy|hard|medium
test,0,5,230,32,0.5299497400046675,122.46645896299742,694.6212063700004,0.0002953762304969132,1.0,1.0,1.0,1.0,1.1288888888888889e-05,1.09375,0.0,2.0,hard|easy|medium
test,0,5,231,32,0.5316359080024995,122.99870795299648,695.1534554129976,0.00037217920180410147,1.0,1.0,1.0,1.0,1.128e-05,1.09375,0.0,2.0,medium|hard|easy
test,0,5,232,32,0.5311977300007129,123.53063405099965,695.6853814459973,0.00041513791074976325,1.0,1.0,1.0,1.0,1.1271111111111113e-05,0.9375,0.0,2.0,easy|medium|hard
test,0,5,233,32,0.5308979299952625,124.06220611699973,696.2169535770008,0.134324312210083,0.9583333333333333,0.96875,0.9761904761904762,0.9660657476139979,1.1262222222222223e-05,1.0625,0.0,2.0,medium|easy|hard
test,0,5,234,32,0.5313340040011099,124.59402352100005,696.7487709159977,0.0002835043705999851,1.0,1.0,1.0,1.0,1.1253333333333335e-05,0.90625,0.0,2.0,easy|hard|medium
test,0,5,235,32,0.5325255110001308,125.1270439239961,697.2817914420011,0.00025474882568232715,1.0,1.0,1.0,1.0,1.1244444444444444e-05,1.125,0.0,2.0,hard|medium|easy
test,0,5,236,32,0.5317670040021767,125.65957619599794,697.8143236539981,0.0003032661625184119,1.0,1.0,1.0,1.0,1.1235555555555557e-05,1.09375,0.0,2.0,medium|hard|easy
test,0,5,237,32,0.532002015002945,126.19219698300003,698.3469444449947,0.0006766555598005652,1.0,1.0,1.0,1.0,1.1226666666666669e-05,0.96875,0.0,2.0,easy|medium|hard
test,0,5,238,32,0.5311362439970253,126.723874755,698.8786222199997,0.08457186073064804,0.9545454545454546,0.96875,0.9772727272727273,0.964562569213732,1.1217777777777778e-05,1.125,0.0,2.0,easy|hard|medium
test,0,5,239,32,0.5314426709956024,127.25585166100063,699.4105991359975,0.00028868706431239843,1.0,1.0,1.0,1.0,1.120888888888889e-05,1.15625,0.0,2.0,hard|easy|medium
test,0,5,240,32,0.5319462600018596,127.7883693420008,699.9431167919975,0.0002889430325012654,1.0,1.0,1.0,1.0,1.1200000000000001e-05,1.0625,0.0,2.0,hard|easy|medium
test,0,5,241,32,0.5318827279988909,128.3207711399955,700.4755186039984,0.0009618694894015789,1.0,1.0,1.0,1.0,1.1191111111111113e-05,1.0,0.0,2.0,easy|hard|medium
test,0,5,242,32,0.5306761710016872,128.85203543099487,701.006782876997,0.00210810755379498,1.0,1.0,1.0,1.0,1.1182222222222224e-05,0.84375,0.0,2.0,easy|medium|hard
test,0,5,243,32,0.5317650449942448,129.38424393899913,701.5389914059997,0.001204001484438777,1.0,1.0,1.0,1.0,1.1173333333333334e-05,1.15625,0.0,2.0,hard|easy|medium
test,0,5,244,32,0.5314985590011929,129.91629102300067,702.0710384679987,0.0002256358857266605,1.0,1.0,1.0,1.0,1.1164444444444445e-05,0.96875,0.0,2.0,easy|hard|medium
test,0,5,245,32,0.5307293530058814,130.44748518100096,702.6022326460006,0.22691072523593903,0.96875,0.96875,0.9705882352941176,0.9687194525904204,1.1155555555555556e-05,1.21875,0.0,2.0,hard|easy|medium
test,0,5,246,32,0.5325518919999013,130.98061072099517,703.1353581689982,0.0003538599412422627,1.0,1.0,1.0,1.0,1.1146666666666668e-05,0.875,0.0,2.0,easy|medium|hard
test,0,5,247,32,0.5319524649967207,131.51334957299696,703.6680970429952,0.0003084922500420362,1.0,1.0,1.0,1.0,1.113777777777778e-05,1.0,0.0,2.0,medium|easy|hard
test,0,5,248,32,0.5306100029993104,132.04441628899804,704.1991637539977,0.00020383710216265172,1.0,1.0,1.0,1.0,1.1128888888888889e-05,0.90625,0.0,2.0,easy|medium|hard
test,0,5,249,32,0.5320460160000948,132.5769466720012,704.7316941370009,0.00028266606386750937,1.0,1.0,1.0,1.0,1.1120000000000002e-05,1.0,0.0,2.0,hard|easy|medium
test,0,5,250,32,0.5311925980058732,133.108573685,705.2633211539942,0.0002389017608948052,1.0,1.0,1.0,1.0,1.1111111111111113e-05,0.90625,0.0,2.0,easy|medium|hard
test,0,6,1,32,0.5329813970020041,0.6186406330016325,715.7780517029969,0.0029096947982907295,1.0,1.0,1.0,1.0,1.1102222222222223e-05,1.0,0.0,2.0,hard|easy|medium
test,0,6,2,32,0.531445733999135,1.150716513999214,716.3101228469968,0.00038201030110940337,1.0,1.0,1.0,1.0,1.1093333333333334e-05,1.09375,0.0,2.0,hard|medium|easy
test,0,6,3,32,0.5323420909990091,1.6835159420006676,716.842922279,0.00042490873602218926,1.0,1.0,1.0,1.0,1.1084444444444444e-05,0.875,0.0,2.0,easy|hard|medium
test,0,6,4,32,0.5339170180013753,2.2180444940022426,717.3774509129944,0.00039559361175633967,1.0,1.0,1.0,1.0,1.1075555555555557e-05,0.90625,0.0,2.0,medium|easy|hard
test,0,6,5,32,0.5323393170037889,2.7513541000007535,717.910760439001,0.02198309265077114,1.0,1.0,1.0,1.0,1.1066666666666669e-05,1.0625,0.0,2.0,medium|easy|hard
test,0,6,6,32,0.5318062820006162,3.2837404400052037,718.443147027996,0.0003122830530628562,1.0,1.0,1.0,1.0,1.1057777777777778e-05,1.0625,0.0,2.0,medium|hard|easy
test,0,6,7,32,0.5316846499990788,3.81599877300323,718.9754051329946,0.00024705700343474746,1.0,1.0,1.0,1.0,1.104888888888889e-05,0.84375,0.0,2.0,hard|medium|easy
test,0,6,8,32,0.5311345689988229,4.34772130100464,719.5071275859955,0.0005644212942570448,1.0,1.0,1.0,1.0,1.1040000000000001e-05,1.125,0.0,2.0,medium|hard|easy
test,0,6,9,32,0.5313023120033904,4.879576042003464,720.0389824109952,0.04254955053329468,0.9642857142857143,0.96875,0.9736842105263157,0.967967967967968,1.1031111111111112e-05,0.84375,0.0,2.0,medium|easy|hard
test,0,6,10,32,0.5315474390008603,5.411665206003818,720.5710715309979,0.0002550130302552134,1.0,1.0,1.0,1.0,1.1022222222222224e-05,0.78125,0.0,2.0,hard|medium|easy
test,0,6,11,32,0.531503710000834,5.9437707329998375,721.1031770909976,0.00039041225682012737,1.0,1.0,1.0,1.0,1.1013333333333333e-05,1.15625,0.0,2.0,easy|medium|hard
test,0,6,12,32,0.53228741500061,6.476596252003219,721.636002610001,0.001181023777462542,1.0,1.0,1.0,1.0,1.1004444444444445e-05,1.15625,0.0,2.0,easy|hard|medium
test,0,6,13,32,0.5326594919970375,7.009801050000533,722.1692073890008,0.2653951942920685,0.9372549019607843,0.9375,0.9372549019607843,0.9372549019607843,1.0995555555555556e-05,1.1875,0.0,2.0,easy|medium|hard
test,0,6,14,32,0.5312323479956831,7.541590644999815,722.7009970049985,0.00030613370472565293,1.0,1.0,1.0,1.0,1.0986666666666668e-05,0.8125,0.0,2.0,hard|medium|easy
test,0,6,15,32,0.5322001819949946,8.074353955002152,723.2337604540007,0.00036688928958028555,1.0,1.0,1.0,1.0,1.0977777777777779e-05,1.0,0.0,2.0,easy|hard|medium
test,0,6,16,32,0.5319109600022784,8.606862628999806,723.7662690020006,0.0004481080686673522,1.0,1.0,1.0,1.0,1.0968888888888889e-05,0.875,0.0,2.0,easy|medium|hard
test,0,6,17,32,0.5308455709964619,9.138262650005345,724.2976690249998,0.07319948077201843,0.9666666666666667,0.96875,0.9722222222222222,0.9684729064039409,1.0960000000000002e-05,1.0,0.0,2.0,easy|medium|hard
test,0,6,18,32,0.5321525250037666,9.670950856001582,724.8303574279998,0.00030623882776126266,1.0,1.0,1.0,1.0,1.0951111111111113e-05,1.09375,0.0,2.0,easy|hard|medium
test,0,6,19,32,0.5317744679996395,10.203336418002436,725.3627427489992,0.0003107879310846329,1.0,1.0,1.0,1.0,1.0942222222222223e-05,1.09375,0.0,2.0,hard|easy|medium
test,0,6,20,32,0.531084431000636,10.735009092000837,725.8944154279961,0.0002775524917524308,1.0,1.0,1.0,1.0,1.0933333333333334e-05,0.96875,0.0,2.0,medium|hard|easy
test,0,6,21,32,0.5324121699959505,11.267960518001928,726.4273670339971,0.00040292603080160916,1.0,1.0,1.0,1.0,1.0924444444444446e-05,1.125,0.0,2.0,easy|hard|medium
test,0,6,22,32,0.5318601399994805,11.800397056002112,726.9598033270013,0.00040886859642341733,1.0,1.0,1.0,1.0,1.0915555555555557e-05,1.09375,0.0,2.0,hard|easy|medium
test,0,6,23,32,0.5307417939984589,12.331731297002989,727.491137635996,0.00031682191183790565,1.0,1.0,1.0,1.0,1.0906666666666668e-05,1.0625,0.0,2.0,hard|easy|medium
test,0,6,24,32,0.5322154330060584,12.864543310002773,728.0239496489958,0.0030761389061808586,1.0,1.0,1.0,1.0,1.0897777777777778e-05,1.03125,0.0,2.0,hard|easy|medium
test,0,6,25,32,0.5319187929999316,13.396982066005876,728.5563886809978,0.000292586802970618,1.0,1.0,1.0,1.0,1.088888888888889e-05,1.15625,0.0,2.0,hard|easy|medium
test,0,6,26,32,0.5310136999978567,13.928545884002233,729.0879522469986,0.0005181595915928483,1.0,1.0,1.0,1.0,1.0880000000000001e-05,0.90625,0.0,2.0,medium|hard|easy
test,0,6,27,32,0.5326754720008466,14.46177989699936,729.6211862729979,0.00039693439612165093,1.0,1.0,1.0,1.0,1.0871111111111112e-05,1.125,0.0,2.0,hard|easy|medium
test,0,6,28,32,0.531189754998195,14.993568796002364,730.1529754109943,0.00027163513004779816,1.0,1.0,1.0,1.0,1.0862222222222224e-05,0.84375,0.0,2.0,easy|medium|hard
test,0,6,29,32,0.531280114002584,15.525383954001882,730.6847902849986,0.0003025035548489541,1.0,1.0,1.0,1.0,1.0853333333333333e-05,0.9375,0.0,2.0,easy|medium|hard
test,0,6,30,32,0.5328487059960025,16.058808460002183,731.218214855995,0.00028143165400251746,1.0,1.0,1.0,1.0,1.0844444444444446e-05,0.9375,0.0,2.0,hard|easy|medium
test,0,6,31,32,0.5315627329982817,16.590925224001694,731.7503315799986,0.00028911014669574797,1.0,1.0,1.0,1.0,1.0835555555555556e-05,1.09375,0.0,2.0,easy|medium|hard
test,0,6,32,32,0.5312854150033672,17.122751504000917,732.2821578410003,0.000333834788762033,1.0,1.0,1.0,1.0,1.0826666666666667e-05,1.0,0.0,2.0,medium|hard|easy
test,0,6,33,32,0.5325151830038521,17.65581818100327,732.8152245429956,0.00032084848498925567,1.0,1.0,1.0,1.0,1.0817777777777779e-05,0.78125,0.0,2.0,easy|medium|hard
test,0,6,34,32,0.5324948049965315,18.18889204000152,733.3482983209979,0.0005046060541644692,1.0,1.0,1.0,1.0,1.0808888888888889e-05,1.1875,0.0,2.0,hard|medium|easy
test,0,6,35,32,0.5315919800050324,18.72105072800332,733.8804570949942,0.0003037923597730696,1.0,1.0,1.0,1.0,1.0800000000000002e-05,1.09375,0.0,2.0,hard|medium|easy
test,0,6,36,32,0.5321899870032212,19.25383715200587,734.4132436849977,0.00021923838357906789,1.0,1.0,1.0,1.0,1.0791111111111113e-05,1.15625,0.0,2.0,easy|medium|hard
test,0,6,37,32,0.5322183680036687,19.78663246799988,734.9460390199965,0.0006655870238319039,1.0,1.0,1.0,1.0,1.0782222222222223e-05,0.9375,0.0,2.0,medium|easy|hard
test,0,6,38,32,0.531296168002882,20.318484310999338,735.4778906520005,0.00023796847381163388,1.0,1.0,1.0,1.0,1.0773333333333334e-05,1.0625,0.0,2.0,hard|medium|easy
test,0,6,39,32,0.5309868870026548,20.850024368002778,736.0094307190011,0.0002982841106131673,1.0,1.0,1.0,1.0,1.0764444444444445e-05,0.625,0.0,2.0,hard|easy|medium
test,0,6,40,32,0.5324954399984563,21.38310102100513,736.5425073049992,0.0002706978702917695,1.0,1.0,1.0,1.0,1.0755555555555557e-05,0.9375,0.0,2.0,easy|medium|hard
test,0,6,41,32,0.5309629839975969,21.914660924005148,737.0740672989996,0.0003434882964938879,1.0,1.0,1.0,1.0,1.0746666666666668e-05,0.8125,0.0,2.0,medium|hard|easy
test,0,6,42,32,0.5311319920001552,22.446336682005494,737.6057433710012,0.14740079641342163,0.9705882352941176,0.96875,0.96875,0.9687194525904204,1.0737777777777778e-05,1.28125,0.0,2.0,hard|easy|medium
test,0,6,43,32,0.5321703070003423,22.97911755500536,738.1385238879957,0.0002434738853480667,1.0,1.0,1.0,1.0,1.072888888888889e-05,0.96875,0.0,2.0,medium|easy|hard
test,0,6,44,32,0.5315238819966908,23.511193304999324,738.6705996749952,0.00027227093232795596,1.0,1.0,1.0,1.0,1.072e-05,1.0625,0.0,2.0,medium|easy|hard
test,0,6,45,32,0.5312367299993639,24.04302769700007,739.2024340399948,0.00032347493106499314,1.0,1.0,1.0,1.0,1.0711111111111112e-05,0.8125,0.0,2.0,medium|hard|easy
test,0,6,46,32,0.5319526370003587,24.57556777800346,739.7349741469952,0.00048093165969476104,1.0,1.0,1.0,1.0,1.0702222222222223e-05,0.90625,0.0,2.0,easy|hard|medium
test,0,6,47,32,0.5313819540024269,25.107558936004352,740.2669652789991,0.0012127556838095188,1.0,1.0,1.0,1.0,1.0693333333333333e-05,1.15625,0.0,2.0,easy|medium|hard
test,0,6,48,32,0.5308465749985771,25.638923074002378,740.7983294519945,0.008848113007843494,1.0,1.0,1.0,1.0,1.0684444444444446e-05,0.9375,0.0,2.0,easy|medium|hard
test,0,6,49,32,0.5322201210001367,26.17168319800112,741.3310895559989,0.03145156800746918,0.9583333333333333,0.96875,0.9761904761904762,0.9660657476139979,1.0675555555555558e-05,0.96875,0.0,2.0,medium|hard|easy
test,0,6,50,32,0.5314069079977344,26.70367756300402,741.8630838339959,0.0003724002162925899,1.0,1.0,1.0,1.0,1.0666666666666667e-05,1.34375,0.0,2.0,medium|easy|hard
test,0,6,51,32,0.5308214620017679,27.23493974000303,742.3943460829978,0.00023245021293405443,1.0,1.0,1.0,1.0,1.0657777777777779e-05,1.1875,0.0,2.0,easy|medium|hard
test,0,6,52,32,0.5319446619978407,27.76750411499961,742.9269104509949,0.0002851146855391562,1.0,1.0,1.0,1.0,1.064888888888889e-05,0.84375,0.0,2.0,hard|easy|medium
test,0,6,53,32,0.531865482997091,28.299980550000328,743.4593868939992,0.000273143348749727,1.0,1.0,1.0,1.0,1.0640000000000001e-05,1.03125,0.0,2.0,medium|easy|hard
test,0,6,54,32,0.5304852479966939,28.831011038004362,743.9904174729963,0.0009737288928590715,1.0,1.0,1.0,1.0,1.0631111111111113e-05,0.875,0.0,2.0,hard|medium|easy
test,0,6,55,32,0.5322764349984936,29.363859672004764,744.523266010001,0.00034298334503546357,1.0,1.0,1.0,1.0,1.0622222222222223e-05,1.09375,0.0,2.0,hard|easy|medium
test,0,6,56,32,0.5316115020032157,29.89609383300558,745.0555001510002,0.00020944609423168004,1.0,1.0,1.0,1.0,1.0613333333333334e-05,0.90625,0.0,2.0,easy|hard|medium
test,0,6,57,32,0.5301473979998264,30.426709673003643,745.5861160119966,0.00030656292801722884,1.0,1.0,1.0,1.0,1.0604444444444445e-05,0.96875,0.0,2.0,medium|hard|easy
test,0,6,58,32,0.5320205909956712,30.95932054900186,746.1187269049988,0.0002041814150288701,1.0,1.0,1.0,1.0,1.0595555555555557e-05,1.0,0.0,2.0,medium|easy|hard
test,0,6,59,32,0.5316983469965635,31.491596437001135,746.6510027830009,0.0002232737315353006,1.0,1.0,1.0,1.0,1.0586666666666668e-05,1.09375,0.0,2.0,easy|medium|hard
test,0,6,60,32,0.5308300069955294,32.022971448001044,747.1823781700004,0.0563812181353569,0.95,0.96875,0.9782608695652174,0.9625730994152046,1.0577777777777778e-05,1.03125,0.0,2.0,hard|medium|easy
test,0,6,61,32,0.5320400380005594,32.555574309000804,747.714980605997,0.0002158003771910444,1.0,1.0,1.0,1.0,1.0568888888888891e-05,1.03125,0.0,2.0,medium|easy|hard
test,0,6,62,32,0.5314794440055266,33.08759128800011,748.2469976159991,0.00028894771821796894,1.0,1.0,1.0,1.0,1.056e-05,0.90625,0.0,2.0,medium|easy|hard
test,0,6,63,32,0.5310845249987324,33.61926977500116,748.7786761349998,0.00023403146769851446,1.0,1.0,1.0,1.0,1.0551111111111112e-05,0.96875,0.0,2.0,hard|medium|easy
test,0,6,64,32,0.5322265270006028,34.152060414002335,749.311466799998,0.00025656228535808623,1.0,1.0,1.0,1.0,1.0542222222222223e-05,0.78125,0.0,2.0,easy|medium|hard
test,0,6,65,32,0.5313508370018099,34.683970600002795,749.8433768779942,0.00026308835367672145,1.0,1.0,1.0,1.0,1.0533333333333333e-05,1.25,0.0,2.0,hard|medium|easy
test,0,6,66,32,0.5317081949979183,35.2162661149996,750.3756724560008,0.0003515754942782223,1.0,1.0,1.0,1.0,1.0524444444444446e-05,0.9375,0.0,2.0,medium|hard|easy
test,0,6,67,32,0.532009823997214,35.74888004200329,750.9082863199947,0.06151985004544258,0.9705882352941176,0.96875,0.96875,0.9687194525904204,1.0515555555555557e-05,0.96875,0.0,2.0,medium|hard|easy
test,0,6,68,32,0.5321723730012309,36.281630826000765,751.4410371880003,0.00021730249864049256,1.0,1.0,1.0,1.0,1.0506666666666667e-05,1.0625,0.0,2.0,medium|hard|easy
test,0,6,69,32,0.5319094239966944,36.81412169900432,751.9735280839959,0.0002148583735106513,1.0,1.0,1.0,1.0,1.0497777777777779e-05,1.125,0.0,2.0,easy|medium|hard
test,0,6,70,32,0.5329429100020207,37.34763412900065,752.5070405399965,0.000640232115983963,1.0,1.0,1.0,1.0,1.048888888888889e-05,1.03125,0.0,2.0,hard|easy|medium
test,0,6,71,32,0.5321174720011186,37.880389288002334,753.0397956469969,0.00019422431068960577,1.0,1.0,1.0,1.0,1.0480000000000001e-05,0.90625,0.0,2.0,hard|medium|easy
test,0,6,72,32,0.5310218089944101,38.41203697500168,753.5714433649991,0.00021243630908429623,1.0,1.0,1.0,1.0,1.0471111111111113e-05,1.15625,0.0,2.0,easy|medium|hard
test,0,6,73,32,0.5301367110005231,38.94272584200371,754.1021321879962,0.0030119132716208696,1.0,1.0,1.0,1.0,1.0462222222222222e-05,1.0,0.0,2.0,easy|hard|medium
test,0,6,74,32,0.5320975849972456,39.47535129899916,754.634757668995,0.00023184457677416503,1.0,1.0,1.0,1.0,1.0453333333333334e-05,1.0625,0.0,2.0,easy|hard|medium
test,0,6,75,32,0.5313024150018464,40.00723611900321,755.1666424629948,0.00018658525368664414,1.0,1.0,1.0,1.0,1.0444444444444445e-05,0.90625,0.0,2.0,easy|hard|medium
test,0,6,76,32,0.5314281039973139,40.53922958000476,755.698635888999,0.00020544252765830606,1.0,1.0,1.0,1.0,1.0435555555555557e-05,1.28125,0.0,2.0,hard|medium|easy
test,0,6,77,32,0.5325481660038349,41.07236938900314,756.2317757459969,0.0001583374396432191,1.0,1.0,1.0,1.0,1.0426666666666668e-05,0.78125,0.0,2.0,easy|hard|medium
test,0,6,78,32,0.5313928550021956,41.60434621600143,756.7637528220002,0.0002158609713660553,1.0,1.0,1.0,1.0,1.0417777777777778e-05,1.1875,0.0,2.0,easy|hard|medium
test,0,6,79,32,0.5308858909993432,42.13582965599926,757.2952359829942,0.00018987174553330988,1.0,1.0,1.0,1.0,1.040888888888889e-05,1.0,0.0,2.0,easy|medium|hard
test,0,6,80,32,0.5317519809977966,42.66811500499898,757.8275213439993,0.00037126627285033464,1.0,1.0,1.0,1.0,1.04e-05,1.09375,0.0,2.0,medium|hard|easy
test,0,6,81,32,0.5315297900015139,43.200252896000165,758.3596592289978,0.00022082201030571014,1.0,1.0,1.0,1.0,1.0391111111111112e-05,0.875,0.0,2.0,easy|hard|medium
test,0,6,82,32,0.5311746750012389,43.73198249500274,758.8913888419993,0.0002110798959620297,1.0,1.0,1.0,1.0,1.0382222222222223e-05,0.96875,0.0,2.0,easy|medium|hard
test,0,6,83,32,0.5318242849971284,44.26439094800298,759.423797313997,0.00026455754414200783,1.0,1.0,1.0,1.0,1.0373333333333335e-05,1.03125,0.0,2.0,easy|medium|hard
test,0,6,84,32,0.5320378340038587,44.79699566400086,759.9564020299949,0.00016523100202903152,1.0,1.0,1.0,1.0,1.0364444444444446e-05,0.875,0.0,2.0,easy|medium|hard
test,0,6,85,32,0.5313494700021693,45.328898415005824,760.4883047469993,0.003956321626901627,1.0,1.0,1.0,1.0,1.0355555555555557e-05,1.0625,0.0,2.0,hard|easy|medium
test,0,6,86,32,0.531249960004061,45.86070666100568,761.0201130059941,0.0002378115023020655,1.0,1.0,1.0,1.0,1.0346666666666667e-05,0.96875,0.0,2.0,easy|medium|hard
test,0,6,87,32,0.5313901210029144,46.39267189500242,761.5520783679967,0.00021104171173647046,1.0,1.0,1.0,1.0,1.0337777777777778e-05,1.0,0.0,2.0,hard|easy|medium
test,0,6,88,32,0.5304604680059128,46.92369508500269,762.0831014020005,0.000213135703234002,1.0,1.0,1.0,1.0,1.032888888888889e-05,0.78125,0.0,2.0,medium|hard|easy
test,0,6,89,32,0.5322181369992904,47.45636384400132,762.6157701650009,0.00046014197869226336,1.0,1.0,1.0,1.0,1.0320000000000001e-05,0.84375,0.0,2.0,hard|easy|medium
test,0,6,90,32,0.5311281460017199,47.98806029600382,763.1474666379945,0.0001643262803554535,1.0,1.0,1.0,1.0,1.0311111111111113e-05,1.15625,0.0,2.0,medium|easy|hard
test,0,6,91,32,0.5304321820003679,48.51903497600142,763.6784413429996,0.00034632417373359203,1.0,1.0,1.0,1.0,1.0302222222222222e-05,0.875,0.0,2.0,medium|easy|hard
test,0,6,92,32,0.5320528160009417,49.051623156999995,764.2110295219973,0.00017897931684274226,1.0,1.0,1.0,1.0,1.0293333333333335e-05,0.96875,0.0,2.0,easy|medium|hard
test,0,6,93,32,0.5317681649976294,49.583905682004115,764.7433120700007,0.00020790472626686096,1.0,1.0,1.0,1.0,1.0284444444444445e-05,1.0625,0.0,2.0,hard|medium|easy
test,0,6,94,32,0.5313054110010853,50.11577745999966,765.2751838080003,0.00017951882909983397,1.0,1.0,1.0,1.0,1.0275555555555556e-05,1.09375,0.0,2.0,hard|easy|medium
test,0,6,95,32,0.5320991580010741,50.648346926005615,765.8077532519965,0.09692423790693283,0.9545454545454546,0.9375,0.9166666666666667,0.9307359307359306,1.0266666666666668e-05,0.90625,0.0,2.0,hard|easy|medium
test,0,6,96,32,0.5316975270034163,51.18059525300487,766.3400016179949,0.0003245181869715452,1.0,1.0,1.0,1.0,1.0257777777777777e-05,1.25,0.0,2.0,medium|hard|easy
test,0,6,97,32,0.5315260330025922,51.712571093004954,766.8719774239944,0.0001793810079107061,1.0,1.0,1.0,1.0,1.024888888888889e-05,1.0625,0.0,2.0,easy|hard|medium
test,0,6,98,32,0.5326943479958572,52.24578742700396,767.4051937699987,0.00013842937187291682,1.0,1.0,1.0,1.0,1.024e-05,1.0625,0.0,2.0,hard|easy|medium
test,0,6,99,32,0.5313970990027883,52.777731128000596,767.9371374929979,0.00018851380445994437,1.0,1.0,1.0,1.0,1.0231111111111112e-05,0.5,0.0,2.0,medium|easy|hard
test,0,6,100,32,0.5316833649994805,53.30997450600262,768.4693808730008,0.0001856962771853432,1.0,1.0,1.0,1.0,1.0222222222222223e-05,1.125,0.0,2.0,easy|hard|medium
test,0,6,101,32,0.5320531680044951,53.842637031004415,769.0020437529965,0.00019177778449375182,1.0,1.0,1.0,1.0,1.0213333333333334e-05,1.0625,0.0,2.0,medium|hard|easy
test,0,6,102,32,0.532257999999274,54.37546650900185,769.5348728509998,0.0001803956984076649,1.0,1.0,1.0,1.0,1.0204444444444446e-05,1.15625,0.0,2.0,medium|easy|hard
test,0,6,103,32,0.5309704879982746,54.907070320005005,770.0664766599948,0.00022096566681284457,1.0,1.0,1.0,1.0,1.0195555555555557e-05,0.84375,0.0,2.0,hard|medium|easy
test,0,6,104,32,0.5298273230000632,55.43745030900027,770.5968566410011,0.00019335016258992255,1.0,1.0,1.0,1.0,1.0186666666666667e-05,1.03125,0.0,2.0,medium|easy|hard
test,0,6,105,32,0.531917483000143,55.96989782500168,771.1293041429963,0.0002110893838107586,1.0,1.0,1.0,1.0,1.0177777777777778e-05,0.96875,0.0,2.0,medium|easy|hard
test,0,6,106,32,0.5316750080019119,56.50212803899922,771.661534316001,0.00014260486932471395,1.0,1.0,1.0,1.0,1.016888888888889e-05,1.15625,0.0,2.0,medium|hard|easy
test,0,6,107,32,0.5311400430000504,57.03385882900329,772.1932652039977,0.0001765954657457769,1.0,1.0,1.0,1.0,1.0160000000000001e-05,0.9375,0.0,2.0,medium|hard|easy
test,0,6,108,32,0.5315897499967832,57.56601150500501,772.7254178459989,0.0002208686782978475,1.0,1.0,1.0,1.0,1.0151111111111112e-05,1.125,0.0,2.0,hard|easy|medium
test,0,6,109,32,0.5308396800028277,58.0974578000023,773.2568641149992,0.00018385372823104262,1.0,1.0,1.0,1.0,1.0142222222222222e-05,0.9375,0.0,2.0,hard|easy|medium
test,0,6,110,32,0.5309846659947652,58.62903889000154,773.7884452309954,0.21788384020328522,0.9736842105263157,0.96875,0.9642857142857143,0.967967967967968,1.0133333333333335e-05,0.9375,0.0,2.0,medium|hard|easy
test,0,6,111,32,0.532458752997627,59.16210375800438,774.3215100979942,0.0001781073515303433,1.0,1.0,1.0,1.0,1.0124444444444445e-05,0.78125,0.0,2.0,easy|hard|medium
test,0,6,112,32,0.5313201500030118,59.694020323004224,774.8534266389979,0.08032581955194473,0.96875,0.96875,0.9705882352941176,0.9687194525904204,1.0115555555555556e-05,1.03125,0.0,2.0,easy|hard|medium
test,0,6,113,32,0.5305830819997936,60.225203444002545,775.3846097939968,0.00015177365276031196,1.0,1.0,1.0,1.0,1.0106666666666668e-05,1.0625,0.0,2.0,hard|easy|medium
test,0,6,114,32,0.5317050490048132,60.75745932599966,775.9168656869952,0.0001738062419462949,1.0,1.0,1.0,1.0,1.0097777777777779e-05,1.25,0.0,2.0,hard|easy|medium
test,0,6,115,32,0.53158483900188,61.28960721700423,776.4490135899978,0.00015372553025372326,1.0,1.0,1.0,1.0,1.008888888888889e-05,1.0,0.0,2.0,easy|medium|hard
test,0,6,116,32,0.5313411769966478,61.82154176100448,776.9809480769982,0.006609919480979443,1.0,1.0,1.0,1.0,1.008e-05,1.0625,0.0,2.0,hard|easy|medium
test,0,6,117,32,0.5329758640000364,62.355114828002115,777.5145210949995,0.00013737920380663127,1.0,1.0,1.0,1.0,1.0071111111111111e-05,0.71875,0.0,2.0,easy|hard|medium
test,0,6,118,32,0.5322144740057411,62.8879533510044,778.0473596749944,0.0003040776355192065,1.0,1.0,1.0,1.0,1.0062222222222223e-05,1.0,0.0,2.0,medium|hard|easy
test,0,6,119,32,0.5314589379995596,63.42006436200609,778.5794706759989,0.00013053663133177906,1.0,1.0,1.0,1.0,1.0053333333333334e-05,1.09375,0.0,2.0,easy|medium|hard
test,0,6,120,32,0.5330183950063656,63.95369115900394,779.113097483998,0.0001711301738396287,1.0,1.0,1.0,1.0,1.0044444444444446e-05,1.125,0.0,2.0,hard|easy|medium
test,0,6,121,32,0.5317930710007204,64.48604358600278,779.6454499440006,0.00016169319860637188,1.0,1.0,1.0,1.0,1.0035555555555557e-05,1.1875,0.0,2.0,medium|hard|easy
test,0,6,122,32,0.530718642003194,65.0174178380039,780.1768241609971,0.0001566268620081246,1.0,1.0,1.0,1.0,1.0026666666666667e-05,1.03125,0.0,2.0,easy|medium|hard
test,0,6,123,32,0.532440350005345,65.550362476999,780.7097688159993,0.22189998626708984,0.9642857142857143,0.96875,0.9736842105263157,0.967967967967968,1.001777777777778e-05,1.125,0.0,2.0,easy|hard|medium
test,0,6,124,32,0.531912172002194,66.08285777400306,781.2422641189987,0.1420077532529831,0.9666666666666667,0.96875,0.9722222222222222,0.9684729064039409,1.000888888888889e-05,0.875,0.0,2.0,easy|medium|hard
test,0,6,125,32,0.5306484909961,66.61403022100421,781.7734365329961,0.00018361359252594411,1.0,1.0,1.0,1.0,1e-05,1.0625,0.0,2.0,easy|hard|medium
test,0,6,126,32,0.5326405079977121,67.14717398000357,782.3065803450008,0.12374195456504822,0.96875,0.96875,0.9705882352941176,0.9687194525904204,9.991111111111112e-06,1.03125,0.0,2.0,medium|easy|hard
test,0,6,127,32,0.5321493310038932,67.67992213600519,782.8393285139973,0.05059729889035225,0.9666666666666667,0.96875,0.9722222222222222,0.9684729064039409,9.982222222222224e-06,0.875,0.0,2.0,medium|easy|hard
test,0,6,128,32,0.531494880997343,68.21199236500252,783.3713986809962,0.00021220490452833474,1.0,1.0,1.0,1.0,9.973333333333333e-06,0.90625,0.0,2.0,easy|medium|hard
test,0,6,129,32,0.5326177570022992,68.74517569800082,783.9045821289983,0.0002183440374210477,1.0,1.0,1.0,1.0,9.964444444444445e-06,0.96875,0.0,2.0,medium|easy|hard
test,0,6,130,32,0.531410308998602,69.2773661780011,784.4367725650009,0.0002086219610646367,1.0,1.0,1.0,1.0,9.955555555555556e-06,1.25,0.0,2.0,easy|medium|hard
test,0,6,131,32,0.5316989729981287,69.80954217600083,784.9689487259966,0.00017208696226589382,1.0,1.0,1.0,1.0,9.946666666666667e-06,1.03125,0.0,2.0,easy|hard|medium
test,0,6,132,32,0.5320634149975376,70.3421215720009,785.5015279159998,0.0001618311507627368,1.0,1.0,1.0,1.0,9.937777777777779e-06,1.03125,0.0,2.0,easy|hard|medium
test,0,6,133,32,0.5316614350012969,70.87438870800543,786.0337950749963,0.00016538830823265016,1.0,1.0,1.0,1.0,9.92888888888889e-06,1.03125,0.0,2.0,hard|medium|easy
test,0,6,134,32,0.5313508410035865,71.40630307900574,786.5657094349954,0.0025070453993976116,1.0,1.0,1.0,1.0,9.920000000000002e-06,1.125,0.0,2.0,medium|hard|easy
test,0,6,135,32,0.5320384229999036,71.93894154900045,787.0983478869966,0.00018964320770464838,1.0,1.0,1.0,1.0,9.911111111111113e-06,1.125,0.0,2.0,medium|easy|hard
test,0,6,136,32,0.5320764810021501,72.47156948799966,787.6309758459975,0.004485183395445347,1.0,1.0,1.0,1.0,9.902222222222223e-06,1.0625,0.0,2.0,hard|easy|medium
test,0,6,137,32,0.5319305280063418,73.0040185100006,788.1634248709961,0.0001980089582502842,1.0,1.0,1.0,1.0,9.893333333333334e-06,1.21875,0.0,2.0,medium|easy|hard
test,0,6,138,32,0.5321807340005762,73.53679531500529,788.6962016479956,0.00018065010954160243,1.0,1.0,1.0,1.0,9.884444444444445e-06,0.875,0.0,2.0,easy|medium|hard
test,0,6,139,32,0.5319864150005742,74.06936520599993,789.2287715809944,0.00014689212548546493,1.0,1.0,1.0,1.0,9.875555555555557e-06,1.28125,0.0,2.0,medium|easy|hard
test,0,6,140,32,0.5311535610017017,74.60106536500098,789.7604717059949,0.00013521869550459087,1.0,1.0,1.0,1.0,9.866666666666668e-06,1.09375,0.0,2.0,medium|hard|easy
test,0,6,141,32,0.5303303459950257,75.131997332006,790.2914036809962,0.00018681219080463052,1.0,1.0,1.0,1.0,9.857777777777778e-06,0.71875,0.0,2.0,easy|medium|hard
test,0,6,142,32,0.5320638900011545,75.66466531500191,790.8240716340006,0.00013970833970233798,1.0,1.0,1.0,1.0,9.84888888888889e-06,1.1875,0.0,2.0,hard|medium|easy
test,0,6,143,32,0.5314951140026096,76.19671381800435,791.3561201389966,0.0019705896265804768,1.0,1.0,1.0,1.0,9.84e-06,0.9375,0.0,2.0,medium|hard|easy
test,0,6,144,32,0.5307004079950275,76.72797961200558,791.8873859779997,0.0002203721523983404,1.0,1.0,1.0,1.0,9.831111111111112e-06,1.0,0.0,2.0,medium|hard|easy
test,0,6,145,32,0.5318501789952279,77.26037139700202,792.4197777289955,0.00015877941041253507,1.0,1.0,1.0,1.0,9.822222222222223e-06,1.03125,0.0,2.0,medium|easy|hard
test,0,6,146,32,0.5313973040028941,77.79240857900004,792.9518149049982,0.00014285978977568448,1.0,1.0,1.0,1.0,9.813333333333333e-06,1.0,0.0,2.0,hard|easy|medium
test,0,6,147,32,0.5313128909983789,78.32423631900019,793.4836426399997,0.00016979766951408237,1.0,1.0,1.0,1.0,9.804444444444444e-06,1.03125,0.0,2.0,medium|easy|hard
test,0,6,148,32,0.5320700680022128,78.85690309100028,794.0163094019954,0.00014701893087476492,1.0,1.0,1.0,1.0,9.795555555555556e-06,0.78125,0.0,2.0,medium|hard|easy
test,0,6,149,32,0.5316839979932411,79.38917497900547,794.5485812939951,0.00020328498794697225,1.0,1.0,1.0,1.0,9.786666666666667e-06,1.0625,0.0,2.0,medium|hard|easy
test,0,6,150,32,0.5313032099948032,79.92100311200193,795.080409381997,0.00016831877292133868,1.0,1.0,1.0,1.0,9.777777777777779e-06,0.9375,0.0,2.0,easy|hard|medium
test,0,6,151,32,0.531302452996897,80.45283048900455,795.6122368159995,0.004572503734380007,1.0,1.0,1.0,1.0,9.76888888888889e-06,0.8125,0.0,2.0,easy|hard|medium
test,0,6,152,32,0.5316199000008055,80.98501256600139,796.1444189009999,0.16916336119174957,0.96875,0.96875,0.9705882352941176,0.9687194525904204,9.760000000000001e-06,1.09375,0.0,2.0,hard|easy|medium
test,0,6,153,32,0.5308833240051172,81.51640550000593,796.6758117770005,0.00013997193309478462,1.0,1.0,1.0,1.0,9.751111111111113e-06,0.875,0.0,2.0,medium|easy|hard
test,0,6,154,32,0.5316890879985294,82.04868004799937,797.208086382001,0.0001480844075558707,1.0,1.0,1.0,1.0,9.742222222222222e-06,1.125,0.0,2.0,medium|hard|easy
test,0,6,155,32,0.5316635290000704,82.58083907400578,797.7402454229959,0.0005630374071188271,1.0,1.0,1.0,1.0,9.733333333333334e-06,1.21875,0.0,2.0,hard|easy|medium
test,0,6,156,32,0.5320491569946171,83.11345843200252,798.2728647139957,0.00016059153131209314,1.0,1.0,1.0,1.0,9.724444444444445e-06,0.9375,0.0,2.0,easy|hard|medium
test,0,6,157,32,0.5318539849977242,83.64590844200575,798.8053147609971,0.000240172550547868,1.0,1.0,1.0,1.0,9.715555555555557e-06,1.0,0.0,2.0,easy|hard|medium
test,0,6,158,32,0.5315447640023194,84.17803407800238,799.3374404549977,0.00013686789316125214,1.0,1.0,1.0,1.0,9.706666666666668e-06,0.875,0.0,2.0,medium|easy|hard
test,0,6,159,32,0.5304092150036013,84.70898943300563,799.8683957869944,0.00017942965496331453,1.0,1.0,1.0,1.0,9.697777777777778e-06,1.0,0.0,2.0,medium|easy|hard
test,0,6,160,32,0.5325031800020952,85.24194025500037,800.4013466129982,0.00016331320512108505,1.0,1.0,1.0,1.0,9.688888888888889e-06,1.03125,0.0,2.0,medium|easy|hard
test,0,6,161,32,0.5315096919948701,85.77390086000378,800.9333073849994,0.0001840755285229534,1.0,1.0,1.0,1.0,9.68e-06,0.78125,0.0,2.0,easy|medium|hard
test,0,6,162,32,0.5315712410010747,86.30596115400112,801.4653674489964,0.00014202736201696098,1.0,1.0,1.0,1.0,9.671111111111112e-06,1.03125,0.0,2.0,medium|easy|hard
test,0,6,163,32,0.5324411870024051,86.83901173600316,801.9984180669999,0.0001297316630370915,1.0,1.0,1.0,1.0,9.662222222222223e-06,1.09375,0.0,2.0,easy|hard|medium
test,0,6,164,32,0.5316124450037023,87.37108626000554,802.5304928289988,0.00019864740897901356,1.0,1.0,1.0,1.0,9.653333333333335e-06,1.21875,0.0,2.0,medium|easy|hard
test,0,6,165,32,0.5307493349973811,87.90246329700312,803.0618696210004,0.00014987762551754713,1.0,1.0,1.0,1.0,9.644444444444444e-06,0.78125,0.0,2.0,medium|easy|hard
test,0,6,166,32,0.532366068000556,88.43526537700382,803.5946716609978,0.16441629827022552,0.96875,0.96875,0.9705882352941176,0.9687194525904204,9.635555555555557e-06,0.84375,0.0,2.0,hard|easy|medium
test,0,6,167,32,0.531519276999461,88.96732336900459,804.1267297249942,0.099513940513134,0.9583333333333333,0.96875,0.9761904761904762,0.9660657476139979,9.626666666666667e-06,1.09375,0.0,2.0,medium|hard|easy
test,0,6,168,32,0.5313533980006468,89.49929554499977,804.658701897999,0.003335026791319251,1.0,1.0,1.0,1.0,9.617777777777778e-06,1.09375,0.0,2.0,medium|easy|hard
test,0,6,169,32,0.5322370630019577,90.03216401600366,805.1915703759951,0.00014533114153891802,1.0,1.0,1.0,1.0,9.60888888888889e-06,1.0,0.0,2.0,hard|easy|medium
test,0,6,170,32,0.5323940710004536,90.56514082800277,805.7245471829956,0.00012356908700894564,1.0,1.0,1.0,1.0,9.600000000000001e-06,1.09375,0.0,2.0,easy|hard|medium
test,0,6,171,32,0.5315148599984241,91.09723317400494,806.2566394909954,0.00015228026313707232,1.0,1.0,1.0,1.0,9.591111111111113e-06,0.96875,0.0,2.0,medium|hard|easy
test,0,6,172,32,0.5321552099994733,91.62988540800143,806.7892917619974,0.00011816104961326346,1.0,1.0,1.0,1.0,9.582222222222222e-06,1.09375,0.0,2.0,hard|easy|medium
test,0,6,173,32,0.5326330159950885,92.16304400499939,807.3224503399979,0.00015908811474218965,1.0,1.0,1.0,1.0,9.573333333333334e-06,0.78125,0.0,2.0,easy|medium|hard
test,0,6,174,32,0.5320730320017901,92.69575506500405,807.8551615819961,0.00014035883941687644,1.0,1.0,1.0,1.0,9.564444444444445e-06,1.0,0.0,2.0,hard|easy|medium
test,0,6,175,32,0.5304902279967791,93.22679259000142,808.3861989069992,0.0001368131343042478,1.0,1.0,1.0,1.0,9.555555555555556e-06,1.03125,0.0,2.0,easy|hard|medium
test,0,6,176,32,0.5317610419951961,93.75909749900165,808.9185038739961,0.00014286363148130476,1.0,1.0,1.0,1.0,9.546666666666668e-06,1.15625,0.0,2.0,hard|easy|medium
test,0,6,177,32,0.5316547859983984,94.29136678200302,809.4507730519981,0.00015241258370224386,1.0,1.0,1.0,1.0,9.537777777777778e-06,1.125,0.0,2.0,easy|medium|hard
test,0,6,178,32,0.5305563959991559,94.82250810100231,809.9819146959999,0.00013418073649518192,1.0,1.0,1.0,1.0,9.528888888888889e-06,1.03125,0.0,2.0,easy|hard|medium
test,0,6,179,32,0.5316133390006144,95.3546590219994,810.514065354997,0.00013360311277210712,1.0,1.0,1.0,1.0,9.52e-06,0.96875,0.0,2.0,hard|easy|medium
test,0,6,180,32,0.5306951679958729,95.88592036400223,811.0453267119956,0.00014992666547186673,1.0,1.0,1.0,1.0,9.511111111111112e-06,0.71875,0.0,2.0,medium|easy|hard
test,0,6,181,32,0.5310026930019376,96.41748294900026,811.5768892810011,0.00014128144539427012,1.0,1.0,1.0,1.0,9.502222222222223e-06,1.0625,0.0,2.0,easy|hard|medium
test,0,6,182,32,0.532314383002813,96.95036170000094,812.1097680069943,0.00017306397785432637,1.0,1.0,1.0,1.0,9.493333333333334e-06,0.90625,0.0,2.0,medium|easy|hard
test,0,6,183,32,0.532193806997384,97.4830497780058,812.642456085996,0.00011439901572884992,1.0,1.0,1.0,1.0,9.484444444444444e-06,1.125,0.0,2.0,hard|easy|medium
test,0,6,184,32,0.5317845729950932,98.01546648600197,813.1748728749953,0.00011998604168184102,1.0,1.0,1.0,1.0,9.475555555555557e-06,0.84375,0.0,2.0,easy|medium|hard
test,0,6,185,32,0.5320455359978951,98.54806158200518,813.7074678979989,0.00013023792416788638,1.0,1.0,1.0,1.0,9.466666666666667e-06,0.9375,0.0,2.0,easy|medium|hard
test,0,6,186,32,0.5319116460013902,99.08061275700311,814.2400190709959,0.00014399841893464327,1.0,1.0,1.0,1.0,9.457777777777778e-06,1.0,0.0,2.0,easy|medium|hard
test,0,6,187,32,0.5312961249946966,99.61253700700036,814.7719433759994,0.0001570352033013478,1.0,1.0,1.0,1.0,9.44888888888889e-06,0.9375,0.0,2.0,medium|easy|hard
test,0,6,188,32,0.531523842997558,100.1445680110046,815.3039743810004,0.00014941852714400738,1.0,1.0,1.0,1.0,9.440000000000001e-06,0.75,0.0,2.0,medium|easy|hard
test,0,6,189,32,0.5317922429967439,100.6768332280044,815.8362396009979,0.00011060341785196215,1.0,1.0,1.0,1.0,9.431111111111112e-06,1.21875,0.0,2.0,hard|medium|easy
test,0,6,190,32,0.5314087169972481,101.2087774190004,816.3681837499971,0.0001210618793265894,1.0,1.0,1.0,1.0,9.422222222222222e-06,1.0,0.0,2.0,easy|hard|medium
test,0,6,191,32,0.5322214179977891,101.74150419500074,816.9009105689984,0.00012894024257548153,1.0,1.0,1.0,1.0,9.413333333333334e-06,0.8125,0.0,2.0,hard|medium|easy
test,0,6,192,32,0.5314391430001706,102.2734966019998,817.4329029189976,0.00016923020302783698,1.0,1.0,1.0,1.0,9.404444444444445e-06,0.90625,0.0,2.0,medium|easy|hard
test,0,6,193,32,0.5308053490007296,102.80490562400519,817.964312033997,0.0001395805593347177,1.0,1.0,1.0,1.0,9.395555555555556e-06,0.9375,0.0,2.0,hard|easy|medium
test,0,6,194,32,0.5318189180034096,103.33727695900598,818.4966832959981,0.00023448909632861614,1.0,1.0,1.0,1.0,9.386666666666668e-06,0.90625,0.0,2.0,easy|medium|hard
test,0,6,195,32,0.5315891869977349,103.86944992700592,819.0288562529968,0.00014401369844563305,1.0,1.0,1.0,1.0,9.377777777777779e-06,1.0625,0.0,2.0,hard|medium|easy
test,0,6,196,32,0.5307714809969184,104.4007488740026,819.5601554719979,0.0007107140263542533,1.0,1.0,1.0,1.0,9.368888888888889e-06,0.96875,0.0,2.0,easy|medium|hard
test,0,6,197,32,0.5321246050007176,104.93339156900038,820.0927979299959,0.0015741533134132624,1.0,1.0,1.0,1.0,9.360000000000002e-06,0.96875,0.0,2.0,medium|easy|hard
test,0,6,198,32,0.5309170489999815,105.46484480200161,820.6242511349992,0.00014282067422755063,1.0,1.0,1.0,1.0,9.351111111111112e-06,1.15625,0.0,2.0,hard|easy|medium
test,0,6,199,32,0.531315963002271,105.99677290900581,821.1561792689972,0.00015438662376254797,1.0,1.0,1.0,1.0,9.342222222222223e-06,0.75,0.0,2.0,hard|easy|medium
test,0,6,200,32,0.5324817000000621,106.52979577800579,821.6892021059975,0.0001453905424568802,1.0,1.0,1.0,1.0,9.333333333333334e-06,1.09375,0.0,2.0,hard|medium|easy
test,0,6,201,32,0.5312082450036542,107.06159064199892,822.2209971880002,0.00016862654592841864,1.0,1.0,1.0,1.0,9.324444444444444e-06,0.71875,0.0,2.0,easy|hard|medium
test,0,6,202,32,0.5307977010015748,107.59297619000426,822.752382531995,0.00018484346219338477,1.0,1.0,1.0,1.0,9.315555555555557e-06,1.125,0.0,2.0,easy|medium|hard
test,0,6,203,32,0.5322768269979861,108.12580182700185,823.2852081569945,0.00017025851411744952,1.0,1.0,1.0,1.0,9.306666666666667e-06,0.90625,0.0,2.0,medium|easy|hard
test,0,6,204,32,0.5319940229965141,108.65832102300192,823.8177273959955,0.00014286978694144636,1.0,1.0,1.0,1.0,9.297777777777778e-06,0.9375,0.0,2.0,hard|medium|easy
test,0,6,205,32,0.5310716509993654,109.18993895200401,824.349345527,0.00011145233293063939,1.0,1.0,1.0,1.0,9.28888888888889e-06,0.90625,0.0,2.0,easy|hard|medium
test,0,6,206,32,0.5304095940009574,109.72095861500566,824.8803649539987,0.00017988236504606903,1.0,1.0,1.0,1.0,9.280000000000001e-06,1.0,0.0,2.0,medium|hard|easy
test,0,6,207,32,0.531962843000656,110.25337567899987,825.4127819979985,0.00012064937618561089,1.0,1.0,1.0,1.0,9.271111111111112e-06,1.09375,0.0,2.0,medium|easy|hard
test,0,6,208,32,0.531330560996139,110.78526971099927,825.9446760200008,0.00021209378610365093,1.0,1.0,1.0,1.0,9.262222222222222e-06,1.0,0.0,2.0,hard|medium|easy
test,0,6,209,32,0.531007272998977,111.31681433400081,826.4762206609958,0.08020003139972687,0.9736842105263157,0.96875,0.9642857142857143,0.967967967967968,9.253333333333333e-06,0.90625,0.0,2.0,medium|hard|easy
test,0,6,210,32,0.5317053270046017,111.84912548799912,827.0085317729972,0.0001427298557246104,1.0,1.0,1.0,1.0,9.244444444444445e-06,1.03125,0.0,2.0,medium|easy|hard
test,0,6,211,32,0.531271444997401,112.38084580400027,827.5402520899952,0.00022448250092566013,1.0,1.0,1.0,1.0,9.235555555555556e-06,0.84375,0.0,2.0,medium|easy|hard
test,0,6,212,32,0.5308994880033424,112.91224143800355,828.0716477940005,0.00017455749912187457,1.0,1.0,1.0,1.0,9.226666666666668e-06,0.75,0.0,2.0,medium|easy|hard
test,0,6,213,32,0.5316358700001729,113.44445113200345,828.6038574699996,0.0002054832293651998,1.0,1.0,1.0,1.0,9.217777777777779e-06,0.9375,0.0,2.0,medium|hard|easy
test,0,6,214,32,0.5319535279995762,113.97695788599958,829.1363642099968,0.0001466116082156077,1.0,1.0,1.0,1.0,9.208888888888889e-06,0.96875,0.0,2.0,hard|medium|easy
test,0,6,215,32,0.5304024520009989,114.50789459500083,829.6673009349979,0.00046681880485266447,1.0,1.0,1.0,1.0,9.200000000000002e-06,0.96875,0.0,2.0,easy|hard|medium
test,0,6,216,32,0.531667388000642,115.04018803100189,830.1995943619986,0.16609349846839905,0.9705882352941176,0.96875,0.96875,0.9687194525904204,9.191111111111111e-06,1.125,0.0,2.0,hard|medium|easy
test,0,6,217,32,0.5314677450005547,115.57219425099902,830.7316005809989,0.00031674583442509174,1.0,1.0,1.0,1.0,9.182222222222223e-06,0.9375,0.0,2.0,medium|hard|easy
test,0,6,218,32,0.5310286690000794,116.10381333200348,831.2632196609993,0.00010575000487733632,1.0,1.0,1.0,1.0,9.173333333333334e-06,1.0625,0.0,2.0,hard|easy|medium
test,0,6,219,32,0.5326823799987324,116.63704690000304,831.7964534349958,0.00011085678124800324,1.0,1.0,1.0,1.0,9.164444444444446e-06,1.15625,0.0,2.0,medium|easy|hard
test,0,6,220,32,0.5316103219956858,117.16913417199976,832.328540536997,0.00012805004371330142,1.0,1.0,1.0,1.0,9.155555555555557e-06,0.65625,0.0,2.0,medium|easy|hard
test,0,6,221,32,0.530589524001698,117.700305381004,832.8597116960009,0.00013771532394457608,1.0,1.0,1.0,1.0,9.146666666666667e-06,0.84375,0.0,2.0,easy|hard|medium
test,0,6,222,32,0.5319593410022208,118.23286461899988,833.3922712169951,0.000135265858261846,1.0,1.0,1.0,1.0,9.137777777777778e-06,1.15625,0.0,2.0,hard|medium|easy
test,0,6,223,32,0.531862750001892,118.76526479900349,833.9246711279993,0.0002640975872054696,1.0,1.0,1.0,1.0,9.12888888888889e-06,0.9375,0.0,2.0,hard|easy|medium
test,0,6,224,32,0.530848677000904,119.29667177300144,834.4560780899992,0.00012727855937555432,1.0,1.0,1.0,1.0,9.12e-06,1.15625,0.0,2.0,hard|easy|medium
test,0,6,225,32,0.5320116889997735,119.82929689199955,834.9887032099941,0.0001304301549680531,1.0,1.0,1.0,1.0,9.111111111111112e-06,0.9375,0.0,2.0,medium|easy|hard
test,0,6,226,32,0.5316609759975108,120.36146296300285,835.520869330001,0.00010866986121982336,1.0,1.0,1.0,1.0,9.102222222222224e-06,0.96875,0.0,2.0,medium|hard|easy
test,0,6,227,32,0.5315592990009463,120.89357821200247,836.0529845720012,0.00012309235171414912,1.0,1.0,1.0,1.0,9.093333333333333e-06,0.6875,0.0,2.0,easy|medium|hard
test,0,6,228,32,0.5319606220000423,121.42611429200042,836.5855206109991,0.00012708354915957898,1.0,1.0,1.0,1.0,9.084444444444446e-06,1.125,0.0,2.0,easy|hard|medium
test,0,6,229,32,0.5312154909988749,121.95784518300206,837.1172515059952,9.541033068671823e-05,1.0,1.0,1.0,1.0,9.075555555555556e-06,0.9375,0.0,2.0,medium|easy|hard
test,0,6,230,32,0.5307522389994119,122.48923025100521,837.648636580001,0.15646637976169586,0.9583333333333333,0.96875,0.9761904761904762,0.9660657476139979,9.066666666666667e-06,0.875,0.0,2.0,medium|easy|hard
test,0,6,231,32,0.5323133989950293,123.0220653360011,838.1814716980007,0.00010730755457188934,1.0,1.0,1.0,1.0,9.057777777777779e-06,0.96875,0.0,2.0,easy|medium|hard
test,0,6,232,32,0.5319510490007815,123.55459216300369,838.7139985079993,0.00011265893408562988,1.0,1.0,1.0,1.0,9.048888888888888e-06,0.71875,0.0,2.0,easy|hard|medium
test,0,6,233,32,0.5315239019982982,124.08671141000377,839.2461179710008,0.00010536264016991481,1.0,1.0,1.0,1.0,9.040000000000002e-06,0.96875,0.0,2.0,easy|hard|medium
test,0,6,234,32,0.5317299330054084,124.61904586200399,839.7784521779977,0.00010383235348854214,1.0,1.0,1.0,1.0,9.031111111111111e-06,0.90625,0.0,2.0,medium|hard|easy
test,0,6,235,32,0.5328578340049717,125.15255251200142,840.311958829996,0.00012536004942376167,1.0,1.0,1.0,1.0,9.022222222222223e-06,1.0,0.0,2.0,medium|hard|easy
test,0,6,236,32,0.5312364920027903,125.68433780399937,840.8437441269998,0.00012309831799939275,1.0,1.0,1.0,1.0,9.013333333333334e-06,1.28125,0.0,2.0,medium|easy|hard
test,0,6,237,32,0.5302540690026945,126.21519122000609,841.3745975849961,0.04187893867492676,0.975,0.96875,0.9615384615384616,0.9671794871794872,9.004444444444445e-06,1.0,0.0,2.0,hard|medium|easy
test,0,6,238,32,0.5322205590055091,126.74798271900363,841.9073889909996,0.00010806341742863879,1.0,1.0,1.0,1.0,8.995555555555557e-06,0.875,0.0,2.0,easy|medium|hard
test,0,6,239,32,0.5316131380022853,127.28009201600071,842.4394982879967,0.00043447563075460494,1.0,1.0,1.0,1.0,8.986666666666666e-06,1.09375,0.0,2.0,medium|easy|hard
test,0,6,240,32,0.5309924149987637,127.81166340400523,842.9710697599949,0.00018042195006273687,1.0,1.0,1.0,1.0,8.977777777777778e-06,0.8125,0.0,2.0,hard|easy|medium
test,0,6,241,32,0.5321590739986277,128.3443837740051,843.5037900989992,0.00015180063201114535,1.0,1.0,1.0,1.0,8.96888888888889e-06,1.125,0.0,2.0,medium|easy|hard
test,0,6,242,32,0.5317647459960426,128.87672243900306,844.0361287739943,0.00010826108336914331,1.0,1.0,1.0,1.0,8.96e-06,1.09375,0.0,2.0,medium|easy|hard
test,0,6,243,32,0.5315648749965476,129.40887039800145,844.5682767609978,0.0001232571667060256,1.0,1.0,1.0,1.0,8.951111111111112e-06,1.0625,0.0,2.0,hard|medium|easy
test,0,6,244,32,0.5319272150009056,129.94132844900014,845.1007348060011,0.0001489015412516892,1.0,1.0,1.0,1.0,8.942222222222223e-06,1.21875,0.0,2.0,hard|medium|easy
test,0,6,245,32,0.531700138002634,130.47359468899958,845.6330010029997,9.704875265015289e-05,1.0,1.0,1.0,1.0,8.933333333333333e-06,1.03125,0.0,2.0,easy|hard|medium
test,0,6,246,32,0.5313552400039043,131.00548838400573,846.1648947029971,0.00011544234439497814,1.0,1.0,1.0,1.0,8.924444444444446e-06,0.9375,0.0,2.0,easy|medium|hard
test,0,6,247,32,0.531930104996718,131.53815369600488,846.6975600529986,0.00011900643585249782,1.0,1.0,1.0,1.0,8.915555555555556e-06,0.96875,0.0,2.0,medium|easy|hard
test,0,6,248,32,0.5319335710009909,132.0705706900044,847.2299770479949,0.00011602468293858692,1.0,1.0,1.0,1.0,8.906666666666667e-06,0.96875,0.0,2.0,medium|hard|easy
test,0,6,249,32,0.5310664509961498,132.6021111700029,847.7615175269966,0.0001222947466885671,1.0,1.0,1.0,1.0,8.897777777777779e-06,1.0625,0.0,2.0,easy|hard|medium
test,0,6,250,32,0.5313491790002445,133.13395537400356,848.2933617480012,0.0001323420146945864,1.0,1.0,1.0,1.0,8.888888888888888e-06,1.09375,0.0,2.0,hard|easy|medium
test,0,7,1,32,0.5337138009999762,0.6177791169975535,858.7913039729974,0.36645862460136414,0.95,0.9375,0.9285714285714286,0.9352226720647774,8.880000000000001e-06,1.0,0.0,2.0,medium|hard|easy
test,0,7,2,32,0.5318715670000529,1.1504243210001732,859.3239456769952,0.00013855076394975185,1.0,1.0,1.0,1.0,8.871111111111111e-06,0.90625,0.0,2.0,hard|medium|easy
test,0,7,3,32,0.5308023880061228,1.6817322650022106,859.8552536290008,0.0001042381118168123,1.0,1.0,1.0,1.0,8.862222222222222e-06,1.09375,0.0,2.0,hard|medium|easy
test,0,7,4,32,0.5322230250021676,2.214506786003767,860.3880281509992,0.00010405778448330238,1.0,1.0,1.0,1.0,8.853333333333334e-06,1.09375,0.0,2.0,easy|hard|medium
test,0,7,5,32,0.5317318939996767,2.7468385879983543,860.9203600209948,0.00036008248571306467,1.0,1.0,1.0,1.0,8.844444444444445e-06,1.03125,0.0,2.0,easy|medium|hard
test,0,7,6,32,0.5308714679995319,3.278145123003924,861.451666549001,0.00010960437066387385,1.0,1.0,1.0,1.0,8.835555555555557e-06,0.96875,0.0,2.0,medium|hard|easy
test,0,7,7,32,0.5322214449988678,3.8109637899979134,861.9844851539965,0.00012364269059617072,1.0,1.0,1.0,1.0,8.826666666666668e-06,0.8125,0.0,2.0,easy|medium|hard
test,0,7,8,32,0.5318870039991452,4.3433830159992795,862.5169043860005,0.00010997008212143555,1.0,1.0,1.0,1.0,8.817777777777778e-06,0.9375,0.0,2.0,hard|easy|medium
test,0,7,9,32,0.5304514309973456,4.874348801000451,863.047870164999,0.00011476376676000655,1.0,1.0,1.0,1.0,8.80888888888889e-06,0.96875,0.0,2.0,hard|medium|easy
test,0,7,10,32,0.5324536469997838,5.407444613003463,863.5809659709994,0.00010310838115401566,1.0,1.0,1.0,1.0,8.8e-06,1.1875,0.0,2.0,hard|medium|easy
test,0,7,11,32,0.5322773279985995,5.940281007999147,864.1138023609965,0.00013123886310495436,1.0,1.0,1.0,1.0,8.791111111111112e-06,1.03125,0.0,2.0,easy|hard|medium
test,0,7,12,32,0.5317822409997461,6.472604401002172,864.6461257529954,0.00011370355787221342,1.0,1.0,1.0,1.0,8.782222222222223e-06,1.125,0.0,2.0,easy|hard|medium
test,0,7,13,32,0.5323303920013132,7.005548963003093,865.1790703279985,0.00011878172517754138,1.0,1.0,1.0,1.0,8.773333333333333e-06,0.96875,0.0,2.0,medium|easy|hard
test,0,7,14,32,0.5317132339987438,7.537785943997733,865.7113073129949,0.05327692627906799,0.96875,0.96875,0.9705882352941176,0.9687194525904204,8.764444444444446e-06,0.96875,0.0,2.0,easy|hard|medium
test,0,7,15,32,0.5314402730000438,8.069770471003721,866.243291834995,0.000252315541729331,1.0,1.0,1.0,1.0,8.755555555555556e-06,0.75,0.0,2.0,medium|easy|hard
test,0,7,16,32,0.5326415570016252,8.602918821001367,866.7764401799941,9.679154754849151e-05,1.0,1.0,1.0,1.0,8.746666666666667e-06,0.875,0.0,2.0,medium|easy|hard
test,0,7,17,32,0.5314566350061796,9.134873959003016,867.3083953219975,0.0001215422380482778,1.0,1.0,1.0,1.0,8.737777777777778e-06,0.9375,0.0,2.0,easy|hard|medium
test,0,7,18,32,0.530908239998098,9.66636707100406,867.8398884380003,0.00012160486949142069,1.0,1.0,1.0,1.0,8.72888888888889e-06,0.875,0.0,2.0,medium|easy|hard
test,0,7,19,32,0.5320873969976674,10.19900462700025,868.3725260189967,8.820616494631395e-05,1.0,1.0,1.0,1.0,8.720000000000001e-06,0.875,0.0,2.0,easy|medium|hard
test,0,7,20,32,0.5327049140032614,10.732290655003453,868.905812074001,0.00012064933980582282,1.0,1.0,1.0,1.0,8.711111111111111e-06,0.9375,0.0,2.0,medium|hard|easy
test,0,7,21,32,0.5311950609975611,11.264059234999877,869.4375806219978,0.0001892914151540026,1.0,1.0,1.0,1.0,8.702222222222222e-06,0.96875,0.0,2.0,hard|easy|medium
test,0,7,22,32,0.5321859780015075,11.796792123997875,869.9703135559976,0.00016196054639294744,1.0,1.0,1.0,1.0,8.693333333333334e-06,1.125,0.0,2.0,hard|easy|medium
test,0,7,23,32,0.5321979340005782,12.329562225997506,870.5030835869984,0.0001314315595664084,1.0,1.0,1.0,1.0,8.684444444444445e-06,0.8125,0.0,2.0,hard|medium|easy
test,0,7,24,32,0.531516165996436,12.86160354599997,871.0351249619998,8.468587475363165e-05,1.0,1.0,1.0,1.0,8.675555555555556e-06,1.15625,0.0,2.0,medium|easy|hard
test,0,7,25,32,0.5302353290026076,13.392390113003785,871.5659114899972,0.00020695378771051764,1.0,1.0,1.0,1.0,8.666666666666668e-06,1.125,0.0,2.0,hard|medium|easy
test,0,7,26,32,0.5322245669958647,13.925152597003034,872.0986739509972,0.00011214975529583171,1.0,1.0,1.0,1.0,8.657777777777778e-06,0.78125,0.0,2.0,easy|medium|hard
test,0,7,27,32,0.531626887001039,14.457362970002578,872.6308843839943,0.00011573146912269294,1.0,1.0,1.0,1.0,8.64888888888889e-06,1.21875,0.0,2.0,medium|hard|easy
test,0,7,28,32,0.5309668020054232,14.988863188998948,873.1623845559952,0.00011181289301021025,1.0,1.0,1.0,1.0,8.64e-06,1.0,0.0,2.0,hard|easy|medium
test,0,7,29,32,0.5324123610043898,15.521761117001006,873.6952825080007,0.00010541083611315116,1.0,1.0,1.0,1.0,8.631111111111112e-06,0.9375,0.0,2.0,easy|medium|hard
test,0,7,30,32,0.5318990159939858,16.054262147998088,874.2277835479981,9.770208271220326e-05,1.0,1.0,1.0,1.0,8.622222222222223e-06,0.96875,0.0,2.0,hard|easy|medium
test,0,7,31,32,0.5313357359991642,16.586254218003887,874.7597756059986,9.239972132490948e-05,1.0,1.0,1.0,1.0,8.613333333333333e-06,1.1875,0.0,2.0,hard|medium|easy
test,0,7,32,32,0.5323865659956937,17.119127425001352,875.2926487839941,9.097340807784349e-05,1.0,1.0,1.0,1.0,8.604444444444446e-06,0.84375,0.0,2.0,easy|medium|hard
test,0,7,33,32,0.531004109994683,17.650668868998764,875.824190235995,0.00010099762585014105,1.0,1.0,1.0,1.0,8.595555555555556e-06,1.03125,0.0,2.0,easy|medium|hard
test,0,7,34,32,0.5307406590000028,18.181967903998157,876.3554892669999,0.0001009113184409216,1.0,1.0,1.0,1.0,8.586666666666667e-06,1.09375,0.0,2.0,medium|easy|hard
test,0,7,35,32,0.5314348009997047,18.7139769839996,876.8874983979986,0.007494856137782335,1.0,1.0,1.0,1.0,8.577777777777778e-06,1.03125,0.0,2.0,medium|easy|hard
test,0,7,36,32,0.5322649480003747,19.246833864999644,877.4203552350009,7.721428119111806e-05,1.0,1.0,1.0,1.0,8.56888888888889e-06,1.15625,0.0,2.0,hard|medium|easy
test,0,7,37,32,0.5309546409989707,19.778305234998697,877.951826646,0.00010329864744562656,1.0,1.0,1.0,1.0,8.560000000000001e-06,1.15625,0.0,2.0,easy|hard|medium
test,0,7,38,32,0.5314581519996864,20.31033158700302,878.4838530089983,8.937193342717364e-05,1.0,1.0,1.0,1.0,8.551111111111112e-06,0.75,0.0,2.0,hard|easy|medium
test,0,7,39,32,0.5322581739965244,20.84316240800399,879.0166838579971,9.219183993991464e-05,1.0,1.0,1.0,1.0,8.542222222222222e-06,1.0,0.0,2.0,easy|hard|medium
test,0,7,40,32,0.5312893549998989,21.374896328998148,879.5484177089966,8.96032724995166e-05,1.0,1.0,1.0,1.0,8.533333333333335e-06,1.03125,0.0,2.0,medium|easy|hard
test,0,7,41,32,0.5320567339949775,21.90752881699882,880.0810501739979,8.658631850266829e-05,1.0,1.0,1.0,1.0,8.524444444444445e-06,0.875,0.0,2.0,easy|hard|medium
test,0,7,42,32,0.5319072330021299,22.439892570000666,880.6134139739952,0.00018581989570520818,1.0,1.0,1.0,1.0,8.515555555555556e-06,1.125,0.0,2.0,easy|hard|medium
test,0,7,43,32,0.5307273090002127,22.97124015600275,881.1447615329962,9.515270357951522e-05,1.0,1.0,1.0,1.0,8.506666666666668e-06,1.15625,0.0,2.0,medium|hard|easy
test,0,7,44,32,0.5320374439979787,23.503790187998675,881.6773115420001,0.00010307943739462644,1.0,1.0,1.0,1.0,8.497777777777777e-06,0.9375,0.0,2.0,easy|hard|medium
test,0,7,45,32,0.5316815149999456,24.03600252400065,882.2095239009941,0.00018033955711871386,1.0,1.0,1.0,1.0,8.48888888888889e-06,0.90625,0.0,2.0,easy|medium|hard
test,0,7,46,32,0.5305413840032998,24.567109946001437,882.7406313079991,0.22926902770996094,0.9722222222222222,0.96875,0.9666666666666667,0.9684729064039409,8.48e-06,1.09375,0.0,2.0,medium|hard|easy
test,0,7,47,32,0.5326380170008633,25.100348664003832,883.2738701720009,0.22341646254062653,0.9545454545454546,0.96875,0.9772727272727273,0.964562569213732,8.471111111111112e-06,1.21875,0.0,2.0,easy|hard|medium
test,0,7,48,32,0.5316680839969194,25.632573711001896,883.8060951320003,9.944728662958369e-05,1.0,1.0,1.0,1.0,8.462222222222223e-06,0.96875,0.0,2.0,hard|medium|easy
test,0,7,49,32,0.5317470259979018,26.1649171320023,884.3384385159952,0.00011345178063493222,1.0,1.0,1.0,1.0,8.453333333333334e-06,1.09375,0.0,2.0,medium|hard|easy
test,0,7,50,32,0.5322514580038842,26.697710330001428,884.8712317059981,0.00011235446436330676,1.0,1.0,1.0,1.0,8.444444444444446e-06,0.65625,0.0,2.0,medium|easy|hard
test,0,7,51,32,0.531623884999135,27.2299004230008,885.4034217929948,9.543239139020443e-05,1.0,1.0,1.0,1.0,8.435555555555555e-06,0.84375,0.0,2.0,medium|hard|easy
test,0,7,52,32,0.5311890190059785,27.76170878799894,885.9352301510007,8.360260835615918e-05,1.0,1.0,1.0,1.0,8.426666666666667e-06,1.03125,0.0,2.0,medium|hard|easy
test,0,7,53,32,0.5325574610033073,28.294855093998194,886.4683764599977,9.920225420501083e-05,1.0,1.0,1.0,1.0,8.417777777777778e-06,0.84375,0.0,2.0,easy|medium|hard
test,0,7,54,32,0.5316234670026461,28.826994308001304,887.0005159339998,9.60169272730127e-05,1.0,1.0,1.0,1.0,8.40888888888889e-06,0.84375,0.0,2.0,easy|hard|medium
test,0,7,55,32,0.5315198929965845,29.359089388002758,887.532610753995,9.525333734927699e-05,1.0,1.0,1.0,1.0,8.400000000000001e-06,1.09375,0.0,2.0,hard|easy|medium
test,0,7,56,32,0.5324253169965232,29.892073096001695,888.0655944699974,0.00014829430438112468,1.0,1.0,1.0,1.0,8.391111111111112e-06,1.0625,0.0,2.0,medium|hard|easy
test,0,7,57,32,0.5326594630023465,30.42528779100394,888.5988091719992,0.00014358357293531299,1.0,1.0,1.0,1.0,8.382222222222222e-06,0.90625,0.0,2.0,medium|hard|easy
test,0,7,58,32,0.531610083002306,30.957504302001325,889.1310261239996,8.960296690929681e-05,1.0,1.0,1.0,1.0,8.373333333333335e-06,0.9375,0.0,2.0,hard|easy|medium
test,0,7,59,32,0.5317452239978593,31.489785090001533,889.663306456001,0.00011884197010658681,1.0,1.0,1.0,1.0,8.364444444444445e-06,0.875,0.0,2.0,easy|medium|hard
test,0,7,60,32,0.5321705789974658,32.02246467000077,890.1959860329953,0.0001284456520806998,1.0,1.0,1.0,1.0,8.355555555555556e-06,0.84375,0.0,2.0,hard|medium|easy
test,0,7,61,32,0.5312652809952851,32.55428571099765,890.7278072189947,8.073032222455367e-05,1.0,1.0,1.0,1.0,8.346666666666668e-06,0.90625,0.0,2.0,easy|medium|hard
test,0,7,62,32,0.5303116040013265,33.08522862900281,891.2587500739974,0.00010956951882690191,1.0,1.0,1.0,1.0,8.337777777777777e-06,0.96875,0.0,2.0,medium|hard|easy
test,0,7,63,32,0.532074205999379,33.61783873500099,891.7913601019973,0.00010580946400295943,1.0,1.0,1.0,1.0,8.32888888888889e-06,1.0,0.0,2.0,medium|easy|hard
test,0,7,64,32,0.5317042430033325,34.150138689001324,892.3236600719974,0.00011944820289500058,1.0,1.0,1.0,1.0,8.32e-06,0.90625,0.0,2.0,hard|medium|easy
test,0,7,65,32,0.5311982900020666,34.681881565004005,892.8554029309962,0.00011954041110584512,1.0,1.0,1.0,1.0,8.311111111111111e-06,1.03125,0.0,2.0,hard|easy|medium
test,0,7,66,32,0.5320135119982297,35.21443691499735,893.3879585969989,0.00018480457947589457,1.0,1.0,1.0,1.0,8.302222222222223e-06,0.90625,0.0,2.0,hard|medium|easy
test,0,7,67,32,0.5310221229956369,35.74599063200003,893.9195119879951,0.05486208572983742,0.9705882352941176,0.96875,0.96875,0.9687194525904204,8.293333333333334e-06,1.03125,0.0,2.0,easy|medium|hard
test,0,7,68,32,0.5310504600056447,36.277568801997404,894.4510901719987,0.00012100877211196348,1.0,1.0,1.0,1.0,8.284444444444446e-06,1.09375,0.0,2.0,easy|hard|medium
test,0,7,69,32,0.5321021790005034,36.81020978400193,894.9837311629963,8.62656015669927e-05,1.0,1.0,1.0,1.0,8.275555555555557e-06,1.03125,0.0,2.0,medium|hard|easy
test,0,7,70,32,0.5320621400023811,37.3428047990019,895.5163261749985,9.574105934007093e-05,1.0,1.0,1.0,1.0,8.266666666666667e-06,1.09375,0.0,2.0,hard|easy|medium
test,0,7,71,32,0.5311782599965227,37.87453226600337,896.0480536839968,0.00013495670282281935,1.0,1.0,1.0,1.0,8.25777777777778e-06,1.09375,0.0,2.0,easy|medium|hard
test,0,7,72,32,0.5315828989987494,38.406623255999875,896.5801446279947,0.00011605495819821954,1.0,1.0,1.0,1.0,8.24888888888889e-06,0.9375,0.0,2.0,easy|medium|hard
test,0,7,73,32,0.5316413959953934,38.93882796500111,897.1123493339983,0.00010073241719510406,1.0,1.0,1.0,1.0,8.24e-06,1.0625,0.0,2.0,medium|hard|easy
test,0,7,74,32,0.5307739700001548,39.4701372740019,897.6436586689961,0.00011609269859036431,1.0,1.0,1.0,1.0,8.231111111111112e-06,0.96875,0.0,2.0,medium|hard|easy
test,0,7,75,32,0.5320204819945502,40.00271365699882,898.1762350169956,0.00030886850436218083,1.0,1.0,1.0,1.0,8.222222222222222e-06,1.0625,0.0,2.0,hard|easy|medium
test,0,7,76,32,0.5315809649982839,40.53483131000394,898.7083526860006,9.447135380469263e-05,1.0,1.0,1.0,1.0,8.213333333333335e-06,0.90625,0.0,2.0,medium|easy|hard
test,0,7,77,32,0.5305086829976062,41.06597927000257,899.2395006849983,0.00010129914153367281,1.0,1.0,1.0,1.0,8.204444444444445e-06,0.9375,0.0,2.0,easy|medium|hard
test,0,7,78,32,0.5323210860005929,41.59891375100415,899.772435193001,0.00010534384637139738,1.0,1.0,1.0,1.0,8.195555555555556e-06,1.0,0.0,2.0,hard|medium|easy
test,0,7,79,32,0.531822707001993,42.13132631500048,900.3048476889962,0.00011213107063667849,1.0,1.0,1.0,1.0,8.186666666666667e-06,0.6875,0.0,2.0,medium|easy|hard
test,0,7,80,32,0.5308496269935858,42.66275641800166,900.8362778359951,0.0001008551917038858,1.0,1.0,1.0,1.0,8.177777777777779e-06,1.03125,0.0,2.0,medium|easy|hard
test,0,7,81,32,0.5326832860009745,43.196023142998456,901.3695445080011,8.795315807219595e-05,1.0,1.0,1.0,1.0,8.16888888888889e-06,0.65625,0.0,2.0,medium|easy|hard
test,0,7,82,32,0.5316306649983744,43.72819520399935,901.9017166310005,0.00011353494483046234,1.0,1.0,1.0,1.0,8.16e-06,1.1875,0.0,2.0,medium|hard|easy
test,0,7,83,32,0.5313977350015193,44.26015068400011,902.4336720770007,0.00010260277485940605,1.0,1.0,1.0,1.0,8.151111111111111e-06,1.09375,0.0,2.0,easy|medium|hard
test,0,7,84,32,0.5326471109947306,44.79326857699925,902.9667899199994,0.00010537681373534724,1.0,1.0,1.0,1.0,8.142222222222223e-06,1.03125,0.0,2.0,hard|medium|easy
test,0,7,85,32,0.5317473989998689,45.32559816999856,903.4991195539988,9.903395402943715e-05,1.0,1.0,1.0,1.0,8.133333333333334e-06,1.0625,0.0,2.0,hard|easy|medium
test,0,7,86,32,0.5325652190003893,45.85860992500238,904.0321315999972,0.00010531862790230662,1.0,1.0,1.0,1.0,8.124444444444445e-06,1.1875,0.0,2.0,hard|medium|easy
test,0,7,87,32,0.5331716889995732,46.39238295699761,904.5659043829946,9.966753714252263e-05,1.0,1.0,1.0,1.0,8.115555555555557e-06,1.125,0.0,2.0,easy|medium|hard
test,0,7,88,32,0.5312639210023917,46.924157235000166,905.0976786139945,0.00012506952043622732,1.0,1.0,1.0,1.0,8.106666666666666e-06,1.09375,0.0,2.0,hard|easy|medium
test,0,7,89,32,0.5317452839954058,47.456471201003296,905.6299925719941,9.986513032345101e-05,1.0,1.0,1.0,1.0,8.09777777777778e-06,1.34375,0.0,2.0,hard|medium|easy
test,0,7,90,32,0.5322042800034978,47.989253582003585,906.1627749489999,9.115161083173007e-05,1.0,1.0,1.0,1.0,8.08888888888889e-06,1.09375,0.0,2.0,hard|easy|medium
test,0,7,91,32,0.5314859739955864,48.521299430998624,906.6948207979949,8.227204671129584e-05,1.0,1.0,1.0,1.0,8.08e-06,1.25,0.0,2.0,hard|medium|easy
test,0,7,92,32,0.5312906979961554,49.053209883997624,907.2267313209959,0.00012827951286453754,1.0,1.0,1.0,1.0,8.071111111111112e-06,1.03125,0.0,2.0,hard|medium|easy
test,0,7,93,32,0.5327178229999845,49.586482573002286,907.7600039370009,0.00010109063441632316,1.0,1.0,1.0,1.0,8.062222222222222e-06,1.0,0.0,2.0,hard|medium|easy
test,0,7,94,32,0.5323522850012523,50.1194205560023,908.2929420209985,0.00010399129678262398,1.0,1.0,1.0,1.0,8.053333333333335e-06,0.75,0.0,2.0,hard|medium|easy
test,0,7,95,32,0.5320733990010922,50.652074751997134,908.8255961159957,0.00010674192890292034,1.0,1.0,1.0,1.0,8.044444444444444e-06,1.0625,0.0,2.0,hard|medium|easy
test,0,7,96,32,0.5328848119970644,51.185568143002456,909.3590895089947,0.0001212734860018827,1.0,1.0,1.0,1.0,8.035555555555556e-06,0.96875,0.0,2.0,hard|easy|medium
test,0,7,97,32,0.5321090549987275,51.71822193099797,909.8917433059978,9.979394963011146e-05,1.0,1.0,1.0,1.0,8.026666666666667e-06,0.78125,0.0,2.0,easy|hard|medium
test,0,7,98,32,0.5313809610015596,52.25015281599917,910.4236741739951,0.00010171206668019295,1.0,1.0,1.0,1.0,8.017777777777779e-06,1.0,0.0,2.0,easy|medium|hard
test,0,7,99,32,0.5320302749969414,52.782785536997835,910.9563069809956,0.00010986648703692481,1.0,1.0,1.0,1.0,8.00888888888889e-06,1.03125,0.0,2.0,medium|hard|easy
test,0,7,100,32,0.5323642650037073,53.31566611699964,911.489187539999,0.00012437824625521898,1.0,1.0,1.0,1.0,8.000000000000001e-06,1.03125,0.0,2.0,medium|hard|easy
test,0,7,101,32,0.5311880959998234,53.847363018998294,912.0208844399967,0.00010412276606075466,1.0,1.0,1.0,1.0,7.991111111111111e-06,0.84375,0.0,2.0,medium|easy|hard
test,0,7,102,32,0.530632820999017,54.37858940700244,912.5521108179964,0.00010049841512227431,1.0,1.0,1.0,1.0,7.982222222222224e-06,1.21875,0.0,2.0,hard|medium|easy
test,0,7,103,32,0.5321816060022684,54.911374171002535,913.0848955389956,9.231697185896337e-05,1.0,1.0,1.0,1.0,7.973333333333334e-06,1.09375,0.0,2.0,hard|medium|easy
test,0,7,104,32,0.5316862269974081,55.44361973099876,913.6171410929965,0.00022022469784133136,1.0,1.0,1.0,1.0,7.964444444444445e-06,1.1875,0.0,2.0,hard|medium|easy
test,0,7,105,32,0.5311421369988238,55.97536789999867,914.1488892689958,0.0005698760505765676,1.0,1.0,1.0,1.0,7.955555555555557e-06,0.9375,0.0,2.0,hard|medium|easy
test,0,7,106,32,0.5322472100015148,56.5081985900033,914.681719952001,8.265530050266534e-05,1.0,1.0,1.0,1.0,7.946666666666666e-06,1.15625,0.0,2.0,easy|medium|hard
test,0,7,107,32,0.5314269400041667,57.040238604997285,915.213760036997,0.00029883492970839143,1.0,1.0,1.0,1.0,7.93777777777778e-06,1.0625,0.0,2.0,hard|medium|easy
test,0,7,108,32,0.5306080410009599,57.57139059500332,915.7449119589946,0.0031083000358194113,1.0,1.0,1.0,1.0,7.928888888888889e-06,1.15625,0.0,2.0,medium|hard|easy
test,0,7,109,32,0.5319316239983891,58.103922398004215,916.2774438229972,0.0001077980050467886,1.0,1.0,1.0,1.0,7.92e-06,1.03125,0.0,2.0,easy|hard|medium
test,0,7,110,32,0.5316599200014025,58.63613545800035,916.809656819998,0.00011773146979976445,1.0,1.0,1.0,1.0,7.911111111111112e-06,0.875,0.0,2.0,medium|hard|easy
test,0,7,111,32,0.5310073299988289,59.16774170399731,917.3412630859966,0.00013136808411218226,1.0,1.0,1.0,1.0,7.902222222222223e-06,0.84375,0.0,2.0,hard|medium|easy
test,0,7,112,32,0.5314945580030326,59.69980359799956,917.8733250199948,0.00010319137072656304,1.0,1.0,1.0,1.0,7.893333333333335e-06,1.0,0.0,2.0,hard|easy|medium
test,0,7,113,32,0.5315644299989799,60.231863211003656,918.4053848359981,9.781611151993275e-05,1.0,1.0,1.0,1.0,7.884444444444444e-06,0.84375,0.0,2.0,easy|medium|hard
test,0,7,114,32,0.5311279540037503,60.76354656700278,918.9370679380008,0.00010348459181841463,1.0,1.0,1.0,1.0,7.875555555555556e-06,1.03125,0.0,2.0,medium|easy|hard
test,0,7,115,32,0.5321640390029643,61.29623575100413,919.4697571799989,8.849021833157167e-05,1.0,1.0,1.0,1.0,7.866666666666667e-06,1.03125,0.0,2.0,easy|medium|hard
test,0,7,116,32,0.5317747449953458,61.82857580500422,920.0020971669946,8.37045008665882e-05,1.0,1.0,1.0,1.0,7.857777777777778e-06,0.875,0.0,2.0,hard|easy|medium
test,0,7,117,32,0.5309475199974258,62.36004954400414,920.5335709439969,9.841861901804805e-05,1.0,1.0,1.0,1.0,7.84888888888889e-06,1.03125,0.0,2.0,hard|medium|easy
test,0,7,118,32,0.5324575369959348,62.89307687600376,921.066598338999,9.563672938384116e-05,1.0,1.0,1.0,1.0,7.840000000000001e-06,1.1875,0.0,2.0,easy|hard|medium
test,0,7,119,32,0.5314347309977165,63.4250528870034,921.5985742549965,8.221664757002145e-05,1.0,1.0,1.0,1.0,7.831111111111111e-06,1.0625,0.0,2.0,hard|medium|easy
test,0,7,120,32,0.5305836069965153,63.95613450199744,922.1296558760005,0.0018923514289781451,1.0,1.0,1.0,1.0,7.822222222222224e-06,0.6875,0.0,2.0,hard|easy|medium
test,0,7,121,32,0.5325523060018895,64.48921251400316,922.6627338819962,0.00014108001778367907,1.0,1.0,1.0,1.0,7.813333333333334e-06,1.15625,0.0,2.0,easy|medium|hard
test,0,7,122,32,0.5316271179981413,65.02139058199828,923.1949119489946,9.68760869000107e-05,1.0,1.0,1.0,1.0,7.804444444444445e-06,1.15625,0.0,2.0,easy|hard|medium
test,0,7,123,32,0.5313904249996995,65.55336684599752,923.7268882380013,9.787896851776168e-05,1.0,1.0,1.0,1.0,7.795555555555556e-06,1.3125,0.0,2.0,hard|easy|medium
test,0,7,124,32,0.5325617269991199,66.08652225200058,924.2600436909997,0.0001035356690408662,1.0,1.0,1.0,1.0,7.786666666666666e-06,1.125,0.0,2.0,medium|easy|hard
test,0,7,125,32,0.5314723510018666,66.61855407999974,924.7920755239975,9.842570580076426e-05,1.0,1.0,1.0,1.0,7.77777777777778e-06,1.03125,0.0,2.0,hard|medium|easy
test,0,7,126,32,0.5318380829994567,67.15099602300324,925.3245173869946,0.27775484323501587,0.9642857142857143,0.96875,0.9736842105263157,0.967967967967968,7.768888888888889e-06,1.0625,0.0,2.0,medium|hard|easy
test,0,7,127,32,0.5321503130035126,67.68368323500181,925.8572046729969,9.218881314154714e-05,1.0,1.0,1.0,1.0,7.76e-06,0.96875,0.0,2.0,medium|easy|hard
test,0,7,128,32,0.5316948030013009,68.21590934700362,926.3894307169976,0.002671706024557352,1.0,1.0,1.0,1.0,7.751111111111112e-06,1.0,0.0,2.0,medium|easy|hard
test,0,7,129,32,0.5315645310038235,68.74797655399743,926.9214979229946,0.00011932528286706656,1.0,1.0,1.0,1.0,7.742222222222223e-06,1.09375,0.0,2.0,medium|hard|easy
test,0,7,130,32,0.532061044999864,69.2806342440017,927.454155681,0.00010622639092616737,1.0,1.0,1.0,1.0,7.733333333333334e-06,0.96875,0.0,2.0,easy|medium|hard
test,0,7,131,32,0.5324437770032091,69.81366987500223,927.9871912480012,8.15609673736617e-05,1.0,1.0,1.0,1.0,7.724444444444446e-06,1.09375,0.0,2.0,medium|easy|hard
test,0,7,132,32,0.531603282004653,70.34584963200177,928.5193710259991,0.0005577850970439613,1.0,1.0,1.0,1.0,7.715555555555555e-06,1.0,0.0,2.0,medium|easy|hard
test,0,7,133,32,0.5321504399980768,70.8785296069982,929.0520509639973,8.22204165160656e-05,1.0,1.0,1.0,1.0,7.706666666666669e-06,1.1875,0.0,2.0,easy|medium|hard
test,0,7,134,32,0.532445815995743,71.41153079499782,929.5850522190012,8.133771189022809e-05,1.0,1.0,1.0,1.0,7.697777777777778e-06,0.96875,0.0,2.0,easy|hard|medium
test,0,7,135,32,0.5314126079974812,71.94354205200216,930.1170634269947,9.550729009788483e-05,1.0,1.0,1.0,1.0,7.68888888888889e-06,0.90625,0.0,2.0,hard|medium|easy
test,0,7,136,32,0.5317229220017907,72.47583681600372,930.6493582549956,0.00011549625196494162,1.0,1.0,1.0,1.0,7.680000000000001e-06,1.03125,0.0,2.0,easy|hard|medium
test,0,7,137,32,0.53239728200424,73.0088883760036,931.1824097479985,9.65346407610923e-05,1.0,1.0,1.0,1.0,7.67111111111111e-06,0.875,0.0,2.0,easy|medium|hard
test,0,7,138,32,0.5314449079960468,73.54093348600145,931.7144548619981,0.00010416255099698901,1.0,1.0,1.0,1.0,7.662222222222224e-06,1.03125,0.0,2.0,hard|medium|easy
test,0,7,139,32,0.530952563000028,74.07243747400207,932.2459588929996,0.0001030101120704785,1.0,1.0,1.0,1.0,7.653333333333333e-06,0.9375,0.0,2.0,easy|hard|medium
test,0,7,140,32,0.5324445349979214,74.60549927299871,932.779020695998,0.00011047314910683781,1.0,1.0,1.0,1.0,7.644444444444445e-06,0.875,0.0,2.0,hard|easy|medium
test,0,7,141,32,0.5315285149990814,75.13754898500338,933.311070402,8.211579552153125e-05,1.0,1.0,1.0,1.0,7.635555555555556e-06,1.15625,0.0,2.0,hard|easy|medium
test,0,7,142,32,0.5314896609997959,75.66954993800027,933.843071356001,9.137873712461442e-05,1.0,1.0,1.0,1.0,7.626666666666668e-06,0.875,0.0,2.0,hard|medium|easy
test,0,7,143,32,0.5325400660003652,76.20270125399838,934.3762227260013,7.595900387968868e-05,1.0,1.0,1.0,1.0,7.617777777777778e-06,1.0,0.0,2.0,easy|medium|hard
test,0,7,144,32,0.5318567240028642,76.73508585200034,934.9086072819991,0.00010523133096285164,1.0,1.0,1.0,1.0,7.608888888888889e-06,1.0625,0.0,2.0,hard|easy|medium
test,0,7,145,32,0.5308724349961267,77.26658163699904,935.4401030160006,8.93351316335611e-05,1.0,1.0,1.0,1.0,7.600000000000001e-06,0.8125,0.0,2.0,medium|easy|hard
test,0,7,146,32,0.5323681770023541,77.79942021200259,935.9729416429982,7.429768447764218e-05,1.0,1.0,1.0,1.0,7.5911111111111115e-06,1.15625,0.0,2.0,hard|easy|medium
test,0,7,147,32,0.5314933740010019,78.33148360300402,936.5050050249993,8.434745541308075e-05,1.0,1.0,1.0,1.0,7.582222222222223e-06,0.9375,0.0,2.0,hard|easy|medium
test,0,7,148,32,0.5309770820022095,78.86293525300425,937.0364566009957,8.466735744150355e-05,1.0,1.0,1.0,1.0,7.573333333333333e-06,1.25,0.0,2.0,hard|medium|easy
test,0,7,149,32,0.5319161470033578,79.39548137000384,937.5690027439996,9.436703112442046e-05,1.0,1.0,1.0,1.0,7.564444444444446e-06,0.96875,0.0,2.0,hard|easy|medium
test,0,7,150,32,0.5317851809959393,79.92784454699722,938.1013659599994,8.876856736605987e-05,1.0,1.0,1.0,1.0,7.555555555555556e-06,1.09375,0.0,2.0,easy|medium|hard
test,0,7,151,32,0.5308656280030846,80.45929384200281,938.6328152179995,8.825493569020182e-05,1.0,1.0,1.0,1.0,7.5466666666666675e-06,1.09375,0.0,2.0,easy|medium|hard
test,0,7,152,32,0.5315590419995715,80.99144910400355,939.1649705179952,0.00010051141725853086,1.0,1.0,1.0,1.0,7.537777777777778e-06,0.78125,0.0,2.0,hard|medium|easy
test,0,7,153,32,0.5317403610024485,81.5236960090042,939.697217383,9.717076318338513e-05,1.0,1.0,1.0,1.0,7.52888888888889e-06,0.9375,0.0,2.0,hard|medium|easy
test,0,7,154,32,0.5312897690018872,82.05554526599735,940.2290667069974,9.12477116798982e-05,1.0,1.0,1.0,1.0,7.520000000000001e-06,1.0,0.0,2.0,hard|medium|easy
test,0,7,155,32,0.5324321820007754,82.58845765300066,940.761979017996,8.74168035807088e-05,1.0,1.0,1.0,1.0,7.511111111111111e-06,0.96875,0.0,2.0,medium|easy|hard
test,0,7,156,32,0.5316838470025687,83.12073368299752,941.294255115994,9.257507917936891e-05,1.0,1.0,1.0,1.0,7.502222222222223e-06,0.78125,0.0,2.0,medium|hard|easy
test,0,7,157,32,0.530794006997894,83.65213572100038,941.8256571489983,0.00011621906014624983,1.0,1.0,1.0,1.0,7.493333333333333e-06,0.78125,0.0,2.0,hard|easy|medium
test,0,7,158,32,0.5323217580007622,84.18506735499977,942.3585887329973,9.060419688466936e-05,1.0,1.0,1.0,1.0,7.4844444444444455e-06,1.09375,0.0,2.0,hard|easy|medium
test,0,7,159,32,0.5316588810019311,84.71730020399991,942.8908217639982,8.781537326285616e-05,1.0,1.0,1.0,1.0,7.475555555555556e-06,1.0,0.0,2.0,medium|easy|hard
test,0,7,160,32,0.5306221680002636,85.24851376099832,943.4220354399949,9.120535105466843e-05,1.0,1.0,1.0,1.0,7.4666666666666675e-06,0.96875,0.0,2.0,medium|easy|hard
test,0,7,161,32,0.5322538129985332,85.78122716899816,943.9547487929958,7.747107883915305e-05,1.0,1.0,1.0,1.0,7.457777777777778e-06,1.09375,0.0,2.0,hard|easy|medium
test,0,7,162,32,0.5318413499990129,86.313632272002,944.4871536439969,0.002188829006627202,1.0,1.0,1.0,1.0,7.44888888888889e-06,1.125,0.0,2.0,hard|easy|medium
test,0,7,163,32,0.5312082340024062,86.84529637500236,945.018817805998,0.024437706917524338,0.9761904761904762,0.96875,0.9583333333333333,0.9660657476139979,7.440000000000001e-06,0.9375,0.0,2.0,easy|medium|hard
test,0,7,164,32,0.5326234820022364,87.37846661199728,945.5519880409993,7.560868107248098e-05,1.0,1.0,1.0,1.0,7.431111111111111e-06,0.96875,0.0,2.0,medium|hard|easy
test,0,7,165,32,0.5312544170010369,87.9103036680026,946.0838250960005,0.00010485657548997551,1.0,1.0,1.0,1.0,7.422222222222223e-06,0.875,0.0,2.0,easy|hard|medium
test,0,7,166,32,0.5310945570017793,88.44194369600154,946.6154651379984,8.81500673131086e-05,1.0,1.0,1.0,1.0,7.413333333333333e-06,1.0,0.0,2.0,easy|medium|hard
test,0,7,167,32,0.5321274069938227,88.97453377499914,947.1480551579953,6.648256385233253e-05,1.0,1.0,1.0,1.0,7.4044444444444455e-06,1.09375,0.0,2.0,medium|easy|hard
test,0,7,168,32,0.5316836760030128,89.50671963999775,947.680241076996,8.406781125813723e-05,1.0,1.0,1.0,1.0,7.395555555555556e-06,0.9375,0.0,2.0,easy|hard|medium
test,0,7,169,32,0.5312925449979957,90.03856207799981,948.2120834529997,7.927391561679542e-05,1.0,1.0,1.0,1.0,7.386666666666667e-06,1.15625,0.0,2.0,medium|easy|hard
test,0,7,170,32,0.531745571999636,90.57086283500394,948.7443842599969,7.115384505596012e-05,1.0,1.0,1.0,1.0,7.377777777777778e-06,1.0,0.0,2.0,easy|hard|medium
test,0,7,171,32,0.5321783220060752,91.10355209899717,949.277073502999,8.844071271596476e-05,1.0,1.0,1.0,1.0,7.36888888888889e-06,1.03125,0.0,2.0,hard|medium|easy
test,0,7,172,32,0.5309281590016326,91.63503696100088,949.8085583229986,0.00011028860899386927,1.0,1.0,1.0,1.0,7.360000000000001e-06,0.96875,0.0,2.0,medium|hard|easy
test,0,7,173,32,0.5309497159978491,92.1665983050043,950.3401199399959,8.24179223855026e-05,1.0,1.0,1.0,1.0,7.351111111111112e-06,1.0625,0.0,2.0,hard|medium|easy
test,0,7,174,32,0.5325600770011079,92.69977999899857,950.8733013620003,9.007244079839438e-05,1.0,1.0,1.0,1.0,7.342222222222223e-06,0.875,0.0,2.0,hard|medium|easy
test,0,7,175,32,0.5316638250005781,93.23194784799853,951.4054692879945,7.890164852142334e-05,1.0,1.0,1.0,1.0,7.333333333333333e-06,1.03125,0.0,2.0,hard|easy|medium
test,0,7,176,32,0.53091627300455,93.76349230099731,951.937013720999,0.23795035481452942,0.9736842105263157,0.96875,0.9642857142857143,0.967967967967968,7.324444444444445e-06,1.21875,0.0,2.0,medium|easy|hard
test,0,7,177,32,0.5318006730012712,94.29578473100264,952.4693061489961,0.0001104169205063954,1.0,1.0,1.0,1.0,7.315555555555556e-06,0.96875,0.0,2.0,medium|hard|easy
test,0,7,178,32,0.5309732379973866,94.82733223400282,953.0008536569949,8.382949454244226e-05,1.0,1.0,1.0,1.0,7.306666666666667e-06,1.03125,0.0,2.0,medium|easy|hard
test,0,7,179,32,0.5308509089954896,95.35873409300257,953.5322555229941,9.249667346011847e-05,1.0,1.0,1.0,1.0,7.297777777777778e-06,0.875,0.0,2.0,easy|hard|medium
test,0,7,180,32,0.5321124319962109,95.89135696100129,954.0648783329962,0.006856226362287998,1.0,1.0,1.0,1.0,7.28888888888889e-06,1.125,0.0,2.0,hard|easy|medium
test,0,7,181,32,0.5314327710002544,96.42335190700396,954.5968733409973,0.00012279651127755642,1.0,1.0,1.0,1.0,7.280000000000001e-06,0.875,0.0,2.0,easy|medium|hard
test,0,7,182,32,0.5311436539996066,96.95501480899838,955.1285362499984,8.066331793088466e-05,1.0,1.0,1.0,1.0,7.271111111111112e-06,0.9375,0.0,2.0,medium|easy|hard
test,0,7,183,32,0.5320076970019727,97.48763117100316,955.6611525679982,0.17755304276943207,0.9761904761904762,0.96875,0.9583333333333333,0.9660657476139979,7.2622222222222225e-06,0.96875,0.0,2.0,easy|hard|medium
test,0,7,184,32,0.5317435329998261,98.01997457700054,956.1934959549981,0.0002250769321108237,1.0,1.0,1.0,1.0,7.253333333333335e-06,1.1875,0.0,2.0,easy|medium|hard
test,0,7,185,32,0.530626065999968,98.5511373469999,956.7246587139962,7.912880391813815e-05,1.0,1.0,1.0,1.0,7.244444444444445e-06,0.90625,0.0,2.0,medium|hard|easy
test,0,7,186,32,0.532195526000578,99.08392716399976,957.2574488389946,7.575354538857937e-05,1.0,1.0,1.0,1.0,7.235555555555556e-06,1.03125,0.0,2.0,easy|hard|medium
test,0,7,187,32,0.5315558630027226,99.61612606300332,957.7896474929948,0.00010857068991754204,1.0,1.0,1.0,1.0,7.226666666666667e-06,0.75,0.0,2.0,medium|easy|hard
test,0,7,188,32,0.5310944910015678,100.14783560499927,958.3213569849977,0.00010362574539612979,1.0,1.0,1.0,1.0,7.217777777777778e-06,0.9375,0.0,2.0,hard|medium|easy
test,0,7,189,32,0.5319622979950509,100.68037085400283,958.8538922189982,0.00012245617108419538,1.0,1.0,1.0,1.0,7.20888888888889e-06,1.0625,0.0,2.0,easy|medium|hard
test,0,7,190,32,0.5316690699983155,101.21257605600113,959.3860974239942,9.590855916030705e-05,1.0,1.0,1.0,1.0,7.2000000000000005e-06,0.875,0.0,2.0,hard|medium|easy
test,0,7,191,32,0.5306524460029323,101.74367464699753,959.9171960099993,0.00016197157674469054,1.0,1.0,1.0,1.0,7.191111111111112e-06,1.03125,0.0,2.0,hard|medium|easy
test,0,7,192,32,0.53242295000382,102.27655127499747,960.4500726319966,9.859084093477577e-05,1.0,1.0,1.0,1.0,7.1822222222222224e-06,1.15625,0.0,2.0,easy|hard|medium
test,0,7,193,32,0.5318203480055672,102.80896722699981,960.9824886630013,9.416911052539945e-05,1.0,1.0,1.0,1.0,7.173333333333335e-06,0.96875,0.0,2.0,easy|hard|medium
test,0,7,194,32,0.5314737610024167,103.34104173800006,961.5145631729974,8.348291157744825e-05,1.0,1.0,1.0,1.0,7.164444444444445e-06,1.0,0.0,2.0,medium|easy|hard
test,0,7,195,32,0.5323191490024328,103.87395599400043,962.0474773609967,9.179615881294012e-05,1.0,1.0,1.0,1.0,7.155555555555556e-06,0.96875,0.0,2.0,easy|medium|hard
test,0,7,196,32,0.5314009799985797,104.40596851600276,962.5794898839958,0.0031439918093383312,1.0,1.0,1.0,1.0,7.146666666666667e-06,1.1875,0.0,2.0,hard|easy|medium
test,0,7,197,32,0.5312843450010405,104.93784693400085,963.111368318001,0.00011651714885374531,1.0,1.0,1.0,1.0,7.137777777777778e-06,1.0625,0.0,2.0,medium|hard|easy
test,0,7,198,32,0.5323423879963229,105.47073622800235,963.6442578389979,7.133605686249211e-05,1.0,1.0,1.0,1.0,7.12888888888889e-06,0.75,0.0,2.0,easy|hard|medium
test,0,7,199,32,0.531255317000614,106.00246457399771,964.1759859999947,9.532028343528509e-05,1.0,1.0,1.0,1.0,7.1200000000000004e-06,1.03125,0.0,2.0,medium|hard|easy
test,0,7,200,32,0.5318711259969859,106.5348711550032,964.7083925469997,8.16986575955525e-05,1.0,1.0,1.0,1.0,7.111111111111112e-06,0.90625,0.0,2.0,easy|medium|hard
test,0,7,201,32,0.5326599559994065,107.06810652000422,965.2416278999954,9.00763479876332e-05,1.0,1.0,1.0,1.0,7.102222222222222e-06,1.09375,0.0,2.0,hard|easy|medium
test,0,7,202,32,0.531882693998341,107.6006077130005,965.7741291009952,9.716795466374606e-05,1.0,1.0,1.0,1.0,7.093333333333335e-06,1.09375,0.0,2.0,hard|medium|easy
test,0,7,203,32,0.5309546029966441,108.13214064799831,966.305662013001,7.991408347152174e-05,1.0,1.0,1.0,1.0,7.084444444444445e-06,0.90625,0.0,2.0,medium|easy|hard
test,0,7,204,32,0.5314854480020585,108.66419897299784,966.837720341995,7.13696499587968e-05,1.0,1.0,1.0,1.0,7.0755555555555565e-06,1.0,0.0,2.0,medium|hard|easy
test,0,7,205,32,0.5323937150023994,109.19713159499952,967.3706530139971,6.42736631562002e-05,1.0,1.0,1.0,1.0,7.066666666666667e-06,1.03125,0.0,2.0,easy|medium|hard
test,0,7,206,32,0.5313368650022312,109.72905178699875,967.902573153995,0.00016363547183573246,1.0,1.0,1.0,1.0,7.057777777777778e-06,1.0625,0.0,2.0,medium|hard|easy
test,0,7,207,32,0.5303038619967992,110.25994215199898,968.4334635150008,0.00044158234959468246,1.0,1.0,1.0,1.0,7.04888888888889e-06,0.8125,0.0,2.0,medium|hard|easy
test,0,7,208,32,0.5324959229983506,110.79300069800229,968.966522126997,0.00015112671826500446,1.0,1.0,1.0,1.0,7.04e-06,0.96875,0.0,2.0,medium|easy|hard
test,0,7,209,32,0.5314472079990082,111.32497760799743,969.4984989799996,7.633851782884449e-05,1.0,1.0,1.0,1.0,7.031111111111112e-06,0.84375,0.0,2.0,easy|medium|hard
test,0,7,210,32,0.5306188819959061,111.85621386700223,970.0297352959969,0.0001099884684663266,1.0,1.0,1.0,1.0,7.022222222222222e-06,0.9375,0.0,2.0,hard|easy|medium
test,0,7,211,32,0.5322441840035026,112.38905133200024,970.5625727070001,0.00010326621122658253,1.0,1.0,1.0,1.0,7.0133333333333345e-06,1.0,0.0,2.0,hard|easy|medium
test,0,7,212,32,0.5310865749997902,112.92075021700293,971.0942715809942,8.483415876980871e-05,1.0,1.0,1.0,1.0,7.004444444444445e-06,1.125,0.0,2.0,hard|easy|medium
test,0,7,213,32,0.530595288000768,113.45193770000333,971.6254591260004,7.901336357463151e-05,1.0,1.0,1.0,1.0,6.9955555555555564e-06,0.5625,0.0,2.0,hard|easy|medium
test,0,7,214,32,0.5319682379995356,113.9844647380014,972.1579861029968,8.805430843494833e-05,1.0,1.0,1.0,1.0,6.986666666666667e-06,0.78125,0.0,2.0,easy|hard|medium
test,0,7,215,32,0.5319823509998969,114.51702411100268,972.6905454769949,7.710989302722737e-05,1.0,1.0,1.0,1.0,6.977777777777779e-06,1.0,0.0,2.0,hard|medium|easy
test,0,7,216,32,0.5310486129965284,115.04866188800224,973.2221832529976,8.504404104314744e-05,1.0,1.0,1.0,1.0,6.96888888888889e-06,1.125,0.0,2.0,medium|easy|hard
test,0,7,217,32,0.5317856499968912,115.58096484999987,973.7544862779978,0.0003961831680499017,1.0,1.0,1.0,1.0,6.96e-06,0.875,0.0,2.0,hard|easy|medium
test,0,7,218,32,0.531571541003359,116.1131379819999,974.2866593509971,8.535914093954489e-05,1.0,1.0,1.0,1.0,6.951111111111112e-06,1.03125,0.0,2.0,medium|easy|hard
test,0,7,219,32,0.5312062650045846,116.64491410399933,974.8184354939949,9.022033918881789e-05,1.0,1.0,1.0,1.0,6.942222222222222e-06,1.03125,0.0,2.0,medium|hard|easy
test,0,7,220,32,0.5324084000021685,117.17789263500163,975.3514140709958,8.498826355207711e-05,1.0,1.0,1.0,1.0,6.9333333333333344e-06,0.96875,0.0,2.0,medium|easy|hard
test,0,7,221,32,0.5317523339981562,117.71029980599997,975.8838211809998,7.961275696288794e-05,1.0,1.0,1.0,1.0,6.924444444444445e-06,1.03125,0.0,2.0,easy|hard|medium
test,0,7,222,32,0.5308594239977538,118.24162868200074,976.4151500539956,8.269351383205503e-05,1.0,1.0,1.0,1.0,6.915555555555556e-06,1.0625,0.0,2.0,hard|easy|medium
test,0,7,223,32,0.5321620910035563,118.77430164500402,976.9478230669993,9.018019773066044e-05,1.0,1.0,1.0,1.0,6.906666666666667e-06,1.15625,0.0,2.0,easy|medium|hard
test,0,7,224,32,0.5312552010000218,119.30607210600283,977.4795934709982,9.015407704282552e-05,1.0,1.0,1.0,1.0,6.897777777777779e-06,0.96875,0.0,2.0,hard|easy|medium
test,0,7,225,32,0.5308671460006735,119.83754056900216,978.0110619369952,0.06186353415250778,0.9722222222222222,0.96875,0.9666666666666667,0.9684729064039409,6.88888888888889e-06,0.90625,0.0,2.0,easy|medium|hard
test,0,7,226,32,0.532602980005322,120.37071959600144,978.5442409629977,9.178478649118915e-05,1.0,1.0,1.0,1.0,6.88e-06,1.1875,0.0,2.0,medium|hard|easy
test,0,7,227,32,0.5317810749984346,120.90308789900155,979.076609275995,7.927404658403248e-05,1.0,1.0,1.0,1.0,6.871111111111112e-06,0.875,0.0,2.0,medium|easy|hard
test,0,7,228,32,0.5315177410011529,121.43518845899962,979.6087098380012,9.739218512549996e-05,1.0,1.0,1.0,1.0,6.862222222222222e-06,0.78125,0.0,2.0,hard|medium|easy
test,0,7,229,32,0.5324331380033982,121.9680813849991,980.1416027509986,0.00012960433377884328,1.0,1.0,1.0,1.0,6.853333333333334e-06,0.96875,0.0,2.0,easy|hard|medium
test,0,7,230,32,0.5307735680034966,122.49942209700384,980.6729434689987,8.949094626586884e-05,1.0,1.0,1.0,1.0,6.844444444444445e-06,0.84375,0.0,2.0,medium|easy|hard
test,0,7,231,32,0.5314450379955815,123.031424023,981.2049454289954,7.378345617325976e-05,1.0,1.0,1.0,1.0,6.835555555555556e-06,1.09375,0.0,2.0,easy|hard|medium
test,0,7,232,32,0.5319021920004161,123.5639122299981,981.7374336329958,9.085069177672267e-05,1.0,1.0,1.0,1.0,6.826666666666667e-06,1.125,0.0,2.0,hard|easy|medium
test,0,7,233,32,0.5317165340020438,124.09622288899845,982.2697443169964,7.219285180326551e-05,1.0,1.0,1.0,1.0,6.817777777777779e-06,0.8125,0.0,2.0,medium|hard|easy
test,0,7,234,32,0.531308755002101,124.62811287600198,982.8016342490009,7.952754822326824e-05,1.0,1.0,1.0,1.0,6.80888888888889e-06,1.0625,0.0,2.0,hard|medium|easy
test,0,7,235,32,0.5318483910014038,125.16057229499711,983.3340937139947,8.093523501884192e-05,1.0,1.0,1.0,1.0,6.800000000000001e-06,1.4375,0.0,2.0,medium|hard|easy
test,0,7,236,32,0.532297000005201,125.69339506800316,983.8669164559979,7.860727782826871e-05,1.0,1.0,1.0,1.0,6.7911111111111115e-06,1.0,0.0,2.0,easy|medium|hard
test,0,7,237,32,0.5311983909996343,126.22518197700265,984.3987033449957,7.002486381679773e-05,1.0,1.0,1.0,1.0,6.782222222222222e-06,0.71875,0.0,2.0,easy|hard|medium
test,0,7,238,32,0.530894076997356,126.75660334600252,984.930124775994,0.00010164134437218308,1.0,1.0,1.0,1.0,6.773333333333334e-06,1.0625,0.0,2.0,hard|easy|medium
test,0,7,239,32,0.5326088849978987,127.28976136800338,985.4632827870009,6.996885349508375e-05,1.0,1.0,1.0,1.0,6.764444444444445e-06,1.09375,0.0,2.0,medium|hard|easy
test,0,7,240,32,0.5314306159998523,127.82167845199729,985.9951998199977,7.739635475445539e-05,1.0,1.0,1.0,1.0,6.755555555555556e-06,0.9375,0.0,2.0,easy|hard|medium
test,0,7,241,32,0.5312445029994706,128.35347499499767,986.5269964209947,8.270023681689054e-05,1.0,1.0,1.0,1.0,6.746666666666667e-06,1.0,0.0,2.0,hard|medium|easy
test,0,7,242,32,0.53168780800479,128.88570177100337,987.0592232049967,8.087524474831298e-05,1.0,1.0,1.0,1.0,6.737777777777779e-06,0.90625,0.0,2.0,medium|hard|easy
test,0,7,243,32,0.5318710479987203,129.41808595700422,987.5916076319991,0.00011923602141905576,1.0,1.0,1.0,1.0,6.7288888888888895e-06,1.125,0.0,2.0,easy|hard|medium
test,0,7,244,32,0.5307812680039206,129.94942571299907,988.122947085998,7.937454211059958e-05,1.0,1.0,1.0,1.0,6.720000000000001e-06,1.0625,0.0,2.0,medium|hard|easy
test,0,7,245,32,0.5354363629958243,130.48542975800228,988.6589511679995,6.95667986292392e-05,1.0,1.0,1.0,1.0,6.711111111111111e-06,0.8125,0.0,2.0,hard|medium|easy
test,0,7,246,32,0.5317362720015808,131.01787391799735,989.1913952989999,0.00010559217480476946,1.0,1.0,1.0,1.0,6.702222222222224e-06,1.03125,0.0,2.0,medium|easy|hard
test,0,7,247,32,0.531217944000673,131.5498896499994,989.7234110709978,7.18871015124023e-05,1.0,1.0,1.0,1.0,6.693333333333334e-06,0.9375,0.0,2.0,medium|easy|hard
test,0,7,248,32,0.531901153997751,132.08226816500246,990.2557895989958,8.04878945928067e-05,1.0,1.0,1.0,1.0,6.684444444444445e-06,0.8125,0.0,2.0,medium|easy|hard
test,0,7,249,32,0.5308705200004624,132.6135939320011,990.7871155979956,9.553410927765071e-05,1.0,1.0,1.0,1.0,6.675555555555556e-06,1.21875,0.0,2.0,hard|easy|medium
test,0,7,250,32,0.5309218620022875,133.14498195800115,991.3185033269983,7.226291199913248e-05,1.0,1.0,1.0,1.0,6.666666666666667e-06,1.0625,0.0,2.0,easy|hard|medium
test,0,8,1,32,0.5310739890046534,0.6154471909976564,1001.8195722329983,8.716975571587682e-05,1.0,1.0,1.0,1.0,6.657777777777779e-06,0.96875,0.0,2.0,easy|medium|hard
test,0,8,2,32,0.5321663590002572,1.1483801860013045,1002.3525052619952,8.735587471164763e-05,1.0,1.0,1.0,1.0,6.648888888888889e-06,0.625,0.0,2.0,easy|medium|hard
test,0,8,3,32,0.5312899760028813,1.680103519000113,1002.8842285669962,8.693759446032345e-05,1.0,1.0,1.0,1.0,6.640000000000001e-06,1.03125,0.0,2.0,easy|hard|medium
test,0,8,4,32,0.5307027820017538,2.2113314219968743,1003.4154564779965,0.0006396407843567431,1.0,1.0,1.0,1.0,6.631111111111111e-06,1.0,0.0,2.0,hard|easy|medium
test,0,8,5,32,0.5321754420001525,2.7440926950002904,1003.9482177389946,0.00020049745216965675,1.0,1.0,1.0,1.0,6.6222222222222236e-06,1.0,0.0,2.0,easy|hard|medium
test,0,8,6,32,0.5318310840011691,3.2764973849989474,1004.4806226989967,8.02124195615761e-05,1.0,1.0,1.0,1.0,6.613333333333334e-06,1.125,0.0,2.0,hard|easy|medium
test,0,8,7,32,0.5313707800014527,3.8084455909993267,1005.0125706420004,7.729197386652231e-05,1.0,1.0,1.0,1.0,6.604444444444445e-06,0.875,0.0,2.0,easy|medium|hard
test,0,8,8,32,0.5324648809983046,4.341529327000899,1005.5456543499968,0.000675726099871099,1.0,1.0,1.0,1.0,6.595555555555556e-06,0.875,0.0,2.0,hard|medium|easy
test,0,8,9,32,0.5318196130028809,4.873923598002875,1006.0780486539952,7.973579340614378e-05,1.0,1.0,1.0,1.0,6.5866666666666666e-06,1.15625,0.0,2.0,easy|medium|hard
test,0,8,10,32,0.5306076650012983,5.405077691997576,1006.6092027439954,9.58077289396897e-05,1.0,1.0,1.0,1.0,6.577777777777779e-06,0.65625,0.0,2.0,easy|medium|hard
test,0,8,11,32,0.5319005889978143,5.937529747003282,1007.1416549499991,0.00014854699838906527,1.0,1.0,1.0,1.0,6.568888888888889e-06,0.9375,0.0,2.0,hard|easy|medium
test,0,8,12,32,0.5318084000027739,6.469877363000705,1007.6740024199971,0.00028203739202581346,1.0,1.0,1.0,1.0,6.560000000000001e-06,0.8125,0.0,2.0,medium|easy|hard
test,0,8,13,32,0.5308780769992154,7.001306405996729,1008.2054314479974,7.545153493992984e-05,1.0,1.0,1.0,1.0,6.551111111111111e-06,0.75,0.0,2.0,easy|medium|hard
test,0,8,14,32,0.5353395019992604,7.537181412000791,1008.7413064779976,8.994899690151215e-05,1.0,1.0,1.0,1.0,6.5422222222222235e-06,1.03125,0.0,2.0,hard|medium|easy
test,0,8,15,32,0.5320377919997554,8.070081455000036,1009.2742064829945,7.556004857178777e-05,1.0,1.0,1.0,1.0,6.533333333333334e-06,1.03125,0.0,2.0,hard|easy|medium
test,0,8,16,32,0.530908657994587,8.60152328300319,1009.8056482659958,8.373491436941549e-05,1.0,1.0,1.0,1.0,6.524444444444445e-06,0.875,0.0,2.0,medium|hard|easy
test,0,8,17,32,0.5322014350022073,9.134295081996243,1010.3384200979999,0.0001549516018712893,1.0,1.0,1.0,1.0,6.515555555555556e-06,0.84375,0.0,2.0,easy|hard|medium
test,0,8,18,32,0.5316303109939327,9.66649674999644,1010.8706217660001,0.13333381712436676,0.9705882352941176,0.96875,0.96875,0.9687194525904204,6.5066666666666665e-06,1.03125,0.0,2.0,easy|hard|medium
test,0,8,19,32,0.5300489430010202,10.197139087002142,1011.4012640820001,8.17807886051014e-05,1.0,1.0,1.0,1.0,6.497777777777779e-06,0.875,0.0,2.0,hard|easy|medium
test,0,8,20,32,0.5321091750010964,10.729806429997552,1011.9339314479948,8.45821195980534e-05,1.0,1.0,1.0,1.0,6.488888888888889e-06,0.84375,0.0,2.0,easy|hard|medium
test,0,8,21,32,0.5326114519994007,11.26294691899966,1012.4670719119968,9.052061795955524e-05,1.0,1.0,1.0,1.0,6.480000000000001e-06,0.84375,0.0,2.0,easy|medium|hard
test,0,8,22,32,0.5312716309999814,11.794775734997529,1012.9989007449985,0.022506682202219963,0.9666666666666667,0.96875,0.9722222222222222,0.9684729064039409,6.471111111111111e-06,0.84375,0.0,2.0,easy|hard|medium
test,0,8,23,32,0.5327595400012797,12.328054691002762,1013.5321796700009,9.676950867287815e-05,1.0,1.0,1.0,1.0,6.462222222222223e-06,1.15625,0.0,2.0,medium|hard|easy
test,0,8,24,32,0.5315617849992123,12.860110198998882,1014.0642352180002,8.588901982875541e-05,1.0,1.0,1.0,1.0,6.453333333333334e-06,1.0625,0.0,2.0,hard|medium|easy
test,0,8,25,32,0.5317565750010544,13.392456663998018,1014.5965816839962,7.274398376466706e-05,1.0,1.0,1.0,1.0,6.444444444444445e-06,0.96875,0.0,2.0,hard|medium|easy
test,0,8,26,32,0.5330851640028413,13.926149195998732,1015.1302742179978,7.79032488935627e-05,1.0,1.0,1.0,1.0,6.435555555555556e-06,1.125,0.0,2.0,hard|medium|easy
test,0,8,27,32,0.5321948019991396,14.4589307119968,1015.6630557229946,7.153709884732962e-05,1.0,1.0,1.0,1.0,6.426666666666668e-06,1.0,0.0,2.0,medium|hard|easy
test,0,8,28,32,0.531406355999934,14.99092549499619,1016.1950505130008,8.66224363562651e-05,1.0,1.0,1.0,1.0,6.417777777777779e-06,0.8125,0.0,2.0,hard|easy|medium
test,0,8,29,32,0.5323948139994172,15.523827837998397,1016.7279528369982,0.00025992278824560344,1.0,1.0,1.0,1.0,6.408888888888889e-06,1.09375,0.0,2.0,easy|hard|medium
test,0,8,30,32,0.5320624540036079,16.05646767500002,1017.2605930200007,6.93172769388184e-05,1.0,1.0,1.0,1.0,6.4000000000000006e-06,1.21875,0.0,2.0,hard|medium|easy
test,0,8,31,32,0.5317087220028043,16.588778338998964,1017.7929033649998,7.35411886125803e-05,1.0,1.0,1.0,1.0,6.391111111111111e-06,0.96875,0.0,2.0,easy|hard|medium
test,0,8,32,32,0.5320350590045564,17.12139979499625,1018.3255248149944,6.689249130431563e-05,1.0,1.0,1.0,1.0,6.382222222222223e-06,0.8125,0.0,2.0,easy|medium|hard
test,0,8,33,32,0.5321414849968278,17.654132946001482,1018.8582582189993,8.471211913274601e-05,1.0,1.0,1.0,1.0,6.373333333333334e-06,1.09375,0.0,2.0,hard|medium|easy
test,0,8,34,32,0.5314814430021215,18.186150809997343,1019.3902758319964,0.00011948715837206692,1.0,1.0,1.0,1.0,6.364444444444445e-06,0.9375,0.0,2.0,easy|hard|medium
test,0,8,35,32,0.5320059379955637,18.718806509998103,1019.9229315269986,8.503592107445002e-05,1.0,1.0,1.0,1.0,6.355555555555556e-06,1.125,0.0,2.0,medium|easy|hard
test,0,8,36,32,0.5319977370018023,19.25128330499865,1020.4554082819959,8.220135350711644e-05,1.0,1.0,1.0,1.0,6.346666666666668e-06,0.75,0.0,2.0,easy|medium|hard
test,0,8,37,32,0.5313936599995941,19.783248642001126,1020.9873736519949,6.84641272528097e-05,1.0,1.0,1.0,1.0,6.3377777777777786e-06,1.03125,0.0,2.0,hard|medium|easy
test,0,8,38,32,0.5300691869997536,20.313868539997202,1021.5179935699998,6.830778147559613e-05,1.0,1.0,1.0,1.0,6.328888888888889e-06,0.9375,0.0,2.0,medium|easy|hard
test,0,8,39,32,0.5322098149990779,20.846621172997402,1022.0507461789966,7.268784975167364e-05,1.0,1.0,1.0,1.0,6.3200000000000005e-06,1.09375,0.0,2.0,medium|hard|easy
test,0,8,40,32,0.5319032890038216,21.379105310996238,1022.5832303239949,7.611163891851902e-05,1.0,1.0,1.0,1.0,6.311111111111111e-06,0.875,0.0,2.0,easy|hard|medium
test,0,8,41,32,0.5308569240005454,21.910544805003155,1023.1146698179946,6.123774801380932e-05,1.0,1.0,1.0,1.0,6.302222222222223e-06,1.25,0.0,2.0,hard|medium|easy
test,0,8,42,32,0.5319705450019683,22.44309254599648,1023.6472175509989,5.939757465966977e-05,1.0,1.0,1.0,1.0,6.293333333333334e-06,1.09375,0.0,2.0,hard|easy|medium
test,0,8,43,32,0.5309063870008686,22.974552710002172,1024.1786777289963,0.0001515600160928443,1.0,1.0,1.0,1.0,6.284444444444445e-06,0.875,0.0,2.0,hard|medium|easy
test,0,8,44,32,0.5308788129987079,23.505982091002807,1024.710107125,8.520818664692342e-05,1.0,1.0,1.0,1.0,6.275555555555556e-06,1.1875,0.0,2.0,hard|easy|medium
test,0,8,45,32,0.5327279929988435,24.039233363997482,1025.2433583539969,7.764994370518252e-05,1.0,1.0,1.0,1.0,6.266666666666668e-06,1.0625,0.0,2.0,hard|medium|easy
test,0,8,46,32,0.5315789980013506,24.57139320400165,1025.7755184739945,7.859985635150224e-05,1.0,1.0,1.0,1.0,6.2577777777777785e-06,1.0,0.0,2.0,medium|easy|hard
test,0,8,47,32,0.5313773539965041,25.10336364500108,1026.3074886229952,6.613999721594155e-05,1.0,1.0,1.0,1.0,6.24888888888889e-06,1.3125,0.0,2.0,easy|hard|medium
test,0,8,48,32,0.5322152389999246,25.636206762996153,1026.8403317679986,6.720875535393134e-05,1.0,1.0,1.0,1.0,6.24e-06,1.15625,0.0,2.0,hard|easy|medium
test,0,8,49,32,0.5322479079986806,26.169098551996285,1027.373223524999,6.530154496431351e-05,1.0,1.0,1.0,1.0,6.231111111111111e-06,1.09375,0.0,2.0,hard|medium|easy
test,0,8,50,32,0.5308537379969493,26.70046435599943,1027.9045895519957,6.50111396680586e-05,1.0,1.0,1.0,1.0,6.222222222222223e-06,1.0,0.0,2.0,medium|hard|easy
test,0,8,51,32,0.5323257940035546,27.233535473998927,1028.4376604559948,5.9896890888921916e-05,1.0,1.0,1.0,1.0,6.213333333333334e-06,0.90625,0.0,2.0,easy|hard|medium
test,0,8,52,32,0.5319333350053057,27.765964733996952,1028.9700897899966,7.398075831588358e-05,1.0,1.0,1.0,1.0,6.204444444444445e-06,1.0,0.0,2.0,easy|medium|hard
test,0,8,53,32,0.5315930879951338,28.298182680002355,1029.5023077359947,6.473182293120772e-05,1.0,1.0,1.0,1.0,6.195555555555556e-06,1.03125,0.0,2.0,medium|hard|easy
test,0,8,54,32,0.5316032279952196,28.830343984998763,1030.0344690019992,0.26348674297332764,0.96875,0.96875,0.9705882352941176,0.9687194525904204,6.186666666666668e-06,0.78125,0.0,2.0,medium|hard|easy
test,0,8,55,32,0.532119743002113,29.363039812997158,1030.5671648259959,6.384540029102936e-05,1.0,1.0,1.0,1.0,6.177777777777778e-06,0.9375,0.0,2.0,medium|hard|easy
test,0,8,56,32,0.5313545800017891,29.89491698599886,1031.0990419969967,7.58210226194933e-05,1.0,1.0,1.0,1.0,6.16888888888889e-06,1.21875,0.0,2.0,hard|easy|medium
test,0,8,57,32,0.5323527669970645,30.427826152998023,1031.6319512189948,7.406625081785023e-05,1.0,1.0,1.0,1.0,6.16e-06,0.96875,0.0,2.0,easy|medium|hard
test,0,8,58,32,0.5313577089982573,30.959743077000894,1032.1638680869946,6.80946686770767e-05,1.0,1.0,1.0,1.0,6.1511111111111125e-06,0.96875,0.0,2.0,easy|hard|medium
test,0,8,59,32,0.5304257440002402,31.490735811996274,1032.6948608269959,0.007280269637703896,1.0,1.0,1.0,1.0,6.142222222222223e-06,0.9375,0.0,2.0,medium|hard|easy
test,0,8,60,32,0.5323443179950118,32.0236772260032,1033.2278022429964,6.9295012508519e-05,1.0,1.0,1.0,1.0,6.133333333333334e-06,1.0,0.0,2.0,medium|hard|easy
test,0,8,61,32,0.5316708930040477,32.555829259996244,1033.7599543049946,8.685669308761135e-05,1.0,1.0,1.0,1.0,6.124444444444445e-06,1.1875,0.0,2.0,easy|medium|hard
test,0,8,62,32,0.5308153899968602,33.087170771003,1034.291295777999,0.00010844547068700194,1.0,1.0,1.0,1.0,6.1155555555555555e-06,1.15625,0.0,2.0,medium|hard|easy
test,0,8,63,32,0.5322606749978149,33.61992177499633,1034.8240467629948,6.772659253329039e-05,1.0,1.0,1.0,1.0,6.106666666666668e-06,0.84375,0.0,2.0,hard|medium|easy
test,0,8,64,32,0.5320073589973617,34.15248522500042,1035.356610212999,8.081247506197542e-05,1.0,1.0,1.0,1.0,6.097777777777778e-06,0.90625,0.0,2.0,medium|hard|easy
test,0,8,65,32,0.5311564639996504,34.68412085100135,1035.8882459029992,8.0261001130566e-05,1.0,1.0,1.0,1.0,6.08888888888889e-06,0.78125,0.0,2.0,hard|medium|easy
test,0,8,66,32,0.5325719829997979,35.21728930399695,1036.4214143069985,9.022538142744452e-05,1.0,1.0,1.0,1.0,6.08e-06,1.0625,0.0,2.0,medium|easy|hard
test,0,8,67,32,0.5310708500037435,35.74891511500027,1036.9530401369993,8.382173837162554e-05,1.0,1.0,1.0,1.0,6.0711111111111125e-06,0.96875,0.0,2.0,hard|easy|medium
test,0,8,68,32,0.5314317989978008,36.28083293099917,1037.484957941997,7.336962880799547e-05,1.0,1.0,1.0,1.0,6.062222222222223e-06,1.15625,0.0,2.0,easy|hard|medium
test,0,8,69,32,0.5320108200030518,36.813324782000564,1038.017449797997,8.173580863513052e-05,1.0,1.0,1.0,1.0,6.0533333333333335e-06,0.90625,0.0,2.0,hard|easy|medium
test,0,8,70,32,0.5318529630021658,37.34575158700318,1038.549876598001,6.368885806296021e-05,1.0,1.0,1.0,1.0,6.044444444444445e-06,1.21875,0.0,2.0,hard|medium|easy
test,0,8,71,32,0.5314261780004017,37.87763818800158,1039.081763174996,9.733908518683165e-05,1.0,1.0,1.0,1.0,6.0355555555555555e-06,1.0625,0.0,2.0,hard|easy|medium
test,0,8,72,32,0.5302913440027623,38.40852260099928,1039.6126476110003,9.898650750983506e-05,1.0,1.0,1.0,1.0,6.026666666666668e-06,0.6875,0.0,2.0,medium|hard|easy
test,0,8,73,32,0.5320559140018304,38.941126452999015,1040.1452514639968,0.012866036966443062,1.0,1.0,1.0,1.0,6.017777777777778e-06,1.1875,0.0,2.0,easy|medium|hard
test,0,8,74,32,0.5311924410052598,39.47279365199938,1040.6769186829988,7.192715565906838e-05,1.0,1.0,1.0,1.0,6.00888888888889e-06,0.9375,0.0,2.0,medium|easy|hard
test,0,8,75,32,0.5311183130033896,40.004374436000944,1041.2084994889956,7.872148125898093e-05,1.0,1.0,1.0,1.0,6e-06,0.96875,0.0,2.0,easy|medium|hard
test,0,8,76,32,0.5316970810017665,40.5366358350002,1041.7407608959984,0.00012734060874208808,1.0,1.0,1.0,1.0,5.991111111111112e-06,1.0625,0.0,2.0,medium|hard|easy
test,0,8,77,32,0.5312468240008457,41.068399712996325,1042.2725247319977,0.0001009087500278838,1.0,1.0,1.0,1.0,5.982222222222223e-06,0.875,0.0,2.0,medium|easy|hard
test,0,8,78,32,0.5310335220056004,41.60000874900288,1042.804133765996,7.204712164821103e-05,1.0,1.0,1.0,1.0,5.973333333333334e-06,0.84375,0.0,2.0,medium|easy|hard
test,0,8,79,32,0.5321810850000475,42.13277572100196,1043.336900727998,0.00024347506405320019,1.0,1.0,1.0,1.0,5.964444444444445e-06,1.03125,0.0,2.0,hard|easy|medium
test,0,8,80,32,0.5320349850007915,42.665374308002356,1043.8694993190002,0.00032997832749970257,1.0,1.0,1.0,1.0,5.955555555555555e-06,0.875,0.0,2.0,medium|easy|hard
test,0,8,81,32,0.5312572289985837,43.19725715900131,1044.401382168995,8.866354619385675e-05,1.0,1.0,1.0,1.0,5.946666666666668e-06,0.9375,0.0,2.0,easy|medium|hard
test,0,8,82,32,0.5323221899961936,43.73015174600005,1044.9342767790004,6.882545858388767e-05,1.0,1.0,1.0,1.0,5.937777777777778e-06,1.15625,0.0,2.0,medium|hard|easy
test,0,8,83,32,0.5324107499982347,44.26313788600237,1045.4672628900007,7.0829366450198e-05,1.0,1.0,1.0,1.0,5.9288888888888895e-06,1.09375,0.0,2.0,hard|medium|easy
test,0,8,84,32,0.5308633149979869,44.79446207000001,1045.998587039001,0.00034389999927952886,1.0,1.0,1.0,1.0,5.92e-06,1.03125,0.0,2.0,hard|easy|medium
test,0,8,85,32,0.5321211160044186,45.3271769790008,1046.531301998999,6.578966713277623e-05,1.0,1.0,1.0,1.0,5.911111111111112e-06,0.78125,0.0,2.0,easy|hard|medium
test,0,8,86,32,0.5319874689957942,45.859791568997025,1047.0639165859975,7.001720223343e-05,1.0,1.0,1.0,1.0,5.902222222222223e-06,0.96875,0.0,2.0,easy|hard|medium
test,0,8,87,32,0.5312343480036361,46.39153098800307,1047.595656008998,6.068265065550804e-05,1.0,1.0,1.0,1.0,5.893333333333334e-06,0.625,0.0,2.0,easy|medium|hard
test,0,8,88,32,0.5323039420036366,46.924421556002926,1048.1285468259957,7.365300552919507e-05,1.0,1.0,1.0,1.0,5.884444444444445e-06,1.09375,0.0,2.0,hard|medium|easy
test,0,8,89,32,0.5317894510008045,47.45670561100269,1048.6608306229973,0.00020272340043447912,1.0,1.0,1.0,1.0,5.875555555555556e-06,0.96875,0.0,2.0,hard|medium|easy
test,0,8,90,32,0.5308718609958305,47.988080474002345,1049.192205471998,8.005962445167825e-05,1.0,1.0,1.0,1.0,5.8666666666666675e-06,1.25,0.0,2.0,easy|hard|medium
test,0,8,91,32,0.5328367210022407,48.521497904999705,1049.7256229310005,6.381540151778609e-05,1.0,1.0,1.0,1.0,5.857777777777778e-06,1.28125,0.0,2.0,medium|hard|easy
test,0,8,92,32,0.531382389999635,49.05348930400214,1050.2576143359984,8.599714783485979e-05,1.0,1.0,1.0,1.0,5.8488888888888895e-06,1.09375,0.0,2.0,hard|easy|medium
test,0,8,93,32,0.5306440839995048,49.58472925199749,1050.7888542739965,6.502233009086922e-05,1.0,1.0,1.0,1.0,5.84e-06,1.0625,0.0,2.0,hard|medium|easy
test,0,8,94,32,0.5322786129981978,50.117612392998126,1051.321737457998,8.5711624706164e-05,1.0,1.0,1.0,1.0,5.831111111111112e-06,0.875,0.0,2.0,medium|easy|hard
test,0,8,95,32,0.5316836170022725,50.64986529100133,1051.853990306001,7.281091529875994e-05,1.0,1.0,1.0,1.0,5.822222222222223e-06,1.125,0.0,2.0,easy|hard|medium
test,0,8,96,32,0.5310708739998518,51.18153525300295,1052.3856602640008,7.87672761362046e-05,1.0,1.0,1.0,1.0,5.813333333333334e-06,0.8125,0.0,2.0,medium|easy|hard
test,0,8,97,32,0.5326570499964873,51.71464719100186,1052.918772211,7.48675229260698e-05,1.0,1.0,1.0,1.0,5.804444444444445e-06,0.8125,0.0,2.0,medium|hard|easy
test,0,8,98,32,0.5312841640043189,52.246564738001325,1053.450689751,7.79215115471743e-05,1.0,1.0,1.0,1.0,5.795555555555557e-06,1.25,0.0,2.0,hard|medium|easy
test,0,8,99,32,0.5311379820050206,52.77827374399931,1053.9823987479976,6.468637729994953e-05,1.0,1.0,1.0,1.0,5.7866666666666674e-06,1.21875,0.0,2.0,hard|medium|easy
test,0,8,100,32,0.5323351540064323,53.31114232099935,1054.515267335999,0.00023970648180693388,1.0,1.0,1.0,1.0,5.777777777777778e-06,1.34375,0.0,2.0,hard|medium|easy
test,0,8,101,32,0.5314016709962743,53.84306087400182,1055.0471858839956,8.838123176246881e-05,1.0,1.0,1.0,1.0,5.768888888888889e-06,0.84375,0.0,2.0,medium|hard|easy
test,0,8,102,32,0.5316990970022744,54.37531842899625,1055.5794434089985,6.396093522198498e-05,1.0,1.0,1.0,1.0,5.76e-06,1.03125,0.0,2.0,hard|medium|easy
test,0,8,103,32,0.5324981390003813,54.908305598997686,1056.1124305839985,6.969365495024249e-05,1.0,1.0,1.0,1.0,5.751111111111112e-06,0.9375,0.0,2.0,easy|medium|hard
test,0,8,104,32,0.5324350049995701,55.441298053003266,1056.6454230659947,6.49405992589891e-05,1.0,1.0,1.0,1.0,5.742222222222223e-06,0.96875,0.0,2.0,hard|easy|medium
test,0,8,105,32,0.5314777070016135,55.973358853996615,1057.1774838749989,7.725695468252525e-05,1.0,1.0,1.0,1.0,5.733333333333334e-06,0.90625,0.0,2.0,medium|easy|hard
test,0,8,106,32,0.5317577799942228,56.505695264997485,1057.7098202779962,7.97201573732309e-05,1.0,1.0,1.0,1.0,5.724444444444445e-06,0.75,0.0,2.0,medium|easy|hard
test,0,8,107,32,0.5323983600028441,57.038597031998506,1058.2427220589962,7.437226304318756e-05,1.0,1.0,1.0,1.0,5.715555555555557e-06,0.9375,0.0,2.0,hard|easy|medium
test,0,8,108,32,0.5311962929990841,57.57028054999682,1058.7744055669973,0.0019528599223122,1.0,1.0,1.0,1.0,5.706666666666667e-06,1.125,0.0,2.0,hard|medium|easy
test,0,8,109,32,0.5306486489935196,58.10149659700255,1059.3056216289988,0.23125536739826202,0.9642857142857143,0.96875,0.9736842105263157,0.967967967967968,5.697777777777779e-06,1.15625,0.0,2.0,medium|hard|easy
test,0,8,110,32,0.5320326759974705,58.63415174200054,1059.8382767689982,0.2748560309410095,0.9761904761904762,0.96875,0.9583333333333333,0.9660657476139979,5.688888888888889e-06,0.84375,0.0,2.0,easy|hard|medium
test,0,8,111,32,0.5313156929987599,59.166026033999515,1060.3701510799947,7.145920244511217e-05,1.0,1.0,1.0,1.0,5.68e-06,1.15625,0.0,2.0,hard|easy|medium
test,0,8,112,32,0.5313335280006868,59.69786026600195,1060.9019853469945,7.275905227288604e-05,1.0,1.0,1.0,1.0,5.671111111111112e-06,0.875,0.0,2.0,hard|easy|medium
test,0,8,113,32,0.5317537660012022,60.23012321999704,1061.4342482840002,7.453912257915363e-05,1.0,1.0,1.0,1.0,5.662222222222223e-06,0.8125,0.0,2.0,medium|easy|hard
test,0,8,114,32,0.5308691250029369,60.76151409099839,1061.9656391429962,7.047574763419107e-05,1.0,1.0,1.0,1.0,5.653333333333334e-06,1.09375,0.0,2.0,easy|hard|medium
test,0,8,115,32,0.53114343299967,61.29324671399809,1062.4973717299945,6.153944559628144e-05,1.0,1.0,1.0,1.0,5.6444444444444445e-06,0.78125,0.0,2.0,easy|medium|hard
test,0,8,116,32,0.532507475996681,61.82632481800101,1063.0304498459955,9.222856897395104e-05,1.0,1.0,1.0,1.0,5.635555555555557e-06,1.28125,0.0,2.0,medium|hard|easy
test,0,8,117,32,0.5313532549989759,62.35829990499769,1063.5624249449975,8.709235407877713e-05,1.0,1.0,1.0,1.0,5.626666666666667e-06,0.96875,0.0,2.0,medium|easy|hard
test,0,8,118,32,0.530642623998574,62.88950416300213,1064.0936292019978,6.234370812308043e-05,1.0,1.0,1.0,1.0,5.617777777777779e-06,1.21875,0.0,2.0,medium|hard|easy
test,0,8,119,32,0.5320824070004164,63.42217922100099,1064.6263042779974,0.00012374752259347588,1.0,1.0,1.0,1.0,5.608888888888889e-06,1.03125,0.0,2.0,medium|easy|hard
test,0,8,120,32,0.5316365069957101,63.9542747939995,1065.1583998239948,8.23317386675626e-05,1.0,1.0,1.0,1.0,5.600000000000001e-06,1.0,0.0,2.0,easy|hard|medium
test,0,8,121,32,0.5312065449979855,64.48603029899823,1065.6901553339994,9.729110752232373e-05,1.0,1.0,1.0,1.0,5.591111111111112e-06,1.125,0.0,2.0,hard|medium|easy
test,0,8,122,32,0.5318968990031863,65.0185299329969,1066.222655007994,0.00010734550596680492,1.0,1.0,1.0,1.0,5.5822222222222225e-06,1.0,0.0,2.0,hard|medium|easy
test,0,8,123,32,0.5316785430040909,65.55074399399746,1066.7548690330004,0.00010622206900734454,1.0,1.0,1.0,1.0,5.573333333333334e-06,1.125,0.0,2.0,hard|medium|easy
test,0,8,124,32,0.5302962439964176,66.08163874800084,1067.2857637589987,8.543801959604025e-05,1.0,1.0,1.0,1.0,5.5644444444444444e-06,1.25,0.0,2.0,medium|hard|easy
test,0,8,125,32,0.532159362002858,66.61431714799983,1067.818442183001,0.09714111685752869,0.9722222222222222,0.96875,0.9666666666666667,0.9684729064039409,5.555555555555557e-06,1.125,0.0,2.0,medium|hard|easy
test,0,8,126,32,0.5318177750014002,67.14678164500219,1068.3509067060004,0.00012070711090927944,1.0,1.0,1.0,1.0,5.546666666666667e-06,1.1875,0.0,2.0,easy|hard|medium
test,0,8,127,32,0.5303187099998468,67.67758810600208,1068.8817131449978,9.058897558134049e-05,1.0,1.0,1.0,1.0,5.537777777777779e-06,0.875,0.0,2.0,easy|medium|hard
test,0,8,128,32,0.5328716760050156,68.2110638209997,1069.4151888749984,8.347540278919041e-05,1.0,1.0,1.0,1.0,5.528888888888889e-06,1.21875,0.0,2.0,medium|easy|hard
test,0,8,129,32,0.5320450049985084,68.74371907600289,1069.9478444630004,8.685384091222659e-05,1.0,1.0,1.0,1.0,5.5200000000000005e-06,0.9375,0.0,2.0,medium|hard|easy
test,0,8,130,32,0.5311923420013045,69.2754673879972,1070.4795924360005,7.639809336978942e-05,1.0,1.0,1.0,1.0,5.511111111111112e-06,1.125,0.0,2.0,easy|hard|medium
test,0,8,131,32,0.5323409909979091,69.80841462499666,1071.0125399239987,0.00010909033881034702,1.0,1.0,1.0,1.0,5.5022222222222224e-06,0.90625,0.0,2.0,medium|hard|easy
test,0,8,132,32,0.5317221110017272,70.3407279460007,1071.5448530020003,0.00011837905185529962,1.0,1.0,1.0,1.0,5.493333333333334e-06,0.8125,0.0,2.0,hard|medium|easy
test,0,8,133,32,0.531134832999669,70.87245016000088,1072.0765751859944,0.00010171929170610383,1.0,1.0,1.0,1.0,5.484444444444444e-06,1.125,0.0,2.0,hard|medium|easy
test,0,8,134,32,0.5327101509974455,71.40562641999713,1072.6097514619978,8.873108890838921e-05,1.0,1.0,1.0,1.0,5.475555555555557e-06,0.96875,0.0,2.0,hard|easy|medium
test,0,8,135,32,0.5314249009970808,71.93754439100303,1073.1416694430009,9.538734593661502e-05,1.0,1.0,1.0,1.0,5.466666666666667e-06,1.0625,0.0,2.0,hard|easy|medium
test,0,8,136,32,0.5312572209950304,72.46940858999733,1073.673533657995,0.00013440738257486373,1.0,1.0,1.0,1.0,5.4577777777777785e-06,0.71875,0.0,2.0,easy|hard|medium
test,0,8,137,32,0.5321075439933338,73.0020995110026,1074.206224556001,8.226066711358726e-05,1.0,1.0,1.0,1.0,5.448888888888889e-06,1.0,0.0,2.0,hard|easy|medium
test,0,8,138,32,0.5319348039993201,73.53455469299661,1074.7386797329964,0.00010754137474577874,1.0,1.0,1.0,1.0,5.4400000000000004e-06,1.0,0.0,2.0,easy|medium|hard
test,0,8,139,32,0.5318052950024139,74.06697057600104,1075.2710956309966,9.449645585846156e-05,1.0,1.0,1.0,1.0,5.431111111111112e-06,1.0,0.0,2.0,easy|hard|medium
test,0,8,140,32,0.531797555006051,74.59923078500287,1075.8033559329997,0.00010535080946283415,1.0,1.0,1.0,1.0,5.422222222222223e-06,0.84375,0.0,2.0,hard|easy|medium
test,0,8,141,32,0.5319141310028499,75.13173785300023,1076.3358629110007,9.661276999395341e-05,1.0,1.0,1.0,1.0,5.413333333333334e-06,0.96875,0.0,2.0,hard|easy|medium
test,0,8,142,32,0.5315407230009441,75.663778877999,1076.8679039339986,0.00015059691213537008,1.0,1.0,1.0,1.0,5.404444444444444e-06,1.0,0.0,2.0,hard|medium|easy
test,0,8,143,32,0.5309445999955642,76.1953476330018,1077.399472692996,9.213175508193672e-05,1.0,1.0,1.0,1.0,5.3955555555555565e-06,1.0625,0.0,2.0,easy|medium|hard
test,0,8,144,32,0.532062780999695,76.72797640300269,1077.9321017010006,9.90674743661657e-05,1.0,1.0,1.0,1.0,5.386666666666667e-06,1.125,0.0,2.0,hard|medium|easy
test,0,8,145,32,0.531613933002518,77.2601796960007,1078.4643047059944,0.00014253129484131932,1.0,1.0,1.0,1.0,5.3777777777777784e-06,1.03125,0.0,2.0,hard|easy|medium
test,0,8,146,32,0.5310784070024965,77.79169485499733,1078.9958198979948,9.640062489779666e-05,1.0,1.0,1.0,1.0,5.368888888888889e-06,1.0625,0.0,2.0,medium|hard|easy
test,0,8,147,32,0.5319577260015649,78.32426850699994,1079.5283935679981,0.00012516854621935636,1.0,1.0,1.0,1.0,5.36e-06,0.9375,0.0,2.0,easy|hard|medium
test,0,8,148,32,0.5313559049973264,78.8561723189996,1080.0602973529967,0.00011805519898189232,1.0,1.0,1.0,1.0,5.351111111111112e-06,0.90625,0.0,2.0,hard|easy|medium
test,0,8,149,32,0.530757052001718,79.38741796200338,1080.5915430159948,0.00011582933075260371,1.0,1.0,1.0,1.0,5.342222222222223e-06,1.09375,0.0,2.0,easy|medium|hard
test,0,8,150,32,0.5319920699985232,79.92000606199872,1081.1241310769983,0.0001122490648413077,1.0,1.0,1.0,1.0,5.333333333333334e-06,0.96875,0.0,2.0,hard|medium|easy
test,0,8,151,32,0.5318095849943347,80.45238192199758,1081.656506995998,0.00012208535918034613,1.0,1.0,1.0,1.0,5.324444444444445e-06,1.0625,0.0,2.0,hard|medium|easy
test,0,8,152,32,0.5307187880025594,80.9836916389977,1082.1878167109971,8.82429740158841e-05,1.0,1.0,1.0,1.0,5.3155555555555564e-06,1.03125,0.0,2.0,medium|easy|hard
test,0,8,153,32,0.5322691170003964,81.516539147,1082.7206641579978,0.00010131319868378341,1.0,1.0,1.0,1.0,5.306666666666667e-06,1.21875,0.0,2.0,hard|easy|medium
test,0,8,154,32,0.5318136580026476,82.04892363600084,1083.2530489509954,0.00010140328959096223,1.0,1.0,1.0,1.0,5.297777777777778e-06,1.125,0.0,2.0,hard|medium|easy
test,0,8,155,32,0.5309273370003211,82.58038778100308,1083.784512827995,0.00010184234997723252,1.0,1.0,1.0,1.0,5.288888888888889e-06,0.78125,0.0,2.0,medium|easy|hard
test,0,8,156,32,0.5320424180026748,83.11290126999666,1084.317026316996,9.361360571347177e-05,1.0,1.0,1.0,1.0,5.28e-06,1.09375,0.0,2.0,easy|medium|hard
test,0,8,157,32,0.5315763109974796,83.6450072430016,1084.8491322959962,9.952149412129074e-05,1.0,1.0,1.0,1.0,5.271111111111112e-06,1.1875,0.0,2.0,medium|hard|easy
test,0,8,158,32,0.5310227980007767,84.17662950300291,1085.3807545309974,0.00010163670958718285,1.0,1.0,1.0,1.0,5.262222222222223e-06,1.34375,0.0,2.0,hard|easy|medium
test,0,8,159,32,0.5330386350033223,84.71019439899828,1085.914319522999,8.741257624933496e-05,1.0,1.0,1.0,1.0,5.2533333333333336e-06,1.15625,0.0,2.0,medium|hard|easy
test,0,8,160,32,0.5317718250007601,85.24254109199683,1086.4466660889957,0.00010146557906409726,1.0,1.0,1.0,1.0,5.244444444444445e-06,1.03125,0.0,2.0,medium|hard|easy
test,0,8,161,32,0.5302833079986158,85.77341496799636,1086.9775400229992,9.842282452154905e-05,1.0,1.0,1.0,1.0,5.235555555555556e-06,0.6875,0.0,2.0,hard|medium|easy
test,0,8,162,32,0.5320977640003548,86.30618017000234,1087.5103052949999,0.00020626478362828493,1.0,1.0,1.0,1.0,5.226666666666667e-06,0.8125,0.0,2.0,medium|easy|hard
test,0,8,163,32,0.5314966340010869,86.83819260999735,1088.0423176589975,0.00010687061148928478,1.0,1.0,1.0,1.0,5.217777777777778e-06,0.96875,0.0,2.0,hard|easy|medium
test,0,8,164,32,0.5311428179993527,87.36998858299921,1088.5741136180004,9.095115819945931e-05,1.0,1.0,1.0,1.0,5.208888888888889e-06,0.875,0.0,2.0,hard|easy|medium
test,0,8,165,32,0.5343699309960357,87.90495669600205,1089.109081789,8.297181921079755e-05,1.0,1.0,1.0,1.0,5.2e-06,0.875,0.0,2.0,hard|easy|medium
test,0,8,166,32,0.5322504529976868,88.43791772999975,1089.6420426979967,8.823940879665315e-05,1.0,1.0,1.0,1.0,5.1911111111111116e-06,0.90625,0.0,2.0,easy|hard|medium
test,0,8,167,32,0.5312454930026433,88.96969757600164,1090.1738226269954,9.172147838398814e-05,1.0,1.0,1.0,1.0,5.182222222222223e-06,0.78125,0.0,2.0,medium|hard|easy
test,0,8,168,32,0.5326869819982676,89.50295453400031,1090.7070795939944,7.482999353669584e-05,1.0,1.0,1.0,1.0,5.1733333333333335e-06,1.0,0.0,2.0,medium|easy|hard
test,0,8,169,32,0.5313558299967553,90.03475524399983,1091.238880279001,8.882462134351954e-05,1.0,1.0,1.0,1.0,5.164444444444445e-06,0.96875,0.0,2.0,hard|medium|easy
test,0,8,170,32,0.5312703439994948,90.56660751599702,1091.770732551995,9.624010999687016e-05,1.0,1.0,1.0,1.0,5.155555555555556e-06,0.84375,0.0,2.0,hard|medium|easy
test,0,8,171,32,0.5320775590007543,91.09925959599786,1092.303384644998,8.635822450742126e-05,1.0,1.0,1.0,1.0,5.146666666666668e-06,0.96875,0.0,2.0,easy|medium|hard
test,0,8,172,32,0.5314273269978003,91.63121468899772,1092.8353397309984,0.00010031406418420374,1.0,1.0,1.0,1.0,5.137777777777778e-06,0.875,0.0,2.0,hard|easy|medium
test,0,8,173,32,0.5308716630024719,92.16263199000241,1093.3667570949983,0.0001198893369291909,1.0,1.0,1.0,1.0,5.128888888888889e-06,1.0,0.0,2.0,hard|easy|medium
test,0,8,174,32,0.5315684649976902,92.69474023899966,1093.8988653349952,0.00011182154412381351,1.0,1.0,1.0,1.0,5.12e-06,1.0,0.0,2.0,hard|medium|easy
test,0,8,175,32,0.5324503910014755,93.22774055299669,1094.4318656089963,0.00010946647671516985,1.0,1.0,1.0,1.0,5.1111111111111115e-06,1.125,0.0,2.0,medium|hard|easy
test,0,8,176,32,0.5310955239983741,93.75935181800014,1094.9634768659962,9.835588571149856e-05,1.0,1.0,1.0,1.0,5.102222222222223e-06,1.125,0.0,2.0,hard|easy|medium
test,0,8,177,32,0.529965984998853,94.28995517199655,1095.4940802229976,8.09451739769429e-05,1.0,1.0,1.0,1.0,5.093333333333333e-06,1.0,0.0,2.0,hard|easy|medium
test,0,8,178,32,0.5324681230049464,94.82291725600226,1096.0270422920003,9.213916200678796e-05,1.0,1.0,1.0,1.0,5.084444444444445e-06,0.8125,0.0,2.0,hard|easy|medium
test,0,8,179,32,0.5317010009966907,95.35521816799883,1096.5593432469977,0.00011710058606695384,1.0,1.0,1.0,1.0,5.075555555555556e-06,1.03125,0.0,2.0,hard|medium|easy
test,0,8,180,32,0.5311034779952024,95.88684304199705,1097.0909681459962,0.0001203400461236015,1.0,1.0,1.0,1.0,5.0666666666666676e-06,1.21875,0.0,2.0,medium|easy|hard
test,0,8,181,32,0.532593015996099,96.42000930399809,1097.6241343449947,9.83204081421718e-05,1.0,1.0,1.0,1.0,5.057777777777778e-06,1.40625,0.0,2.0,hard|medium|easy
test,0,8,182,32,0.5315873250001459,96.9520611629996,1098.1561862050003,8.765527309151366e-05,1.0,1.0,1.0,1.0,5.0488888888888895e-06,0.875,0.0,2.0,hard|easy|medium
test,0,8,183,32,0.5314042340032756,97.48396221800067,1098.688087261995,8.909588359529153e-05,1.0,1.0,1.0,1.0,5.04e-06,0.9375,0.0,2.0,medium|easy|hard
test,0,8,184,32,0.5327929210034199,98.01731090099929,1099.2214359649952,7.830177491996437e-05,1.0,1.0,1.0,1.0,5.031111111111111e-06,1.0625,0.0,2.0,medium|easy|hard
test,0,8,185,32,0.5311688470028457,98.54906121700333,1099.7531862649994,9.23978368518874e-05,1.0,1.0,1.0,1.0,5.022222222222223e-06,1.125,0.0,2.0,easy|medium|hard
test,0,8,186,32,0.5307384840052691,99.08039641199866,1100.2845214400004,8.910744509194046e-05,1.0,1.0,1.0,1.0,5.013333333333333e-06,1.0,0.0,2.0,easy|medium|hard
test,0,8,187,32,0.5321901709976373,99.61315938599728,1100.8172844270011,9.518238221062347e-05,1.0,1.0,1.0,1.0,5.004444444444445e-06,0.90625,0.0,2.0,hard|medium|easy
test,0,8,188,32,0.5316713840002194,100.14543715400214,1101.3495621809998,7.717609696555883e-05,1.0,1.0,1.0,1.0,4.995555555555556e-06,1.0625,0.0,2.0,medium|easy|hard
test,0,8,189,32,0.5305865660047857,100.67651419199683,1101.8806392319966,7.578355143778026e-05,1.0,1.0,1.0,1.0,4.986666666666667e-06,1.0625,0.0,2.0,easy|medium|hard
test,0,8,190,32,0.5319686840011855,101.20904342200083,1102.4131684620006,8.492470806231722e-05,1.0,1.0,1.0,1.0,4.977777777777778e-06,0.78125,0.0,2.0,easy|medium|hard
test,0,8,191,32,0.5317220649958472,101.74132963999728,1102.9454547009955,6.621782085858285e-05,1.0,1.0,1.0,1.0,4.968888888888889e-06,1.0,0.0,2.0,medium|easy|hard
test,0,8,192,32,0.5311629450006876,102.27309264300129,1103.4772176919942,8.354227611562237e-05,1.0,1.0,1.0,1.0,4.960000000000001e-06,0.96875,0.0,2.0,hard|medium|easy
test,0,8,193,32,0.5325488349990337,102.80618358399806,1104.0103086409945,8.338243060279638e-05,1.0,1.0,1.0,1.0,4.951111111111111e-06,1.09375,0.0,2.0,medium|easy|hard
test,0,8,194,32,0.5322758940019412,103.33906768699671,1104.5431927620011,8.220544259529561e-05,1.0,1.0,1.0,1.0,4.942222222222223e-06,0.9375,0.0,2.0,easy|medium|hard
test,0,8,195,32,0.5306488889982575,103.87024556600227,1105.0743705969944,8.311808051075786e-05,1.0,1.0,1.0,1.0,4.933333333333334e-06,0.9375,0.0,2.0,easy|medium|hard
test,0,8,196,32,0.5323336410001502,104.40316215899657,1105.6072871959987,0.0002630427770782262,1.0,1.0,1.0,1.0,4.924444444444445e-06,1.15625,0.0,2.0,easy|hard|medium
test,0,8,197,32,0.5320025939945481,104.93583918499644,1106.139964258,9.29621746763587e-05,1.0,1.0,1.0,1.0,4.915555555555556e-06,0.875,0.0,2.0,medium|hard|easy
test,0,8,198,32,0.5307254850049503,105.46713807900232,1106.6712631359987,7.754540274618194e-05,1.0,1.0,1.0,1.0,4.9066666666666666e-06,0.9375,0.0,2.0,hard|easy|medium
test,0,8,199,32,0.5325083130010171,106.00011401899974,1107.2042390889983,9.350136679131538e-05,1.0,1.0,1.0,1.0,4.897777777777778e-06,1.125,0.0,2.0,easy|medium|hard
test,0,8,200,32,0.5314690430022893,106.53209977500228,1107.7362248159989,8.756517490837723e-05,1.0,1.0,1.0,1.0,4.888888888888889e-06,0.9375,0.0,2.0,hard|medium|easy
test,0,8,201,32,0.5316059739998309,107.06418286300323,1108.2683078970003,8.596718544140458e-05,1.0,1.0,1.0,1.0,4.880000000000001e-06,1.03125,0.0,2.0,medium|easy|hard
test,0,8,202,32,0.5327963919989998,107.59756072000164,1108.8016857559996,0.0950855240225792,0.9722222222222222,0.96875,0.9666666666666667,0.9684729064039409,4.871111111111111e-06,0.84375,0.0,2.0,medium|easy|hard
test,0,8,203,32,0.5318407039958402,108.13000982499943,1109.3341348889953,0.00011534075019881129,1.0,1.0,1.0,1.0,4.862222222222223e-06,1.03125,0.0,2.0,medium|easy|hard
test,0,8,204,32,0.5318091879962594,108.66235419800068,1109.8664792540003,8.081180567387491e-05,1.0,1.0,1.0,1.0,4.853333333333334e-06,1.0625,0.0,2.0,easy|hard|medium
test,0,8,205,32,0.5325969999976223,109.19549070899666,1110.3996157619986,8.646985224913806e-05,1.0,1.0,1.0,1.0,4.8444444444444446e-06,1.0625,0.0,2.0,medium|easy|hard
test,0,8,206,32,0.5315334260012605,109.72762882000097,1110.9317538789983,0.00010975735494866967,1.0,1.0,1.0,1.0,4.835555555555556e-06,0.90625,0.0,2.0,medium|easy|hard
test,0,8,207,32,0.5314750679972349,110.25969876699673,1111.4638238379994,7.494927558582276e-05,1.0,1.0,1.0,1.0,4.826666666666667e-06,1.15625,0.0,2.0,hard|medium|easy
test,0,8,208,32,0.5323045639961492,110.79252986099891,1111.9966549149976,0.00010592988110147417,1.0,1.0,1.0,1.0,4.817777777777779e-06,1.25,0.0,2.0,hard|easy|medium
test,0,8,209,32,0.5318750480000745,111.3249286729988,1112.5290537309993,9.647116530686617e-05,1.0,1.0,1.0,1.0,4.808888888888889e-06,0.78125,0.0,2.0,easy|hard|medium
test,0,8,210,32,0.531354853999801,111.85681790099625,1113.0609429389951,0.00010013380233431235,1.0,1.0,1.0,1.0,4.800000000000001e-06,1.28125,0.0,2.0,medium|easy|hard
test,0,8,211,32,0.5323228919951362,112.38969441399968,1113.5938194539995,8.743493526708335e-05,1.0,1.0,1.0,1.0,4.791111111111111e-06,1.03125,0.0,2.0,medium|easy|hard
test,0,8,212,32,0.5325292120032827,112.92280589100119,1114.1269309319978,8.121375867631286e-05,1.0,1.0,1.0,1.0,4.7822222222222226e-06,1.0625,0.0,2.0,easy|hard|medium
test,0,8,213,32,0.5319439090017113,113.45529019399692,1114.6594151679965,0.00010019374167313799,1.0,1.0,1.0,1.0,4.773333333333334e-06,1.0,0.0,2.0,medium|easy|hard
test,0,8,214,32,0.53199314000085,113.98783711800206,1115.1919621759953,0.00010148747242055833,1.0,1.0,1.0,1.0,4.7644444444444445e-06,0.875,0.0,2.0,hard|easy|medium
test,0,8,215,32,0.5331920259995968,114.52153103800083,1115.725656081995,6.0347440012265e-05,1.0,1.0,1.0,1.0,4.755555555555556e-06,0.6875,0.0,2.0,medium|easy|hard
test,0,8,216,32,0.5316999470014707,115.05385753000155,1116.2579825779976,7.669583283131942e-05,1.0,1.0,1.0,1.0,4.746666666666667e-06,1.28125,0.0,2.0,hard|medium|easy
test,0,8,217,32,0.5320945860003121,115.58645088999765,1116.7905759239948,0.00011365085083525628,1.0,1.0,1.0,1.0,4.737777777777779e-06,0.9375,0.0,2.0,medium|hard|easy
test,0,8,218,32,0.5321286519974819,116.11922778799635,1117.3233528229975,7.875580922700465e-05,1.0,1.0,1.0,1.0,4.728888888888889e-06,0.78125,0.0,2.0,hard|easy|medium
test,0,8,219,32,0.5316219130036188,116.65146719999757,1117.8555922509986,7.657692185603082e-05,1.0,1.0,1.0,1.0,4.7200000000000005e-06,0.71875,0.0,2.0,medium|easy|hard
test,0,8,220,32,0.5301373429974774,117.18220116000157,1118.386326202999,8.849881851347163e-05,1.0,1.0,1.0,1.0,4.711111111111111e-06,0.9375,0.0,2.0,hard|easy|medium
test,0,8,221,32,0.5320651869988069,117.71490787000221,1118.9190329159974,8.496856753481552e-05,1.0,1.0,1.0,1.0,4.7022222222222225e-06,1.15625,0.0,2.0,medium|hard|easy
test,0,8,222,32,0.5318539910003892,118.24735770499683,1119.4514828780011,7.312763773370534e-05,1.0,1.0,1.0,1.0,4.693333333333334e-06,1.09375,0.0,2.0,medium|easy|hard
test,0,8,223,32,0.5309969340014504,118.77893578400108,1119.9830608259945,8.568348130211234e-05,1.0,1.0,1.0,1.0,4.684444444444444e-06,1.0,0.0,2.0,medium|easy|hard
test,0,8,224,32,0.5315771850000601,119.31098454099993,1120.5151096409973,7.602547702845186e-05,1.0,1.0,1.0,1.0,4.675555555555556e-06,0.9375,0.0,2.0,easy|hard|medium
test,0,8,225,32,0.5311346430025878,119.84267525000178,1121.046800281998,7.006571104284376e-05,1.0,1.0,1.0,1.0,4.666666666666667e-06,1.03125,0.0,2.0,hard|easy|medium
test,0,8,226,32,0.5310103050069301,120.37415421399783,1121.5782792389946,8.822798554319888e-05,1.0,1.0,1.0,1.0,4.6577777777777785e-06,1.0,0.0,2.0,medium|easy|hard
test,0,8,227,32,0.5323651869985042,120.90714880800078,1122.111273825998,0.00758544635027647,1.0,1.0,1.0,1.0,4.648888888888889e-06,1.125,0.0,2.0,easy|hard|medium
test,0,8,228,32,0.5323149350006133,121.43999809699744,1122.6441231540011,0.0001268646155949682,1.0,1.0,1.0,1.0,4.6400000000000005e-06,0.9375,0.0,2.0,easy|medium|hard
test,0,8,229,32,0.5316238309969776,121.97213508900313,1123.1762602379968,7.107063720468432e-05,1.0,1.0,1.0,1.0,4.631111111111111e-06,0.75,0.0,2.0,medium|hard|easy
test,0,8,230,32,0.5318510630022502,122.50450664800155,1123.7086319859955,0.000111582841782365,1.0,1.0,1.0,1.0,4.622222222222222e-06,1.4375,0.0,2.0,medium|easy|hard
test,0,8,231,32,0.5316305829983321,123.03671051099809,1124.2408358769972,8.319222979480401e-05,1.0,1.0,1.0,1.0,4.613333333333334e-06,0.96875,0.0,2.0,easy|medium|hard
test,0,8,232,32,0.5307065400047577,123.56797520299733,1124.772100233,0.10487977415323257,0.9772727272727273,0.96875,0.9545454545454546,0.964562569213732,4.604444444444444e-06,1.0625,0.0,2.0,easy|hard|medium
test,0,8,233,32,0.5316963290024432,124.10019827199721,1125.3043233139979,0.00011519553663674742,1.0,1.0,1.0,1.0,4.595555555555556e-06,1.0,0.0,2.0,easy|hard|medium
test,0,8,234,32,0.5324389509987668,124.63318089800305,1125.8373062539977,7.663625729037449e-05,1.0,1.0,1.0,1.0,4.586666666666667e-06,1.09375,0.0,2.0,easy|medium|hard
test,0,8,235,32,0.5308554100047331,125.1646056690006,1126.3687307319997,0.00021967405336908996,1.0,1.0,1.0,1.0,4.5777777777777785e-06,1.125,0.0,2.0,medium|easy|hard
test,0,8,236,32,0.53230663100112,125.69746773500083,1126.9015927289947,9.938669973053038e-05,1.0,1.0,1.0,1.0,4.568888888888889e-06,0.9375,0.0,2.0,medium|easy|hard
test,0,8,237,32,0.5324566800045432,126.23054099999717,1127.4346662819953,8.008420991245657e-05,1.0,1.0,1.0,1.0,4.56e-06,1.15625,0.0,2.0,medium|hard|easy
test,0,8,238,32,0.5307728719999432,126.76183917299932,1127.9659641939943,8.146039908751845e-05,1.0,1.0,1.0,1.0,4.551111111111112e-06,1.03125,0.0,2.0,easy|hard|medium
test,0,8,239,32,0.5324253229991882,127.29482282899698,1128.498947865999,7.765997725073248e-05,1.0,1.0,1.0,1.0,4.542222222222223e-06,1.09375,0.0,2.0,medium|hard|easy
test,0,8,240,32,0.5316565800021635,127.82706031199632,1129.0311853509993,8.388477726839483e-05,1.0,1.0,1.0,1.0,4.533333333333334e-06,0.78125,0.0,2.0,medium|hard|easy
test,0,8,241,32,0.5308733900019433,128.35851591199753,1129.5626409879987,9.265811240766197e-05,1.0,1.0,1.0,1.0,4.524444444444444e-06,0.8125,0.0,2.0,easy|medium|hard
test,0,8,242,32,0.5328220629962743,128.8919196880015,1130.0960449080012,8.738625183468685e-05,1.0,1.0,1.0,1.0,4.515555555555556e-06,1.09375,0.0,2.0,medium|easy|hard
test,0,8,243,32,0.5322257049992913,129.42466697200143,1130.6287922269985,7.579479279229417e-05,1.0,1.0,1.0,1.0,4.506666666666667e-06,1.03125,0.0,2.0,easy|hard|medium
test,0,8,244,32,0.5312500220024958,129.95644171800086,1131.1605667580006,6.9041496317368e-05,1.0,1.0,1.0,1.0,4.497777777777778e-06,0.9375,0.0,2.0,medium|hard|easy
test,0,8,245,32,0.532678229996236,130.48964012599754,1131.6937651849948,7.136950443964452e-05,1.0,1.0,1.0,1.0,4.488888888888889e-06,0.90625,0.0,2.0,easy|hard|medium
test,0,8,246,32,0.5315085490001366,131.02174162099982,1132.2258666619964,8.466964936815202e-05,1.0,1.0,1.0,1.0,4.48e-06,0.78125,0.0,2.0,medium|hard|easy
test,0,8,247,32,0.5317951480028569,131.5543166560019,1132.7584416149984,7.469248521374539e-05,1.0,1.0,1.0,1.0,4.471111111111112e-06,0.84375,0.0,2.0,easy|hard|medium
test,0,8,248,32,0.5322317690006457,132.08700341700023,1133.2911284529982,7.534413452958688e-05,1.0,1.0,1.0,1.0,4.462222222222223e-06,0.96875,0.0,2.0,easy|hard|medium
test,0,8,249,32,0.5315628669995931,132.61900378300197,1133.8231287329982,6.832991493865848e-05,1.0,1.0,1.0,1.0,4.453333333333334e-06,0.9375,0.0,2.0,hard|medium|easy
test,0,8,250,32,0.531238152005244,133.15069487199798,1134.3548199209981,8.338566112797707e-05,1.0,1.0,1.0,1.0,4.444444444444444e-06,0.9375,0.0,2.0,easy|hard|medium
test,0,9,1,32,0.5343545740033733,0.6185712500009686,1144.8605351629958,8.528243051841855e-05,1.0,1.0,1.0,1.0,4.4355555555555555e-06,0.9375,0.0,2.0,hard|medium|easy
test,0,9,2,32,0.5327117909982917,1.1520009980013128,1145.3939649609965,7.354448462137952e-05,1.0,1.0,1.0,1.0,4.426666666666667e-06,0.9375,0.0,2.0,hard|medium|easy
test,0,9,3,32,0.5320938439981546,1.6846320370023022,1145.9265959889963,6.301457324298099e-05,1.0,1.0,1.0,1.0,4.417777777777778e-06,0.84375,0.0,2.0,medium|easy|hard
test,0,9,4,32,0.5315239489937085,2.216767047000758,1146.4587309339986,8.431702735833824e-05,1.0,1.0,1.0,1.0,4.408888888888889e-06,1.25,0.0,2.0,hard|medium|easy
test,0,9,5,32,0.5320936200005235,2.7494509739990463,1146.991414917,7.064697274472564e-05,1.0,1.0,1.0,1.0,4.4e-06,0.90625,0.0,2.0,easy|hard|medium
test,0,9,6,32,0.5317222140001832,3.2818078409982263,1147.523771934997,8.19223205326125e-05,1.0,1.0,1.0,1.0,4.391111111111112e-06,0.875,0.0,2.0,easy|medium|hard
test,0,9,7,32,0.5309279130015057,3.813242103999073,1148.0552060499977,6.713801121804863e-05,1.0,1.0,1.0,1.0,4.382222222222223e-06,0.90625,0.0,2.0,medium|hard|easy
test,0,9,8,32,0.5328059319945169,4.346646707002947,1148.588610586994,7.278140401467681e-05,1.0,1.0,1.0,1.0,4.3733333333333335e-06,1.0625,0.0,2.0,easy|hard|medium
test,0,9,9,32,0.531146004999755,4.8783560170049896,1149.1203201669996,6.89071966917254e-05,1.0,1.0,1.0,1.0,4.364444444444445e-06,0.96875,0.0,2.0,easy|hard|medium
test,0,9,10,32,0.5316978209957597,5.410635535001347,1149.6525994429976,0.00010003087663790211,1.0,1.0,1.0,1.0,4.3555555555555555e-06,0.96875,0.0,2.0,easy|medium|hard
test,0,9,11,32,0.532228693999059,5.943390455999179,1150.185354426998,8.565394091419876e-05,1.0,1.0,1.0,1.0,4.346666666666667e-06,1.0625,0.0,2.0,hard|easy|medium
test,0,9,12,32,0.5323258470016299,6.476231072003429,1150.718194985995,7.547432323917747e-05,1.0,1.0,1.0,1.0,4.337777777777778e-06,0.6875,0.0,2.0,easy|hard|medium
test,0,9,13,32,0.5319919899993693,7.008733417998883,1151.2506973220006,7.581629324704409e-05,1.0,1.0,1.0,1.0,4.328888888888889e-06,1.28125,0.0,2.0,hard|easy|medium
test,0,9,14,32,0.5326242570008617,7.541888118001225,1151.7838520349978,6.819587724748999e-05,1.0,1.0,1.0,1.0,4.32e-06,1.125,0.0,2.0,hard|medium|easy
test,0,9,15,32,0.5314496089995373,8.073890874002245,1152.3158547899948,0.0001636408269405365,1.0,1.0,1.0,1.0,4.3111111111111115e-06,1.0625,0.0,2.0,easy|hard|medium
test,0,9,16,32,0.5315841119954712,8.605984842004545,1152.8479488079975,7.620465476065874e-05,1.0,1.0,1.0,1.0,4.302222222222223e-06,0.96875,0.0,2.0,medium|hard|easy
test,0,9,17,32,0.5321421659973566,9.138697615999263,1153.3806615139983,6.975291762501001e-05,1.0,1.0,1.0,1.0,4.2933333333333334e-06,0.9375,0.0,2.0,easy|hard|medium
test,0,9,18,32,0.5336371789962868,9.672856350000075,1153.9148203289951,8.098329999484122e-05,1.0,1.0,1.0,1.0,4.284444444444445e-06,0.9375,0.0,2.0,hard|easy|medium
test,0,9,19,32,0.5316118310001912,10.205060177999258,1154.4470240949959,7.79432593844831e-05,1.0,1.0,1.0,1.0,4.275555555555556e-06,1.125,0.0,2.0,hard|medium|easy
test,0,9,20,32,0.5325324000004912,10.738115391002793,1154.9800792929964,6.514895358122885e-05,1.0,1.0,1.0,1.0,4.266666666666668e-06,1.125,0.0,2.0,medium|easy|hard
test,0,9,21,32,0.5319198479992338,11.270615902998543,1155.5125798090012,9.002332808449864e-05,1.0,1.0,1.0,1.0,4.257777777777778e-06,1.15625,0.0,2.0,easy|hard|medium
test,0,9,22,32,0.5318834810022963,11.803056949000165,1156.045020862999,7.908003317425027e-05,1.0,1.0,1.0,1.0,4.248888888888889e-06,0.875,0.0,2.0,medium|easy|hard
test,0,9,23,32,0.5317482539976481,12.335354818998894,1156.577318732001,7.335495320148766e-05,1.0,1.0,1.0,1.0,4.24e-06,1.09375,0.0,2.0,hard|medium|easy
test,0,9,24,32,0.5322190009974292,12.868124118002015,1157.1100880689992,7.305614417418838e-05,1.0,1.0,1.0,1.0,4.2311111111111114e-06,1.03125,0.0,2.0,easy|medium|hard
test,0,9,25,32,0.5314922899997327,13.400185798003804,1157.6421499279968,7.876248855609447e-05,1.0,1.0,1.0,1.0,4.222222222222223e-06,0.71875,0.0,2.0,hard|medium|easy
test,0,9,26,32,0.5310964079981204,13.931868815998314,1158.1738327489948,6.279838271439075e-05,1.0,1.0,1.0,1.0,4.213333333333333e-06,0.78125,0.0,2.0,easy|medium|hard
test,0,9,27,32,0.5319982369983336,14.464387956999417,1158.7063519309959,0.0003872796369250864,1.0,1.0,1.0,1.0,4.204444444444445e-06,1.09375,0.0,2.0,medium|hard|easy
test,0,9,28,32,0.5311251779930899,14.996098896001058,1159.2380628109968,0.00010550241859164089,1.0,1.0,1.0,1.0,4.195555555555556e-06,1.0,0.0,2.0,medium|easy|hard
test,0,9,29,32,0.5311462930039852,15.527766400002292,1159.7697303399982,8.475595677737147e-05,1.0,1.0,1.0,1.0,4.1866666666666675e-06,0.8125,0.0,2.0,easy|hard|medium
test,0,9,30,32,0.5322501440023188,16.060608630999923,1160.3025725339976,7.872247078921646e-05,1.0,1.0,1.0,1.0,4.177777777777778e-06,0.84375,0.0,2.0,easy|hard|medium
test,0,9,31,32,0.5314009560024715,16.592592532004346,1160.834556586,6.050024239812046e-05,1.0,1.0,1.0,1.0,4.168888888888889e-06,0.84375,0.0,2.0,easy|medium|hard
test,0,9,32,32,0.5308905380006763,17.124048973004392,1161.366012942999,6.485089397756383e-05,1.0,1.0,1.0,1.0,4.16e-06,0.6875,0.0,2.0,easy|medium|hard
test,0,9,33,32,0.5322773970037815,17.65687235799851,1161.8988362679956,0.00010080298670800403,1.0,1.0,1.0,1.0,4.151111111111111e-06,1.09375,0.0,2.0,medium|hard|easy
test,0,9,34,32,0.5315354549966287,18.18898572299804,1162.430949649999,7.51833722461015e-05,1.0,1.0,1.0,1.0,4.142222222222223e-06,1.15625,0.0,2.0,medium|easy|hard
test,0,9,35,32,0.5306443730005412,18.72014850800042,1162.9621124309997,0.00017220446898136288,1.0,1.0,1.0,1.0,4.133333333333333e-06,1.1875,0.0,2.0,medium|hard|easy
test,0,9,36,32,0.5319362059963169,19.25257622999925,1163.4945401509976,6.569275865331292e-05,1.0,1.0,1.0,1.0,4.124444444444445e-06,1.09375,0.0,2.0,medium|hard|easy
test,0,9,37,32,0.531713062999188,19.78481538000051,1164.0267792929953,0.00020259027951397002,1.0,1.0,1.0,1.0,4.115555555555556e-06,1.0625,0.0,2.0,medium|hard|easy
test,0,9,38,32,0.5308822360020713,20.31636238500505,1164.558326294995,8.372044248972088e-05,1.0,1.0,1.0,1.0,4.1066666666666674e-06,1.1875,0.0,2.0,medium|easy|hard
test,0,9,39,32,0.5325437529972987,20.84946756800491,1165.0914314719994,7.809547241777182e-05,1.0,1.0,1.0,1.0,4.097777777777778e-06,1.03125,0.0,2.0,hard|medium|easy
test,0,9,40,32,0.5318550489973859,21.381912447002833,1165.6238764160007,8.813867316348478e-05,1.0,1.0,1.0,1.0,4.088888888888889e-06,0.875,0.0,2.0,medium|hard|easy
test,0,9,41,32,0.5314915339986328,21.91388265600108,1166.1558466809947,5.873078771401197e-05,1.0,1.0,1.0,1.0,4.08e-06,1.09375,0.0,2.0,easy|medium|hard
test,0,9,42,32,0.5322853699981351,22.446727201000613,1166.6886910959947,8.418192737735808e-05,1.0,1.0,1.0,1.0,4.071111111111111e-06,0.90625,0.0,2.0,medium|hard|easy
test,0,9,43,32,0.5317268090002472,22.97902896800224,1167.220993060997,7.055370952002704e-05,1.0,1.0,1.0,1.0,4.062222222222223e-06,1.03125,0.0,2.0,easy|hard|medium
test,0,9,44,32,0.5305645179978455,23.51011373100482,1167.7520776439997,6.922784814378247e-05,1.0,1.0,1.0,1.0,4.053333333333333e-06,0.96875,0.0,2.0,medium|hard|easy
test,0,9,45,32,0.5318371239991393,24.04249823200371,1168.2844621709955,7.104924588929862e-05,1.0,1.0,1.0,1.0,4.044444444444445e-06,0.96875,0.0,2.0,hard|easy|medium
test,0,9,46,32,0.5319337900000392,24.575001631004852,1168.8169655629972,7.835713040549308e-05,1.0,1.0,1.0,1.0,4.035555555555556e-06,0.75,0.0,2.0,easy|medium|hard
test,0,9,47,32,0.5315544570039492,25.107069527999556,1169.3490334509988,6.286858842941001e-05,1.0,1.0,1.0,1.0,4.026666666666667e-06,1.0625,0.0,2.0,hard|medium|easy
test,0,9,48,32,0.5323735860001761,25.63997237700096,1169.8819362919967,6.300710083451122e-05,1.0,1.0,1.0,1.0,4.017777777777778e-06,0.9375,0.0,2.0,hard|medium|easy
test,0,9,49,32,0.5313323299997137,26.171891553000023,1170.4138555539976,5.641746975015849e-05,1.0,1.0,1.0,1.0,4.008888888888889e-06,1.0625,0.0,2.0,hard|medium|easy
test,0,9,50,32,0.5319551550055621,26.704427543001657,1170.9463914570006,5.6264863815158606e-05,1.0,1.0,1.0,1.0,4.000000000000001e-06,0.96875,0.0,2.0,medium|easy|hard
test,0,9,51,32,0.5319371689984109,27.23700730800192,1171.4789712549973,7.635423389729112e-05,1.0,1.0,1.0,1.0,3.991111111111112e-06,0.875,0.0,2.0,hard|easy|medium
test,0,9,52,32,0.5316624539991608,27.769184294003935,1172.011148204001,6.385246524587274e-05,1.0,1.0,1.0,1.0,3.982222222222223e-06,0.8125,0.0,2.0,easy|hard|medium
test,0,9,53,32,0.5312713849998545,28.300981619002414,1172.5429455689955,6.90230299369432e-05,1.0,1.0,1.0,1.0,3.973333333333333e-06,1.125,0.0,2.0,hard|medium|easy
test,0,9,54,32,0.5325554409937467,28.834094714002276,1173.076058614999,9.210087591782212e-05,1.0,1.0,1.0,1.0,3.9644444444444445e-06,0.8125,0.0,2.0,hard|easy|medium
test,0,9,55,32,0.5324677020034869,29.367130539001664,1173.6090944489988,6.650478462688625e-05,1.0,1.0,1.0,1.0,3.955555555555556e-06,0.8125,0.0,2.0,medium|hard|easy
test,0,9,56,32,0.5312158170054317,29.898881730005087,1174.1408456459976,7.470324635505676e-05,1.0,1.0,1.0,1.0,3.946666666666667e-06,1.3125,0.0,2.0,medium|hard|easy
test,0,9,57,32,0.531623037000827,30.431027955004538,1174.6729919200006,6.596092862309888e-05,1.0,1.0,1.0,1.0,3.937777777777778e-06,0.9375,0.0,2.0,easy|medium|hard
test,0,9,58,32,0.5326845930030686,30.964257687002828,1175.2062215959959,7.668483158340678e-05,1.0,1.0,1.0,1.0,3.928888888888889e-06,1.09375,0.0,2.0,hard|medium|easy
test,0,9,59,32,0.5313533349981299,31.496181913003966,1175.7381458279997,5.801567021990195e-05,1.0,1.0,1.0,1.0,3.920000000000001e-06,0.9375,0.0,2.0,hard|medium|easy
test,0,9,60,32,0.530580396996811,32.0272876750023,1176.2692516030002,7.094134343788028e-05,1.0,1.0,1.0,1.0,3.911111111111112e-06,1.0,0.0,2.0,medium|hard|easy
test,0,9,61,32,0.5335995479981648,32.56141856100294,1176.8033825479943,7.218922837637365e-05,1.0,1.0,1.0,1.0,3.9022222222222225e-06,0.875,0.0,2.0,medium|hard|easy
test,0,9,62,32,0.5319076850064448,33.093933369003935,1177.335897332996,6.266425043577328e-05,1.0,1.0,1.0,1.0,3.893333333333333e-06,0.84375,0.0,2.0,medium|easy|hard
test,0,9,63,32,0.5305493400010164,33.625062999002694,1177.8670269009963,6.46090047666803e-05,1.0,1.0,1.0,1.0,3.8844444444444444e-06,1.15625,0.0,2.0,medium|hard|easy
test,0,9,64,32,0.5325555680028629,34.158234330003324,1178.4001982949994,6.853479862911627e-05,1.0,1.0,1.0,1.0,3.875555555555556e-06,1.25,0.0,2.0,easy|hard|medium
test,0,9,65,32,0.5314293049959815,34.6902464349987,1178.9322103589948,0.00010281217691954225,1.0,1.0,1.0,1.0,3.866666666666667e-06,1.0,0.0,2.0,medium|hard|easy
test,0,9,66,32,0.5315495600007125,35.22229542000423,1179.4642593309982,7.401424954878166e-05,1.0,1.0,1.0,1.0,3.857777777777778e-06,0.96875,0.0,2.0,easy|hard|medium
test,0,9,67,32,0.5317288029982592,35.7545818350045,1179.9965458129955,6.521962495753542e-05,1.0,1.0,1.0,1.0,3.848888888888889e-06,1.0625,0.0,2.0,hard|medium|easy
test,0,9,68,32,0.53220571300335,36.2873823550035,1180.529346313997,6.711557216476649e-05,1.0,1.0,1.0,1.0,3.8400000000000005e-06,0.90625,0.0,2.0,easy|medium|hard
test,0,9,69,32,0.5307004959977348,36.81860464499914,1181.060568549001,7.354131230385974e-05,1.0,1.0,1.0,1.0,3.831111111111112e-06,0.65625,0.0,2.0,medium|easy|hard
test,0,9,70,32,0.5324287409966928,37.35162157200102,1181.5935854819982,6.906015914864838e-05,1.0,1.0,1.0,1.0,3.8222222222222224e-06,0.9375,0.0,2.0,easy|hard|medium
test,0,9,71,32,0.5312038019983447,37.88336340599926,1182.125327321999,7.344411278609186e-05,1.0,1.0,1.0,1.0,3.813333333333334e-06,0.75,0.0,2.0,easy|hard|medium
test,0,9,72,32,0.5318991020030808,38.41587019200233,1182.6578341489949,6.895884871482849e-05,1.0,1.0,1.0,1.0,3.8044444444444443e-06,1.0625,0.0,2.0,easy|hard|medium
test,0,9,73,32,0.5316725320008118,38.94811067700357,1183.1900745909952,6.722318357788026e-05,1.0,1.0,1.0,1.0,3.7955555555555557e-06,0.8125,0.0,2.0,medium|easy|hard
test,0,9,74,32,0.5324878659957903,39.48113432199898,1183.723098302995,7.863448990974575e-05,1.0,1.0,1.0,1.0,3.7866666666666667e-06,0.96875,0.0,2.0,hard|medium|easy
test,0,9,75,32,0.5309553140032222,40.0126437459985,1184.2546076599974,7.148896111175418e-05,1.0,1.0,1.0,1.0,3.777777777777778e-06,1.0,0.0,2.0,medium|hard|easy
test,0,9,76,32,0.5320650110006682,40.54524369200226,1184.787207636,7.080683280946687e-05,1.0,1.0,1.0,1.0,3.768888888888889e-06,1.0,0.0,2.0,easy|hard|medium
test,0,9,77,32,0.5318743989992072,41.07763304599939,1185.3195969539956,7.655094668734819e-05,1.0,1.0,1.0,1.0,3.7600000000000004e-06,1.125,0.0,2.0,easy|hard|medium
test,0,9,78,32,0.5314883789978921,41.609694279002724,1185.8516581809963,5.855179188074544e-05,1.0,1.0,1.0,1.0,3.7511111111111114e-06,1.0625,0.0,2.0,hard|medium|easy
test,0,9,79,32,0.5323749460003455,42.14263650000066,1186.3846004750012,7.027429819572717e-05,1.0,1.0,1.0,1.0,3.7422222222222228e-06,1.15625,0.0,2.0,hard|easy|medium
test,0,9,80,32,0.5319395859987708,42.675133080003434,1186.917096999001,7.196585647761822e-05,1.0,1.0,1.0,1.0,3.7333333333333337e-06,1.03125,0.0,2.0,medium|easy|hard
test,0,9,81,32,0.5310701549969963,43.20673070400517,1187.4486946179968,0.000168896047398448,1.0,1.0,1.0,1.0,3.724444444444445e-06,1.03125,0.0,2.0,hard|medium|easy
test,0,9,82,32,0.5327221949992236,43.73993986700225,1187.9819038200003,7.523941167164594e-05,1.0,1.0,1.0,1.0,3.7155555555555557e-06,1.09375,0.0,2.0,easy|hard|medium
test,0,9,83,32,0.5313387150017661,44.27183748000243,1188.5138014039985,6.56443735351786e-05,1.0,1.0,1.0,1.0,3.7066666666666666e-06,0.875,0.0,2.0,easy|medium|hard
test,0,9,84,32,0.5306577779992949,44.80302271000255,1189.0449866220006,6.069373193895444e-05,1.0,1.0,1.0,1.0,3.697777777777778e-06,0.875,0.0,2.0,easy|medium|hard
test,0,9,85,32,0.5330763110032422,45.33675270999811,1189.5787167550006,5.8726487623061985e-05,1.0,1.0,1.0,1.0,3.688888888888889e-06,1.09375,0.0,2.0,hard|medium|easy
test,0,9,86,32,0.5330893849968561,45.87050090300181,1190.1124648159966,6.0068079619668424e-05,1.0,1.0,1.0,1.0,3.6800000000000003e-06,1.03125,0.0,2.0,hard|easy|medium
test,0,9,87,32,0.5308634449975216,46.40199736800423,1190.643961283,7.493767770938575e-05,1.0,1.0,1.0,1.0,3.6711111111111113e-06,1.0625,0.0,2.0,easy|hard|medium
test,0,9,88,32,0.533188744004292,46.9357749050032,1191.1777388249975,6.371439667418599e-05,1.0,1.0,1.0,1.0,3.6622222222222227e-06,1.125,0.0,2.0,medium|hard|easy
test,0,9,89,32,0.5314154880034039,47.467730545999075,1191.7096944570003,7.541438390035182e-05,1.0,1.0,1.0,1.0,3.6533333333333336e-06,0.9375,0.0,2.0,easy|medium|hard
test,0,9,90,32,0.5313403050022316,47.9996194780033,1192.241583392999,7.017716416157782e-05,1.0,1.0,1.0,1.0,3.644444444444445e-06,1.0625,0.0,2.0,medium|easy|hard
test,0,9,91,32,0.5328870350058423,48.53308284100058,1192.7750467820006,6.496241257991642e-05,1.0,1.0,1.0,1.0,3.635555555555556e-06,0.9375,0.0,2.0,hard|easy|medium
test,0,9,92,32,0.5321668929973384,49.06569618500362,1193.3076600950008,8.009174052858725e-05,1.0,1.0,1.0,1.0,3.6266666666666674e-06,1.0625,0.0,2.0,easy|hard|medium
test,0,9,93,32,0.5314417150002555,49.5976577360052,1193.8396216529945,7.734422979410738e-05,1.0,1.0,1.0,1.0,3.617777777777778e-06,1.09375,0.0,2.0,medium|easy|hard
test,0,9,94,32,0.5327380859962432,50.130971864004096,1194.3729358259952,6.214302266016603e-05,1.0,1.0,1.0,1.0,3.608888888888889e-06,0.78125,0.0,2.0,easy|medium|hard
test,0,9,95,32,0.5319516719973763,50.66346072300075,1194.9054246779997,7.136879867175594e-05,1.0,1.0,1.0,1.0,3.6000000000000003e-06,0.96875,0.0,2.0,easy|medium|hard
test,0,9,96,32,0.5318680970012792,51.195909032998316,1195.4378729469972,6.028415373293683e-05,1.0,1.0,1.0,1.0,3.5911111111111112e-06,1.0,0.0,2.0,easy|hard|medium
test,0,9,97,32,0.5319416260026628,51.7283496050004,1195.9703135089949,6.205731187947094e-05,1.0,1.0,1.0,1.0,3.5822222222222226e-06,1.15625,0.0,2.0,hard|medium|easy
test,0,9,98,32,0.5321805060011684,52.26116418500169,1196.503128145996,6.073088661651127e-05,1.0,1.0,1.0,1.0,3.5733333333333336e-06,0.90625,0.0,2.0,easy|medium|hard
test,0,9,99,32,0.5309629269977449,52.79265078800381,1197.0346147159944,8.511468331562355e-05,1.0,1.0,1.0,1.0,3.564444444444445e-06,1.21875,0.0,2.0,hard|easy|medium
test,0,9,100,32,0.5328280359972268,53.32604517000436,1197.5680091479953,7.431214908137918e-05,1.0,1.0,1.0,1.0,3.555555555555556e-06,1.09375,0.0,2.0,medium|hard|easy
test,0,9,101,32,0.5320172189967707,53.85873196900502,1198.1006958770013,6.718294753227383e-05,1.0,1.0,1.0,1.0,3.5466666666666673e-06,0.96875,0.0,2.0,hard|easy|medium
test,0,9,102,32,0.5321774620024371,54.39143958799832,1198.633403504995,0.0001158880622824654,1.0,1.0,1.0,1.0,3.5377777777777783e-06,0.78125,0.0,2.0,medium|easy|hard
test,0,9,103,32,0.5320863300003111,54.92408839500422,1199.166052306995,7.803714834153652e-05,1.0,1.0,1.0,1.0,3.528888888888889e-06,0.84375,0.0,2.0,easy|medium|hard
test,0,9,104,32,0.5331684120028513,55.45784506200289,1199.699808974001,6.714120536344126e-05,1.0,1.0,1.0,1.0,3.52e-06,0.90625,0.0,2.0,easy|hard|medium
test,0,9,105,32,0.5314443559982465,55.9898589190052,1200.231823009999,8.456867362838238e-05,1.0,1.0,1.0,1.0,3.511111111111111e-06,1.15625,0.0,2.0,hard|easy|medium
test,0,9,106,32,0.5321961439985898,56.52261547300441,1200.7645793799966,7.657681271666661e-05,1.0,1.0,1.0,1.0,3.5022222222222225e-06,0.78125,0.0,2.0,easy|medium|hard
test,0,9,107,32,0.532255250000162,57.05542758500087,1201.2973915439943,7.516916957683861e-05,1.0,1.0,1.0,1.0,3.4933333333333335e-06,0.96875,0.0,2.0,easy|hard|medium
test,0,9,108,32,0.531757896002091,57.58775356299884,1201.8297175269981,6.407984619727358e-05,1.0,1.0,1.0,1.0,3.484444444444445e-06,1.125,0.0,2.0,medium|easy|hard
test,0,9,109,32,0.5299127550024423,58.11827093500324,1202.3602348679997,6.362154090311378e-05,1.0,1.0,1.0,1.0,3.475555555555556e-06,0.84375,0.0,2.0,easy|medium|hard
test,0,9,110,32,0.5323963170012576,58.651117514004,1202.8930814240011,7.636408554390073e-05,1.0,1.0,1.0,1.0,3.4666666666666672e-06,1.125,0.0,2.0,easy|hard|medium
test,0,9,111,32,0.5311617400002433,59.18284851700446,1203.4248127190003,6.556615699082613e-05,1.0,1.0,1.0,1.0,3.457777777777778e-06,1.03125,0.0,2.0,hard|easy|medium
test,0,9,112,32,0.5313363230015966,59.7147357770009,1203.9566997270013,0.0029981632251292467,1.0,1.0,1.0,1.0,3.4488888888888896e-06,0.9375,0.0,2.0,hard|easy|medium
test,0,9,113,32,0.5317814720037859,60.24709173800511,1204.4890557369945,0.20091792941093445,0.9736842105263157,0.96875,0.9642857142857143,0.967967967967968,3.44e-06,1.1875,0.0,2.0,medium|hard|easy
test,0,9,114,32,0.5317239580035675,60.7793416850036,1205.0213056249995,6.194166780915111e-05,1.0,1.0,1.0,1.0,3.431111111111111e-06,1.125,0.0,2.0,hard|easy|medium
test,0,9,115,32,0.5309801999974297,61.31083842400403,1205.5528023320003,5.962840805295855e-05,1.0,1.0,1.0,1.0,3.4222222222222224e-06,0.90625,0.0,2.0,easy|medium|hard
test,0,9,116,32,0.532448009995278,61.84382894600276,1206.0857928900004,7.837589510018006e-05,1.0,1.0,1.0,1.0,3.4133333333333334e-06,1.09375,0.0,2.0,hard|medium|easy
test,0,9,117,32,0.5316076460003387,62.37597875600477,1206.6179429769982,6.729825690854341e-05,1.0,1.0,1.0,1.0,3.404444444444445e-06,1.03125,0.0,2.0,medium|easy|hard
test,0,9,118,32,0.5318616820004536,62.90833093100082,1207.150294854,7.251704664668068e-05,1.0,1.0,1.0,1.0,3.3955555555555558e-06,0.84375,0.0,2.0,medium|hard|easy
test,0,9,119,32,0.5323435679965769,63.44131102200481,1207.6832749899986,8.008729491848499e-05,1.0,1.0,1.0,1.0,3.386666666666667e-06,0.8125,0.0,2.0,hard|easy|medium
test,0,9,120,32,0.531951383993146,63.973836577999464,1208.2158004899975,7.982068927958608e-05,1.0,1.0,1.0,1.0,3.377777777777778e-06,1.03125,0.0,2.0,medium|hard|easy
test,0,9,121,32,0.5316707679958199,64.50603638900066,1208.748000321997,9.284776024287567e-05,1.0,1.0,1.0,1.0,3.3688888888888895e-06,0.9375,0.0,2.0,medium|easy|hard
test,0,9,122,32,0.5318399310053792,65.03844020500401,1209.2804041630006,7.944692333694547e-05,1.0,1.0,1.0,1.0,3.3600000000000004e-06,1.09375,0.0,2.0,medium|hard|easy
test,0,9,123,32,0.5321091689984314,65.57110769200517,1209.8130716230007,8.63977475091815e-05,1.0,1.0,1.0,1.0,3.351111111111112e-06,0.90625,0.0,2.0,easy|medium|hard
test,0,9,124,32,0.5309970300004352,66.10260879500129,1210.3445727059952,8.821621304377913e-05,1.0,1.0,1.0,1.0,3.3422222222222224e-06,1.09375,0.0,2.0,hard|medium|easy
test,0,9,125,32,0.5322563200024888,66.63540636900143,1210.8773705569984,7.319697760976851e-05,1.0,1.0,1.0,1.0,3.3333333333333333e-06,1.09375,0.0,2.0,hard|medium|easy
test,0,9,126,32,0.5319436479985598,67.16794957000093,1211.4099134709977,6.709672743454576e-05,1.0,1.0,1.0,1.0,3.3244444444444447e-06,1.21875,0.0,2.0,medium|hard|easy
test,0,9,127,32,0.5312718619970838,67.69975626499945,1211.9417201749966,7.79448018874973e-05,1.0,1.0,1.0,1.0,3.3155555555555557e-06,1.21875,0.0,2.0,medium|hard|easy
test,0,9,128,32,0.5323938180008554,68.23273126900312,1212.4746951619964,0.1802869439125061,0.9615384615384616,0.96875,0.975,0.9671794871794872,3.306666666666667e-06,0.96875,0.0,2.0,easy|hard|medium
test,0,9,129,32,0.5320311749965185,68.76530060700316,1213.0072645740001,6.165118247736245e-05,1.0,1.0,1.0,1.0,3.297777777777778e-06,0.90625,0.0,2.0,medium|hard|easy
test,0,9,130,32,0.5308016630006023,69.29668981100258,1213.538653714997,0.00010127910354640335,1.0,1.0,1.0,1.0,3.2888888888888894e-06,1.0,0.0,2.0,hard|medium|easy
test,0,9,131,32,0.532606697997835,69.82984313800262,1214.0718070489966,6.757765368092805e-05,1.0,1.0,1.0,1.0,3.2800000000000004e-06,1.28125,0.0,2.0,hard|medium|easy
test,0,9,132,32,0.5318786289935815,70.36225431500498,1214.6042182419988,7.655745866941288e-05,1.0,1.0,1.0,1.0,3.2711111111111117e-06,1.21875,0.0,2.0,medium|hard|easy
test,0,9,133,32,0.5310520740022184,70.89383417600038,1215.135798145995,6.41096630715765e-05,1.0,1.0,1.0,1.0,3.2622222222222227e-06,1.25,0.0,2.0,hard|easy|medium
test,0,9,134,32,0.5326058900027419,71.4270835530042,1215.6690475119976,6.669453432550654e-05,1.0,1.0,1.0,1.0,3.2533333333333332e-06,1.15625,0.0,2.0,hard|medium|easy
test,0,9,135,32,0.5320119679963682,71.95963955199841,1216.201603636,9.027312626130879e-05,1.0,1.0,1.0,1.0,3.2444444444444446e-06,0.625,0.0,2.0,easy|hard|medium
test,0,9,136,32,0.5313126729961368,72.49152035899897,1216.7334842679993,0.00012307324504945427,1.0,1.0,1.0,1.0,3.2355555555555556e-06,1.03125,0.0,2.0,easy|hard|medium
test,0,9,137,32,0.5323119430031511,73.02438583500043,1217.266349737998,6.142731581348926e-05,1.0,1.0,1.0,1.0,3.226666666666667e-06,0.90625,0.0,2.0,easy|medium|hard
test,0,9,138,32,0.531278223003028,73.55626967600256,1217.7982336009954,6.563321949215606e-05,1.0,1.0,1.0,1.0,3.217777777777778e-06,1.09375,0.0,2.0,easy|medium|hard
test,0,9,139,32,0.5313578630011762,74.08816013100295,1218.3301240319997,6.904132897034287e-05,1.0,1.0,1.0,1.0,3.2088888888888893e-06,0.8125,0.0,2.0,medium|easy|hard
test,0,9,140,32,0.5325862870013225,74.62120674800099,1218.863170656994,0.00014490346075035632,1.0,1.0,1.0,1.0,3.2000000000000003e-06,1.125,0.0,2.0,hard|medium|easy
test,0,9,141,32,0.5315168539964361,75.15327408300072,1219.3952380629999,9.02872416190803e-05,1.0,1.0,1.0,1.0,3.1911111111111117e-06,1.1875,0.0,2.0,medium|hard|easy
test,0,9,142,32,0.531561937998049,75.6853761070015,1219.9273400719976,7.661191193619743e-05,1.0,1.0,1.0,1.0,3.1822222222222226e-06,0.90625,0.0,2.0,easy|medium|hard
test,0,9,143,32,0.5324411260007764,76.21843256300053,1220.4603964810012,6.207566184457392e-05,1.0,1.0,1.0,1.0,3.173333333333334e-06,0.96875,0.0,2.0,hard|easy|medium
test,0,9,144,32,0.5325841989979381,76.75157935500465,1220.9935432700004,7.165237184381112e-05,1.0,1.0,1.0,1.0,3.1644444444444445e-06,1.1875,0.0,2.0,hard|medium|easy
test,0,9,145,32,0.5314306719956221,77.2835529810036,1221.5255168929943,7.45803554309532e-05,1.0,1.0,1.0,1.0,3.1555555555555555e-06,0.9375,0.0,2.0,medium|hard|easy
test,0,9,146,32,0.5324185090066749,77.81650963200082,1222.058473733996,6.28841808065772e-05,1.0,1.0,1.0,1.0,3.146666666666667e-06,1.0625,0.0,2.0,medium|hard|easy
test,0,9,147,32,0.5323975139981485,78.34946688800119,1222.5914308409992,8.995848475024104e-05,1.0,1.0,1.0,1.0,3.137777777777778e-06,1.15625,0.0,2.0,medium|easy|hard
test,0,9,148,32,0.5325067919984576,78.88245171800372,1223.1244156289977,6.900005973875523e-05,1.0,1.0,1.0,1.0,3.1288888888888892e-06,1.09375,0.0,2.0,medium|easy|hard
test,0,9,149,32,0.5324477399990428,79.41548104800313,1223.657444972996,7.305186591111124e-05,1.0,1.0,1.0,1.0,3.12e-06,0.96875,0.0,2.0,easy|medium|hard
test,0,9,150,32,0.532840589999978,79.94886952399975,1224.1908334939944,8.66150512592867e-05,1.0,1.0,1.0,1.0,3.1111111111111116e-06,1.03125,0.0,2.0,easy|medium|hard
test,0,9,151,32,0.5317249319996336,80.48120321700117,1224.7231671789996,6.64968611090444e-05,1.0,1.0,1.0,1.0,3.1022222222222225e-06,1.125,0.0,2.0,medium|easy|hard
test,0,9,152,32,0.5323144109934219,81.01407920600468,1225.2560431079983,7.276218093466014e-05,1.0,1.0,1.0,1.0,3.093333333333334e-06,0.90625,0.0,2.0,easy|medium|hard
test,0,9,153,32,0.5326781170006143,81.54727904000174,1225.7892429470012,6.716005736961961e-05,1.0,1.0,1.0,1.0,3.084444444444445e-06,0.96875,0.0,2.0,easy|hard|medium
test,0,9,154,32,0.531434390002687,82.07916670200211,1226.3211306140001,8.715845615370199e-05,1.0,1.0,1.0,1.0,3.0755555555555563e-06,1.125,0.0,2.0,medium|hard|easy
test,0,9,155,32,0.530641179997474,82.61033515899908,1226.8522990720012,9.090286039281636e-05,1.0,1.0,1.0,1.0,3.066666666666667e-06,1.15625,0.0,2.0,medium|hard|easy
test,0,9,156,32,0.5324061589999474,83.14336548899882,1227.385329484001,5.755365782533772e-05,1.0,1.0,1.0,1.0,3.0577777777777778e-06,1.0,0.0,2.0,hard|medium|easy
test,0,9,157,32,0.5318297780031571,83.67576690800342,1227.9177313499968,7.107087003532797e-05,1.0,1.0,1.0,1.0,3.048888888888889e-06,0.96875,0.0,2.0,hard|medium|easy
test,0,9,158,32,0.5310444360002293,84.2074134909999,1228.449377402998,6.546880467794836e-05,1.0,1.0,1.0,1.0,3.04e-06,0.75,0.0,2.0,medium|hard|easy
test,0,9,159,32,0.5326574829960009,84.74067191900394,1228.9826358469945,5.4115516832098365e-05,1.0,1.0,1.0,1.0,3.0311111111111115e-06,0.9375,0.0,2.0,easy|hard|medium
test,0,9,160,32,0.5314185239985818,85.27266235100251,1229.5146263829956,7.155220373533666e-05,1.0,1.0,1.0,1.0,3.0222222222222225e-06,0.96875,0.0,2.0,easy|hard|medium
test,0,9,161,32,0.5313360879954416,85.80455744500068,1230.0465213669959,8.448433072771877e-05,1.0,1.0,1.0,1.0,3.013333333333334e-06,1.09375,0.0,2.0,medium|hard|easy
test,0,9,162,32,0.532550951000303,86.337659609002,1230.579623767997,6.725704588461667e-05,1.0,1.0,1.0,1.0,3.004444444444445e-06,0.96875,0.0,2.0,easy|hard|medium
test,0,9,163,32,0.531738353005494,86.86996238400025,1231.111926351994,5.773229349870235e-05,1.0,1.0,1.0,1.0,2.995555555555556e-06,1.125,0.0,2.0,hard|medium|easy
test,0,9,164,32,0.5313388569993549,87.40180898200197,1231.6437728899982,6.907425267854705e-05,1.0,1.0,1.0,1.0,2.986666666666667e-06,1.03125,0.0,2.0,medium|easy|hard
test,0,9,165,32,0.5323766509973211,87.93475130599836,1232.1767152149987,6.930930248927325e-05,1.0,1.0,1.0,1.0,2.9777777777777777e-06,0.90625,0.0,2.0,easy|hard|medium
test,0,9,166,32,0.5315086520058685,88.46683435700106,1232.7087982789963,7.518319762311876e-05,1.0,1.0,1.0,1.0,2.968888888888889e-06,1.125,0.0,2.0,easy|medium|hard
test,0,9,167,32,0.5313359889987623,88.99871730700397,1233.2406812629997,6.211677828105167e-05,1.0,1.0,1.0,1.0,2.96e-06,0.96875,0.0,2.0,hard|medium|easy
test,0,9,168,32,0.531668271003582,89.53094458200212,1233.7729084899984,0.00022048522077966481,1.0,1.0,1.0,1.0,2.9511111111111114e-06,0.96875,0.0,2.0,medium|easy|hard
test,0,9,169,32,0.5319792469963431,90.06345626600523,1234.3054201880004,7.903945515863597e-05,1.0,1.0,1.0,1.0,2.9422222222222224e-06,0.96875,0.0,2.0,hard|easy|medium
test,0,9,170,32,0.5315352379984688,90.5954415150045,1234.8374054989981,0.00031998701160773635,1.0,1.0,1.0,1.0,2.9333333333333338e-06,1.09375,0.0,2.0,medium|hard|easy
test,0,9,171,32,0.5320939119992545,91.12808122700517,1235.370045126001,5.377644265536219e-05,1.0,1.0,1.0,1.0,2.9244444444444447e-06,1.03125,0.0,2.0,hard|medium|easy
test,0,9,172,32,0.5319633220060496,91.6605626610035,1235.9025265689997,6.27241242909804e-05,1.0,1.0,1.0,1.0,2.915555555555556e-06,0.75,0.0,2.0,medium|easy|hard
test,0,9,173,32,0.5310693930005073,92.19220717700227,1236.4341711460002,7.062067743390799e-05,1.0,1.0,1.0,1.0,2.906666666666667e-06,0.90625,0.0,2.0,easy|hard|medium
test,0,9,174,32,0.5328998690019944,92.72568008999951,1236.9676440559997,8.360821811947972e-05,1.0,1.0,1.0,1.0,2.8977777777777785e-06,1.03125,0.0,2.0,hard|easy|medium
test,0,9,175,32,0.5328526240045903,93.25911387299857,1237.5010778829965,7.973583706188947e-05,1.0,1.0,1.0,1.0,2.888888888888889e-06,1.0625,0.0,2.0,medium|easy|hard
test,0,9,176,32,0.5316748909972375,93.79145578599855,1238.0334196990007,7.888405525591224e-05,1.0,1.0,1.0,1.0,2.88e-06,0.96875,0.0,2.0,easy|hard|medium
test,0,9,177,32,0.5325328090038965,94.32458059100463,1238.5665444909973,7.936199835967273e-05,1.0,1.0,1.0,1.0,2.8711111111111113e-06,1.15625,0.0,2.0,hard|easy|medium
test,0,9,178,32,0.5317976309961523,94.85689295900374,1239.098856878998,0.00010770057997433469,1.0,1.0,1.0,1.0,2.8622222222222223e-06,1.09375,0.0,2.0,easy|hard|medium
test,0,9,179,32,0.5308746520022396,95.38832034700317,1239.6302842590012,7.315338007174432e-05,1.0,1.0,1.0,1.0,2.8533333333333337e-06,0.9375,0.0,2.0,medium|easy|hard
test,0,9,180,32,0.5328008090000367,95.92163797100511,1240.1636018969948,6.897366256453097e-05,1.0,1.0,1.0,1.0,2.8444444444444446e-06,1.21875,0.0,2.0,hard|easy|medium
test,0,9,181,32,0.5324476910027442,96.45466303400462,1240.696626965997,8.96534911589697e-05,1.0,1.0,1.0,1.0,2.835555555555556e-06,0.9375,0.0,2.0,easy|hard|medium
test,0,9,182,32,0.5312472149962559,96.9863862830025,1241.2283502540013,8.193659596145153e-05,1.0,1.0,1.0,1.0,2.826666666666667e-06,1.0,0.0,2.0,hard|medium|easy
test,0,9,183,32,0.5326226109973504,97.51958838300197,1241.7615523540007,7.512575393775478e-05,1.0,1.0,1.0,1.0,2.8177777777777784e-06,0.96875,0.0,2.0,hard|medium|easy
test,0,9,184,32,0.5316453589985031,98.05180308299896,1242.293767053001,0.00012976884318049997,1.0,1.0,1.0,1.0,2.8088888888888893e-06,0.96875,0.0,2.0,easy|medium|hard
test,0,9,185,32,0.5314653910027118,98.58384163099981,1242.8258056060004,0.00020524137653410435,1.0,1.0,1.0,1.0,2.8000000000000003e-06,0.875,0.0,2.0,medium|easy|hard
test,0,9,186,32,0.5325273749986081,99.11688969800161,1243.3588539109987,6.0790760471718386e-05,1.0,1.0,1.0,1.0,2.7911111111111113e-06,1.1875,0.0,2.0,hard|medium|easy
test,0,9,187,32,0.5317462800012436,99.64916693299892,1243.891130899996,5.775427052867599e-05,1.0,1.0,1.0,1.0,2.7822222222222222e-06,0.875,0.0,2.0,medium|easy|hard
test,0,9,188,32,0.5317585860029794,100.18139037400397,1244.423354341001,8.170262299245223e-05,1.0,1.0,1.0,1.0,2.7733333333333336e-06,1.09375,0.0,2.0,medium|hard|easy
test,0,9,189,32,0.5327187359944219,100.71468591900339,1244.9566498239947,7.140678644645959e-05,1.0,1.0,1.0,1.0,2.7644444444444446e-06,0.90625,0.0,2.0,hard|medium|easy
test,0,9,190,32,0.5316898219971335,101.24693748400023,1245.4889014049986,8.197649731300771e-05,1.0,1.0,1.0,1.0,2.755555555555556e-06,1.25,0.0,2.0,medium|hard|easy
test,0,9,191,32,0.5325948399986373,101.78002280500368,1246.0219867150008,0.003051633248105645,1.0,1.0,1.0,1.0,2.746666666666667e-06,1.5625,0.0,2.0,hard|medium|easy
test,0,9,192,32,0.5331831419971422,102.31378260099882,1246.555746524995,8.8100103312172e-05,1.0,1.0,1.0,1.0,2.7377777777777783e-06,1.25,0.0,2.0,hard|easy|medium
test,0,9,193,32,0.5323675530016772,102.84662187899812,1247.088585806996,5.413770486484282e-05,1.0,1.0,1.0,1.0,2.7288888888888893e-06,0.84375,0.0,2.0,easy|medium|hard
test,0,9,194,32,0.5319391469965922,103.3790424980034,1247.6210064240004,9.819786646403372e-05,1.0,1.0,1.0,1.0,2.7200000000000002e-06,0.78125,0.0,2.0,easy|hard|medium
test,0,9,195,32,0.5327545469990582,103.91236169900367,1248.1543256639998,0.00010250668856315315,1.0,1.0,1.0,1.0,2.7111111111111116e-06,0.90625,0.0,2.0,easy|medium|hard
test,0,9,196,32,0.532344806000765,104.44532843100023,1248.6872923400006,5.941243580309674e-05,1.0,1.0,1.0,1.0,2.702222222222222e-06,1.03125,0.0,2.0,hard|medium|easy
test,0,9,197,32,0.53147898199677,104.9773316780047,1249.2192955819992,0.25241610407829285,0.9705882352941176,0.96875,0.96875,0.9687194525904204,2.6933333333333335e-06,0.90625,0.0,2.0,easy|hard|medium
test,0,9,198,32,0.5323342959964066,105.51023419800185,1249.7521981929967,5.9337966376915574e-05,1.0,1.0,1.0,1.0,2.6844444444444445e-06,1.15625,0.0,2.0,medium|easy|hard
test,0,9,199,32,0.5318936929979827,106.04256715300289,1250.2845311139972,7.105615804903209e-05,1.0,1.0,1.0,1.0,2.675555555555556e-06,0.75,0.0,2.0,hard|easy|medium
test,0,9,200,32,0.5314820280036656,106.5746203880044,1250.816584301996,7.239382102852687e-05,1.0,1.0,1.0,1.0,2.666666666666667e-06,1.125,0.0,2.0,medium|hard|easy
test,0,9,201,32,0.5328465059938026,107.10803815200052,1251.350002359999,5.756117025157437e-05,1.0,1.0,1.0,1.0,2.6577777777777782e-06,1.09375,0.0,2.0,hard|medium|easy
test,0,9,202,32,0.5326327599977958,107.64114609500393,1251.8831100399984,7.379052112810314e-05,1.0,1.0,1.0,1.0,2.648888888888889e-06,0.75,0.0,2.0,easy|medium|hard
test,0,9,203,32,0.5320151889973204,108.17374189100519,1252.4157057939956,6.505162309622392e-05,1.0,1.0,1.0,1.0,2.64e-06,1.125,0.0,2.0,hard|easy|medium
test,0,9,204,32,0.5323336360015674,108.70664842000406,1252.948612398999,5.7337259931955487e-05,1.0,1.0,1.0,1.0,2.6311111111111115e-06,0.78125,0.0,2.0,easy|medium|hard
test,0,9,205,32,0.5321957600026508,109.23941008800466,1253.4813740979953,7.237435784190893e-05,1.0,1.0,1.0,1.0,2.6222222222222225e-06,0.90625,0.0,2.0,medium|hard|easy
test,0,9,206,32,0.5315210000044317,109.77149181099958,1254.0134557259953,7.71544873714447e-05,1.0,1.0,1.0,1.0,2.6133333333333334e-06,0.8125,0.0,2.0,hard|easy|medium
test,0,9,207,32,0.5316837150021456,110.30379558099958,1254.5457595049957,0.22316336631774902,0.9705882352941176,0.96875,0.96875,0.9687194525904204,2.6044444444444444e-06,0.96875,0.0,2.0,hard|medium|easy
test,0,9,208,32,0.5327008399981423,110.83704097900045,1255.0790048939962,7.280234422069043e-05,1.0,1.0,1.0,1.0,2.5955555555555558e-06,1.09375,0.0,2.0,hard|easy|medium
test,0,9,209,32,0.531804138001462,111.36942731399904,1255.6113912209985,5.7248136727139354e-05,1.0,1.0,1.0,1.0,2.5866666666666667e-06,0.9375,0.0,2.0,hard|easy|medium
test,0,9,210,32,0.5309652110008756,111.90095258500514,1256.142916496996,5.170916847418994e-05,1.0,1.0,1.0,1.0,2.577777777777778e-06,1.0625,0.0,2.0,medium|hard|easy
test,0,9,211,32,0.5327017759991577,112.43422693900357,1256.6761910179994,5.817189230583608e-05,1.0,1.0,1.0,1.0,2.568888888888889e-06,0.96875,0.0,2.0,easy|medium|hard
test,0,9,212,32,0.5325597390037728,112.9673554980036,1257.2093194789995,7.748222560621798e-05,1.0,1.0,1.0,1.0,2.56e-06,0.84375,0.0,2.0,medium|easy|hard
test,0,9,213,32,0.5313490059998003,113.49924768799974,1257.7412115929983,7.418466702802107e-05,1.0,1.0,1.0,1.0,2.5511111111111114e-06,1.0625,0.0,2.0,medium|hard|easy
test,0,9,214,32,0.5326500449955347,114.03245665600116,1258.274420650996,6.198997289175168e-05,1.0,1.0,1.0,1.0,2.5422222222222224e-06,0.9375,0.0,2.0,hard|easy|medium
test,0,9,215,32,0.5319022760013468,114.56491648899828,1258.8068804779978,6.787564052501693e-05,1.0,1.0,1.0,1.0,2.5333333333333338e-06,1.09375,0.0,2.0,easy|medium|hard
test,0,9,216,32,0.5316132350053522,115.09705986599874,1259.3390238219945,6.388959445757791e-05,1.0,1.0,1.0,1.0,2.5244444444444447e-06,1.15625,0.0,2.0,medium|hard|easy
test,0,9,217,32,0.5325211269955616,115.63017861999833,1259.8721425769982,7.759030995657668e-05,1.0,1.0,1.0,1.0,2.5155555555555557e-06,1.0,0.0,2.0,easy|medium|hard
test,0,9,218,32,0.5319765509993886,116.16271442500147,1260.4046783399972,6.293268234003335e-05,1.0,1.0,1.0,1.0,2.5066666666666667e-06,1.0,0.0,2.0,hard|medium|easy
test,0,9,219,32,0.5315101710002637,116.69481991400244,1260.9367838289982,5.883847188670188e-05,1.0,1.0,1.0,1.0,2.497777777777778e-06,0.96875,0.0,2.0,hard|easy|medium
test,0,9,220,32,0.5321233049980947,117.22750084099971,1261.469464748996,6.918252620380372e-05,1.0,1.0,1.0,1.0,2.488888888888889e-06,0.96875,0.0,2.0,hard|medium|easy
test,0,9,221,32,0.5314601579957525,117.75952698100446,1262.001490908995,6.939901504665613e-05,1.0,1.0,1.0,1.0,2.4800000000000004e-06,1.125,0.0,2.0,medium|hard|easy
test,0,9,222,32,0.5315480740027851,118.2916771750024,1262.5336410859964,5.6320128351217136e-05,1.0,1.0,1.0,1.0,2.4711111111111114e-06,1.0625,0.0,2.0,medium|easy|hard
test,0,9,223,32,0.5323864430029062,118.82460798800457,1263.0665719309982,5.871943722013384e-05,1.0,1.0,1.0,1.0,2.4622222222222223e-06,1.0,0.0,2.0,medium|easy|hard
test,0,9,224,32,0.5323260790028144,119.35755334200076,1263.5995172549956,4.891907155979425e-05,1.0,1.0,1.0,1.0,2.4533333333333333e-06,0.78125,0.0,2.0,easy|medium|hard
test,0,9,225,32,0.5316868820009404,119.88981088500441,1264.1317748059955,6.423243030440062e-05,1.0,1.0,1.0,1.0,2.4444444444444447e-06,0.9375,0.0,2.0,medium|hard|easy
test,0,9,226,32,0.53193692300556,120.42229349099944,1264.6642573969948,6.449348438763991e-05,1.0,1.0,1.0,1.0,2.4355555555555556e-06,0.96875,0.0,2.0,medium|easy|hard
test,0,9,227,32,0.5319656610008678,120.9546970320007,1265.1966609469964,6.293185288086534e-05,1.0,1.0,1.0,1.0,2.426666666666667e-06,0.625,0.0,2.0,easy|hard|medium
test,0,9,228,32,0.5312558799996623,121.48651853100455,1265.7284824390008,5.719241016777232e-05,1.0,1.0,1.0,1.0,2.417777777777778e-06,1.25,0.0,2.0,medium|easy|hard
test,0,9,229,32,0.5324151509994408,122.01950628600025,1266.261470245001,6.3959916587919e-05,1.0,1.0,1.0,1.0,2.4088888888888894e-06,0.9375,0.0,2.0,hard|medium|easy
test,0,9,230,32,0.5327321039949311,122.55285189599817,1266.794815866997,6.440407014451921e-05,1.0,1.0,1.0,1.0,2.4000000000000003e-06,1.15625,0.0,2.0,hard|medium|easy
test,0,9,231,32,0.5315436849996331,123.08491624900489,1267.3268801629965,5.979998240945861e-05,1.0,1.0,1.0,1.0,2.3911111111111113e-06,0.96875,0.0,2.0,easy|medium|hard
test,0,9,232,32,0.5323133249985403,123.61779230400134,1267.8597563199946,7.025961531326175e-05,1.0,1.0,1.0,1.0,2.3822222222222222e-06,1.1875,0.0,2.0,medium|hard|easy
test,0,9,233,32,0.5323527180007659,124.15070951500093,1268.3926735139976,5.784795939689502e-05,1.0,1.0,1.0,1.0,2.3733333333333336e-06,1.0,0.0,2.0,easy|hard|medium
test,0,9,234,32,0.5317934080012492,124.68309796800168,1268.9250618779988,0.0007133326143957675,1.0,1.0,1.0,1.0,2.3644444444444446e-06,1.0,0.0,2.0,hard|easy|medium
test,0,9,235,32,0.532231948003755,125.21591806100332,1269.4578820339957,6.150573608465493e-05,1.0,1.0,1.0,1.0,2.3555555555555555e-06,0.96875,0.0,2.0,easy|hard|medium
test,0,9,236,32,0.5359416810024413,125.75238823100517,1269.9943523249967,8.463465928798541e-05,1.0,1.0,1.0,1.0,2.346666666666667e-06,0.8125,0.0,2.0,easy|hard|medium
test,0,9,237,32,0.5314449799989234,126.28464112000074,1270.5266050329956,7.867794920457527e-05,1.0,1.0,1.0,1.0,2.337777777777778e-06,1.125,0.0,2.0,medium|hard|easy
test,0,9,238,32,0.5318474599989713,126.81708859799983,1271.0590525599982,5.9822177718160674e-05,1.0,1.0,1.0,1.0,2.3288888888888893e-06,1.03125,0.0,2.0,medium|easy|hard
test,0,9,239,32,0.5323129759999574,127.34997208000277,1271.5919360539992,5.7676610595081e-05,1.0,1.0,1.0,1.0,2.3200000000000002e-06,0.9375,0.0,2.0,easy|medium|hard
test,0,9,240,32,0.5309897159968386,127.88153383600002,1272.1234977470012,8.498580427840352e-05,1.0,1.0,1.0,1.0,2.311111111111111e-06,0.90625,0.0,2.0,easy|hard|medium
test,0,9,241,32,0.5329134650019114,128.41502929099806,1272.6569932929997,5.747171235270798e-05,1.0,1.0,1.0,1.0,2.302222222222222e-06,0.90625,0.0,2.0,medium|hard|easy
test,0,9,242,32,0.5318814429992926,128.94746724700235,1273.1894312660006,6.960051541682333e-05,1.0,1.0,1.0,1.0,2.2933333333333335e-06,1.125,0.0,2.0,medium|hard|easy
test,0,9,243,32,0.5319267779996153,129.48005679500056,1273.7220207169958,6.147212843643501e-05,1.0,1.0,1.0,1.0,2.2844444444444445e-06,1.125,0.0,2.0,hard|medium|easy
test,0,9,244,32,0.5320570250041783,130.0126290660046,1274.2545930289998,5.577316915150732e-05,1.0,1.0,1.0,1.0,2.275555555555556e-06,1.0625,0.0,2.0,hard|medium|easy
test,0,9,245,32,0.5318618770033936,130.5450848920009,1274.7870487999971,6.147973181214184e-05,1.0,1.0,1.0,1.0,2.266666666666667e-06,0.78125,0.0,2.0,easy|hard|medium
test,0,9,246,32,0.5301564350011176,131.0757956430025,1275.3177596089954,7.108534191502258e-05,1.0,1.0,1.0,1.0,2.257777777777778e-06,0.9375,0.0,2.0,easy|medium|hard
test,0,9,247,32,0.5323289149964694,131.60892754700035,1275.850891465001,6.444114114856347e-05,1.0,1.0,1.0,1.0,2.248888888888889e-06,0.6875,0.0,2.0,medium|easy|hard
test,0,9,248,32,0.5315046359974076,132.14089404600236,1276.3828579600013,8.284849900519475e-05,1.0,1.0,1.0,1.0,2.24e-06,0.875,0.0,2.0,hard|easy|medium
test,0,9,249,32,0.5311985910011572,132.67254484900332,1276.9145087599973,6.960386235732585e-05,1.0,1.0,1.0,1.0,2.2311111111111115e-06,1.03125,0.0,2.0,medium|easy|hard
test,0,9,250,32,0.5325117980028153,133.2055082490042,1277.4474721949955,7.001015183050185e-05,1.0,1.0,1.0,1.0,2.222222222222222e-06,0.875,0.0,2.0,medium|easy|hard
test,0,10,1,32,0.5350368219951633,0.6197552170051495,1287.9508667339978,6.20610881014727e-05,1.0,1.0,1.0,1.0,2.2133333333333335e-06,0.65625,0.0,2.0,easy|medium|hard
test,0,10,2,32,0.5315897210020921,1.1520884909987217,1288.4831831919946,6.72976893838495e-05,1.0,1.0,1.0,1.0,2.2044444444444444e-06,1.28125,0.0,2.0,hard|medium|easy
test,0,10,3,32,0.5305898689985042,1.6831895040013478,1289.0142842119967,5.296075323713012e-05,1.0,1.0,1.0,1.0,2.195555555555556e-06,1.125,0.0,2.0,medium|hard|easy
test,0,10,4,32,0.5325426239942317,2.2162629060039762,1289.5473576129953,5.748278636019677e-05,1.0,1.0,1.0,1.0,2.1866666666666668e-06,0.90625,0.0,2.0,hard|easy|medium
test,0,10,5,32,0.532507452997379,2.7492626489984104,1290.0803573529993,6.351740739773959e-05,1.0,1.0,1.0,1.0,2.1777777777777777e-06,0.84375,0.0,2.0,easy|hard|medium
test,0,10,6,32,0.5309012819998316,3.2808420979999937,1290.6119368709988,7.379793532891199e-05,1.0,1.0,1.0,1.0,2.168888888888889e-06,0.8125,0.0,2.0,hard|easy|medium
test,0,10,7,32,0.5328603410016512,3.814227833005134,1291.1453225969963,6.26726687187329e-05,1.0,1.0,1.0,1.0,2.16e-06,0.90625,0.0,2.0,medium|easy|hard
test,0,10,8,32,0.531608484001481,4.346379708003951,1291.6774744399954,6.453792593674734e-05,1.0,1.0,1.0,1.0,2.1511111111111115e-06,0.84375,0.0,2.0,easy|medium|hard
test,0,10,9,32,0.5319902580013149,4.878938473004382,1292.2100331819966,5.549011621042155e-05,1.0,1.0,1.0,1.0,2.1422222222222224e-06,0.875,0.0,2.0,easy|medium|hard
test,0,10,10,32,0.5330698140023742,5.412607593003486,1292.7437023409948,6.06637004239019e-05,1.0,1.0,1.0,1.0,2.133333333333334e-06,1.34375,0.0,2.0,medium|easy|hard
test,0,10,11,32,0.5321486989996629,5.945268675000989,1293.2763634109942,4.7455083404202014e-05,1.0,1.0,1.0,1.0,2.1244444444444443e-06,1.0,0.0,2.0,hard|medium|easy
test,0,10,12,32,0.5313387909991434,6.477163827003096,1293.808258565994,7.184237620094791e-05,1.0,1.0,1.0,1.0,2.1155555555555557e-06,1.03125,0.0,2.0,hard|medium|easy
test,0,10,13,32,0.5322340650018305,7.0099600500034285,1294.3410548059983,0.009486963972449303,1.0,1.0,1.0,1.0,2.1066666666666667e-06,1.0625,0.0,2.0,easy|medium|hard
test,0,10,14,32,0.5320917080025538,7.542577209002047,1294.8736719109947,7.572783215437084e-05,1.0,1.0,1.0,1.0,2.097777777777778e-06,0.84375,0.0,2.0,medium|easy|hard
test,0,10,15,32,0.5315374589990824,8.074662140003056,1295.405756852997,5.372036321205087e-05,1.0,1.0,1.0,1.0,2.088888888888889e-06,1.34375,0.0,2.0,medium|hard|easy
test,0,10,16,32,0.5328695909993257,8.608103462000145,1295.9391981730005,6.153580761747435e-05,1.0,1.0,1.0,1.0,2.08e-06,1.0625,0.0,2.0,hard|medium|easy
test,0,10,17,32,0.531850168001256,9.140516668005148,1296.4716113850009,6.949539965717122e-05,1.0,1.0,1.0,1.0,2.0711111111111114e-06,0.84375,0.0,2.0,medium|easy|hard
test,0,10,18,32,0.5323402209978667,9.673411438001494,1297.004506131998,0.00014622247545048594,1.0,1.0,1.0,1.0,2.0622222222222223e-06,0.90625,0.0,2.0,easy|hard|medium
test,0,10,19,32,0.5325952970015351,10.20655817000079,1297.5376528699999,6.53205206617713e-05,1.0,1.0,1.0,1.0,2.0533333333333337e-06,1.25,0.0,2.0,hard|easy|medium
test,0,10,20,32,0.5319056590014952,10.738949464001053,1298.0700441829977,0.10535798221826553,0.9666666666666667,0.96875,0.9722222222222222,0.9684729064039409,2.0444444444444447e-06,0.96875,0.0,2.0,easy|hard|medium
test,0,10,21,32,0.531478746997891,11.271025852998719,1298.6021206489968,5.0539452786324546e-05,1.0,1.0,1.0,1.0,2.0355555555555556e-06,0.9375,0.0,2.0,hard|medium|easy
test,0,10,22,32,0.53232433499943,11.803951858004439,1299.1350465949945,0.00012046692427247763,1.0,1.0,1.0,1.0,2.0266666666666666e-06,1.09375,0.0,2.0,medium|easy|hard
test,0,10,23,32,0.5323797660021228,12.3368825869984,1299.6679773340002,5.757243343396112e-05,1.0,1.0,1.0,1.0,2.017777777777778e-06,1.03125,0.0,2.0,easy|hard|medium
test,0,10,24,32,0.5316580630023964,12.869088455001474,1300.2001834629991,8.918750245356932e-05,1.0,1.0,1.0,1.0,2.008888888888889e-06,0.71875,0.0,2.0,easy|hard|medium
test,0,10,25,32,0.532473396997375,13.40213573499932,1300.7332304339943,5.893192064831965e-05,1.0,1.0,1.0,1.0,2.0000000000000003e-06,0.84375,0.0,2.0,hard|easy|medium
test,0,10,26,32,0.5320590960036498,13.934748840998509,1301.2658435490011,5.8775323850568384e-05,1.0,1.0,1.0,1.0,1.9911111111111113e-06,0.9375,0.0,2.0,hard|medium|easy
test,0,10,27,32,0.5312975669949083,14.466539023000223,1301.7976337129949,5.548635817831382e-05,1.0,1.0,1.0,1.0,1.9822222222222223e-06,0.90625,0.0,2.0,medium|hard|easy
test,0,10,28,32,0.5308199130013236,14.99794679700426,1302.3290415029987,5.732647696277127e-05,1.0,1.0,1.0,1.0,1.9733333333333336e-06,1.0,0.0,2.0,easy|hard|medium
test,0,10,29,32,0.5323154970028554,15.530827492999379,1302.861922197997,5.124734525452368e-05,1.0,1.0,1.0,1.0,1.9644444444444446e-06,0.90625,0.0,2.0,hard|medium|easy
test,0,10,30,32,0.5316897759985295,16.063067823000893,1303.3941625320003,5.7035831559915096e-05,1.0,1.0,1.0,1.0,1.955555555555556e-06,1.0625,0.0,2.0,medium|hard|easy
test,0,10,31,32,0.5308553599970764,16.594377954002994,1303.9254726599975,6.899319123476744e-05,1.0,1.0,1.0,1.0,1.9466666666666665e-06,0.96875,0.0,2.0,easy|hard|medium
test,0,10,32,32,0.5325670669990359,17.127591290001874,1304.4586859889969,5.905849684495479e-05,1.0,1.0,1.0,1.0,1.937777777777778e-06,0.9375,0.0,2.0,easy|hard|medium
test,0,10,33,32,0.5313853300031042,17.659567930000776,1304.9906626459997,0.0004102756211068481,1.0,1.0,1.0,1.0,1.928888888888889e-06,1.15625,0.0,2.0,hard|easy|medium
test,0,10,34,32,0.5309047010014183,18.191100828000344,1305.5221955300003,9.671412408351898e-05,1.0,1.0,1.0,1.0,1.9200000000000003e-06,0.90625,0.0,2.0,medium|easy|hard
test,0,10,35,32,0.5326473860041006,18.72424200599926,1306.0553369729969,6.28378038527444e-05,1.0,1.0,1.0,1.0,1.9111111111111112e-06,1.15625,0.0,2.0,easy|hard|medium
test,0,10,36,32,0.5311144570005126,19.2558753350022,1306.5869700429976,5.272231646813452e-05,1.0,1.0,1.0,1.0,1.9022222222222222e-06,1.0625,0.0,2.0,medium|easy|hard
test,0,10,37,32,0.5312430859994492,19.787684011003876,1307.118778723001,6.295825733104721e-05,1.0,1.0,1.0,1.0,1.8933333333333333e-06,1.1875,0.0,2.0,hard|easy|medium
test,0,10,38,32,0.5322610980001627,20.320484982999915,1307.6515797079992,6.25711545580998e-05,1.0,1.0,1.0,1.0,1.8844444444444445e-06,0.6875,0.0,2.0,easy|hard|medium
test,0,10,39,32,0.5317084220005199,20.852762884002004,1308.1838575889997,0.00013654111535288393,1.0,1.0,1.0,1.0,1.8755555555555557e-06,0.84375,0.0,2.0,easy|hard|medium
test,0,10,40,32,0.5306393369974103,21.383923715999117,1308.7150184310012,6.261596718104556e-05,1.0,1.0,1.0,1.0,1.8666666666666669e-06,0.65625,0.0,2.0,medium|easy|hard
test,0,10,41,32,0.532114265995915,21.91650450900488,1309.2475992209947,9.453978418605402e-05,1.0,1.0,1.0,1.0,1.8577777777777778e-06,0.96875,0.0,2.0,hard|medium|easy
test,0,10,42,32,0.5319400579974172,22.44903300599981,1309.7801277510007,6.159159238450229e-05,1.0,1.0,1.0,1.0,1.848888888888889e-06,1.1875,0.0,2.0,hard|easy|medium
test,0,10,43,32,0.5309854049992282,22.980553679000877,1310.3116483829945,6.181863136589527e-05,1.0,1.0,1.0,1.0,1.8400000000000002e-06,1.0,0.0,2.0,easy|medium|hard
test,0,10,44,32,0.5328042230030405,23.513907316002587,1310.8450020169985,6.312607729341835e-05,1.0,1.0,1.0,1.0,1.8311111111111113e-06,0.96875,0.0,2.0,easy|medium|hard
test,0,10,45,32,0.531450690003112,24.045891380003013,1311.3769861010005,0.00010082412336487323,1.0,1.0,1.0,1.0,1.8222222222222225e-06,1.125,0.0,2.0,easy|hard|medium
test,0,10,46,32,0.5306909760038252,24.57709550800064,1311.908190227994,6.665338150924072e-05,1.0,1.0,1.0,1.0,1.8133333333333337e-06,0.84375,0.0,2.0,easy|hard|medium
test,0,10,47,32,0.5326410660054535,25.1103097410014,1312.4414045339945,5.950920967734419e-05,1.0,1.0,1.0,1.0,1.8044444444444444e-06,1.03125,0.0,2.0,hard|medium|easy
test,0,10,48,32,0.531536053000309,25.64242958700197,1312.973524328001,7.875689334468916e-05,1.0,1.0,1.0,1.0,1.7955555555555556e-06,1.3125,0.0,2.0,hard|medium|easy
test,0,10,49,32,0.5307050170013099,26.173719584003265,1313.5048143039967,5.00178211950697e-05,1.0,1.0,1.0,1.0,1.7866666666666668e-06,1.1875,0.0,2.0,easy|medium|hard
test,0,10,50,32,0.532785903000331,26.707065981005144,1314.0381606749943,5.6171724281739444e-05,1.0,1.0,1.0,1.0,1.777777777777778e-06,1.0625,0.0,2.0,hard|medium|easy
test,0,10,51,32,0.5315788410007372,27.239208329003304,1314.5703030410004,6.1561688198708e-05,1.0,1.0,1.0,1.0,1.7688888888888891e-06,1.09375,0.0,2.0,hard|medium|easy
test,0,10,52,32,0.5314610899949912,27.771233309998934,1315.102328009998,6.243501411518082e-05,1.0,1.0,1.0,1.0,1.76e-06,1.0625,0.0,2.0,easy|hard|medium
test,0,10,53,32,0.5327227660018252,28.304541486002563,1315.6356361879953,6.577102612936869e-05,1.0,1.0,1.0,1.0,1.7511111111111113e-06,1.0,0.0,2.0,hard|easy|medium
test,0,10,54,32,0.5315025050003896,28.836606068005494,1316.1677007760009,6.527936784550548e-05,1.0,1.0,1.0,1.0,1.7422222222222224e-06,1.03125,0.0,2.0,easy|medium|hard
test,0,10,55,32,0.5320899840007769,29.369289854003,1316.7003845910003,5.591097578871995e-05,1.0,1.0,1.0,1.0,1.7333333333333336e-06,0.8125,0.0,2.0,medium|hard|easy
test,0,10,56,32,0.5328616109982249,29.902719543002604,1317.2338143239976,5.889834210393019e-05,1.0,1.0,1.0,1.0,1.7244444444444448e-06,1.1875,0.0,2.0,medium|easy|hard
test,0,10,57,32,0.5315971090021776,30.43488495299971,1317.7659796579974,6.903760368004441e-05,1.0,1.0,1.0,1.0,1.7155555555555555e-06,1.21875,0.0,2.0,medium|hard|easy
test,0,10,58,32,0.5313744330051122,30.966853972000536,1318.2979488189958,7.510561408707872e-05,1.0,1.0,1.0,1.0,1.7066666666666667e-06,0.90625,0.0,2.0,medium|easy|hard
test,0,10,59,32,0.5324904400040396,31.499871587999223,1318.8309663129985,0.009622515179216862,1.0,1.0,1.0,1.0,1.6977777777777779e-06,1.0625,0.0,2.0,medium|easy|hard
test,0,10,60,32,0.5315791499961051,32.03199203300028,1319.3630867659958,5.678617526427843e-05,1.0,1.0,1.0,1.0,1.688888888888889e-06,0.90625,0.0,2.0,medium|easy|hard
test,0,10,61,32,0.531230055996275,32.56379029100208,1319.8948849890003,7.636635564267635e-05,1.0,1.0,1.0,1.0,1.6800000000000002e-06,1.0,0.0,2.0,medium|easy|hard
test,0,10,62,32,0.5323974200000521,33.09675957199943,1320.4278542969987,8.011099271243438e-05,1.0,1.0,1.0,1.0,1.6711111111111112e-06,1.03125,0.0,2.0,hard|medium|easy
test,0,10,63,32,0.5325610300060362,33.629892754004686,1320.9609874669986,6.7420958657749e-05,1.0,1.0,1.0,1.0,1.6622222222222224e-06,1.0,0.0,2.0,medium|easy|hard
test,0,10,64,32,0.5315125769993756,34.16194362000533,1321.4930383199971,6.241117080207914e-05,1.0,1.0,1.0,1.0,1.6533333333333335e-06,1.0625,0.0,2.0,medium|hard|easy
test,0,10,65,32,0.5317444040047121,34.694208450004226,1322.0253032179971,5.16197360411752e-05,1.0,1.0,1.0,1.0,1.6444444444444447e-06,1.0625,0.0,2.0,medium|hard|easy
test,0,10,66,32,0.5325316110029235,35.227305079999496,1322.5583997819995,6.061497697373852e-05,1.0,1.0,1.0,1.0,1.6355555555555559e-06,1.21875,0.0,2.0,medium|hard|easy
test,0,10,67,32,0.5315392310003517,35.75937073700334,1323.0904654490005,5.757227336289361e-05,1.0,1.0,1.0,1.0,1.6266666666666666e-06,0.84375,0.0,2.0,easy|medium|hard
test,0,10,68,32,0.5306545600033132,36.290599592000945,1323.6216942999963,5.652935215039179e-05,1.0,1.0,1.0,1.0,1.6177777777777778e-06,1.03125,0.0,2.0,easy|medium|hard
test,0,10,69,32,0.532159259004402,36.82330388799892,1324.1543985889948,5.495369259733707e-05,1.0,1.0,1.0,1.0,1.608888888888889e-06,0.875,0.0,2.0,easy|medium|hard
test,0,10,70,32,0.5317043339964584,37.355591936000565,1324.6866866389973,4.97943619848229e-05,1.0,1.0,1.0,1.0,1.6000000000000001e-06,1.15625,0.0,2.0,medium|easy|hard
test,0,10,71,32,0.5312727479977184,37.8873856479986,1325.2184804509961,5.4413569159805775e-05,1.0,1.0,1.0,1.0,1.5911111111111113e-06,1.1875,0.0,2.0,hard|medium|easy
test,0,10,72,32,0.5327193720004288,38.42070523399889,1325.7517999970005,6.801902782171965e-05,1.0,1.0,1.0,1.0,1.5822222222222223e-06,1.125,0.0,2.0,medium|easy|hard
test,0,10,73,32,0.5315401249972638,38.952859051001724,1326.2839537580003,7.724004535702989e-05,1.0,1.0,1.0,1.0,1.5733333333333334e-06,1.15625,0.0,2.0,easy|medium|hard
test,0,10,74,32,0.5310858130033012,39.48449581800378,1326.8155905219974,6.685491825919598e-05,1.0,1.0,1.0,1.0,1.5644444444444446e-06,1.125,0.0,2.0,easy|medium|hard
test,0,10,75,32,0.5325453159966855,40.01760989399918,1327.3487046149967,5.670051177730784e-05,1.0,1.0,1.0,1.0,1.5555555555555558e-06,1.03125,0.0,2.0,medium|hard|easy
test,0,10,76,32,0.5314519829989877,40.54965259200253,1327.8807473019988,5.3511983423959464e-05,1.0,1.0,1.0,1.0,1.546666666666667e-06,0.90625,0.0,2.0,hard|easy|medium
test,0,10,77,32,0.5314619019991369,41.081648790001054,1328.4127435619957,4.7186862502712756e-05,1.0,1.0,1.0,1.0,1.5377777777777781e-06,0.875,0.0,2.0,easy|hard|medium
test,0,10,78,32,0.5322370599969872,41.61447340700397,1328.9455681079999,6.098061930970289e-05,1.0,1.0,1.0,1.0,1.5288888888888889e-06,1.03125,0.0,2.0,hard|medium|easy
test,0,10,79,32,0.5316706130033708,42.14677658200526,1329.4778712909974,5.9889011026825756e-05,1.0,1.0,1.0,1.0,1.52e-06,1.03125,0.0,2.0,easy|hard|medium
test,0,10,80,32,0.5309960049999063,42.67834865199984,1330.0094433539998,5.774747842224315e-05,1.0,1.0,1.0,1.0,1.5111111111111112e-06,1.03125,0.0,2.0,hard|medium|easy
test,0,10,81,32,0.5325098749963217,43.211368561998825,1330.5424633169969,4.817403532797471e-05,1.0,1.0,1.0,1.0,1.5022222222222224e-06,1.15625,0.0,2.0,easy|hard|medium
test,0,10,82,32,0.5321790009984397,43.74421715300559,1331.075311855995,5.799329301225953e-05,1.0,1.0,1.0,1.0,1.4933333333333336e-06,1.09375,0.0,2.0,easy|medium|hard
test,0,10,83,32,0.5312305109982844,44.276031740999315,1331.6071264549973,6.117430166341364e-05,1.0,1.0,1.0,1.0,1.4844444444444445e-06,1.03125,0.0,2.0,medium|hard|easy
test,0,10,84,32,0.5322088209941285,44.80879229400307,1332.1398870029952,6.597215542569757e-05,1.0,1.0,1.0,1.0,1.4755555555555557e-06,0.84375,0.0,2.0,medium|hard|easy
test,0,10,85,32,0.531701202999102,45.341005950998806,1332.6721006579974,6.526074866997078e-05,1.0,1.0,1.0,1.0,1.4666666666666669e-06,1.125,0.0,2.0,hard|medium|easy
test,0,10,86,32,0.5306451439973898,45.87213439599873,1333.2032291219948,7.075766916386783e-05,1.0,1.0,1.0,1.0,1.457777777777778e-06,0.84375,0.0,2.0,easy|hard|medium
test,0,10,87,32,0.5325216519995593,46.405294655000034,1333.7363893959991,5.638770016958006e-05,1.0,1.0,1.0,1.0,1.4488888888888892e-06,1.03125,0.0,2.0,hard|easy|medium
test,0,10,88,32,0.5320752740008174,46.93784913000127,1334.2689438300004,5.7128236221615225e-05,1.0,1.0,1.0,1.0,1.44e-06,0.9375,0.0,2.0,easy|hard|medium
test,0,10,89,32,0.5304189629969187,47.46882774700498,1334.7999224550003,6.330120231723413e-05,1.0,1.0,1.0,1.0,1.4311111111111111e-06,1.1875,0.0,2.0,hard|easy|medium
test,0,10,90,32,0.5325292609995813,48.0019169560037,1335.3330116549987,4.6374880184885114e-05,1.0,1.0,1.0,1.0,1.4222222222222223e-06,0.75,0.0,2.0,medium|hard|easy
test,0,10,91,32,0.531976163998479,48.534459150003386,1335.8655538530002,5.4327843827195466e-05,1.0,1.0,1.0,1.0,1.4133333333333335e-06,1.03125,0.0,2.0,easy|hard|medium
test,0,10,92,32,0.5308024460027809,49.065748935005104,1336.396843634,5.6875640439102426e-05,1.0,1.0,1.0,1.0,1.4044444444444447e-06,0.84375,0.0,2.0,easy|hard|medium
test,0,10,93,32,0.5324182999975164,49.59866103200329,1336.9297557359969,5.04500676470343e-05,1.0,1.0,1.0,1.0,1.3955555555555556e-06,1.09375,0.0,2.0,easy|medium|hard
test,0,10,94,32,0.5321328999998514,50.13139891200262,1337.4624936379987,6.302580004557967e-05,1.0,1.0,1.0,1.0,1.3866666666666668e-06,0.75,0.0,2.0,medium|easy|hard
test,0,10,95,32,0.5313812629974564,50.66335024699947,1337.9944449499963,5.831340604345314e-05,1.0,1.0,1.0,1.0,1.377777777777778e-06,0.9375,0.0,2.0,easy|hard|medium
test,0,10,96,32,0.5325593109955662,51.19637955399958,1338.5274742670008,5.4148440540302545e-05,1.0,1.0,1.0,1.0,1.3688888888888891e-06,1.0,0.0,2.0,easy|medium|hard
test,0,10,97,32,0.5311395639946568,51.72810306899919,1339.0591977829972,8.690379763720557e-05,1.0,1.0,1.0,1.0,1.3600000000000001e-06,0.96875,0.0,2.0,hard|medium|easy
test,0,10,98,32,0.5314231129959808,52.26000651000504,1339.5911012139986,5.223811967880465e-05,1.0,1.0,1.0,1.0,1.351111111111111e-06,1.0625,0.0,2.0,hard|medium|easy
test,0,10,99,32,0.5323251070003607,52.792865430004895,1340.1239601479974,0.0003504022606648505,1.0,1.0,1.0,1.0,1.3422222222222222e-06,0.96875,0.0,2.0,medium|hard|easy
test,0,10,100,32,0.5317942629990284,53.32527230500273,1340.6563670179967,7.12716719135642e-05,1.0,1.0,1.0,1.0,1.3333333333333334e-06,1.0,0.0,2.0,medium|easy|hard
test,0,10,101,32,0.5312195009973948,53.856976641000074,1341.1880714,5.7944838772527874e-05,1.0,1.0,1.0,1.0,1.3244444444444446e-06,1.125,0.0,2.0,medium|hard|easy
test,0,10,102,32,0.5321378230000846,54.38967394900101,1341.7207686609981,6.317749648587778e-05,1.0,1.0,1.0,1.0,1.3155555555555558e-06,0.9375,0.0,2.0,medium|easy|hard
test,0,10,103,32,0.531861077004578,54.922089163002966,1342.2531839309959,5.155613325769082e-05,1.0,1.0,1.0,1.0,1.3066666666666667e-06,0.6875,0.0,2.0,medium|easy|hard
test,0,10,104,32,0.5315235899979598,55.45412321800541,1342.7852179260008,7.395813008770347e-05,1.0,1.0,1.0,1.0,1.2977777777777779e-06,0.8125,0.0,2.0,hard|medium|easy
test,0,10,105,32,0.5319773340015672,55.98664661100338,1343.3177413640005,6.755909998901188e-05,1.0,1.0,1.0,1.0,1.288888888888889e-06,1.1875,0.0,2.0,easy|hard|medium
test,0,10,106,32,0.5322447969956556,56.51945252500445,1343.8505472199977,5.350825085770339e-05,1.0,1.0,1.0,1.0,1.28e-06,1.03125,0.0,2.0,medium|hard|easy
test,0,10,107,32,0.531499018004979,57.05148654500226,1344.3825812509967,4.7421533963643014e-05,1.0,1.0,1.0,1.0,1.2711111111111112e-06,1.125,0.0,2.0,easy|hard|medium
test,0,10,108,32,0.5310416370048188,57.583028261004074,1344.9141229659945,6.91564055159688e-05,1.0,1.0,1.0,1.0,1.2622222222222224e-06,1.1875,0.0,2.0,easy|medium|hard
test,0,10,109,32,0.532532336001168,58.11607649800135,1345.4471712239974,6.062299507902935e-05,1.0,1.0,1.0,1.0,1.2533333333333333e-06,1.09375,0.0,2.0,easy|hard|medium
test,0,10,110,32,0.5316443549963878,58.64826416000142,1345.9793589229957,6.570764526259154e-05,1.0,1.0,1.0,1.0,1.2444444444444445e-06,0.90625,0.0,2.0,easy|medium|hard
test,0,10,111,32,0.5310967129989876,59.17998283300403,1346.5110775479989,4.898609040537849e-05,1.0,1.0,1.0,1.0,1.2355555555555557e-06,1.03125,0.0,2.0,easy|medium|hard
test,0,10,112,32,0.5321758909994969,59.71270709500095,1347.0438017979977,5.233129195403308e-05,1.0,1.0,1.0,1.0,1.2266666666666666e-06,1.09375,0.0,2.0,hard|medium|easy
test,0,10,113,32,0.531020187001559,60.24426808000135,1347.5753627759987,5.520317063201219e-05,1.0,1.0,1.0,1.0,1.2177777777777778e-06,1.1875,0.0,2.0,medium|hard|easy
test,0,10,114,32,0.5309848970064195,60.77589272399928,1348.106987481995,6.807493628002703e-05,1.0,1.0,1.0,1.0,1.208888888888889e-06,1.0,0.0,2.0,hard|medium|easy
test,0,10,115,32,0.5325035389978439,61.308877560004476,1348.639972265999,5.2509749366436154e-05,1.0,1.0,1.0,1.0,1.2000000000000002e-06,0.96875,0.0,2.0,medium|hard|easy
test,0,10,116,32,0.5318728130005184,61.84131301800517,1349.172407719001,6.138232129160315e-05,1.0,1.0,1.0,1.0,1.1911111111111111e-06,1.15625,0.0,2.0,hard|easy|medium
test,0,10,117,32,0.5314072450055392,62.37332784200407,1349.7044225509962,5.715122097171843e-05,1.0,1.0,1.0,1.0,1.1822222222222223e-06,0.96875,0.0,2.0,hard|easy|medium
test,0,10,118,32,0.5322084669969627,62.90615115000401,1350.237245886994,0.00010292796650901437,1.0,1.0,1.0,1.0,1.1733333333333335e-06,1.0625,0.0,2.0,easy|hard|medium
test,0,10,119,32,0.5323282619938254,63.439036013005534,1350.7701307440002,7.478403131244704e-05,1.0,1.0,1.0,1.0,1.1644444444444446e-06,0.84375,0.0,2.0,easy|hard|medium
test,0,10,120,32,0.5307897239981685,63.970480639000016,1351.3015753449945,5.438352673081681e-05,1.0,1.0,1.0,1.0,1.1555555555555556e-06,0.90625,0.0,2.0,medium|easy|hard
test,0,10,121,32,0.5319448439986445,64.50303814400104,1351.8341328499955,5.796672485303134e-05,1.0,1.0,1.0,1.0,1.1466666666666668e-06,1.1875,0.0,2.0,hard|easy|medium
test,0,10,122,32,0.5320640889985953,65.03556288500113,1352.366657597995,6.350647163344547e-05,1.0,1.0,1.0,1.0,1.137777777777778e-06,0.84375,0.0,2.0,hard|easy|medium
test,0,10,123,32,0.5311642099986784,65.56732298100542,1352.8984176980011,6.674967153230682e-05,1.0,1.0,1.0,1.0,1.128888888888889e-06,0.875,0.0,2.0,easy|medium|hard
test,0,10,124,32,0.5326313350014971,66.10053089199937,1353.4316255949961,5.099018380860798e-05,1.0,1.0,1.0,1.0,1.12e-06,1.0,0.0,2.0,easy|medium|hard
test,0,10,125,32,0.5316942239951459,66.6328685260014,1353.9639632359977,8.044995047384873e-05,1.0,1.0,1.0,1.0,1.111111111111111e-06,1.125,0.0,2.0,medium|hard|easy
test,0,10,126,32,0.5309357849982916,67.16431660300441,1354.4954113089989,6.608714465983212e-05,1.0,1.0,1.0,1.0,1.1022222222222222e-06,0.875,0.0,2.0,easy|hard|medium
test,0,10,127,32,0.5329829370020889,67.69789973200386,1355.0289945199984,5.6406228395644575e-05,1.0,1.0,1.0,1.0,1.0933333333333334e-06,1.125,0.0,2.0,medium|hard|easy
test,0,10,128,32,0.532108462000906,68.23050632599916,1355.561601032001,5.160098953638226e-05,1.0,1.0,1.0,1.0,1.0844444444444446e-06,1.0625,0.0,2.0,easy|medium|hard
test,0,10,129,32,0.530923869999242,68.76189390999934,1356.0929886129961,5.820564547320828e-05,1.0,1.0,1.0,1.0,1.0755555555555557e-06,0.8125,0.0,2.0,medium|easy|hard
test,0,10,130,32,0.5325924249991658,69.29496747400117,1356.6260621839974,7.32507833163254e-05,1.0,1.0,1.0,1.0,1.066666666666667e-06,0.96875,0.0,2.0,easy|hard|medium
test,0,10,131,32,0.5320047100030934,69.82749512200098,1357.1585898439953,5.5266471463255584e-05,1.0,1.0,1.0,1.0,1.0577777777777779e-06,0.96875,0.0,2.0,hard|easy|medium
test,0,10,132,32,0.5311673370015342,70.35927479200473,1357.6903695099973,6.45417021587491e-05,1.0,1.0,1.0,1.0,1.048888888888889e-06,1.1875,0.0,2.0,easy|medium|hard
test,0,10,133,32,0.5326835360028781,70.89256345700414,1358.2236581889956,6.307754665613174e-05,1.0,1.0,1.0,1.0,1.04e-06,0.9375,0.0,2.0,hard|medium|easy
test,0,10,134,32,0.5332108149959822,71.42633626400493,1358.7574310349955,5.389567377278581e-05,1.0,1.0,1.0,1.0,1.0311111111111112e-06,0.9375,0.0,2.0,easy|medium|hard
test,0,10,135,32,0.5315966740017757,71.95854255800077,1359.2896372839969,5.538584082387388e-05,1.0,1.0,1.0,1.0,1.0222222222222223e-06,1.0625,0.0,2.0,medium|hard|easy
test,0,10,136,32,0.5330059690022608,72.492138282003,1359.8232330009996,6.0261481849011034e-05,1.0,1.0,1.0,1.0,1.0133333333333333e-06,1.21875,0.0,2.0,easy|hard|medium
test,0,10,137,32,0.5321022770003765,73.02468796000176,1360.3557827889963,5.782560401712544e-05,1.0,1.0,1.0,1.0,1.0044444444444445e-06,1.03125,0.0,2.0,hard|medium|easy
test,0,10,138,32,0.5315502409939654,73.55703034999897,1360.8881250669947,6.508113438030705e-05,1.0,1.0,1.0,1.0,9.955555555555556e-07,1.09375,0.0,2.0,hard|medium|easy
test,0,10,139,32,0.5331992430001264,74.09080710800481,1361.421901816997,6.355826917570084e-05,1.0,1.0,1.0,1.0,9.866666666666668e-07,1.0,0.0,2.0,easy|hard|medium
test,0,10,140,32,0.5322614910037373,74.62351078799838,1361.954605492996,0.0034883844200521708,1.0,1.0,1.0,1.0,9.77777777777778e-07,1.34375,0.0,2.0,hard|easy|medium
test,0,10,141,32,0.5316539659979753,75.15568916100165,1362.4867838589998,4.879990592598915e-05,1.0,1.0,1.0,1.0,9.68888888888889e-07,1.09375,0.0,2.0,easy|hard|medium
test,0,10,142,32,0.5327588759973878,75.68897766499867,1363.0200723710004,7.06876307958737e-05,1.0,1.0,1.0,1.0,9.600000000000001e-07,0.9375,0.0,2.0,hard|easy|medium
test,0,10,143,32,0.531683425004303,76.22120411800279,1363.5522988429948,7.208883471321315e-05,1.0,1.0,1.0,1.0,9.511111111111111e-07,1.25,0.0,2.0,medium|hard|easy
test,0,10,144,32,0.5311398510020808,76.75291733199992,1364.0840120930006,5.817168494104408e-05,1.0,1.0,1.0,1.0,9.422222222222223e-07,0.90625,0.0,2.0,medium|hard|easy
test,0,10,145,32,0.5326234530002694,77.286070027003,1364.6171647589945,6.0436879721237347e-05,1.0,1.0,1.0,1.0,9.333333333333334e-07,0.9375,0.0,2.0,easy|medium|hard
test,0,10,146,32,0.5315767209976912,77.81809490999876,1365.1491896169973,5.86150745220948e-05,1.0,1.0,1.0,1.0,9.244444444444445e-07,0.9375,0.0,2.0,easy|medium|hard
test,0,10,147,32,0.5315250149942585,78.3502012060053,1365.6812959109957,4.8509267799090594e-05,1.0,1.0,1.0,1.0,9.155555555555557e-07,1.03125,0.0,2.0,medium|easy|hard
test,0,10,148,32,0.5325907459991868,78.88338378800108,1366.2144784779957,6.197101174620911e-05,1.0,1.0,1.0,1.0,9.066666666666668e-07,1.09375,0.0,2.0,hard|medium|easy
test,0,10,149,32,0.5319424970002729,79.4158655220017,1366.7469602239944,6.363623833749443e-05,1.0,1.0,1.0,1.0,8.977777777777778e-07,1.125,0.0,2.0,easy|medium|hard
test,0,10,150,32,0.5314631950022886,79.94784393800364,1367.278938634001,4.890789932687767e-05,1.0,1.0,1.0,1.0,8.88888888888889e-07,0.875,0.0,2.0,hard|medium|easy
test,0,10,151,32,0.5326493000029586,80.48096242899919,1367.8120571399995,5.492754280567169e-05,1.0,1.0,1.0,1.0,8.8e-07,1.28125,0.0,2.0,hard|easy|medium
test,0,10,152,32,0.5322343719963101,81.01375568700314,1368.3448504039989,5.6752855016384274e-05,1.0,1.0,1.0,1.0,8.711111111111112e-07,0.96875,0.0,2.0,medium|hard|easy
test,0,10,153,32,0.5314716700013378,81.5457914810031,1368.8768861879944,0.04086265340447426,0.9642857142857143,0.96875,0.9736842105263157,0.967967967967968,8.622222222222224e-07,0.96875,0.0,2.0,hard|easy|medium
test,0,10,154,32,0.5317951760007418,82.07811935000063,1369.4092140619978,0.00013821999891661108,1.0,1.0,1.0,1.0,8.533333333333334e-07,0.875,0.0,2.0,medium|hard|easy
test,0,10,155,32,0.5322308260001591,82.61092213500524,1369.9420168360011,4.86097669636365e-05,1.0,1.0,1.0,1.0,8.444444444444445e-07,0.90625,0.0,2.0,easy|hard|medium
test,0,10,156,32,0.5318525010006852,83.14334764500381,1370.4744423789962,5.2640403737314045e-05,1.0,1.0,1.0,1.0,8.355555555555556e-07,0.9375,0.0,2.0,easy|hard|medium
test,0,10,157,32,0.5305853269965155,83.67451402499864,1371.0056087279954,5.951669663772918e-05,1.0,1.0,1.0,1.0,8.266666666666668e-07,0.78125,0.0,2.0,medium|hard|easy
test,0,10,158,32,0.532546677000937,84.20761342599872,1371.5387083129972,9.671816223999485e-05,1.0,1.0,1.0,1.0,8.177777777777779e-07,0.875,0.0,2.0,easy|hard|medium
test,0,10,159,32,0.5318348290020367,84.74000871300086,1372.071103477996,6.469838990597054e-05,1.0,1.0,1.0,1.0,8.088888888888889e-07,1.15625,0.0,2.0,hard|medium|easy
test,0,10,160,32,0.5312545630004024,85.2718243660056,1372.6029190629997,5.98368642386049e-05,1.0,1.0,1.0,1.0,8.000000000000001e-07,1.09375,0.0,2.0,medium|hard|easy
test,0,10,161,32,0.5325543910003034,85.80492962900462,1373.1360243699964,6.69659348204732e-05,1.0,1.0,1.0,1.0,7.911111111111111e-07,0.9375,0.0,2.0,easy|medium|hard
test,0,10,162,32,0.5318821219989331,86.33738143100345,1373.6684761319993,5.903623241465539e-05,1.0,1.0,1.0,1.0,7.822222222222223e-07,1.15625,0.0,2.0,hard|medium|easy
test,0,10,163,32,0.5311833819941967,86.86913486900448,1374.2002295759958,6.876971747260541e-05,1.0,1.0,1.0,1.0,7.733333333333335e-07,1.21875,0.0,2.0,hard|medium|easy
test,0,10,164,32,0.5321833370035165,87.40187930200045,1374.732973995,5.878283263882622e-05,1.0,1.0,1.0,1.0,7.644444444444444e-07,0.9375,0.0,2.0,easy|hard|medium
test,0,10,165,32,0.5314589910049108,87.93388708600105,1375.2649817899946,5.9032568969996646e-05,1.0,1.0,1.0,1.0,7.555555555555556e-07,1.0625,0.0,2.0,hard|medium|easy
test,0,10,166,32,0.5315742949969717,88.46603802600293,1375.7971327739942,6.939660670468584e-05,1.0,1.0,1.0,1.0,7.466666666666668e-07,1.0625,0.0,2.0,medium|hard|easy
test,0,10,167,32,0.5318558579965611,88.99843440000404,1376.3295291069953,6.02765467192512e-05,1.0,1.0,1.0,1.0,7.377777777777779e-07,1.0625,0.0,2.0,medium|hard|easy
test,0,10,168,32,0.5317107230002875,89.53067553300207,1376.8617702419942,5.972171129542403e-05,1.0,1.0,1.0,1.0,7.28888888888889e-07,0.875,0.0,2.0,hard|medium|easy
test,0,10,169,32,0.5321796059943154,90.06340827700478,1377.3945030069954,7.949094288051128e-05,1.0,1.0,1.0,1.0,7.2e-07,0.90625,0.0,2.0,hard|medium|easy
test,0,10,170,32,0.5319628439974622,90.5959411799995,1377.927035888999,5.748292096541263e-05,1.0,1.0,1.0,1.0,7.111111111111112e-07,1.03125,0.0,2.0,medium|hard|easy
test,0,10,171,32,0.5329021400029887,91.12933976500062,1378.4604344889958,6.648612907156348e-05,1.0,1.0,1.0,1.0,7.022222222222223e-07,1.15625,0.0,2.0,hard|easy|medium
test,0,10,172,32,0.5308561130004819,91.66074674400443,1378.991841459996,6.258986104512587e-05,1.0,1.0,1.0,1.0,6.933333333333334e-07,0.875,0.0,2.0,medium|easy|hard
test,0,10,173,32,0.5324615930003347,92.19368926700554,1379.524783971996,8.406690903939307e-05,1.0,1.0,1.0,1.0,6.844444444444446e-07,0.9375,0.0,2.0,hard|easy|medium
test,0,10,174,32,0.5317013309977483,92.72596467500261,1380.0570593789962,6.675425538560376e-05,1.0,1.0,1.0,1.0,6.755555555555555e-07,1.15625,0.0,2.0,medium|hard|easy
test,0,10,175,32,0.5315128340007504,93.25805367700377,1380.589148400999,5.152227822691202e-05,1.0,1.0,1.0,1.0,6.666666666666667e-07,0.875,0.0,2.0,easy|hard|medium
test,0,10,176,32,0.5328402640006971,93.79146284599847,1381.1225576039942,4.742159217130393e-05,1.0,1.0,1.0,1.0,6.577777777777779e-07,1.0,0.0,2.0,hard|medium|easy
test,0,10,177,32,0.5318575060009607,94.32390535200102,1381.6550000569987,0.151189923286438,0.96875,0.96875,0.9705882352941176,0.9687194525904204,6.488888888888889e-07,0.71875,0.0,2.0,easy|medium|hard
test,0,10,178,32,0.5308126509989961,94.85527707399888,1382.1863717939996,6.407851469703019e-05,1.0,1.0,1.0,1.0,6.4e-07,1.1875,0.0,2.0,hard|easy|medium
test,0,10,179,32,0.5326999409953714,95.38864333699894,1382.7197380430007,6.920572923263535e-05,1.0,1.0,1.0,1.0,6.311111111111112e-07,0.96875,0.0,2.0,medium|easy|hard
test,0,10,180,32,0.5318373139962205,95.92105300000549,1383.2521477379996,7.137330248951912e-05,1.0,1.0,1.0,1.0,6.222222222222223e-07,1.09375,0.0,2.0,easy|medium|hard
test,0,10,181,32,0.5304579229996307,96.45205418499972,1383.7831488820011,5.961737042525783e-05,1.0,1.0,1.0,1.0,6.133333333333333e-07,1.03125,0.0,2.0,easy|hard|medium
test,0,10,182,32,0.5320763209965662,96.98466773200198,1384.3157624409941,7.592486508656293e-05,1.0,1.0,1.0,1.0,6.044444444444445e-07,0.875,0.0,2.0,easy|hard|medium
test,0,10,183,32,0.5316436760040233,97.51688776100491,1384.8479824899987,5.7154917158186436e-05,1.0,1.0,1.0,1.0,5.955555555555556e-07,1.0,0.0,2.0,easy|medium|hard
test,0,10,184,32,0.5307604869958595,98.04819609699916,1385.3792908079995,6.210211722645909e-05,1.0,1.0,1.0,1.0,5.866666666666667e-07,1.09375,0.0,2.0,medium|easy|hard
test,0,10,185,32,0.532711415005906,98.58142355400196,1385.9125182599964,5.198108192416839e-05,1.0,1.0,1.0,1.0,5.777777777777778e-07,0.90625,0.0,2.0,medium|easy|hard
test,0,10,186,32,0.531491064997681,99.11350657600269,1386.4446012779954,5.888720625080168e-05,1.0,1.0,1.0,1.0,5.68888888888889e-07,1.0,0.0,2.0,hard|medium|easy
test,0,10,187,32,0.5314599970006384,99.6455800180047,1386.9766747859976,5.651818719343282e-05,1.0,1.0,1.0,1.0,5.6e-07,1.03125,0.0,2.0,hard|easy|medium
test,0,10,188,32,0.5330476300005103,100.1792093059994,1387.5103040199974,7.692827057326213e-05,1.0,1.0,1.0,1.0,5.511111111111111e-07,1.0,0.0,2.0,medium|easy|hard
test,0,10,189,32,0.5317914390034275,100.71153243600565,1388.0426271389952,0.15313903987407684,0.9705882352941176,0.96875,0.96875,0.9687194525904204,5.422222222222223e-07,0.96875,0.0,2.0,hard|easy|medium
test,0,10,190,32,0.531179338999209,101.24325096100074,1388.574345672001,5.062508353148587e-05,1.0,1.0,1.0,1.0,5.333333333333335e-07,0.75,0.0,2.0,hard|medium|easy
test,0,10,191,32,0.5323585379956057,101.77615148699988,1389.1072461910007,6.847101030871272e-05,1.0,1.0,1.0,1.0,5.244444444444445e-07,1.21875,0.0,2.0,medium|hard|easy
test,0,10,192,32,0.5317606959943078,102.30849174000468,1389.639586528996,5.681978655047715e-05,1.0,1.0,1.0,1.0,5.155555555555556e-07,0.875,0.0,2.0,hard|easy|medium
test,0,10,193,32,0.5314762160051032,102.8406235690054,1390.171718272999,6.29513306193985e-05,1.0,1.0,1.0,1.0,5.066666666666667e-07,1.0,0.0,2.0,easy|medium|hard
test,0,10,194,32,0.5322189640064607,103.37344893800037,1390.7045436669941,5.255828727968037e-05,1.0,1.0,1.0,1.0,4.977777777777778e-07,0.875,0.0,2.0,hard|easy|medium
test,0,10,195,32,0.5322301499982132,103.90617301900056,1391.2372677889944,5.828381472383626e-05,1.0,1.0,1.0,1.0,4.88888888888889e-07,0.96875,0.0,2.0,easy|medium|hard
test,0,10,196,32,0.5313591259982786,104.43814486200426,1391.769239579,6.124885112512857e-05,1.0,1.0,1.0,1.0,4.800000000000001e-07,1.125,0.0,2.0,medium|easy|hard
test,0,10,197,32,0.5302472670009593,104.96895440300432,1392.3000491619969,6.066748755984008e-05,1.0,1.0,1.0,1.0,4.7111111111111113e-07,1.03125,0.0,2.0,medium|hard|easy
test,0,10,198,32,0.5325226400018437,105.50208205600211,1392.8331767560012,5.022644472774118e-05,1.0,1.0,1.0,1.0,4.6222222222222225e-07,0.96875,0.0,2.0,hard|easy|medium
test,0,10,199,32,0.531344517999969,106.03399715900014,1393.3650918829953,0.0004896055907011032,1.0,1.0,1.0,1.0,4.533333333333334e-07,0.875,0.0,2.0,hard|easy|medium
test,0,10,200,32,0.5308822139995755,106.56547063000471,1393.8965653359992,6.703966937493533e-05,1.0,1.0,1.0,1.0,4.444444444444445e-07,0.90625,0.0,2.0,easy|medium|hard
test,0,10,201,32,0.5320295670026098,107.09813758599921,1394.4292322839974,5.608451829175465e-05,1.0,1.0,1.0,1.0,4.355555555555556e-07,0.625,0.0,2.0,medium|easy|hard
test,0,10,202,32,0.5317913980034064,107.63048314600019,1394.961577846996,6.641169602517039e-05,1.0,1.0,1.0,1.0,4.266666666666667e-07,0.875,0.0,2.0,medium|easy|hard
test,0,10,203,32,0.5311365769957774,108.16215635400295,1395.4932510559956,0.0015581800835207105,1.0,1.0,1.0,1.0,4.177777777777778e-07,1.21875,0.0,2.0,hard|medium|easy
test,0,10,204,32,0.532549506999203,108.69520564500272,1396.0263004000008,6.273092003539205e-05,1.0,1.0,1.0,1.0,4.0888888888888897e-07,0.90625,0.0,2.0,hard|easy|medium
test,0,10,205,32,0.5314386460013338,109.22726882300049,1396.558363541997,5.7676643336890265e-05,1.0,1.0,1.0,1.0,4.0000000000000003e-07,0.96875,0.0,2.0,easy|medium|hard
test,0,10,206,32,0.5307598239960498,109.75860454500071,1397.0896992449998,4.826332224183716e-05,1.0,1.0,1.0,1.0,3.9111111111111115e-07,1.0,0.0,2.0,hard|medium|easy
test,0,10,207,32,0.5326597429957474,110.29187341200304,1397.622968124997,5.7873934565577656e-05,1.0,1.0,1.0,1.0,3.822222222222222e-07,0.96875,0.0,2.0,easy|medium|hard
test,0,10,208,32,0.5321322419986245,110.82456245300273,1398.1556572219997,6.043313624104485e-05,1.0,1.0,1.0,1.0,3.733333333333334e-07,1.0,0.0,2.0,easy|medium|hard
test,0,10,209,32,0.5317051149977488,111.35685357400507,1398.6879482779987,9.158913599094376e-05,1.0,1.0,1.0,1.0,3.644444444444445e-07,0.6875,0.0,2.0,easy|hard|medium
test,0,10,210,32,0.5318381949982722,111.88922660500248,1399.220321668996,0.0002749584091361612,1.0,1.0,1.0,1.0,3.555555555555556e-07,1.0,0.0,2.0,hard|medium|easy
test,0,10,211,32,0.5324198710004566,112.42217603800236,1399.753270745001,0.00011295149306533858,1.0,1.0,1.0,1.0,3.466666666666667e-07,0.9375,0.0,2.0,hard|easy|medium
test,0,10,212,32,0.5308898099974613,112.95358136600407,1400.2846760709945,5.0297243433305994e-05,1.0,1.0,1.0,1.0,3.3777777777777777e-07,0.84375,0.0,2.0,easy|medium|hard
test,0,10,213,32,0.5328757139941445,113.48705148800218,1400.818146259,0.01469122152775526,1.0,1.0,1.0,1.0,3.2888888888888894e-07,0.96875,0.0,2.0,hard|easy|medium
test,0,10,214,32,0.5314909750013612,114.01909056600562,1401.350185272997,5.127710028318688e-05,1.0,1.0,1.0,1.0,3.2e-07,0.9375,0.0,2.0,medium|easy|hard
test,0,10,215,32,0.5314901540041319,114.55115347500396,1401.8822481819952,5.762071305071004e-05,1.0,1.0,1.0,1.0,3.111111111111111e-07,1.21875,0.0,2.0,medium|easy|hard
test,0,10,216,32,0.5324870179974823,115.0842271510046,1402.4153218659994,8.810700819594786e-05,1.0,1.0,1.0,1.0,3.0222222222222225e-07,1.09375,0.0,2.0,easy|medium|hard
test,0,10,217,32,0.5323165920053725,115.61697600700427,1402.948070751001,4.947780689690262e-05,1.0,1.0,1.0,1.0,2.9333333333333337e-07,1.21875,0.0,2.0,hard|medium|easy
test,0,10,218,32,0.5307739619966014,116.14829775399994,1403.4793924519981,4.8304456868208945e-05,1.0,1.0,1.0,1.0,2.844444444444445e-07,0.8125,0.0,2.0,medium|hard|easy
test,0,10,219,32,0.5328945049986942,116.6817512359994,1404.012845997997,5.305382364895195e-05,1.0,1.0,1.0,1.0,2.7555555555555555e-07,1.0,0.0,2.0,easy|medium|hard
test,0,10,220,32,0.5315214810034377,117.21381139699952,1404.5449061170002,8.418934885412455e-05,1.0,1.0,1.0,1.0,2.666666666666667e-07,0.875,0.0,2.0,easy|medium|hard
test,0,10,221,32,0.5309780480019981,117.74536110900226,1405.076455825998,6.332733028102666e-05,1.0,1.0,1.0,1.0,2.577777777777778e-07,0.9375,0.0,2.0,easy|hard|medium
test,0,10,222,32,0.5325523880019318,118.27841548200377,1405.6095101859974,6.318964005913585e-05,1.0,1.0,1.0,1.0,2.488888888888889e-07,0.84375,0.0,2.0,hard|easy|medium
test,0,10,223,32,0.5319540929995128,118.81097952900018,1406.1420742389964,6.008292984915897e-05,1.0,1.0,1.0,1.0,2.4000000000000003e-07,1.09375,0.0,2.0,easy|hard|medium
test,0,10,224,32,0.5310108859994216,119.3425990350006,1406.6736937329988,6.869753997307271e-05,1.0,1.0,1.0,1.0,2.3111111111111112e-07,1.03125,0.0,2.0,easy|medium|hard
test,0,10,225,32,0.5328586940013338,119.8760179880046,1407.2071127129966,6.41097140032798e-05,1.0,1.0,1.0,1.0,2.2222222222222224e-07,0.9375,0.0,2.0,easy|hard|medium
test,0,10,226,32,0.5320766440054285,120.40870965400245,1407.739804369994,5.515435623237863e-05,1.0,1.0,1.0,1.0,2.1333333333333334e-07,1.0625,0.0,2.0,medium|hard|easy
test,0,10,227,32,0.531613399994967,120.94084950700199,1408.2719442140005,6.931718235136941e-05,1.0,1.0,1.0,1.0,2.0444444444444448e-07,1.03125,0.0,2.0,hard|easy|medium
test,0,10,228,32,0.5324473829969065,121.47390365599858,1408.8049983729943,5.9635931393131614e-05,1.0,1.0,1.0,1.0,1.9555555555555558e-07,0.90625,0.0,2.0,hard|medium|easy
test,0,10,229,32,0.5317960300017148,122.0062565219996,1409.3373513080005,6.525973731186241e-05,1.0,1.0,1.0,1.0,1.866666666666667e-07,0.9375,0.0,2.0,medium|hard|easy
test,0,10,230,32,0.5318088639978669,122.53858659600519,1409.8696813089991,6.283922994043678e-05,1.0,1.0,1.0,1.0,1.777777777777778e-07,1.0,0.0,2.0,hard|medium|easy
test,0,10,231,32,0.5330957799960743,123.07227448499907,1410.4033692359953,5.1224898925283924e-05,1.0,1.0,1.0,1.0,1.6888888888888888e-07,0.96875,0.0,2.0,medium|hard|easy
test,0,10,232,32,0.5321313810054562,123.60497241600387,1410.936067126997,6.21466024313122e-05,1.0,1.0,1.0,1.0,1.6e-07,0.84375,0.0,2.0,easy|medium|hard
test,0,10,233,32,0.5316782619993319,124.13723710700287,1411.468332122,5.2305149438325316e-05,1.0,1.0,1.0,1.0,1.5111111111111112e-07,0.6875,0.0,2.0,medium|easy|hard
test,0,10,234,32,0.5322973200018168,124.67007808500057,1412.001172792996,5.728190444642678e-05,1.0,1.0,1.0,1.0,1.4222222222222224e-07,0.96875,0.0,2.0,medium|hard|easy
test,0,10,235,32,0.5321837199953734,125.20280820100015,1412.5339029079987,5.611959204543382e-05,1.0,1.0,1.0,1.0,1.3333333333333336e-07,1.03125,0.0,2.0,hard|easy|medium
test,0,10,236,32,0.531634364000638,125.73497768500238,1413.0660723909969,6.77227508276701e-05,1.0,1.0,1.0,1.0,1.2444444444444446e-07,1.09375,0.0,2.0,easy|medium|hard
test,0,10,237,32,0.5326032589946408,126.2681031040047,1413.599197812,5.001788667868823e-05,1.0,1.0,1.0,1.0,1.1555555555555556e-07,0.75,0.0,2.0,hard|medium|easy
test,0,10,238,32,0.5319534850059426,126.80061683700478,1414.1317115380007,5.490114926942624e-05,1.0,1.0,1.0,1.0,1.0666666666666667e-07,0.96875,0.0,2.0,medium|hard|easy
test,0,10,239,32,0.5314261749954312,127.33263312400231,1414.663727854997,5.5560645705554634e-05,1.0,1.0,1.0,1.0,9.777777777777779e-08,1.1875,0.0,2.0,hard|easy|medium
test,0,10,240,32,0.5317319310051971,127.86488080100389,1415.1959757079967,6.501840834971517e-05,1.0,1.0,1.0,1.0,8.88888888888889e-08,0.8125,0.0,2.0,easy|hard|medium
test,0,10,241,32,0.5326870010030689,128.3981294940022,1415.729224234994,5.53484569536522e-05,1.0,1.0,1.0,1.0,8e-08,1.21875,0.0,2.0,hard|medium|easy
test,0,10,242,32,0.5311156530005974,128.92990244500106,1416.2609972059945,5.400367081165314e-05,1.0,1.0,1.0,1.0,7.111111111111112e-08,0.84375,0.0,2.0,easy|medium|hard
test,0,10,243,32,0.5302392849989701,129.46071425200353,1416.7918092929976,5.864894046681002e-05,1.0,1.0,1.0,1.0,6.222222222222223e-08,1.09375,0.0,2.0,medium|easy|hard
test,0,10,244,32,0.5321981779998168,129.99349857600464,1417.3245933569997,5.478608363773674e-05,1.0,1.0,1.0,1.0,5.3333333333333334e-08,1.03125,0.0,2.0,hard|easy|medium
test,0,10,245,32,0.5319658799999161,130.52606458000082,1417.8571592890003,6.226950790733099e-05,1.0,1.0,1.0,1.0,4.444444444444445e-08,1.125,0.0,2.0,easy|medium|hard
test,0,10,246,32,0.5308712139958516,131.05745669200405,1418.3885514079957,5.763558147009462e-05,1.0,1.0,1.0,1.0,3.555555555555556e-08,1.0,0.0,2.0,medium|hard|easy
test,0,10,247,32,0.5320995549991494,131.59029232500325,1418.9213870839958,7.470572018064559e-05,1.0,1.0,1.0,1.0,2.6666666666666667e-08,0.9375,0.0,2.0,easy|medium|hard
test,0,10,248,32,0.5319799600038095,132.1227071280009,1419.4538021150001,5.3407769883051515e-05,1.0,1.0,1.0,1.0,1.777777777777778e-08,1.03125,0.0,2.0,easy|hard|medium
test,0,10,249,32,0.5315947609997238,132.65479662100552,1419.9858913629942,5.828328357893042e-05,1.0,1.0,1.0,1.0,8.88888888888889e-09,1.09375,0.0,2.0,medium|easy|hard
test,0,10,250,32,0.5328487020015018,133.1880922690034,1420.519186970996,5.627980499411933e-05,1.0,1.0,1.0,1.0,0.0,0.78125,0.0,2.0,medium|easy|hard
