split,fold,epoch,batch,batch_size,batch_time_seconds,epoch_accumulated_time_seconds,total_accumulated_time_seconds,loss,precision,accuracy,recall,f1,learning_rate,difficulty_mean,difficulty_min,difficulty_max,difficulty_labels
test,0,1,1,32,0.7768655850086361,0.8384338599862531,0.839045039989287,0.6668034791946411,0.3333333333333333,0.625,0.45454545454545453,0.38461538461538464,7.490636704119851e-08,0.84375,0.0,2.0,easy|hard|medium
test,0,1,2,32,0.5252832600090187,1.3862921109830495,1.3869030289934017,0.6574618220329285,0.4770114942528736,0.59375,0.4916666666666667,0.4340136054421769,1.4981273408239702e-07,0.6875,0.0,2.0,easy|hard|medium
test,0,1,3,32,0.5269446509773843,1.9137900259811431,1.914400935987942,0.6993129253387451,0.22580645161290322,0.4375,0.4666666666666667,0.30434782608695654,2.247191011235955e-07,1.125,0.0,2.0,hard|easy|medium
test,0,1,4,32,0.5264231500041205,2.4407982119882945,2.4414091449871194,0.7054129838943481,0.24193548387096775,0.46875,0.46875,0.3191489361702128,2.9962546816479403e-07,0.84375,0.0,2.0,hard|medium|easy
test,0,1,5,32,0.5284251840203069,2.9697703129786532,2.970381211984204,0.70744788646698,0.7419354838709677,0.5,0.5294117647058824,0.3816425120772947,3.7453183520599253e-07,1.125,0.0,2.0,medium|hard|easy
test,0,1,6,32,0.5269915040116757,3.4972791479958687,3.4978900529968087,0.6855159997940063,0.265625,0.53125,0.5,0.3469387755102041,4.49438202247191e-07,0.9375,0.0,2.0,hard|medium|easy
test,0,1,7,32,0.5287192150135525,4.026552320981864,4.027163225982804,0.7396907806396484,0.6612903225806451,0.34375,0.5227272727272727,0.2873806998939554,5.243445692883896e-07,0.75,0.0,2.0,easy|medium|hard
test,0,1,8,32,0.5283838130126242,4.555443688004743,4.556054861983284,0.689142644405365,0.7258064516129032,0.46875,0.5277777777777778,0.36374269005847953,5.992509363295881e-07,1.0625,0.0,2.0,easy|hard|medium
test,0,1,9,32,0.5295332870155107,5.085546358983265,5.086157175974222,0.7157900333404541,0.25,0.5,0.5,0.3333333333333333,6.741573033707865e-07,1.0,0.0,2.0,easy|hard|medium
test,0,1,10,32,0.5291529219830409,5.615183408983285,5.615794276993256,0.7043945789337158,0.7419354838709677,0.5,0.5294117647058824,0.3816425120772947,7.490636704119851e-07,1.09375,0.0,2.0,easy|hard|medium
test,0,1,11,32,0.5290419599914458,6.144782650982961,6.145393492974108,0.7162572145462036,0.7419354838709677,0.5,0.5294117647058824,0.3816425120772947,8.239700374531835e-07,0.78125,0.0,2.0,medium|easy|hard
test,0,1,12,32,0.5303288740105927,6.675650755991228,6.676261551998323,0.712097704410553,0.21875,0.4375,0.5,0.30434782608695654,8.98876404494382e-07,1.125,0.0,2.0,medium|hard|easy
test,0,1,13,32,0.5293142639857251,7.205533528991509,7.206144413998118,0.6979444026947021,0.7333333333333334,0.5,0.5555555555555556,0.4181818181818182,9.737827715355806e-07,1.0,0.0,2.0,medium|hard|easy
test,0,1,14,32,0.5292651159979869,7.7353327960008755,7.735943691979628,0.7087111473083496,0.5,0.5,0.5,0.4181818181818182,1.0486891385767792e-06,1.21875,0.0,2.0,medium|hard|easy
test,0,1,15,32,0.53018780000275,8.266088314994704,8.266699196974514,0.7047526836395264,0.5919540229885057,0.53125,0.53125,0.43859649122807015,1.1235955056179777e-06,0.875,0.0,2.0,medium|hard|easy
test,0,1,16,32,0.5292686089815106,8.795906842977274,8.796517707000021,0.7180330157279968,0.3735632183908046,0.40625,0.45634920634920634,0.3266888150609081,1.1985018726591761e-06,0.9375,0.0,2.0,medium|easy|hard
test,0,1,17,32,0.5291330079780892,9.325548316992354,9.326159207994351,0.7380388379096985,0.20967741935483872,0.40625,0.4642857142857143,0.28888888888888886,1.2734082397003748e-06,1.1875,0.0,2.0,easy|medium|hard
test,0,1,18,32,0.5291661660012323,9.855203504004749,9.855814316979377,0.6613101363182068,0.296875,0.59375,0.5,0.37254901960784315,1.348314606741573e-06,1.25,0.0,2.0,hard|easy|medium
test,0,1,19,32,0.5302799820201471,10.385957602993585,10.386568491987418,0.6955899000167847,0.6428571428571428,0.5625,0.5625,0.49090909090909085,1.4232209737827715e-06,0.875,0.0,2.0,easy|hard|medium
test,0,1,20,32,0.5289385179930832,10.915411869005766,10.916022757999599,0.6956100463867188,0.44252873563218387,0.53125,0.4801587301587301,0.3992490613266583,1.4981273408239701e-06,0.875,0.0,2.0,hard|easy|medium
test,0,1,21,32,0.5290624859917443,11.444982113986043,11.445592983975075,0.6707929372787476,0.6436781609195402,0.625,0.5506072874493927,0.5,1.5730337078651686e-06,0.8125,0.0,2.0,easy|hard|medium
test,0,1,22,32,0.5300330250174738,11.975566399982199,11.976177283999277,0.6831108331680298,0.25806451612903225,0.5,0.47058823529411764,0.3333333333333333,1.647940074906367e-06,0.90625,0.0,2.0,hard|easy|medium
test,0,1,23,32,0.5300835719972383,12.506131445989013,12.506742331985151,0.7085224390029907,0.5641025641025641,0.5,0.5396825396825397,0.4666666666666667,1.7228464419475657e-06,1.0,0.0,2.0,hard|medium|easy
test,0,1,24,32,0.5289605559955817,13.03564726098557,13.03625814197585,0.680185079574585,0.7666666666666666,0.5625,0.5625,0.45893719806763283,1.797752808988764e-06,1.09375,0.0,2.0,medium|hard|easy
test,0,1,25,32,0.5308995750092436,13.567051897000056,13.567662768997252,0.7221859693527222,0.7419354838709677,0.5,0.5294117647058824,0.3816425120772947,1.8726591760299627e-06,0.96875,0.0,2.0,hard|medium|easy
test,0,1,26,32,0.5299041850084905,14.097530248982366,14.09814107598504,0.6791782975196838,0.45977011494252873,0.5625,0.4858299595141701,0.4166666666666667,1.947565543071161e-06,0.78125,0.0,2.0,easy|medium|hard
test,0,1,27,32,0.5295666749880183,14.627605436980957,14.628216235985747,0.7593494653701782,0.41666666666666663,0.34375,0.4783549783549783,0.2873806998939554,2.02247191011236e-06,0.96875,0.0,2.0,medium|hard|easy
test,0,1,28,32,0.5309310419834219,15.15905709497747,15.159667962987442,0.7295441627502441,0.1935483870967742,0.375,0.46153846153846156,0.2727272727272727,2.0973782771535585e-06,1.0,0.0,2.0,easy|hard|medium
test,0,1,29,32,0.5307360619772226,15.690345170005457,15.690956029982772,0.6910623908042908,0.7666666666666666,0.5625,0.5625,0.45893719806763283,2.1722846441947567e-06,1.0625,0.0,2.0,hard|medium|easy
test,0,1,30,32,0.5298901829810347,16.2207855549932,16.221396376000484,0.681582510471344,0.5821256038647343,0.59375,0.5674603174603174,0.5588547189819725,2.2471910112359554e-06,0.78125,0.0,2.0,medium|easy|hard
test,0,1,31,32,0.52974217699375,16.751079320005374,16.751690185978077,0.6927596926689148,0.5747126436781609,0.5,0.5254901960784314,0.4181818181818182,2.322097378277154e-06,0.96875,0.0,2.0,medium|easy|hard
test,0,1,32,32,0.5309517740097363,17.282547332986724,17.283158226986416,0.6995868682861328,0.2833333333333333,0.53125,0.4473684210526316,0.3469387755102041,2.3970037453183523e-06,1.0625,0.0,2.0,medium|hard|easy
test,0,1,33,32,0.5302219569857698,17.813213699002517,17.81382448799559,0.7086930274963379,0.24193548387096775,0.46875,0.46875,0.3191489361702128,2.4719101123595505e-06,1.125,0.0,2.0,medium|easy|hard
test,0,1,34,32,0.5295790820091497,18.343275466992054,18.34388634498464,0.7063531875610352,0.26666666666666666,0.5,0.4444444444444444,0.3333333333333333,2.5468164794007496e-06,1.0625,0.0,2.0,medium|easy|hard
test,0,1,35,32,0.5301922989892773,18.874056218977785,18.874667035997845,0.6967114806175232,0.45977011494252873,0.5625,0.4858299595141701,0.4166666666666667,2.6217228464419474e-06,0.8125,0.0,2.0,easy|hard|medium
test,0,1,36,32,0.5306077190034557,19.405211145989597,19.405821950000245,0.714463472366333,0.5402298850574713,0.4375,0.51417004048583,0.37662337662337664,2.696629213483146e-06,0.90625,0.0,2.0,easy|medium|hard
test,0,1,37,32,0.5291832500079181,19.935004177998053,19.93561499597854,0.6803373098373413,0.55,0.59375,0.5121457489878543,0.4340136054421769,2.771535580524345e-06,0.90625,0.0,2.0,medium|hard|easy
test,0,1,38,32,0.5313368030183483,20.466884007997578,20.467494800977875,0.7258952856063843,0.20967741935483872,0.40625,0.4642857142857143,0.28888888888888886,2.846441947565543e-06,1.15625,0.0,2.0,hard|medium|easy
test,0,1,39,32,0.530210762983188,20.99769387100241,20.99830473997281,0.6761903762817383,0.4107142857142857,0.53125,0.4595141700404858,0.3992490613266583,2.9213483146067416e-06,0.90625,0.0,2.0,hard|easy|medium
test,0,1,40,32,0.5301703049917705,21.52841327097849,21.529024140996626,0.7138502597808838,0.21666666666666667,0.40625,0.43333333333333335,0.28888888888888886,2.9962546816479402e-06,0.96875,0.0,2.0,easy|medium|hard
test,0,1,41,32,0.5308583629957866,22.05986836500233,22.060479156993097,0.6972389221191406,0.5747126436781609,0.5,0.5254901960784314,0.4181818181818182,3.0711610486891385e-06,0.78125,0.0,2.0,easy|medium|hard
test,0,1,42,32,0.5308740820037201,22.59127195298788,22.591882835986326,0.7127276659011841,0.5222222222222221,0.46875,0.5119047619047619,0.4231177094379639,3.146067415730337e-06,1.40625,0.0,2.0,hard|medium|easy
test,0,1,43,32,0.5308878650248516,23.122701910004253,23.123312791984063,0.6903018951416016,0.5,0.5,0.5,0.3816425120772947,3.2209737827715358e-06,0.5625,0.0,2.0,medium|easy|hard
test,0,1,44,32,0.5289453110017348,23.652223195997067,23.65283399898908,0.6874962449073792,0.7666666666666666,0.5625,0.5625,0.45893719806763283,3.295880149812734e-06,0.96875,0.0,2.0,easy|medium|hard
test,0,1,45,32,0.5311570680059958,24.183991376979975,24.18460225997842,0.7257693409919739,0.3037037037037037,0.375,0.396078431372549,0.3073593073593074,3.3707865168539327e-06,1.125,0.0,2.0,medium|hard|easy
test,0,1,46,32,0.5299402759992518,24.71452480898006,24.715135710983304,0.6994660496711731,0.5407407407407407,0.5,0.5215686274509804,0.4458874458874459,3.4456928838951313e-06,1.0625,0.0,2.0,hard|medium|easy
test,0,1,47,32,0.5297458790009841,25.244782038993435,25.24539283697959,0.7234393358230591,0.48518518518518516,0.40625,0.4916666666666667,0.3764102564102564,3.52059925093633e-06,1.15625,0.0,2.0,hard|easy|medium
test,0,1,48,32,0.5308225199987646,25.776105978991836,25.776716857973952,0.6728786826133728,0.7833333333333333,0.59375,0.5666666666666667,0.4793491864831039,3.595505617977528e-06,1.0,0.0,2.0,hard|easy|medium
test,0,1,49,32,0.5308485519781243,26.307528465986252,26.308139337983448,0.6643373370170593,0.6609195402298851,0.65625,0.5583333333333333,0.5210884353741496,3.670411985018727e-06,1.0625,0.0,2.0,easy|medium|hard
test,0,1,50,32,0.5300554710265715,26.83812946898979,26.838740259991027,0.6677855849266052,0.6602564102564102,0.65625,0.6012145748987854,0.5883040935672514,3.7453183520599255e-06,1.28125,0.0,2.0,medium|easy|hard
test,0,1,51,32,0.5313631040044129,27.37005895699258,27.370669828989776,0.6910955309867859,0.2833333333333333,0.53125,0.4473684210526316,0.3469387755102041,3.820224719101124e-06,1.125,0.0,2.0,medium|hard|easy
test,0,1,52,32,0.5308803730004001,27.901549270987744,27.90216014898033,0.6882021427154541,0.6407407407407407,0.53125,0.5753968253968254,0.4909862142099682,3.895131086142322e-06,1.0,0.0,2.0,easy|hard|medium
test,0,1,53,32,0.5291451749799307,28.43122168199625,28.431832732982002,0.688800573348999,0.6428571428571428,0.5625,0.5625,0.49090909090909085,3.970037453183521e-06,0.78125,0.0,2.0,medium|easy|hard
test,0,1,54,32,0.53115067500039,28.96291342098266,28.963524241000414,0.6975697875022888,0.3333333333333333,0.4375,0.3968253968253968,0.34545454545454546,4.04494382022472e-06,1.03125,0.0,2.0,easy|medium|hard
test,0,1,55,32,0.5304335699765943,29.493878078996204,29.494488953991095,0.6972798705101013,0.4222222222222222,0.4375,0.45882352941176474,0.37662337662337664,4.119850187265918e-06,0.96875,0.0,2.0,medium|easy|hard
test,0,1,56,32,0.530409378989134,30.024780826992355,30.025391662988113,0.7111550569534302,0.3390804597701149,0.34375,0.4416666666666667,0.2873806998939554,4.194756554307117e-06,0.84375,0.0,2.0,easy|medium|hard
test,0,1,57,32,0.5306029439962003,30.555888294999022,30.55649908698979,0.6919642090797424,0.5625,0.53125,0.5470588235294118,0.5076923076923077,4.269662921348315e-06,0.9375,0.0,2.0,easy|hard|medium
test,0,1,58,32,0.5307584379916079,31.087250376003794,31.08786128097563,0.7059608697891235,0.4252873563218391,0.5,0.4745098039215686,0.3816425120772947,4.3445692883895135e-06,1.125,0.0,2.0,medium|hard|easy
test,0,1,59,32,0.5301478400069755,31.61789035599213,31.61850123098702,0.69785475730896,0.47916666666666663,0.46875,0.484313725490196,0.4420512820512821,4.419475655430712e-06,0.96875,0.0,2.0,medium|easy|hard
test,0,1,60,32,0.529457372991601,32.147902333003,32.148513209976954,0.6892697811126709,0.5448717948717948,0.46875,0.5283400809716599,0.4420512820512821,4.494382022471911e-06,0.9375,0.0,2.0,hard|easy|medium
test,0,1,61,32,0.5308335779991467,32.67932197600021,32.67993276397465,0.71064293384552,0.4818181818181818,0.4375,0.4833333333333333,0.43529411764705883,4.569288389513109e-06,0.9375,0.0,2.0,easy|hard|medium
test,0,1,62,32,0.5299747769895475,33.20981411298271,33.21042499798932,0.6899651885032654,0.40285714285714286,0.46875,0.43253968253968256,0.39756367663344405,4.644194756554308e-06,0.78125,0.0,2.0,easy|medium|hard
test,0,1,63,32,0.5300082309986465,33.740358103998005,33.74096899898723,0.6893951892852783,0.6407407407407407,0.53125,0.5753968253968254,0.4909862142099682,4.719101123595506e-06,1.21875,0.0,2.0,medium|hard|easy
test,0,1,64,32,0.5310733270016499,34.27194999999483,34.27256087999558,0.6859585046768188,0.5,0.5,0.5,0.4666666666666667,4.7940074906367045e-06,1.15625,0.0,2.0,hard|medium|easy
test,0,1,65,32,0.5305926679866388,34.80308866899577,34.803699460986536,0.6877421140670776,0.3958333333333333,0.46875,0.4190283400809717,0.39756367663344405,4.868913857677903e-06,0.9375,0.0,2.0,medium|easy|hard
test,0,1,66,32,0.529525810998166,35.333141424984206,35.33375231697573,0.6928564310073853,0.35256410256410253,0.46875,0.4068825910931174,0.36374269005847953,4.943820224719101e-06,0.90625,0.0,2.0,easy|medium|hard
test,0,1,67,32,0.5315105849877,35.86523492698325,35.86584574598237,0.6932792663574219,0.39743589743589747,0.4375,0.4375,0.37662337662337664,5.0187265917603005e-06,1.09375,0.0,2.0,hard|easy|medium
test,0,1,68,32,0.5306657729961444,36.396421199984616,36.39703208199353,0.6832142472267151,0.538647342995169,0.53125,0.53125,0.5076923076923077,5.093632958801499e-06,0.9375,0.0,2.0,hard|medium|easy
test,0,1,69,32,0.5297917999851052,36.92673471299349,36.92734582198318,0.694665789604187,0.3628571428571429,0.40625,0.40625,0.3552492046659597,5.168539325842698e-06,0.84375,0.0,2.0,medium|hard|easy
test,0,1,70,32,0.5314546409936156,37.45870363799622,37.459314533974975,0.6883808374404907,0.6458333333333333,0.59375,0.6098039215686275,0.5733333333333333,5.243445692883895e-06,0.8125,0.0,2.0,easy|medium|hard
test,0,1,71,32,0.5305538380052894,37.989837482979055,37.99044829898048,0.6955438852310181,0.41666666666666663,0.46875,0.4490196078431372,0.39756367663344405,5.318352059925093e-06,0.84375,0.0,2.0,medium|easy|hard
test,0,1,72,32,0.5302476969955023,38.52070518099936,38.521316047990695,0.696269690990448,0.38405797101449274,0.40625,0.40625,0.3764102564102564,5.393258426966292e-06,1.1875,0.0,2.0,medium|easy|hard
test,0,1,73,32,0.5308963359857444,39.05216278700391,39.052773578994675,0.6795812845230103,0.5603864734299517,0.5625,0.5490196078431372,0.5333333333333333,5.468164794007491e-06,1.25,0.0,2.0,hard|medium|easy
test,0,1,74,32,0.531369675998576,39.5840460069885,39.58465688498109,0.7001715898513794,0.5727272727272728,0.5625,0.5625,0.5465587044534412,5.54307116104869e-06,1.0,0.0,2.0,easy|hard|medium
test,0,1,75,32,0.5303965890198015,40.11498538299929,40.11559621198103,0.7005025148391724,0.36231884057971014,0.375,0.38823529411764707,0.3522267206477733,5.617977528089889e-06,0.75,0.0,2.0,medium|easy|hard
test,0,1,76,32,0.5300371080229525,40.6455492109817,40.64616009499878,0.6917253136634827,0.5545454545454546,0.5,0.55,0.4980392156862745,5.692883895131086e-06,1.15625,0.0,2.0,hard|easy|medium
test,0,1,77,32,0.5314850079885218,41.17756916998769,41.17817995898076,0.6912330389022827,0.4954545454545455,0.53125,0.4959514170040486,0.4909862142099682,5.7677902621722845e-06,1.125,0.0,2.0,hard|medium|easy
test,0,1,78,32,0.5305307410017122,41.70860320399515,41.70921407197602,0.70140540599823,0.4149797570850202,0.40625,0.41666666666666663,0.4056695992179863,5.842696629213483e-06,0.8125,0.0,2.0,hard|easy|medium
test,0,1,79,32,0.5303930060181301,42.23948711200501,42.2400979459926,0.6906057000160217,0.6400966183574879,0.53125,0.6318181818181818,0.530791788856305,5.917602996254682e-06,1.125,0.0,2.0,hard|easy|medium
test,0,1,80,32,0.5314343520149123,42.77145082899369,42.772061648982344,0.6819082498550415,0.5753968253968254,0.59375,0.5822510822510822,0.5733333333333333,5.9925093632958805e-06,1.0625,0.0,2.0,hard|easy|medium
test,0,1,81,32,0.531654410995543,43.30361177600571,43.30422256499878,0.6781960725784302,0.6666666666666667,0.625,0.625,0.6,6.06741573033708e-06,1.125,0.0,2.0,hard|easy|medium
test,0,1,82,32,0.530292448005639,43.83443057598197,43.8350414869783,0.6984095573425293,0.48917748917748916,0.5,0.4901960784313726,0.4817813765182186,6.142322097378277e-06,0.875,0.0,2.0,hard|medium|easy
test,0,1,83,32,0.5312992389954161,44.36619005000102,44.36680093497853,0.6894806623458862,0.4916666666666667,0.53125,0.49134199134199136,0.4909862142099682,6.2172284644194756e-06,0.875,0.0,2.0,easy|medium|hard
test,0,1,84,32,0.5313703359861393,44.89813067598152,44.89874146098737,0.697407603263855,0.5634920634920635,0.5625,0.5625,0.5607843137254902,6.292134831460674e-06,1.21875,0.0,2.0,medium|hard|easy
test,0,1,85,32,0.5297328580054455,45.42837999598123,45.42899081198266,0.7016494274139404,0.4959514170040486,0.53125,0.4954545454545455,0.4909862142099682,6.367041198501873e-06,1.3125,0.0,2.0,medium|hard|easy
test,0,1,86,32,0.5312607840169221,45.960198149987264,45.96080897797947,0.6867866516113281,0.6082251082251082,0.65625,0.6136363636363636,0.6101882613510521,6.4419475655430715e-06,0.96875,0.0,2.0,medium|easy|hard
test,0,1,87,32,0.5313893120037392,46.49211138798273,46.492722195980605,0.6792120337486267,0.6038647342995169,0.625,0.5870445344129555,0.5844155844155844,6.51685393258427e-06,1.09375,0.0,2.0,hard|medium|easy
test,0,1,88,32,0.5306556790019386,47.02334024300217,47.02395130498917,0.6703894734382629,0.6731601731601732,0.65625,0.65625,0.6476476476476476,6.591760299625468e-06,0.71875,0.0,2.0,hard|easy|medium
test,0,1,89,32,0.5317261030140799,47.555576476996066,47.5561873469851,0.6905245780944824,0.5465587044534412,0.5625,0.5465587044534412,0.5465587044534412,6.666666666666667e-06,1.25,0.0,2.0,hard|easy|medium
test,0,1,90,32,0.5308309529791586,48.08695636098855,48.08756715798518,0.6839441061019897,0.5850202429149798,0.59375,0.5833333333333333,0.5835835835835836,6.741573033707865e-06,1.1875,0.0,2.0,hard|easy|medium
test,0,1,91,32,0.530864128988469,48.61834580000141,48.618956908991095,0.7033072710037231,0.47916666666666663,0.46875,0.484313725490196,0.4420512820512821,6.816479400749064e-06,1.09375,0.0,2.0,medium|hard|easy
test,0,1,92,32,0.5320440070063341,49.15090533500188,49.15151614599745,0.6862771511077881,0.572463768115942,0.53125,0.5595238095238095,0.5195195195195195,6.891385767790263e-06,1.25,0.0,2.0,easy|hard|medium
test,0,1,93,32,0.5318335100018885,49.68326839400106,49.68387927298318,0.6668778657913208,0.6041666666666667,0.59375,0.5784313725490196,0.5588547189819725,6.966292134831461e-06,1.125,0.0,2.0,hard|medium|easy
test,0,1,94,32,0.5307434679998551,50.214524390990846,50.21513525999035,0.6568691730499268,0.6862348178137652,0.65625,0.6916666666666667,0.6559139784946236,7.04119850187266e-06,1.09375,0.0,2.0,hard|easy|medium
test,0,1,95,32,0.5299761130008847,50.7450107029872,50.74562150798738,0.661830723285675,0.6153846153846154,0.6875,0.5818181818181818,0.5833333333333333,7.116104868913858e-06,1.0625,0.0,2.0,hard|easy|medium
test,0,1,96,32,0.5316753000079188,51.27721248200396,51.27782336997916,0.637751579284668,0.7705314009661836,0.71875,0.71875,0.7046153846153846,7.191011235955056e-06,1.0,0.0,2.0,medium|hard|easy
test,0,1,97,32,0.5304905299853999,51.80821269098669,51.80882353198831,0.6427682638168335,0.611764705882353,0.625,0.6376811594202898,0.6,7.265917602996255e-06,0.90625,0.0,2.0,easy|hard|medium
test,0,1,98,32,0.5306139469903428,52.339344543986954,52.33995542099001,0.6083229184150696,0.9069264069264069,0.90625,0.8916666666666666,0.8981972428419936,7.340823970037454e-06,1.15625,0.0,2.0,easy|hard|medium
test,0,1,99,32,0.5315816739748698,52.87148970499402,52.87210048898123,0.5692074298858643,0.857487922705314,0.84375,0.8083333333333333,0.82281284606866,7.415730337078652e-06,1.125,0.0,2.0,easy|hard|medium
test,0,1,100,32,0.5310716420062818,53.40311386200483,53.40372474497417,0.5193557143211365,0.8745098039215686,0.875,0.8745098039215686,0.8745098039215686,7.490636704119851e-06,1.125,0.0,2.0,medium|hard|easy
test,0,1,101,32,0.5303447949991096,53.934093905001646,53.934704706975026,0.5707806348800659,0.7388663967611335,0.71875,0.7341269841269842,0.718475073313783,7.565543071161049e-06,0.8125,0.0,2.0,easy|hard|medium
test,0,1,102,32,0.5316652360197622,54.46632171800593,54.466932590992656,0.6420273184776306,0.6681818181818182,0.65625,0.6450980392156862,0.6389743589743591,7.640449438202247e-06,1.1875,0.0,2.0,hard|medium|easy
test,0,1,103,32,0.5313894060091116,54.99830538200331,54.99891616898822,0.44578123092651367,0.8745098039215686,0.875,0.8745098039215686,0.8745098039215686,7.715355805243446e-06,1.0,0.0,2.0,hard|medium|easy
test,0,1,104,32,0.5303184579825029,55.52913705998799,55.52974795299815,0.5397911071777344,0.7640692640692641,0.71875,0.7420634920634921,0.716256157635468,7.790262172284645e-06,1.3125,0.0,2.0,easy|medium|hard
test,0,1,105,32,0.5318784269911703,56.061589318996994,56.062200138985645,0.38529172539711,0.8809523809523809,0.875,0.875,0.8745098039215686,7.865168539325843e-06,1.21875,0.0,2.0,medium|hard|easy
test,0,1,106,32,0.5315323270042427,56.59359629100072,56.59420716899331,0.518773078918457,0.7490196078431373,0.75,0.7490196078431373,0.7490196078431373,7.940074906367042e-06,1.125,0.0,2.0,easy|hard|medium
test,0,1,107,32,0.529976803023601,57.12411435300601,57.12472515398986,0.3467593193054199,0.84375,0.84375,0.8562753036437247,0.8423645320197044,8.01498127340824e-06,0.96875,0.0,2.0,hard|medium|easy
test,0,1,108,32,0.5317419669881929,57.656456723983865,57.657067604974145,0.5382274389266968,0.7090909090909091,0.75,0.7090909090909091,0.7090909090909091,8.08988764044944e-06,1.0,0.0,2.0,medium|easy|hard
test,0,1,109,32,0.5315634860016871,58.188526429003105,58.18913724599406,0.5384567379951477,0.7662337662337663,0.75,0.7411764705882353,0.7408906882591093,8.164794007490638e-06,1.0625,0.0,2.0,hard|medium|easy
test,0,1,110,32,0.5308770249830559,58.719977962988196,58.720588818978285,0.33302611112594604,0.9007936507936507,0.90625,0.9089068825910931,0.9039039039039038,8.239700374531837e-06,1.25,0.0,2.0,medium|hard|easy
test,0,1,111,32,0.5320270429947414,59.25248643397936,59.253097312990576,0.6371443271636963,0.7708333333333333,0.71875,0.7039215686274509,0.694591728525981,8.314606741573035e-06,1.1875,0.0,2.0,easy|hard|medium
test,0,1,112,32,0.5309108039946295,59.783880200993735,59.784490995982196,0.6351186633110046,0.723529411764706,0.71875,0.7261904761904762,0.718475073313783,8.389513108614234e-06,1.34375,0.0,2.0,hard|medium|easy
test,0,1,113,32,0.5311515799839981,60.31547543298802,60.31608630498522,0.37087559700012207,0.8441295546558705,0.84375,0.8373015873015872,0.8398398398398399,8.464419475655431e-06,1.09375,0.0,2.0,hard|easy|medium
test,0,1,114,32,0.5316946529783309,60.84767805298907,60.84828897798434,0.3723699748516083,0.84375,0.84375,0.8562753036437247,0.8423645320197044,8.53932584269663e-06,0.71875,0.0,2.0,easy|hard|medium
test,0,1,115,32,0.5316696570080239,61.380075978988316,61.38068692598608,0.29530036449432373,0.9352226720647774,0.9375,0.9352226720647774,0.9352226720647774,8.614232209737828e-06,0.84375,0.0,2.0,easy|medium|hard
test,0,1,116,32,0.5307438010058831,61.91137060098117,61.91198146098759,0.29145151376724243,0.9365079365079365,0.9375,0.9365079365079365,0.9365079365079365,8.689138576779027e-06,1.1875,0.0,2.0,hard|easy|medium
test,0,1,117,32,0.5307269130134955,62.44260027699056,62.44321115297498,0.5538195371627808,0.7619047619047619,0.75,0.7619047619047619,0.75,8.764044943820226e-06,1.125,0.0,2.0,medium|hard|easy
test,0,1,118,32,0.5313698580139317,62.974513752997154,62.97512463197927,0.5507291555404663,0.7640692640692641,0.71875,0.7420634920634921,0.716256157635468,8.838951310861424e-06,0.84375,0.0,2.0,medium|hard|easy
test,0,1,119,32,0.531519117008429,63.506559209985426,63.50717010398512,0.6278209686279297,0.7156862745098038,0.71875,0.7182539682539683,0.716256157635468,8.913857677902621e-06,0.9375,0.0,2.0,easy|hard|medium
test,0,1,120,32,0.5314895629999228,64.03856151999207,64.0391723929788,0.4714879095554352,0.8450980392156863,0.84375,0.84375,0.8435972629521017,8.988764044943822e-06,0.71875,0.0,2.0,hard|medium|easy
test,0,1,121,32,0.532688486011466,64.57175405300222,64.5723649529973,0.4112553596496582,0.8833333333333333,0.875,0.8650793650793651,0.8704453441295547,9.06367041198502e-06,0.9375,0.0,2.0,hard|medium|easy
test,0,1,122,32,0.5317868390120566,65.10409325797809,65.10470412799623,0.5019925832748413,0.8333333333333333,0.8125,0.8125,0.8095238095238095,9.138576779026219e-06,1.0625,0.0,2.0,easy|medium|hard
test,0,1,123,32,0.5327460609842092,65.63737198099261,65.63798286498059,0.38977980613708496,0.8529411764705883,0.84375,0.875,0.8423645320197044,9.213483146067417e-06,0.96875,0.0,2.0,hard|medium|easy
test,0,1,124,32,0.5327134130056947,66.17057816000306,66.17118903397932,0.7866055965423584,0.8,0.6875,0.7058823529411764,0.6666666666666667,9.288389513108616e-06,0.9375,0.0,2.0,easy|medium|hard
test,0,1,125,32,0.5320204540039413,66.70312233897857,66.70373320797808,0.34248068928718567,0.9130434782608696,0.875,0.8461538461538461,0.8614718614718615,9.363295880149813e-06,0.8125,0.0,2.0,easy|medium|hard
test,0,1,126,32,0.5317421700165141,67.23538753198227,67.23599860197282,0.851188063621521,0.7053140096618358,0.625,0.6720647773279352,0.6190476190476191,9.438202247191012e-06,1.15625,0.0,2.0,medium|hard|easy
test,0,1,127,32,0.5328182670054957,67.76874717499595,67.76935837898054,0.37131622433662415,0.8571428571428572,0.8125,0.8235294117647058,0.8095238095238095,9.51310861423221e-06,1.0625,0.0,2.0,easy|medium|hard
test,0,1,128,32,0.5340801730053499,68.3033506339998,68.30396151597961,0.31819847226142883,0.8784313725490196,0.875,0.8784313725490196,0.875,9.588014981273409e-06,1.1875,0.0,2.0,medium|easy|hard
test,0,1,129,32,0.5319875599816442,68.83595380399493,68.83656468597474,0.7071788907051086,0.688259109311741,0.6875,0.6823529411764706,0.6825396825396826,9.662921348314608e-06,1.03125,0.0,2.0,hard|easy|medium
test,0,1,130,32,0.5329122660041321,69.36940346498159,69.37001434498234,0.4725826680660248,0.7738095238095238,0.78125,0.7793522267206479,0.7757757757757757,9.737827715355806e-06,1.09375,0.0,2.0,medium|easy|hard
test,0,1,131,32,0.5323166600137483,69.90226097899722,69.9028717969777,0.2142893373966217,0.9722222222222222,0.96875,0.9666666666666667,0.9684729064039409,9.812734082397003e-06,1.09375,0.0,2.0,medium|hard|easy
test,0,1,132,32,0.5322693589841947,70.43501677698805,70.43562763999216,0.6613569855690002,0.7584541062801933,0.75,0.7165991902834008,0.722943722943723,9.887640449438202e-06,1.28125,0.0,2.0,hard|easy|medium
test,0,1,133,32,0.5328372269868851,70.96831909698085,70.96893009997439,0.36636966466903687,0.8705882352941177,0.875,0.8825910931174089,0.873015873015873,9.9625468164794e-06,0.96875,0.0,2.0,medium|easy|hard
test,0,1,134,32,0.5322875730053056,71.50110450500506,71.5017153849767,0.4255058765411377,0.7817460317460317,0.78125,0.7784313725490195,0.7793103448275862,1.0037453183520601e-05,1.25,0.0,2.0,hard|medium|easy
test,0,1,135,32,0.5319645229901653,72.03360374399927,72.03421454798081,0.37018969655036926,0.9069264069264069,0.90625,0.8916666666666666,0.8981972428419936,1.01123595505618e-05,1.03125,0.0,2.0,medium|hard|easy
test,0,1,136,32,0.5327097119879909,72.56684932499775,72.56746022697189,0.5197336077690125,0.7885714285714285,0.75,0.7044534412955465,0.7090909090909091,1.0187265917602998e-05,1.09375,0.0,2.0,medium|hard|easy
test,0,1,137,32,0.5319767030014191,73.09940263497992,73.1000134399801,0.436953067779541,0.8636363636363636,0.8125,0.8125,0.8056680161943319,1.0262172284644197e-05,1.03125,0.0,2.0,easy|hard|medium
test,0,1,138,32,0.5319771439826582,73.63194064999698,73.63255150898476,0.28761276602745056,0.9,0.875,0.875,0.873015873015873,1.0337078651685396e-05,1.09375,0.0,2.0,easy|hard|medium
test,0,1,139,32,0.5331326419836842,74.16565326898126,74.16626405899297,0.3473748564720154,0.8833333333333333,0.875,0.8650793650793651,0.8704453441295547,1.0411985018726594e-05,0.9375,0.0,2.0,hard|easy|medium
test,0,1,140,32,0.5317641269939486,74.69792107900139,74.69853195198812,0.3964197337627411,0.8833333333333333,0.875,0.8650793650793651,0.8704453441295547,1.048689138576779e-05,0.875,0.0,2.0,hard|easy|medium
test,0,1,141,32,0.5321758239879273,75.23066462998395,75.23127552698134,0.29844844341278076,0.9210526315789473,0.90625,0.90625,0.9054187192118226,1.0561797752808988e-05,1.125,0.0,2.0,hard|medium|easy
test,0,1,142,32,0.5330297829932533,75.76424049399793,75.76485131797381,0.26153215765953064,0.9333333333333333,0.9375,0.9333333333333333,0.9333333333333333,1.0636704119850187e-05,0.875,0.0,2.0,medium|hard|easy
test,0,1,143,32,0.5326019510102924,76.29730916800327,76.29791995097185,0.40868639945983887,0.8416666666666667,0.84375,0.8319838056680162,0.8358974358974359,1.0711610486891385e-05,1.03125,0.0,2.0,easy|hard|medium
test,0,1,144,32,0.5319961320201401,76.82980827000574,76.83041913498892,0.34961915016174316,0.9210526315789473,0.90625,0.90625,0.9054187192118226,1.0786516853932584e-05,0.78125,0.0,2.0,easy|hard|medium
test,0,1,145,32,0.5334534490248188,77.36377113399794,77.36438209298649,0.4670834541320801,0.7823529411764706,0.78125,0.78125,0.7810361681329423,1.0861423220973783e-05,1.125,0.0,2.0,medium|hard|easy
test,0,1,146,32,0.5319072690035682,77.89621509399149,77.8968259159883,0.43981117010116577,0.8583333333333334,0.84375,0.8372549019607842,0.8398398398398399,1.0936329588014981e-05,1.09375,0.0,2.0,hard|easy|medium
test,0,1,147,32,0.5323208430199884,78.42903351699351,78.42964432199369,0.40150535106658936,0.8490196078431372,0.84375,0.8531746031746033,0.8435972629521017,1.101123595505618e-05,0.9375,0.0,2.0,medium|hard|easy
test,0,1,148,32,0.5322369619971141,78.96182089098147,78.96243180098827,0.2647344470024109,0.9285714285714286,0.9375,0.95,0.9352226720647774,1.108614232209738e-05,0.78125,0.0,2.0,easy|hard|medium
test,0,1,149,32,0.5325400290021207,79.49487260100432,79.49548347498057,0.3078429102897644,0.8115942028985508,0.875,0.8685714285714285,0.8333333333333333,1.1161048689138579e-05,1.15625,0.0,2.0,hard|medium|easy
test,0,1,150,32,0.5318839969986584,80.02732772700256,80.02793854899937,0.4226265549659729,0.8253968253968254,0.8125,0.8253968253968254,0.8125,1.1235955056179778e-05,0.9375,0.0,2.0,medium|easy|hard
test,0,1,151,32,0.5332600520050619,80.56109445300535,80.56170528597431,0.2616835832595825,0.8745098039215686,0.875,0.8745098039215686,0.8745098039215686,1.1310861423220976e-05,1.0625,0.0,2.0,medium|hard|easy
test,0,1,152,32,0.5324045929883141,81.09405426197918,81.09466507297475,0.2714243233203888,0.9069264069264069,0.90625,0.8916666666666666,0.8981972428419936,1.1385767790262172e-05,0.9375,0.0,2.0,hard|medium|easy
test,0,1,153,32,0.5321957309788559,81.6267111240013,81.62732201797189,0.35059744119644165,0.8452380952380952,0.84375,0.8411764705882353,0.8423645320197044,1.146067415730337e-05,1.15625,0.0,2.0,easy|hard|medium
test,0,1,154,32,0.5320845389796887,82.15938402697793,82.15999488398666,0.38626980781555176,0.8562753036437247,0.84375,0.84375,0.8423645320197044,1.1535580524344569e-05,0.90625,0.0,2.0,easy|hard|medium
test,0,1,155,32,0.5322390489745885,82.69212571298704,82.69273652799893,0.4606950879096985,0.8117647058823529,0.8125,0.8117647058823529,0.8117647058823529,1.1610486891385768e-05,1.1875,0.0,2.0,hard|medium|easy
test,0,1,156,32,0.5324350720038638,83.22511379799107,83.22572466297424,0.4013771712779999,0.7333333333333334,0.75,0.7333333333333334,0.7333333333333334,1.1685393258426966e-05,1.15625,0.0,2.0,hard|medium|easy
test,0,1,157,32,0.5332846119999886,83.75894084299216,83.75955173399416,0.32821109890937805,0.9117647058823529,0.90625,0.9166666666666667,0.906158357771261,1.1760299625468165e-05,0.75,0.0,2.0,easy|hard|medium
test,0,1,158,32,0.53276454898878,84.2923864509794,84.29299733199878,0.27358075976371765,0.9069264069264069,0.90625,0.8916666666666666,0.8981972428419936,1.1835205992509364e-05,1.0,0.0,2.0,hard|medium|easy
test,0,1,159,32,0.5320420770149212,84.82495814198046,84.8255690119986,0.4113747775554657,0.8253968253968254,0.8125,0.8253968253968254,0.8125,1.1910112359550562e-05,0.78125,0.0,2.0,easy|medium|hard
test,0,1,160,32,0.5325199269864243,85.35807431599824,85.35868542999378,0.2881571352481842,0.903921568627451,0.90625,0.9087301587301587,0.9054187192118226,1.1985018726591761e-05,1.125,0.0,2.0,easy|hard|medium
test,0,1,161,32,0.5322583739762194,85.8908093579812,85.89142023498425,0.3908522129058838,0.7901960784313726,0.78125,0.8083333333333333,0.7793103448275862,1.205992509363296e-05,1.1875,0.0,2.0,hard|easy|medium
test,0,1,162,32,0.531614075996913,86.42297692300053,86.42358781598159,0.4195103645324707,0.8650793650793651,0.875,0.8833333333333333,0.8704453441295547,1.213483146067416e-05,0.8125,0.0,2.0,medium|easy|hard
test,0,1,163,32,0.5335294879914727,86.95703495698399,86.95764612397761,0.4803259074687958,0.7909090909090909,0.75,0.75,0.7408906882591093,1.2209737827715359e-05,1.0625,0.0,2.0,easy|medium|hard
test,0,1,164,32,0.533449334994657,87.49107810299029,87.49168889198336,0.4067886471748352,0.8357487922705313,0.8125,0.7813765182186234,0.7922077922077921,1.2284644194756554e-05,1.03125,0.0,2.0,hard|easy|medium
test,0,1,165,32,0.5321304470126051,88.02377760998206,88.02438851699117,0.6259044408798218,0.714574898785425,0.71875,0.7103174603174603,0.7117117117117118,1.2359550561797752e-05,0.84375,0.0,2.0,easy|medium|hard
test,0,1,166,32,0.5333596910058986,88.55766003398458,88.55827084599878,0.35605260729789734,0.8441295546558705,0.84375,0.8373015873015872,0.8398398398398399,1.2434456928838951e-05,1.03125,0.0,2.0,medium|hard|easy
test,0,1,167,32,0.5326948210131377,89.09084527299274,89.0914560649835,0.4254573583602905,0.740909090909091,0.71875,0.7078431372549019,0.7046153846153846,1.250936329588015e-05,1.15625,0.0,2.0,easy|medium|hard
test,0,1,168,32,0.5324974800169002,89.62386810398311,89.62447891099146,0.579845666885376,0.6372549019607843,0.65625,0.7243589743589745,0.6101882613510521,1.2584269662921348e-05,1.09375,0.0,2.0,hard|medium|easy
test,0,1,169,32,0.5331886050116736,90.15785196999786,90.15846278998652,0.31823432445526123,0.7681159420289855,0.8125,0.7681159420289855,0.7681159420289855,1.2659176029962547e-05,1.09375,0.0,2.0,medium|hard|easy
test,0,1,170,32,0.5328049490053672,90.69121411498054,90.69182503299089,0.4968258738517761,0.7976190476190477,0.78125,0.8036437246963564,0.7810361681329423,1.2734082397003746e-05,1.3125,0.0,2.0,hard|medium|easy
test,0,1,171,32,0.5322938059980515,91.22407956799725,91.2246904289932,0.5686335563659668,0.75,0.75,0.753968253968254,0.7490196078431373,1.2808988764044944e-05,0.9375,0.0,2.0,hard|easy|medium
test,0,1,172,32,0.5324229240068235,91.75706239699502,91.75767329099472,0.4400285482406616,0.8411764705882353,0.84375,0.8452380952380952,0.8423645320197044,1.2883895131086143e-05,1.125,0.0,2.0,medium|hard|easy
test,0,1,173,32,0.5327191120013595,92.29029099299805,92.29090185798123,0.41801774501800537,0.803921568627451,0.8125,0.8354978354978355,0.8056680161943319,1.2958801498127342e-05,0.9375,0.0,2.0,medium|easy|hard
test,0,1,174,32,0.5319043230265379,92.82272042299155,92.82333129199105,0.294926255941391,0.8373015873015872,0.84375,0.8441295546558705,0.8398398398398399,1.303370786516854e-05,1.0625,0.0,2.0,hard|easy|medium
test,0,1,175,32,0.5326591929770075,93.35589957400225,93.35651044399128,0.32539260387420654,0.8441295546558705,0.84375,0.8373015873015872,0.8398398398398399,1.3108614232209739e-05,0.875,0.0,2.0,easy|medium|hard
test,0,1,176,32,0.5329872150032315,93.889425759,93.89003663498443,0.3617740273475647,0.8571428571428572,0.8125,0.8235294117647058,0.8095238095238095,1.3183520599250936e-05,1.125,0.0,2.0,easy|medium|hard
test,0,1,177,32,0.5322525730007328,94.4222218169889,94.42283269698964,0.48137766122817993,0.8809523809523809,0.875,0.875,0.8745098039215686,1.3258426966292135e-05,1.125,0.0,2.0,hard|medium|easy
test,0,1,178,32,0.5331157580076251,94.95588089799276,94.95649177097948,0.25635623931884766,0.90625,0.90625,0.907843137254902,0.906158357771261,1.3333333333333333e-05,1.09375,0.0,2.0,hard|medium|easy
test,0,1,179,32,0.5324804540141486,95.48888639500365,95.48949727899162,0.6262696981430054,0.7922705314009661,0.75,0.7372549019607844,0.7333333333333334,1.3408239700374532e-05,1.0,0.0,2.0,hard|medium|easy
test,0,1,180,32,0.5320914459880441,96.02156232399284,96.02217319898773,0.538205087184906,0.7450980392156863,0.75,0.7530364372469636,0.746031746031746,1.348314606741573e-05,0.9375,0.0,2.0,hard|easy|medium
test,0,1,181,32,0.5326743359910324,96.55474391000462,96.55535476998193,0.29556676745414734,0.8846153846153846,0.90625,0.9318181818181819,0.8981972428419936,1.355805243445693e-05,0.84375,0.0,2.0,medium|hard|easy
test,0,1,182,32,0.5326999299868476,97.08799906398053,97.08860994398128,0.2964640259742737,0.8174603174603174,0.8125,0.8125,0.8117647058823529,1.3632958801498128e-05,0.96875,0.0,2.0,easy|medium|hard
test,0,1,183,32,0.5319364760071039,97.62044047599193,97.62105135797174,0.33602654933929443,0.7489177489177489,0.8125,0.8285714285714285,0.7681159420289855,1.3707865168539327e-05,0.625,0.0,2.0,medium|easy|hard
test,0,1,184,32,0.5328404510219116,98.15381143399281,98.15442229798646,0.4088035523891449,0.7943722943722944,0.84375,0.8541666666666667,0.8128654970760234,1.3782771535580525e-05,1.0625,0.0,2.0,easy|hard|medium
test,0,1,185,32,0.5329815900186077,98.68734974900144,98.68796060999739,0.197273388504982,0.9545454545454546,0.9375,0.9166666666666667,0.9307359307359306,1.3857677902621724e-05,0.9375,0.0,2.0,hard|medium|easy
test,0,1,186,32,0.5322724959987681,99.22017612899072,99.22078702397994,0.38705170154571533,0.8156862745098039,0.8125,0.8156862745098039,0.8125,1.3932584269662923e-05,1.03125,0.0,2.0,medium|easy|hard
test,0,1,187,32,0.5328138100157958,99.7535344749922,99.75414535598247,0.43584179878234863,0.8,0.8125,0.8,0.8,1.4007490636704121e-05,0.75,0.0,2.0,medium|hard|easy
test,0,1,188,32,0.5326377320161555,100.28668224997818,100.28729313297663,0.31221669912338257,0.8450980392156863,0.84375,0.84375,0.8435972629521017,1.408239700374532e-05,0.78125,0.0,2.0,easy|medium|hard
test,0,1,189,32,0.5318172359839082,100.81903466099175,100.81964554599836,0.5105652213096619,0.8571428571428572,0.8125,0.8235294117647058,0.8095238095238095,1.4157303370786517e-05,0.84375,0.0,2.0,medium|easy|hard
test,0,1,190,32,0.5329460680077318,101.35248825099552,101.3530991289881,0.25935354828834534,0.8784313725490196,0.875,0.8784313725490196,0.875,1.4232209737827715e-05,0.8125,0.0,2.0,easy|medium|hard
test,0,1,191,32,0.5329833700088784,101.88599343999522,101.88660431499011,0.3125690519809723,0.8809523809523809,0.875,0.875,0.8745098039215686,1.4307116104868914e-05,1.28125,0.0,2.0,easy|medium|hard
test,0,1,192,32,0.5318212400015909,102.41831133997766,102.41892220897716,0.39582106471061707,0.8745098039215686,0.875,0.8745098039215686,0.8745098039215686,1.4382022471910113e-05,0.96875,0.0,2.0,medium|hard|easy
test,0,1,193,32,0.5327802810061257,102.95158635798725,102.95219721997273,0.5742587447166443,0.7186147186147187,0.6875,0.6980392156862745,0.6825396825396826,1.4456928838951311e-05,0.9375,0.0,2.0,hard|medium|easy
test,0,1,194,32,0.5330277750035748,103.48507769900607,103.48568859897205,0.45500946044921875,0.775,0.78125,0.7672064777327935,0.7702564102564102,1.453183520599251e-05,1.03125,0.0,2.0,medium|hard|easy
test,0,1,195,32,0.5318854129873216,104.01745689098607,104.01806775399018,0.4202805161476135,0.7313725490196079,0.71875,0.7681818181818182,0.7117117117117118,1.4606741573033709e-05,1.03125,0.0,2.0,medium|easy|hard
test,0,1,196,32,0.5331665810081176,104.55116075798287,104.55177162398468,0.2983677089214325,0.8831168831168831,0.875,0.8582995951417004,0.8666666666666667,1.4681647940074907e-05,1.09375,0.0,2.0,hard|easy|medium
test,0,1,197,32,0.5326954719785135,105.08439713099506,105.08500798398745,0.5816299915313721,0.7510121457489879,0.71875,0.7583333333333333,0.718475073313783,1.4756554307116106e-05,0.875,0.0,2.0,medium|hard|easy
test,0,1,198,32,0.5318737019842956,105.61676162597723,105.61737250097212,0.576000452041626,0.7916666666666667,0.78125,0.7745098039215685,0.7757757757757757,1.4831460674157305e-05,1.0625,0.0,2.0,easy|hard|medium
test,0,1,199,32,0.5328558380133472,106.1501596729795,106.15077050199034,0.3226564824581146,0.9411764705882353,0.9375,0.9411764705882353,0.9375,1.4906367041198503e-05,0.875,0.0,2.0,easy|medium|hard
test,0,1,200,32,0.532895534997806,106.68359090699232,106.68420177497319,0.2568097412586212,0.90625,0.90625,0.907843137254902,0.906158357771261,1.4981273408239702e-05,0.8125,0.0,2.0,medium|easy|hard
test,0,1,201,32,0.5319980240019504,107.21610642099404,107.2167173079797,0.48752981424331665,0.825,0.78125,0.8157894736842105,0.7810361681329423,1.5056179775280899e-05,0.84375,0.0,2.0,medium|easy|hard
test,0,1,202,32,0.532820016000187,107.74944673798745,107.75005761897773,0.30376753211021423,0.9045454545454545,0.90625,0.8852813852813852,0.893687707641196,1.5131086142322098e-05,0.90625,0.0,2.0,easy|hard|medium
test,0,1,203,32,0.533010220999131,108.28297736099921,108.28358851399389,0.3782519996166229,0.8036437246963564,0.78125,0.7976190476190477,0.7810361681329423,1.5205992509363296e-05,0.8125,0.0,2.0,easy|medium|hard
test,0,1,204,32,0.5317015339969657,108.81527441099752,108.81588529297733,0.3344811499118805,0.8704453441295547,0.875,0.8704453441295547,0.8704453441295547,1.5280898876404495e-05,0.75,0.0,2.0,easy|hard|medium
test,0,1,205,32,0.5330683669890277,109.34891129500465,109.34952215198427,0.37065407633781433,0.875,0.84375,0.8529411764705883,0.8423645320197044,1.5355805243445695e-05,0.84375,0.0,2.0,hard|easy|medium
test,0,1,206,32,0.5330163839971647,109.88248189797741,109.88309273199411,0.3168215751647949,0.9130434782608696,0.875,0.8461538461538461,0.8614718614718615,1.5430711610486892e-05,1.15625,0.0,2.0,easy|hard|medium
test,0,1,207,32,0.532004439010052,110.41503399697831,110.41564506097347,0.3759995102882385,0.8319838056680162,0.84375,0.8416666666666667,0.8358974358974359,1.5505617977528093e-05,0.96875,0.0,2.0,medium|easy|hard
test,0,1,208,32,0.5332095919875428,110.94875460100593,110.9493654849939,0.23764795064926147,0.903921568627451,0.90625,0.9087301587301587,0.9054187192118226,1.558052434456929e-05,1.15625,0.0,2.0,hard|medium|easy
test,0,1,209,32,0.5330873529892415,111.4823602589895,111.48297113698209,0.4524252414703369,0.8156862745098039,0.8125,0.8156862745098039,0.8125,1.565543071161049e-05,1.09375,0.0,2.0,hard|easy|medium
test,0,1,210,32,0.5322005540074315,112.01509246299975,112.01570331898984,0.37748274207115173,0.8590909090909091,0.84375,0.819838056680162,0.8303287380699894,1.5730337078651687e-05,0.96875,0.0,2.0,easy|hard|medium
test,0,1,211,32,0.5329582580015995,112.54865459498251,112.5492654699774,0.46397751569747925,0.7976190476190477,0.78125,0.8036437246963564,0.7810361681329423,1.5805243445692887e-05,1.0625,0.0,2.0,hard|easy|medium
test,0,1,212,32,0.5329913790046703,113.0821664769901,113.08277728699613,0.4015337824821472,0.8593073593073592,0.84375,0.8293650793650793,0.8358974358974359,1.5880149812734084e-05,1.125,0.0,2.0,easy|hard|medium
test,0,1,213,32,0.5327530489885248,113.61544646200491,113.61605733298347,0.30547887086868286,0.9,0.875,0.875,0.873015873015873,1.595505617977528e-05,0.90625,0.0,2.0,medium|easy|hard
test,0,1,214,32,0.5329803329950664,114.14898521397845,114.14959608798381,0.40107983350753784,0.8705882352941177,0.875,0.8825910931174089,0.873015873015873,1.602996254681648e-05,0.6875,0.0,2.0,medium|easy|hard
test,0,1,215,32,0.5327723989903461,114.68232419199194,114.682935350982,0.3617085814476013,0.8196078431372549,0.8125,0.8299595141700404,0.8117647058823529,1.610486891385768e-05,0.9375,0.0,2.0,easy|medium|hard
test,0,1,216,32,0.5320342600170989,115.2148701660044,115.21548106198316,0.19243839383125305,0.9722222222222222,0.96875,0.9666666666666667,0.9684729064039409,1.617977528089888e-05,0.90625,0.0,2.0,easy|medium|hard
test,0,1,217,32,0.5329608790052589,115.74838964999071,115.7490005499858,0.3316972553730011,0.875,0.875,0.9,0.873015873015873,1.6254681647940076e-05,1.0625,0.0,2.0,medium|hard|easy
test,0,1,218,32,0.5326286249910481,116.2815384179994,116.28214930198737,0.3026721477508545,0.8823529411764706,0.875,0.8947368421052632,0.8745098039215686,1.6329588014981276e-05,1.125,0.0,2.0,easy|medium|hard
test,0,1,219,32,0.5319091679994017,116.81398325099144,116.81459412199911,0.20580215752124786,0.9365079365079365,0.9375,0.9365079365079365,0.9365079365079365,1.6404494382022473e-05,0.90625,0.0,2.0,medium|easy|hard
test,0,1,220,32,0.5328508020029403,117.34735965100117,117.34797051598434,0.1056278795003891,1.0,1.0,1.0,1.0,1.6479400749063673e-05,0.625,0.0,2.0,easy|medium|hard
test,0,1,221,32,0.5329247769841459,117.88081082698773,117.88142169598723,0.37261343002319336,0.8704453441295547,0.875,0.8704453441295547,0.8704453441295547,1.655430711610487e-05,1.0,0.0,2.0,hard|medium|easy
test,0,1,222,32,0.5321487869950943,118.4135329349956,118.41414382998482,0.37423214316368103,0.8809523809523809,0.875,0.875,0.8745098039215686,1.662921348314607e-05,0.75,0.0,2.0,easy|medium|hard
test,0,1,223,32,0.5335446239914745,118.9475652279798,118.94817613897612,0.47944125533103943,0.8958333333333333,0.84375,0.8076923076923077,0.82281284606866,1.6704119850187268e-05,1.125,0.0,2.0,hard|easy|medium
test,0,1,224,32,0.5327627469960134,119.48087009199662,119.48148096198565,0.4946516156196594,0.8015873015873016,0.8125,0.8166666666666667,0.8056680161943319,1.6779026217228468e-05,0.9375,0.0,2.0,medium|easy|hard
test,0,1,225,32,0.5320912599854637,120.01357038400602,120.01418122998439,0.5428440570831299,0.7550607287449393,0.78125,0.7863636363636364,0.7624602332979851,1.6853932584269665e-05,1.09375,0.0,2.0,hard|easy|medium
test,0,1,226,32,0.533287598984316,120.54732712300029,120.5479379859753,0.4511200189590454,0.78125,0.78125,0.8116883116883117,0.7757757757757757,1.6928838951310862e-05,1.09375,0.0,2.0,medium|easy|hard
test,0,1,227,32,0.5332239730050787,121.08114555999055,121.08175650698831,0.3950846195220947,0.8695652173913043,0.8125,0.8,0.8,1.7003745318352062e-05,0.78125,0.0,2.0,easy|hard|medium
test,0,1,228,32,0.5320861610234715,121.61368954498903,121.61430043898872,0.36842048168182373,0.8095238095238095,0.8125,0.8095238095238095,0.8095238095238095,1.707865168539326e-05,0.75,0.0,2.0,easy|hard|medium
test,0,1,229,32,0.533522774989251,122.14779391000047,122.14840481497231,0.7209717631340027,0.746031746031746,0.75,0.746031746031746,0.746031746031746,1.715355805243446e-05,1.0625,0.0,2.0,hard|medium|easy
test,0,1,230,32,0.5329446000105236,122.68131111600087,122.68192197699682,0.4131772518157959,0.8372549019607842,0.84375,0.8583333333333334,0.8398398398398399,1.7228464419475657e-05,1.0,0.0,2.0,hard|easy|medium
test,0,1,231,32,0.532006358000217,123.21391508998931,123.21452595398296,0.21999190747737885,0.9473684210526316,0.9375,0.9333333333333333,0.9365079365079365,1.7303370786516857e-05,0.90625,0.0,2.0,medium|easy|hard
test,0,1,232,32,0.5329504160035867,123.74735833698651,123.74796921797679,0.2873162627220154,0.8792270531400965,0.875,0.8398268398268398,0.8545454545454545,1.7378277153558054e-05,0.96875,0.0,2.0,hard|medium|easy
test,0,1,233,32,0.5324940249847714,124.28034762098105,124.28095849699457,0.281307190656662,0.875,0.875,0.8809523809523809,0.8745098039215686,1.7453183520599254e-05,1.0625,0.0,2.0,hard|medium|easy
test,0,1,234,32,0.5319259350071661,124.81286271999124,124.81347357598133,0.30450427532196045,0.875,0.875,0.9,0.873015873015873,1.752808988764045e-05,0.78125,0.0,2.0,hard|medium|easy
test,0,1,235,32,0.5331419850117527,125.34649436399923,125.34710523797548,0.40487897396087646,0.8562753036437247,0.84375,0.84375,0.8423645320197044,1.760299625468165e-05,0.96875,0.0,2.0,medium|easy|hard
test,0,1,236,32,0.5327422150003258,125.87965906399768,125.88026988197817,0.34522348642349243,0.9007936507936507,0.90625,0.9089068825910931,0.9039039039039038,1.767790262172285e-05,1.0625,0.0,2.0,easy|hard|medium
test,0,1,237,32,0.532239036023384,126.4124455069832,126.41305651597213,0.3482442796230316,0.8116883116883117,0.78125,0.78125,0.7757757757757757,1.7752808988764045e-05,0.78125,0.0,2.0,easy|medium|hard
test,0,1,238,32,0.5336655090213753,126.946655954991,126.94726681199973,0.3139532804489136,0.8809523809523809,0.875,0.875,0.8745098039215686,1.7827715355805242e-05,0.78125,0.0,2.0,easy|hard|medium
test,0,1,239,32,0.5326421009958722,127.47983674600255,127.48044760999619,0.6263017654418945,0.71875,0.71875,0.7196078431372549,0.718475073313783,1.7902621722846443e-05,1.15625,0.0,2.0,medium|hard|easy
test,0,1,240,32,0.5322799390123691,128.0126657859946,128.01327667199075,0.36174294352531433,0.8416666666666667,0.84375,0.8319838056680162,0.8358974358974359,1.7977528089887643e-05,0.96875,0.0,2.0,hard|easy|medium
test,0,1,241,32,0.5330977090052329,128.54628623399185,128.5468970949878,0.3400037884712219,0.9090909090909092,0.9375,0.9565217391304348,0.9272727272727272,1.805243445692884e-05,0.78125,0.0,2.0,medium|easy|hard
test,0,1,242,32,0.5324543280003127,129.07917981498758,129.07979068197892,0.4280845820903778,0.8095238095238095,0.8125,0.8095238095238095,0.8095238095238095,1.812734082397004e-05,0.96875,0.0,2.0,easy|medium|hard
test,0,1,243,32,0.5322164279932622,129.6118636309984,129.6124745119887,0.32045087218284607,0.8809523809523809,0.875,0.875,0.8745098039215686,1.8202247191011237e-05,1.09375,0.0,2.0,easy|hard|medium
test,0,1,244,32,0.5341051339928526,130.14658523199614,130.1471960459894,0.31243327260017395,0.875,0.875,0.8809523809523809,0.8745098039215686,1.8277153558052438e-05,1.03125,0.0,2.0,hard|easy|medium
test,0,1,245,32,0.5322258679952938,130.67932095000288,130.67993182697683,0.2035684883594513,0.9642857142857143,0.96875,0.9736842105263157,0.967967967967968,1.8352059925093635e-05,0.9375,0.0,2.0,hard|easy|medium
test,0,1,246,32,0.5323101399990264,131.21215182699962,131.2127627079899,0.2765851616859436,0.9087301587301587,0.90625,0.903921568627451,0.9054187192118226,1.8426966292134835e-05,1.03125,0.0,2.0,hard|easy|medium
test,0,1,247,32,0.5326093769981526,131.7452380739851,131.74584893297288,0.40040427446365356,0.8583333333333334,0.84375,0.8372549019607842,0.8398398398398399,1.8501872659176032e-05,1.21875,0.0,2.0,medium|easy|hard
test,0,1,248,32,0.5324351259914692,132.27824927397887,132.27886014798423,0.19702717661857605,0.9375,0.9375,0.9444444444444444,0.9372549019607843,1.8576779026217232e-05,1.15625,0.0,2.0,medium|easy|hard
test,0,1,249,32,0.5317896950000431,132.8105917229841,132.81120261899196,0.2977016270160675,0.8745098039215686,0.875,0.8745098039215686,0.8745098039215686,1.8651685393258426e-05,0.84375,0.0,2.0,easy|medium|hard
test,0,1,250,32,0.5329870720161125,133.3440401800035,133.3446510519716,0.42415904998779297,0.84375,0.84375,0.8450980392156863,0.8435972629521017,1.8726591760299626e-05,1.03125,0.0,2.0,hard|medium|easy
test,0,1,251,32,0.5329925839905627,133.87760890598292,133.87821980097215,0.28717178106307983,0.8967611336032388,0.90625,0.9083333333333333,0.9015384615384616,1.8801498127340823e-05,0.90625,0.0,2.0,medium|easy|hard
test,0,1,252,32,0.5323968899901956,134.4105243709928,134.41113524499815,0.33715441823005676,0.9,0.875,0.875,0.873015873015873,1.8876404494382024e-05,1.09375,0.0,2.0,easy|hard|medium
test,0,1,253,32,0.5328768340114038,134.94397055500303,134.94458142499207,0.31591594219207764,0.9087301587301587,0.90625,0.903921568627451,0.9054187192118226,1.8951310861423224e-05,0.96875,0.0,2.0,easy|hard|medium
test,0,1,254,32,0.5329859619960189,135.47747248300584,135.47808362499927,0.33826008439064026,0.8373015873015872,0.84375,0.8441295546558705,0.8398398398398399,1.902621722846442e-05,1.03125,0.0,2.0,hard|easy|medium
test,0,1,255,32,0.5319200970116071,136.0099521719967,136.01056300397613,0.1268501877784729,0.975,0.96875,0.9615384615384616,0.9671794871794872,1.910112359550562e-05,0.8125,0.0,2.0,hard|easy|medium
test,0,1,256,32,0.5327508189948276,136.54321968200384,136.54383054797654,0.39434802532196045,0.8299595141700404,0.8125,0.8196078431372549,0.8117647058823529,1.9176029962546818e-05,1.25,0.0,2.0,medium|easy|hard
test,0,1,257,32,0.5328262710245326,137.07660044598742,137.07721132098231,0.3036779761314392,0.903921568627451,0.90625,0.9087301587301587,0.9054187192118226,1.925093632958802e-05,1.03125,0.0,2.0,medium|easy|hard
test,0,1,258,32,0.5319142549997196,137.6090323139797,137.609643201984,0.27274030447006226,0.9352226720647774,0.9375,0.9352226720647774,0.9352226720647774,1.9325842696629215e-05,0.8125,0.0,2.0,easy|medium|hard
test,0,1,259,32,0.5332965480047278,138.14291151898215,138.1435223959852,0.31487801671028137,0.8928571428571428,0.90625,0.9285714285714286,0.9015384615384616,1.9400749063670416e-05,1.0,0.0,2.0,medium|easy|hard
test,0,1,260,32,0.5327498220140114,138.6761838279781,138.67679505399428,0.17591771483421326,0.9365079365079365,0.9375,0.9365079365079365,0.9365079365079365,1.9475655430711613e-05,1.1875,0.0,2.0,hard|easy|medium
test,0,1,261,32,0.5322556920000352,139.2089913749951,139.20960225499584,0.5163476467132568,0.8421052631578947,0.8125,0.8421052631578947,0.8125,1.955056179775281e-05,0.6875,0.0,2.0,medium|easy|hard
test,0,1,262,32,0.5331770750053693,139.74269792900304,139.74330881398055,0.3329448401927948,0.8411764705882353,0.84375,0.8452380952380952,0.8423645320197044,1.9625468164794007e-05,1.03125,0.0,2.0,medium|easy|hard
test,0,1,263,32,0.5329945640114602,140.27655007498106,140.27716095198411,0.26076778769493103,0.873015873015873,0.875,0.873015873015873,0.873015873015873,1.9700374531835207e-05,0.8125,0.0,2.0,easy|medium|hard
test,0,1,264,32,0.5324267319811042,140.80950651000603,140.81011737399967,0.3497732877731323,0.875,0.875,0.8809523809523809,0.8745098039215686,1.9775280898876404e-05,0.71875,0.0,2.0,easy|medium|hard
test,0,1,265,32,0.5336824650003109,141.34363914700225,141.34425003197975,0.47331684827804565,0.8178137651821862,0.8125,0.807843137254902,0.8095238095238095,1.9850187265917604e-05,0.9375,0.0,2.0,easy|hard|medium
test,0,1,266,32,0.5322876769932918,141.87639429498813,141.87700512097217,0.425019770860672,0.7705882352941176,0.78125,0.8136363636363637,0.7702564102564102,1.99250936329588e-05,1.125,0.0,2.0,medium|hard|easy
test,0,1,267,17,0.3201542099996004,142.19693093199749,142.19754180597374,0.3097936511039734,0.8,0.7647058823529411,0.8181818181818181,0.7638888888888888,2e-05,1.058823585510254,0.0,2.0,hard|medium|easy
test,0,2,1,32,0.5350763429887593,0.6171356049890164,153.338593552995,0.2521953582763672,0.8825910931174089,0.875,0.8705882352941177,0.873015873015873,1.9991677070328757e-05,1.21875,0.0,2.0,medium|hard|easy
test,0,2,2,32,0.5322467350051738,1.150001728994539,153.87145840999437,0.2070910632610321,0.8272727272727273,0.875,0.875,0.8454106280193237,1.9983354140657515e-05,0.78125,0.0,2.0,medium|easy|hard
test,0,2,3,32,0.5323405350209214,1.6829214789904654,154.40437783199013,0.2452162802219391,0.8809523809523809,0.875,0.875,0.8745098039215686,1.9975031210986267e-05,0.96875,0.0,2.0,medium|hard|easy
test,0,2,4,32,0.5330460989789572,2.2164194069919176,154.93787575297756,0.3633941411972046,0.873015873015873,0.875,0.873015873015873,0.873015873015873,1.9966708281315022e-05,1.09375,0.0,2.0,hard|medium|easy
test,0,2,5,32,0.5328441449964885,2.749769885005662,155.47122625098564,0.216440349817276,0.9166666666666667,0.90625,0.9117647058823529,0.906158357771261,1.995838535164378e-05,1.03125,0.0,2.0,easy|medium|hard
test,0,2,6,32,0.5320538720116019,3.282339316996513,156.003795660974,0.14729289710521698,0.9761904761904762,0.96875,0.9583333333333333,0.9660657476139979,1.9950062421972536e-05,0.96875,0.0,2.0,hard|medium|easy
test,0,2,7,32,0.5330361560045276,3.8158571620006114,156.5373135059781,0.4605868458747864,0.8825910931174089,0.875,0.8705882352941177,0.873015873015873,1.994173949230129e-05,1.28125,0.0,2.0,hard|medium|easy
test,0,2,8,32,0.5325240699748974,4.348939149000216,157.07039551899652,0.17985416948795319,0.9087301587301587,0.90625,0.903921568627451,0.9054187192118226,1.993341656263005e-05,1.0625,0.0,2.0,hard|medium|easy
test,0,2,9,32,0.5318135120032821,4.881264103983995,157.60272045098827,0.26276296377182007,0.8809523809523809,0.875,0.875,0.8745098039215686,1.99250936329588e-05,0.71875,0.0,2.0,easy|hard|medium
test,0,2,10,32,0.5333074259979185,5.415112536982633,158.13656890098355,0.15644855797290802,0.9083333333333333,0.90625,0.8967611336032388,0.9015384615384616,1.9916770703287556e-05,1.09375,0.0,2.0,easy|hard|medium
test,0,2,11,32,0.5331180290086195,5.94874666898977,158.6702030209999,0.29858070611953735,0.875,0.875,0.9,0.873015873015873,1.9908447773616315e-05,0.8125,0.0,2.0,easy|medium|hard
test,0,2,12,32,0.5322134890011512,6.481467677978799,159.2029240319971,0.17578190565109253,0.9375,0.9375,0.9375,0.9375,1.990012484394507e-05,1.125,0.0,2.0,hard|easy|medium
test,0,2,13,32,0.5328528319951147,7.014903510978911,159.73635986298905,0.29371699690818787,0.9117647058823529,0.90625,0.9166666666666667,0.906158357771261,1.9891801914273825e-05,0.96875,0.0,2.0,easy|hard|medium
test,0,2,14,32,0.5323705280025024,7.547906024003169,160.26936239399947,0.36761271953582764,0.8373015873015872,0.84375,0.8441295546558705,0.8398398398398399,1.9883478984602584e-05,0.9375,0.0,2.0,medium|hard|easy
test,0,2,15,32,0.531906237010844,8.08030015497934,160.80175650998717,0.29066359996795654,0.873015873015873,0.875,0.873015873015873,0.873015873015873,1.9875156054931336e-05,0.90625,0.0,2.0,medium|hard|easy
test,0,2,16,32,0.5328802219883073,8.613728664000519,161.33518504200038,0.3902330994606018,0.9047619047619048,0.875,0.8666666666666667,0.8704453441295547,1.986683312526009e-05,0.84375,0.0,2.0,easy|hard|medium
test,0,2,17,32,0.5324315729958471,9.146710525004892,161.8681668699719,0.2849515378475189,0.9117647058823529,0.90625,0.9166666666666667,0.906158357771261,1.985851019558885e-05,1.1875,0.0,2.0,hard|medium|easy
test,0,2,18,32,0.5323276059934869,9.679579180985456,162.40103554498637,0.33219045400619507,0.8745098039215686,0.875,0.8745098039215686,0.8745098039215686,1.9850187265917604e-05,0.8125,0.0,2.0,hard|easy|medium
test,0,2,19,32,0.5335450169804972,10.213564523000969,162.93502087399247,0.3827258348464966,0.8441295546558705,0.84375,0.8373015873015872,0.8398398398398399,1.9841864336246363e-05,1.09375,0.0,2.0,easy|medium|hard
test,0,2,20,32,0.533150575007312,10.747259316995041,163.46871565899346,0.29005247354507446,0.9166666666666667,0.90625,0.9117647058823529,0.906158357771261,1.9833541406575118e-05,1.0,0.0,2.0,easy|medium|hard
test,0,2,21,32,0.5319245780119672,11.27975746098673,164.0012138329912,0.602529764175415,0.7738095238095238,0.78125,0.7793522267206479,0.7757757757757757,1.982521847690387e-05,1.125,0.0,2.0,easy|hard|medium
test,0,2,22,32,0.5330053879879415,11.813290746998973,164.5347470859997,0.437217652797699,0.8373015873015872,0.84375,0.8441295546558705,0.8398398398398399,1.9816895547232628e-05,1.0625,0.0,2.0,medium|hard|easy
test,0,2,23,32,0.532473661005497,12.34635163997882,165.06780800997512,0.18216606974601746,0.9352226720647774,0.9375,0.9352226720647774,0.9352226720647774,1.9808572617561383e-05,1.21875,0.0,2.0,medium|easy|hard
test,0,2,24,32,0.5319974680023734,12.878862937999656,165.60031930799596,0.24693456292152405,0.9375,0.9375,0.9444444444444444,0.9372549019607843,1.980024968789014e-05,0.96875,0.0,2.0,easy|hard|medium
test,0,2,25,32,0.5334551419946365,13.41292063597939,166.1343769779778,0.17070770263671875,0.9722222222222222,0.96875,0.9666666666666667,0.9684729064039409,1.9791926758218897e-05,1.15625,0.0,2.0,hard|medium|easy
test,0,2,26,32,0.5323265660263132,13.945790048979688,166.66724639898166,0.29273003339767456,0.9007936507936507,0.90625,0.9089068825910931,0.9039039039039038,1.9783603828547652e-05,0.84375,0.0,2.0,easy|hard|medium
test,0,2,27,32,0.5318305880064145,14.478213272988796,167.19966961297905,0.2834591269493103,0.907843137254902,0.90625,0.90625,0.906158357771261,1.9775280898876404e-05,0.8125,0.0,2.0,medium|easy|hard
test,0,2,28,32,0.5327760290238075,15.011532453994732,167.7329888069944,0.3167959749698639,0.875,0.875,0.875,0.875,1.9766957969205163e-05,0.96875,0.0,2.0,medium|hard|easy
test,0,2,29,32,0.532848536997335,15.544920287007699,168.26637663599104,0.17556890845298767,0.9352226720647774,0.9375,0.9352226720647774,0.9352226720647774,1.9758635039533918e-05,1.0625,0.0,2.0,medium|easy|hard
test,0,2,30,32,0.5341992960020434,16.079614266986027,168.8010706989735,0.17830979824066162,0.9365079365079365,0.9375,0.9365079365079365,0.9365079365079365,1.9750312109862673e-05,1.03125,0.0,2.0,easy|medium|hard
test,0,2,31,32,0.5339366150146816,16.61458964299527,169.33604599098908,0.17190605401992798,0.9642857142857143,0.96875,0.9736842105263157,0.967967967967968,1.974198918019143e-05,1.21875,0.0,2.0,hard|easy|medium
test,0,2,32,32,0.5324091130169109,17.147586064005736,169.86904241298907,0.2592332363128662,0.9045454545454545,0.90625,0.8852813852813852,0.893687707641196,1.9733666250520186e-05,1.03125,0.0,2.0,medium|hard|easy
test,0,2,33,32,0.5322638810030185,17.680418559000827,170.4018749120005,0.31460678577423096,0.84375,0.84375,0.8562753036437247,0.8423645320197044,1.9725343320848938e-05,1.15625,0.0,2.0,medium|hard|easy
test,0,2,34,32,0.5331858639838174,18.214105104998453,170.9355614669912,0.21767836809158325,0.873015873015873,0.875,0.873015873015873,0.873015873015873,1.9717020391177697e-05,1.09375,0.0,2.0,medium|easy|hard
test,0,2,35,32,0.5326008699776139,18.747239007992903,171.4686953679775,0.13811510801315308,0.9666666666666667,0.96875,0.9722222222222222,0.9684729064039409,1.9708697461506452e-05,0.875,0.0,2.0,easy|medium|hard
test,0,2,36,32,0.5319740840059239,19.279801320983097,172.00125768699218,0.20472267270088196,0.9117647058823529,0.90625,0.9166666666666667,0.906158357771261,1.9700374531835207e-05,0.875,0.0,2.0,hard|easy|medium
test,0,2,37,32,0.5325185639958363,19.812865179002983,172.53432153500034,0.36516302824020386,0.8784313725490196,0.875,0.8784313725490196,0.875,1.9692051602163966e-05,1.21875,0.0,2.0,easy|medium|hard
test,0,2,38,32,0.5314681029994972,20.344915085006505,173.06637148198206,0.06002381071448326,1.0,1.0,1.0,1.0,1.968372867249272e-05,1.0,0.0,2.0,medium|hard|easy
test,0,2,39,32,0.5311749160173349,20.876644900999963,173.598101296986,0.4680217206478119,0.8125,0.8125,0.8333333333333333,0.8095238095238095,1.9675405742821472e-05,0.9375,0.0,2.0,medium|hard|easy
test,0,2,40,32,0.5332326860225294,21.410444877983537,174.1319012249878,0.09152790904045105,0.9666666666666667,0.96875,0.9722222222222222,0.9684729064039409,1.966708281315023e-05,1.21875,0.0,2.0,hard|medium|easy
test,0,2,41,32,0.5319291140185669,21.9429204579792,174.66437681598472,0.28465718030929565,0.9365079365079365,0.9375,0.9365079365079365,0.9365079365079365,1.9658759883478986e-05,0.9375,0.0,2.0,hard|easy|medium
test,0,2,42,32,0.5319147139962297,22.4754211739928,175.19687752099708,0.07054391503334045,0.9666666666666667,0.96875,0.9722222222222222,0.9684729064039409,1.965043695380774e-05,0.84375,0.0,2.0,hard|easy|medium
test,0,2,43,32,0.5332396169833373,23.009227871982148,175.73068421398057,0.30512118339538574,0.8784313725490196,0.875,0.8784313725490196,0.875,1.96421140241365e-05,0.90625,0.0,2.0,hard|medium|easy
test,0,2,44,32,0.5328265419811942,23.54263169298065,176.2640880709805,0.2996201813220978,0.8967611336032388,0.90625,0.9083333333333333,0.9015384615384616,1.963379109446525e-05,1.125,0.0,2.0,easy|medium|hard
test,0,2,45,32,0.5318860909901559,24.074970130983274,176.79642649999005,0.3386346101760864,0.925,0.90625,0.9,0.9039039039039038,1.9625468164794007e-05,1.125,0.0,2.0,medium|hard|easy
test,0,2,46,32,0.5333806790004019,24.60886399500305,177.3303203569958,0.5984200239181519,0.6784313725490196,0.6875,0.696969696969697,0.6761133603238867,1.9617145235122765e-05,1.28125,0.0,2.0,hard|medium|easy
test,0,2,47,32,0.5332864590163808,25.142595794983208,177.8640522089845,0.5060834884643555,0.8125,0.8125,0.8125,0.8125,1.960882230545152e-05,0.6875,0.0,2.0,hard|easy|medium
test,0,2,48,32,0.5319411959790159,25.675138107995735,178.3965944739757,0.11705651879310608,0.96875,0.96875,0.9705882352941176,0.9687194525904204,1.9600499375780275e-05,0.9375,0.0,2.0,easy|hard|medium
test,0,2,49,32,0.5330123769817874,26.208733259991277,178.93018961098278,0.15391552448272705,0.9705882352941176,0.96875,0.96875,0.9687194525904204,1.9592176446109034e-05,1.125,0.0,2.0,medium|hard|easy
test,0,2,50,32,0.5321558339928742,26.741387680987827,179.46284402397578,0.34614911675453186,0.9083333333333333,0.90625,0.8967611336032388,0.9015384615384616,1.9583853516437786e-05,0.90625,0.0,2.0,medium|easy|hard
test,0,2,51,32,0.5322128820116632,27.27419065099093,179.99564698999166,0.11048898100852966,0.9615384615384616,0.96875,0.975,0.9671794871794872,1.957553058676654e-05,1.0625,0.0,2.0,hard|easy|medium
test,0,2,52,32,0.5331344550068025,27.807836887979647,180.5292935569887,0.10919076204299927,0.9705882352941176,0.96875,0.96875,0.9687194525904204,1.95672076570953e-05,0.96875,0.0,2.0,medium|easy|hard
test,0,2,53,32,0.5328450009983499,28.34126826899592,181.06272463398636,0.2740688920021057,0.8809523809523809,0.875,0.875,0.8745098039215686,1.9558884727424055e-05,0.8125,0.0,2.0,easy|medium|hard
test,0,2,54,32,0.5320252650126349,28.87387891000253,181.59533531198394,0.3194047212600708,0.873015873015873,0.875,0.873015873015873,0.873015873015873,1.955056179775281e-05,0.875,0.0,2.0,easy|hard|medium
test,0,2,55,32,0.5332289670186583,29.407710394996684,182.12916674697772,0.2106517255306244,0.9333333333333333,0.9375,0.9473684210526316,0.9365079365079365,1.9542238868081568e-05,0.84375,0.0,2.0,hard|medium|easy
test,0,2,56,32,0.5324930700007826,29.94075416799751,182.66221083898563,0.2704203724861145,0.9444444444444444,0.9375,0.9375,0.9372549019607843,1.953391593841032e-05,1.0625,0.0,2.0,medium|easy|hard
test,0,2,57,32,0.5318402950069867,30.4731790299993,183.1946353779931,0.23244459927082062,0.907843137254902,0.90625,0.90625,0.906158357771261,1.952559300873908e-05,0.875,0.0,2.0,easy|hard|medium
test,0,2,58,32,0.5327910220075864,31.00648674200056,183.72794310597237,0.2624836266040802,0.907843137254902,0.90625,0.90625,0.906158357771261,1.9517270079067834e-05,0.84375,0.0,2.0,hard|medium|easy
test,0,2,59,32,0.5333111700019799,31.540302923007403,184.2617592799943,0.2014009952545166,0.9352226720647774,0.9375,0.9352226720647774,0.9352226720647774,1.950894714939659e-05,0.96875,0.0,2.0,hard|medium|easy
test,0,2,60,32,0.5318853269855026,32.07270921199233,184.7941655709874,0.17164650559425354,0.9722222222222222,0.96875,0.9666666666666667,0.9684729064039409,1.9500624219725347e-05,0.96875,0.0,2.0,medium|hard|easy
test,0,2,61,32,0.5330404959968291,32.60629028000403,185.3277466329746,0.3135244846343994,0.8452380952380952,0.84375,0.8411764705882353,0.8423645320197044,1.9492301290054102e-05,0.84375,0.0,2.0,easy|hard|medium
test,0,2,62,32,0.532347618980566,33.13910514698364,185.86056149197975,0.1063687801361084,0.9761904761904762,0.96875,0.9583333333333333,0.9660657476139979,1.9483978360382854e-05,0.96875,0.0,2.0,medium|easy|hard
test,0,2,63,32,0.5318791430036072,33.67148182698293,186.39293817197904,0.2905879318714142,0.8928571428571428,0.90625,0.9285714285714286,0.9015384615384616,1.9475655430711613e-05,0.90625,0.0,2.0,hard|easy|medium
test,0,2,64,32,0.5328876079875045,34.20491878897883,186.92637514299713,0.09673000872135162,0.9666666666666667,0.96875,0.9722222222222222,0.9684729064039409,1.9467332501040368e-05,0.71875,0.0,2.0,medium|hard|easy
test,0,2,65,32,0.5325325200101361,34.737917165999534,187.45937352598412,0.49194207787513733,0.8,0.8125,0.8,0.8,1.9459009571369123e-05,0.96875,0.0,2.0,easy|hard|medium
test,0,2,66,32,0.5313643770059571,35.269831768004224,187.99128809699323,0.44915658235549927,0.8117647058823529,0.8125,0.8117647058823529,0.8117647058823529,1.945068664169788e-05,1.03125,0.0,2.0,easy|medium|hard
test,0,2,67,32,0.5325017989962362,35.80285593000008,188.52431237098062,0.35727477073669434,0.8863636363636364,0.84375,0.8333333333333333,0.8358974358974359,1.9442363712026637e-05,1.09375,0.0,2.0,easy|hard|medium
test,0,2,68,32,0.532710514991777,36.33610513500753,189.05756147799548,0.3251151442527771,0.8529411764705883,0.84375,0.875,0.8423645320197044,1.943404078235539e-05,1.09375,0.0,2.0,medium|hard|easy
test,0,2,69,32,0.5314323740021791,36.86808959298651,189.58954595198156,0.36155086755752563,0.8863636363636364,0.84375,0.8333333333333333,0.8358974358974359,1.9425717852684147e-05,0.9375,0.0,2.0,medium|hard|easy
test,0,2,70,32,0.5324172840046231,37.401125673000934,190.12258202198427,0.17390689253807068,0.9545454545454546,0.9375,0.9166666666666667,0.9307359307359306,1.9417394923012902e-05,1.03125,0.0,2.0,hard|easy|medium
test,0,2,71,32,0.5329019220080227,37.93455892498605,190.6560152739985,0.15966570377349854,0.9210526315789473,0.90625,0.90625,0.9054187192118226,1.9409071993341657e-05,0.9375,0.0,2.0,hard|easy|medium
test,0,2,72,32,0.5316809299984016,38.46679588299594,191.18825243099127,0.23267203569412231,0.9210526315789473,0.90625,0.90625,0.9054187192118226,1.9400749063670416e-05,1.0,0.0,2.0,hard|medium|easy
test,0,2,73,32,0.5329361469775904,39.000250758981565,191.7217071109917,0.2821812629699707,0.9007936507936507,0.90625,0.9089068825910931,0.9039039039039038,1.939242613399917e-05,1.25,0.0,2.0,medium|hard|easy
test,0,2,74,32,0.532593771989923,39.53345607299707,192.25491241097916,0.306423544883728,0.875,0.875,0.9,0.873015873015873,1.9384103204327923e-05,1.125,0.0,2.0,hard|medium|easy
test,0,2,75,32,0.5317220650031231,40.06571958400309,192.7871759419795,0.2045927196741104,0.9089068825910931,0.90625,0.9007936507936507,0.9039039039039038,1.937578027465668e-05,0.9375,0.0,2.0,hard|medium|easy
test,0,2,76,32,0.5327965160249732,40.599094259989215,193.3205506139784,0.20961380004882812,0.9166666666666667,0.90625,0.9117647058823529,0.906158357771261,1.9367457344985436e-05,1.1875,0.0,2.0,medium|hard|easy
test,0,2,77,32,0.5319511480047368,41.13155483698938,193.85301120299846,0.4653806686401367,0.6875,0.6875,0.6904761904761905,0.6862745098039216,1.935913441531419e-05,1.0,0.0,2.0,easy|medium|hard
test,0,2,78,32,0.5317577510140836,41.66386912899907,194.3853254839778,0.15299278497695923,0.9372549019607843,0.9375,0.9372549019607843,0.9372549019607843,1.935081148564295e-05,1.15625,0.0,2.0,easy|medium|hard
test,0,2,79,32,0.5331064109923318,42.197480795002775,194.91893715399783,0.1609022468328476,0.9722222222222222,0.96875,0.9666666666666667,0.9684729064039409,1.9342488555971705e-05,1.09375,0.0,2.0,hard|easy|medium
test,0,2,80,32,0.5325135060120374,42.730528282001615,195.45198463497218,0.39153724908828735,0.7916666666666667,0.78125,0.7745098039215685,0.7757757757757757,1.9334165626300457e-05,1.03125,0.0,2.0,medium|easy|hard
test,0,2,81,32,0.5319102439971175,43.26295990200015,195.9844163239759,0.4351697266101837,0.78125,0.78125,0.791497975708502,0.7793103448275862,1.9325842696629215e-05,0.96875,0.0,2.0,easy|hard|medium
test,0,2,82,32,0.5333061069832183,43.796765738981776,196.51822208598605,0.16550219058990479,0.9705882352941176,0.96875,0.96875,0.9687194525904204,1.931751976695797e-05,1.15625,0.0,2.0,hard|medium|easy
test,0,2,83,32,0.533022286981577,44.33028146799188,197.05173782998463,0.20237867534160614,0.9365079365079365,0.9375,0.9365079365079365,0.9365079365079365,1.9309196837286726e-05,1.125,0.0,2.0,hard|easy|medium
test,0,2,84,32,0.5316843230102677,44.86245398700703,197.58391034899978,0.18535000085830688,0.9365079365079365,0.9375,0.9365079365079365,0.9365079365079365,1.9300873907615484e-05,0.96875,0.0,2.0,easy|medium|hard
test,0,2,85,32,0.5334453130199108,45.396429955988424,198.11788630197407,0.21872541308403015,0.90625,0.90625,0.907843137254902,0.906158357771261,1.929255097794424e-05,1.21875,0.0,2.0,hard|easy|medium
test,0,2,86,32,0.5323990950128064,45.92929773099604,198.65075407698168,0.18857596814632416,0.96875,0.96875,0.9705882352941176,0.9687194525904204,1.928422804827299e-05,0.875,0.0,2.0,easy|medium|hard
test,0,2,87,32,0.5318523760070093,46.461729053000454,199.18318540600012,0.3167502284049988,0.8967611336032388,0.90625,0.9083333333333333,0.9015384615384616,1.927590511860175e-05,0.9375,0.0,2.0,hard|easy|medium
test,0,2,88,32,0.5333268190152012,46.99562849997892,199.71708484899136,0.2731853723526001,0.8916666666666666,0.90625,0.9069264069264069,0.8981972428419936,1.9267582188930505e-05,1.21875,0.0,2.0,medium|easy|hard
test,0,2,89,32,0.5327864389983006,47.52895613698638,200.25041249999776,0.43457120656967163,0.875,0.875,0.9,0.873015873015873,1.925925925925926e-05,0.625,0.0,2.0,easy|medium|hard
test,0,2,90,32,0.5318493010126986,48.061356681981124,200.7828130349808,0.2074267715215683,0.9666666666666667,0.96875,0.9722222222222222,0.9684729064039409,1.925093632958802e-05,0.8125,0.0,2.0,medium|hard|easy
test,0,2,91,32,0.5331849019858055,48.59506978598074,201.31652614398627,0.22514379024505615,0.9473684210526316,0.9375,0.9333333333333333,0.9365079365079365,1.924261339991677e-05,1.09375,0.0,2.0,medium|easy|hard
test,0,2,92,32,0.5322105140076019,49.12781280599302,201.84926915197866,0.3021806478500366,0.8967611336032388,0.90625,0.9083333333333333,0.9015384615384616,1.923429047024553e-05,1.0,0.0,2.0,easy|medium|hard
test,0,2,93,32,0.5315890630008653,49.659928660985315,202.38138524297392,0.2960326075553894,0.8809523809523809,0.875,0.875,0.8745098039215686,1.9225967540574284e-05,1.0625,0.0,2.0,medium|hard|easy
test,0,2,94,32,0.5331441900052596,50.19366227299906,202.91511861997424,0.2012542337179184,0.9772727272727273,0.96875,0.9545454545454546,0.964562569213732,1.921764461090304e-05,0.71875,0.0,2.0,easy|hard|medium
test,0,2,95,32,0.5325258339871652,50.726694521988975,203.44815114498488,0.12886953353881836,0.9444444444444444,0.9375,0.9375,0.9372549019607843,1.9209321681231798e-05,1.0625,0.0,2.0,hard|easy|medium
test,0,2,96,32,0.5314214800018817,51.258620973996585,203.9800773379975,0.46164196729660034,0.803921568627451,0.8125,0.8354978354978355,0.8056680161943319,1.9200998751560553e-05,1.25,0.0,2.0,medium|hard|easy
test,0,2,97,32,0.5333618659933563,51.792514715984,204.51397121397895,0.2483130544424057,0.9007936507936507,0.90625,0.9089068825910931,0.9039039039039038,1.9192675821889304e-05,1.15625,0.0,2.0,hard|medium|easy
test,0,2,98,32,0.5324837780208327,52.32550711900694,205.04696372299804,0.44530877470970154,0.7813765182186234,0.8125,0.8357487922705313,0.7922077922077921,1.9184352892218063e-05,1.03125,0.0,2.0,hard|easy|medium
test,0,2,99,32,0.531192166992696,52.85718269099016,205.57863907699357,0.15814663469791412,0.95,0.9375,0.9285714285714286,0.9352226720647774,1.9176029962546818e-05,1.0625,0.0,2.0,medium|easy|hard
test,0,2,100,32,0.5331600990029983,53.390900975995464,206.1123573409859,0.34010809659957886,0.8833333333333333,0.875,0.8650793650793651,0.8704453441295547,1.9167707032875573e-05,1.1875,0.0,2.0,hard|medium|easy
test,0,2,101,32,0.5325021109892987,53.9239401530067,206.64539651598898,0.30174630880355835,0.90625,0.90625,0.9210526315789473,0.9054187192118226,1.9159384103204332e-05,0.71875,0.0,2.0,easy|medium|hard
test,0,2,102,32,0.5315388770250138,54.456060947995866,207.17751729500014,0.35367143154144287,0.8636363636363636,0.8125,0.8125,0.8056680161943319,1.9151061173533087e-05,1.0625,0.0,2.0,easy|medium|hard
test,0,2,103,32,0.5331493419944309,54.98975055900519,207.71120691800024,0.1162993460893631,0.9642857142857143,0.96875,0.9736842105263157,0.967967967967968,1.914273824386184e-05,0.9375,0.0,2.0,medium|easy|hard
test,0,2,104,32,0.5323416430037469,55.522656638990156,208.24411322997184,0.31624531745910645,0.9166666666666667,0.90625,0.9117647058823529,0.906158357771261,1.9134415314190597e-05,1.0,0.0,2.0,hard|easy|medium
test,0,2,105,32,0.5320511579921003,56.055310686992016,208.7767670309986,0.21679392457008362,0.903921568627451,0.90625,0.9087301587301587,0.9054187192118226,1.9126092384519352e-05,0.875,0.0,2.0,medium|easy|hard
test,0,2,106,32,0.5333102630102076,56.58911179698771,209.3105681569723,0.481856107711792,0.78125,0.78125,0.7823529411764706,0.7810361681329423,1.9117769454848108e-05,1.1875,0.0,2.0,medium|hard|easy
test,0,2,107,32,0.5324982480087783,57.122218122996856,209.84367446097895,0.2562946081161499,0.8784313725490196,0.875,0.8784313725490196,0.875,1.9109446525176866e-05,1.21875,0.0,2.0,hard|medium|easy
test,0,2,108,32,0.531518875999609,57.654273414984345,210.37572978399112,0.3485811948776245,0.8611111111111112,0.84375,0.868421052631579,0.8435972629521017,1.910112359550562e-05,0.90625,0.0,2.0,hard|easy|medium
test,0,2,109,32,0.5338689749769401,58.18860766798025,210.910064013995,0.2577296793460846,0.90625,0.90625,0.907843137254902,0.906158357771261,1.9092800665834373e-05,1.125,0.0,2.0,hard|easy|medium
test,0,2,110,32,0.5321930950158276,58.72133602100075,211.44279237298178,0.2594336271286011,0.9069264069264069,0.90625,0.8916666666666666,0.8981972428419936,1.908447773616313e-05,1.1875,0.0,2.0,medium|hard|easy
test,0,2,111,32,0.531760423007654,59.25353986999835,211.97499623097247,0.32349520921707153,0.8809523809523809,0.875,0.875,0.8745098039215686,1.9076154806491887e-05,0.96875,0.0,2.0,easy|medium|hard
test,0,2,112,32,0.5331271390023176,59.787205617001746,212.50866196397692,0.4652094542980194,0.84375,0.84375,0.8450980392156863,0.8435972629521017,1.9067831876820642e-05,1.125,0.0,2.0,easy|hard|medium
test,0,2,113,32,0.5328225170087535,60.32057169798645,213.04202805800014,0.22759312391281128,0.9722222222222222,0.96875,0.9666666666666667,0.9684729064039409,1.90595089471494e-05,0.9375,0.0,2.0,hard|medium|easy
test,0,2,114,32,0.5316638950025663,60.85276474698912,213.57422109798063,0.2231845110654831,0.90625,0.90625,0.907843137254902,0.906158357771261,1.9051186017478155e-05,1.15625,0.0,2.0,medium|easy|hard
test,0,2,115,32,0.5334588410041761,61.386744591000024,214.10820094798692,0.43190786242485046,0.8441295546558705,0.84375,0.8373015873015872,0.8398398398398399,1.9042863087806907e-05,1.0625,0.0,2.0,medium|easy|hard
test,0,2,116,32,0.5327092579973396,61.91993950799224,214.64139585697558,0.3821052312850952,0.8450980392156863,0.84375,0.84375,0.8435972629521017,1.9034540158135666e-05,1.0,0.0,2.0,hard|easy|medium
test,0,2,117,32,0.5318816360086203,62.452445098984754,215.17390147398692,0.14904585480690002,0.9523809523809523,0.9375,0.9230769230769231,0.9333333333333333,1.902621722846442e-05,1.0625,0.0,2.0,medium|easy|hard
test,0,2,118,32,0.53286622298765,62.98571904798155,215.7071754039789,0.37587234377861023,0.875,0.875,0.8809523809523809,0.8745098039215686,1.9017894298793176e-05,1.0,0.0,2.0,easy|medium|hard
test,0,2,119,32,0.5325395450054202,63.51880364699173,216.24026016998687,0.32284003496170044,0.8166666666666667,0.8125,0.8015873015873016,0.8056680161943319,1.9009571369121934e-05,0.96875,0.0,2.0,hard|easy|medium
test,0,2,120,32,0.5311439560027793,64.05049017898273,216.77194652799517,0.35020530223846436,0.7530364372469636,0.75,0.7450980392156863,0.746031746031746,1.900124843945069e-05,1.03125,0.0,2.0,medium|easy|hard
test,0,2,121,32,0.5327598949952517,64.58380877799937,217.3052651269827,0.2898329794406891,0.8745098039215686,0.875,0.8745098039215686,0.8745098039215686,1.899292550977944e-05,1.15625,0.0,2.0,medium|hard|easy
test,0,2,122,32,0.5318977480055764,65.11616130798939,217.83761771698482,0.3160299062728882,0.8833333333333333,0.875,0.8650793650793651,0.8704453441295547,1.89846025801082e-05,0.96875,0.0,2.0,medium|easy|hard
test,0,2,123,32,0.5322993650042918,65.64893533298164,218.37039168499177,0.31366652250289917,0.9087301587301587,0.90625,0.903921568627451,0.9054187192118226,1.8976279650436955e-05,0.96875,0.0,2.0,hard|medium|easy
test,0,2,124,32,0.5332117700017989,66.18272984400392,218.90418620497803,0.31716227531433105,0.925,0.90625,0.9,0.9039039039039038,1.896795672076571e-05,1.0,0.0,2.0,easy|medium|hard
test,0,2,125,32,0.5322291949996725,66.71548680099659,219.43694322899682,0.2672188878059387,0.8562753036437247,0.84375,0.84375,0.8423645320197044,1.895963379109447e-05,0.90625,0.0,2.0,easy|hard|medium
test,0,2,126,32,0.5315034379891586,67.24743874199339,219.96889510197798,0.16173239052295685,0.975,0.96875,0.9615384615384616,0.9671794871794872,1.8951310861423224e-05,0.875,0.0,2.0,hard|easy|medium
test,0,2,127,32,0.53363182299654,67.78162539500045,220.50308175198734,0.11944583058357239,0.9722222222222222,0.96875,0.9666666666666667,0.9684729064039409,1.8942987931751976e-05,0.78125,0.0,2.0,easy|medium|hard
test,0,2,128,32,0.5324030909978319,68.31446517800214,221.03592152599595,0.18454131484031677,0.9230769230769231,0.9375,0.9523809523809523,0.9333333333333333,1.8934665002080734e-05,0.96875,0.0,2.0,easy|hard|medium
test,0,2,129,32,0.5322713500063401,68.84719196500373,221.56864863997907,0.12791194021701813,0.9736842105263157,0.96875,0.9642857142857143,0.967967967967968,1.892634207240949e-05,1.0,0.0,2.0,easy|medium|hard
test,0,2,130,32,0.5331858099962119,69.38100035800016,222.10245673797908,0.18792863190174103,0.8704453441295547,0.875,0.8704453441295547,0.8704453441295547,1.8918019142738248e-05,0.8125,0.0,2.0,medium|easy|hard
test,0,2,131,32,0.5319260609976482,69.91350049999892,222.6349568789883,0.3971811830997467,0.9117647058823529,0.90625,0.9166666666666667,0.906158357771261,1.8909696213067003e-05,0.8125,0.0,2.0,easy|medium|hard
test,0,2,132,32,0.5320608420006465,70.44614216400078,223.16759851798997,0.3043256998062134,0.8809523809523809,0.875,0.875,0.8745098039215686,1.8901373283395755e-05,0.90625,0.0,2.0,medium|easy|hard
test,0,2,133,32,0.533321971015539,70.98007106498699,223.70152743099607,0.19121721386909485,0.903921568627451,0.90625,0.9087301587301587,0.9054187192118226,1.8893050353724513e-05,1.34375,0.0,2.0,hard|medium|easy
test,0,2,134,32,0.5322489269892685,71.5129382449959,224.23439460297232,0.11129400879144669,0.9761904761904762,0.96875,0.9583333333333333,0.9660657476139979,1.888472742405327e-05,0.96875,0.0,2.0,easy|medium|hard
test,0,2,135,32,0.531844015000388,72.04538211898762,224.76683846398373,0.36800509691238403,0.8833333333333333,0.875,0.8650793650793651,0.8704453441295547,1.8876404494382024e-05,0.6875,0.0,2.0,hard|medium|easy
test,0,2,136,32,0.5327040090051014,72.5787323639961,225.30018871699576,0.19728313386440277,0.90625,0.90625,0.907843137254902,0.906158357771261,1.8868081564710782e-05,1.1875,0.0,2.0,medium|easy|hard
test,0,2,137,32,0.5323202750005294,73.11159355699783,225.83304989899625,0.142495259642601,0.90625,0.90625,0.907843137254902,0.906158357771261,1.8859758635039537e-05,0.96875,0.0,2.0,medium|hard|easy
test,0,2,138,32,0.5320280629966874,73.64419643499423,226.3656527849962,0.3625330328941345,0.8705882352941177,0.875,0.8825910931174089,0.873015873015873,1.885143570536829e-05,1.15625,0.0,2.0,hard|easy|medium
test,0,2,139,32,0.5330850300088059,74.1777934540005,226.8992498239968,0.4300539493560791,0.8888888888888888,0.875,0.8888888888888888,0.875,1.8843112775697047e-05,0.875,0.0,2.0,medium|easy|hard
test,0,2,140,32,0.5323376949818339,74.71064668899635,227.43210303597152,0.5849548578262329,0.807843137254902,0.8125,0.8178137651821862,0.8095238095238095,1.8834789846025803e-05,1.15625,0.0,2.0,hard|medium|easy
test,0,2,141,32,0.532356077019358,75.24342618099763,227.96488282398786,0.1720074713230133,0.9473684210526316,0.9375,0.9333333333333333,0.9365079365079365,1.8826466916354558e-05,1.03125,0.0,2.0,hard|medium|easy
test,0,2,142,32,0.5332486190018244,75.77710012998432,228.49855648798984,0.22223472595214844,0.907843137254902,0.90625,0.90625,0.906158357771261,1.8818143986683316e-05,0.9375,0.0,2.0,medium|hard|easy
test,0,2,143,32,0.5324208520178217,76.31010124299792,229.03155769998557,0.279915452003479,0.903921568627451,0.90625,0.9087301587301587,0.9054187192118226,1.880982105701207e-05,0.96875,0.0,2.0,medium|hard|easy
test,0,2,144,32,0.5318282560037915,76.84256726098829,229.56402363497182,0.3490723669528961,0.907843137254902,0.90625,0.90625,0.906158357771261,1.8801498127340823e-05,1.0625,0.0,2.0,hard|medium|easy
test,0,2,145,32,0.5330974269891158,77.37628909599152,230.09774544698303,0.31979307532310486,0.9090909090909092,0.875,0.8571428571428572,0.8666666666666667,1.8793175197669582e-05,0.96875,0.0,2.0,hard|medium|easy
test,0,2,146,32,0.5320791149861179,77.90892900899053,230.63038536597742,0.31366637349128723,0.8705882352941177,0.875,0.8825910931174089,0.873015873015873,1.8784852267998337e-05,1.1875,0.0,2.0,medium|hard|easy
test,0,2,147,32,0.5324448719911743,78.4420220059983,231.16347835198394,0.2529556155204773,0.9372549019607843,0.9375,0.9372549019607843,0.9372549019607843,1.8776529338327092e-05,0.90625,0.0,2.0,hard|medium|easy
test,0,2,148,32,0.5330551450024359,78.97556713098311,231.6970234909968,0.23747509717941284,0.8650793650793651,0.875,0.8833333333333333,0.8704453441295547,1.876820640865585e-05,0.96875,0.0,2.0,medium|hard|easy
test,0,2,149,32,0.5318286669789813,79.50792973698117,232.22938609999255,0.21763136982917786,0.9365079365079365,0.9375,0.9365079365079365,0.9365079365079365,1.8759883478984606e-05,1.0625,0.0,2.0,easy|hard|medium
test,0,2,150,32,0.5319312599895056,80.04035191598814,232.76180825999472,0.39934226870536804,0.8583333333333334,0.84375,0.8372549019607842,0.8398398398398399,1.8751560549313357e-05,1.0,0.0,2.0,easy|medium|hard
test,0,2,151,32,0.5330185620114207,80.57398995300173,233.29544632000034,0.4377424418926239,0.7738095238095238,0.78125,0.7793522267206479,0.7757757757757757,1.8743237619642116e-05,0.96875,0.0,2.0,hard|easy|medium
test,0,2,152,32,0.532498657994438,81.1070163330005,233.8284726869897,0.2767830491065979,0.875,0.875,0.875,0.875,1.873491468997087e-05,1.0625,0.0,2.0,easy|hard|medium
test,0,2,153,32,0.532499230990652,81.63996760698501,234.36142394997296,0.3467870354652405,0.9047619047619048,0.875,0.8666666666666667,0.8704453441295547,1.8726591760299626e-05,1.125,0.0,2.0,medium|easy|hard
test,0,2,154,32,0.532945466984529,82.1733922509884,234.8948486559966,0.20342420041561127,0.8650793650793651,0.875,0.8833333333333333,0.8704453441295547,1.8718268830628385e-05,0.96875,0.0,2.0,easy|medium|hard
test,0,2,155,32,0.5327038039977197,82.7067013559863,235.4281577039801,0.2423120141029358,0.9473684210526316,0.9375,0.9333333333333333,0.9365079365079365,1.870994590095714e-05,0.96875,0.0,2.0,easy|hard|medium
test,0,2,156,32,0.5320016950136051,83.23926750698593,235.9607238479948,0.13544517755508423,1.0,1.0,1.0,1.0,1.870162297128589e-05,1.0625,0.0,2.0,hard|easy|medium
test,0,2,157,32,0.5331595900061075,83.77293087099679,236.49438727498637,0.4672461748123169,0.7568627450980392,0.75,0.7651821862348178,0.7490196078431373,1.869330004161465e-05,0.78125,0.0,2.0,easy|medium|hard
test,0,2,158,32,0.5321117260027677,84.3055317279941,237.0269880789856,0.31676551699638367,0.8411764705882353,0.84375,0.8452380952380952,0.8423645320197044,1.8684977111943405e-05,1.0625,0.0,2.0,medium|easy|hard
test,0,2,159,32,0.5321591740066651,84.83815716599929,237.55961353197927,0.294464647769928,0.84375,0.84375,0.8450980392156863,0.8435972629521017,1.867665418227216e-05,0.90625,0.0,2.0,easy|hard|medium
test,0,2,160,32,0.5333878610108513,85.37211123100133,238.0935675749788,0.3372788429260254,0.90625,0.90625,0.907843137254902,0.906158357771261,1.866833125260092e-05,1.1875,0.0,2.0,hard|easy|medium
test,0,2,161,32,0.5326405829982832,85.90526950298226,238.62672586398548,0.22921369969844818,0.9523809523809523,0.9375,0.9230769230769231,0.9333333333333333,1.8660008322929674e-05,1.0625,0.0,2.0,hard|easy|medium
test,0,2,162,32,0.5325466229987796,86.43826514598913,239.15972152599716,0.31542909145355225,0.8809523809523809,0.875,0.875,0.8745098039215686,1.8651685393258426e-05,1.03125,0.0,2.0,medium|hard|easy
test,0,2,163,32,0.5331286159926094,86.97195266999188,239.69340901999385,0.13911709189414978,0.9333333333333333,0.9375,0.9473684210526316,0.9365079365079365,1.8643362463587184e-05,1.125,0.0,2.0,hard|easy|medium
test,0,2,164,32,0.5327204990026075,87.50521392800147,240.22667026898125,0.19293341040611267,0.8705882352941177,0.875,0.8825910931174089,0.873015873015873,1.863503953391594e-05,1.21875,0.0,2.0,hard|easy|medium
test,0,2,165,32,0.5321385349961929,88.03792339999927,240.75937975698616,0.18505749106407166,0.9347826086956521,0.90625,0.875,0.893687707641196,1.8626716604244698e-05,0.71875,0.0,2.0,medium|easy|hard
test,0,2,166,32,0.5333373330067843,88.57181927998317,241.29327563999686,0.28867942094802856,0.9,0.875,0.875,0.873015873015873,1.8618393674573453e-05,1.09375,0.0,2.0,medium|hard|easy
test,0,2,167,32,0.5320906330016442,89.10443714400753,241.82589350297349,0.14558596909046173,0.9523809523809523,0.9375,0.9230769230769231,0.9333333333333333,1.861007074490221e-05,0.9375,0.0,2.0,medium|easy|hard
test,0,2,168,32,0.5325175860198215,89.63754344100016,242.35899982397677,0.16179585456848145,0.9130434782608696,0.875,0.8461538461538461,0.8614718614718615,1.8601747815230963e-05,0.78125,0.0,2.0,easy|medium|hard
test,0,2,169,32,0.5331023370090406,90.17116774999886,242.89262410797528,0.20600537955760956,0.907843137254902,0.90625,0.90625,0.906158357771261,1.859342488555972e-05,1.125,0.0,2.0,medium|hard|easy
test,0,2,170,32,0.5323091269819997,90.70404840999981,243.42550476299948,0.7481024861335754,0.6875,0.6875,0.6875,0.6875,1.8585101955888474e-05,1.21875,0.0,2.0,hard|easy|medium
test,0,2,171,32,0.5319947469979525,91.23662333298125,243.95807969098678,0.24095332622528076,0.90625,0.90625,0.907843137254902,0.906158357771261,1.8576779026217232e-05,1.125,0.0,2.0,hard|easy|medium
test,0,2,172,32,0.5329820679908153,91.77012759799254,244.4915839759924,0.07934331893920898,0.9705882352941176,0.96875,0.96875,0.9687194525904204,1.8568456096545987e-05,0.90625,0.0,2.0,hard|easy|medium
test,0,2,173,32,0.5324029490002431,92.30309532000683,245.02455194399226,0.5130806565284729,0.8333333333333333,0.8125,0.85,0.8117647058823529,1.856013316687474e-05,0.875,0.0,2.0,hard|easy|medium
test,0,2,174,32,0.5321947110060137,92.83582680299878,245.55728314598673,0.22902651131153107,0.9166666666666667,0.90625,0.9117647058823529,0.906158357771261,1.8551810237203498e-05,1.03125,0.0,2.0,hard|medium|easy
test,0,2,175,32,0.5326051649753936,93.3689694099885,246.0904257799848,0.2144596129655838,0.8452380952380952,0.84375,0.8411764705882353,0.8423645320197044,1.8543487307532253e-05,0.90625,0.0,2.0,hard|easy|medium
test,0,2,176,32,0.5320617959951051,93.90156514200498,246.62302148898016,0.20154382288455963,0.9411764705882353,0.9375,0.9411764705882353,0.9375,1.8535164377861008e-05,1.28125,0.0,2.0,hard|medium|easy
test,0,2,177,32,0.532040815014625,94.43412902898854,247.15558537797187,0.2072192281484604,0.9722222222222222,0.96875,0.9666666666666667,0.9684729064039409,1.8526841448189767e-05,1.03125,0.0,2.0,hard|medium|easy
test,0,2,178,32,0.5321094910032116,94.96672893498908,247.68818530099816,0.32484307885169983,0.8562753036437247,0.84375,0.84375,0.8423645320197044,1.851851851851852e-05,0.90625,0.0,2.0,medium|easy|hard
test,0,2,179,32,0.5323480100196321,95.49961479398189,248.22107114997925,0.4574560821056366,0.7976190476190477,0.78125,0.8036437246963564,0.7810361681329423,1.8510195588847273e-05,1.0625,0.0,2.0,easy|hard|medium
test,0,2,180,32,0.5316362649900839,96.03176149199135,248.7532178539841,0.29476988315582275,0.8784313725490196,0.875,0.8784313725490196,0.875,1.8501872659176032e-05,1.0625,0.0,2.0,medium|hard|easy
test,0,2,181,32,0.5331550269911531,96.56545823998749,249.28691458099638,0.151515394449234,0.9736842105263157,0.96875,0.9642857142857143,0.967967967967968,1.8493549729504787e-05,1.03125,0.0,2.0,easy|hard|medium
test,0,2,182,32,0.5330994229880162,97.09910741497879,249.8205637599749,0.42027297616004944,0.7450980392156863,0.75,0.7530364372469636,0.746031746031746,1.8485226799833542e-05,1.0625,0.0,2.0,medium|easy|hard
test,0,2,183,32,0.5317492210015189,97.63142352498835,250.35287987499032,0.3175954818725586,0.8411764705882353,0.84375,0.8452380952380952,0.8423645320197044,1.84769038701623e-05,0.84375,0.0,2.0,medium|easy|hard
test,0,2,184,32,0.5332905100076459,98.165254861,250.88671121699736,0.13174551725387573,0.9722222222222222,0.96875,0.9666666666666667,0.9684729064039409,1.8468580940491056e-05,1.0,0.0,2.0,hard|medium|easy
test,0,2,185,32,0.5336957300023641,98.69949958199868,251.42095625199727,0.258165180683136,0.8095238095238095,0.8125,0.8095238095238095,0.8095238095238095,1.8460258010819808e-05,1.125,0.0,2.0,medium|hard|easy
test,0,2,186,32,0.5317868819984142,99.23180921698804,251.95326556297368,0.3834494352340698,0.8156862745098039,0.8125,0.8156862745098039,0.8125,1.8451935081148566e-05,0.96875,0.0,2.0,easy|medium|hard
test,0,2,187,32,0.5329031690198462,99.7652430300077,252.48669939200045,0.3265117406845093,0.875,0.875,0.8272727272727273,0.8454106280193237,1.844361215147732e-05,0.9375,0.0,2.0,easy|hard|medium
test,0,2,188,32,0.5326273730024695,100.29843703599181,253.01989361597225,0.12171593308448792,0.9666666666666667,0.96875,0.9722222222222222,0.9684729064039409,1.8435289221806076e-05,0.9375,0.0,2.0,easy|medium|hard
test,0,2,189,32,0.5318617430166341,100.83084014998167,253.5522965049895,0.18643157184123993,0.9352226720647774,0.9375,0.9352226720647774,0.9352226720647774,1.8426966292134835e-05,1.09375,0.0,2.0,easy|medium|hard
test,0,2,190,32,0.5327881129924208,101.36412797300727,254.08558434798033,0.3524770140647888,0.9,0.875,0.875,0.873015873015873,1.841864336246359e-05,1.09375,0.0,2.0,easy|medium|hard
test,0,2,191,32,0.5329474569880404,101.89763265900547,254.619089203974,0.2701791524887085,0.903921568627451,0.90625,0.9087301587301587,0.9054187192118226,1.8410320432792342e-05,1.09375,0.0,2.0,hard|easy|medium
test,0,2,192,32,0.5318819470121525,102.43003770898213,255.1514940649795,0.12336013466119766,0.9736842105263157,0.96875,0.9642857142857143,0.967967967967968,1.84019975031211e-05,1.0,0.0,2.0,medium|hard|easy
test,0,2,193,32,0.5331303889979608,102.96370310499333,255.68515945097897,0.15533900260925293,0.95,0.9375,0.9285714285714286,0.9352226720647774,1.8393674573449856e-05,0.96875,0.0,2.0,easy|medium|hard
test,0,2,194,32,0.5332455490133725,103.49741258498398,256.21886893498595,0.26675719022750854,0.9210526315789473,0.90625,0.90625,0.9054187192118226,1.838535164377861e-05,0.78125,0.0,2.0,easy|hard|medium
test,0,2,195,32,0.5321053200168535,104.03006044297945,256.7515167899837,0.23724551498889923,0.8704453441295547,0.875,0.8704453441295547,0.8704453441295547,1.837702871410737e-05,1.03125,0.0,2.0,easy|hard|medium
test,0,2,196,32,0.532469433004735,104.56314869600465,257.28460536399507,0.19367386400699615,0.8967611336032388,0.90625,0.9083333333333333,0.9015384615384616,1.8368705784436124e-05,0.78125,0.0,2.0,medium|hard|easy
test,0,2,197,32,0.5324152829998638,105.09614148299443,257.81759783497546,0.32434311509132385,0.8166666666666667,0.8125,0.8015873015873016,0.8056680161943319,1.8360382854764876e-05,0.78125,0.0,2.0,medium|hard|easy
test,0,2,198,32,0.532297085999744,105.62899196299259,258.35044862897485,0.2192162573337555,0.8916666666666666,0.90625,0.9069264069264069,0.8981972428419936,1.8352059925093635e-05,1.125,0.0,2.0,hard|easy|medium
test,0,2,199,32,0.5331169790006243,106.1626033509965,258.88405973199406,0.1840195655822754,0.9722222222222222,0.96875,0.9666666666666667,0.9684729064039409,1.834373699542239e-05,0.8125,0.0,2.0,easy|medium|hard
test,0,2,200,32,0.5329875769966748,106.69612104698899,259.417577419983,0.4193146228790283,0.8614718614718615,0.875,0.8614718614718615,0.8614718614718615,1.8335414065751145e-05,1.25,0.0,2.0,easy|hard|medium
test,0,2,201,32,0.5320160889823455,107.22870330099249,259.9501596419723,0.49518877267837524,0.84375,0.84375,0.8450980392156863,0.8435972629521017,1.8327091136079903e-05,1.0625,0.0,2.0,medium|hard|easy
test,0,2,202,32,0.5328820910071954,107.76212677598232,260.48358313698554,0.2204226404428482,0.9318181818181819,0.90625,0.8846153846153846,0.8981972428419936,1.831876820640866e-05,0.625,0.0,2.0,medium|easy|hard
test,0,2,203,32,0.5322897520090919,108.29496150297928,261.01641786898836,0.16390319168567657,0.95,0.9375,0.9285714285714286,0.9352226720647774,1.8310445276737414e-05,0.78125,0.0,2.0,medium|easy|hard
test,0,2,204,32,0.5319148800044786,108.82741502099088,261.5488713699742,0.33395838737487793,0.8831168831168831,0.875,0.8582995951417004,0.8666666666666667,1.830212234706617e-05,1.03125,0.0,2.0,hard|easy|medium
test,0,2,205,32,0.5324766060221009,109.36051318599493,262.0819695329992,0.2467525452375412,0.9523809523809523,0.9375,0.9230769230769231,0.9333333333333333,1.8293799417394924e-05,0.9375,0.0,2.0,medium|easy|hard
test,0,2,206,32,0.5326673509844113,109.893707797979,262.61516415697406,0.29823827743530273,0.9,0.875,0.875,0.873015873015873,1.8285476487723683e-05,0.84375,0.0,2.0,easy|hard|medium
test,0,2,207,32,0.5319681910041254,110.42623766799807,263.14769401197555,0.2348506599664688,0.925,0.90625,0.9,0.9039039039039038,1.8277153558052438e-05,1.09375,0.0,2.0,hard|medium|easy
test,0,2,208,32,0.5326591749908403,110.95943108998472,263.68088747598813,0.26525214314460754,0.9333333333333333,0.9375,0.9473684210526316,0.9365079365079365,1.8268830628381193e-05,1.0,0.0,2.0,easy|hard|medium
test,0,2,209,32,0.5328569380217232,111.49287315199035,264.21432950597955,0.21048200130462646,0.9285714285714286,0.90625,0.8928571428571428,0.9015384615384616,1.8260507698709948e-05,0.96875,0.0,2.0,medium|easy|hard
test,0,2,210,32,0.5320609839982353,112.0254919900035,264.74694834498223,0.5227495431900024,0.7619047619047619,0.75,0.7619047619047619,0.75,1.8252184769038703e-05,0.71875,0.0,2.0,easy|medium|hard
test,0,2,211,32,0.5324678439937998,112.55847030700534,265.27992667397484,0.19275934994220734,0.90625,0.90625,0.9210526315789473,0.9054187192118226,1.8243861839367458e-05,0.78125,0.0,2.0,medium|easy|hard
test,0,2,212,32,0.5332391559786629,113.09217680600705,265.8136331619753,0.18836311995983124,0.96875,0.96875,0.9705882352941176,0.9687194525904204,1.8235538909696217e-05,1.0625,0.0,2.0,hard|medium|easy
test,0,2,213,32,0.5314404180098791,113.62417639300111,266.3456327399763,0.24522031843662262,0.9375,0.9375,0.9444444444444444,0.9372549019607843,1.8227215980024972e-05,1.09375,0.0,2.0,medium|hard|easy
test,0,2,214,32,0.5316903440107126,114.15640351499314,266.8778598679928,0.19964304566383362,0.9444444444444444,0.9375,0.9375,0.9372549019607843,1.8218893050353724e-05,0.9375,0.0,2.0,medium|hard|easy
test,0,2,215,32,0.5336457779922057,114.69060691699269,267.4120632959821,0.1841953992843628,0.9166666666666667,0.9375,0.9545454545454546,0.9307359307359306,1.8210570120682482e-05,1.0,0.0,2.0,hard|medium|easy
test,0,2,216,32,0.5316345130268019,115.22278154399828,267.9442378949898,0.18917866051197052,0.9285714285714286,0.90625,0.8928571428571428,0.9015384615384616,1.8202247191011237e-05,1.09375,0.0,2.0,medium|easy|hard
test,0,2,217,32,0.5309327130089514,115.75428038599784,268.4757367359998,0.45034196972846985,0.9090909090909092,0.875,0.8571428571428572,0.8666666666666667,1.8193924261339992e-05,0.65625,0.0,2.0,hard|easy|medium
test,0,2,218,32,0.5332407259847969,116.28800841100747,269.00946477998514,0.5409270524978638,0.8036437246963564,0.78125,0.7976190476190477,0.7810361681329423,1.818560133166875e-05,1.40625,0.0,2.0,hard|medium|easy
test,0,2,219,32,0.5316945660160854,116.82022172698635,269.54167807198246,0.2494209110736847,0.9352226720647774,0.9375,0.9352226720647774,0.9352226720647774,1.8177278401997506e-05,0.90625,0.0,2.0,hard|easy|medium
test,0,2,220,32,0.5307931419811212,117.35160608799197,270.0730624559801,0.13340476155281067,0.9473684210526316,0.9375,0.9333333333333333,0.9365079365079365,1.8168955472326258e-05,0.78125,0.0,2.0,easy|medium|hard
test,0,2,221,32,0.5326053320022766,117.88472545100376,270.6061818029848,0.2831341624259949,0.8705882352941177,0.875,0.8825910931174089,0.873015873015873,1.8160632542655016e-05,1.09375,0.0,2.0,easy|medium|hard
test,0,2,222,32,0.5316746819880791,118.41696893598419,271.13842529497924,0.06281536817550659,1.0,1.0,1.0,1.0,1.815230961298377e-05,1.125,0.0,2.0,easy|hard|medium
test,0,2,223,32,0.5314534720091615,118.94893777699326,271.67039414297324,0.7291260957717896,0.7270531400966183,0.65625,0.6865079365079365,0.6476476476476476,1.8143986683312527e-05,1.0625,0.0,2.0,medium|easy|hard
test,0,2,224,32,0.5323514380143024,119.4817563270044,272.20321267898544,0.2617509961128235,0.9318181818181819,0.90625,0.8846153846153846,0.8981972428419936,1.8135663753641285e-05,1.0,0.0,2.0,medium|easy|hard
test,0,2,225,32,0.5317985489964485,120.01409913200769,272.7355554929818,0.4257541000843048,0.8593073593073592,0.84375,0.8293650793650793,0.8358974358974359,1.812734082397004e-05,1.0,0.0,2.0,hard|medium|easy
test,0,2,226,32,0.5320188929908909,120.54671888699522,273.2681755319936,0.15216267108917236,0.96,0.9375,0.8888888888888888,0.9166666666666667,1.8119017894298792e-05,0.96875,0.0,2.0,easy|hard|medium
test,0,2,227,32,0.5323188019974623,121.07958247998613,273.8010388269904,0.616144061088562,0.8036437246963564,0.78125,0.7976190476190477,0.7810361681329423,1.811069496462755e-05,0.9375,0.0,2.0,hard|easy|medium
test,0,2,228,32,0.5318982129974756,121.61193279299187,274.3333891409857,0.48778077960014343,0.84375,0.84375,0.8809523809523809,0.8398398398398399,1.8102372034956306e-05,0.96875,0.0,2.0,hard|easy|medium
test,0,2,229,32,0.5315355549973901,122.1439714919834,274.86542789597297,0.3628748059272766,0.8452380952380952,0.84375,0.8411764705882353,0.8423645320197044,1.809404910528506e-05,0.71875,0.0,2.0,easy|medium|hard
test,0,2,230,32,0.5329350020037964,122.67734482398373,275.39880118498695,0.09122443199157715,0.975,0.96875,0.9615384615384616,0.9671794871794872,1.808572617561382e-05,1.0,0.0,2.0,medium|hard|easy
test,0,2,231,32,0.5320857029873878,123.2100174119987,275.9314737759996,0.19132891297340393,0.9333333333333333,0.9375,0.9473684210526316,0.9365079365079365,1.8077403245942575e-05,0.90625,0.0,2.0,hard|medium|easy
test,0,2,232,32,0.5318434149958193,123.742418704991,276.46387505697203,0.15349721908569336,0.96875,0.96875,0.9705882352941176,0.9687194525904204,1.8069080316271326e-05,1.34375,0.0,2.0,hard|easy|medium
test,0,2,233,32,0.5326283460017294,124.27562359598232,276.9970799359726,0.34451013803482056,0.8704453441295547,0.875,0.8704453441295547,0.8704453441295547,1.8060757386600085e-05,1.0,0.0,2.0,medium|hard|easy
test,0,2,234,32,0.5323508419969585,124.80851519099087,277.52997153799515,0.14370694756507874,0.96875,0.96875,0.9705882352941176,0.9687194525904204,1.805243445692884e-05,1.28125,0.0,2.0,hard|medium|easy
test,0,2,235,32,0.5315774240007158,125.34066856399295,278.0621252329729,0.2208167314529419,0.95,0.9375,0.9285714285714286,0.9352226720647774,1.8044111527257595e-05,1.03125,0.0,2.0,easy|hard|medium
test,0,2,236,32,0.5317029150028247,125.87294323998503,278.59439959097654,0.06965266168117523,0.9772727272727273,0.96875,0.9545454545454546,0.964562569213732,1.8035788597586354e-05,0.71875,0.0,2.0,easy|medium|hard
test,0,2,237,32,0.5323200220009312,126.40587559700361,279.12733197797206,0.17467710375785828,0.9333333333333333,0.9375,0.9333333333333333,0.9333333333333333,1.802746566791511e-05,1.125,0.0,2.0,easy|medium|hard
test,0,2,238,32,0.5311037399806082,126.93753455998376,279.65899090998573,0.16243219375610352,0.9411764705882353,0.9375,0.9411764705882353,0.9375,1.8019142738243864e-05,0.96875,0.0,2.0,easy|hard|medium
test,0,2,239,32,0.5325371289800387,127.47055767898564,280.19201404298656,0.5187768340110779,0.8090909090909091,0.8125,0.7833333333333333,0.7922077922077921,1.801081980857262e-05,0.96875,0.0,2.0,medium|easy|hard
test,0,2,240,32,0.5321820900135208,128.00318003000575,280.72463638399495,0.15519587695598602,0.8916666666666666,0.90625,0.9069264069264069,0.8981972428419936,1.8002496878901374e-05,1.0625,0.0,2.0,medium|easy|hard
test,0,2,241,32,0.5311918609950226,128.5348081580014,281.25626450797427,0.17522305250167847,0.9473684210526316,0.9375,0.9333333333333333,0.9365079365079365,1.7994173949230133e-05,0.78125,0.0,2.0,medium|hard|easy
test,0,2,242,32,0.5329665930185001,129.06832941400353,281.7897857569915,0.24573013186454773,0.9087301587301587,0.90625,0.903921568627451,0.9054187192118226,1.7985851019558888e-05,1.03125,0.0,2.0,hard|easy|medium
test,0,2,243,32,0.5325261329999194,129.6014338999812,282.32289024899364,0.17611384391784668,0.9089068825910931,0.90625,0.9007936507936507,0.9039039039039038,1.7977528089887643e-05,0.875,0.0,2.0,easy|hard|medium
test,0,2,244,32,0.53161951401853,130.1334961479879,282.85495250998065,0.1574510633945465,0.9545454545454546,0.9375,0.9166666666666667,0.9307359307359306,1.7969205160216398e-05,1.0625,0.0,2.0,medium|easy|hard
test,0,2,245,32,0.5324987159983721,130.66654738999205,283.38800373798585,0.4672512114048004,0.8166666666666667,0.8125,0.8015873015873016,0.8056680161943319,1.7960882230545153e-05,0.875,0.0,2.0,medium|hard|easy
test,0,2,246,32,0.5320039929938503,131.19907389898435,283.9205302549817,0.38896095752716064,0.9166666666666667,0.90625,0.9117647058823529,0.906158357771261,1.795255930087391e-05,1.15625,0.0,2.0,medium|hard|easy
test,0,2,247,32,0.5307970599969849,131.7304358429974,284.45189220199245,0.5061135292053223,0.8166666666666667,0.8125,0.8015873015873016,0.8056680161943319,1.7944236371202667e-05,1.0,0.0,2.0,hard|easy|medium
test,0,2,248,32,0.5329786590009462,132.26398383599008,284.985440243996,0.3527013063430786,0.8947368421052632,0.875,0.8823529411764706,0.8745098039215686,1.7935913441531422e-05,0.9375,0.0,2.0,medium|easy|hard
test,0,2,249,32,0.5320776310109068,132.79668965999736,285.5181460119784,0.246193990111351,0.8809523809523809,0.875,0.875,0.8745098039215686,1.7927590511860177e-05,0.78125,0.0,2.0,medium|hard|easy
test,0,2,250,32,0.5314376190071926,133.32867796398932,286.0501343299984,0.3593961298465729,0.8373015873015872,0.84375,0.8441295546558705,0.8398398398398399,1.7919267582188932e-05,0.875,0.0,2.0,medium|hard|easy
test,0,2,251,32,0.5326490459847264,133.86187176199746,286.5833284559776,0.2019430696964264,0.9411764705882353,0.9375,0.9411764705882353,0.9375,1.7910944652517688e-05,0.96875,0.0,2.0,hard|easy|medium
test,0,2,252,32,0.531952043005731,134.39438984298613,287.1158461869927,0.12215778231620789,0.9705882352941176,0.96875,0.96875,0.9687194525904204,1.7902621722846443e-05,0.75,0.0,2.0,easy|hard|medium
test,0,2,253,32,0.5310958559857681,134.92598164698575,287.64743798898417,0.5269403457641602,0.8125,0.8125,0.8125,0.8125,1.78942987931752e-05,1.09375,0.0,2.0,easy|hard|medium
test,0,2,254,32,0.5333141619921662,135.45981806798954,288.1812744369963,0.20740464329719543,0.903921568627451,0.90625,0.9087301587301587,0.9054187192118226,1.7885975863503956e-05,0.8125,0.0,2.0,easy|hard|medium
test,0,2,255,32,0.5321281130018178,135.99244447800447,288.7139008269878,0.34002721309661865,0.8529411764705883,0.84375,0.875,0.8423645320197044,1.787765293383271e-05,0.84375,0.0,2.0,easy|medium|hard
test,0,2,256,32,0.5314140790142119,136.52430287798052,289.24575925798854,0.24275614321231842,0.8916666666666666,0.90625,0.9069264069264069,0.8981972428419936,1.7869330004161467e-05,1.03125,0.0,2.0,easy|medium|hard
test,0,2,257,32,0.5327772980090231,137.05763328998,289.7790896499937,0.22856363654136658,0.9375,0.9375,0.9375,0.9375,1.7861007074490222e-05,1.03125,0.0,2.0,easy|medium|hard
test,0,2,258,32,0.5319057519955095,137.59001699800137,290.3114736149728,0.2193688005208969,0.925,0.90625,0.9,0.9039039039039038,1.7852684144818977e-05,1.03125,0.0,2.0,medium|easy|hard
test,0,2,259,32,0.5320767159864772,138.12266283598728,290.8441191909951,0.46405982971191406,0.8166666666666667,0.8125,0.8015873015873016,0.8056680161943319,1.7844361215147735e-05,1.125,0.0,2.0,easy|hard|medium
test,0,2,260,32,0.532696587004466,138.6559391549963,291.37739562397473,0.27797001600265503,0.9375,0.9375,0.9375,0.9375,1.783603828547649e-05,0.90625,0.0,2.0,easy|hard|medium
test,0,2,261,32,0.5319021919858642,139.18843449099222,291.9098908479791,0.3948330283164978,0.7922077922077921,0.8125,0.7922077922077921,0.7922077922077921,1.7827715355805242e-05,0.96875,0.0,2.0,hard|easy|medium
test,0,2,262,32,0.5320985309954267,139.72102628700668,292.4424826479808,0.15955400466918945,0.9705882352941176,0.96875,0.96875,0.9687194525904204,1.7819392426134e-05,1.03125,0.0,2.0,hard|easy|medium
test,0,2,263,32,0.5327822460094467,140.25466502198833,292.97612158799893,0.21890497207641602,0.9166666666666667,0.90625,0.9117647058823529,0.906158357771261,1.7811069496462756e-05,0.90625,0.0,2.0,easy|medium|hard
test,0,2,264,32,0.5321791719761677,140.78728299197974,293.50873935598065,0.35309210419654846,0.8452380952380952,0.84375,0.8411764705882353,0.8423645320197044,1.780274656679151e-05,0.9375,0.0,2.0,easy|medium|hard
test,0,2,265,32,0.5320770370017271,141.31981555899256,294.0412719039887,0.2641918361186981,0.9090909090909092,0.9375,0.9565217391304348,0.9272727272727272,1.779442363712027e-05,0.96875,0.0,2.0,hard|medium|easy
test,0,2,266,32,0.5327100610011257,141.8529731789895,294.5744295239856,0.21375003457069397,0.903921568627451,0.90625,0.9087301587301587,0.9054187192118226,1.7786100707449025e-05,1.03125,0.0,2.0,hard|medium|easy
test,0,2,267,17,0.3207048879994545,142.17415929900017,294.895615692978,0.17406345903873444,0.9090909090909092,0.8823529411764706,0.875,0.8785714285714286,1.7777777777777777e-05,1.0,0.0,2.0,hard|easy|medium
test,0,3,1,32,0.5339051610208116,0.6167319280211814,306.0455367269751,0.33101335167884827,0.8809523809523809,0.875,0.875,0.8745098039215686,1.7769454848106535e-05,0.84375,0.0,2.0,hard|medium|easy
test,0,3,2,32,0.5328883230104111,1.1503122770227492,306.5791138049972,0.10378392785787582,0.9666666666666667,0.96875,0.9722222222222222,0.9684729064039409,1.776113191843529e-05,1.0,0.0,2.0,hard|medium|easy
test,0,3,3,32,0.5325044390046969,1.6832973940181546,307.112098580983,0.041523709893226624,1.0,1.0,1.0,1.0,1.7752808988764045e-05,1.15625,0.0,2.0,medium|hard|easy
test,0,3,4,32,0.5311345790105406,2.214891957002692,307.6436931749922,0.07196177542209625,0.9722222222222222,0.96875,0.9666666666666667,0.9684729064039409,1.7744486059092804e-05,1.125,0.0,2.0,medium|hard|easy
test,0,3,5,32,0.5328900589956902,2.7483514380000997,308.17715263497666,0.04246649518609047,1.0,1.0,1.0,1.0,1.773616312942156e-05,0.875,0.0,2.0,hard|easy|medium
test,0,3,6,32,0.5322118060139474,3.281118659011554,308.70991991099436,0.2605877220630646,0.8833333333333333,0.875,0.8650793650793651,0.8704453441295547,1.772784019975031e-05,0.9375,0.0,2.0,easy|hard|medium
test,0,3,7,32,0.5307339830033015,3.812419649999356,309.2412209119939,0.4005829393863678,0.8833333333333333,0.875,0.8650793650793651,0.8704453441295547,1.771951727007907e-05,0.6875,0.0,2.0,easy|medium|hard
test,0,3,8,32,0.5329914889880456,4.3459047640208155,309.77470601699315,0.2764160633087158,0.9444444444444444,0.9375,0.9375,0.9372549019607843,1.7711194340407824e-05,1.09375,0.0,2.0,hard|medium|easy
test,0,3,9,32,0.5325377099798061,4.8789830510213505,310.30778429599013,0.2506357431411743,0.9089068825910931,0.90625,0.9007936507936507,0.9039039039039038,1.7702871410736583e-05,0.8125,0.0,2.0,easy|hard|medium
test,0,3,10,32,0.531553476001136,5.410991702025058,310.8397929639905,0.03540406376123428,1.0,1.0,1.0,1.0,1.7694548481065338e-05,1.0625,0.0,2.0,easy|medium|hard
test,0,3,11,32,0.533124661014881,5.944619270012481,311.37342052697204,0.17409050464630127,0.9372549019607843,0.9375,0.9372549019607843,0.9372549019607843,1.7686225551394093e-05,1.03125,0.0,2.0,hard|easy|medium
test,0,3,12,32,0.5323460870131385,6.477518975996645,311.9063202229736,0.3697872757911682,0.9047619047619048,0.875,0.8666666666666667,0.8704453441295547,1.767790262172285e-05,1.125,0.0,2.0,hard|medium|easy
test,0,3,13,32,0.5321603649936151,7.010243292024825,312.43904455797747,0.4003567099571228,0.903921568627451,0.90625,0.9087301587301587,0.9054187192118226,1.7669579692051604e-05,0.875,0.0,2.0,medium|easy|hard
test,0,3,14,32,0.5329924130055588,7.543684613017831,312.97248586197384,0.2334361970424652,0.9007936507936507,0.90625,0.9089068825910931,0.9039039039039038,1.766125676238036e-05,0.6875,0.0,2.0,hard|easy|medium
test,0,3,15,32,0.5320990899926983,8.07631295901956,313.5051142369921,0.2569180130958557,0.9365079365079365,0.9375,0.9365079365079365,0.9365079365079365,1.7652933832709117e-05,0.84375,0.0,2.0,easy|hard|medium
test,0,3,16,32,0.5318046140018851,8.608687565021683,314.03748882899527,0.05076092854142189,1.0,1.0,1.0,1.0,1.7644610903037872e-05,0.875,0.0,2.0,medium|easy|hard
test,0,3,17,32,0.5330450730107259,9.142235263017938,314.5710365329869,0.19207194447517395,0.9666666666666667,0.96875,0.9722222222222222,0.9684729064039409,1.7636287973366628e-05,1.09375,0.0,2.0,hard|medium|easy
test,0,3,18,32,0.532378914009314,9.675053597020451,315.10385847397265,0.1327126920223236,0.9722222222222222,0.96875,0.9666666666666667,0.9684729064039409,1.7627965043695383e-05,0.96875,0.0,2.0,hard|easy|medium
test,0,3,19,32,0.5319493020069785,10.207454643998062,315.6362558939727,0.17121411859989166,0.9230769230769231,0.9375,0.9523809523809523,0.9333333333333333,1.7619642114024138e-05,1.03125,0.0,2.0,hard|medium|easy
test,0,3,20,32,0.5328847290074918,10.740890697023133,316.1696919389942,0.1073683500289917,0.9523809523809523,0.9375,0.9230769230769231,0.9333333333333333,1.7611319184352893e-05,0.75,0.0,2.0,easy|medium|hard
test,0,3,21,32,0.5324207579833455,11.273885991016869,316.7026871869748,0.04405096918344498,1.0,1.0,1.0,1.0,1.760299625468165e-05,0.9375,0.0,2.0,hard|easy|medium
test,0,3,22,32,0.5325919030001387,11.807044012006372,317.2358452779881,0.06393790245056152,0.9545454545454546,0.96875,0.9772727272727273,0.964562569213732,1.7594673325010407e-05,1.25,0.0,2.0,hard|easy|medium
test,0,3,23,32,0.5330982889863662,12.34060111301369,317.76940238897805,0.034758053719997406,1.0,1.0,1.0,1.0,1.7586350395339162e-05,1.15625,0.0,2.0,medium|hard|easy
test,0,3,24,32,0.5318413350032642,12.873010364011861,318.301811635989,0.2355886995792389,0.9352226720647774,0.9375,0.9352226720647774,0.9352226720647774,1.7578027465667917e-05,0.875,0.0,2.0,medium|easy|hard
test,0,3,25,32,0.5320874790195376,13.405625762010459,318.8344270179805,0.21205127239227295,0.9375,0.9375,0.9375,0.9375,1.7569704535996672e-05,1.03125,0.0,2.0,easy|medium|hard
test,0,3,26,32,0.532350603985833,13.938545361015713,319.3673466099717,0.32898131012916565,0.90625,0.90625,0.907843137254902,0.906158357771261,1.7561381606325427e-05,0.90625,0.0,2.0,easy|hard|medium
test,0,3,27,32,0.5323289980005939,14.47134880401427,319.9001500849845,0.06637635827064514,1.0,1.0,1.0,1.0,1.7553058676654186e-05,1.03125,0.0,2.0,easy|medium|hard
test,0,3,28,32,0.5327716379833873,15.004621199012036,320.43342241397477,0.26171278953552246,0.9375,0.9375,0.9444444444444444,0.9372549019607843,1.754473574698294e-05,1.0625,0.0,2.0,medium|hard|easy
test,0,3,29,32,0.5327719879860524,15.537968489021296,320.9667697319819,0.1722104847431183,0.903921568627451,0.90625,0.9087301587301587,0.9054187192118226,1.7536412817311696e-05,0.75,0.0,2.0,easy|hard|medium
test,0,3,30,32,0.5325122590002138,16.071008229017025,321.49980942098773,0.09627731144428253,0.9666666666666667,0.96875,0.9722222222222222,0.9684729064039409,1.752808988764045e-05,0.90625,0.0,2.0,hard|medium|easy
test,0,3,31,32,0.5321378489898052,16.603683190012816,322.03248445299687,0.027274388819932938,1.0,1.0,1.0,1.0,1.7519766957969206e-05,1.09375,0.0,2.0,hard|easy|medium
test,0,3,32,32,0.5330997540149838,17.1372976420098,322.56609891398693,0.11269315332174301,0.9372549019607843,0.9375,0.9372549019607843,0.9372549019607843,1.751144402829796e-05,1.03125,0.0,2.0,easy|medium|hard
test,0,3,33,32,0.5323585869919043,17.670187526004156,323.09898878698004,0.05773230269551277,0.9722222222222222,0.96875,0.9666666666666667,0.9684729064039409,1.750312109862672e-05,0.78125,0.0,2.0,easy|medium|hard
test,0,3,34,32,0.5323049399885349,18.203000105015235,323.6318013469863,0.01898864656686783,1.0,1.0,1.0,1.0,1.7494798168955475e-05,0.84375,0.0,2.0,medium|easy|hard
test,0,3,35,32,0.5330618160078302,18.736596112023108,324.16539736799314,0.27131935954093933,0.8411764705882353,0.84375,0.8452380952380952,0.8423645320197044,1.7486475239284227e-05,1.0625,0.0,2.0,medium|hard|easy
test,0,3,36,32,0.5325076190056279,19.26983125100378,324.6986325029866,0.02919120341539383,1.0,1.0,1.0,1.0,1.7478152309612985e-05,0.84375,0.0,2.0,easy|hard|medium
test,0,3,37,32,0.5321273390145507,19.802463730011368,325.2312649319938,0.2585744261741638,0.9444444444444444,0.9375,0.9375,0.9372549019607843,1.746982937994174e-05,1.0625,0.0,2.0,easy|hard|medium
test,0,3,38,32,0.5328401069855317,20.335867201007204,325.7646684659994,0.1206020936369896,0.9705882352941176,0.96875,0.96875,0.9687194525904204,1.7461506450270496e-05,1.0625,0.0,2.0,hard|medium|easy
test,0,3,39,32,0.5321752340241801,20.86866018100409,326.2974616319989,0.2876744270324707,0.9166666666666667,0.90625,0.9117647058823529,0.906158357771261,1.7453183520599254e-05,1.0625,0.0,2.0,hard|medium|easy
test,0,3,40,32,0.531663118978031,21.400871504010865,326.8296727719717,0.2553446292877197,0.9583333333333333,0.9375,0.9,0.9227053140096618,1.744486059092801e-05,1.0625,0.0,2.0,hard|medium|easy
test,0,3,41,32,0.5323832170106471,21.933849724999163,327.36265097899013,0.1838301420211792,0.9352226720647774,0.9375,0.9352226720647774,0.9352226720647774,1.743653766125676e-05,0.65625,0.0,2.0,hard|easy|medium
test,0,3,42,32,0.5320328849775251,22.46646424100618,327.895265492989,0.03567785769701004,1.0,1.0,1.0,1.0,1.742821473158552e-05,1.0625,0.0,2.0,medium|hard|easy
test,0,3,43,32,0.532438911992358,22.99945016601123,328.4282514419756,0.400766521692276,0.8967611336032388,0.90625,0.9083333333333333,0.9015384615384616,1.7419891801914275e-05,1.0625,0.0,2.0,easy|medium|hard
test,0,3,44,32,0.5326570610050112,23.53264905101969,328.9614503229968,0.011940217576920986,1.0,1.0,1.0,1.0,1.7411568872243033e-05,1.03125,0.0,2.0,medium|hard|easy
test,0,3,45,32,0.5332601020054426,24.0664980430156,329.49529931298457,0.17581719160079956,0.9761904761904762,0.96875,0.9583333333333333,0.9660657476139979,1.740324594257179e-05,1.125,0.0,2.0,medium|hard|easy
test,0,3,46,32,0.5319604529940989,24.599092746997485,330.027893957973,0.18462640047073364,0.9375,0.9375,0.9375,0.9375,1.7394923012900544e-05,1.03125,0.0,2.0,easy|medium|hard
test,0,3,47,32,0.5327297390031163,25.132379131013295,330.56118037897977,0.4522395133972168,0.8650793650793651,0.875,0.8833333333333333,0.8704453441295547,1.73866000832293e-05,0.84375,0.0,2.0,easy|hard|medium
test,0,3,48,32,0.5320381930214353,25.66499287899933,331.0937941229786,0.29448801279067993,0.8916666666666666,0.90625,0.9069264069264069,0.8981972428419936,1.7378277153558054e-05,0.90625,0.0,2.0,medium|easy|hard
test,0,3,49,32,0.5319580340001266,26.197504060022766,331.62630531197647,0.16094087064266205,0.9333333333333333,0.9375,0.9473684210526316,0.9365079365079365,1.736995422388681e-05,0.78125,0.0,2.0,easy|medium|hard
test,0,3,50,32,0.5329118389927316,26.73095279801055,332.15975404399796,0.17152489721775055,0.9365079365079365,0.9375,0.9365079365079365,0.9365079365079365,1.7361631294215567e-05,1.15625,0.0,2.0,easy|hard|medium
test,0,3,51,32,0.533098493993748,27.264604073017836,332.6934053109726,0.30939728021621704,0.9333333333333333,0.9375,0.9473684210526316,0.9365079365079365,1.7353308364544323e-05,0.9375,0.0,2.0,medium|easy|hard
test,0,3,52,32,0.5315781210083514,27.796749027998885,333.22555027899216,0.06150909513235092,0.9666666666666667,0.96875,0.9722222222222222,0.9684729064039409,1.7344985434873078e-05,1.0,0.0,2.0,medium|hard|easy
test,0,3,53,32,0.533038002991816,28.33021832301165,333.7590195819794,0.5005284547805786,0.8531746031746033,0.84375,0.8490196078431372,0.8435972629521017,1.7336662505201833e-05,1.125,0.0,2.0,hard|medium|easy
test,0,3,54,32,0.5330107810150366,28.863684595009545,334.29248585598543,0.6194431185722351,0.8541666666666667,0.78125,0.7666666666666666,0.7624602332979851,1.7328339575530588e-05,1.0,0.0,2.0,medium|easy|hard
test,0,3,55,32,0.5317928600125015,29.396065790002467,334.8248671179754,0.34552478790283203,0.9089068825910931,0.90625,0.9007936507936507,0.9039039039039038,1.7320016645859343e-05,1.03125,0.0,2.0,easy|hard|medium
test,0,3,56,32,0.5327037580136675,29.929340415023034,335.35814167998615,0.18322989344596863,0.9333333333333333,0.9375,0.9473684210526316,0.9365079365079365,1.7311693716188102e-05,0.9375,0.0,2.0,hard|medium|easy
test,0,3,57,32,0.5329959529917687,30.46287712402409,335.8916783919849,0.14733591675758362,0.9523809523809523,0.9375,0.9230769230769231,0.9333333333333333,1.7303370786516857e-05,1.09375,0.0,2.0,hard|easy|medium
test,0,3,58,32,0.5318611919938121,30.99532223099959,336.4241234899964,0.11927038431167603,0.9473684210526316,0.9375,0.9333333333333333,0.9365079365079365,1.7295047856845612e-05,0.875,0.0,2.0,hard|easy|medium
test,0,3,59,32,0.5324240660120267,31.52829714701511,336.9570984210004,0.07880018651485443,0.9642857142857143,0.96875,0.9736842105263157,0.967967967967968,1.7286724927174367e-05,1.1875,0.0,2.0,hard|easy|medium
test,0,3,60,32,0.5325093739957083,32.0614061410015,337.4902074149868,0.0795760452747345,0.9736842105263157,0.96875,0.9642857142857143,0.967967967967968,1.7278401997503122e-05,0.9375,0.0,2.0,easy|medium|hard
test,0,3,61,32,0.5317224609898403,32.5936496060167,338.02245090098586,0.12457743287086487,0.8916666666666666,0.90625,0.9069264069264069,0.8981972428419936,1.7270079067831877e-05,0.90625,0.0,2.0,medium|easy|hard
test,0,3,62,32,0.5321946629846934,33.12637339401408,338.55517467399477,0.16064104437828064,0.9375,0.9375,0.9444444444444444,0.9372549019607843,1.7261756138160636e-05,1.09375,0.0,2.0,hard|easy|medium
test,0,3,63,32,0.533035217988072,33.65997458601487,339.08877584399306,0.047627098858356476,1.0,1.0,1.0,1.0,1.725343320848939e-05,0.84375,0.0,2.0,hard|easy|medium
test,0,3,64,32,0.531420932005858,34.19197161702323,339.6207728739828,0.21024605631828308,0.8666666666666667,0.875,0.8666666666666667,0.8666666666666667,1.7245110278818146e-05,1.25,0.0,2.0,hard|medium|easy
test,0,3,65,32,0.5308290620159823,34.72332073102007,340.15212194097694,0.2551899552345276,0.875,0.875,0.8809523809523809,0.8745098039215686,1.72367873491469e-05,1.28125,0.0,2.0,medium|hard|easy
test,0,3,66,32,0.5327377440116834,35.25661189999664,340.6854131749715,0.22641727328300476,0.9473684210526316,0.9375,0.9333333333333333,0.9365079365079365,1.7228464419475657e-05,1.09375,0.0,2.0,easy|hard|medium
test,0,3,67,32,0.5321249690023251,35.78920398102491,341.21800521199475,0.2757735252380371,0.9087301587301587,0.90625,0.903921568627451,0.9054187192118226,1.722014148980441e-05,1.25,0.0,2.0,medium|hard|easy
test,0,3,68,32,0.5316100979980547,36.321304617013084,341.75010587699944,0.2512848973274231,0.9523809523809523,0.9375,0.9230769230769231,0.9333333333333333,1.721181856013317e-05,1.09375,0.0,2.0,hard|medium|easy
test,0,3,69,32,0.532789553020848,36.854624682018766,342.28342595198774,0.1355549842119217,0.9736842105263157,0.96875,0.9642857142857143,0.967967967967968,1.7203495630461925e-05,1.03125,0.0,2.0,easy|hard|medium
test,0,3,70,32,0.5322148849954829,37.387386286020046,342.8161875679798,0.15915724635124207,0.9705882352941176,0.96875,0.96875,0.9687194525904204,1.719517270079068e-05,0.9375,0.0,2.0,medium|hard|easy
test,0,3,71,32,0.5312113990075886,37.919181296019815,343.347982553998,0.04554130882024765,1.0,1.0,1.0,1.0,1.7186849771119436e-05,1.09375,0.0,2.0,medium|easy|hard
test,0,3,72,32,0.5326492820167914,38.452373837004416,343.8811750889872,0.1325516700744629,0.903921568627451,0.90625,0.9087301587301587,0.9054187192118226,1.717852684144819e-05,1.0625,0.0,2.0,easy|medium|hard
test,0,3,73,32,0.5316965199890547,38.98464804299874,344.41344928197213,0.1759839653968811,0.903921568627451,0.90625,0.9087301587301587,0.9054187192118226,1.7170203911776946e-05,1.03125,0.0,2.0,medium|easy|hard
test,0,3,74,32,0.531519690004643,39.51671915402403,344.94552039998234,0.1667855679988861,0.9705882352941176,0.96875,0.96875,0.9687194525904204,1.7161880982105704e-05,1.1875,0.0,2.0,medium|hard|easy
test,0,3,75,32,0.5328146329848096,40.05014280200703,345.47894406097475,0.2136712223291397,0.907843137254902,0.90625,0.90625,0.906158357771261,1.715355805243446e-05,0.96875,0.0,2.0,easy|medium|hard
test,0,3,76,32,0.531796385999769,40.58251176401973,346.0113130149839,0.12997624278068542,0.9352226720647774,0.9375,0.9352226720647774,0.9352226720647774,1.714523512276321e-05,0.96875,0.0,2.0,hard|medium|easy
test,0,3,77,32,0.5318645229854155,41.11487644101726,346.54367773397826,0.042908091098070145,1.0,1.0,1.0,1.0,1.713691219309197e-05,0.90625,0.0,2.0,easy|medium|hard
test,0,3,78,32,0.5325840039877221,41.64790952199837,347.0767107239808,0.07539881765842438,0.9722222222222222,0.96875,0.9666666666666667,0.9684729064039409,1.7128589263420725e-05,0.84375,0.0,2.0,medium|easy|hard
test,0,3,79,32,0.5316760080168024,42.18005290502333,347.6088541589852,0.21183058619499207,0.9210526315789473,0.90625,0.90625,0.9054187192118226,1.7120266333749484e-05,0.78125,0.0,2.0,medium|easy|hard
test,0,3,80,32,0.5314855510077905,42.71204150200356,348.14084304199787,0.46183890104293823,0.9047619047619048,0.875,0.8666666666666667,0.8704453441295547,1.711194340407824e-05,1.09375,0.0,2.0,easy|medium|hard
test,0,3,81,32,0.5326356109871995,43.245222722005565,348.67402398597915,0.37170618772506714,0.903921568627451,0.90625,0.9087301587301587,0.9054187192118226,1.7103620474406994e-05,0.71875,0.0,2.0,easy|medium|hard
test,0,3,82,32,0.5326336430152878,43.778439693996916,349.2072408729873,0.25308680534362793,0.8967611336032388,0.90625,0.9083333333333333,0.9015384615384616,1.709529754473575e-05,1.15625,0.0,2.0,medium|easy|hard
test,0,3,83,32,0.5321624339849222,44.31108199802111,349.7398832399922,0.19874568283557892,0.9372549019607843,0.9375,0.9372549019607843,0.9372549019607843,1.7086974615064504e-05,1.0625,0.0,2.0,hard|medium|easy
test,0,3,84,32,0.532686343009118,44.84421280500828,350.2730140549829,0.08829739689826965,0.96875,0.96875,0.9705882352941176,0.9687194525904204,1.707865168539326e-05,1.09375,0.0,2.0,hard|easy|medium
test,0,3,85,32,0.5324184230121318,45.377147525025066,350.8059487819846,0.307233601808548,0.9333333333333333,0.9375,0.9473684210526316,0.9365079365079365,1.7070328755722018e-05,1.0,0.0,2.0,easy|hard|medium
test,0,3,86,32,0.5315821609983686,45.909315138007514,351.33811637497274,0.3137300908565521,0.8823529411764706,0.875,0.8947368421052632,0.8745098039215686,1.7062005826050773e-05,0.6875,0.0,2.0,easy|hard|medium
test,0,3,87,32,0.5325230520102195,46.44237329199677,351.8711745549808,0.18252435326576233,0.9007936507936507,0.90625,0.9089068825910931,0.9039039039039038,1.7053682896379528e-05,1.09375,0.0,2.0,medium|easy|hard
test,0,3,88,32,0.5322691359906457,46.975189306016546,352.40399056399474,0.13012143969535828,0.9365079365079365,0.9375,0.9365079365079365,0.9365079365079365,1.7045359966708283e-05,0.9375,0.0,2.0,medium|hard|easy
test,0,3,89,32,0.5312913169909734,47.50699347801856,352.93579476399464,0.3356039822101593,0.8416666666666667,0.84375,0.8319838056680162,0.8358974358974359,1.7037037037037038e-05,1.09375,0.0,2.0,medium|hard|easy
test,0,3,90,32,0.5331961969786789,48.04070539100212,353.469506651978,0.11971938610076904,0.90625,0.90625,0.9210526315789473,0.9054187192118226,1.7028714107365793e-05,1.0625,0.0,2.0,medium|hard|easy
test,0,3,91,32,0.5322866619972046,48.57355364601244,354.0023550159822,0.30460187792778015,0.925,0.90625,0.9,0.9039039039039038,1.7020391177694552e-05,1.03125,0.0,2.0,medium|easy|hard
test,0,3,92,32,0.5313131150032859,49.1053947340115,354.53419598797336,0.22118963301181793,0.907843137254902,0.90625,0.90625,0.906158357771261,1.7012068248023307e-05,1.03125,0.0,2.0,easy|hard|medium
test,0,3,93,32,0.53214313701028,49.6380457910127,355.06684735097224,0.23411306738853455,0.9210526315789473,0.90625,0.90625,0.9054187192118226,1.7003745318352062e-05,0.9375,0.0,2.0,easy|medium|hard
test,0,3,94,32,0.5321010810148437,50.17059243100812,355.59939369297354,0.2620528042316437,0.8809523809523809,0.875,0.875,0.8745098039215686,1.6995422388680817e-05,0.8125,0.0,2.0,hard|easy|medium
test,0,3,95,32,0.5315110449737404,50.702654316002736,356.131455566996,0.39855068922042847,0.8299595141700404,0.8125,0.8196078431372549,0.8117647058823529,1.6987099459009573e-05,0.8125,0.0,2.0,easy|hard|medium
test,0,3,96,32,0.5332569830061402,51.23645975900581,356.6652610159945,0.12837830185890198,0.9642857142857143,0.96875,0.9736842105263157,0.967967967967968,1.6978776529338328e-05,0.90625,0.0,2.0,easy|hard|medium
test,0,3,97,32,0.5326053369790316,51.769604608998634,357.1984058719827,0.26667866110801697,0.9166666666666667,0.875,0.8333333333333333,0.8545454545454545,1.6970453599667086e-05,1.09375,0.0,2.0,medium|easy|hard
test,0,3,98,32,0.531809173990041,52.30197018900071,357.7307714379858,0.19424878060817719,0.9045454545454545,0.90625,0.8852813852813852,0.893687707641196,1.696213066999584e-05,1.375,0.0,2.0,hard|medium|easy
test,0,3,99,32,0.5333599319856148,52.83594619302312,358.26474745597807,0.21342426538467407,0.9761904761904762,0.96875,0.9583333333333333,0.9660657476139979,1.6953807740324596e-05,1.0,0.0,2.0,easy|hard|medium
test,0,3,100,32,0.532294477976393,53.36879911800497,358.7976003669901,0.2694067358970642,0.9352226720647774,0.9375,0.9352226720647774,0.9352226720647774,1.694548481065335e-05,0.8125,0.0,2.0,hard|easy|medium
test,0,3,101,32,0.5314980119874235,53.900765843020054,359.329567105975,0.12155269086360931,0.9722222222222222,0.96875,0.9666666666666667,0.9684729064039409,1.6937161880982107e-05,0.90625,0.0,2.0,easy|hard|medium
test,0,3,102,32,0.5336396899947431,54.435018612013664,359.8638198709814,0.2156858742237091,0.9083333333333333,0.90625,0.8967611336032388,0.9015384615384616,1.6928838951310862e-05,0.96875,0.0,2.0,hard|easy|medium
test,0,3,103,32,0.5326003280060831,54.96816350001609,360.3969647679769,0.08017028868198395,1.0,1.0,1.0,1.0,1.692051602163962e-05,1.0625,0.0,2.0,medium|easy|hard
test,0,3,104,32,0.5313431800168473,55.50000714400085,360.9288084039872,0.09713426232337952,1.0,1.0,1.0,1.0,1.6912193091968376e-05,0.9375,0.0,2.0,hard|medium|easy
test,0,3,105,32,0.5328898930165451,56.03342762301327,361.46222923498135,0.22928118705749512,0.8947368421052632,0.875,0.8823529411764706,0.8745098039215686,1.690387016229713e-05,1.15625,0.0,2.0,easy|hard|medium
test,0,3,106,32,0.5320926500135101,56.566011028015055,361.99481231198297,0.08698053658008575,0.9615384615384616,0.96875,0.975,0.9671794871794872,1.6895547232625886e-05,0.9375,0.0,2.0,hard|medium|easy
test,0,3,107,32,0.5308868599822745,57.09740271299961,362.526203958987,0.24927255511283875,0.8705882352941177,0.875,0.8825910931174089,0.873015873015873,1.688722430295464e-05,1.0625,0.0,2.0,easy|hard|medium
test,0,3,108,32,0.5330205940117594,57.6308645310055,363.0596657799906,0.056377995759248734,1.0,1.0,1.0,1.0,1.6878901373283396e-05,1.125,0.0,2.0,medium|hard|easy
test,0,3,109,32,0.5324531789810862,58.16385621301015,363.59265746199526,0.2278083860874176,0.9117647058823529,0.90625,0.9166666666666667,0.906158357771261,1.6870578443612155e-05,1.0,0.0,2.0,medium|hard|easy
test,0,3,110,32,0.5309312609897461,58.695342040999094,364.12414330398315,0.4346127510070801,0.8253968253968254,0.8125,0.8253968253968254,0.8125,1.686225551394091e-05,0.78125,0.0,2.0,easy|hard|medium
test,0,3,111,32,0.533253997011343,59.22914328399929,364.6579445239913,0.366798460483551,0.8947368421052632,0.875,0.8823529411764706,0.8745098039215686,1.6853932584269665e-05,0.96875,0.0,2.0,easy|medium|hard
test,0,3,112,32,0.5321527970081661,59.76184386402019,365.1906451249961,0.17625558376312256,0.9,0.90625,0.925,0.9039039039039038,1.684560965459842e-05,0.875,0.0,2.0,medium|hard|easy
test,0,3,113,32,0.5312921639997512,60.29369181502261,365.7224930509983,0.04202885925769806,1.0,1.0,1.0,1.0,1.6837286724927175e-05,0.9375,0.0,2.0,easy|medium|hard
test,0,3,114,32,0.5329988859884907,60.82727792701917,366.25607921299525,0.2111860066652298,0.925,0.90625,0.9,0.9039039039039038,1.682896379525593e-05,1.03125,0.0,2.0,hard|medium|easy
test,0,3,115,32,0.5322746169986203,61.36007338901982,366.7888746529934,0.21933911740779877,0.9285714285714286,0.9375,0.95,0.9352226720647774,1.682064086558469e-05,0.84375,0.0,2.0,easy|hard|medium
test,0,3,116,32,0.5317016500048339,61.89231583601213,367.3211170869763,0.24942809343338013,0.9285714285714286,0.90625,0.8928571428571428,0.9015384615384616,1.6812317935913444e-05,1.125,0.0,2.0,hard|medium|easy
test,0,3,117,32,0.5333495309751015,62.42619990001549,367.8550011399784,0.20742443203926086,0.907843137254902,0.90625,0.90625,0.906158357771261,1.68039950062422e-05,1.0625,0.0,2.0,medium|hard|easy
test,0,3,118,32,0.5321884480072185,62.958916456002044,368.38771771799657,0.19170744717121124,0.9166666666666667,0.90625,0.9117647058823529,0.906158357771261,1.6795672076570954e-05,0.875,0.0,2.0,hard|easy|medium
test,0,3,119,32,0.5316830380179454,63.49119579300168,368.9199970479822,0.2700410485267639,0.9117647058823529,0.90625,0.9166666666666667,0.906158357771261,1.678734914689971e-05,0.96875,0.0,2.0,hard|medium|easy
test,0,3,120,32,0.5326450259890407,64.02436055801809,369.4531621139904,0.022553563117980957,1.0,1.0,1.0,1.0,1.6779026217228468e-05,0.78125,0.0,2.0,easy|hard|medium
test,0,3,121,32,0.5324665000080131,64.55734760401538,369.9861488499737,0.023294243961572647,1.0,1.0,1.0,1.0,1.6770703287557223e-05,1.25,0.0,2.0,hard|easy|medium
test,0,3,122,32,0.5321593319822568,65.09002753600362,370.51882879500045,0.18714028596878052,0.9365079365079365,0.9375,0.9365079365079365,0.9365079365079365,1.6762380357885978e-05,1.0625,0.0,2.0,hard|medium|easy
test,0,3,123,32,0.5325140669883694,65.62309786499827,371.0518991209974,0.4199773371219635,0.8916666666666666,0.90625,0.9069264069264069,0.8981972428419936,1.6754057428214733e-05,0.96875,0.0,2.0,medium|easy|hard
test,0,3,124,32,0.5323152619821485,66.15587815499748,371.5846794069803,0.2880987524986267,0.8745098039215686,0.875,0.8745098039215686,0.8745098039215686,1.674573449854349e-05,1.15625,0.0,2.0,hard|medium|easy
test,0,3,125,32,0.5324394810013473,66.68882982301875,372.11763108399464,0.08103589713573456,0.9523809523809523,0.9375,0.9230769230769231,0.9333333333333333,1.6737411568872244e-05,1.125,0.0,2.0,hard|easy|medium
test,0,3,126,32,0.5330977640114725,67.2224141159968,372.6512153179792,0.2636650800704956,0.9047619047619048,0.875,0.8666666666666667,0.8704453441295547,1.6729088639201002e-05,1.09375,0.0,2.0,medium|hard|easy
test,0,3,127,32,0.5317672230012249,67.75473231100477,373.183533509,0.04429278522729874,0.9736842105263157,0.96875,0.9642857142857143,0.967967967967968,1.6720765709529757e-05,0.9375,0.0,2.0,medium|easy|hard
test,0,3,128,32,0.5322366649925243,68.28749049099861,373.7162918429822,0.1529565304517746,0.9736842105263157,0.96875,0.9642857142857143,0.967967967967968,1.6712442779858512e-05,0.71875,0.0,2.0,hard|easy|medium
test,0,3,129,32,0.5327626890211832,68.82078983599786,374.249591091997,0.31059736013412476,0.9210526315789473,0.90625,0.90625,0.9054187192118226,1.6704119850187268e-05,1.3125,0.0,2.0,easy|hard|medium
test,0,3,130,32,0.5321982409805059,69.35350888001267,374.78231013397453,0.11134788393974304,0.9285714285714286,0.9375,0.95,0.9352226720647774,1.6695796920516023e-05,1.0625,0.0,2.0,medium|easy|hard
test,0,3,131,32,0.5317325869982596,69.88580974400975,375.3146112949762,0.14765684306621552,0.9642857142857143,0.96875,0.9736842105263157,0.967967967967968,1.6687473990844778e-05,1.0625,0.0,2.0,hard|medium|easy
test,0,3,132,32,0.5329631770146079,70.41929715900915,375.84809847699944,0.07700303196907043,0.9545454545454546,0.96875,0.9772727272727273,0.964562569213732,1.6679151061173536e-05,1.0,0.0,2.0,medium|easy|hard
test,0,3,133,32,0.532419316994492,70.95225420800853,376.3810555599921,0.26117604970932007,0.9444444444444444,0.9375,0.9375,0.9372549019607843,1.667082813150229e-05,0.90625,0.0,2.0,hard|medium|easy
test,0,3,134,32,0.5321398119849619,71.48494262099848,376.9137442679785,0.34111592173576355,0.875,0.875,0.8809523809523809,0.8745098039215686,1.6662505201831047e-05,1.15625,0.0,2.0,hard|medium|easy
test,0,3,135,32,0.5322791349899489,72.01776161201997,377.44656282599317,0.37174034118652344,0.9,0.90625,0.925,0.9039039039039038,1.6654182272159802e-05,0.84375,0.0,2.0,easy|medium|hard
test,0,3,136,32,0.5321690670098178,72.55051239201566,377.97931366798,0.3403133153915405,0.9333333333333333,0.9375,0.9473684210526316,0.9365079365079365,1.6645859342488557e-05,1.0625,0.0,2.0,medium|hard|easy
test,0,3,137,32,0.5322059470054228,73.0832581630093,378.5120594749751,0.4551105499267578,0.8947368421052632,0.875,0.8823529411764706,0.8745098039215686,1.6637536412817312e-05,0.6875,0.0,2.0,hard|easy|medium
test,0,3,138,32,0.5332030169956852,73.61692043300718,379.0457216759969,0.3074839413166046,0.9411764705882353,0.9375,0.9411764705882353,0.9375,1.662921348314607e-05,0.9375,0.0,2.0,hard|easy|medium
test,0,3,139,32,0.5325325549929403,74.15000209500431,379.5788033489953,0.31125134229660034,0.8967611336032388,0.90625,0.9083333333333333,0.9015384615384616,1.6620890553474826e-05,1.0625,0.0,2.0,easy|hard|medium
test,0,3,140,32,0.5323488129943144,74.68292160800775,380.1117228179937,0.05896114557981491,1.0,1.0,1.0,1.0,1.661256762380358e-05,1.28125,0.0,2.0,medium|hard|easy
test,0,3,141,32,0.5341978270153049,75.21771420902223,380.6465154919715,0.16680686175823212,0.95,0.9375,0.9285714285714286,0.9352226720647774,1.6604244694132336e-05,1.0,0.0,2.0,easy|hard|medium
test,0,3,142,32,0.5325918080052361,75.7509160960035,381.1797173669911,0.13856349885463715,0.9705882352941176,0.96875,0.96875,0.9687194525904204,1.659592176446109e-05,0.90625,0.0,2.0,hard|medium|easy
test,0,3,143,32,0.5327846409927588,76.28425611701095,381.7130573949835,0.45033562183380127,0.8947368421052632,0.875,0.8823529411764706,0.8745098039215686,1.6587598834789846e-05,0.90625,0.0,2.0,easy|medium|hard
test,0,3,144,32,0.5329669150232803,76.81777618802153,382.2465774579905,0.06994028389453888,1.0,1.0,1.0,1.0,1.6579275905118605e-05,1.09375,0.0,2.0,hard|medium|easy
test,0,3,145,32,0.5325515540025663,77.35088404102135,382.7796852919855,0.14540249109268188,0.95,0.9375,0.9285714285714286,0.9352226720647774,1.657095297544736e-05,1.0625,0.0,2.0,medium|hard|easy
test,0,3,146,32,0.5320886579866055,77.88352904599742,383.3123303359898,0.1535499095916748,0.9365079365079365,0.9375,0.9365079365079365,0.9365079365079365,1.6562630045776115e-05,1.0,0.0,2.0,hard|easy|medium
test,0,3,147,32,0.5328481949982233,78.41693380099605,383.8457350449753,0.11197725683450699,0.9722222222222222,0.96875,0.9666666666666667,0.9684729064039409,1.655430711610487e-05,1.0,0.0,2.0,easy|medium|hard
test,0,3,148,32,0.532464842981426,78.95000232500024,384.3788038879866,0.3079878091812134,0.9069264069264069,0.90625,0.8916666666666666,0.8981972428419936,1.6545984186433625e-05,0.96875,0.0,2.0,medium|hard|easy
test,0,3,149,32,0.5314438269997481,79.48200101900147,384.91080226399936,0.3057331442832947,0.9199999999999999,0.875,0.8181818181818181,0.8454106280193237,1.653766125676238e-05,0.84375,0.0,2.0,hard|easy|medium
test,0,3,150,32,0.5328243340190966,80.01544350400218,385.44424477699795,0.08779577910900116,1.0,1.0,1.0,1.0,1.652933832709114e-05,0.78125,0.0,2.0,easy|hard|medium
test,0,3,151,32,0.53252075202181,80.5484926860081,385.9772939279792,0.22279496490955353,0.8704453441295547,0.875,0.8704453441295547,0.8704453441295547,1.6521015397419894e-05,1.0,0.0,2.0,medium|hard|easy
test,0,3,152,32,0.5322711440094281,81.08132331402157,386.51012457199977,0.20583420991897583,0.8825910931174089,0.875,0.8705882352941177,0.873015873015873,1.651269246774865e-05,1.21875,0.0,2.0,hard|medium|easy
test,0,3,153,32,0.5327162150060758,81.61449288600124,387.0432941139734,0.23917321860790253,0.9285714285714286,0.9375,0.95,0.9352226720647774,1.6504369538077405e-05,0.96875,0.0,2.0,hard|easy|medium
test,0,3,154,32,0.532152417988982,82.14710673500667,387.5759079429845,0.24272258579730988,0.9210526315789473,0.90625,0.90625,0.9054187192118226,1.649604660840616e-05,1.125,0.0,2.0,easy|medium|hard
test,0,3,155,32,0.5318722430092748,82.67950811001356,388.10830937998253,0.3157767653465271,0.9,0.90625,0.925,0.9039039039039038,1.6487723678734918e-05,0.90625,0.0,2.0,easy|hard|medium
test,0,3,156,32,0.5329443009977695,83.21292260300834,388.641723875975,0.06534372270107269,1.0,1.0,1.0,1.0,1.6479400749063673e-05,1.1875,0.0,2.0,easy|hard|medium
test,0,3,157,32,0.5327033859794028,83.74623630801216,389.17503757899976,0.09920630604028702,0.9642857142857143,0.96875,0.9736842105263157,0.967967967967968,1.647107781939243e-05,1.125,0.0,2.0,hard|easy|medium
test,0,3,158,32,0.5316753630177118,84.2783978410007,389.70719920497504,0.12420153617858887,0.9473684210526316,0.9375,0.9333333333333333,0.9365079365079365,1.6462754889721184e-05,0.96875,0.0,2.0,easy|hard|medium
test,0,3,159,32,0.5328502810152713,84.81184275500709,390.240644149977,0.329327791929245,0.90625,0.90625,0.9210526315789473,0.9054187192118226,1.645443196004994e-05,1.03125,0.0,2.0,easy|hard|medium
test,0,3,160,32,0.5330156560230535,85.34532706200844,390.7741283069772,0.3961014747619629,0.8947368421052632,0.875,0.8823529411764706,0.8745098039215686,1.6446109030378694e-05,1.0625,0.0,2.0,easy|hard|medium
test,0,3,161,32,0.5323111299949232,85.87808041099925,391.3068816579762,0.17226922512054443,0.9736842105263157,0.96875,0.9642857142857143,0.967967967967968,1.6437786100707452e-05,0.90625,0.0,2.0,easy|hard|medium
test,0,3,162,32,0.5332336220017169,86.41182842900162,391.84062979900045,0.20856085419654846,0.9583333333333333,0.96875,0.9761904761904762,0.9660657476139979,1.6429463171036208e-05,1.09375,0.0,2.0,easy|medium|hard
test,0,3,163,32,0.5328203609969933,86.9452621829987,392.37406344298506,0.20791864395141602,0.90625,0.90625,0.907843137254902,0.906158357771261,1.6421140241364963e-05,0.875,0.0,2.0,medium|easy|hard
test,0,3,164,32,0.5322570279822685,87.47793385302066,392.90673509499175,0.1066221296787262,0.95,0.9375,0.9285714285714286,0.9352226720647774,1.6412817311693718e-05,0.96875,0.0,2.0,hard|medium|easy
test,0,3,165,32,0.532893616007641,88.01133436601958,393.44013560697204,0.16569116711616516,0.9365079365079365,0.9375,0.9365079365079365,0.9365079365079365,1.6404494382022473e-05,0.71875,0.0,2.0,easy|medium|hard
test,0,3,166,32,0.532758607994765,88.5446286740189,393.97342993997154,0.03374016284942627,1.0,1.0,1.0,1.0,1.6396171452351228e-05,0.9375,0.0,2.0,easy|medium|hard
test,0,3,167,32,0.5325939709728118,89.07766128602088,394.5064625359955,0.07774104923009872,1.0,1.0,1.0,1.0,1.6387848522679987e-05,1.125,0.0,2.0,easy|hard|medium
test,0,3,168,32,0.5332313129911199,89.6113506499969,395.04015191897633,0.10197211802005768,0.9705882352941176,0.96875,0.96875,0.9687194525904204,1.6379525593008742e-05,1.3125,0.0,2.0,hard|easy|medium
test,0,3,169,32,0.5330071590142325,90.14487798602204,395.57367924498976,0.23548050224781036,0.9375,0.9375,0.9444444444444444,0.9372549019607843,1.6371202663337497e-05,1.28125,0.0,2.0,hard|easy|medium
test,0,3,170,32,0.5319469610112719,90.67733633500757,396.10613758699037,0.22868120670318604,0.8928571428571428,0.90625,0.9285714285714286,0.9015384615384616,1.6362879733666252e-05,0.84375,0.0,2.0,medium|easy|hard
test,0,3,171,32,0.5333073819929268,91.2111084490025,396.6399097509857,0.29550042748451233,0.8411764705882353,0.84375,0.8452380952380952,0.8423645320197044,1.6354556803995007e-05,1.1875,0.0,2.0,easy|hard|medium
test,0,3,172,32,0.5323460740037262,91.74403275302029,397.17283400299493,0.259357750415802,0.8745098039215686,0.875,0.8745098039215686,0.8745098039215686,1.6346233874323762e-05,1.0,0.0,2.0,hard|easy|medium
test,0,3,173,32,0.5323953100014478,92.2769654620206,397.705766700994,0.7174545526504517,0.75,0.75,0.753968253968254,0.7490196078431373,1.633791094465252e-05,0.9375,0.0,2.0,hard|easy|medium
test,0,3,174,32,0.5329195850063115,92.81048655000632,398.239287822973,0.44357597827911377,0.875,0.875,0.8809523809523809,0.8745098039215686,1.6329588014981276e-05,1.125,0.0,2.0,medium|easy|hard
test,0,3,175,32,0.5325184630055446,93.34350666200044,398.7723079129937,0.024455755949020386,1.0,1.0,1.0,1.0,1.632126508531003e-05,1.1875,0.0,2.0,medium|easy|hard
test,0,3,176,32,0.5324467199970968,93.8764860049996,399.30528727397905,0.21005287766456604,0.9333333333333333,0.9375,0.9333333333333333,0.9333333333333333,1.6312942155638786e-05,0.9375,0.0,2.0,medium|hard|easy
test,0,3,177,32,0.5337924350169487,94.41078310800367,399.83958434397937,0.17836521565914154,0.9372549019607843,0.9375,0.9372549019607843,0.9372549019607843,1.630461922596754e-05,1.375,0.0,2.0,hard|medium|easy
test,0,3,178,32,0.5326612520148046,94.94407743201009,400.3728787059954,0.0862995982170105,0.9372549019607843,0.9375,0.9372549019607843,0.9372549019607843,1.6296296296296297e-05,1.15625,0.0,2.0,medium|hard|easy
test,0,3,179,32,0.5318709459970705,95.47651526299887,400.9053165249934,0.16344857215881348,0.9615384615384616,0.96875,0.975,0.9671794871794872,1.6287973366625055e-05,0.71875,0.0,2.0,medium|easy|hard
test,0,3,180,32,0.5326542679977138,96.00970105201122,401.43850253499113,0.1570909321308136,0.90625,0.90625,0.907843137254902,0.906158357771261,1.627965043695381e-05,0.78125,0.0,2.0,easy|hard|medium
test,0,3,181,32,0.5323987339797895,96.54262998700142,401.9714312449796,0.15991923213005066,0.975,0.96875,0.9615384615384616,0.9671794871794872,1.6271327507282565e-05,0.875,0.0,2.0,easy|hard|medium
test,0,3,182,32,0.5317115939978976,97.07481276401086,402.50361397798406,0.07174679636955261,1.0,1.0,1.0,1.0,1.626300457761132e-05,0.5625,0.0,2.0,easy|hard|medium
test,0,3,183,32,0.5330309309938457,97.60839047000627,403.0371917159937,0.14432671666145325,0.9285714285714286,0.90625,0.8928571428571428,0.9015384615384616,1.6254681647940076e-05,0.96875,0.0,2.0,medium|hard|easy
test,0,3,184,32,0.5326522660034243,98.14146096102195,403.5702622089884,0.1626780927181244,0.96875,0.96875,0.9705882352941176,0.9687194525904204,1.624635871826883e-05,1.0,0.0,2.0,medium|hard|easy
test,0,3,185,32,0.5322461289761122,98.67426992801484,404.1030711809872,0.15293362736701965,0.9285714285714286,0.9375,0.95,0.9352226720647774,1.623803578859759e-05,1.125,0.0,2.0,medium|hard|easy
test,0,3,186,32,0.5330433039925992,99.20785869599786,404.63665993197355,0.2785370349884033,0.9007936507936507,0.90625,0.9089068825910931,0.9039039039039038,1.6229712858926345e-05,1.09375,0.0,2.0,easy|hard|medium
test,0,3,187,32,0.5329604400030803,99.74136878902209,405.17017005599337,0.27227920293807983,0.875,0.875,0.875,0.875,1.62213899292551e-05,1.0,0.0,2.0,easy|hard|medium
test,0,3,188,32,0.5331037449941505,100.27507183200214,405.7038731039793,0.3002662658691406,0.8809523809523809,0.875,0.875,0.8745098039215686,1.6213066999583855e-05,0.8125,0.0,2.0,medium|easy|hard
test,0,3,189,32,0.5327677820168901,100.8082854039967,406.23708665999584,0.08839721977710724,0.9583333333333333,0.96875,0.9761904761904762,0.9660657476139979,1.620474406991261e-05,1.125,0.0,2.0,easy|medium|hard
test,0,3,190,32,0.5325884820194915,101.34142561501358,406.77022686897544,0.19106057286262512,0.8967611336032388,0.90625,0.9083333333333333,0.9015384615384616,1.619642114024137e-05,1.03125,0.0,2.0,easy|hard|medium
test,0,3,191,32,0.5317802179779392,101.87375836400315,407.3025596169755,0.07630985975265503,1.0,1.0,1.0,1.0,1.6188098210570124e-05,0.90625,0.0,2.0,easy|medium|hard
test,0,3,192,32,0.5330326939874794,102.4073380890186,407.8361393569794,0.11656130850315094,0.9615384615384616,0.96875,0.975,0.9671794871794872,1.617977528089888e-05,1.09375,0.0,2.0,easy|medium|hard
test,0,3,193,32,0.5320336250006221,102.93990200001281,408.368703257991,0.05975475534796715,1.0,1.0,1.0,1.0,1.6171452351227634e-05,0.875,0.0,2.0,medium|hard|easy
test,0,3,194,32,0.5318637290038168,103.47229319400503,408.9010946059716,0.13128191232681274,0.9372549019607843,0.9375,0.9372549019607843,0.9372549019607843,1.616312942155639e-05,1.03125,0.0,2.0,medium|hard|easy
test,0,3,195,32,0.5331907810177654,104.0060237540165,409.4348250209878,0.11264406144618988,0.9444444444444444,0.9375,0.9375,0.9372549019607843,1.6154806491885144e-05,1.0625,0.0,2.0,medium|easy|hard
test,0,3,196,32,0.5337683280231431,104.54029167900444,409.96909291899647,0.06156609207391739,1.0,1.0,1.0,1.0,1.6146483562213903e-05,0.96875,0.0,2.0,easy|medium|hard
test,0,3,197,32,0.5317979349929374,105.07264396900428,410.5014452339965,0.2885546386241913,0.9117647058823529,0.90625,0.9166666666666667,0.906158357771261,1.6138160632542658e-05,1.0625,0.0,2.0,hard|easy|medium
test,0,3,198,32,0.5333354489994235,105.60649082899909,411.03529229198466,0.13285937905311584,0.903921568627451,0.90625,0.9087301587301587,0.9054187192118226,1.6129837702871413e-05,1.3125,0.0,2.0,easy|hard|medium
test,0,3,199,32,0.5329180880216882,106.13996381900506,411.5687650269829,0.13183319568634033,0.9375,0.9375,0.9375,0.9375,1.6121514773200168e-05,1.15625,0.0,2.0,hard|medium|easy
test,0,3,200,32,0.5322013330005575,106.67261662200326,412.101417998987,0.12677830457687378,0.9761904761904762,0.96875,0.9583333333333333,0.9660657476139979,1.6113191843528923e-05,1.21875,0.0,2.0,easy|hard|medium
test,0,3,201,32,0.5329360849864315,107.20614191901404,412.634943514975,0.14458535611629486,0.90625,0.90625,0.907843137254902,0.906158357771261,1.610486891385768e-05,1.1875,0.0,2.0,medium|easy|hard
test,0,3,202,32,0.5324249980039895,107.73913333300152,413.1679345779994,0.11639701575040817,0.9736842105263157,0.96875,0.9642857142857143,0.967967967967968,1.6096545984186437e-05,0.96875,0.0,2.0,hard|easy|medium
test,0,3,203,32,0.532162777002668,108.27179861700279,413.700599881995,0.044573698192834854,1.0,1.0,1.0,1.0,1.6088223054515192e-05,0.90625,0.0,2.0,hard|easy|medium
test,0,3,204,32,0.5327523399901111,108.80513959602104,414.2339411979774,0.12974748015403748,0.9545454545454546,0.9375,0.9166666666666667,0.9307359307359306,1.6079900124843947e-05,0.78125,0.0,2.0,medium|easy|hard
test,0,3,205,32,0.5333313680021092,109.33896657000878,414.76776787199196,0.09935252368450165,0.9722222222222222,0.96875,0.9666666666666667,0.9684729064039409,1.6071577195172702e-05,1.03125,0.0,2.0,easy|medium|hard
test,0,3,206,32,0.5320363589853514,109.87152501899982,415.30032648099586,0.08942648768424988,0.9333333333333333,0.9375,0.9473684210526316,0.9365079365079365,1.6063254265501457e-05,1.0625,0.0,2.0,easy|hard|medium
test,0,3,207,32,0.5328877980064135,110.40487134200521,415.8336726089765,0.17178678512573242,0.9375,0.9375,0.9444444444444444,0.9372549019607843,1.6054931335830213e-05,1.125,0.0,2.0,medium|hard|easy
test,0,3,208,32,0.532022750005126,110.93749303900404,416.36629428798915,0.14071792364120483,0.9642857142857143,0.96875,0.9736842105263157,0.967967967967968,1.604660840615897e-05,0.84375,0.0,2.0,medium|easy|hard
test,0,3,209,32,0.5323644999880344,111.4703585160023,416.89915978198405,0.34120601415634155,0.9089068825910931,0.90625,0.9007936507936507,0.9039039039039038,1.6038285476487726e-05,1.15625,0.0,2.0,medium|easy|hard
test,0,3,210,32,0.5334211089939345,112.00436233601067,417.43316359299934,0.3019481599330902,0.9087301587301587,0.90625,0.903921568627451,0.9054187192118226,1.602996254681648e-05,0.90625,0.0,2.0,medium|hard|easy
test,0,3,211,32,0.5326885499816854,112.53754097901401,417.9663422079757,0.5136919021606445,0.8531746031746033,0.84375,0.8490196078431372,0.8435972629521017,1.6021639617145237e-05,1.28125,0.0,2.0,easy|hard|medium
test,0,3,212,32,0.5323116300278343,113.07042355599697,418.4992248059716,0.2690759301185608,0.90625,0.90625,0.907843137254902,0.906158357771261,1.6013316687473992e-05,1.15625,0.0,2.0,medium|hard|easy
test,0,3,213,32,0.5325067290104926,113.60350194602506,419.0323031829903,0.14083454012870789,0.9307359307359306,0.9375,0.9307359307359306,0.9307359307359306,1.6004993757802747e-05,0.84375,0.0,2.0,hard|medium|easy
test,0,3,214,32,0.5333473069767933,114.13730437401682,419.5661056569952,0.23835289478302002,0.907843137254902,0.90625,0.90625,0.906158357771261,1.5996670828131505e-05,1.25,0.0,2.0,hard|easy|medium
test,0,3,215,32,0.532330821006326,114.67021770699648,420.09901899198303,0.42871642112731934,0.8531746031746033,0.84375,0.8490196078431372,0.8435972629521017,1.598834789846026e-05,1.25,0.0,2.0,hard|easy|medium
test,0,3,216,32,0.5329918369825464,115.20367056500982,420.6324718189717,0.14396992325782776,0.9375,0.9375,0.9444444444444444,0.9372549019607843,1.5980024968789016e-05,0.8125,0.0,2.0,easy|medium|hard
test,0,3,217,32,0.5324615169956814,115.73668615499628,421.16548741498264,0.22500041127204895,0.8650793650793651,0.875,0.8833333333333333,0.8704453441295547,1.597170203911777e-05,1.125,0.0,2.0,easy|hard|medium
test,0,3,218,32,0.5321945569885429,116.26944829200511,421.698249552981,0.17653416097164154,0.903921568627451,0.90625,0.9087301587301587,0.9054187192118226,1.5963379109446526e-05,0.96875,0.0,2.0,medium|easy|hard
test,0,3,219,32,0.5327034000074491,116.80272808900918,422.2315293469874,0.3609820604324341,0.8705882352941177,0.875,0.8825910931174089,0.873015873015873,1.595505617977528e-05,1.125,0.0,2.0,hard|easy|medium
test,0,3,220,32,0.5326156130176969,117.33587927999906,422.7646807599813,0.17103439569473267,0.9473684210526316,0.9375,0.9333333333333333,0.9365079365079365,1.594673325010404e-05,1.0,0.0,2.0,easy|medium|hard
test,0,3,221,32,0.5322061610058881,117.8686812200176,423.2974827089929,0.0839691013097763,0.9545454545454546,0.96875,0.9772727272727273,0.964562569213732,1.5938410320432795e-05,0.9375,0.0,2.0,easy|hard|medium
test,0,3,222,32,0.5327146110066678,118.40192085201852,423.83072208298836,0.141481414437294,0.9473684210526316,0.9375,0.9333333333333333,0.9365079365079365,1.593008739076155e-05,0.75,0.0,2.0,easy|medium|hard
test,0,3,223,32,0.5324360509985127,118.93495807200088,424.363759320986,0.2037769854068756,0.9375,0.9375,0.9444444444444444,0.9372549019607843,1.5921764461090305e-05,1.25,0.0,2.0,easy|hard|medium
test,0,3,224,32,0.5320038589998148,119.46748519301764,424.89628642899333,0.21665018796920776,0.9210526315789473,0.90625,0.90625,0.9054187192118226,1.591344153141906e-05,0.875,0.0,2.0,hard|medium|easy
test,0,3,225,32,0.533067453012336,120.00107663800009,425.42987788599567,0.41026437282562256,0.8745098039215686,0.875,0.8745098039215686,0.8745098039215686,1.590511860174782e-05,1.03125,0.0,2.0,hard|easy|medium
test,0,3,226,32,0.5328359080012888,120.534406974999,425.9632082269818,0.30938518047332764,0.8441295546558705,0.84375,0.8373015873015872,0.8398398398398399,1.5896795672076574e-05,1.125,0.0,2.0,easy|hard|medium
test,0,3,227,32,0.5318180049944203,121.06680485702236,426.4956061169796,0.11540497839450836,1.0,1.0,1.0,1.0,1.588847274240533e-05,0.9375,0.0,2.0,easy|hard|medium
test,0,3,228,32,0.5326115189818665,121.59994424201432,427.02874549798435,0.061998143792152405,1.0,1.0,1.0,1.0,1.5880149812734084e-05,0.78125,0.0,2.0,medium|easy|hard
test,0,3,229,32,0.5331630370055791,122.13371728701168,427.562518560997,0.3239813446998596,0.8411764705882353,0.84375,0.8452380952380952,0.8423645320197044,1.587182688306284e-05,0.84375,0.0,2.0,easy|hard|medium
test,0,3,230,32,0.5319108809926547,122.66620219900506,428.09500344999833,0.3640938699245453,0.8888888888888888,0.875,0.8888888888888888,0.875,1.5863503953391594e-05,0.78125,0.0,2.0,hard|easy|medium
test,0,3,231,32,0.5327836869983003,123.19942099202308,428.6282222479931,0.14720141887664795,0.9565217391304348,0.9375,0.9090909090909092,0.9272727272727272,1.5855181023720353e-05,0.8125,0.0,2.0,medium|hard|easy
test,0,3,232,32,0.5335722839809023,123.73348645999795,429.1622877159971,0.16113406419754028,0.9545454545454546,0.9375,0.9166666666666667,0.9307359307359306,1.5846858094049108e-05,0.9375,0.0,2.0,medium|easy|hard
test,0,3,233,32,0.5325208950089291,124.26655339100398,429.6953546409786,0.12521713972091675,0.9705882352941176,0.96875,0.96875,0.9687194525904204,1.5838535164377863e-05,1.1875,0.0,2.0,easy|hard|medium
test,0,3,234,32,0.5329889869899489,124.79997977201128,430.22878105097334,0.2219737023115158,0.9333333333333333,0.9375,0.9473684210526316,0.9365079365079365,1.583021223470662e-05,0.9375,0.0,2.0,easy|medium|hard
test,0,3,235,32,0.5327925060119014,125.3333054179966,430.7621066889842,0.10108578950166702,0.9722222222222222,0.96875,0.9666666666666667,0.9684729064039409,1.5821889305035374e-05,0.9375,0.0,2.0,medium|hard|easy
test,0,3,236,32,0.5320503289985936,125.86584823401063,431.294649516989,0.0520724393427372,0.9782608695652174,0.96875,0.95,0.9625730994152046,1.581356637536413e-05,1.15625,0.0,2.0,hard|easy|medium
test,0,3,237,32,0.5326141620171256,126.39897749901866,431.82777875399916,0.09408115595579147,0.9736842105263157,0.96875,0.9642857142857143,0.967967967967968,1.5805243445692887e-05,0.9375,0.0,2.0,easy|medium|hard
test,0,3,238,32,0.5329946999845561,126.93247172201518,432.3612729989982,0.1476975381374359,0.96875,0.96875,0.9705882352941176,0.9687194525904204,1.5796920516021642e-05,0.75,0.0,2.0,easy|medium|hard
test,0,3,239,32,0.532022720988607,127.46506334401784,432.89386459899833,0.2494056224822998,0.9444444444444444,0.9375,0.9375,0.9372549019607843,1.5788597586350397e-05,1.0625,0.0,2.0,easy|hard|medium
test,0,3,240,32,0.532895345997531,127.99848620701232,433.4272874609742,0.07117988169193268,0.9642857142857143,0.96875,0.9736842105263157,0.967967967967968,1.5780274656679153e-05,1.0,0.0,2.0,hard|medium|easy
test,0,3,241,32,0.5325595410249662,128.53159332301584,433.9603945769777,0.19858033955097198,0.907843137254902,0.90625,0.90625,0.906158357771261,1.5771951727007908e-05,0.8125,0.0,2.0,medium|easy|hard
test,0,3,242,32,0.5319789089844562,129.0641456989979,434.49294696198194,0.27099186182022095,0.9372549019607843,0.9375,0.9372549019607843,0.9372549019607843,1.5763628797336663e-05,1.09375,0.0,2.0,easy|hard|medium
test,0,3,243,32,0.53283879099763,129.59749219802325,435.026293435978,0.1322309523820877,0.9642857142857143,0.96875,0.9736842105263157,0.967967967967968,1.575530586766542e-05,1.15625,0.0,2.0,medium|easy|hard
test,0,3,244,32,0.5338215640222188,130.131849316007,435.56065081999986,0.06168021634221077,1.0,1.0,1.0,1.0,1.5746982937994177e-05,0.9375,0.0,2.0,medium|easy|hard
test,0,3,245,32,0.5319163359818049,130.66435607301537,436.0931573409762,0.18580543994903564,0.9333333333333333,0.9375,0.9333333333333333,0.9333333333333333,1.573866000832293e-05,0.875,0.0,2.0,easy|hard|medium
test,0,3,246,32,0.5327970710059162,131.19762114199693,436.62642240698915,0.07719244807958603,0.9736842105263157,0.96875,0.9642857142857143,0.967967967967968,1.5730337078651687e-05,0.84375,0.0,2.0,medium|easy|hard
test,0,3,247,32,0.5327506059838925,131.73082492902176,437.159626188979,0.040618300437927246,1.0,1.0,1.0,1.0,1.5722014148980442e-05,1.15625,0.0,2.0,hard|easy|medium
test,0,3,248,32,0.5321841090044472,132.2635797620169,437.692381093977,0.2937244772911072,0.9087301587301587,0.90625,0.903921568627451,0.9054187192118226,1.5713691219309197e-05,1.0625,0.0,2.0,easy|medium|hard
test,0,3,249,32,0.5327438870153856,132.79684959401493,438.22565091997967,0.19682350754737854,0.90625,0.90625,0.9210526315789473,0.9054187192118226,1.5705368289637956e-05,1.0,0.0,2.0,easy|medium|hard
test,0,3,250,32,0.533104436006397,133.33042634901358,438.75922760597314,0.02153150364756584,1.0,1.0,1.0,1.0,1.569704535996671e-05,0.84375,0.0,2.0,hard|medium|easy
test,0,3,251,32,0.5325395709951408,133.86352959202486,439.29233108999324,0.09361797571182251,0.96875,0.96875,0.9705882352941176,0.9687194525904204,1.5688722430295466e-05,0.96875,0.0,2.0,hard|easy|medium
test,0,3,252,32,0.5328615579928737,134.39695596400998,439.8257572769944,0.1554882824420929,0.9705882352941176,0.96875,0.96875,0.9687194525904204,1.568039950062422e-05,0.8125,0.0,2.0,medium|easy|hard
test,0,3,253,32,0.5328014559927396,134.93031307699857,440.3591143319791,0.03711681813001633,0.9761904761904762,0.96875,0.9583333333333333,0.9660657476139979,1.5672076570952976e-05,0.84375,0.0,2.0,hard|easy|medium
test,0,3,254,32,0.5322575579921249,135.4631567610195,440.89195801498136,0.1546347439289093,0.9333333333333333,0.9375,0.9473684210526316,0.9365079365079365,1.566375364128173e-05,1.25,0.0,2.0,hard|easy|medium
test,0,3,255,32,0.5329536589852069,135.99668185200426,441.4254831359722,0.13272206485271454,0.9545454545454546,0.9375,0.9166666666666667,0.9307359307359306,1.565543071161049e-05,0.96875,0.0,2.0,medium|hard|easy
test,0,3,256,32,0.5324728660052642,136.5297850080242,441.9585862699896,0.19843199849128723,0.9736842105263157,0.96875,0.9642857142857143,0.967967967967968,1.5647107781939245e-05,0.71875,0.0,2.0,easy|medium|hard
test,0,3,257,32,0.5321805370040238,137.06249218800804,442.4912934569875,0.016125287860631943,1.0,1.0,1.0,1.0,1.5638784852268e-05,1.03125,0.0,2.0,hard|easy|medium
test,0,3,258,32,0.5331407010089606,137.59618887500255,443.024990150996,0.03914988785982132,0.9736842105263157,0.96875,0.9642857142857143,0.967967967967968,1.5630461922596755e-05,0.96875,0.0,2.0,easy|medium|hard
test,0,3,259,32,0.5322636729979422,138.1290169720014,443.557818235975,0.04554207995533943,1.0,1.0,1.0,1.0,1.562213899292551e-05,0.875,0.0,2.0,easy|medium|hard
test,0,3,260,32,0.5313558850029949,138.66089702700265,444.0896985619911,0.21076229214668274,0.875,0.875,0.8809523809523809,0.8745098039215686,1.5613816063254266e-05,0.75,0.0,2.0,easy|medium|hard
test,0,3,261,32,0.5328607530100271,139.194195226999,444.62299642298603,0.0898294597864151,0.9666666666666667,0.96875,0.9722222222222222,0.9684729064039409,1.5605493133583024e-05,0.875,0.0,2.0,medium|hard|easy
test,0,3,262,32,0.5329460579960141,139.72772113300744,445.1565224189835,0.1487281322479248,0.9007936507936507,0.90625,0.9089068825910931,0.9039039039039038,1.559717020391178e-05,1.09375,0.0,2.0,medium|hard|easy
test,0,3,263,32,0.5320129439933226,140.2606438290095,445.68944508198183,0.008367715403437614,1.0,1.0,1.0,1.0,1.5588847274240534e-05,1.21875,0.0,2.0,hard|easy|medium
test,0,3,264,32,0.5326000729983207,140.79374128900236,446.2225425619981,0.4335697591304779,0.8411764705882353,0.84375,0.8452380952380952,0.8423645320197044,1.558052434456929e-05,0.78125,0.0,2.0,easy|medium|hard
test,0,3,265,32,0.532889788999455,141.32712282802095,446.7559240819828,0.12423727661371231,0.9642857142857143,0.96875,0.9736842105263157,0.967967967967968,1.5572201414898045e-05,1.1875,0.0,2.0,hard|easy|medium
test,0,3,266,32,0.5318261549982708,141.85943700300413,447.2882386619749,0.4751231372356415,0.875,0.875,0.8809523809523809,0.8745098039215686,1.5563878485226803e-05,1.0625,0.0,2.0,easy|medium|hard
test,0,3,267,17,0.3208515440055635,142.18073315001675,447.6095343979832,0.15077492594718933,0.8785714285714286,0.8823529411764706,0.8785714285714286,0.8785714285714286,1.555555555555556e-05,1.3529411554336548,0.0,2.0,hard|easy|medium
test,0,4,1,32,0.5339859069790691,0.6169052040204406,458.7612942449923,0.023617034777998924,1.0,1.0,1.0,1.0,1.5547232625884313e-05,1.09375,0.0,2.0,medium|easy|hard
test,0,4,2,32,0.5309739829972386,1.1486428630014416,459.293027170992,0.03383182734251022,1.0,1.0,1.0,1.0,1.553890969621307e-05,1.03125,0.0,2.0,medium|easy|hard
test,0,4,3,32,0.5321615480061155,1.6813063150038943,459.82569064598647,0.3674864172935486,0.875,0.875,0.875,0.875,1.5530586766541824e-05,0.875,0.0,2.0,medium|hard|easy
test,0,4,4,32,0.5324515220127068,2.214280165004311,460.35866446897853,0.35795858502388,0.907843137254902,0.90625,0.90625,0.906158357771261,1.552226383687058e-05,0.90625,0.0,2.0,medium|hard|easy
test,0,4,5,32,0.5313306049793027,2.7461577689973637,460.8905420699739,0.23354996740818024,0.9411764705882353,0.9375,0.9411764705882353,0.9375,1.5513940907199337e-05,1.0,0.0,2.0,hard|medium|easy
test,0,4,6,32,0.5325819739955477,3.279317169013666,461.4237014569808,0.019160037860274315,1.0,1.0,1.0,1.0,1.5505617977528093e-05,1.03125,0.0,2.0,easy|hard|medium
test,0,4,7,32,0.5320634009840433,3.8119181439979,461.9563024279778,0.09623470902442932,0.9333333333333333,0.9375,0.9473684210526316,0.9365079365079365,1.5497295047856848e-05,1.03125,0.0,2.0,easy|medium|hard
test,0,4,8,32,0.5316978759947233,4.344161742017604,462.4885460259975,0.05534679442644119,0.9722222222222222,0.96875,0.9666666666666667,0.9684729064039409,1.5488972118185603e-05,1.0,0.0,2.0,medium|hard|easy
test,0,4,9,32,0.5326346470101271,4.877326685003936,463.02171100198757,0.00553617300465703,1.0,1.0,1.0,1.0,1.5480649188514358e-05,0.96875,0.0,2.0,easy|medium|hard
test,0,4,10,32,0.5316223569971044,5.409450324019417,463.5538346199901,0.06516505032777786,0.975,0.96875,0.9615384615384616,0.9671794871794872,1.5472326258843113e-05,1.03125,0.0,2.0,medium|hard|easy
test,0,4,11,32,0.5315934309910517,5.941527962015243,464.08591226598946,0.2510306239128113,0.9444444444444444,0.9375,0.9375,0.9372549019607843,1.546400332917187e-05,0.8125,0.0,2.0,medium|easy|hard
test,0,4,12,32,0.5330492079956457,6.475009956018766,464.61939425597666,0.00471105333417654,1.0,1.0,1.0,1.0,1.5455680399500627e-05,1.09375,0.0,2.0,medium|hard|easy
test,0,4,13,32,0.5317340559849981,7.007297391013708,465.15168168998207,0.2599790096282959,0.907843137254902,0.90625,0.90625,0.906158357771261,1.5447357469829382e-05,1.15625,0.0,2.0,medium|easy|hard
test,0,4,14,32,0.53160081198439,7.5394155330141075,465.6837998389965,0.061585959047079086,0.9736842105263157,0.96875,0.9642857142857143,0.967967967967968,1.5439034540158137e-05,1.1875,0.0,2.0,hard|easy|medium
test,0,4,15,32,0.5324383080005646,8.072380719997454,466.2167650309857,0.18292634189128876,0.9642857142857143,0.96875,0.9736842105263157,0.967967967967968,1.5430711610486892e-05,0.78125,0.0,2.0,medium|easy|hard
test,0,4,16,32,0.5320328100060578,8.604971138003748,466.7493554209941,0.1833665817975998,0.96875,0.96875,0.9705882352941176,0.9687194525904204,1.5422388680815647e-05,1.15625,0.0,2.0,medium|hard|easy
test,0,4,17,32,0.5314964129938744,9.13709069302422,467.28147499798797,0.10063327848911285,0.9722222222222222,0.96875,0.9666666666666667,0.9684729064039409,1.5414065751144406e-05,0.9375,0.0,2.0,hard|medium|easy
test,0,4,18,32,0.5322260220127646,9.66978704201756,467.8141713459918,0.10800667107105255,0.95,0.9375,0.9285714285714286,0.9352226720647774,1.540574282147316e-05,0.90625,0.0,2.0,medium|easy|hard
test,0,4,19,32,0.5324591690150555,10.202782227017451,468.34716652397765,0.08661901950836182,0.9722222222222222,0.96875,0.9666666666666667,0.9684729064039409,1.5397419891801916e-05,1.0,0.0,2.0,hard|easy|medium
test,0,4,20,32,0.5312905829923693,10.73462158802431,468.8790058779996,0.009338848292827606,1.0,1.0,1.0,1.0,1.538909696213067e-05,0.9375,0.0,2.0,medium|easy|hard
test,0,4,21,32,0.5305364039959386,11.265620199003024,469.4100045419764,0.18071666359901428,0.9642857142857143,0.96875,0.9736842105263157,0.967967967967968,1.5380774032459426e-05,0.84375,0.0,2.0,easy|medium|hard
test,0,4,22,32,0.5322010930103716,11.798367809009505,469.94275210399064,0.042089711874723434,0.975,0.96875,0.9615384615384616,0.9671794871794872,1.537245110278818e-05,0.96875,0.0,2.0,medium|hard|easy
test,0,4,23,32,0.5318012360075954,12.33071434602607,470.4750986399886,0.01686985418200493,1.0,1.0,1.0,1.0,1.536412817311694e-05,0.84375,0.0,2.0,medium|hard|easy
test,0,4,24,32,0.5307517999899574,12.862045272020623,471.006429637986,0.10284828394651413,0.9333333333333333,0.9375,0.9333333333333333,0.9333333333333333,1.5355805243445695e-05,1.03125,0.0,2.0,hard|easy|medium
test,0,4,25,32,0.5329586160078179,13.395564845006447,471.5399491789867,0.01610374264419079,1.0,1.0,1.0,1.0,1.534748231377445e-05,1.125,0.0,2.0,easy|hard|medium
test,0,4,26,32,0.5316933979920577,13.927753988013137,472.07213827298256,0.1656569540500641,0.96875,0.96875,0.9705882352941176,0.9687194525904204,1.5339159384103206e-05,1.09375,0.0,2.0,medium|hard|easy
test,0,4,27,32,0.5311972099880222,14.459403978020418,472.60378827599925,0.064751535654068,0.9705882352941176,0.96875,0.96875,0.9687194525904204,1.533083645443196e-05,1.0625,0.0,2.0,easy|medium|hard
test,0,4,28,32,0.5321654459985439,14.992237708007451,473.13662200499675,0.01649068109691143,1.0,1.0,1.0,1.0,1.5322513524760716e-05,1.25,0.0,2.0,hard|easy|medium
test,0,4,29,32,0.5309753990150057,15.5237637120008,473.66814801699365,0.42423146963119507,0.9087301587301587,0.90625,0.903921568627451,0.9054187192118226,1.5314190595089474e-05,0.9375,0.0,2.0,medium|easy|hard
test,0,4,30,32,0.5309702359954827,16.055313560005743,474.199697870994,0.02608977071940899,1.0,1.0,1.0,1.0,1.530586766541823e-05,0.78125,0.0,2.0,hard|easy|medium
test,0,4,31,32,0.5321311129955575,16.587961758021265,474.73234605399193,0.291070818901062,0.9411764705882353,0.9375,0.9411764705882353,0.9375,1.5297544735746985e-05,0.875,0.0,2.0,medium|easy|hard
test,0,4,32,32,0.5321001819975208,17.12054639001144,475.26493066898547,0.08468340337276459,0.9615384615384616,0.96875,0.975,0.9671794871794872,1.528922180607574e-05,0.96875,0.0,2.0,medium|hard|easy
test,0,4,33,32,0.5312592549889814,17.652285417017993,475.79666971298866,0.3138416111469269,0.8947368421052632,0.875,0.8823529411764706,0.8745098039215686,1.5280898876404495e-05,1.1875,0.0,2.0,hard|medium|easy
test,0,4,34,32,0.5320311920077074,18.184872914018342,476.329257202975,0.22205525636672974,0.9352226720647774,0.9375,0.9352226720647774,0.9352226720647774,1.5272575946733253e-05,0.96875,0.0,2.0,hard|medium|easy
test,0,4,35,32,0.5318234690057579,18.717223163024755,476.86160744697554,0.1659678816795349,0.9761904761904762,0.96875,0.9583333333333333,0.9660657476139979,1.526425301706201e-05,0.8125,0.0,2.0,medium|hard|easy
test,0,4,36,32,0.5309319410007447,19.248766402015463,477.3931506969966,0.14553020894527435,0.9666666666666667,0.96875,0.9722222222222222,0.9684729064039409,1.5255930087390762e-05,1.09375,0.0,2.0,easy|medium|hard
test,0,4,37,32,0.532286325993482,19.781586128025083,477.92597045199363,0.026200100779533386,1.0,1.0,1.0,1.0,1.5247607157719519e-05,1.0625,0.0,2.0,medium|easy|hard
test,0,4,38,32,0.5314620029821526,20.31357797101373,478.4579622639867,0.080045685172081,0.9736842105263157,0.96875,0.9642857142857143,0.967967967967968,1.5239284228048274e-05,0.875,0.0,2.0,hard|easy|medium
test,0,4,39,32,0.5308590109925717,20.844992821017513,478.9893771169882,0.06153661757707596,0.9705882352941176,0.96875,0.96875,0.9687194525904204,1.5230961298377029e-05,1.0625,0.0,2.0,hard|easy|medium
test,0,4,40,32,0.53213117402629,21.37774545099819,479.52212974999566,0.4019978940486908,0.907843137254902,0.90625,0.90625,0.906158357771261,1.5222638368705786e-05,0.8125,0.0,2.0,easy|hard|medium
test,0,4,41,32,0.531520055985311,21.90980280400254,480.0541873839975,0.010351505130529404,1.0,1.0,1.0,1.0,1.5214315439034541e-05,1.09375,0.0,2.0,medium|easy|hard
test,0,4,42,32,0.5310367039928678,22.441374155023368,480.5857584689802,0.09100672602653503,0.95,0.9375,0.9285714285714286,0.9352226720647774,1.5205992509363296e-05,1.40625,0.0,2.0,easy|medium|hard
test,0,4,43,32,0.5331499610038009,22.975119779002853,481.1195040909806,0.03914926201105118,1.0,1.0,1.0,1.0,1.5197669579692053e-05,1.25,0.0,2.0,easy|medium|hard
test,0,4,44,32,0.5318801889952738,23.507521528023062,481.65190584698576,0.24803821742534637,0.9365079365079365,0.9375,0.9365079365079365,0.9365079365079365,1.5189346650020808e-05,1.15625,0.0,2.0,medium|hard|easy
test,0,4,45,32,0.5313434400013648,24.03936008401797,482.1837443729746,0.019229577854275703,1.0,1.0,1.0,1.0,1.5181023720349563e-05,0.75,0.0,2.0,medium|hard|easy
test,0,4,46,32,0.5327786529960576,24.572681148012634,482.71706544497283,0.39888322353363037,0.9007936507936507,0.90625,0.9089068825910931,0.9039039039039038,1.517270079067832e-05,1.0625,0.0,2.0,hard|easy|medium
test,0,4,47,32,0.5322096300078556,25.105345595016843,483.24972986997454,0.030648600310087204,1.0,1.0,1.0,1.0,1.5164377861007075e-05,1.3125,0.0,2.0,hard|medium|easy
test,0,4,48,32,0.5315840750117786,25.63743753900053,483.78182183299214,0.12757009267807007,0.9761904761904762,0.96875,0.9583333333333333,0.9660657476139979,1.515605493133583e-05,1.03125,0.0,2.0,medium|easy|hard
test,0,4,49,32,0.5329142429982312,26.17091607101611,484.3153003639891,0.12552978098392487,0.9736842105263157,0.96875,0.9642857142857143,0.967967967967968,1.5147732001664587e-05,0.8125,0.0,2.0,easy|hard|medium
test,0,4,50,32,0.5314289730158634,26.702803250023862,484.8471875510004,0.12296803295612335,0.9444444444444444,0.9375,0.9375,0.9372549019607843,1.5139409071993342e-05,1.28125,0.0,2.0,medium|hard|easy
test,0,4,51,32,0.5317191549984273,27.235074254014762,485.37945854497957,0.061933085322380066,0.96875,0.96875,0.9705882352941176,0.9687194525904204,1.5131086142322098e-05,1.21875,0.0,2.0,hard|medium|easy
test,0,4,52,32,0.5326947270077653,27.768221280013677,485.91260557298665,0.03139643371105194,1.0,1.0,1.0,1.0,1.5122763212650854e-05,1.15625,0.0,2.0,medium|hard|easy
test,0,4,53,32,0.5322562619985547,28.301034375006566,486.44541866797954,0.34400826692581177,0.8650793650793651,0.875,0.8833333333333333,0.8704453441295547,1.511444028297961e-05,1.0,0.0,2.0,medium|hard|easy
test,0,4,54,32,0.5313053990248591,28.832830655010184,486.9772149589844,0.01729511469602585,1.0,1.0,1.0,1.0,1.5106117353308365e-05,1.0625,0.0,2.0,medium|easy|hard
test,0,4,55,32,0.5324392089969479,29.365822617022786,487.51020690298174,0.11576186120510101,0.9375,0.9375,0.9375,0.9375,1.5097794423637122e-05,1.125,0.0,2.0,medium|easy|hard
test,0,4,56,32,0.5314952630142216,29.897880846023327,488.04226512199966,0.06809685379266739,0.9705882352941176,0.96875,0.96875,0.9687194525904204,1.5089471493965877e-05,1.1875,0.0,2.0,medium|hard|easy
test,0,4,57,32,0.5319664150010794,30.430428863008274,488.57481316299527,0.020274300128221512,1.0,1.0,1.0,1.0,1.5081148564294632e-05,1.0625,0.0,2.0,medium|hard|easy
test,0,4,58,32,0.5319760950224008,30.96290362701984,489.1072882009903,0.3939783275127411,0.903921568627451,0.90625,0.9087301587301587,0.9054187192118226,1.5072825634623389e-05,1.03125,0.0,2.0,easy|hard|medium
test,0,4,59,32,0.5321927700133529,31.495596072025364,489.6399803579843,0.058722857385873795,0.96875,0.96875,0.9705882352941176,0.9687194525904204,1.5064502704952144e-05,0.90625,0.0,2.0,easy|hard|medium
test,0,4,60,32,0.5312989600060973,32.02741839000373,490.1718026739836,0.08845140784978867,0.96875,0.96875,0.9705882352941176,0.9687194525904204,1.5056179775280899e-05,1.1875,0.0,2.0,easy|hard|medium
test,0,4,61,32,0.5305129090265837,32.55851363000693,490.7028979199822,0.019758839160203934,1.0,1.0,1.0,1.0,1.5047856845609656e-05,0.75,0.0,2.0,medium|easy|hard
test,0,4,62,32,0.5321336080087349,33.09120663101203,491.2355909079779,0.38295286893844604,0.95,0.9375,0.9285714285714286,0.9352226720647774,1.5039533915938411e-05,1.0,0.0,2.0,medium|easy|hard
test,0,4,63,32,0.5312775599886663,33.622997555998154,491.7673818549956,0.11811965703964233,0.9375,0.9375,0.9375,0.9375,1.5031210986267166e-05,0.78125,0.0,2.0,easy|hard|medium
test,0,4,64,32,0.5310459320025984,34.15462517901324,492.2990097789734,0.14309938251972198,0.9365079365079365,0.9375,0.9365079365079365,0.9365079365079365,1.5022888056595923e-05,1.1875,0.0,2.0,medium|hard|easy
test,0,4,65,32,0.5323688919888809,34.68749609001679,492.831880393991,0.016089510172605515,1.0,1.0,1.0,1.0,1.5014565126924678e-05,1.03125,0.0,2.0,hard|easy|medium
test,0,4,66,32,0.5316902959893923,35.219760198000586,493.36414449999575,0.18962939083576202,0.9372549019607843,0.9375,0.9372549019607843,0.9372549019607843,1.5006242197253433e-05,1.03125,0.0,2.0,hard|medium|easy
test,0,4,67,32,0.5312430709891487,35.751528582011815,493.89591286997893,0.20203350484371185,0.96875,0.96875,0.9705882352941176,0.9687194525904204,1.499791926758219e-05,1.15625,0.0,2.0,hard|easy|medium
test,0,4,68,32,0.5324625929933973,36.28455215302529,494.42893644599826,0.1026458665728569,0.9705882352941176,0.96875,0.96875,0.9687194525904204,1.4989596337910945e-05,1.09375,0.0,2.0,medium|easy|hard
test,0,4,69,32,0.5312826830195263,36.816351086017676,494.9607353839965,0.018647709861397743,1.0,1.0,1.0,1.0,1.4981273408239702e-05,1.125,0.0,2.0,easy|hard|medium
test,0,4,70,32,0.5311107129964512,37.34794464200968,495.4923289369908,0.043257586658000946,0.9705882352941176,0.96875,0.96875,0.9687194525904204,1.4972950478568457e-05,0.96875,0.0,2.0,medium|easy|hard
test,0,4,71,32,0.5320837990147993,37.88054989502416,496.0249342569732,0.029361408203840256,1.0,1.0,1.0,1.0,1.4964627548897212e-05,1.15625,0.0,2.0,medium|hard|easy
test,0,4,72,32,0.5327277100004721,38.41382421401795,496.55820852698525,0.055721499025821686,0.9666666666666667,0.96875,0.9722222222222222,0.9684729064039409,1.4956304619225969e-05,0.8125,0.0,2.0,hard|medium|easy
test,0,4,73,32,0.5312564820051193,38.94560807800735,497.08999236198724,0.3669956624507904,0.9089068825910931,0.90625,0.9007936507936507,0.9039039039039038,1.4947981689554724e-05,1.09375,0.0,2.0,easy|medium|hard
test,0,4,74,32,0.5322891469986644,39.478436978009995,497.62282126999344,0.006560479756444693,1.0,1.0,1.0,1.0,1.493965875988348e-05,0.9375,0.0,2.0,hard|medium|easy
test,0,4,75,32,0.5318402700067963,40.01080690699746,498.15519119397504,0.10882136225700378,0.9761904761904762,0.96875,0.9583333333333333,0.9660657476139979,1.4931335830212236e-05,0.9375,0.0,2.0,hard|medium|easy
test,0,4,76,32,0.5307067479880061,40.54206107801292,498.68644567998126,0.26936063170433044,0.9411764705882353,0.9375,0.9411764705882353,0.9375,1.4923012900540991e-05,0.8125,0.0,2.0,easy|medium|hard
test,0,4,77,32,0.5324035820085555,41.07497445400804,499.21935875099734,0.016197040677070618,1.0,1.0,1.0,1.0,1.4914689970869746e-05,0.8125,0.0,2.0,medium|hard|easy
test,0,4,78,32,0.5322202029929031,41.60772572402493,499.7521100099839,0.14823228120803833,0.9772727272727273,0.96875,0.9545454545454546,0.964562569213732,1.4906367041198503e-05,1.15625,0.0,2.0,hard|easy|medium
test,0,4,79,32,0.531400220002979,42.1396683830244,500.2840527019871,0.14726600050926208,0.9722222222222222,0.96875,0.9666666666666667,0.9684729064039409,1.4898044111527258e-05,0.9375,0.0,2.0,hard|medium|easy
test,0,4,80,32,0.5331910570093896,42.673414328019135,500.8177986329829,0.008130893111228943,1.0,1.0,1.0,1.0,1.4889721181856014e-05,0.96875,0.0,2.0,medium|easy|hard
test,0,4,81,32,0.5326404510124121,43.20665667002322,501.35104098997544,0.006003524176776409,1.0,1.0,1.0,1.0,1.488139825218477e-05,0.96875,0.0,2.0,hard|medium|easy
test,0,4,82,32,0.5314847529807594,43.73870679701213,501.8830910779943,0.2305620163679123,0.9411764705882353,0.9375,0.9411764705882353,0.9375,1.4873075322513526e-05,0.78125,0.0,2.0,easy|medium|hard
test,0,4,83,32,0.5325497099838685,44.27181588602252,502.4162001759978,0.07904651761054993,0.9583333333333333,0.96875,0.9761904761904762,0.9660657476139979,1.486475239284228e-05,1.15625,0.0,2.0,hard|medium|easy
test,0,4,84,32,0.5318095619732048,44.804151670017745,502.94853598598274,0.46696168184280396,0.90625,0.90625,0.9210526315789473,0.9054187192118226,1.4856429463171038e-05,1.125,0.0,2.0,hard|easy|medium
test,0,4,85,32,0.5311325410148129,45.33579911899869,503.48018339299597,0.054313819855451584,0.96875,0.96875,0.9705882352941176,0.9687194525904204,1.4848106533499793e-05,0.96875,0.0,2.0,medium|hard|easy
test,0,4,86,32,0.5330545399920084,45.869395831017755,504.01378013097565,0.207566499710083,0.9642857142857143,0.96875,0.9736842105263157,0.967967967967968,1.4839783603828548e-05,1.25,0.0,2.0,hard|medium|easy
test,0,4,87,32,0.5318482520233374,46.4017961640202,504.5461804539955,0.320560097694397,0.9007936507936507,0.90625,0.9089068825910931,0.9039039039039038,1.4831460674157305e-05,1.125,0.0,2.0,medium|hard|easy
test,0,4,88,32,0.5310515739838593,46.9333957110066,505.07778001599945,0.19592240452766418,0.9736842105263157,0.96875,0.9642857142857143,0.967967967967968,1.482313774448606e-05,1.125,0.0,2.0,hard|easy|medium
test,0,4,89,32,0.5328979569894727,47.466838104010094,505.61122237998643,0.15054544806480408,0.9583333333333333,0.96875,0.9761904761904762,0.9660657476139979,1.4814814814814815e-05,1.0,0.0,2.0,easy|medium|hard
test,0,4,90,32,0.531592941028066,47.998943070007954,506.14332737599034,0.13046246767044067,0.9352226720647774,0.9375,0.9352226720647774,0.9352226720647774,1.4806491885143572e-05,1.0,0.0,2.0,easy|medium|hard
test,0,4,91,32,0.5315544959739782,48.53101505001541,506.6753993469756,0.23186920583248138,0.90625,0.90625,0.907843137254902,0.906158357771261,1.4798168955472327e-05,1.09375,0.0,2.0,hard|medium|easy
test,0,4,92,32,0.532456559012644,49.063914184021996,507.2082985119778,0.04062449932098389,0.9722222222222222,0.96875,0.9666666666666667,0.9684729064039409,1.4789846025801082e-05,0.875,0.0,2.0,easy|medium|hard
test,0,4,93,32,0.5315327559947036,49.595976285025245,507.7403605619911,0.0722276121377945,0.96875,0.96875,0.9705882352941176,0.9687194525904204,1.4781523096129839e-05,0.96875,0.0,2.0,hard|easy|medium
test,0,4,94,32,0.5314220060245134,50.12798986802227,508.2723742759845,0.3024168610572815,0.925,0.90625,0.9,0.9039039039039038,1.4773200166458594e-05,1.0625,0.0,2.0,hard|easy|medium
test,0,4,95,32,0.5326481980155222,50.66115893801907,508.80554322799435,0.03538218513131142,1.0,1.0,1.0,1.0,1.476487723678735e-05,1.21875,0.0,2.0,medium|hard|easy
test,0,4,96,32,0.531921647983836,51.193667391024064,509.3380516799807,0.15038307011127472,0.9736842105263157,0.96875,0.9642857142857143,0.967967967967968,1.4756554307116106e-05,1.21875,0.0,2.0,hard|medium|easy
test,0,4,97,32,0.5314214010140859,51.725601709011244,509.869986013975,0.011927887797355652,1.0,1.0,1.0,1.0,1.4748231377444861e-05,1.1875,0.0,2.0,medium|easy|hard
test,0,4,98,32,0.5335356419964228,52.25967405701522,510.4040584139875,0.009766929782927036,1.0,1.0,1.0,1.0,1.4739908447773616e-05,0.9375,0.0,2.0,medium|easy|hard
test,0,4,99,32,0.5318006610032171,52.79204317400581,510.9364274619729,0.1503005027770996,0.9375,0.9375,0.9444444444444444,0.9372549019607843,1.4731585518102373e-05,1.25,0.0,2.0,hard|easy|medium
test,0,4,100,32,0.5318392069893889,53.32454802302527,511.468932320975,0.09794439375400543,0.9705882352941176,0.96875,0.96875,0.9687194525904204,1.4723262588431128e-05,0.9375,0.0,2.0,easy|hard|medium
test,0,4,101,32,0.5321134139958303,53.857098789012525,512.0014830649889,0.10005848854780197,0.975,0.96875,0.9615384615384616,0.9671794871794872,1.4714939658759883e-05,0.96875,0.0,2.0,medium|hard|easy
test,0,4,102,32,0.5328451899986248,54.39052544900915,512.5349097269936,0.2341921180486679,0.9411764705882353,0.9375,0.9411764705882353,0.9375,1.470661672908864e-05,1.125,0.0,2.0,hard|easy|medium
test,0,4,103,32,0.5317216689873021,54.92276027300977,513.0671445669723,0.21090906858444214,0.9444444444444444,0.9375,0.9375,0.9372549019607843,1.4698293799417395e-05,1.0625,0.0,2.0,hard|easy|medium
test,0,4,104,32,0.5330231999978423,55.45635819999734,513.6007424889831,0.1405024528503418,0.9365079365079365,0.9375,0.9365079365079365,0.9365079365079365,1.4689970869746152e-05,1.09375,0.0,2.0,easy|medium|hard
test,0,4,105,32,0.532434138993267,55.989327977003995,514.1337122729747,0.14738892018795013,0.9722222222222222,0.96875,0.9666666666666667,0.9684729064039409,1.4681647940074907e-05,0.84375,0.0,2.0,hard|easy|medium
test,0,4,106,32,0.5321904300071765,56.522043258009944,514.6664275539806,0.2118547558784485,0.96875,0.96875,0.9705882352941176,0.9687194525904204,1.4673325010403663e-05,1.0,0.0,2.0,medium|hard|easy
test,0,4,107,32,0.5321106239862274,57.054723840003135,515.1991081969754,0.06795378774404526,0.9705882352941176,0.96875,0.96875,0.9687194525904204,1.466500208073242e-05,0.90625,0.0,2.0,hard|medium|easy
test,0,4,108,32,0.53270539798541,57.58790111501003,515.7322854249796,0.08145363628864288,0.9722222222222222,0.96875,0.9666666666666667,0.9684729064039409,1.4656679151061174e-05,0.71875,0.0,2.0,hard|easy|medium
test,0,4,109,32,0.5319666340074036,58.12039729900425,516.264781633974,0.21551308035850525,0.9411764705882353,0.9375,0.9411764705882353,0.9375,1.464835622138993e-05,1.09375,0.0,2.0,easy|medium|hard
test,0,4,110,32,0.5317747659864835,58.65271328101517,516.7970975819917,0.36272311210632324,0.90625,0.90625,0.9210526315789473,0.9054187192118226,1.4640033291718686e-05,0.90625,0.0,2.0,medium|hard|easy
test,0,4,111,32,0.5327754759928212,59.186062938009854,517.3304472309828,0.09768752753734589,0.9722222222222222,0.96875,0.9666666666666667,0.9684729064039409,1.4631710362047442e-05,1.09375,0.0,2.0,medium|hard|easy
test,0,4,112,32,0.5314765229995828,59.7180859670043,517.862470269989,0.013320289552211761,1.0,1.0,1.0,1.0,1.4623387432376197e-05,1.0,0.0,2.0,hard|easy|medium
test,0,4,113,32,0.5310435360006522,60.249644386,518.3940286799916,0.1484527885913849,0.9411764705882353,0.9375,0.9411764705882353,0.9375,1.4615064502704954e-05,1.25,0.0,2.0,hard|easy|medium
test,0,4,114,32,0.5324922669969965,60.78270322000026,518.9270875629736,0.048379626125097275,0.9761904761904762,0.96875,0.9583333333333333,0.9660657476139979,1.4606741573033709e-05,0.71875,0.0,2.0,medium|easy|hard
test,0,4,115,32,0.5320037759956904,61.31526507201488,519.459649359982,0.022871607914566994,1.0,1.0,1.0,1.0,1.4598418643362464e-05,1.1875,0.0,2.0,easy|medium|hard
test,0,4,116,32,0.530953484994825,61.84677902099793,519.9911633659794,0.05165897309780121,1.0,1.0,1.0,1.0,1.459009571369122e-05,1.15625,0.0,2.0,hard|easy|medium
test,0,4,117,32,0.5326016720209736,62.37988909400883,520.5242734239728,0.10620386153459549,0.9791666666666667,0.96875,0.9444444444444444,0.9599499374217773,1.4581772784019976e-05,1.03125,0.0,2.0,easy|medium|hard
test,0,4,118,32,0.5312202770146541,62.91161152700079,521.0559958159865,0.14059673249721527,0.9473684210526316,0.9375,0.9333333333333333,0.9365079365079365,1.4573449854348731e-05,1.1875,0.0,2.0,hard|easy|medium
test,0,4,119,32,0.530818694998743,63.442955649021314,521.5873399589909,0.13510249555110931,0.9666666666666667,0.96875,0.9722222222222222,0.9684729064039409,1.4565126924677488e-05,0.90625,0.0,2.0,medium|hard|easy
test,0,4,120,32,0.533052201004466,63.97658102601417,522.1209655040002,0.11529915034770966,0.9722222222222222,0.96875,0.9666666666666667,0.9684729064039409,1.4556803995006243e-05,0.875,0.0,2.0,hard|medium|easy
test,0,4,121,32,0.531746619992191,64.50887522700941,522.6532595229801,0.13904021680355072,0.9642857142857143,0.96875,0.9736842105263157,0.967967967967968,1.4548481065334998e-05,0.8125,0.0,2.0,easy|hard|medium
test,0,4,122,32,0.5310696260130499,65.04049999002018,523.1848843009793,0.20612141489982605,0.9473684210526316,0.9375,0.9333333333333333,0.9365079365079365,1.4540158135663755e-05,1.3125,0.0,2.0,hard|easy|medium
test,0,4,123,32,0.5325399569992442,65.57352147900383,523.7179057659814,0.050945524126291275,0.9615384615384616,0.96875,0.975,0.9671794871794872,1.453183520599251e-05,0.9375,0.0,2.0,easy|medium|hard
test,0,4,124,32,0.53182353801094,66.10590786402463,524.25029214198,0.0605747327208519,1.0,1.0,1.0,1.0,1.4523512276321265e-05,0.875,0.0,2.0,hard|medium|easy
test,0,4,125,32,0.5314225729962345,66.63784988000407,524.7822342129948,0.06000073254108429,0.9666666666666667,0.96875,0.9722222222222222,0.9684729064039409,1.4515189346650022e-05,1.15625,0.0,2.0,easy|medium|hard
test,0,4,126,32,0.5320859719940927,67.17042140100966,525.3148058409861,0.22269344329833984,0.9375,0.9375,0.9444444444444444,0.9372549019607843,1.4506866416978777e-05,0.96875,0.0,2.0,medium|hard|easy
test,0,4,127,32,0.5319680029933807,67.7029129069997,525.8472972029995,0.24059705436229706,0.9375,0.9375,0.9375,0.9375,1.4498543487307532e-05,0.84375,0.0,2.0,hard|medium|easy
test,0,4,128,32,0.532133739994606,68.23561020102352,526.3799944819766,0.01386576984077692,1.0,1.0,1.0,1.0,1.449022055763629e-05,1.1875,0.0,2.0,medium|easy|hard
test,0,4,129,32,0.5321593940025195,68.76832577501773,526.9127100709884,0.09268439561128616,0.9642857142857143,0.96875,0.9736842105263157,0.967967967967968,1.4481897627965044e-05,0.6875,0.0,2.0,easy|hard|medium
test,0,4,130,32,0.5323825950035825,69.30128274601884,527.4456670359941,0.08223367482423782,0.9736842105263157,0.96875,0.9642857142857143,0.967967967967968,1.44735746982938e-05,1.0625,0.0,2.0,medium|hard|easy
test,0,4,131,32,0.5305941670085303,69.83239440902253,527.9767787119781,0.2877446711063385,0.9365079365079365,0.9375,0.9365079365079365,0.9365079365079365,1.4465251768622556e-05,0.625,0.0,2.0,easy|medium|hard
test,0,4,132,32,0.5320935470226686,70.36506808002014,528.5094523789885,0.18839925527572632,0.9565217391304348,0.9375,0.9090909090909092,0.9272727272727272,1.4456928838951311e-05,1.15625,0.0,2.0,hard|medium|easy
test,0,4,133,32,0.531849560997216,70.89748827900621,529.0418725829804,0.2238844931125641,0.9090909090909092,0.9375,0.9565217391304348,0.9272727272727272,1.4448605909280067e-05,0.78125,0.0,2.0,medium|easy|hard
test,0,4,134,32,0.5312697979970835,71.42928172199754,529.5736662999843,0.3793078660964966,0.873015873015873,0.875,0.873015873015873,0.873015873015873,1.4440282979608823e-05,1.21875,0.0,2.0,hard|medium|easy
test,0,4,135,32,0.5325896680005826,71.96240608600783,530.1067904489755,0.11508236080408096,0.9642857142857143,0.96875,0.9736842105263157,0.967967967967968,1.4431960049937579e-05,0.96875,0.0,2.0,hard|easy|medium
test,0,4,136,32,0.5321937230182812,72.4951772110071,530.6395615009824,0.0318790040910244,1.0,1.0,1.0,1.0,1.4423637120266334e-05,1.1875,0.0,2.0,hard|easy|medium
test,0,4,137,32,0.5309267419797834,73.02665912001976,531.1710434649722,0.010723277926445007,1.0,1.0,1.0,1.0,1.441531419059509e-05,1.15625,0.0,2.0,easy|medium|hard
test,0,4,138,32,0.532797750987811,73.55999359799898,531.7043779709784,0.07334809005260468,0.9372549019607843,0.9375,0.9372549019607843,0.9372549019607843,1.4406991260923846e-05,0.75,0.0,2.0,hard|easy|medium
test,0,4,139,32,0.5315526920021512,74.09198597702198,532.2363703129813,0.009142989292740822,1.0,1.0,1.0,1.0,1.43986683312526e-05,1.0,0.0,2.0,hard|easy|medium
test,0,4,140,32,0.53105945099378,74.62356490601087,532.7679495049815,0.013282855972647667,1.0,1.0,1.0,1.0,1.4390345401581358e-05,0.71875,0.0,2.0,medium|easy|hard
test,0,4,141,32,0.5327383840049151,75.15673901402624,533.3011233309808,0.1643109917640686,0.8614718614718615,0.875,0.8614718614718615,0.8614718614718615,1.4382022471910113e-05,1.09375,0.0,2.0,easy|medium|hard
test,0,4,142,32,0.5322726480080746,75.68952980000176,533.8339140839817,0.3402281403541565,0.8784313725490196,0.875,0.8784313725490196,0.875,1.437369954223887e-05,1.21875,0.0,2.0,hard|easy|medium
test,0,4,143,32,0.5311967550078407,76.22125372799928,534.365638030984,0.036656320095062256,0.9722222222222222,0.96875,0.9666666666666667,0.9684729064039409,1.4365376612567625e-05,1.0,0.0,2.0,hard|medium|easy
test,0,4,144,32,0.5326843369984999,76.75452317899908,534.8989074739802,0.18176910281181335,0.9583333333333333,0.96875,0.9761904761904762,0.9660657476139979,1.435705368289638e-05,0.84375,0.0,2.0,medium|easy|hard
test,0,4,145,32,0.5320998850220349,77.28716947100474,535.431553783972,0.009404197335243225,1.0,1.0,1.0,1.0,1.4348730753225137e-05,1.03125,0.0,2.0,medium|hard|easy
test,0,4,146,32,0.5312511299853213,77.81898160401033,535.9633658919774,0.49619176983833313,0.90625,0.90625,0.907843137254902,0.906158357771261,1.4340407823553892e-05,1.0,0.0,2.0,medium|easy|hard
test,0,4,147,32,0.5328169349813834,78.35234437399777,536.4967287009931,0.26038575172424316,0.9090909090909092,0.9375,0.9565217391304348,0.9272727272727272,1.4332084893882647e-05,0.9375,0.0,2.0,hard|easy|medium
test,0,4,148,32,0.5318976060079876,78.88474376502563,537.0291280879756,0.1624029576778412,0.96875,0.96875,0.9705882352941176,0.9687194525904204,1.4323761964211404e-05,0.8125,0.0,2.0,hard|medium|easy
test,0,4,149,32,0.5316817590210121,79.41703520901501,537.5614195039961,0.0095172468572855,1.0,1.0,1.0,1.0,1.4315439034540159e-05,1.125,0.0,2.0,hard|easy|medium
test,0,4,150,32,0.5322632020106539,79.94986960000824,538.0942538869858,0.19067811965942383,0.8947368421052632,0.875,0.8823529411764706,0.8745098039215686,1.4307116104868914e-05,1.0,0.0,2.0,easy|medium|hard
test,0,4,151,32,0.5320922259998042,80.4824866639974,538.6268709549913,0.03558923676609993,1.0,1.0,1.0,1.0,1.4298793175197671e-05,1.15625,0.0,2.0,hard|medium|easy
test,0,4,152,32,0.5318704899982549,81.01491899500252,539.1593032809906,0.08698496222496033,0.9642857142857143,0.96875,0.9736842105263157,0.967967967967968,1.4290470245526426e-05,0.875,0.0,2.0,easy|medium|hard
test,0,4,153,32,0.5326453109737486,81.54815188801149,539.6925361879985,0.19558939337730408,0.873015873015873,0.875,0.873015873015873,0.873015873015873,1.4282147315855181e-05,1.15625,0.0,2.0,hard|medium|easy
test,0,4,154,32,0.5321532470115926,82.08093610900687,540.225320403988,0.11981549859046936,0.96875,0.96875,0.9705882352941176,0.9687194525904204,1.4273824386183938e-05,0.84375,0.0,2.0,medium|hard|easy
test,0,4,155,32,0.5318990609957837,82.61326049102354,540.757644784986,0.2098681926727295,0.9365079365079365,0.9375,0.9365079365079365,0.9365079365079365,1.4265501456512693e-05,1.28125,0.0,2.0,medium|hard|easy
test,0,4,156,32,0.5322222470131237,83.14605767000467,541.290441966994,0.1027248278260231,0.96875,0.96875,0.9705882352941176,0.9687194525904204,1.4257178526841448e-05,1.1875,0.0,2.0,medium|easy|hard
test,0,4,157,32,0.5329269230132923,83.6795712489984,541.82395554299,0.050006113946437836,1.0,1.0,1.0,1.0,1.4248855597170205e-05,1.125,0.0,2.0,medium|easy|hard
test,0,4,158,32,0.5316810160002206,84.21171707802569,542.3561013519939,0.12884268164634705,0.9411764705882353,0.9375,0.9411764705882353,0.9375,1.424053266749896e-05,1.25,0.0,2.0,hard|medium|easy
test,0,4,159,32,0.5313969329872634,84.74358344901702,542.8879677579971,0.3762606978416443,0.8705882352941177,0.875,0.8825910931174089,0.873015873015873,1.4232209737827715e-05,0.96875,0.0,2.0,easy|medium|hard
test,0,4,160,32,0.532873598014703,85.27690178802004,543.4212860839907,0.2327004373073578,0.9473684210526316,0.9375,0.9333333333333333,0.9365079365079365,1.4223886808156472e-05,1.0625,0.0,2.0,medium|hard|easy
test,0,4,161,32,0.5314197060070001,85.80884201702429,543.9532262949797,0.021235894411802292,1.0,1.0,1.0,1.0,1.4215563878485227e-05,0.8125,0.0,2.0,easy|hard|medium
test,0,4,162,32,0.5302809040003922,86.33968494000146,544.484069226979,0.10018007457256317,0.9307359307359306,0.9375,0.9307359307359306,0.9307359307359306,1.4207240948813983e-05,0.65625,0.0,2.0,easy|hard|medium
test,0,4,163,32,0.5325716069783084,86.8726833180117,545.0170676199778,0.03933190926909447,1.0,1.0,1.0,1.0,1.419891801914274e-05,0.9375,0.0,2.0,easy|medium|hard
test,0,4,164,32,0.5317462539824191,87.40498013902106,545.5493644279777,0.08868579566478729,0.9666666666666667,0.96875,0.9722222222222222,0.9684729064039409,1.4190595089471495e-05,1.09375,0.0,2.0,easy|medium|hard
test,0,4,165,32,0.5313497190072667,87.93679736202466,546.0811816729838,0.03357198089361191,1.0,1.0,1.0,1.0,1.418227215980025e-05,0.84375,0.0,2.0,easy|medium|hard
test,0,4,166,32,0.5325669830199331,88.4699245490192,546.6143088719982,0.15373659133911133,0.9705882352941176,0.96875,0.96875,0.9687194525904204,1.4173949230129007e-05,0.9375,0.0,2.0,hard|easy|medium
test,0,4,167,32,0.5321429930045269,89.00255002902122,547.1469343219942,0.21262960135936737,0.9333333333333333,0.9375,0.9473684210526316,0.9365079365079365,1.4165626300457762e-05,1.09375,0.0,2.0,medium|hard|easy
test,0,4,168,32,0.5320051669841632,89.53504599200096,547.679430277989,0.12548057734966278,0.9307359307359306,0.9375,0.9307359307359306,0.9307359307359306,1.4157303370786517e-05,1.09375,0.0,2.0,easy|hard|medium
test,0,4,169,32,0.5324421589903068,90.06808640400413,548.21247076898,0.14292524755001068,0.9285714285714286,0.9375,0.95,0.9352226720647774,1.4148980441115274e-05,0.75,0.0,2.0,easy|medium|hard
test,0,4,170,32,0.5311750849941745,90.59975655502058,548.7441408849845,0.09324552863836288,0.96875,0.96875,0.9705882352941176,0.9687194525904204,1.4140657511444029e-05,0.875,0.0,2.0,easy|medium|hard
test,0,4,171,32,0.530757544998778,91.13101647701114,549.275400767976,0.2280791997909546,0.9642857142857143,0.96875,0.9736842105263157,0.967967967967968,1.4132334581772784e-05,1.1875,0.0,2.0,medium|easy|hard
test,0,4,172,32,0.5319882999756373,91.66356023101253,549.8079445699987,0.098332978785038,0.96875,0.96875,0.9705882352941176,0.9687194525904204,1.412401165210154e-05,0.78125,0.0,2.0,easy|medium|hard
test,0,4,173,32,0.5315714220050722,92.1956568940077,550.3400411819748,0.12199492752552032,0.9285714285714286,0.9375,0.95,0.9352226720647774,1.4115688722430296e-05,0.9375,0.0,2.0,easy|hard|medium
test,0,4,174,32,0.5314158279797994,92.72759395602043,550.8719785799913,0.0414375364780426,1.0,1.0,1.0,1.0,1.4107365792759051e-05,1.15625,0.0,2.0,easy|hard|medium
test,0,4,175,32,0.5320802179921884,93.26022755002487,551.4046118779806,0.15504294633865356,0.9372549019607843,0.9375,0.9372549019607843,0.9372549019607843,1.4099042863087808e-05,0.9375,0.0,2.0,hard|easy|medium
test,0,4,176,32,0.5319964830123354,93.79276871401817,551.9371530019853,0.1318284273147583,0.9722222222222222,0.96875,0.9666666666666667,0.9684729064039409,1.4090719933416563e-05,1.09375,0.0,2.0,easy|medium|hard
test,0,4,177,32,0.5307019479805604,94.32402445102343,552.468408752,0.1579885184764862,0.9352226720647774,0.9375,0.9352226720647774,0.9352226720647774,1.408239700374532e-05,0.84375,0.0,2.0,hard|easy|medium
test,0,4,178,32,0.5323145750153344,94.85681755101541,553.0012021559814,0.17341144382953644,0.95,0.9375,0.9285714285714286,0.9352226720647774,1.4074074074074075e-05,0.96875,0.0,2.0,hard|easy|medium
test,0,4,179,32,0.5319949699915014,95.38935119801317,553.5337354899966,0.2606065571308136,0.9411764705882353,0.9375,0.9411764705882353,0.9375,1.406575114440283e-05,0.90625,0.0,2.0,easy|medium|hard
test,0,4,180,32,0.5309370879840571,95.9208230850054,554.0652077239938,0.07687750458717346,0.9615384615384616,0.96875,0.975,0.9671794871794872,1.4057428214731587e-05,1.125,0.0,2.0,easy|hard|medium
test,0,4,181,32,0.5325481010077056,96.45386412701919,554.5982484109991,0.1910206824541092,0.9615384615384616,0.96875,0.975,0.9671794871794872,1.4049105285060342e-05,0.96875,0.0,2.0,medium|easy|hard
test,0,4,182,32,0.5316495430015493,96.9860573800106,555.1304416629719,0.08176122605800629,0.9642857142857143,0.96875,0.9736842105263157,0.967967967967968,1.4040782355389097e-05,0.96875,0.0,2.0,easy|medium|hard
test,0,4,183,32,0.5309619430045132,97.51755623699864,555.6619405189995,0.24671676754951477,0.9210526315789473,0.90625,0.90625,0.9054187192118226,1.4032459425717854e-05,0.78125,0.0,2.0,hard|medium|easy
test,0,4,184,32,0.5327706910029519,98.05082335299812,556.1952076639864,0.03039497509598732,1.0,1.0,1.0,1.0,1.402413649604661e-05,0.71875,0.0,2.0,medium|hard|easy
test,0,4,185,32,0.5317020429938566,98.58303612199961,556.7274204169807,0.2262984663248062,0.95,0.9375,0.9285714285714286,0.9352226720647774,1.4015813566375364e-05,0.9375,0.0,2.0,hard|medium|easy
test,0,4,186,32,0.5315444899897557,99.11509834701428,557.2594826610002,0.15106071531772614,0.9736842105263157,0.96875,0.9642857142857143,0.967967967967968,1.4007490636704121e-05,1.09375,0.0,2.0,hard|medium|easy
test,0,4,187,32,0.5329844139923807,99.64864192099776,557.7930262039881,0.16936171054840088,0.9705882352941176,0.96875,0.96875,0.9687194525904204,1.3999167707032876e-05,0.96875,0.0,2.0,easy|hard|medium
test,0,4,188,32,0.5316602879902348,100.18085678902571,558.3252410769928,0.11946083605289459,0.9473684210526316,0.9375,0.9333333333333333,0.9365079365079365,1.3990844777361631e-05,0.84375,0.0,2.0,hard|medium|easy
test,0,4,189,32,0.5316459060122725,100.71298882301198,558.8573731119977,0.08006799221038818,1.0,1.0,1.0,1.0,1.3982521847690388e-05,0.90625,0.0,2.0,hard|easy|medium
test,0,4,190,32,0.5320612779760268,101.24557732901303,559.3899616339768,0.06000671535730362,0.9722222222222222,0.96875,0.9666666666666667,0.9684729064039409,1.3974198918019143e-05,0.78125,0.0,2.0,easy|hard|medium
test,0,4,191,32,0.5319748239999171,101.77806097100256,559.9224452519848,0.026548072695732117,1.0,1.0,1.0,1.0,1.3965875988347899e-05,0.84375,0.0,2.0,easy|medium|hard
test,0,4,192,32,0.5315003599971533,102.31013317900943,560.4545174709929,0.02256903611123562,1.0,1.0,1.0,1.0,1.3957553058676655e-05,0.875,0.0,2.0,medium|easy|hard
test,0,4,193,32,0.5328987609827891,102.84351317901746,560.987897458981,0.18519820272922516,0.9007936507936507,0.90625,0.9089068825910931,0.9039039039039038,1.394923012900541e-05,0.6875,0.0,2.0,hard|easy|medium
test,0,4,194,32,0.5316424570046365,103.37564266700065,561.5200269839843,0.15293875336647034,0.975,0.96875,0.9615384615384616,0.9671794871794872,1.3940907199334166e-05,0.71875,0.0,2.0,easy|medium|hard
test,0,4,195,32,0.5314974520006217,103.90768961902359,562.0520739079802,0.3449154794216156,0.9210526315789473,0.90625,0.90625,0.9054187192118226,1.3932584269662923e-05,0.78125,0.0,2.0,easy|medium|hard
test,0,4,196,32,0.5325979009794537,104.44087570600095,562.5852599999926,0.1605682373046875,0.9372549019607843,0.9375,0.9372549019607843,0.9372549019607843,1.3924261339991678e-05,0.875,0.0,2.0,easy|hard|medium
test,0,4,197,32,0.5321561390010174,104.97350315601216,563.1178874349862,0.12572836875915527,0.9372549019607843,0.9375,0.9372549019607843,0.9372549019607843,1.3915938410320433e-05,0.9375,0.0,2.0,medium|easy|hard
test,0,4,198,32,0.5319106719980482,105.50602952099871,563.6504138129822,0.10796519368886948,0.9615384615384616,0.96875,0.975,0.9671794871794872,1.390761548064919e-05,0.65625,0.0,2.0,medium|easy|hard
test,0,4,199,32,0.531880504975561,106.03841873101192,564.1828030369943,0.059569165110588074,0.96875,0.96875,0.9705882352941176,0.9687194525904204,1.3899292550977945e-05,0.625,0.0,2.0,hard|medium|easy
test,0,4,200,32,0.5323308709776029,106.57128978500259,564.7156740619976,0.1306464821100235,0.9705882352941176,0.96875,0.96875,0.9687194525904204,1.38909696213067e-05,0.9375,0.0,2.0,hard|medium|easy
test,0,4,201,32,0.531416387995705,107.10319541502395,565.2475797069783,0.00996294803917408,1.0,1.0,1.0,1.0,1.3882646691635457e-05,0.875,0.0,2.0,medium|hard|easy
test,0,4,202,32,0.5302368979901075,107.63398930002586,565.7783739099978,0.018012456595897675,1.0,1.0,1.0,1.0,1.3874323761964212e-05,0.71875,0.0,2.0,easy|medium|hard
test,0,4,203,32,0.5320186949975323,108.16660508900532,566.3109893889923,0.02912958711385727,1.0,1.0,1.0,1.0,1.3866000832292967e-05,1.125,0.0,2.0,medium|hard|easy
test,0,4,204,32,0.531323748989962,108.69835654500639,566.8427408629796,0.02472883276641369,1.0,1.0,1.0,1.0,1.3857677902621724e-05,1.09375,0.0,2.0,medium|hard|easy
test,0,4,205,32,0.5309958040015772,109.22990998401656,567.3742942859826,0.27358996868133545,0.9166666666666667,0.9375,0.9545454545454546,0.9307359307359306,1.3849354972950479e-05,0.84375,0.0,2.0,easy|medium|hard
test,0,4,206,32,0.5319241129909642,109.76241886601201,567.9068031499919,0.005660719703882933,1.0,1.0,1.0,1.0,1.3841032043279234e-05,0.78125,0.0,2.0,hard|medium|easy
test,0,4,207,32,0.5315547950158361,110.2945663779974,568.4389506659936,0.33738404512405396,0.9372549019607843,0.9375,0.9372549019607843,0.9372549019607843,1.3832709113607991e-05,1.03125,0.0,2.0,easy|hard|medium
test,0,4,208,32,0.5313703579886351,110.8264959579974,568.9708803339745,0.03530013561248779,1.0,1.0,1.0,1.0,1.3824386183936746e-05,0.9375,0.0,2.0,hard|medium|easy
test,0,4,209,32,0.5320350900001358,111.35899589001201,569.5033805469866,0.175045445561409,0.9523809523809523,0.9375,0.9230769230769231,0.9333333333333333,1.3816063254265501e-05,0.96875,0.0,2.0,easy|medium|hard
test,0,4,210,32,0.5320245599723421,111.89145200801431,570.0358362819825,0.09152214229106903,0.9372549019607843,0.9375,0.9372549019607843,0.9372549019607843,1.3807740324594258e-05,0.875,0.0,2.0,medium|hard|easy
test,0,4,211,32,0.5312551039969549,112.4231564530055,570.5675407699891,0.3110407590866089,0.8967611336032388,0.90625,0.9083333333333333,0.9015384615384616,1.3799417394923013e-05,1.0,0.0,2.0,hard|easy|medium
test,0,4,212,32,0.5322298489918467,112.9558965890028,571.1002809029887,0.005785243585705757,1.0,1.0,1.0,1.0,1.3791094465251768e-05,0.96875,0.0,2.0,medium|easy|hard
test,0,4,213,32,0.5322282550041564,113.48867070901906,571.6330550009734,0.1451224982738495,0.90625,0.90625,0.907843137254902,0.906158357771261,1.3782771535580525e-05,1.0625,0.0,2.0,hard|easy|medium
test,0,4,214,32,0.531291594990762,114.02048561902484,572.1648699009966,0.024211246520280838,1.0,1.0,1.0,1.0,1.377444860590928e-05,1.09375,0.0,2.0,easy|hard|medium
test,0,4,215,32,0.5321805530111305,114.55316370900255,572.6975482109992,0.026495952159166336,1.0,1.0,1.0,1.0,1.3766125676238037e-05,0.9375,0.0,2.0,hard|medium|easy
test,0,4,216,32,0.5315235670132097,115.08528582402505,573.2296701559972,0.06652502715587616,0.9736842105263157,0.96875,0.9642857142857143,0.967967967967968,1.3757802746566792e-05,0.96875,0.0,2.0,medium|easy|hard
test,0,4,217,32,0.5310868980013765,115.61691974999849,573.7613040329888,0.18313424289226532,0.9722222222222222,0.96875,0.9666666666666667,0.9684729064039409,1.3749479816895547e-05,0.9375,0.0,2.0,medium|hard|easy
test,0,4,218,32,0.532698923983844,116.1502016330196,574.2945859929896,0.21269255876541138,0.9352226720647774,0.9375,0.9352226720647774,0.9352226720647774,1.3741156887224304e-05,0.90625,0.0,2.0,hard|easy|medium
test,0,4,219,32,0.531795974005945,116.682518652,574.8269029999792,0.1663956493139267,0.9705882352941176,0.96875,0.96875,0.9687194525904204,1.373283395755306e-05,1.21875,0.0,2.0,hard|easy|medium
test,0,4,220,32,0.5307969200075604,117.21375137401628,575.3581356689974,0.04858899861574173,0.975,0.96875,0.9615384615384616,0.9671794871794872,1.3724511027881815e-05,0.875,0.0,2.0,hard|medium|easy
test,0,4,221,32,0.5325930639810394,117.74689534600475,575.8912798309757,0.13716846704483032,0.9372549019607843,0.9375,0.9372549019607843,0.9372549019607843,1.3716188098210571e-05,0.875,0.0,2.0,easy|hard|medium
test,0,4,222,32,0.5311761790071614,118.27854113400099,576.4229254399834,0.05864890292286873,0.9736842105263157,0.96875,0.9642857142857143,0.967967967967968,1.3707865168539327e-05,1.0625,0.0,2.0,hard|medium|easy
test,0,4,223,32,0.5304952060105279,118.8095671570045,576.9539514489879,0.13721972703933716,0.9411764705882353,0.9375,0.9411764705882353,0.9375,1.3699542238868082e-05,0.96875,0.0,2.0,easy|hard|medium
test,0,4,224,32,0.5322466590150725,119.34237926400965,577.4867636049748,0.18502852320671082,0.9352226720647774,0.9375,0.9352226720647774,0.9352226720647774,1.3691219309196839e-05,1.03125,0.0,2.0,easy|hard|medium
test,0,4,225,32,0.5319197140051983,119.87483554601204,578.0192198889854,0.17961853742599487,0.9615384615384616,0.96875,0.975,0.9671794871794872,1.3682896379525594e-05,0.875,0.0,2.0,hard|easy|medium
test,0,4,226,32,0.5311716970172711,120.4065682090004,578.5509524869849,0.19111567735671997,0.9375,0.9375,0.9444444444444444,0.9372549019607843,1.3674573449854349e-05,1.03125,0.0,2.0,hard|easy|medium
test,0,4,227,32,0.5328127479879186,120.93990736702108,579.0842916709953,0.02036723867058754,1.0,1.0,1.0,1.0,1.3666250520183106e-05,1.21875,0.0,2.0,hard|easy|medium
test,0,4,228,32,0.531642802990973,121.4720619530126,579.6164462979941,0.017209377139806747,1.0,1.0,1.0,1.0,1.365792759051186e-05,1.0625,0.0,2.0,medium|easy|hard
test,0,4,229,32,0.5312997760192957,122.00387637302629,580.1482606879727,0.11090751737356186,0.90625,0.90625,0.9210526315789473,0.9054187192118226,1.3649604660840616e-05,1.1875,0.0,2.0,hard|easy|medium
test,0,4,230,32,0.5338275590038393,122.53824804900796,580.682632394979,0.10356909036636353,0.95,0.9375,0.9285714285714286,0.9352226720647774,1.3641281731169373e-05,1.21875,0.0,2.0,medium|easy|hard
test,0,4,231,32,0.5321288760169409,123.07103169101174,581.2154159969941,0.021851466968655586,1.0,1.0,1.0,1.0,1.3632958801498128e-05,0.90625,0.0,2.0,hard|easy|medium
test,0,4,232,32,0.5317134110082407,123.6033237890224,581.7477084299899,0.013035500422120094,1.0,1.0,1.0,1.0,1.3624635871826883e-05,0.75,0.0,2.0,easy|hard|medium
test,0,4,233,32,0.5327577970165294,124.13662601599935,582.2810103129887,0.220049649477005,0.9375,0.9375,0.9375,0.9375,1.361631294215564e-05,1.21875,0.0,2.0,medium|hard|easy
test,0,4,234,32,0.5322193860192783,124.66934244401637,582.813726783992,0.13029751181602478,0.9666666666666667,0.96875,0.9722222222222222,0.9684729064039409,1.3607990012484395e-05,1.15625,0.0,2.0,easy|hard|medium
test,0,4,235,32,0.531861771014519,125.20174580201274,583.3461301069765,0.17750948667526245,0.9444444444444444,0.9375,0.9375,0.9372549019607843,1.359966708281315e-05,1.0625,0.0,2.0,easy|hard|medium
test,0,4,236,32,0.5327395489730407,125.73497893800959,583.8793632269953,0.16073176264762878,0.96875,0.96875,0.9705882352941176,0.9687194525904204,1.3591344153141907e-05,1.40625,0.0,2.0,hard|easy|medium
test,0,4,237,32,0.531438636011444,126.26697013402008,584.4113544629945,0.04532680660486221,0.9736842105263157,0.96875,0.9642857142857143,0.967967967967968,1.3583021223470662e-05,1.0,0.0,2.0,hard|medium|easy
test,0,4,238,32,0.5319067990058102,126.79937541001709,584.9437597069773,0.2639990448951721,0.9372549019607843,0.9375,0.9372549019607843,0.9372549019607843,1.3574698293799417e-05,1.15625,0.0,2.0,easy|hard|medium
test,0,4,239,32,0.5329118020017631,127.33280395102338,585.4771883679787,0.07494840770959854,0.9705882352941176,0.96875,0.96875,0.9687194525904204,1.3566375364128174e-05,1.03125,0.0,2.0,medium|easy|hard
test,0,4,240,32,0.5328657159989234,127.86617022802238,586.0105545739934,0.08055558800697327,0.9705882352941176,0.96875,0.96875,0.9687194525904204,1.355805243445693e-05,1.03125,0.0,2.0,medium|easy|hard
test,0,4,241,32,0.5320974729838781,128.39888083201367,586.5432652169839,0.008529407903552055,1.0,1.0,1.0,1.0,1.3549729504785684e-05,0.78125,0.0,2.0,hard|easy|medium
test,0,4,242,32,0.5330399030062836,128.93242166301934,587.0768060149858,0.006984361447393894,1.0,1.0,1.0,1.0,1.3541406575114441e-05,1.1875,0.0,2.0,easy|medium|hard
test,0,4,243,32,0.5325791549985297,129.46555347001413,587.609937776986,0.1154828742146492,0.9772727272727273,0.96875,0.9545454545454546,0.964562569213732,1.3533083645443196e-05,0.625,0.0,2.0,easy|medium|hard
test,0,4,244,32,0.5319017279834952,129.99798244802514,588.1423667909985,0.13412338495254517,0.9365079365079365,0.9375,0.9365079365079365,0.9365079365079365,1.3524760715771952e-05,0.96875,0.0,2.0,easy|medium|hard
test,0,4,245,32,0.5327419709938113,130.531301326002,588.6756856079737,0.2045593559741974,0.9117647058823529,0.90625,0.9166666666666667,0.906158357771261,1.3516437786100708e-05,0.78125,0.0,2.0,easy|medium|hard
test,0,4,246,32,0.5328716539952438,131.0646747040155,589.2090590869775,0.08988119661808014,0.96875,0.96875,0.9705882352941176,0.9687194525904204,1.3508114856429463e-05,1.0,0.0,2.0,hard|easy|medium
test,0,4,247,32,0.5320069279987365,131.5972253550135,589.7416096449888,0.27934202551841736,0.9166666666666667,0.90625,0.9117647058823529,0.906158357771261,1.3499791926758219e-05,0.875,0.0,2.0,hard|easy|medium
test,0,4,248,32,0.5327424610150047,132.130517195008,590.2749015609734,0.16156671941280365,0.96875,0.96875,0.9705882352941176,0.9687194525904204,1.3491468997086975e-05,0.84375,0.0,2.0,medium|easy|hard
test,0,4,249,32,0.5324864389840513,132.66351988201495,590.8079044389888,0.005814553238451481,1.0,1.0,1.0,1.0,1.348314606741573e-05,1.09375,0.0,2.0,hard|easy|medium
test,0,4,250,32,0.531829205021495,133.19584359100554,591.340227949986,0.011032357811927795,1.0,1.0,1.0,1.0,1.3474823137744487e-05,0.875,0.0,2.0,easy|medium|hard
test,0,4,251,32,0.5322388420172501,133.72862775000976,591.873012053984,0.3232826590538025,0.9333333333333333,0.9375,0.9473684210526316,0.9365079365079365,1.3466500208073243e-05,1.03125,0.0,2.0,hard|easy|medium
test,0,4,252,32,0.5329725049959961,134.26211660401896,592.4065008939942,0.32570552825927734,0.907843137254902,0.90625,0.90625,0.906158357771261,1.3458177278401998e-05,1.0625,0.0,2.0,hard|easy|medium
test,0,4,253,32,0.5311069560120814,134.79374671401456,592.9381310159806,0.005255397409200668,1.0,1.0,1.0,1.0,1.3449854348730755e-05,1.0625,0.0,2.0,easy|hard|medium
test,0,4,254,32,0.5315549549995922,135.3258667490154,593.4702510520001,0.010731248185038567,1.0,1.0,1.0,1.0,1.344153141905951e-05,1.125,0.0,2.0,easy|medium|hard
test,0,4,255,32,0.5323886779951863,135.8587884780136,594.003173109988,0.15198960900306702,0.9722222222222222,0.96875,0.9666666666666667,0.9684729064039409,1.3433208489388265e-05,1.09375,0.0,2.0,medium|easy|hard
test,0,4,256,32,0.5316239149833564,136.39098134700907,594.5353657569794,0.35635900497436523,0.8666666666666667,0.875,0.8666666666666667,0.8666666666666667,1.3424885559717022e-05,1.09375,0.0,2.0,medium|hard|easy
test,0,4,257,32,0.5309650860144757,136.92245429501054,595.0668385769823,0.18942487239837646,0.9666666666666667,0.96875,0.9722222222222222,0.9684729064039409,1.3416562630045777e-05,1.0625,0.0,2.0,medium|easy|hard
test,0,4,258,32,0.5326182710123248,137.45560870401096,595.5999930759717,0.33399420976638794,0.9285714285714286,0.90625,0.8928571428571428,0.9015384615384616,1.3408239700374532e-05,1.03125,0.0,2.0,medium|easy|hard
test,0,4,259,32,0.5315112129901536,137.9875467910024,596.1319311209954,0.15332989394664764,0.9705882352941176,0.96875,0.96875,0.9687194525904204,1.3399916770703289e-05,1.03125,0.0,2.0,hard|medium|easy
test,0,4,260,32,0.5316063679929357,138.5197202100244,596.6641044979915,0.005448620766401291,1.0,1.0,1.0,1.0,1.3391593841032044e-05,1.09375,0.0,2.0,hard|easy|medium
test,0,4,261,32,0.5322761900024489,139.05249799301964,597.196882365999,0.14950111508369446,0.9705882352941176,0.96875,0.96875,0.9687194525904204,1.3383270911360799e-05,1.09375,0.0,2.0,medium|easy|hard
test,0,4,262,32,0.531270676990971,139.5843215060013,597.7287061639945,0.01358057651668787,1.0,1.0,1.0,1.0,1.3374947981689556e-05,0.78125,0.0,2.0,easy|medium|hard
test,0,4,263,32,0.5311134380172007,140.11616508601583,598.2605494369927,0.03982093185186386,0.9666666666666667,0.96875,0.9722222222222222,0.9684729064039409,1.3366625052018311e-05,0.96875,0.0,2.0,hard|medium|easy
test,0,4,264,32,0.5328851070080418,140.64948146301322,598.7938657529885,0.010120008140802383,1.0,1.0,1.0,1.0,1.3358302122347066e-05,1.25,0.0,2.0,hard|medium|easy
test,0,4,265,32,0.531956730003003,141.1818909770227,599.3262753209856,0.017687898129224777,1.0,1.0,1.0,1.0,1.3349979192675823e-05,0.9375,0.0,2.0,hard|easy|medium
test,0,4,266,32,0.5316168239805847,141.71394361800049,599.8583279049781,0.03300599381327629,1.0,1.0,1.0,1.0,1.3341656263004578e-05,0.9375,0.0,2.0,medium|easy|hard
test,0,4,267,17,0.32000168299418874,142.0344052830187,600.1787895869929,0.005392469931393862,1.0,1.0,1.0,1.0,1.3333333333333333e-05,0.6470588445663452,0.0,2.0,easy|hard|medium
test,0,5,1,32,0.5330933110089973,0.6157644579943735,611.3237617229752,0.07833567261695862,0.9736842105263157,0.96875,0.9642857142857143,0.967967967967968,1.332501040366209e-05,1.09375,0.0,2.0,medium|easy|hard
test,0,5,2,32,0.5308099729882088,1.1473137289867736,611.8553076009848,0.026117483153939247,1.0,1.0,1.0,1.0,1.3316687473990845e-05,1.0625,0.0,2.0,hard|easy|medium
test,0,5,3,32,0.5325170750147663,1.6804098889988381,612.3884035369847,0.10480718314647675,0.9365079365079365,0.9375,0.9365079365079365,0.9365079365079365,1.33083645443196e-05,1.03125,0.0,2.0,medium|hard|easy
test,0,5,4,32,0.5319793559901882,2.212919104989851,612.9209127009963,0.3225592374801636,0.9210526315789473,0.90625,0.90625,0.9054187192118226,1.3300041614648357e-05,1.0625,0.0,2.0,medium|hard|easy
test,0,5,5,32,0.5312403500138316,2.7447330719733145,613.4527266589866,0.0047668591141700745,1.0,1.0,1.0,1.0,1.3291718684977112e-05,1.03125,0.0,2.0,easy|medium|hard
test,0,5,6,32,0.532238108018646,3.2775078330014367,613.9855014509812,0.07954321801662445,0.9615384615384616,0.96875,0.975,0.9671794871794872,1.3283395755305868e-05,1.0,0.0,2.0,easy|medium|hard
test,0,5,7,32,0.5323408539989032,3.810435035993578,614.5184286729782,0.1583741456270218,0.9736842105263157,0.96875,0.9642857142857143,0.967967967967968,1.3275072825634624e-05,0.84375,0.0,2.0,hard|easy|medium
test,0,5,8,32,0.5311443169775885,4.342122383997776,615.0501160459826,0.03717274218797684,0.96875,0.96875,0.9705882352941176,0.9687194525904204,1.326674989596338e-05,1.09375,0.0,2.0,easy|hard|medium
test,0,5,9,32,0.5319842960161623,4.874654044979252,615.582647725998,0.2546742856502533,0.9272727272727272,0.9375,0.9272727272727272,0.9272727272727272,1.3258426966292135e-05,0.90625,0.0,2.0,easy|medium|hard
test,0,5,10,32,0.5318256879982073,5.407000961975427,616.1149946129881,0.17802439630031586,0.975,0.96875,0.9615384615384616,0.9671794871794872,1.3250104036620891e-05,1.03125,0.0,2.0,hard|medium|easy
test,0,5,11,32,0.5313167409913149,5.938843083975371,616.646836704982,0.015832286328077316,1.0,1.0,1.0,1.0,1.3241781106949647e-05,1.0,0.0,2.0,medium|hard|easy
test,0,5,12,32,0.5326270709920209,6.4720041809778195,617.1799978319905,0.0059663052670657635,1.0,1.0,1.0,1.0,1.3233458177278402e-05,1.0,0.0,2.0,hard|easy|medium
test,0,5,13,32,0.5321477460092865,7.004715046990896,617.7127087029803,0.07952290773391724,0.9333333333333333,0.9375,0.9473684210526316,0.9365079365079365,1.3225135247607159e-05,1.0,0.0,2.0,medium|hard|easy
test,0,5,14,32,0.5307981829973869,7.5360674419789575,618.244061091973,0.006277083419263363,1.0,1.0,1.0,1.0,1.3216812317935914e-05,0.875,0.0,2.0,hard|easy|medium
test,0,5,15,32,0.532858763996046,8.06947392897564,618.7774675659894,0.0386897474527359,1.0,1.0,1.0,1.0,1.3208489388264669e-05,0.9375,0.0,2.0,easy|medium|hard
test,0,5,16,32,0.5317595009983052,8.6018409349781,619.3098345789767,0.11756416410207748,0.95,0.96875,0.9782608695652174,0.9625730994152046,1.3200166458593426e-05,0.9375,0.0,2.0,hard|medium|easy
test,0,5,17,32,0.5307223559939303,9.133104157983325,619.8410978749744,0.010398458689451218,1.0,1.0,1.0,1.0,1.319184352892218e-05,1.3125,0.0,2.0,hard|easy|medium
test,0,5,18,32,0.5323229340137914,9.665945417975308,620.373939054989,0.0073692575097084045,1.0,1.0,1.0,1.0,1.3183520599250936e-05,1.0,0.0,2.0,medium|hard|easy
test,0,5,19,32,0.5325028639927041,10.198994896985823,620.9069886029756,0.013716096989810467,1.0,1.0,1.0,1.0,1.3175197669579693e-05,1.09375,0.0,2.0,hard|easy|medium
test,0,5,20,32,0.531813590991078,10.731610017974162,621.4396036699763,0.14427077770233154,0.9722222222222222,0.96875,0.9666666666666667,0.9684729064039409,1.3166874739908448e-05,0.90625,0.0,2.0,medium|hard|easy
test,0,5,21,32,0.5329493489989545,11.265087889973074,621.9730814879877,0.18069809675216675,0.975,0.96875,0.9615384615384616,0.9671794871794872,1.3158551810237205e-05,0.71875,0.0,2.0,easy|medium|hard
test,0,5,22,32,0.5316394499968737,11.797246943984646,622.5052405999741,0.004789382219314575,1.0,1.0,1.0,1.0,1.315022888056596e-05,1.09375,0.0,2.0,hard|medium|easy
test,0,5,23,32,0.5314616390096489,12.32919437700184,623.0371880210005,0.009226786904036999,1.0,1.0,1.0,1.0,1.3141905950894715e-05,1.03125,0.0,2.0,medium|easy|hard
test,0,5,24,32,0.532540963991778,12.862255992979044,623.5702496269951,0.002965295687317848,1.0,1.0,1.0,1.0,1.3133583021223472e-05,1.21875,0.0,2.0,hard|easy|medium
test,0,5,25,32,0.5312002589926124,13.393948196986457,624.1019418439828,0.18650704622268677,0.975,0.96875,0.9615384615384616,0.9671794871794872,1.3125260091552227e-05,0.5625,0.0,2.0,easy|hard|medium
test,0,5,26,32,0.531344977003755,13.9258160579775,624.6338097539847,0.04156558960676193,0.9705882352941176,0.96875,0.96875,0.9687194525904204,1.3116937161880982e-05,1.125,0.0,2.0,hard|easy|medium
test,0,5,27,32,0.5327600100135896,14.459063344984315,625.1670569559792,0.004836641252040863,1.0,1.0,1.0,1.0,1.3108614232209739e-05,0.96875,0.0,2.0,medium|hard|easy
test,0,5,28,32,0.5314383980003186,14.991085692978231,625.6990792899742,0.002913940232247114,1.0,1.0,1.0,1.0,1.3100291302538494e-05,1.0,0.0,2.0,medium|easy|hard
test,0,5,29,32,0.5313529199920595,15.522934173000976,626.2309277819877,0.0031825299374759197,1.0,1.0,1.0,1.0,1.309196837286725e-05,0.875,0.0,2.0,medium|easy|hard
test,0,5,30,32,0.5323459140199702,16.055817023996497,626.7638106349914,0.0184863843023777,1.0,1.0,1.0,1.0,1.3083645443196006e-05,1.1875,0.0,2.0,hard|easy|medium
test,0,5,31,32,0.5327944239834324,16.58915174298454,627.297145338991,0.004040926229208708,1.0,1.0,1.0,1.0,1.3075322513524761e-05,1.15625,0.0,2.0,easy|hard|medium
test,0,5,32,32,0.5319876479916275,17.121694668981945,627.8296882719733,0.011156127788126469,1.0,1.0,1.0,1.0,1.3066999583853516e-05,1.40625,0.0,2.0,easy|hard|medium
test,0,5,33,32,0.5321791799797211,17.654452072980348,628.362445679988,0.05841260403394699,0.9736842105263157,0.96875,0.9642857142857143,0.967967967967968,1.3058676654182273e-05,1.15625,0.0,2.0,hard|easy|medium
test,0,5,34,32,0.5319997089973185,18.186975477990927,628.8949693689938,0.4266497492790222,0.9473684210526316,0.9375,0.9333333333333333,0.9365079365079365,1.3050353724511028e-05,0.65625,0.0,2.0,medium|easy|hard
test,0,5,35,32,0.5314898820070084,18.718984149978496,629.4269777499721,0.17830553650856018,0.9642857142857143,0.96875,0.9736842105263157,0.967967967967968,1.3042030794839784e-05,1.21875,0.0,2.0,hard|easy|medium
test,0,5,36,32,0.5304537909978535,19.249971420998918,629.9579650229716,0.00520996144041419,1.0,1.0,1.0,1.0,1.303370786516854e-05,1.03125,0.0,2.0,hard|medium|easy
test,0,5,37,32,0.5323106019932311,19.782777553977212,630.4907712009735,0.09674494713544846,0.9545454545454546,0.9375,0.9166666666666667,0.9307359307359306,1.3025384935497296e-05,0.875,0.0,2.0,medium|hard|easy
test,0,5,38,32,0.5318350460147485,20.315127029985888,631.0231206539902,0.004650400020182133,1.0,1.0,1.0,1.0,1.301706200582605e-05,1.21875,0.0,2.0,hard|medium|easy
test,0,5,39,32,0.5308581890130881,20.846523896994768,631.5545175099978,0.1799015998840332,0.9333333333333333,0.9375,0.9473684210526316,0.9365079365079365,1.3008739076154807e-05,1.03125,0.0,2.0,hard|medium|easy
test,0,5,40,32,0.5323460720246658,21.379396049975185,632.0873896639969,0.004170243628323078,1.0,1.0,1.0,1.0,1.3000416146483563e-05,0.96875,0.0,2.0,medium|easy|hard
test,0,5,41,32,0.5321546889899764,21.91211044898955,632.6201040629821,0.20390084385871887,0.9333333333333333,0.9375,0.9333333333333333,0.9333333333333333,1.2992093216812318e-05,1.125,0.0,2.0,easy|hard|medium
test,0,5,42,32,0.5309729260043241,22.443626456981292,633.1516200909973,0.004409502726048231,1.0,1.0,1.0,1.0,1.2983770287141075e-05,0.90625,0.0,2.0,easy|hard|medium
test,0,5,43,32,0.5322635030024685,22.976460737001617,633.6844543449988,0.1624646782875061,0.96875,0.96875,0.9705882352941176,0.9687194525904204,1.297544735746983e-05,0.9375,0.0,2.0,hard|easy|medium
test,0,5,44,32,0.5311235009867232,23.508113960997434,634.2161075959739,0.14559370279312134,0.96875,0.96875,0.9705882352941176,0.9687194525904204,1.2967124427798585e-05,0.90625,0.0,2.0,hard|easy|medium
test,0,5,45,32,0.5315070110082161,24.040131563000614,634.7481252429716,0.16456498205661774,0.9722222222222222,0.96875,0.9666666666666667,0.9684729064039409,1.2958801498127342e-05,0.96875,0.0,2.0,hard|easy|medium
test,0,5,46,32,0.5319920830079354,24.572660926001845,635.280654563976,0.007461384870111942,1.0,1.0,1.0,1.0,1.2950478568456097e-05,1.0,0.0,2.0,medium|easy|hard
test,0,5,47,32,0.5316312359937001,25.10483260799083,635.8128262479731,0.009059058502316475,1.0,1.0,1.0,1.0,1.2942155638784852e-05,1.0,0.0,2.0,easy|hard|medium
test,0,5,48,32,0.5310739740089048,25.636452649981948,636.3444462749758,0.006253684870898724,1.0,1.0,1.0,1.0,1.2933832709113609e-05,1.09375,0.0,2.0,hard|easy|medium
test,0,5,49,32,0.5320765020151157,26.168954604974715,636.8769482520001,0.0061425440944731236,1.0,1.0,1.0,1.0,1.2925509779442364e-05,0.6875,0.0,2.0,easy|medium|hard
test,0,5,50,32,0.5321850980108138,26.70164794998709,637.4096416009997,0.006906013935804367,1.0,1.0,1.0,1.0,1.2917186849771119e-05,1.03125,0.0,2.0,hard|easy|medium
test,0,5,51,32,0.5303059680154547,27.232514874980552,637.9405084929895,0.09152479469776154,0.96875,0.96875,0.9705882352941176,0.9687194525904204,1.2908863920099876e-05,0.875,0.0,2.0,medium|easy|hard
test,0,5,52,32,0.5325952109997161,27.765692504995968,638.473686133977,0.31428301334381104,0.9372549019607843,0.9375,0.9372549019607843,0.9372549019607843,1.2900540990428631e-05,0.9375,0.0,2.0,easy|hard|medium
test,0,5,53,32,0.5313959399936721,28.297611499001505,639.0056051309803,0.12304332107305527,0.9722222222222222,0.96875,0.9666666666666667,0.9684729064039409,1.2892218060757386e-05,1.09375,0.0,2.0,easy|hard|medium
test,0,5,54,32,0.530468920012936,28.828635368990945,639.5366292209947,0.07514668256044388,0.9666666666666667,0.96875,0.9722222222222222,0.9684729064039409,1.2883895131086143e-05,1.0,0.0,2.0,hard|medium|easy
test,0,5,55,32,0.5322973180154804,29.361452015989926,640.069445672998,0.17236530780792236,0.9666666666666667,0.96875,0.9722222222222222,0.9684729064039409,1.2875572201414898e-05,0.9375,0.0,2.0,easy|hard|medium
test,0,5,56,32,0.5316087350074667,29.8936025769799,640.6015962089878,0.3110157251358032,0.90625,0.90625,0.907843137254902,0.906158357771261,1.2867249271743657e-05,0.71875,0.0,2.0,medium|easy|hard
test,0,5,57,32,0.5308587609906681,30.42494735697983,641.1329409889877,0.0874151885509491,0.9545454545454546,0.96875,0.9772727272727273,0.964562569213732,1.285892634207241e-05,1.03125,0.0,2.0,hard|medium|easy
test,0,5,58,32,0.5328562679933384,30.95825089199934,641.666244551976,0.04711397364735603,0.9642857142857143,0.96875,0.9736842105263157,0.967967967967968,1.2850603412401165e-05,0.9375,0.0,2.0,easy|hard|medium
test,0,5,59,32,0.5319609100115485,31.49072135798633,642.1987149959896,0.007031149696558714,1.0,1.0,1.0,1.0,1.2842280482729924e-05,0.78125,0.0,2.0,hard|medium|easy
test,0,5,60,32,0.531104118010262,32.02240220300155,642.7303957909753,0.0220421701669693,1.0,1.0,1.0,1.0,1.2833957553058677e-05,0.96875,0.0,2.0,easy|medium|hard
test,0,5,61,32,0.5325676539796405,32.5555606429989,643.2635545649973,0.04045133292675018,0.9666666666666667,0.96875,0.9722222222222222,0.9684729064039409,1.2825634623387432e-05,1.03125,0.0,2.0,medium|hard|easy
test,0,5,62,32,0.5320539450040087,33.08819188099005,643.7961855319736,0.0616544708609581,0.9736842105263157,0.96875,0.9642857142857143,0.967967967967968,1.281731169371619e-05,0.96875,0.0,2.0,hard|medium|easy
test,0,5,63,32,0.5316618689976167,33.62041649399907,644.3284101299942,0.036625489592552185,0.9722222222222222,0.96875,0.9666666666666667,0.9684729064039409,1.2808988764044944e-05,1.09375,0.0,2.0,easy|hard|medium
test,0,5,64,32,0.5326115219795611,34.153561745974,644.8615554549906,0.1578270047903061,0.9333333333333333,0.9375,0.9473684210526316,0.9365079365079365,1.28006658343737e-05,1.0625,0.0,2.0,hard|easy|medium
test,0,5,65,32,0.5316028129891492,34.68572110298555,645.3937147669785,0.11627426743507385,0.96875,0.96875,0.9705882352941176,0.9687194525904204,1.2792342904702456e-05,1.09375,0.0,2.0,easy|medium|hard
test,0,5,66,32,0.531233242014423,35.217476026999066,645.9254696699791,0.014917699620127678,1.0,1.0,1.0,1.0,1.2784019975031212e-05,0.90625,0.0,2.0,easy|hard|medium
test,0,5,67,32,0.532539238978643,35.7505778989871,646.4585715509893,0.22732307016849518,0.9365079365079365,0.9375,0.9365079365079365,0.9365079365079365,1.2775697045359967e-05,0.9375,0.0,2.0,hard|medium|easy
test,0,5,68,32,0.5321276580216363,36.28323620397714,646.991229842999,0.024090563878417015,1.0,1.0,1.0,1.0,1.2767374115688724e-05,0.75,0.0,2.0,easy|medium|hard
test,0,5,69,32,0.5316599140060134,36.81537263398059,647.5233663079853,0.0347532257437706,1.0,1.0,1.0,1.0,1.2759051186017479e-05,0.78125,0.0,2.0,easy|medium|hard
test,0,5,70,32,0.5320275480044074,37.347993616975145,648.0559872749727,0.0059745898470282555,1.0,1.0,1.0,1.0,1.2750728256346234e-05,0.9375,0.0,2.0,hard|medium|easy
test,0,5,71,32,0.5329802909982391,37.881578595988685,648.5895722599817,0.04163508117198944,0.975,0.96875,0.9615384615384616,0.9671794871794872,1.274240532667499e-05,1.1875,0.0,2.0,easy|hard|medium
test,0,5,72,32,0.5313376809936017,38.413441553973826,649.1214351529779,0.0312433373183012,0.9705882352941176,0.96875,0.96875,0.9687194525904204,1.2734082397003746e-05,0.9375,0.0,2.0,easy|medium|hard
test,0,5,73,32,0.5318842319829855,38.94584358599968,649.6538374129741,0.014598235487937927,1.0,1.0,1.0,1.0,1.2725759467332501e-05,0.90625,0.0,2.0,hard|easy|medium
test,0,5,74,32,0.5321887389873154,39.47857716598082,650.1865707959805,0.3443862199783325,0.907843137254902,0.90625,0.90625,0.906158357771261,1.2717436537661258e-05,1.0625,0.0,2.0,medium|easy|hard
test,0,5,75,32,0.5314611339999828,40.010505236976314,650.7184988399968,0.0239917803555727,1.0,1.0,1.0,1.0,1.2709113607990013e-05,0.90625,0.0,2.0,easy|medium|hard
test,0,5,76,32,0.5305901360115968,40.54162296798313,651.2496166639903,0.021705664694309235,1.0,1.0,1.0,1.0,1.2700790678318768e-05,1.03125,0.0,2.0,easy|hard|medium
test,0,5,77,32,0.5327739389904309,41.074843801994575,651.7828374459932,0.110444076359272,0.9642857142857143,0.96875,0.9736842105263157,0.967967967967968,1.2692467748647525e-05,1.09375,0.0,2.0,medium|hard|easy
test,0,5,78,32,0.5316148919810075,41.6069212279981,652.3149148369848,0.1587596833705902,0.9722222222222222,0.96875,0.9666666666666667,0.9684729064039409,1.268414481897628e-05,0.90625,0.0,2.0,medium|easy|hard
test,0,5,79,32,0.5312268339912407,42.1387004799908,652.8466941419756,0.06067480146884918,0.9615384615384616,0.96875,0.975,0.9671794871794872,1.2675821889305035e-05,1.03125,0.0,2.0,hard|medium|easy
test,0,5,80,32,0.5323461329971906,42.67159199898015,653.3795856039796,0.005086453631520271,1.0,1.0,1.0,1.0,1.2667498959633792e-05,0.78125,0.0,2.0,hard|medium|easy
test,0,5,81,32,0.5319865329947788,43.204175478982506,653.9121691149776,0.14904221892356873,0.9352226720647774,0.9375,0.9352226720647774,0.9352226720647774,1.2659176029962547e-05,1.0625,0.0,2.0,medium|easy|hard
test,0,5,82,32,0.5313746469910257,43.73608074898948,654.4440743699961,0.026897091418504715,1.0,1.0,1.0,1.0,1.2650853100291302e-05,1.0625,0.0,2.0,easy|medium|hard
test,0,5,83,32,0.532127035985468,44.268821159988875,654.9768148279982,0.0037475568242371082,1.0,1.0,1.0,1.0,1.2642530170620059e-05,1.0625,0.0,2.0,hard|easy|medium
test,0,5,84,32,0.5311046470014844,44.80047823800123,655.5084718689905,0.10159003734588623,0.9736842105263157,0.96875,0.9642857142857143,0.967967967967968,1.2634207240948814e-05,1.03125,0.0,2.0,hard|easy|medium
test,0,5,85,32,0.5307215260108933,45.331748450000305,656.0397420969966,0.018880819901823997,1.0,1.0,1.0,1.0,1.262588431127757e-05,0.71875,0.0,2.0,easy|medium|hard
test,0,5,86,32,0.5318974089750554,45.86421722898376,656.5722108639893,0.1466129720211029,0.9761904761904762,0.96875,0.9583333333333333,0.9660657476139979,1.2617561381606326e-05,1.09375,0.0,2.0,medium|easy|hard
test,0,5,87,32,0.5315940699947532,46.39634729598765,657.1043409029953,0.3271239697933197,0.8947368421052632,0.875,0.8823529411764706,0.8745098039215686,1.2609238451935081e-05,0.78125,0.0,2.0,hard|medium|easy
test,0,5,88,32,0.5311253300169483,46.928107303974684,657.636100934993,0.06344646215438843,0.96875,0.96875,0.9705882352941176,0.9687194525904204,1.2600915522263836e-05,0.875,0.0,2.0,medium|easy|hard
test,0,5,89,32,0.5328397800039966,47.46151649300009,658.1695101159858,0.20068641006946564,0.95,0.96875,0.9782608695652174,0.9625730994152046,1.2592592592592593e-05,1.03125,0.0,2.0,easy|hard|medium
test,0,5,90,32,0.5321215489821043,47.99422259698622,658.7022162399953,0.1265101581811905,0.9772727272727273,0.96875,0.9545454545454546,0.964562569213732,1.2584269662921348e-05,1.0,0.0,2.0,easy|hard|medium
test,0,5,91,32,0.5309617799939588,48.525741601974005,659.2337352489994,0.00504777068272233,1.0,1.0,1.0,1.0,1.2575946733250104e-05,0.71875,0.0,2.0,hard|easy|medium
test,0,5,92,32,0.5325491830008104,49.058837170974584,659.7668308059801,0.041205622255802155,1.0,1.0,1.0,1.0,1.256762380357886e-05,1.03125,0.0,2.0,medium|easy|hard
test,0,5,93,32,0.5315110890078358,49.59084991598502,660.2988435469742,0.0997030958533287,0.9772727272727273,0.96875,0.9545454545454546,0.964562569213732,1.2559300873907616e-05,0.96875,0.0,2.0,medium|hard|easy
test,0,5,94,32,0.5309445989842061,50.12223079899559,660.8302244399965,0.09776201844215393,0.9372549019607843,0.9375,0.9372549019607843,0.9372549019607843,1.2550977944236374e-05,0.9375,0.0,2.0,hard|easy|medium
test,0,5,95,32,0.5326646920002531,50.65540033299476,661.3633939399733,0.005779602564871311,1.0,1.0,1.0,1.0,1.2542655014565128e-05,1.0625,0.0,2.0,hard|easy|medium
test,0,5,96,32,0.5318732039886527,51.18783381098183,661.8958274439792,0.1702779233455658,0.9444444444444444,0.9375,0.9375,0.9372549019607843,1.2534332084893883e-05,1.125,0.0,2.0,medium|hard|easy
test,0,5,97,32,0.5304298539995216,51.71883744097431,662.4268310969928,0.01901072822511196,1.0,1.0,1.0,1.0,1.2526009155222641e-05,1.25,0.0,2.0,medium|hard|easy
test,0,5,98,32,0.533222386991838,52.25255379398004,662.9605474049749,0.0206548273563385,1.0,1.0,1.0,1.0,1.2517686225551395e-05,0.875,0.0,2.0,hard|medium|easy
test,0,5,99,32,0.5314718300069217,52.78462832898367,663.4926219409972,0.005294889211654663,1.0,1.0,1.0,1.0,1.250936329588015e-05,0.96875,0.0,2.0,easy|hard|medium
test,0,5,100,32,0.5308145320159383,53.315984298998956,664.0239779329859,0.02015390433371067,1.0,1.0,1.0,1.0,1.2501040366208908e-05,1.0625,0.0,2.0,medium|hard|easy
test,0,5,101,32,0.5325992710131686,53.84915006600204,664.557143655984,0.27480217814445496,0.9087301587301587,0.90625,0.903921568627451,0.9054187192118226,1.2492717436537662e-05,1.0625,0.0,2.0,hard|medium|easy
test,0,5,102,32,0.5314523059932981,54.38111740999739,665.0891110299854,0.11060315370559692,0.9761904761904762,0.96875,0.9583333333333333,0.9660657476139979,1.2484394506866417e-05,1.15625,0.0,2.0,hard|medium|easy
test,0,5,103,32,0.5318117840215564,54.9134895390016,665.6214832009864,0.00885159894824028,1.0,1.0,1.0,1.0,1.2476071577195174e-05,1.09375,0.0,2.0,medium|hard|easy
test,0,5,104,32,0.5322311249910854,55.44624276799732,666.1542363569897,0.09455963969230652,0.9642857142857143,0.96875,0.9736842105263157,0.967967967967968,1.2467748647523929e-05,0.75,0.0,2.0,easy|medium|hard
test,0,5,105,32,0.5315861369890627,55.978424341999926,666.6864179749973,0.16067622601985931,0.96875,0.96875,0.9705882352941176,0.9687194525904204,1.2459425717852684e-05,0.8125,0.0,2.0,easy|hard|medium
test,0,5,106,32,0.5320075829804409,56.510963248991175,667.2189569859765,0.23176462948322296,0.9352226720647774,0.9375,0.9352226720647774,0.9352226720647774,1.2451102788181441e-05,0.875,0.0,2.0,medium|hard|easy
test,0,5,107,32,0.5325354240194429,57.04402807497536,667.752021681983,0.00643907068297267,1.0,1.0,1.0,1.0,1.2442779858510196e-05,1.03125,0.0,2.0,medium|easy|hard
test,0,5,108,32,0.5317469720030203,57.57630229298957,668.28429593498,0.12360420823097229,0.975,0.96875,0.9615384615384616,0.9671794871794872,1.2434456928838951e-05,1.0,0.0,2.0,medium|hard|easy
test,0,5,109,32,0.5311378060141578,58.107883920980385,668.8158775579941,0.18700775504112244,0.9230769230769231,0.9375,0.9523809523809523,0.9333333333333333,1.2426133999167708e-05,1.1875,0.0,2.0,medium|easy|hard
test,0,5,110,32,0.5322462279873434,58.64070077397628,669.3486943819735,0.1911216825246811,0.975,0.96875,0.9615384615384616,0.9671794871794872,1.2417811069496463e-05,0.78125,0.0,2.0,easy|medium|hard
test,0,5,111,32,0.5323587490129285,59.17360221699346,669.8815958459745,0.019545063376426697,1.0,1.0,1.0,1.0,1.2409488139825218e-05,0.96875,0.0,2.0,hard|easy|medium
test,0,5,112,32,0.5315482419973705,59.70568036599434,670.4136739989917,0.12335742264986038,0.9375,0.9375,0.9444444444444444,0.9372549019607843,1.2401165210153975e-05,1.15625,0.0,2.0,hard|medium|easy
test,0,5,113,32,0.5303914690157399,60.23663398998906,670.9446276089875,0.11053396016359329,0.9736842105263157,0.96875,0.9642857142857143,0.967967967967968,1.239284228048273e-05,1.0625,0.0,2.0,medium|easy|hard
test,0,5,114,32,0.5320053480099887,60.769136675982736,671.4771303609887,0.0313272625207901,0.9642857142857143,0.96875,0.9736842105263157,0.967967967967968,1.2384519350811485e-05,0.90625,0.0,2.0,easy|medium|hard
test,0,5,115,32,0.5316480600158684,61.301376285991864,672.009369921987,0.05626446753740311,0.9545454545454546,0.96875,0.9772727272727273,0.964562569213732,1.2376196421140242e-05,1.0,0.0,2.0,hard|medium|easy
test,0,5,116,32,0.5309890210046433,61.83281760799582,672.5408112769946,0.053590111434459686,0.96875,0.96875,0.9705882352941176,0.9687194525904204,1.2367873491468997e-05,1.09375,0.0,2.0,hard|medium|easy
test,0,5,117,32,0.5323405480012298,62.365651301981416,673.0736449419928,0.00766880763694644,1.0,1.0,1.0,1.0,1.2359550561797752e-05,0.9375,0.0,2.0,hard|medium|easy
test,0,5,118,32,0.531119150982704,62.89732715400169,673.6053208039957,0.007059774361550808,1.0,1.0,1.0,1.0,1.235122763212651e-05,0.875,0.0,2.0,hard|medium|easy
test,0,5,119,32,0.531180577003397,63.42897712800186,674.1369707839913,0.10772755742073059,0.96875,0.96875,0.9705882352941176,0.9687194525904204,1.2342904702455264e-05,0.875,0.0,2.0,medium|easy|hard
test,0,5,120,32,0.5319805440085474,63.961502105987165,674.6694957459986,0.03889079391956329,0.96875,0.96875,0.9705882352941176,0.9687194525904204,1.233458177278402e-05,1.28125,0.0,2.0,easy|hard|medium
test,0,5,121,32,0.5313795319816563,64.49344770997413,675.2014413549914,0.06583554297685623,0.9705882352941176,0.96875,0.96875,0.9687194525904204,1.2326258843112776e-05,0.875,0.0,2.0,hard|easy|medium
test,0,5,122,32,0.5315403680142481,65.0255256749806,675.7335193179897,0.12196076661348343,0.9722222222222222,0.96875,0.9666666666666667,0.9684729064039409,1.2317935913441532e-05,0.875,0.0,2.0,medium|hard|easy
test,0,5,123,32,0.5320506210264284,65.55811973600066,676.2661133359943,0.02440475858747959,1.0,1.0,1.0,1.0,1.2309612983770287e-05,1.125,0.0,2.0,easy|hard|medium
test,0,5,124,32,0.5321548630017787,66.09081953499117,676.7988131679886,0.24589665234088898,0.9736842105263157,0.96875,0.9642857142857143,0.967967967967968,1.2301290054099044e-05,1.0,0.0,2.0,medium|easy|hard
test,0,5,125,32,0.5312506280024536,66.62264833497466,677.3306419459987,0.15761815011501312,0.9666666666666667,0.96875,0.9722222222222222,0.9684729064039409,1.2292967124427799e-05,0.84375,0.0,2.0,medium|easy|hard
test,0,5,126,32,0.5319862999895122,67.15515210299054,677.8631459469907,0.09042267501354218,0.9615384615384616,0.96875,0.975,0.9671794871794872,1.2284644194756554e-05,1.03125,0.0,2.0,medium|hard|easy
test,0,5,127,32,0.5322122820070945,67.68780845898436,678.3958020999853,0.20932191610336304,0.9705882352941176,0.96875,0.96875,0.9687194525904204,1.227632126508531e-05,0.875,0.0,2.0,medium|easy|hard
test,0,5,128,32,0.5309169699903578,68.21924291100004,678.9272365699871,0.05312841758131981,0.9642857142857143,0.96875,0.9736842105263157,0.967967967967968,1.2267998335414066e-05,0.875,0.0,2.0,medium|easy|hard
test,0,5,129,32,0.5325932500127237,68.7524076429836,679.4604012679774,0.04232063144445419,0.9761904761904762,0.96875,0.9583333333333333,0.9660657476139979,1.2259675405742824e-05,0.875,0.0,2.0,hard|medium|easy
test,0,5,130,32,0.5317372969875578,69.28473433398176,679.9927279749827,0.1583123505115509,0.9736842105263157,0.96875,0.9642857142857143,0.967967967967968,1.2251352476071578e-05,1.1875,0.0,2.0,easy|medium|hard
test,0,5,131,32,0.5309099619917106,69.81620638398454,680.5242000859871,0.0073559642769396305,1.0,1.0,1.0,1.0,1.2243029546400333e-05,1.03125,0.0,2.0,medium|hard|easy
test,0,5,132,32,0.5329675209941342,70.3496969609987,681.0576905909984,0.15173476934432983,0.9375,0.9375,0.9444444444444444,0.9372549019607843,1.2234706616729091e-05,0.90625,0.0,2.0,medium|hard|easy
test,0,5,133,32,0.5316916489973664,70.88198712898884,681.5899807449896,0.007062428630888462,1.0,1.0,1.0,1.0,1.2226383687057845e-05,1.125,0.0,2.0,easy|hard|medium
test,0,5,134,32,0.5310828380170278,71.41363001900027,682.121623620973,0.05278123915195465,0.9666666666666667,0.96875,0.9722222222222222,0.9684729064039409,1.22180607573866e-05,1.09375,0.0,2.0,medium|easy|hard
test,0,5,135,32,0.5328779050032608,71.9470836709952,682.6550773009949,0.19440805912017822,0.8745098039215686,0.875,0.8745098039215686,0.8745098039215686,1.2209737827715359e-05,1.15625,0.0,2.0,medium|easy|hard
test,0,5,136,32,0.5320416649919935,72.47959303099196,683.1875866709743,0.09178189188241959,0.975,0.96875,0.9615384615384616,0.9671794871794872,1.2201414898044112e-05,1.125,0.0,2.0,easy|hard|medium
test,0,5,137,32,0.5311591759964358,73.0113667009864,683.7193603619817,0.010189197026193142,1.0,1.0,1.0,1.0,1.2193091968372867e-05,0.9375,0.0,2.0,medium|easy|hard
test,0,5,138,32,0.5326666590117384,73.54461934699793,684.2526130699844,0.17054533958435059,0.9375,0.9375,0.9444444444444444,0.9372549019607843,1.2184769038701626e-05,0.96875,0.0,2.0,easy|medium|hard
test,0,5,139,32,0.5320675749971997,74.07727014497505,684.7852637909818,0.16992643475532532,0.96875,0.96875,0.9705882352941176,0.9687194525904204,1.2176446109030379e-05,1.1875,0.0,2.0,easy|hard|medium
test,0,5,140,32,0.5314344299840741,74.60918988398043,685.3171835349931,0.09504920244216919,0.975,0.96875,0.9615384615384616,0.9671794871794872,1.2168123179359134e-05,1.03125,0.0,2.0,easy|medium|hard
test,0,5,141,32,0.532868365989998,75.14250220099348,685.8504958029953,0.07931480556726456,0.9444444444444444,0.9375,0.9375,0.9372549019607843,1.2159800249687893e-05,1.0,0.0,2.0,easy|medium|hard
test,0,5,142,32,0.5314052820031065,75.6744066469837,686.3824002879846,0.039140403270721436,0.9722222222222222,0.96875,0.9666666666666667,0.9684729064039409,1.2151477320016646e-05,1.0,0.0,2.0,easy|hard|medium
test,0,5,143,32,0.5324414140195586,76.20744046897744,686.9154340749956,0.06844503432512283,0.9411764705882353,0.9375,0.9411764705882353,0.9375,1.2143154390345401e-05,0.96875,0.0,2.0,easy|medium|hard
test,0,5,144,32,0.5326081230014097,76.74059035099344,687.4485839869885,0.13886435329914093,0.9411764705882353,0.9375,0.9411764705882353,0.9375,1.213483146067416e-05,1.125,0.0,2.0,medium|easy|hard
test,0,5,145,32,0.5315445620217361,77.27266444297857,687.980658059998,0.022473013028502464,1.0,1.0,1.0,1.0,1.2126508531002913e-05,1.21875,0.0,2.0,hard|medium|easy
test,0,5,146,32,0.5313532449945342,77.80456547098584,688.5125591039832,0.24728932976722717,0.9375,0.9375,0.9444444444444444,0.9372549019607843,1.2118185601331669e-05,1.03125,0.0,2.0,hard|medium|easy
test,0,5,147,32,0.5320227199990768,78.33717572499881,689.0451693279902,0.03715113550424576,0.96875,0.96875,0.9705882352941176,0.9687194525904204,1.2109862671660425e-05,0.6875,0.0,2.0,easy|hard|medium
test,0,5,148,32,0.5317369450058322,78.86946180398809,689.577455437975,0.019273273646831512,1.0,1.0,1.0,1.0,1.210153974198918e-05,1.0625,0.0,2.0,hard|medium|easy
test,0,5,149,32,0.531586037017405,79.40161703000194,690.1096106649784,0.014331319369375706,1.0,1.0,1.0,1.0,1.2093216812317936e-05,1.21875,0.0,2.0,hard|medium|easy
test,0,5,150,32,0.532416310015833,79.93457684398163,690.6425704779977,0.0898834764957428,0.9545454545454546,0.9375,0.9166666666666667,0.9307359307359306,1.2084893882646692e-05,1.0,0.0,2.0,hard|easy|medium
test,0,5,151,32,0.5323680639849044,80.46755530699738,691.1755489029747,0.007279182784259319,1.0,1.0,1.0,1.0,1.2076570952975448e-05,1.28125,0.0,2.0,easy|medium|hard
test,0,5,152,32,0.5315360700187739,80.99963569297688,691.707629335986,0.09230457991361618,0.9642857142857143,0.96875,0.9736842105263157,0.967967967967968,1.2068248023304203e-05,0.96875,0.0,2.0,medium|hard|easy
test,0,5,153,32,0.5319472679984756,81.5321791919996,692.2401728429832,0.005465407390147448,1.0,1.0,1.0,1.0,1.205992509363296e-05,0.9375,0.0,2.0,easy|hard|medium
test,0,5,154,32,0.5325503640051465,82.06528034899384,692.7732739899948,0.02221267856657505,1.0,1.0,1.0,1.0,1.2051602163961715e-05,0.71875,0.0,2.0,medium|easy|hard
test,0,5,155,32,0.5318182799965143,82.59753237199038,693.3055259749817,0.004385903477668762,1.0,1.0,1.0,1.0,1.204327923429047e-05,1.1875,0.0,2.0,hard|medium|easy
test,0,5,156,32,0.5304403259942774,83.1284754340013,693.8364691139723,0.2114059329032898,0.925,0.90625,0.9,0.9039039039039038,1.2034956304619227e-05,1.0625,0.0,2.0,medium|easy|hard
test,0,5,157,32,0.5324115719995461,83.66137323598377,694.3693668769847,0.14442388713359833,0.975,0.96875,0.9615384615384616,0.9671794871794872,1.2026633374947982e-05,1.0,0.0,2.0,medium|hard|easy
test,0,5,158,32,0.5315813289780635,84.19348654398345,694.9014802069869,0.004448520485311747,1.0,1.0,1.0,1.0,1.2018310445276737e-05,0.9375,0.0,2.0,medium|hard|easy
test,0,5,159,32,0.5308168070041575,84.72478262797813,695.4327762169996,0.008607851341366768,1.0,1.0,1.0,1.0,1.2009987515605494e-05,0.8125,0.0,2.0,hard|easy|medium
test,0,5,160,32,0.5318824810092337,85.25717903199256,695.9651726229931,0.006854433566331863,1.0,1.0,1.0,1.0,1.2001664585934249e-05,1.09375,0.0,2.0,hard|easy|medium
test,0,5,161,32,0.5306359310052358,85.78836695998325,696.4963605979865,0.0044566369615495205,1.0,1.0,1.0,1.0,1.1993341656263004e-05,0.96875,0.0,2.0,easy|medium|hard
test,0,5,162,32,0.5310957179754041,86.31999256199924,697.0279864849872,0.0036727834958583117,1.0,1.0,1.0,1.0,1.1985018726591761e-05,0.90625,0.0,2.0,hard|medium|easy
test,0,5,163,32,0.5324831820034888,86.85305243299808,697.5610460729804,0.1609780639410019,0.9761904761904762,0.96875,0.9583333333333333,0.9660657476139979,1.1976695796920516e-05,1.09375,0.0,2.0,medium|easy|hard
test,0,5,164,32,0.5321664389921352,87.38571134599624,698.093704963976,0.0031922580674290657,1.0,1.0,1.0,1.0,1.1968372867249275e-05,1.21875,0.0,2.0,easy|hard|medium
test,0,5,165,32,0.5313406359928194,87.91760556297959,698.6255991629732,0.08608794957399368,0.9761904761904762,0.96875,0.9583333333333333,0.9660657476139979,1.1960049937578028e-05,0.9375,0.0,2.0,medium|easy|hard
test,0,5,166,32,0.531987599999411,88.45012875300017,699.1581223879766,0.007831736467778683,1.0,1.0,1.0,1.0,1.1951727007906783e-05,0.84375,0.0,2.0,medium|easy|hard
test,0,5,167,32,0.5319030069804285,88.98255112499464,699.6905447600002,0.12122489511966705,0.9285714285714286,0.9375,0.95,0.9352226720647774,1.1943404078235542e-05,1.0625,0.0,2.0,easy|hard|medium
test,0,5,168,32,0.531632508005714,89.51464362698607,700.2226372619916,0.0022697285749018192,1.0,1.0,1.0,1.0,1.1935081148564295e-05,1.03125,0.0,2.0,hard|medium|easy
test,0,5,169,32,0.5319827669882216,90.04715278098593,700.7551464369753,0.1413896381855011,0.9705882352941176,0.96875,0.96875,0.9687194525904204,1.192675821889305e-05,0.96875,0.0,2.0,medium|easy|hard
test,0,5,170,32,0.5355596090084873,90.58322378297453,701.2912174919911,0.011492385528981686,1.0,1.0,1.0,1.0,1.1918435289221809e-05,0.96875,0.0,2.0,medium|easy|hard
test,0,5,171,32,0.5311036819766741,91.11513799699605,701.8231316029851,0.24319294095039368,0.9545454545454546,0.9375,0.9166666666666667,0.9307359307359306,1.1910112359550562e-05,1.0625,0.0,2.0,medium|hard|easy
test,0,5,172,32,0.531599167996319,91.64726053699269,702.3552541889949,0.026117801666259766,0.9545454545454546,0.96875,0.9772727272727273,0.964562569213732,1.1901789429879317e-05,1.09375,0.0,2.0,hard|medium|easy
test,0,5,173,32,0.5319897230074275,92.17968805099372,702.8876816939737,0.019875172525644302,1.0,1.0,1.0,1.0,1.1893466500208076e-05,1.0,0.0,2.0,medium|easy|hard
test,0,5,174,32,0.530729706020793,92.7109578929958,703.4189515589969,0.003256303258240223,1.0,1.0,1.0,1.0,1.188514357053683e-05,0.5625,0.0,2.0,easy|medium|hard
test,0,5,175,32,0.5322990179993212,93.2438099909923,703.9518036559748,0.003592934226617217,1.0,1.0,1.0,1.0,1.1876820640865585e-05,1.15625,0.0,2.0,easy|medium|hard
test,0,5,176,32,0.531913874001475,93.77627311999095,704.4842667229823,0.004417309071868658,1.0,1.0,1.0,1.0,1.1868497711194343e-05,1.375,0.0,2.0,easy|medium|hard
test,0,5,177,32,0.530656450020615,94.30744610299007,705.0154396959988,0.1202225387096405,0.9736842105263157,0.96875,0.9642857142857143,0.967967967967968,1.1860174781523096e-05,1.0625,0.0,2.0,easy|hard|medium
test,0,5,178,32,0.5322364009916782,94.84022000597906,705.5482136199716,0.0021966041531413794,1.0,1.0,1.0,1.0,1.1851851851851852e-05,1.03125,0.0,2.0,easy|hard|medium
test,0,5,179,32,0.5316468849778175,95.3723954029847,706.0803890249808,0.0020521192345768213,1.0,1.0,1.0,1.0,1.184352892218061e-05,0.96875,0.0,2.0,easy|medium|hard
test,0,5,180,32,0.5308633889944758,95.90376883099088,706.6117624639883,0.05711391568183899,0.9583333333333333,0.96875,0.9761904761904762,0.9660657476139979,1.1835205992509364e-05,1.1875,0.0,2.0,hard|easy|medium
test,0,5,181,32,0.5325274140050169,96.43681865697727,707.1448122639849,0.022465556859970093,1.0,1.0,1.0,1.0,1.1826883062838119e-05,0.96875,0.0,2.0,easy|medium|hard
test,0,5,182,32,0.5318578020087443,96.96923147299094,707.6772251119837,0.001892160507850349,1.0,1.0,1.0,1.0,1.1818560133166877e-05,1.0,0.0,2.0,hard|easy|medium
test,0,5,183,32,0.5315201869816519,97.5012070259836,708.2092006689927,0.1822662055492401,0.95,0.96875,0.9782608695652174,0.9625730994152046,1.181023720349563e-05,1.0,0.0,2.0,easy|medium|hard
test,0,5,184,32,0.5324935030075721,98.03423252899665,708.7422261609754,0.19759920239448547,0.9642857142857143,0.96875,0.9736842105263157,0.967967967967968,1.1801914273824386e-05,1.03125,0.0,2.0,medium|easy|hard
test,0,5,185,32,0.5311681309831329,98.56587371099158,709.2738673179992,0.1519346982240677,0.975,0.96875,0.9615384615384616,0.9671794871794872,1.1793591344153144e-05,0.96875,0.0,2.0,easy|medium|hard
test,0,5,186,32,0.5313065249938518,99.09769778000191,709.8056914229819,0.12817953526973724,0.975,0.96875,0.9615384615384616,0.9671794871794872,1.1785268414481898e-05,0.84375,0.0,2.0,hard|medium|easy
test,0,5,187,32,0.5322665320127271,99.6305202379881,710.3385138709855,0.0031491746194660664,1.0,1.0,1.0,1.0,1.1776945484810653e-05,0.9375,0.0,2.0,easy|hard|medium
test,0,5,188,32,0.5315112389798742,100.16257333397516,710.8705669939809,0.00937698781490326,1.0,1.0,1.0,1.0,1.176862255513941e-05,0.90625,0.0,2.0,easy|hard|medium
test,0,5,189,32,0.5314837489859201,100.69456496398197,711.4025586039934,0.486238956451416,0.8705882352941177,0.875,0.8825910931174089,0.873015873015873,1.1760299625468165e-05,1.125,0.0,2.0,easy|medium|hard
test,0,5,190,32,0.5323420070053544,101.22747368199634,711.9354673319904,0.0027789699379354715,1.0,1.0,1.0,1.0,1.175197669579692e-05,0.96875,0.0,2.0,medium|hard|easy
test,0,5,191,32,0.5322234529885463,101.7603270690015,712.4683207069756,0.29290270805358887,0.875,0.875,0.875,0.875,1.1743653766125677e-05,0.96875,0.0,2.0,easy|medium|hard
test,0,5,192,32,0.5314875819894951,102.29233085198211,713.0003244909749,0.006708709057420492,1.0,1.0,1.0,1.0,1.1735330836454432e-05,0.71875,0.0,2.0,medium|easy|hard
test,0,5,193,32,0.5316517000028398,102.82444491397473,713.5324385229906,0.005211963783949614,1.0,1.0,1.0,1.0,1.1727007906783187e-05,0.6875,0.0,2.0,medium|easy|hard
test,0,5,194,32,0.5320157899986953,103.35703840097995,714.0650320529821,0.0014100008411332965,1.0,1.0,1.0,1.0,1.1718684977111944e-05,1.0,0.0,2.0,easy|medium|hard
test,0,5,195,32,0.5315900699933991,103.88918280799408,714.5971764509741,0.29913291335105896,0.95,0.9375,0.9285714285714286,0.9352226720647774,1.17103620474407e-05,1.15625,0.0,2.0,hard|easy|medium
test,0,5,196,32,0.5304091690049972,104.4201496229798,715.1281432119722,0.18368445336818695,0.9705882352941176,0.96875,0.96875,0.9687194525904204,1.1702039117769454e-05,1.21875,0.0,2.0,medium|hard|easy
test,0,5,197,32,0.5323457779886667,104.95300400798442,715.6609976439795,0.06743449717760086,0.975,0.96875,0.9615384615384616,0.9671794871794872,1.1693716188098211e-05,0.96875,0.0,2.0,hard|medium|easy
test,0,5,198,32,0.5312114569824189,105.48475886898814,716.1927525199717,0.19549939036369324,0.96875,0.96875,0.9705882352941176,0.9687194525904204,1.1685393258426966e-05,0.875,0.0,2.0,hard|easy|medium
test,0,5,199,32,0.5309693799936213,106.01632186200004,716.7243155079777,0.11411779373884201,0.9722222222222222,0.96875,0.9666666666666667,0.9684729064039409,1.1677070328755721e-05,0.78125,0.0,2.0,easy|hard|medium
test,0,5,200,32,0.5322490410180762,106.54907298399485,717.2570665859967,0.009993394836783409,1.0,1.0,1.0,1.0,1.1668747399084478e-05,1.28125,0.0,2.0,hard|medium|easy
test,0,5,201,32,0.5310275679803453,107.08065943297697,717.7886530389951,0.001509607769548893,1.0,1.0,1.0,1.0,1.1660424469413233e-05,1.0,0.0,2.0,easy|medium|hard
test,0,5,202,32,0.5310672339983284,107.61229055098374,718.3202841609891,0.39801284670829773,0.9375,0.9375,0.9444444444444444,0.9372549019607843,1.1652101539741992e-05,0.9375,0.0,2.0,medium|easy|hard
test,0,5,203,32,0.5321143199980725,108.14496633797535,718.8529599469912,0.20768915116786957,0.9642857142857143,0.96875,0.9736842105263157,0.967967967967968,1.1643778610070745e-05,1.03125,0.0,2.0,easy|medium|hard
test,0,5,204,32,0.531798310985323,108.67724155899487,719.385235210997,0.004642632324248552,1.0,1.0,1.0,1.0,1.16354556803995e-05,1.0625,0.0,2.0,medium|hard|easy
test,0,5,205,32,0.530927140993299,109.20866080699489,719.91665444299,0.4706757664680481,0.9117647058823529,0.90625,0.9166666666666667,0.906158357771261,1.1627132750728259e-05,1.0,0.0,2.0,medium|hard|easy
test,0,5,206,32,0.5319628459983505,109.74116385198431,720.4491576919972,0.00435626832768321,1.0,1.0,1.0,1.0,1.1618809821057013e-05,1.15625,0.0,2.0,easy|hard|medium
test,0,5,207,32,0.5318194509891327,110.27353634897736,720.9815299819747,0.18803289532661438,0.9615384615384616,0.96875,0.975,0.9671794871794872,1.1610486891385768e-05,0.875,0.0,2.0,medium|hard|easy
test,0,5,208,32,0.5309067300113384,110.80497699798434,721.5129706589796,0.11932587623596191,0.9705882352941176,0.96875,0.96875,0.9687194525904204,1.1602163961714526e-05,0.8125,0.0,2.0,hard|easy|medium
test,0,5,209,32,0.5328469079977367,111.33843290698132,722.046426559973,0.08334975689649582,0.96875,0.96875,0.9705882352941176,0.9687194525904204,1.159384103204328e-05,1.03125,0.0,2.0,easy|hard|medium
test,0,5,210,32,0.53209937500651,111.87099010497332,722.5789836929762,0.026052501052618027,0.9642857142857143,0.96875,0.9736842105263157,0.967967967967968,1.1585518102372035e-05,0.90625,0.0,2.0,hard|medium|easy
test,0,5,211,32,0.5305116309900768,112.40208091697423,723.1100745579752,0.09561765193939209,0.96875,0.96875,0.9705882352941176,0.9687194525904204,1.1577195172700793e-05,1.0625,0.0,2.0,hard|medium|easy
test,0,5,212,32,0.5329848600085825,112.93557580298511,723.643569457985,0.049004387110471725,0.9642857142857143,0.96875,0.9736842105263157,0.967967967967968,1.1568872243029547e-05,1.09375,0.0,2.0,easy|medium|hard
test,0,5,213,32,0.5319486139924265,113.46797455099295,724.1759682149859,0.003977620974183083,1.0,1.0,1.0,1.0,1.1560549313358302e-05,1.25,0.0,2.0,easy|medium|hard
test,0,5,214,32,0.5302734959986992,113.99875190597959,724.706745524978,0.09503106027841568,0.9705882352941176,0.96875,0.96875,0.9687194525904204,1.155222638368706e-05,1.0625,0.0,2.0,hard|easy|medium
test,0,5,215,32,0.5321109470096417,114.53136705199722,725.2393607639824,0.019540492445230484,1.0,1.0,1.0,1.0,1.1543903454015814e-05,0.9375,0.0,2.0,hard|medium|easy
test,0,5,216,32,0.5318473339721095,115.063721642975,725.7717152579862,0.002617430640384555,1.0,1.0,1.0,1.0,1.1535580524344569e-05,1.21875,0.0,2.0,hard|medium|easy
test,0,5,217,32,0.5312050240172539,115.59547157798079,726.3034651999769,0.0020741040352731943,1.0,1.0,1.0,1.0,1.1527257594673328e-05,1.0625,0.0,2.0,hard|medium|easy
test,0,5,218,32,0.5330236240115482,116.12899136799388,726.8369850069867,0.0025402645114809275,1.0,1.0,1.0,1.0,1.1518934665002081e-05,0.9375,0.0,2.0,medium|easy|hard
test,0,5,219,32,0.5312935560068581,116.66080451998278,727.3687981689873,0.002170322695747018,1.0,1.0,1.0,1.0,1.1510611735330836e-05,1.125,0.0,2.0,easy|medium|hard
test,0,5,220,32,0.5314292369876057,117.1927584699879,727.9007521339809,0.002182085532695055,1.0,1.0,1.0,1.0,1.1502288805659595e-05,1.0,0.0,2.0,medium|easy|hard
test,0,5,221,32,0.5323982459958643,117.72566736899898,728.4336609989987,0.062348056584596634,0.9352226720647774,0.9375,0.9352226720647774,0.9352226720647774,1.1493965875988348e-05,0.90625,0.0,2.0,easy|medium|hard
test,0,5,222,32,0.5316745369927958,118.25787423099973,728.9658678529959,0.22456789016723633,0.96875,0.96875,0.9705882352941176,0.9687194525904204,1.1485642946317103e-05,0.84375,0.0,2.0,medium|hard|easy
test,0,5,223,32,0.531683859997429,118.79016117798164,729.4981548229989,0.008204060606658459,1.0,1.0,1.0,1.0,1.1477320016645862e-05,0.90625,0.0,2.0,medium|easy|hard
test,0,5,224,32,0.5324741860094946,119.32317571097519,730.0311693439726,0.002068385249003768,1.0,1.0,1.0,1.0,1.1468997086974615e-05,1.21875,0.0,2.0,hard|medium|easy
test,0,5,225,32,0.5314830939751118,119.85523784998804,730.5632314899995,0.139614075422287,0.9736842105263157,0.96875,0.9642857142857143,0.967967967967968,1.146067415730337e-05,0.8125,0.0,2.0,medium|easy|hard
test,0,5,226,32,0.5311823280062526,120.38695754198125,731.0949511679937,0.00291234627366066,1.0,1.0,1.0,1.0,1.1452351227632129e-05,0.90625,0.0,2.0,hard|medium|easy
test,0,5,227,32,0.5319110639975406,120.91933577298187,731.6273294129933,0.1758640855550766,0.9736842105263157,0.96875,0.9642857142857143,0.967967967967968,1.1444028297960882e-05,0.875,0.0,2.0,hard|medium|easy
test,0,5,228,32,0.5328144019877072,121.45270000997698,732.1606936749886,0.047959014773368835,0.96875,0.96875,0.9705882352941176,0.9687194525904204,1.1435705368289637e-05,1.0625,0.0,2.0,medium|hard|easy
test,0,5,229,32,0.5312395720102359,121.98451360999024,732.6925071999722,0.0019349089125171304,1.0,1.0,1.0,1.0,1.1427382438618396e-05,1.1875,0.0,2.0,medium|hard|easy
test,0,5,230,32,0.530342665995704,122.51540417698561,733.2233977939759,0.004404598381370306,1.0,1.0,1.0,1.0,1.141905950894715e-05,0.9375,0.0,2.0,medium|hard|easy
test,0,5,231,32,0.5320984959835187,123.04804955498548,733.7560431889724,0.15539111196994781,0.9705882352941176,0.96875,0.96875,0.9687194525904204,1.1410736579275905e-05,0.8125,0.0,2.0,hard|medium|easy
test,0,5,232,32,0.5313060269982088,123.57977732899599,734.2877709809982,0.04441629722714424,0.9583333333333333,0.96875,0.9761904761904762,0.9660657476139979,1.1402413649604661e-05,1.03125,0.0,2.0,easy|medium|hard
test,0,5,233,32,0.5310140640067402,124.11132324297796,734.8193169729784,0.004554190672934055,1.0,1.0,1.0,1.0,1.1394090719933417e-05,0.8125,0.0,2.0,hard|easy|medium
test,0,5,234,32,0.5317572229832876,124.6435359279858,735.3515295739926,0.013632319867610931,1.0,1.0,1.0,1.0,1.1385767790262172e-05,1.0625,0.0,2.0,medium|hard|easy
test,0,5,235,32,0.5313351179938763,125.1753121749789,735.883305942989,0.003067832440137863,1.0,1.0,1.0,1.0,1.1377444860590929e-05,0.8125,0.0,2.0,hard|easy|medium
test,0,5,236,32,0.5309119129960891,125.70667708700057,736.4146707170003,0.002132263733074069,1.0,1.0,1.0,1.0,1.1369121930919684e-05,0.96875,0.0,2.0,medium|easy|hard
test,0,5,237,32,0.5320048549911007,126.23925367600168,736.947247338976,0.001820131903514266,1.0,1.0,1.0,1.0,1.1360799001248442e-05,1.125,0.0,2.0,hard|medium|easy
test,0,5,238,32,0.5317232770030387,126.77141388200107,737.4794075169775,0.01755044050514698,1.0,1.0,1.0,1.0,1.1352476071577196e-05,1.03125,0.0,2.0,medium|easy|hard
test,0,5,239,32,0.5309366139990743,127.30289965198608,738.0108932939766,0.10272332280874252,0.96875,0.96875,0.9705882352941176,0.9687194525904204,1.134415314190595e-05,1.03125,0.0,2.0,hard|medium|easy
test,0,5,240,32,0.5316637139767408,127.83509849899565,738.5430921069928,0.09138824045658112,0.9583333333333333,0.96875,0.9761904761904762,0.9660657476139979,1.133583021223471e-05,1.0625,0.0,2.0,hard|medium|easy
test,0,5,241,32,0.5318676699826028,128.3674223329872,739.0754159829812,0.10989081859588623,0.9352226720647774,0.9375,0.9352226720647774,0.9352226720647774,1.1327507282563463e-05,1.1875,0.0,2.0,hard|easy|medium
test,0,5,242,32,0.5310447029769421,128.89899014600087,739.6069837879913,0.009213418699800968,1.0,1.0,1.0,1.0,1.1319184352892218e-05,1.0625,0.0,2.0,medium|hard|easy
test,0,5,243,32,0.5322741710115224,129.43181451997953,740.1398081489897,0.1699802577495575,0.9583333333333333,0.96875,0.9761904761904762,0.9660657476139979,1.1310861423220976e-05,0.96875,0.0,2.0,medium|easy|hard
test,0,5,244,32,0.5319840340234805,129.96435708898935,740.6723509729782,0.14881253242492676,0.96875,0.96875,0.9705882352941176,0.9687194525904204,1.130253849354973e-05,1.21875,0.0,2.0,hard|easy|medium
test,0,5,245,32,0.5306853800138924,130.49566121399403,741.2036548349715,0.17762471735477448,0.95,0.96875,0.9782608695652174,0.9625730994152046,1.1294215563878485e-05,1.125,0.0,2.0,medium|easy|hard
test,0,5,246,32,0.5325124029768631,131.028684623976,741.736678264977,0.2194630652666092,0.9705882352941176,0.96875,0.96875,0.9687194525904204,1.1285892634207244e-05,0.90625,0.0,2.0,medium|hard|easy
test,0,5,247,32,0.531533146975562,131.560713629995,742.268707508978,0.0018318129004910588,1.0,1.0,1.0,1.0,1.1277569704535997e-05,0.8125,0.0,2.0,hard|easy|medium
test,0,5,248,32,0.5309309599979315,132.09220022699446,742.8001938499801,0.031079847365617752,0.9736842105263157,0.96875,0.9642857142857143,0.967967967967968,1.1269246774864752e-05,1.03125,0.0,2.0,easy|hard|medium
test,0,5,249,32,0.5325272050104104,132.62514905797434,743.3331427049998,0.007225550711154938,1.0,1.0,1.0,1.0,1.126092384519351e-05,0.96875,0.0,2.0,medium|easy|hard
test,0,5,250,32,0.5321247209794819,133.15777633799007,743.8657699769828,0.1286572366952896,0.96875,0.96875,0.9705882352941176,0.9687194525904204,1.1252600915522264e-05,1.03125,0.0,2.0,hard|medium|easy
test,0,5,251,32,0.53188898001099,133.69021343599888,744.3982070369821,0.004514850676059723,1.0,1.0,1.0,1.0,1.124427798585102e-05,0.875,0.0,2.0,easy|hard|medium
test,0,5,252,32,0.5327130589867011,134.2234059049806,744.931399514986,0.005662768613547087,1.0,1.0,1.0,1.0,1.1235955056179778e-05,0.96875,0.0,2.0,easy|medium|hard
test,0,5,253,32,0.5314315450086724,134.75536927898065,745.4633629249875,0.013366910628974438,1.0,1.0,1.0,1.0,1.1227632126508531e-05,0.78125,0.0,2.0,easy|medium|hard
test,0,5,254,32,0.5316753369988874,135.2874786319735,745.9954722799885,0.0019049280090257525,1.0,1.0,1.0,1.0,1.1219309196837286e-05,0.8125,0.0,2.0,easy|hard|medium
test,0,5,255,32,0.5319925579824485,135.82000720698852,746.5280008299742,0.0014195744879543781,1.0,1.0,1.0,1.0,1.1210986267166045e-05,0.875,0.0,2.0,medium|easy|hard
test,0,5,256,32,0.5313204469857737,136.35188308099168,747.0598766779876,0.002369123976677656,1.0,1.0,1.0,1.0,1.1202663337494798e-05,0.96875,0.0,2.0,easy|medium|hard
test,0,5,257,32,0.5312764160044026,136.88369771299767,747.5916913639812,0.08810722082853317,0.95,0.96875,0.9782608695652174,0.9625730994152046,1.1194340407823553e-05,0.96875,0.0,2.0,easy|hard|medium
test,0,5,258,32,0.5324985019979067,137.41671763599152,748.1247112929996,0.01139079499989748,1.0,1.0,1.0,1.0,1.1186017478152312e-05,0.9375,0.0,2.0,medium|hard|easy
test,0,5,259,32,0.5322519970068242,137.949464780977,748.6574583969777,0.029759198427200317,0.9705882352941176,0.96875,0.96875,0.9687194525904204,1.1177694548481065e-05,1.03125,0.0,2.0,medium|hard|easy
test,0,5,260,32,0.5314766149967909,138.48145606098115,749.1894496749737,0.19282124936580658,0.9761904761904762,0.96875,0.9583333333333333,0.9660657476139979,1.116937161880982e-05,0.90625,0.0,2.0,medium|hard|easy
test,0,5,261,32,0.531947968993336,139.01395541700185,749.7219490539865,0.054480697959661484,0.9583333333333333,0.96875,0.9761904761904762,0.9660657476139979,1.1161048689138579e-05,0.90625,0.0,2.0,easy|medium|hard
test,0,5,262,32,0.5328030200034846,139.54729767897516,750.2552913239924,0.22221703827381134,0.9722222222222222,0.96875,0.9666666666666667,0.9684729064039409,1.1152725759467333e-05,1.125,0.0,2.0,hard|medium|easy
test,0,5,263,32,0.5310949060076382,140.07928841598914,750.7872820279736,0.3010398745536804,0.9087301587301587,0.90625,0.903921568627451,0.9054187192118226,1.1144402829796088e-05,1.09375,0.0,2.0,hard|easy|medium
test,0,5,264,32,0.5304916349996347,140.6101998279919,751.3181934749882,0.10059349238872528,0.9583333333333333,0.96875,0.9761904761904762,0.9660657476139979,1.1136079900124846e-05,1.0625,0.0,2.0,easy|medium|hard
test,0,5,265,32,0.53248425500351,141.14315083497786,751.8511444709729,0.1969659924507141,0.9117647058823529,0.90625,0.9166666666666667,0.906158357771261,1.11277569704536e-05,1.15625,0.0,2.0,hard|easy|medium
test,0,5,266,32,0.5312547089997679,141.67485913197743,752.3828527719888,0.09266544133424759,0.95,0.9375,0.9285714285714286,0.9352226720647774,1.1119434040782355e-05,1.1875,0.0,2.0,hard|easy|medium
test,0,5,267,17,0.31974204699508846,141.99504039698513,752.703034030972,0.4191705286502838,0.9444444444444444,0.9411764705882353,0.9444444444444444,0.9411764705882353,1.1111111111111113e-05,1.2352941036224365,0.0,2.0,hard|medium|easy
test,0,6,1,32,0.5341512929880992,0.6173392260097899,763.8543128019955,0.002963748760521412,1.0,1.0,1.0,1.0,1.1102788181439867e-05,0.90625,0.0,2.0,hard|medium|easy
test,0,6,2,32,0.531583756004693,1.14961622498231,764.3865849429858,0.08348753303289413,0.96875,0.96875,0.9705882352941176,0.9687194525904204,1.1094465251768622e-05,0.8125,0.0,2.0,easy|medium|hard
test,0,6,3,32,0.5321273230074439,1.682266896998044,764.9192356189888,0.006734720431268215,1.0,1.0,1.0,1.0,1.108614232209738e-05,0.90625,0.0,2.0,medium|easy|hard
test,0,6,4,32,0.5321392010082491,2.214996903989231,765.4519656179764,0.01824839971959591,1.0,1.0,1.0,1.0,1.1077819392426134e-05,0.96875,0.0,2.0,hard|easy|medium
test,0,6,5,32,0.5319455380085856,2.7474415299948305,765.9844102459901,0.0054897950030863285,1.0,1.0,1.0,1.0,1.1069496462754889e-05,0.78125,0.0,2.0,medium|easy|hard
test,0,6,6,32,0.5323785899963696,3.2803824599832296,766.5173511829926,0.005836562719196081,1.0,1.0,1.0,1.0,1.1061173533083646e-05,1.15625,0.0,2.0,hard|medium|easy
test,0,6,7,32,0.5323085029958747,3.813233355002012,767.050202089973,0.006072315387427807,1.0,1.0,1.0,1.0,1.1052850603412401e-05,1.09375,0.0,2.0,medium|easy|hard
test,0,6,8,32,0.5313604959810618,4.345127576991217,767.5820963029983,0.005798184312880039,1.0,1.0,1.0,1.0,1.104452767374116e-05,0.875,0.0,2.0,easy|hard|medium
test,0,6,9,32,0.5300827790051699,4.875711672008038,768.1126806529937,0.12883086502552032,0.9705882352941176,0.96875,0.96875,0.9687194525904204,1.1036204744069913e-05,0.875,0.0,2.0,medium|easy|hard
test,0,6,10,32,0.5316708690079395,5.407920155004831,768.6448888869782,0.014202787540853024,1.0,1.0,1.0,1.0,1.1027881814398668e-05,0.71875,0.0,2.0,easy|medium|hard
test,0,6,11,32,0.5318354580085725,5.940251544001512,769.1772203209985,0.0027141619939357042,1.0,1.0,1.0,1.0,1.1019558884727427e-05,0.75,0.0,2.0,medium|easy|hard
test,0,6,12,32,0.5311659310245886,6.471928543003742,769.7088973199716,0.13769303262233734,0.9772727272727273,0.96875,0.9545454545454546,0.964562569213732,1.101123595505618e-05,1.0,0.0,2.0,easy|hard|medium
test,0,6,13,32,0.5327426909934729,7.005156027997145,770.242124774988,0.004060959443449974,1.0,1.0,1.0,1.0,1.1002913025384935e-05,1.0625,0.0,2.0,hard|medium|easy
test,0,6,14,32,0.5313751659996342,7.537075297004776,770.774044086982,0.13729605078697205,0.9666666666666667,0.96875,0.9722222222222222,0.9684729064039409,1.0994590095713694e-05,0.9375,0.0,2.0,medium|hard|easy
test,0,6,15,32,0.531375933001982,8.068966881983215,771.3059356459999,0.25305214524269104,0.85,0.90625,0.94,0.8798498122653317,1.0986267166042447e-05,0.75,0.0,2.0,medium|easy|hard
test,0,6,16,32,0.5322752119973302,8.601781234989176,771.8387499459786,0.0037500769831240177,1.0,1.0,1.0,1.0,1.0977944236371202e-05,0.90625,0.0,2.0,medium|hard|easy
test,0,6,17,32,0.530944049009122,9.133217319002142,772.3701860959991,0.17576409876346588,0.9666666666666667,0.96875,0.9722222222222222,0.9684729064039409,1.0969621306699961e-05,0.71875,0.0,2.0,easy|medium|hard
test,0,6,18,32,0.5314776099985465,9.665235268999822,772.9022039959964,0.004880640655755997,1.0,1.0,1.0,1.0,1.0961298377028714e-05,0.8125,0.0,2.0,hard|easy|medium
test,0,6,19,32,0.5317073029873427,10.197501137008658,773.4344698639761,0.0023226658813655376,1.0,1.0,1.0,1.0,1.095297544735747e-05,0.9375,0.0,2.0,easy|hard|medium
test,0,6,20,32,0.5321058160043322,10.73010900200461,773.9670777859865,0.002648063935339451,1.0,1.0,1.0,1.0,1.0944652517686228e-05,0.96875,0.0,2.0,easy|hard|medium
test,0,6,21,32,0.5311426010157447,11.261742893984774,774.498711681983,0.0017547381576150656,1.0,1.0,1.0,1.0,1.0936329588014981e-05,1.1875,0.0,2.0,medium|hard|easy
test,0,6,22,32,0.5321750460134353,11.794490764994407,775.031459491991,0.21162457764148712,0.9705882352941176,0.96875,0.96875,0.9687194525904204,1.0928006658343737e-05,0.6875,0.0,2.0,easy|medium|hard
test,0,6,23,32,0.5318282739899587,12.326851808989886,775.5638205149735,0.0010626965668052435,1.0,1.0,1.0,1.0,1.0919683728672495e-05,1.0,0.0,2.0,hard|easy|medium
test,0,6,24,32,0.5304297969851177,12.857858383009443,776.0948271309899,0.002180675743147731,1.0,1.0,1.0,1.0,1.0911360799001249e-05,0.65625,0.0,2.0,medium|hard|easy
test,0,6,25,32,0.5324932780058589,13.390916470991215,776.6278856049757,0.038711413741111755,0.96875,0.96875,0.9705882352941176,0.9687194525904204,1.0903037869330004e-05,1.15625,0.0,2.0,medium|hard|easy
test,0,6,26,32,0.5316466010117438,13.923070101998746,777.1600390209933,0.001828482374548912,1.0,1.0,1.0,1.0,1.0894714939658762e-05,1.1875,0.0,2.0,hard|medium|easy
test,0,6,27,32,0.5307262960122898,14.4543219509942,777.6912907269725,0.007575911935418844,1.0,1.0,1.0,1.0,1.0886392009987516e-05,1.0625,0.0,2.0,easy|medium|hard
test,0,6,28,32,0.532687833008822,14.987582369009033,778.2245510929788,0.0031140390783548355,1.0,1.0,1.0,1.0,1.087806908031627e-05,1.28125,0.0,2.0,medium|easy|hard
test,0,6,29,32,0.5317361790221184,15.519898567989003,778.7568672799971,0.19574899971485138,0.9761904761904762,0.96875,0.9583333333333333,0.9660657476139979,1.086974615064503e-05,0.75,0.0,2.0,medium|easy|hard
test,0,6,30,32,0.5311203449964523,16.051579161983682,779.2885479369725,0.004428762011229992,1.0,1.0,1.0,1.0,1.0861423220973783e-05,1.125,0.0,2.0,easy|hard|medium
test,0,6,31,32,0.532842504006112,16.584985938010504,779.8219546529872,0.0071612331084907055,1.0,1.0,1.0,1.0,1.0853100291302538e-05,0.96875,0.0,2.0,easy|hard|medium
test,0,6,32,32,0.5320655239920598,17.11755381099647,780.3545225409907,0.14767667651176453,0.9666666666666667,0.96875,0.9722222222222222,0.9684729064039409,1.0844777361631296e-05,1.0,0.0,2.0,hard|medium|easy
test,0,6,33,32,0.5315235890157055,17.649527351983124,780.8864960699866,0.005653543397784233,1.0,1.0,1.0,1.0,1.083645443196005e-05,1.03125,0.0,2.0,medium|hard|easy
test,0,6,34,32,0.5325618979986757,18.182670884008985,781.4196396069892,0.19018450379371643,0.9642857142857143,0.96875,0.9736842105263157,0.967967967967968,1.0828131502288805e-05,1.09375,0.0,2.0,medium|hard|easy
test,0,6,35,32,0.5318697390030138,18.71507837099489,781.9520470919961,0.0018327869474887848,1.0,1.0,1.0,1.0,1.0819808572617564e-05,1.0625,0.0,2.0,medium|hard|easy
test,0,6,36,32,0.531644269998651,19.247259828000097,782.4842285569757,0.2625901699066162,0.9375,0.9375,0.9444444444444444,0.9372549019607843,1.0811485642946317e-05,1.0625,0.0,2.0,medium|hard|easy
test,0,6,37,32,0.5325605509860907,19.780308323010104,783.0172771649959,0.1580439656972885,0.9722222222222222,0.96875,0.9666666666666667,0.9684729064039409,1.0803162713275072e-05,1.03125,0.0,2.0,medium|hard|easy
test,0,6,38,32,0.5320462080126163,20.312898654985474,783.5498673679831,0.08996155858039856,0.9722222222222222,0.96875,0.9666666666666667,0.9684729064039409,1.079483978360383e-05,1.0625,0.0,2.0,medium|easy|hard
test,0,6,39,32,0.5323009120183997,20.845685398002388,784.0826541229908,0.0076316059567034245,1.0,1.0,1.0,1.0,1.0786516853932584e-05,0.90625,0.0,2.0,medium|hard|easy
test,0,6,40,32,0.5324836020008661,21.378730052005267,784.6156987779832,0.02913723513484001,0.9615384615384616,0.96875,0.975,0.9671794871794872,1.077819392426134e-05,1.3125,0.0,2.0,medium|hard|easy
test,0,6,41,32,0.5314637790143024,21.91087598100421,785.1478447709815,0.0023257718421518803,1.0,1.0,1.0,1.0,1.0769870994590098e-05,0.90625,0.0,2.0,hard|medium|easy
test,0,6,42,32,0.5312856989912689,22.4427690700104,785.6797378509946,0.001338479109108448,1.0,1.0,1.0,1.0,1.0761548064918851e-05,0.96875,0.0,2.0,medium|easy|hard
test,0,6,43,32,0.5324694290175103,22.97582017100649,786.2127889479743,0.002938029356300831,1.0,1.0,1.0,1.0,1.075322513524761e-05,0.71875,0.0,2.0,medium|hard|easy
test,0,6,44,32,0.5324550519871991,23.508809291000944,786.7457780609839,0.15534920990467072,0.9736842105263157,0.96875,0.9642857142857143,0.967967967967968,1.0744902205576365e-05,1.28125,0.0,2.0,medium|hard|easy
test,0,6,45,32,0.5314938099763822,24.04085203699651,787.2778208349773,0.024377645924687386,0.96875,0.96875,0.9705882352941176,0.9687194525904204,1.0736579275905118e-05,1.0,0.0,2.0,hard|easy|medium
test,0,6,46,32,0.5317054619954433,24.57312137298868,787.8100900949794,0.18741194903850555,0.9615384615384616,0.96875,0.975,0.9671794871794872,1.0728256346233877e-05,0.84375,0.0,2.0,easy|medium|hard
test,0,6,47,32,0.5323336620058399,25.105964893009514,788.3429337099951,0.18762385845184326,0.975,0.96875,0.9615384615384616,0.9671794871794872,1.0719933416562632e-05,1.1875,0.0,2.0,hard|medium|easy
test,0,6,48,32,0.5314572890056297,25.6379436290008,788.8749123679881,0.0029762443155050278,1.0,1.0,1.0,1.0,1.0711610486891385e-05,1.0625,0.0,2.0,easy|hard|medium
test,0,6,49,32,0.5304135869955644,26.168860044010216,789.405828788993,0.1255793571472168,0.9666666666666667,0.96875,0.9722222222222222,0.9684729064039409,1.0703287557220144e-05,1.15625,0.0,2.0,medium|easy|hard
test,0,6,50,32,0.5323052190069575,26.70171278199996,789.9386815089965,0.002285606926307082,1.0,1.0,1.0,1.0,1.0694964627548897e-05,0.90625,0.0,2.0,medium|easy|hard
test,0,6,51,32,0.5317322640039492,27.233974970993586,790.4709436859994,0.0017215869156643748,1.0,1.0,1.0,1.0,1.0686641697877653e-05,1.0,0.0,2.0,medium|hard|easy
test,0,6,52,32,0.5313925689843018,27.765875823009992,791.0028445329808,0.16237878799438477,0.9642857142857143,0.96875,0.9736842105263157,0.967967967967968,1.0678318768206411e-05,1.25,0.0,2.0,medium|easy|hard
test,0,6,53,32,0.5322516800079029,28.29861387598794,791.5355826109881,0.0014390943106263876,1.0,1.0,1.0,1.0,1.0669995838535165e-05,1.1875,0.0,2.0,medium|easy|hard
test,0,6,54,32,0.5314556630037259,28.83067074799328,792.0676394759794,0.003691272344440222,1.0,1.0,1.0,1.0,1.066167290886392e-05,0.9375,0.0,2.0,easy|medium|hard
test,0,6,55,32,0.5311371260031592,29.362403857987374,792.5993725629814,0.12443643808364868,0.975,0.96875,0.9615384615384616,0.9671794871794872,1.0653349979192678e-05,0.90625,0.0,2.0,medium|easy|hard
test,0,6,56,32,0.5317934789927676,29.894778073008638,793.1317468559719,0.002876387443393469,1.0,1.0,1.0,1.0,1.0645027049521432e-05,1.125,0.0,2.0,medium|hard|easy
test,0,6,57,32,0.531378471001517,30.426731938990997,793.6637006509991,0.0034165759570896626,1.0,1.0,1.0,1.0,1.0636704119850187e-05,1.125,0.0,2.0,easy|hard|medium
test,0,6,58,32,0.5318065540050156,30.959091511991573,794.1960602399777,0.010173942893743515,1.0,1.0,1.0,1.0,1.0628381190178945e-05,0.9375,0.0,2.0,hard|medium|easy
test,0,6,59,32,0.5322131230204832,31.491846985009033,794.7288160759781,0.003352137515321374,1.0,1.0,1.0,1.0,1.0620058260507699e-05,1.0625,0.0,2.0,hard|easy|medium
test,0,6,60,32,0.5318804359994829,32.02420523899491,795.2611739589775,0.004135741852223873,1.0,1.0,1.0,1.0,1.0611735330836454e-05,1.0,0.0,2.0,medium|hard|easy
test,0,6,61,32,0.5309499540016986,32.55569237101008,795.7926611069997,0.03689455986022949,0.96875,0.96875,0.9705882352941176,0.9687194525904204,1.0603412401165212e-05,0.875,0.0,2.0,easy|hard|medium
test,0,6,62,32,0.5322586719994433,33.08844897299423,796.3254176969931,0.0059438105672597885,1.0,1.0,1.0,1.0,1.0595089471493966e-05,1.125,0.0,2.0,hard|easy|medium
test,0,6,63,32,0.5322649820009246,33.621209005999845,796.8581777279906,0.17046846449375153,0.9545454545454546,0.96875,0.9772727272727273,0.964562569213732,1.0586766541822721e-05,1.125,0.0,2.0,medium|easy|hard
test,0,6,64,32,0.5308609679923393,34.152580877998844,797.3895496439945,0.005184512119740248,1.0,1.0,1.0,1.0,1.057844361215148e-05,0.875,0.0,2.0,easy|medium|hard
test,0,6,65,32,0.5323415769962594,34.685455139988335,797.9224238639872,0.054913245141506195,0.9722222222222222,0.96875,0.9666666666666667,0.9684729064039409,1.0570120682480233e-05,1.0625,0.0,2.0,medium|hard|easy
test,0,6,66,32,0.5327981229929719,35.218680352991214,798.4556491339754,0.0054254233837127686,1.0,1.0,1.0,1.0,1.0561797752808988e-05,1.1875,0.0,2.0,medium|easy|hard
test,0,6,67,32,0.5314771590055898,35.75073303098907,798.9877017579856,0.00271898927167058,1.0,1.0,1.0,1.0,1.0553474823137747e-05,1.1875,0.0,2.0,medium|hard|easy
test,0,6,68,32,0.5324912020005286,36.28378246398643,799.5207511929912,0.08526123315095901,0.96875,0.96875,0.9705882352941176,0.9687194525904204,1.05451518934665e-05,1.0,0.0,2.0,medium|easy|hard
test,0,6,69,32,0.5319500439800322,36.81627413898241,800.053242865979,0.0018462669104337692,1.0,1.0,1.0,1.0,1.0536828963795255e-05,0.90625,0.0,2.0,medium|hard|easy
test,0,6,70,32,0.5308501329855062,37.34771224600263,800.584681266977,0.07598525285720825,0.96875,0.96875,0.9705882352941176,0.9687194525904204,1.0528506034124014e-05,1.09375,0.0,2.0,hard|easy|medium
test,0,6,71,32,0.5324983070022427,37.88081524398876,801.1177839799784,0.19524966180324554,0.9705882352941176,0.96875,0.96875,0.9687194525904204,1.0520183104452767e-05,1.15625,0.0,2.0,medium|easy|hard
test,0,6,72,32,0.5317405160167255,38.41309257899411,801.6500612929813,0.05200168490409851,0.9615384615384616,0.96875,0.975,0.9671794871794872,1.0511860174781522e-05,0.625,0.0,2.0,easy|medium|hard
test,0,6,73,32,0.5306891429936513,38.944318410009146,802.1812871339789,0.06748276948928833,0.975,0.96875,0.9615384615384616,0.9671794871794872,1.0503537245110281e-05,1.15625,0.0,2.0,hard|easy|medium
test,0,6,74,32,0.5324007229937706,39.47728675600956,802.7142555349856,0.09861595183610916,0.9736842105263157,0.96875,0.9642857142857143,0.967967967967968,1.0495214315439034e-05,1.15625,0.0,2.0,hard|easy|medium
test,0,6,75,32,0.5323157859966159,40.01015629700851,803.2471250589879,0.0013281437568366528,1.0,1.0,1.0,1.0,1.048689138576779e-05,0.9375,0.0,2.0,medium|easy|hard
test,0,6,76,32,0.5312605109938886,40.54198740600259,803.7789561789832,0.002000116277486086,1.0,1.0,1.0,1.0,1.0478568456096548e-05,1.1875,0.0,2.0,medium|hard|easy
test,0,6,77,32,0.5330803580000065,41.075600776996,804.3125694879855,0.028375765308737755,0.96875,0.96875,0.9705882352941176,0.9687194525904204,1.0470245526425302e-05,1.0,0.0,2.0,hard|easy|medium
test,0,6,78,32,0.5314813989971299,41.60766042699106,804.8446291439759,0.030560053884983063,1.0,1.0,1.0,1.0,1.0461922596754057e-05,0.9375,0.0,2.0,medium|hard|easy
test,0,6,79,32,0.5319863259792328,42.140070844005095,805.377039576997,0.005106536205857992,1.0,1.0,1.0,1.0,1.0453599667082815e-05,0.96875,0.0,2.0,hard|easy|medium
test,0,6,80,32,0.5328604099922813,42.673507419996895,805.9104761309864,0.001403657952323556,1.0,1.0,1.0,1.0,1.0445276737411569e-05,1.0625,0.0,2.0,easy|hard|medium
test,0,6,81,32,0.5318421190022491,43.20586414600257,806.4428328629874,0.01926838979125023,1.0,1.0,1.0,1.0,1.0436953807740327e-05,1.0,0.0,2.0,easy|medium|hard
test,0,6,82,32,0.531446392997168,43.73781363200396,806.9747824379883,0.13882459700107574,0.9761904761904762,0.96875,0.9583333333333333,0.9660657476139979,1.0428630878069082e-05,1.03125,0.0,2.0,medium|hard|easy
test,0,6,83,32,0.5327420839748811,44.2710852859891,807.5080540319905,0.017170879989862442,1.0,1.0,1.0,1.0,1.0420307948397836e-05,1.15625,0.0,2.0,medium|easy|hard
test,0,6,84,32,0.5316767399781384,44.803250780008966,808.040219558985,0.4186611771583557,0.9365079365079365,0.9375,0.9365079365079365,0.9365079365079365,1.0411985018726594e-05,1.09375,0.0,2.0,hard|medium|easy
test,0,6,85,32,0.5315877429966349,45.3354494489904,808.5724182519771,0.0016990171279758215,1.0,1.0,1.0,1.0,1.040366208905535e-05,0.78125,0.0,2.0,medium|easy|hard
test,0,6,86,32,0.5324053810036276,45.8684334080026,809.1054022409953,0.0020830961875617504,1.0,1.0,1.0,1.0,1.0395339159384103e-05,1.03125,0.0,2.0,medium|easy|hard
test,0,6,87,32,0.5319455919961911,46.40093937999336,809.637908085977,0.00439748028293252,1.0,1.0,1.0,1.0,1.0387016229712861e-05,1.0625,0.0,2.0,medium|easy|hard
test,0,6,88,32,0.5317304490017705,46.93322120298399,810.1701899829786,0.16671214997768402,0.9642857142857143,0.96875,0.9736842105263157,0.967967967967968,1.0378693300041617e-05,0.84375,0.0,2.0,easy|medium|hard
test,0,6,89,32,0.532829390023835,47.46661399200093,810.703582712973,0.0015447076875716448,1.0,1.0,1.0,1.0,1.037037037037037e-05,0.9375,0.0,2.0,medium|easy|hard
test,0,6,90,32,0.5327842310070992,47.99983975599753,811.2368084789778,0.005208847112953663,1.0,1.0,1.0,1.0,1.0362047440699128e-05,1.25,0.0,2.0,medium|hard|easy
test,0,6,91,32,0.5357270919776056,48.53614101500716,811.7731098789955,0.07904049754142761,0.9761904761904762,0.96875,0.9583333333333333,0.9660657476139979,1.0353724511027882e-05,0.96875,0.0,2.0,easy|hard|medium
test,0,6,92,32,0.5333165240008384,49.07019445500919,812.307163178979,0.004985574167221785,1.0,1.0,1.0,1.0,1.0345401581356637e-05,1.0625,0.0,2.0,easy|medium|hard
test,0,6,93,32,0.5319753139920067,49.60273596798652,812.8397046809841,0.0019978657364845276,1.0,1.0,1.0,1.0,1.0337078651685396e-05,0.8125,0.0,2.0,easy|medium|hard
test,0,6,94,32,0.5322776940010954,50.13555770198582,813.3725264789828,0.32868021726608276,0.9372549019607843,0.9375,0.9372549019607843,0.9372549019607843,1.0328755722014149e-05,1.0625,0.0,2.0,easy|hard|medium
test,0,6,95,32,0.5329680680006277,50.6691486449854,813.9061173689843,0.09531091153621674,0.9642857142857143,0.96875,0.9736842105263157,0.967967967967968,1.0320432792342904e-05,1.0625,0.0,2.0,medium|hard|easy
test,0,6,96,32,0.5325808409834281,51.20219557499513,814.4391643079871,0.0025314497761428356,1.0,1.0,1.0,1.0,1.0312109862671663e-05,1.0625,0.0,2.0,easy|medium|hard
test,0,6,97,32,0.5319413249962963,51.734614663000684,814.9715836869727,0.002012788550928235,1.0,1.0,1.0,1.0,1.0303786933000416e-05,1.0625,0.0,2.0,hard|easy|medium
test,0,6,98,32,0.5326359900063835,52.2677310470026,815.5046997779864,0.06987264752388,0.9736842105263157,0.96875,0.9642857142857143,0.967967967967968,1.0295464003329171e-05,1.1875,0.0,2.0,medium|easy|hard
test,0,6,99,32,0.5316629549779464,52.79994393000379,816.0369126699807,0.002704292070120573,1.0,1.0,1.0,1.0,1.028714107365793e-05,0.96875,0.0,2.0,easy|hard|medium
test,0,6,100,32,0.5311840049980674,53.33169644299778,816.5686651489814,0.10281326621770859,0.9736842105263157,0.96875,0.9642857142857143,0.967967967967968,1.0278818143986683e-05,1.125,0.0,2.0,medium|hard|easy
test,0,6,101,32,0.5321983580070082,53.864444742997875,817.1014134649886,0.0014325410593301058,1.0,1.0,1.0,1.0,1.0270495214315438e-05,0.875,0.0,2.0,hard|medium|easy
test,0,6,102,32,0.5326557730149943,54.397675273008645,817.6346440519847,0.001728567061945796,1.0,1.0,1.0,1.0,1.0262172284644197e-05,0.9375,0.0,2.0,medium|hard|easy
test,0,6,103,32,0.5322912139818072,54.93052083198563,818.1674896199838,0.1540595442056656,0.9666666666666667,0.96875,0.9722222222222222,0.9684729064039409,1.025384935497295e-05,1.09375,0.0,2.0,easy|hard|medium
test,0,6,104,32,0.5326338660088368,55.463673447986366,818.7006422549894,0.15996582806110382,0.95,0.9375,0.9285714285714286,0.9352226720647774,1.0245526425301706e-05,1.03125,0.0,2.0,medium|easy|hard
test,0,6,105,32,0.532463748997543,55.99667450899142,819.2336434939934,0.011616106145083904,1.0,1.0,1.0,1.0,1.0237203495630464e-05,1.21875,0.0,2.0,hard|medium|easy
test,0,6,106,32,0.5315328769793268,56.52877076799632,819.7657394889975,0.20929168164730072,0.9285714285714286,0.9375,0.95,0.9352226720647774,1.0228880565959218e-05,1.03125,0.0,2.0,hard|easy|medium
test,0,6,107,32,0.5312853430223186,57.06056844399427,820.2975372139772,0.0016937406035140157,1.0,1.0,1.0,1.0,1.0220557636287973e-05,0.9375,0.0,2.0,hard|easy|medium
test,0,6,108,32,0.5326102100079879,57.5937565130007,820.8307252299855,0.0017541460692882538,1.0,1.0,1.0,1.0,1.0212234706616731e-05,1.03125,0.0,2.0,hard|medium|easy
test,0,6,109,32,0.5317905299889389,58.1261129330087,821.3630817209778,0.09568041563034058,0.9583333333333333,0.96875,0.9761904761904762,0.9660657476139979,1.0203911776945485e-05,0.9375,0.0,2.0,medium|hard|easy
test,0,6,110,32,0.5308545360167045,58.65754690498579,821.8945156279951,0.0017774022417142987,1.0,1.0,1.0,1.0,1.019558884727424e-05,1.1875,0.0,2.0,easy|medium|hard
test,0,6,111,32,0.531875189015409,59.18999026398524,822.4269589849864,0.002380526624619961,1.0,1.0,1.0,1.0,1.0187265917602998e-05,0.9375,0.0,2.0,medium|easy|hard
test,0,6,112,32,0.5319297110254411,59.72233760799281,822.9593063239881,0.14339099824428558,0.9642857142857143,0.96875,0.9736842105263157,0.967967967967968,1.0178942987931752e-05,1.125,0.0,2.0,medium|hard|easy
test,0,6,113,32,0.5311083870183211,60.25400102999993,823.4909698289994,0.0013192037586122751,1.0,1.0,1.0,1.0,1.0170620058260507e-05,1.0625,0.0,2.0,hard|easy|medium
test,0,6,114,32,0.5317864750104491,60.786320826999145,824.0232896079833,0.09118827432394028,0.9642857142857143,0.96875,0.9736842105263157,0.967967967967968,1.0162297128589265e-05,0.96875,0.0,2.0,medium|hard|easy
test,0,6,115,32,0.5309611730044708,61.317842604999896,824.5548113339755,0.15696582198143005,0.9666666666666667,0.96875,0.9722222222222222,0.9684729064039409,1.0153974198918019e-05,0.78125,0.0,2.0,medium|easy|hard
test,0,6,116,32,0.5308866990089882,61.84928317199228,825.0862519549846,0.04554776847362518,0.9722222222222222,0.96875,0.9666666666666667,0.9684729064039409,1.0145651269246777e-05,0.9375,0.0,2.0,medium|hard|easy
test,0,6,117,32,0.5325716589868534,62.38234527100576,825.6193140769901,0.009823683649301529,1.0,1.0,1.0,1.0,1.0137328339575533e-05,0.84375,0.0,2.0,easy|hard|medium
test,0,6,118,32,0.5319649629818741,62.91483985900413,826.151808628987,0.02503490447998047,0.9615384615384616,0.96875,0.975,0.9671794871794872,1.0129005409904286e-05,0.96875,0.0,2.0,medium|easy|hard
test,0,6,119,32,0.5308250430098269,63.44623558499734,826.6832043389732,0.0020729100797325373,1.0,1.0,1.0,1.0,1.0120682480233045e-05,1.0625,0.0,2.0,hard|medium|easy
test,0,6,120,32,0.5319877759902738,63.978708273003576,827.2156770239817,0.20524628460407257,0.9615384615384616,0.96875,0.975,0.9671794871794872,1.01123595505618e-05,1.21875,0.0,2.0,hard|medium|easy
test,0,6,121,32,0.531756779004354,64.51106714500929,827.7480358689791,0.002681128215044737,1.0,1.0,1.0,1.0,1.0104036620890553e-05,1.25,0.0,2.0,easy|medium|hard
test,0,6,122,32,0.5314035739866085,65.04299760598224,828.2799664169725,0.0015750073362141848,1.0,1.0,1.0,1.0,1.0095713691219312e-05,1.03125,0.0,2.0,hard|easy|medium
test,0,6,123,32,0.5320504380215425,65.57559842499904,828.812567180983,0.01670004613697529,1.0,1.0,1.0,1.0,1.0087390761548067e-05,0.90625,0.0,2.0,medium|easy|hard
test,0,6,124,32,0.5320441559888422,66.10818527199444,829.3451540029782,0.0012854925589635968,1.0,1.0,1.0,1.0,1.007906783187682e-05,1.03125,0.0,2.0,medium|easy|hard
test,0,6,125,32,0.5307578930223826,66.63946184000815,829.8764305699733,0.05759328603744507,0.975,0.96875,0.9615384615384616,0.9671794871794872,1.0070744902205579e-05,1.03125,0.0,2.0,hard|medium|easy
test,0,6,126,32,0.5325227199937217,67.17250472298474,830.4094734939863,0.0022798413410782814,1.0,1.0,1.0,1.0,1.0062421972534334e-05,0.96875,0.0,2.0,medium|hard|easy
test,0,6,127,32,0.5319492200214881,67.70495345900417,830.9419221879798,0.004918322898447514,1.0,1.0,1.0,1.0,1.0054099042863087e-05,0.875,0.0,2.0,medium|hard|easy
test,0,6,128,32,0.5310621829994489,68.23650228598854,831.4734710659832,0.1100914254784584,0.9705882352941176,0.96875,0.96875,0.9687194525904204,1.0045776113191846e-05,1.09375,0.0,2.0,easy|hard|medium
test,0,6,129,32,0.5328982760256622,68.77001559498603,832.0069847099949,0.0014430126175284386,1.0,1.0,1.0,1.0,1.0037453183520601e-05,1.0625,0.0,2.0,easy|medium|hard
test,0,6,130,32,0.5319660299865063,69.30260006000753,832.5395687919809,0.002622387371957302,1.0,1.0,1.0,1.0,1.0029130253849354e-05,1.1875,0.0,2.0,hard|easy|medium
test,0,6,131,32,0.5307096100004856,69.83389409998199,833.0708631509915,0.013014660216867924,1.0,1.0,1.0,1.0,1.0020807324178113e-05,0.65625,0.0,2.0,hard|medium|easy
test,0,6,132,32,0.5326020320062526,70.36705708500813,833.6040258129942,0.006049519404768944,1.0,1.0,1.0,1.0,1.0012484394506868e-05,0.9375,0.0,2.0,easy|hard|medium
test,0,6,133,32,0.5317220390134025,70.89932865399169,834.1362973989744,0.002565062837675214,1.0,1.0,1.0,1.0,1.0004161464835622e-05,1.0,0.0,2.0,medium|easy|hard
test,0,6,134,32,0.5312349569867365,71.43101848301012,834.6679871969973,0.06974253803491592,0.975,0.96875,0.9615384615384616,0.9671794871794872,9.995838535164378e-06,1.21875,0.0,2.0,medium|easy|hard
test,0,6,135,32,0.5323677689884789,71.96386971100583,835.2008384399815,0.0011596239637583494,1.0,1.0,1.0,1.0,9.987515605493134e-06,1.0,0.0,2.0,medium|hard|easy
test,0,6,136,32,0.5312530820083339,72.49568084598286,835.7326495710004,0.007317226845771074,1.0,1.0,1.0,1.0,9.97919267582189e-06,1.0,0.0,2.0,hard|medium|easy
test,0,6,137,32,0.5314520309912041,73.02755776699632,836.2645265369792,0.09339209645986557,0.9761904761904762,0.96875,0.9583333333333333,0.9660657476139979,9.970869746150646e-06,0.90625,0.0,2.0,easy|medium|hard
test,0,6,138,32,0.532089131011162,73.56021901100758,836.7971877239761,0.0018604625947773457,1.0,1.0,1.0,1.0,9.9625468164794e-06,0.96875,0.0,2.0,easy|hard|medium
test,0,6,139,32,0.5320550769974943,74.09281664999435,837.3297853739932,0.001420800108462572,1.0,1.0,1.0,1.0,9.954223886808157e-06,1.25,0.0,2.0,medium|hard|easy
test,0,6,140,32,0.5310229689930566,74.62428750100662,837.8612563829811,0.001710487762466073,1.0,1.0,1.0,1.0,9.945900957136913e-06,0.96875,0.0,2.0,medium|easy|hard
test,0,6,141,32,0.5322720729745924,75.15709200300626,838.3940608599805,0.0022513989824801683,1.0,1.0,1.0,1.0,9.937578027465668e-06,1.09375,0.0,2.0,easy|medium|hard
test,0,6,142,32,0.5326535829808563,75.69020859198645,838.927177318983,0.010586436837911606,1.0,1.0,1.0,1.0,9.929255097794425e-06,1.0625,0.0,2.0,easy|medium|hard
test,0,6,143,32,0.5314989839971531,76.2222308589844,839.4591996139789,0.0014363914960995317,1.0,1.0,1.0,1.0,9.920932168123181e-06,0.84375,0.0,2.0,hard|easy|medium
test,0,6,144,32,0.5314473270263989,76.7542144379986,839.9911832139769,0.0013768560020253062,1.0,1.0,1.0,1.0,9.912609238451935e-06,0.9375,0.0,2.0,hard|easy|medium
test,0,6,145,32,0.5323932940082159,77.2871622289822,840.5241309349949,0.001246819389052689,1.0,1.0,1.0,1.0,9.904286308780692e-06,0.8125,0.0,2.0,easy|hard|medium
test,0,6,146,32,0.5317326299846172,77.81939334698836,841.056362126983,0.0012239423813298345,1.0,1.0,1.0,1.0,9.895963379109449e-06,0.875,0.0,2.0,medium|easy|hard
test,0,6,147,32,0.5306357980007306,78.35054948899779,841.5875182129967,0.1754666268825531,0.96875,0.96875,0.9705882352941176,0.9687194525904204,9.887640449438202e-06,0.90625,0.0,2.0,medium|easy|hard
test,0,6,148,32,0.5330152329988778,78.88408004198573,842.1210487659846,0.22005218267440796,0.9375,0.9375,0.9444444444444444,0.9372549019607843,9.879317519766959e-06,0.875,0.0,2.0,hard|medium|easy
test,0,6,149,32,0.5317121510161087,79.41643939499045,842.6534081319987,0.0020155878737568855,1.0,1.0,1.0,1.0,9.870994590095716e-06,0.96875,0.0,2.0,medium|easy|hard
test,0,6,150,32,0.5314000060025137,79.94845745299244,843.1854261779808,0.0020163231529295444,1.0,1.0,1.0,1.0,9.862671660424469e-06,1.09375,0.0,2.0,medium|hard|easy
test,0,6,151,32,0.5317260080191772,80.48076210299041,843.7177308149985,0.22039639949798584,0.9782608695652174,0.96875,0.95,0.9625730994152046,9.854348730753226e-06,1.03125,0.0,2.0,hard|medium|easy
test,0,6,152,32,0.5314383190125227,81.01273957599187,844.2497082999907,0.0017746447119861841,1.0,1.0,1.0,1.0,9.846025801081983e-06,1.0625,0.0,2.0,hard|easy|medium
test,0,6,153,32,0.531983966997359,81.54518832900794,844.7821570969827,0.0016410343814641237,1.0,1.0,1.0,1.0,9.837702871410736e-06,1.125,0.0,2.0,medium|hard|easy
test,0,6,154,32,0.5320763600175269,82.0778198140033,845.3147885989747,0.0025444503407925367,1.0,1.0,1.0,1.0,9.829379941739493e-06,0.71875,0.0,2.0,hard|medium|easy
test,0,6,155,32,0.5309427340107504,82.60934786000871,845.8463165669818,0.001446299604140222,1.0,1.0,1.0,1.0,9.82105701206825e-06,0.875,0.0,2.0,hard|medium|easy
test,0,6,156,32,0.5314624680031557,83.14130765901064,846.3782764669741,0.08972486853599548,0.9666666666666667,0.96875,0.9722222222222222,0.9684729064039409,9.812734082397003e-06,1.1875,0.0,2.0,hard|medium|easy
test,0,6,157,32,0.5318219159962609,83.67366481598583,846.9106336469995,0.0011156918480992317,1.0,1.0,1.0,1.0,9.80441115272576e-06,1.09375,0.0,2.0,easy|medium|hard
test,0,6,158,32,0.5317075079947244,84.20591298898216,847.442881881987,0.12410104274749756,0.9761904761904762,0.96875,0.9583333333333333,0.9660657476139979,9.796088223054517e-06,1.0,0.0,2.0,medium|hard|easy
test,0,6,159,32,0.5311368559778202,84.73760773500544,847.9745764499821,0.15408731997013092,0.9545454545454546,0.96875,0.9772727272727273,0.964562569213732,9.78776529338327e-06,1.09375,0.0,2.0,hard|medium|easy
test,0,6,160,32,0.5324156290153041,85.27062215399928,848.5075909819861,0.0008252833504229784,1.0,1.0,1.0,1.0,9.779442363712027e-06,0.96875,0.0,2.0,medium|hard|easy
test,0,6,161,32,0.5319560029893182,85.80304503100342,849.0400137979886,0.003523274790495634,1.0,1.0,1.0,1.0,9.771119434040784e-06,0.78125,0.0,2.0,medium|easy|hard
test,0,6,162,32,0.5306941669841763,86.3342215110024,849.5711904369819,0.0010069869458675385,1.0,1.0,1.0,1.0,9.76279650436954e-06,0.625,0.0,2.0,easy|medium|hard
test,0,6,163,32,0.5326510359882377,86.8673945190094,850.1043633159716,0.006641159765422344,1.0,1.0,1.0,1.0,9.754473574698294e-06,1.0,0.0,2.0,medium|easy|hard
test,0,6,164,32,0.5320342149934731,87.39990569400834,850.6368744849751,0.005389641970396042,1.0,1.0,1.0,1.0,9.746150645027051e-06,1.125,0.0,2.0,medium|hard|easy
test,0,6,165,32,0.5309764760022517,87.93141433800338,851.1683831099945,0.0008655081037431955,1.0,1.0,1.0,1.0,9.737827715355806e-06,1.0,0.0,2.0,medium|hard|easy
test,0,6,166,32,0.5327198820014019,88.46468968098634,851.7016584079829,0.0022437383886426687,1.0,1.0,1.0,1.0,9.729504785684562e-06,1.09375,0.0,2.0,hard|easy|medium
test,0,6,167,32,0.5316546450194437,88.9968823310046,852.2338510519767,0.0009905927581712604,1.0,1.0,1.0,1.0,9.721181856013318e-06,1.0625,0.0,2.0,hard|easy|medium
test,0,6,168,32,0.5308970189944375,89.52829927401035,852.7652679829916,0.0029095448553562164,1.0,1.0,1.0,1.0,9.712858926342073e-06,1.125,0.0,2.0,medium|hard|easy
test,0,6,169,32,0.532545560010476,90.061263281008,853.2982320039882,0.016552457585930824,1.0,1.0,1.0,1.0,9.704535996670829e-06,1.15625,0.0,2.0,hard|medium|easy
test,0,6,170,32,0.5315550900122616,90.59330613099155,853.8302748609858,0.0009947018697857857,1.0,1.0,1.0,1.0,9.696213066999585e-06,1.25,0.0,2.0,hard|easy|medium
test,0,6,171,32,0.5315075489925221,91.12535543800914,854.3623244839837,0.0008808374986983836,1.0,1.0,1.0,1.0,9.68789013732834e-06,0.8125,0.0,2.0,easy|medium|hard
test,0,6,172,32,0.5326274139806628,91.65851121998276,854.8954799919738,0.07587924599647522,0.9615384615384616,0.96875,0.975,0.9671794871794872,9.679567207657096e-06,0.625,0.0,2.0,easy|medium|hard
test,0,6,173,32,0.5317159990081564,92.19069903800846,855.4276677999878,0.12315008044242859,0.9705882352941176,0.96875,0.96875,0.9687194525904204,9.671244277985853e-06,1.125,0.0,2.0,medium|hard|easy
test,0,6,174,32,0.5317620109999552,92.72299303498585,855.9599618199863,0.06031467765569687,0.9615384615384616,0.96875,0.975,0.9671794871794872,9.662921348314608e-06,0.875,0.0,2.0,hard|medium|easy
test,0,6,175,32,0.5325144380040001,93.2559581680107,856.492926936975,0.008772647939622402,1.0,1.0,1.0,1.0,9.654598418643363e-06,1.125,0.0,2.0,medium|hard|easy
test,0,6,176,32,0.5319625269912649,93.78843869498814,857.0254074819968,0.0016672577476128936,1.0,1.0,1.0,1.0,9.64627548897212e-06,1.34375,0.0,2.0,medium|hard|easy
test,0,6,177,32,0.531615662999684,94.32059855599073,857.5575672939885,0.3028757870197296,0.95,0.9375,0.9285714285714286,0.9352226720647774,9.637952559300875e-06,1.0,0.0,2.0,easy|hard|medium
test,0,6,178,32,0.5319311820203438,94.85309662800864,858.0900653569843,0.004613186232745647,1.0,1.0,1.0,1.0,9.62962962962963e-06,1.0,0.0,2.0,medium|easy|hard
test,0,6,179,32,0.5321356600034051,95.38575160800247,858.622720394982,0.13555362820625305,0.9642857142857143,0.96875,0.9736842105263157,0.967967967967968,9.621306699958385e-06,1.3125,0.0,2.0,medium|hard|easy
test,0,6,180,32,0.5311765680089593,95.91747811500682,859.1544469090004,0.014823274686932564,1.0,1.0,1.0,1.0,9.612983770287142e-06,0.75,0.0,2.0,easy|hard|medium
test,0,6,181,32,0.5321175330027472,96.4501695529907,859.6871383079852,0.0013395572314038873,1.0,1.0,1.0,1.0,9.604660840615899e-06,1.03125,0.0,2.0,medium|easy|hard
test,0,6,182,32,0.5320122269913554,96.9827322709898,860.2197013309924,0.0029098237864673138,1.0,1.0,1.0,1.0,9.596337910944652e-06,0.8125,0.0,2.0,medium|easy|hard
test,0,6,183,32,0.531431256007636,97.51475599801051,860.7517247499782,0.0006447620689868927,1.0,1.0,1.0,1.0,9.588014981273409e-06,0.84375,0.0,2.0,medium|hard|easy
test,0,6,184,32,0.5307498520123772,98.0460633719922,861.2830321399961,0.23795124888420105,0.96875,0.96875,0.9705882352941176,0.9687194525904204,9.579692051602166e-06,1.125,0.0,2.0,medium|easy|hard
test,0,6,185,32,0.5323502479877789,98.57892585900845,861.8158945849864,0.32957011461257935,0.9411764705882353,0.9375,0.9411764705882353,0.9375,9.57136912193092e-06,1.03125,0.0,2.0,hard|medium|easy
test,0,6,186,32,0.5313056370068807,99.11077175999526,862.3477404729929,0.020085804164409637,1.0,1.0,1.0,1.0,9.563046192259676e-06,1.1875,0.0,2.0,hard|medium|easy
test,0,6,187,32,0.5308973650098778,99.6422434260021,862.8792121719744,0.09723294526338577,0.9642857142857143,0.96875,0.9736842105263157,0.967967967967968,9.554723262588433e-06,0.6875,0.0,2.0,hard|easy|medium
test,0,6,188,32,0.5318728610000107,100.17465141700814,863.4116201389988,0.01299198530614376,1.0,1.0,1.0,1.0,9.546400332917186e-06,0.96875,0.0,2.0,medium|hard|easy
test,0,6,189,32,0.5318205970106646,100.70704366598511,863.9440124279936,0.0012304006377235055,1.0,1.0,1.0,1.0,9.538077403245943e-06,0.6875,0.0,2.0,medium|easy|hard
test,0,6,190,32,0.5308300020114984,101.23835766498814,864.4753263869788,0.02590836025774479,0.96875,0.96875,0.9705882352941176,0.9687194525904204,9.5297544735747e-06,1.09375,0.0,2.0,easy|hard|medium
test,0,6,191,32,0.5322551770077553,101.77104917899123,865.0080179319775,0.13258971273899078,0.96875,0.96875,0.9705882352941176,0.9687194525904204,9.521431543903454e-06,0.84375,0.0,2.0,hard|easy|medium
test,0,6,192,32,0.5311999509867746,102.30282815700048,865.5397969119949,0.0007062520598992705,1.0,1.0,1.0,1.0,9.51310861423221e-06,1.09375,0.0,2.0,easy|hard|medium
test,0,6,193,32,0.5312987359939143,102.83456809498603,866.0715368249803,0.0203237421810627,1.0,1.0,1.0,1.0,9.504785684560967e-06,1.03125,0.0,2.0,medium|easy|hard
test,0,6,194,32,0.5320116389775649,103.3671605559939,866.6041292829905,0.0012366378214210272,1.0,1.0,1.0,1.0,9.49646275488972e-06,0.90625,0.0,2.0,medium|hard|easy
test,0,6,195,32,0.5319215790077578,103.89951903998735,867.1364877539745,0.0016426034271717072,1.0,1.0,1.0,1.0,9.488139825218478e-06,1.09375,0.0,2.0,medium|hard|easy
test,0,6,196,32,0.5306310000014491,104.4307028230105,867.6676715619978,0.09528184682130814,0.9761904761904762,0.96875,0.9583333333333333,0.9660657476139979,9.479816895547234e-06,0.9375,0.0,2.0,easy|medium|hard
test,0,6,197,32,0.5323824800143484,104.96366015900276,868.2006288669945,0.01225658506155014,1.0,1.0,1.0,1.0,9.471493965875988e-06,1.125,0.0,2.0,hard|easy|medium
test,0,6,198,32,0.531719261984108,105.49595190299442,868.7329207119765,0.14199385046958923,0.96875,0.96875,0.9705882352941176,0.9687194525904204,9.463171036204745e-06,0.9375,0.0,2.0,medium|easy|hard
test,0,6,199,32,0.5316519610059913,106.02815438399557,869.2651231459749,0.0010094635654240847,1.0,1.0,1.0,1.0,9.454848106533501e-06,1.09375,0.0,2.0,medium|easy|hard
test,0,6,200,32,0.5327716489846352,106.56138126400765,869.798350002995,0.005709122866392136,1.0,1.0,1.0,1.0,9.446525176862257e-06,1.03125,0.0,2.0,medium|hard|easy
test,0,6,201,32,0.5317174670053646,107.09352237300482,870.3304910909792,0.0016075973398983479,1.0,1.0,1.0,1.0,9.438202247191012e-06,0.8125,0.0,2.0,hard|medium|easy
test,0,6,202,32,0.5305553820217028,107.62464537998312,870.8616141699895,0.0017657766584306955,1.0,1.0,1.0,1.0,9.429879317519769e-06,1.03125,0.0,2.0,hard|medium|easy
test,0,6,203,32,0.532345195999369,108.15752889600117,871.3944976779749,0.010923654772341251,1.0,1.0,1.0,1.0,9.421556387848524e-06,1.1875,0.0,2.0,easy|medium|hard
test,0,6,204,32,0.5314249789807945,108.6895361400093,871.9265049089736,0.0037104212678968906,1.0,1.0,1.0,1.0,9.413233458177279e-06,1.15625,0.0,2.0,easy|hard|medium
test,0,6,205,32,0.5306332769978326,109.2206951789849,872.4576639679726,0.0010847728699445724,1.0,1.0,1.0,1.0,9.404910528506036e-06,0.5625,0.0,2.0,easy|hard|medium
test,0,6,206,32,0.532891598995775,109.75417709298199,872.9911458529823,0.0009024390019476414,1.0,1.0,1.0,1.0,9.396587598834791e-06,1.375,0.0,2.0,hard|medium|easy
test,0,6,207,32,0.5319706830196083,110.2867266270041,873.5236954049906,0.015842009335756302,1.0,1.0,1.0,1.0,9.388264669163546e-06,1.0625,0.0,2.0,easy|hard|medium
test,0,6,208,32,0.5314404920209199,110.81868795599439,874.0556567379972,0.43857744336128235,0.907843137254902,0.90625,0.90625,0.906158357771261,9.379941739492303e-06,1.0,0.0,2.0,easy|hard|medium
test,0,6,209,32,0.5326910259900615,111.3519299349864,874.5888986569771,0.0009792143246158957,1.0,1.0,1.0,1.0,9.371618809821058e-06,1.09375,0.0,2.0,medium|hard|easy
test,0,6,210,32,0.5320709150109906,111.88454561098479,875.1215144179878,0.0018558385781943798,1.0,1.0,1.0,1.0,9.363295880149813e-06,1.125,0.0,2.0,easy|medium|hard
test,0,6,211,32,0.5320676539849956,112.4171899560024,875.6541587019747,0.08762338757514954,0.9285714285714286,0.9375,0.95,0.9352226720647774,9.35497295047857e-06,0.96875,0.0,2.0,medium|easy|hard
test,0,6,212,32,0.5328536920133047,112.95054635798442,876.1875154309964,0.0016320336144417524,1.0,1.0,1.0,1.0,9.346650020807325e-06,0.96875,0.0,2.0,hard|medium|easy
test,0,6,213,32,0.5320008079870604,113.48318487600773,876.720153910981,0.0009757740190252662,1.0,1.0,1.0,1.0,9.33832709113608e-06,0.9375,0.0,2.0,hard|medium|easy
test,0,6,214,32,0.5320284109911881,114.01568368298467,877.2526524019777,0.0048203314654529095,1.0,1.0,1.0,1.0,9.330004161464837e-06,0.875,0.0,2.0,medium|easy|hard
test,0,6,215,32,0.5323050289880484,114.548556491005,877.7855252589798,0.0011953356442973018,1.0,1.0,1.0,1.0,9.321681231793592e-06,1.0,0.0,2.0,hard|medium|easy
test,0,6,216,32,0.5321076319960412,115.08120574598433,878.318174532993,0.03095698542892933,0.9722222222222222,0.96875,0.9666666666666667,0.9684729064039409,9.313358302122349e-06,1.0,0.0,2.0,medium|easy|hard
test,0,6,217,32,0.5313644630077761,115.61312666200683,878.8500953649927,0.22096584737300873,0.9736842105263157,0.96875,0.9642857142857143,0.967967967967968,9.305035372451104e-06,1.125,0.0,2.0,medium|hard|easy
test,0,6,218,32,0.5321151630196255,116.14582015498308,879.3827888769738,0.019961373880505562,1.0,1.0,1.0,1.0,9.29671244277986e-06,1.0625,0.0,2.0,easy|hard|medium
test,0,6,219,32,0.5316188629949465,116.67800407999312,879.9149728009943,0.2917690575122833,0.9372549019607843,0.9375,0.9372549019607843,0.9372549019607843,9.288389513108616e-06,0.625,0.0,2.0,easy|medium|hard
test,0,6,220,32,0.5319115349848289,117.21044781000819,880.4474165439897,0.0048589990474283695,1.0,1.0,1.0,1.0,9.28006658343737e-06,1.125,0.0,2.0,hard|medium|easy
test,0,6,221,32,0.5324952209775802,117.74357412999962,880.9805428449763,0.033011242747306824,0.9722222222222222,0.96875,0.9666666666666667,0.9684729064039409,9.271743653766126e-06,1.0,0.0,2.0,medium|easy|hard
test,0,6,222,32,0.5329529129958246,118.27697725899634,881.5139460529899,0.000812420854344964,1.0,1.0,1.0,1.0,9.263420724094883e-06,0.875,0.0,2.0,hard|medium|easy
test,0,6,223,32,0.5318112010136247,118.80934691100265,882.0463156149781,0.0005557983531616628,1.0,1.0,1.0,1.0,9.255097794423637e-06,0.78125,0.0,2.0,hard|easy|medium
test,0,6,224,32,0.5323907040001359,119.34230132200173,882.5792701299943,0.0005579694989137352,1.0,1.0,1.0,1.0,9.246774864752394e-06,0.96875,0.0,2.0,medium|hard|easy
test,0,6,225,32,0.5322680509998463,119.87504989400622,883.1120186839835,0.0007956800400279462,1.0,1.0,1.0,1.0,9.23845193508115e-06,0.8125,0.0,2.0,hard|medium|easy
test,0,6,226,32,0.5313649959862232,120.40694539900869,883.6439141709998,0.0007848594686947763,1.0,1.0,1.0,1.0,9.230129005409904e-06,1.03125,0.0,2.0,hard|easy|medium
test,0,6,227,32,0.5306044439785182,120.93805368998437,884.1750228059827,0.0008383857784792781,1.0,1.0,1.0,1.0,9.22180607573866e-06,1.0,0.0,2.0,medium|easy|hard
test,0,6,228,32,0.5325545809755567,121.47111693699844,884.7080857149849,0.15832991898059845,0.9375,0.9375,0.9444444444444444,0.9372549019607843,9.213483146067417e-06,0.84375,0.0,2.0,medium|hard|easy
test,0,6,229,32,0.5314933610206936,122.0031441260071,885.2401129819918,0.4338465929031372,0.9473684210526316,0.9375,0.9333333333333333,0.9365079365079365,9.205160216396171e-06,1.0,0.0,2.0,easy|hard|medium
test,0,6,230,32,0.5317002949886955,122.5353135089972,885.7722822579963,0.21968448162078857,0.9705882352941176,0.96875,0.96875,0.9687194525904204,9.196837286724928e-06,0.90625,0.0,2.0,easy|hard|medium
test,0,6,231,32,0.5325620790245011,123.06836372800171,886.3053325119836,0.0010414519347250462,1.0,1.0,1.0,1.0,9.188514357053685e-06,1.09375,0.0,2.0,medium|hard|easy
test,0,6,232,32,0.5316256269870792,123.60056185399299,886.8375306349772,0.0009852050570771098,1.0,1.0,1.0,1.0,9.180191427382438e-06,0.875,0.0,2.0,medium|hard|easy
test,0,6,233,32,0.5315268750127871,124.13263705500867,887.3696058209753,0.0012133168056607246,1.0,1.0,1.0,1.0,9.171868497711195e-06,0.96875,0.0,2.0,medium|hard|easy
test,0,6,234,32,0.5317990409967024,124.66495125199435,887.9019200219773,0.0009074516710825264,1.0,1.0,1.0,1.0,9.163545568039952e-06,0.875,0.0,2.0,easy|medium|hard
test,0,6,235,32,0.5310131229925901,125.19646106200526,888.4334298409813,0.0009596427553333342,1.0,1.0,1.0,1.0,9.155222638368707e-06,0.8125,0.0,2.0,easy|hard|medium
test,0,6,236,32,0.5316579530190211,125.72862862798502,888.9655974899943,0.05743340775370598,0.9705882352941176,0.96875,0.96875,0.9687194525904204,9.146899708697462e-06,1.125,0.0,2.0,easy|medium|hard
test,0,6,237,32,0.5325241319951601,126.26166894400376,889.4986376599991,0.1703808605670929,0.9736842105263157,0.96875,0.9642857142857143,0.967967967967968,9.138576779026219e-06,1.15625,0.0,2.0,easy|hard|medium
test,0,6,238,32,0.5320818710024469,126.79423942498397,890.0312081399898,0.06925876438617706,0.9615384615384616,0.96875,0.975,0.9671794871794872,9.130253849354974e-06,0.90625,0.0,2.0,hard|medium|easy
test,0,6,239,32,0.5320133010100108,127.32676838900079,890.563737148972,0.03762197121977806,0.9736842105263157,0.96875,0.9642857142857143,0.967967967967968,9.121930919683729e-06,1.09375,0.0,2.0,hard|medium|easy
test,0,6,240,32,0.5321005390142091,127.85943569499068,891.0964044689899,0.0012733000330626965,1.0,1.0,1.0,1.0,9.113607990012486e-06,0.78125,0.0,2.0,medium|easy|hard
test,0,6,241,32,0.5321099379798397,128.3920839469938,891.6290527219826,0.0012195352464914322,1.0,1.0,1.0,1.0,9.105285060341241e-06,1.0,0.0,2.0,medium|easy|hard
test,0,6,242,32,0.5313914720027242,128.9240300359961,892.1609988219861,0.0006225904216989875,1.0,1.0,1.0,1.0,9.096962130669996e-06,1.09375,0.0,2.0,medium|hard|easy
test,0,6,243,32,0.532155660999706,129.4567240169854,892.6936927979987,0.009033728390932083,1.0,1.0,1.0,1.0,9.088639200998753e-06,0.9375,0.0,2.0,medium|hard|easy
test,0,6,244,32,0.5321994450059719,129.9895229289832,893.226491710986,0.38819223642349243,0.9333333333333333,0.9375,0.9333333333333333,0.9333333333333333,9.080316271327508e-06,0.875,0.0,2.0,hard|easy|medium
test,0,6,245,32,0.5310941859788727,130.52109562698752,893.758064390975,0.07927639782428741,0.9705882352941176,0.96875,0.96875,0.9687194525904204,9.071993341656263e-06,1.09375,0.0,2.0,medium|hard|easy
test,0,6,246,32,0.5319977249891963,131.05362700100522,894.2905957639741,0.14811204373836517,0.975,0.96875,0.9615384615384616,0.9671794871794872,9.06367041198502e-06,0.96875,0.0,2.0,hard|medium|easy
test,0,6,247,32,0.5317620209825691,131.58597018598812,894.8229389009939,0.2384016513824463,0.9642857142857143,0.96875,0.9736842105263157,0.967967967967968,9.055347482313775e-06,1.03125,0.0,2.0,hard|easy|medium
test,0,6,248,32,0.5305590700008906,132.11704587299027,895.3540145989973,0.0021585761569440365,1.0,1.0,1.0,1.0,9.04702455264253e-06,0.84375,0.0,2.0,medium|hard|easy
test,0,6,249,32,0.5327267830143683,132.6503583290032,895.8873270579788,0.001762600033544004,1.0,1.0,1.0,1.0,9.038701622971287e-06,1.0625,0.0,2.0,easy|hard|medium
test,0,6,250,32,0.531886745011434,133.18278542498592,896.4197542170004,0.0007355583366006613,1.0,1.0,1.0,1.0,9.030378693300042e-06,1.03125,0.0,2.0,easy|medium|hard
test,0,6,251,32,0.5305751220148522,133.7139576789923,896.9509264989756,0.40953168272972107,0.9230769230769231,0.9375,0.9523809523809523,0.9333333333333333,9.022055763628798e-06,0.90625,0.0,2.0,easy|medium|hard
test,0,6,252,32,0.5321613009728026,134.24666438499116,897.4836332249979,0.0015686994884163141,1.0,1.0,1.0,1.0,9.013732833957554e-06,1.03125,0.0,2.0,easy|hard|medium
test,0,6,253,32,0.5318095370021183,134.77900754098664,898.0159763279953,0.08883114159107208,0.9583333333333333,0.96875,0.9761904761904762,0.9660657476139979,9.00540990428631e-06,0.90625,0.0,2.0,medium|easy|hard
test,0,6,254,32,0.531157058023382,135.31073100899812,898.5476997339865,0.004443224985152483,1.0,1.0,1.0,1.0,8.997086974615066e-06,1.03125,0.0,2.0,medium|hard|easy
test,0,6,255,32,0.5331128490215633,135.84435935498914,899.0813281409792,0.12011875212192535,0.975,0.96875,0.9615384615384616,0.9671794871794872,8.988764044943822e-06,0.8125,0.0,2.0,easy|hard|medium
test,0,6,256,32,0.5315464180021081,136.3764883549884,899.6134571189759,0.005640710238367319,1.0,1.0,1.0,1.0,8.980441115272577e-06,0.8125,0.0,2.0,medium|easy|hard
test,0,6,257,32,0.5317992879718076,136.90883870399557,900.1458074649854,0.000942385580856353,1.0,1.0,1.0,1.0,8.972118185601334e-06,1.21875,0.0,2.0,medium|hard|easy
test,0,6,258,32,0.5325211620074697,137.44195483400836,900.6789237009943,0.001113105216063559,1.0,1.0,1.0,1.0,8.963795255930089e-06,1.0,0.0,2.0,medium|hard|easy
test,0,6,259,32,0.5320647400221787,137.9744510599994,901.2114197839983,0.0009064200567081571,1.0,1.0,1.0,1.0,8.955472326258844e-06,1.0,0.0,2.0,hard|medium|easy
test,0,6,260,32,0.5322580059873872,138.50717220298247,901.7441410019819,0.14212200045585632,0.9375,0.9375,0.9444444444444444,0.9372549019607843,8.9471493965876e-06,0.9375,0.0,2.0,medium|easy|hard
test,0,6,261,32,0.5331981949857436,139.04078651600867,902.2777553439955,0.0017721925396472216,1.0,1.0,1.0,1.0,8.938826466916356e-06,1.03125,0.0,2.0,hard|medium|easy
test,0,6,262,32,0.5315960650041234,139.57295059598982,902.8099193269736,0.001682586269453168,1.0,1.0,1.0,1.0,8.930503537245111e-06,0.90625,0.0,2.0,easy|medium|hard
test,0,6,263,32,0.5310790849907789,140.10477634798735,903.3417450509733,0.04980118200182915,0.9705882352941176,0.96875,0.96875,0.9687194525904204,8.922180607573868e-06,1.0625,0.0,2.0,easy|hard|medium
test,0,6,264,32,0.531926036986988,140.637192152004,903.8741612719896,0.0012222637888044119,1.0,1.0,1.0,1.0,8.913857677902621e-06,1.25,0.0,2.0,hard|easy|medium
test,0,6,265,32,0.5321929240017198,141.16980212999624,904.4067709709925,0.0022366594057530165,1.0,1.0,1.0,1.0,8.905534748231378e-06,1.0,0.0,2.0,easy|hard|medium
test,0,6,266,32,0.5312236330064479,141.70150580600603,904.9384746139986,0.16978700459003448,0.9545454545454546,0.96875,0.9772727272727273,0.964562569213732,8.897211818560135e-06,0.875,0.0,2.0,medium|easy|hard
test,0,6,267,17,0.3205591689911671,142.02246377099073,905.2594327979896,0.0026288097724318504,1.0,1.0,1.0,1.0,8.888888888888888e-06,1.2941176891326904,0.0,2.0,hard|medium|easy
test,0,7,1,32,0.5328669309965335,0.6183796999976039,916.4154393739882,0.19916851818561554,0.9473684210526316,0.9375,0.9333333333333333,0.9365079365079365,8.880565959217645e-06,0.96875,0.0,2.0,medium|easy|hard
test,0,7,2,32,0.5307134829927236,1.149848907982232,916.946905121993,0.002991153858602047,1.0,1.0,1.0,1.0,8.872243029546402e-06,1.09375,0.0,2.0,hard|medium|easy
test,0,7,3,32,0.5322649590088986,1.6826591279823333,917.4797153269756,0.20058245956897736,0.9372549019607843,0.9375,0.9372549019607843,0.9372549019607843,8.863920099875155e-06,0.90625,0.0,2.0,easy|medium|hard
test,0,7,4,32,0.532399832009105,2.2156184150080662,918.0126746409805,0.0013415657449513674,1.0,1.0,1.0,1.0,8.855597170203912e-06,1.0,0.0,2.0,easy|medium|hard
test,0,7,5,32,0.5308280019962694,2.746939429984195,918.5439956319751,0.19586166739463806,0.9722222222222222,0.96875,0.9666666666666667,0.9684729064039409,8.847274240532669e-06,0.71875,0.0,2.0,easy|medium|hard
test,0,7,6,32,0.5323192959767766,3.2797968609957024,919.0768530719797,0.0011307713575661182,1.0,1.0,1.0,1.0,8.838951310861424e-06,1.0625,0.0,2.0,easy|hard|medium
test,0,7,7,32,0.5315976919955574,3.8118916940002237,919.6089478949725,0.2059595286846161,0.9705882352941176,0.96875,0.96875,0.9687194525904204,8.83062838119018e-06,1.09375,0.0,2.0,hard|medium|easy
test,0,7,8,32,0.5315488339983858,4.343973670998821,920.1410298749979,0.0006834333180449903,1.0,1.0,1.0,1.0,8.822305451518936e-06,0.90625,0.0,2.0,medium|hard|easy
test,0,7,9,32,0.532826443988597,4.877283509995323,920.6743397209793,0.0008504067081958055,1.0,1.0,1.0,1.0,8.813982521847691e-06,0.6875,0.0,2.0,easy|medium|hard
test,0,7,10,32,0.5320859419880435,5.409904016007204,921.2069601989933,0.0014315162552520633,1.0,1.0,1.0,1.0,8.805659592176446e-06,0.78125,0.0,2.0,hard|easy|medium
test,0,7,11,32,0.5316178560024127,5.942099236999638,921.7391554759815,0.06293031573295593,0.9615384615384616,0.96875,0.975,0.9671794871794872,8.797336662505203e-06,1.1875,0.0,2.0,easy|medium|hard
test,0,7,12,32,0.5333306000102311,6.475991558982059,922.2730478629819,0.0011270769173279405,1.0,1.0,1.0,1.0,8.789013732833958e-06,0.90625,0.0,2.0,medium|hard|easy
test,0,7,13,32,0.5327442999987397,7.0095090130052995,922.8065652089717,0.002410981571301818,1.0,1.0,1.0,1.0,8.780690803162714e-06,1.09375,0.0,2.0,easy|hard|medium
test,0,7,14,32,0.5318897110118996,7.541968548001023,923.3390247629723,0.01755850948393345,1.0,1.0,1.0,1.0,8.77236787349147e-06,1.09375,0.0,2.0,medium|hard|easy
test,0,7,15,32,0.5321258369949646,8.074639931990532,923.8716961409955,0.0951496884226799,0.9666666666666667,0.96875,0.9722222222222222,0.9684729064039409,8.764044943820226e-06,0.84375,0.0,2.0,medium|easy|hard
test,0,7,16,32,0.5319375330000184,8.607135591999395,924.404191796988,0.001843070494942367,1.0,1.0,1.0,1.0,8.75572201414898e-06,0.90625,0.0,2.0,medium|easy|hard
test,0,7,17,32,0.5317948570009321,9.139516575989546,924.9365727679979,0.007297490257769823,1.0,1.0,1.0,1.0,8.747399084477738e-06,0.96875,0.0,2.0,medium|hard|easy
test,0,7,18,32,0.5325588730047457,9.67263018200174,925.4696863799763,0.0071569522842764854,1.0,1.0,1.0,1.0,8.739076154806493e-06,0.84375,0.0,2.0,medium|hard|easy
test,0,7,19,32,0.5318946359911934,10.20506270500482,926.0021189269901,0.0642537772655487,0.9736842105263157,0.96875,0.9642857142857143,0.967967967967968,8.730753225135248e-06,1.09375,0.0,2.0,hard|medium|easy
test,0,7,20,32,0.5313841680181213,10.736956702981843,926.5340128829994,0.003969175741076469,1.0,1.0,1.0,1.0,8.722430295464005e-06,1.09375,0.0,2.0,hard|easy|medium
test,0,7,21,32,0.5322760530107189,11.269789232988842,927.0668454719998,0.0019822409376502037,1.0,1.0,1.0,1.0,8.71410736579276e-06,1.0625,0.0,2.0,hard|medium|easy
test,0,7,22,32,0.5323050009901635,11.802669700991828,927.5997259089781,0.15977567434310913,0.9666666666666667,0.96875,0.9722222222222222,0.9684729064039409,8.705784436121517e-06,0.96875,0.0,2.0,hard|medium|easy
test,0,7,23,32,0.5320039030048065,12.335236245009582,928.1322924599808,0.013754315674304962,1.0,1.0,1.0,1.0,8.697461506450272e-06,1.03125,0.0,2.0,medium|hard|easy
test,0,7,24,32,0.5324583420006093,12.86819514198578,928.6652513879817,0.021954426541924477,1.0,1.0,1.0,1.0,8.689138576779027e-06,1.03125,0.0,2.0,medium|easy|hard
test,0,7,25,32,0.5331939620082267,13.401931387983495,929.1989875929721,0.0015342633705586195,1.0,1.0,1.0,1.0,8.680815647107784e-06,1.15625,0.0,2.0,hard|easy|medium
test,0,7,26,32,0.5318645729857963,13.934317570005078,929.7313737709774,0.015840373933315277,1.0,1.0,1.0,1.0,8.672492717436539e-06,1.0,0.0,2.0,easy|medium|hard
test,0,7,27,32,0.5325512870040257,14.467302081000526,930.2643582859891,0.0021133539266884327,1.0,1.0,1.0,1.0,8.664169787765294e-06,1.25,0.0,2.0,easy|medium|hard
test,0,7,28,32,0.532468218007125,15.000401197990868,930.79745740199,0.010008609853684902,1.0,1.0,1.0,1.0,8.655846858094051e-06,1.09375,0.0,2.0,medium|easy|hard
test,0,7,29,32,0.531421119987499,15.532319171994459,931.3293753749749,0.11989548057317734,0.96875,0.96875,0.9705882352941176,0.9687194525904204,8.647523928422806e-06,1.0625,0.0,2.0,hard|easy|medium
test,0,7,30,32,0.5315699570055585,16.064391845982755,931.8614480559772,0.0028551931027323008,1.0,1.0,1.0,1.0,8.639200998751561e-06,0.875,0.0,2.0,medium|easy|hard
test,0,7,31,32,0.5328139589983039,16.59774818600272,932.394804370997,0.0010124200489372015,1.0,1.0,1.0,1.0,8.630878069080318e-06,1.03125,0.0,2.0,easy|medium|hard
test,0,7,32,32,0.5310864979983307,17.129478502989514,932.9265346969769,0.0010849970858544111,1.0,1.0,1.0,1.0,8.622555139409073e-06,1.15625,0.0,2.0,hard|medium|easy
test,0,7,33,32,0.5307533209852409,17.660792007984128,933.4578482039797,0.003272613510489464,1.0,1.0,1.0,1.0,8.614232209737828e-06,0.96875,0.0,2.0,medium|easy|hard
test,0,7,34,32,0.5324123309983406,18.19367060199147,933.9907268159732,0.0016127777053043246,1.0,1.0,1.0,1.0,8.605909280066585e-06,1.125,0.0,2.0,hard|easy|medium
test,0,7,35,32,0.5312630069965962,18.72547444200609,934.5225306349748,0.0016183778643608093,1.0,1.0,1.0,1.0,8.59758635039534e-06,0.6875,0.0,2.0,easy|medium|hard
test,0,7,36,32,0.5313312849903014,19.257373714994173,935.0544299109897,0.001843837322667241,1.0,1.0,1.0,1.0,8.589263420724095e-06,0.875,0.0,2.0,easy|medium|hard
test,0,7,37,32,0.5322067820234224,19.790033188008238,935.5870893909887,0.0008560307323932648,1.0,1.0,1.0,1.0,8.580940491052852e-06,1.125,0.0,2.0,medium|hard|easy
test,0,7,38,32,0.5315877200046089,20.32218915800331,936.1192453599942,0.0012786849401891232,1.0,1.0,1.0,1.0,8.572617561381606e-06,0.84375,0.0,2.0,hard|easy|medium
test,0,7,39,32,0.5311121090198867,20.853752652998082,936.6508088399714,0.0008587514748796821,1.0,1.0,1.0,1.0,8.564294631710362e-06,1.03125,0.0,2.0,easy|hard|medium
test,0,7,40,32,0.5321432960045058,21.386454580991995,937.1835107879888,0.0007027823012322187,1.0,1.0,1.0,1.0,8.55597170203912e-06,0.96875,0.0,2.0,hard|medium|easy
test,0,7,41,32,0.5318138450093102,21.9188435600081,937.715899761999,0.0011936910450458527,1.0,1.0,1.0,1.0,8.547648772367874e-06,0.90625,0.0,2.0,easy|medium|hard
test,0,7,42,32,0.530756747990381,22.45008840999799,938.2471446099808,0.15332858264446259,0.9736842105263157,0.96875,0.9642857142857143,0.967967967967968,8.53932584269663e-06,0.96875,0.0,2.0,easy|hard|medium
test,0,7,43,32,0.5314841709914617,22.982163328008028,938.7792195469956,0.0007654867367818952,1.0,1.0,1.0,1.0,8.531002913025386e-06,0.875,0.0,2.0,hard|easy|medium
test,0,7,44,32,0.531942874978995,23.51465666698641,939.3117128619924,0.002135452814400196,1.0,1.0,1.0,1.0,8.522679983354142e-06,1.0625,0.0,2.0,medium|easy|hard
test,0,7,45,32,0.5304278609983157,24.04569045698736,939.8427466769936,0.0015435650711879134,1.0,1.0,1.0,1.0,8.514357053682897e-06,1.09375,0.0,2.0,hard|medium|easy
test,0,7,46,32,0.5321532649977598,24.578382371983025,940.3754385629727,0.001343912910670042,1.0,1.0,1.0,1.0,8.506034124011654e-06,1.03125,0.0,2.0,hard|easy|medium
test,0,7,47,32,0.5314587960019708,25.11042453898699,940.907480733993,0.0007146716234274209,1.0,1.0,1.0,1.0,8.497711194340409e-06,0.8125,0.0,2.0,hard|medium|easy
test,0,7,48,32,0.5306786010041833,25.641565669007832,941.438621867972,0.0007590800523757935,1.0,1.0,1.0,1.0,8.489388264669164e-06,0.8125,0.0,2.0,easy|medium|hard
test,0,7,49,32,0.5322819989814889,26.174428322003223,941.9714845369745,0.003112729173153639,1.0,1.0,1.0,1.0,8.48106533499792e-06,0.9375,0.0,2.0,easy|hard|medium
test,0,7,50,32,0.5317958850064315,26.706697298999643,942.5037534889998,0.0058416398242115974,1.0,1.0,1.0,1.0,8.472742405326676e-06,0.84375,0.0,2.0,easy|medium|hard
test,0,7,51,32,0.5311145370069426,27.238400269998237,943.0354564659938,0.4875631332397461,0.9007936507936507,0.90625,0.9089068825910931,0.9039039039039038,8.464419475655431e-06,1.0625,0.0,2.0,medium|hard|easy
test,0,7,52,32,0.5326398579927627,27.771524373994907,943.5685805809917,0.08956689387559891,0.9736842105263157,0.96875,0.9642857142857143,0.967967967967968,8.456096545984188e-06,0.78125,0.0,2.0,hard|medium|easy
test,0,7,53,32,0.5320390969864093,28.304109916993184,944.1011661219818,0.008373497053980827,1.0,1.0,1.0,1.0,8.447773616312943e-06,1.125,0.0,2.0,easy|hard|medium
test,0,7,54,32,0.5312558919831645,28.835925446008332,944.632981650997,0.0008585486793890595,1.0,1.0,1.0,1.0,8.439450686641698e-06,0.71875,0.0,2.0,medium|easy|hard
test,0,7,55,32,0.5330232380074449,29.369508451985894,945.166564958985,0.0005974528612568974,1.0,1.0,1.0,1.0,8.431127756970455e-06,0.9375,0.0,2.0,medium|easy|hard
test,0,7,56,32,0.5319268229941372,29.901971980987582,945.6990281739854,0.0006273862672969699,1.0,1.0,1.0,1.0,8.42280482729921e-06,0.96875,0.0,2.0,medium|hard|easy
test,0,7,57,32,0.5314022199891042,30.433915595000144,946.2309718279867,0.0005828465218655765,1.0,1.0,1.0,1.0,8.414481897627965e-06,1.03125,0.0,2.0,medium|easy|hard
test,0,7,58,32,0.5320803149952553,30.966528930992354,946.7635851159866,0.1690223664045334,0.9666666666666667,0.96875,0.9722222222222222,0.9684729064039409,8.406158967956722e-06,0.8125,0.0,2.0,medium|easy|hard
test,0,7,59,32,0.5320964609854855,31.499161349987844,947.2962176229921,0.0007170554017648101,1.0,1.0,1.0,1.0,8.397836038285477e-06,1.03125,0.0,2.0,hard|easy|medium
test,0,7,60,32,0.5317598409892526,32.0314855639881,947.8285417559964,0.049602340906858444,0.9642857142857143,0.96875,0.9736842105263157,0.967967967967968,8.389513108614234e-06,0.90625,0.0,2.0,medium|hard|easy
test,0,7,61,32,0.5324818429944571,32.56456803699257,948.3616242299904,0.0016695386730134487,1.0,1.0,1.0,1.0,8.381190178942989e-06,0.9375,0.0,2.0,medium|hard|easy
test,0,7,62,32,0.5313205450074747,33.09644858801039,948.8935047909908,0.00048145625623874366,1.0,1.0,1.0,1.0,8.372867249271744e-06,1.09375,0.0,2.0,easy|hard|medium
test,0,7,63,32,0.5314028599823359,33.62842793998425,949.425484116975,0.000588224153034389,1.0,1.0,1.0,1.0,8.364544319600501e-06,1.15625,0.0,2.0,hard|medium|easy
test,0,7,64,32,0.532490126992343,34.16154582600575,949.9586020339921,0.006991104688495398,1.0,1.0,1.0,1.0,8.356221389929256e-06,0.90625,0.0,2.0,hard|easy|medium
test,0,7,65,32,0.5323228680063039,34.694405352987815,950.4914615449961,0.000772522296756506,1.0,1.0,1.0,1.0,8.347898460258011e-06,0.96875,0.0,2.0,easy|medium|hard
test,0,7,66,32,0.5316590289876331,35.22664454500773,951.0237007619871,0.12402290105819702,0.9722222222222222,0.96875,0.9666666666666667,0.9684729064039409,8.339575530586768e-06,1.03125,0.0,2.0,hard|easy|medium
test,0,7,67,32,0.5320079219818581,35.759153855004115,951.5562100419775,0.2286972552537918,0.975,0.96875,0.9615384615384616,0.9671794871794872,8.331252600915523e-06,0.75,0.0,2.0,medium|easy|hard
test,0,7,68,32,0.5327583570033312,36.29248933200142,952.0895455319842,0.00048712966963648796,1.0,1.0,1.0,1.0,8.322929671244279e-06,0.71875,0.0,2.0,medium|hard|easy
test,0,7,69,32,0.5313906590163242,36.824486105993856,952.6215423059766,0.008658260107040405,1.0,1.0,1.0,1.0,8.314606741573035e-06,1.0625,0.0,2.0,medium|easy|hard
test,0,7,70,32,0.5304350210062694,37.35552489000838,953.1525810909807,0.08964857459068298,0.9545454545454546,0.96875,0.9772727272727273,0.964562569213732,8.30628381190179e-06,1.125,0.0,2.0,hard|medium|easy
test,0,7,71,32,0.5320714650151785,37.888169612007914,953.6852258259896,0.11371035873889923,0.9761904761904762,0.96875,0.9583333333333333,0.9660657476139979,8.297960882230546e-06,0.96875,0.0,2.0,easy|medium|hard
test,0,7,72,32,0.5318881290149875,38.42053156500333,954.2175877759873,0.13816796243190765,0.9642857142857143,0.96875,0.9736842105263157,0.967967967967968,8.289637952559302e-06,0.96875,0.0,2.0,easy|medium|hard
test,0,7,73,32,0.5313288010074757,38.9524344530073,954.7494906499924,0.0009188020485453308,1.0,1.0,1.0,1.0,8.281315022888058e-06,0.96875,0.0,2.0,hard|easy|medium
test,0,7,74,32,0.532425991987111,39.48544293199666,955.282499132998,0.12785615026950836,0.9736842105263157,0.96875,0.9642857142857143,0.967967967967968,8.272992093216813e-06,0.84375,0.0,2.0,hard|medium|easy
test,0,7,75,32,0.5314047079882585,40.01745623498573,955.8145126949821,0.0006703133694827557,1.0,1.0,1.0,1.0,8.26466916354557e-06,0.9375,0.0,2.0,medium|hard|easy
test,0,7,76,32,0.530837148980936,40.548882223985856,956.345938695973,0.0009444974130019546,1.0,1.0,1.0,1.0,8.256346233874325e-06,1.09375,0.0,2.0,medium|hard|easy
test,0,7,77,32,0.5323520250094589,41.08180732498295,956.8788635149831,0.03366637974977493,1.0,1.0,1.0,1.0,8.24802330420308e-06,0.90625,0.0,2.0,easy|medium|hard
test,0,7,78,32,0.5309152150002774,41.613258625002345,957.4103149079892,0.13992063701152802,0.9705882352941176,0.96875,0.96875,0.9687194525904204,8.239700374531837e-06,0.875,0.0,2.0,easy|hard|medium
test,0,7,79,32,0.5311997360258829,42.14503680600319,957.9420930049964,0.0550251230597496,0.9772727272727273,0.96875,0.9545454545454546,0.964562569213732,8.231377444860592e-06,1.25,0.0,2.0,hard|easy|medium
test,0,7,80,32,0.5319060159963556,42.67744530798518,958.4745014939981,0.0007788150687702,1.0,1.0,1.0,1.0,8.223054515189347e-06,0.90625,0.0,2.0,easy|hard|medium
test,0,7,81,32,0.5320533790218178,43.2100853669981,959.007141568989,0.0007164367707446218,1.0,1.0,1.0,1.0,8.214731585518104e-06,1.03125,0.0,2.0,hard|easy|medium
test,0,7,82,32,0.530796339007793,43.741440290003084,959.5384964929835,0.001030622748658061,1.0,1.0,1.0,1.0,8.206408655846859e-06,0.90625,0.0,2.0,hard|medium|easy
test,0,7,83,32,0.5321062720031478,44.27418518799823,960.0712413829751,0.0008217715658247471,1.0,1.0,1.0,1.0,8.198085726175614e-06,0.9375,0.0,2.0,medium|easy|hard
test,0,7,84,32,0.5316306760068983,44.80639350798447,960.6034497019718,0.0015450036153197289,1.0,1.0,1.0,1.0,8.189762796504371e-06,0.875,0.0,2.0,easy|hard|medium
test,0,7,85,32,0.5312064440222457,45.338167160982266,961.1352233569778,0.0006909121293574572,1.0,1.0,1.0,1.0,8.181439866833126e-06,1.09375,0.0,2.0,easy|medium|hard
test,0,7,86,32,0.5322023890039418,45.87093609198928,961.6679922909825,0.11333595216274261,0.9615384615384616,0.96875,0.975,0.9671794871794872,8.173116937161881e-06,0.90625,0.0,2.0,hard|medium|easy
test,0,7,87,32,0.5316422660253011,46.403118774003815,962.2001749709889,0.001636757981032133,1.0,1.0,1.0,1.0,8.164794007490638e-06,1.09375,0.0,2.0,hard|easy|medium
test,0,7,88,32,0.5309380230028182,46.93462525398354,962.7316814579826,0.0007340260199271142,1.0,1.0,1.0,1.0,8.156471077819393e-06,1.0,0.0,2.0,easy|medium|hard
test,0,7,89,32,0.5326373600109946,47.467862913006684,963.2649191029777,0.0006639731582254171,1.0,1.0,1.0,1.0,8.148148148148148e-06,1.0,0.0,2.0,hard|easy|medium
test,0,7,90,32,0.5313914020080119,47.99969724199036,963.7967534619966,0.1464441418647766,0.9365079365079365,0.9375,0.9365079365079365,0.9365079365079365,8.139825218476905e-06,0.78125,0.0,2.0,hard|medium|easy
test,0,7,91,32,0.5309081489976961,48.531158122990746,964.3282143419783,0.019071707502007484,1.0,1.0,1.0,1.0,8.13150228880566e-06,0.9375,0.0,2.0,hard|easy|medium
test,0,7,92,32,0.5324504259915557,49.06413743598387,964.8611936119851,0.10013679414987564,0.9666666666666667,0.96875,0.9722222222222222,0.9684729064039409,8.123179359134415e-06,0.9375,0.0,2.0,easy|hard|medium
test,0,7,93,32,0.531825805985136,49.596512843010714,965.3935690329818,0.053726062178611755,0.9615384615384616,0.96875,0.975,0.9671794871794872,8.114856429463172e-06,1.15625,0.0,2.0,medium|easy|hard
test,0,7,94,32,0.5315195969888009,50.12863840299542,965.925694621983,0.0006859250133857131,1.0,1.0,1.0,1.0,8.106533499791927e-06,0.90625,0.0,2.0,medium|easy|hard
test,0,7,95,32,0.5326000529748853,50.66184514100314,966.4589013509976,0.0006289177108556032,1.0,1.0,1.0,1.0,8.098210570120684e-06,0.9375,0.0,2.0,easy|medium|hard
test,0,7,96,32,0.5313596100022551,51.19379344698973,966.990849652997,0.00068410683888942,1.0,1.0,1.0,1.0,8.08988764044944e-06,1.0625,0.0,2.0,hard|medium|easy
test,0,7,97,32,0.5317640510038473,51.72611956601031,967.5231758189911,0.0006425032624974847,1.0,1.0,1.0,1.0,8.081564710778195e-06,1.28125,0.0,2.0,medium|easy|hard
test,0,7,98,32,0.5323142050183378,52.25892215198837,968.0559783489734,0.0029330546967685223,1.0,1.0,1.0,1.0,8.073241781106951e-06,1.09375,0.0,2.0,easy|medium|hard
test,0,7,99,32,0.5313743040023837,52.79077572200913,968.5878319159965,0.0013321160804480314,1.0,1.0,1.0,1.0,8.064918851435706e-06,1.0,0.0,2.0,medium|easy|hard
test,0,7,100,32,0.5318549630173948,53.32315784698585,969.1202140559908,0.0067203594371676445,1.0,1.0,1.0,1.0,8.056595921764462e-06,1.0,0.0,2.0,hard|medium|easy
test,0,7,101,32,0.5321732369775418,53.85585134499706,969.6529075289727,0.0017883472610265017,1.0,1.0,1.0,1.0,8.048272992093218e-06,0.8125,0.0,2.0,easy|hard|medium
test,0,7,102,32,0.5321304289973341,54.388542295986554,970.185598496988,0.209019735455513,0.975,0.96875,0.9615384615384616,0.9671794871794872,8.039950062421974e-06,1.0,0.0,2.0,easy|hard|medium
test,0,7,103,32,0.5311575380037539,54.92024880798999,970.7173050109996,0.000986843602731824,1.0,1.0,1.0,1.0,8.031627132750729e-06,0.96875,0.0,2.0,hard|medium|easy
test,0,7,104,32,0.5321599209855776,55.45290408999426,971.249960296991,0.022017866373062134,1.0,1.0,1.0,1.0,8.023304203079486e-06,0.9375,0.0,2.0,easy|medium|hard
test,0,7,105,32,0.5320685640035663,55.98552752099931,971.7825837249984,0.0005107233300805092,1.0,1.0,1.0,1.0,8.01498127340824e-06,1.09375,0.0,2.0,hard|medium|easy
test,0,7,106,32,0.5314989280013833,56.5175194729818,972.3145756839949,0.19228926301002502,0.9722222222222222,0.96875,0.9666666666666667,0.9684729064039409,8.006658343736996e-06,1.0625,0.0,2.0,easy|hard|medium
test,0,7,107,32,0.5307337489794008,57.0488041889912,972.8458603969775,0.0005363658419810236,1.0,1.0,1.0,1.0,7.998335414065753e-06,1.21875,0.0,2.0,medium|hard|easy
test,0,7,108,32,0.5323615639936179,57.58173400600208,973.3787902069744,0.0011097085662186146,1.0,1.0,1.0,1.0,7.990012484394508e-06,1.0625,0.0,2.0,medium|hard|easy
test,0,7,109,32,0.5312167450028937,58.113390295999125,973.9104465189739,0.0020724227651953697,1.0,1.0,1.0,1.0,7.981689554723263e-06,0.84375,0.0,2.0,easy|medium|hard
test,0,7,110,32,0.531188591994578,58.64514684898313,974.4422030509741,0.0006376729579642415,1.0,1.0,1.0,1.0,7.97336662505202e-06,0.9375,0.0,2.0,medium|hard|easy
test,0,7,111,32,0.5320252889941912,59.17774601900601,974.974802222976,0.000870321411639452,1.0,1.0,1.0,1.0,7.965043695380775e-06,1.15625,0.0,2.0,medium|easy|hard
test,0,7,112,32,0.5308457459905185,59.709106677997625,975.5061628709955,0.0018119176384061575,1.0,1.0,1.0,1.0,7.95672076570953e-06,0.9375,0.0,2.0,hard|easy|medium
test,0,7,113,32,0.5304344470205251,60.24012394499732,976.0371801669826,0.00038572592893615365,1.0,1.0,1.0,1.0,7.948397836038287e-06,0.8125,0.0,2.0,hard|medium|easy
test,0,7,114,32,0.532134117995156,60.7727475889842,976.5698038139963,0.2747674286365509,0.9227053140096618,0.9375,0.9227053140096618,0.9227053140096618,7.940074906367042e-06,1.125,0.0,2.0,hard|medium|easy
test,0,7,115,32,0.5317829519917723,61.30510339498869,977.1021595949715,0.0006071248208172619,1.0,1.0,1.0,1.0,7.931751976695797e-06,0.84375,0.0,2.0,hard|medium|easy
test,0,7,116,32,0.5310806519992184,61.83675390199642,977.6338101089932,0.07898800820112228,0.9583333333333333,0.96875,0.9761904761904762,0.9660657476139979,7.923429047024554e-06,0.96875,0.0,2.0,easy|medium|hard
test,0,7,117,32,0.531964860012522,62.36929547399632,978.1663516739791,0.0006896903505548835,1.0,1.0,1.0,1.0,7.91510611735331e-06,1.1875,0.0,2.0,easy|hard|medium
test,0,7,118,32,0.5315710610011593,62.90139839798212,978.69845459098,0.000923288578633219,1.0,1.0,1.0,1.0,7.906783187682064e-06,1.0,0.0,2.0,hard|easy|medium
test,0,7,119,32,0.5312352600158192,63.43317743300577,979.2302336789726,0.0004918724298477173,1.0,1.0,1.0,1.0,7.898460258010821e-06,1.03125,0.0,2.0,hard|easy|medium
test,0,7,120,32,0.5321093249949627,63.965815775009105,979.7628719659988,0.0005445287679322064,1.0,1.0,1.0,1.0,7.890137328339576e-06,0.96875,0.0,2.0,medium|easy|hard
test,0,7,121,32,0.5323673370003235,64.49862862899317,980.2956848439935,0.022985972464084625,0.9642857142857143,0.96875,0.9736842105263157,0.967967967967968,7.881814398668331e-06,0.9375,0.0,2.0,medium|easy|hard
test,0,7,122,32,0.5310735259845387,65.03029030800099,980.8273467369727,0.0004726479237433523,1.0,1.0,1.0,1.0,7.873491468997088e-06,1.0,0.0,2.0,hard|medium|easy
test,0,7,123,32,0.5324040550040081,65.56319386899122,981.3602500979905,0.0028327577747404575,1.0,1.0,1.0,1.0,7.865168539325843e-06,0.78125,0.0,2.0,medium|hard|easy
test,0,7,124,32,0.5316793539968785,66.09545561799314,981.8925118259795,0.05229232832789421,0.9642857142857143,0.96875,0.9736842105263157,0.967967967967968,7.856845609654599e-06,1.15625,0.0,2.0,medium|hard|easy
test,0,7,125,32,0.5304869070241693,66.6265191329876,982.423575333989,0.07789326459169388,0.9761904761904762,0.96875,0.9583333333333333,0.9660657476139979,7.848522679983355e-06,1.03125,0.0,2.0,hard|medium|easy
test,0,7,126,32,0.5328069499810226,67.15991691799718,982.9569731419906,0.20956501364707947,0.9722222222222222,0.96875,0.9666666666666667,0.9684729064039409,7.84019975031211e-06,0.96875,0.0,2.0,medium|hard|easy
test,0,7,127,32,0.5320151399937458,67.69238929299172,983.4894455289759,0.0008114437805488706,1.0,1.0,1.0,1.0,7.831876820640866e-06,1.21875,0.0,2.0,easy|hard|medium
test,0,7,128,32,0.5310165999981109,68.22388445300749,984.0209406769718,0.0016081411158666015,1.0,1.0,1.0,1.0,7.823553890969623e-06,1.15625,0.0,2.0,hard|medium|easy
test,0,7,129,32,0.5325632890162524,68.75698307499988,984.5540392829862,0.07834512740373611,0.96875,0.96875,0.9705882352941176,0.9687194525904204,7.815230961298378e-06,0.96875,0.0,2.0,easy|medium|hard
test,0,7,130,32,0.5320315150020178,69.28958139099996,985.0866375869955,0.19273193180561066,0.9583333333333333,0.96875,0.9761904761904762,0.9660657476139979,7.806908031627133e-06,1.03125,0.0,2.0,medium|easy|hard
test,0,7,131,32,0.531152503011981,69.82132056998671,985.6183767729963,0.0010493916925042868,1.0,1.0,1.0,1.0,7.79858510195589e-06,1.0,0.0,2.0,hard|medium|easy
test,0,7,132,32,0.5324234320141841,70.35433828100213,986.1513945059851,0.0006055865087546408,1.0,1.0,1.0,1.0,7.790262172284645e-06,0.8125,0.0,2.0,easy|medium|hard
test,0,7,133,32,0.5315015430096537,70.88642749999417,986.6834836889757,0.004503775388002396,1.0,1.0,1.0,1.0,7.781939242613402e-06,0.96875,0.0,2.0,easy|hard|medium
test,0,7,134,32,0.5317984779831022,71.41865026898449,987.2157064779894,0.013854863122105598,1.0,1.0,1.0,1.0,7.773616312942157e-06,0.75,0.0,2.0,easy|medium|hard
test,0,7,135,32,0.532678710995242,71.95187488998636,987.7489311529789,0.0005309596890583634,1.0,1.0,1.0,1.0,7.765293383270912e-06,0.9375,0.0,2.0,hard|easy|medium
test,0,7,136,32,0.5312822689884342,72.48370560200419,988.2807618349907,0.20516079664230347,0.96875,0.96875,0.9705882352941176,0.9687194525904204,7.756970453599669e-06,1.125,0.0,2.0,hard|easy|medium
test,0,7,137,32,0.5310392399842385,73.01527993698255,988.812336137984,0.000627042492851615,1.0,1.0,1.0,1.0,7.748647523928424e-06,1.03125,0.0,2.0,hard|medium|easy
test,0,7,138,32,0.5326943449908867,73.54852949400083,989.3455857019871,0.0013996753841638565,1.0,1.0,1.0,1.0,7.740324594257179e-06,0.84375,0.0,2.0,easy|medium|hard
test,0,7,139,32,0.5326181419950444,74.08166768201045,989.8787238809746,0.0008779307827353477,1.0,1.0,1.0,1.0,7.732001664585936e-06,1.0,0.0,2.0,easy|hard|medium
test,0,7,140,32,0.5316041629994288,74.61370631598402,990.410762517975,0.0005193895194679499,1.0,1.0,1.0,1.0,7.723678734914691e-06,1.0625,0.0,2.0,hard|medium|easy
test,0,7,141,32,0.5321207329980098,75.14628763700603,990.9433438559936,0.13539813458919525,0.9545454545454546,0.96875,0.9772727272727273,0.964562569213732,7.715355805243446e-06,1.0,0.0,2.0,medium|easy|hard
test,0,7,142,32,0.5323485380213242,75.67929606998223,991.4763522869907,0.0006481758318841457,1.0,1.0,1.0,1.0,7.707032875572203e-06,0.9375,0.0,2.0,medium|easy|hard
test,0,7,143,32,0.5313746779866051,76.21126007198473,992.008316277992,0.004318090155720711,1.0,1.0,1.0,1.0,7.698709945900958e-06,1.09375,0.0,2.0,medium|hard|easy
test,0,7,144,32,0.5306449870113283,76.74248464600532,992.5395408649929,0.0013800680171698332,1.0,1.0,1.0,1.0,7.690387016229713e-06,0.9375,0.0,2.0,medium|hard|easy
test,0,7,145,32,0.5327467139868531,77.27572049899027,993.072776696994,0.0006246137782000005,1.0,1.0,1.0,1.0,7.68206408655847e-06,1.25,0.0,2.0,hard|medium|easy
test,0,7,146,32,0.5316115989990067,77.80789396399632,993.604950154986,0.111640065908432,0.9642857142857143,0.96875,0.9736842105263157,0.967967967967968,7.673741156887225e-06,0.84375,0.0,2.0,medium|easy|hard
test,0,7,147,32,0.5312079279974569,78.33960860400111,994.1366648009862,0.0018158373422920704,1.0,1.0,1.0,1.0,7.66541822721598e-06,1.15625,0.0,2.0,medium|easy|hard
test,0,7,148,32,0.5325670549937058,78.87266111798817,994.6697173139837,0.0007511681760661304,1.0,1.0,1.0,1.0,7.657095297544737e-06,1.15625,0.0,2.0,medium|hard|easy
test,0,7,149,32,0.5315096720005386,79.40471898400574,995.2017751940002,0.0007405378273688257,1.0,1.0,1.0,1.0,7.648772367873492e-06,1.125,0.0,2.0,hard|easy|medium
test,0,7,150,32,0.5308814310119487,79.93611578800483,995.7331720039947,0.22126728296279907,0.9642857142857143,0.96875,0.9736842105263157,0.967967967967968,7.640449438202247e-06,0.75,0.0,2.0,easy|hard|medium
test,0,7,151,32,0.5325052539992612,80.46907687798375,996.2661330939736,0.31198224425315857,0.9411764705882353,0.9375,0.9411764705882353,0.9375,7.632126508531004e-06,1.0625,0.0,2.0,medium|easy|hard
test,0,7,152,32,0.5310637470101938,81.00078609099728,996.797842281987,0.21629942953586578,0.9705882352941176,0.96875,0.96875,0.9687194525904204,7.6238035788597594e-06,1.09375,0.0,2.0,hard|easy|medium
test,0,7,153,32,0.531109767005546,81.53252011499717,997.3295763069764,0.0004824321367777884,1.0,1.0,1.0,1.0,7.6154806491885146e-06,0.90625,0.0,2.0,easy|medium|hard
test,0,7,154,32,0.5319707629969344,82.06508691998897,997.8621431189822,0.0015498546417802572,1.0,1.0,1.0,1.0,7.6071577195172706e-06,1.03125,0.0,2.0,easy|medium|hard
test,0,7,155,32,0.531785970000783,82.5973755279847,998.3944317289861,0.0007118229987099767,1.0,1.0,1.0,1.0,7.5988347898460265e-06,1.03125,0.0,2.0,hard|medium|easy
test,0,7,156,32,0.5308451279997826,83.12878297700081,998.9258391669719,0.0004960576770827174,1.0,1.0,1.0,1.0,7.590511860174782e-06,1.0,0.0,2.0,hard|easy|medium
test,0,7,157,32,0.5321500359859783,83.66146000899607,999.4585164899763,0.02819412387907505,0.9545454545454546,0.96875,0.9772727272727273,0.964562569213732,7.582188930503538e-06,1.0625,0.0,2.0,medium|hard|easy
test,0,7,158,32,0.5322583189990837,84.19428731300286,999.9913435129856,0.11772450804710388,0.96875,0.96875,0.9705882352941176,0.9687194525904204,7.573866000832294e-06,1.21875,0.0,2.0,hard|medium|easy
test,0,7,159,32,0.5309444360027555,84.72579346000566,1000.5228496639756,0.014621459878981113,1.0,1.0,1.0,1.0,7.565543071161049e-06,1.0,0.0,2.0,medium|hard|easy
test,0,7,160,32,0.5320793289865833,85.25842309001018,1001.0554792709881,0.0005626102210953832,1.0,1.0,1.0,1.0,7.557220141489805e-06,0.84375,0.0,2.0,hard|medium|easy
test,0,7,161,32,0.5319092359859496,85.79090476600686,1001.5879609900003,0.0010173050686717033,1.0,1.0,1.0,1.0,7.548897211818561e-06,1.0,0.0,2.0,hard|easy|medium
test,0,7,162,32,0.5312614629801828,86.32270277300267,1002.1197589639924,0.24590492248535156,0.9642857142857143,0.96875,0.9736842105263157,0.967967967967968,7.540574282147316e-06,1.25,0.0,2.0,medium|hard|easy
test,0,7,163,32,0.5329445929965004,86.85622717498336,1002.6532834389945,0.0009187527466565371,1.0,1.0,1.0,1.0,7.532251352476072e-06,0.8125,0.0,2.0,easy|hard|medium
test,0,7,164,32,0.5319801199948415,87.38883929900476,1003.1858955079806,0.07110434770584106,0.975,0.96875,0.9615384615384616,0.9671794871794872,7.523928422804828e-06,1.25,0.0,2.0,hard|medium|easy
test,0,7,165,32,0.5302734170109034,87.9196494689968,1003.716705681989,0.0004910029820166528,1.0,1.0,1.0,1.0,7.515605493133583e-06,0.9375,0.0,2.0,easy|medium|hard
test,0,7,166,32,0.5324380430101883,88.45261227100855,1004.2496684819926,0.47207438945770264,0.9166666666666667,0.9375,0.9545454545454546,0.9307359307359306,7.507282563462339e-06,0.96875,0.0,2.0,medium|easy|hard
test,0,7,167,32,0.5314052650064696,88.98457588098245,1004.7816320939746,0.0007212318014353514,1.0,1.0,1.0,1.0,7.498959633791095e-06,1.0,0.0,2.0,hard|easy|medium
test,0,7,168,32,0.5313120689825155,89.51645352999913,1005.3135097189806,0.0029875810723751783,1.0,1.0,1.0,1.0,7.490636704119851e-06,1.03125,0.0,2.0,hard|medium|easy
test,0,7,169,32,0.5322069629910402,90.04921163400286,1005.8462678509823,0.0013425045181065798,1.0,1.0,1.0,1.0,7.482313774448606e-06,1.0,0.0,2.0,easy|medium|hard
test,0,7,170,32,0.5315568519872613,90.58131175499875,1006.3783679589978,0.0004929910646751523,1.0,1.0,1.0,1.0,7.473990844777362e-06,0.90625,0.0,2.0,medium|easy|hard
test,0,7,171,32,0.5318692020082381,91.11381311100558,1006.9108693199814,0.0006545227370224893,1.0,1.0,1.0,1.0,7.465667915106118e-06,1.0625,0.0,2.0,hard|medium|easy
test,0,7,172,32,0.5321396549989004,91.6464715260081,1007.4435277289886,0.0007979061920195818,1.0,1.0,1.0,1.0,7.457344985434873e-06,0.90625,0.0,2.0,hard|easy|medium
test,0,7,173,32,0.5310511149873491,92.17809047500486,1007.975146687997,0.0005800384096801281,1.0,1.0,1.0,1.0,7.449022055763629e-06,0.59375,0.0,2.0,hard|easy|medium
test,0,7,174,32,0.5316901319893077,92.71032429501065,1008.5073804969725,0.001489800401031971,1.0,1.0,1.0,1.0,7.440699126092385e-06,1.25,0.0,2.0,easy|medium|hard
test,0,7,175,32,0.5320925519918092,93.24302583598183,1009.0400820479845,0.02824539877474308,0.9666666666666667,0.96875,0.9722222222222222,0.9684729064039409,7.43237619642114e-06,0.96875,0.0,2.0,medium|easy|hard
test,0,7,176,32,0.5325620800140314,93.77608660899568,1009.5731428139843,0.000730803469195962,1.0,1.0,1.0,1.0,7.424053266749896e-06,1.03125,0.0,2.0,hard|easy|medium
test,0,7,177,32,0.5315845110162627,94.3081899509998,1010.1052461579966,0.0005531865754164755,1.0,1.0,1.0,1.0,7.415730337078652e-06,0.90625,0.0,2.0,medium|easy|hard
test,0,7,178,32,0.5324853850179352,94.84123963798629,1010.6382958379982,0.0005710320547223091,1.0,1.0,1.0,1.0,7.4074074074074075e-06,1.09375,0.0,2.0,medium|hard|easy
test,0,7,179,32,0.5323328840022441,95.37405431899242,1011.1711105159775,0.05256751552224159,0.96875,0.96875,0.9705882352941176,0.9687194525904204,7.3990844777361635e-06,1.21875,0.0,2.0,hard|easy|medium
test,0,7,180,32,0.5311684290063567,95.9057607720024,1011.7028169879923,0.06406243145465851,0.9642857142857143,0.96875,0.9736842105263157,0.967967967967968,7.3907615480649195e-06,1.125,0.0,2.0,hard|medium|easy
test,0,7,181,32,0.531788856984349,96.43813820599462,1012.2351944119728,0.0005235000280663371,1.0,1.0,1.0,1.0,7.382438618393675e-06,1.03125,0.0,2.0,medium|hard|easy
test,0,7,182,32,0.5332062289817259,96.97185936398455,1012.7689155619883,0.25052762031555176,0.9565217391304348,0.9375,0.9090909090909092,0.9272727272727272,7.374115688722431e-06,0.90625,0.0,2.0,easy|medium|hard
test,0,7,183,32,0.5315007629978936,97.5039160749875,1013.3009722799761,0.021091284230351448,1.0,1.0,1.0,1.0,7.3657927590511866e-06,1.0,0.0,2.0,easy|hard|medium
test,0,7,184,32,0.5311201990116388,98.03562436200446,1013.832680559979,0.000498990120831877,1.0,1.0,1.0,1.0,7.357469829379942e-06,0.9375,0.0,2.0,medium|hard|easy
test,0,7,185,32,0.5322633309988305,98.56846115700318,1014.3655173849838,0.0010945785325020552,1.0,1.0,1.0,1.0,7.349146899708698e-06,0.90625,0.0,2.0,medium|easy|hard
test,0,7,186,32,0.5316782210138626,99.10070079998695,1014.8977570029965,0.0007479071500711143,1.0,1.0,1.0,1.0,7.340823970037454e-06,0.8125,0.0,2.0,medium|hard|easy
test,0,7,187,32,0.5308249839872587,99.63209216800169,1015.4291483949928,0.0010272220242768526,1.0,1.0,1.0,1.0,7.33250104036621e-06,1.21875,0.0,2.0,medium|hard|easy
test,0,7,188,32,0.5320195230015088,100.1646619119856,1015.9617181069916,0.0005476361839100718,1.0,1.0,1.0,1.0,7.324178110694965e-06,1.0625,0.0,2.0,hard|medium|easy
test,0,7,189,32,0.5320632200164255,100.69729349800036,1016.4943497089844,0.0009704440017230809,1.0,1.0,1.0,1.0,7.315855181023721e-06,1.15625,0.0,2.0,easy|hard|medium
test,0,7,190,32,0.5308447490097024,101.22867519198917,1017.0257313969778,0.00045047764433547854,1.0,1.0,1.0,1.0,7.307532251352477e-06,1.125,0.0,2.0,medium|hard|easy
test,0,7,191,32,0.5325113940052688,101.76170292898314,1017.5587591329822,0.0003422556328587234,1.0,1.0,1.0,1.0,7.299209321681232e-06,1.09375,0.0,2.0,hard|easy|medium
test,0,7,192,32,0.531451560993446,102.29374702999485,1018.090803219995,0.0027270896825939417,1.0,1.0,1.0,1.0,7.290886392009988e-06,1.0625,0.0,2.0,hard|easy|medium
test,0,7,193,32,0.5311052759934682,102.82540170499124,1018.622457890975,0.0003941916220355779,1.0,1.0,1.0,1.0,7.282563462338744e-06,1.21875,0.0,2.0,hard|medium|easy
test,0,7,194,32,0.5323303650075104,103.35834977499326,1019.1554059659829,0.017266102135181427,1.0,1.0,1.0,1.0,7.274240532667499e-06,1.15625,0.0,2.0,medium|hard|easy
test,0,7,195,32,0.5322674990165979,103.89105619300972,1019.6881123789935,0.007509208749979734,1.0,1.0,1.0,1.0,7.265917602996255e-06,1.1875,0.0,2.0,medium|hard|easy
test,0,7,196,32,0.5308564019796904,104.42245499498677,1020.219511200994,0.0005173480603843927,1.0,1.0,1.0,1.0,7.257594673325011e-06,0.96875,0.0,2.0,medium|hard|easy
test,0,7,197,32,0.5323054690088611,104.95532247499796,1020.7523786769889,0.17009024322032928,0.9722222222222222,0.96875,0.9666666666666667,0.9684729064039409,7.249271743653766e-06,1.15625,0.0,2.0,easy|hard|medium
test,0,7,198,32,0.5323996310180519,105.48824686699663,1021.2853030759725,0.0005009226151742041,1.0,1.0,1.0,1.0,7.240948813982522e-06,0.875,0.0,2.0,medium|easy|hard
test,0,7,199,32,0.530282294988865,106.01903774100356,1021.8160939409863,0.0005075992085039616,1.0,1.0,1.0,1.0,7.232625884311278e-06,0.875,0.0,2.0,medium|easy|hard
test,0,7,200,32,0.5328097390010953,106.55234505300177,1022.3494012689916,0.0004160576791036874,1.0,1.0,1.0,1.0,7.224302954640033e-06,1.21875,0.0,2.0,hard|medium|easy
test,0,7,201,32,0.532219172018813,107.08511596699827,1022.8821721799904,0.00040301354601979256,1.0,1.0,1.0,1.0,7.215980024968789e-06,1.09375,0.0,2.0,medium|hard|easy
test,0,7,202,32,0.5318900950078387,107.61756221301039,1023.4146184739948,0.0006381688872352242,1.0,1.0,1.0,1.0,7.207657095297545e-06,0.90625,0.0,2.0,easy|medium|hard
test,0,7,203,32,0.5327960970171262,108.15091665298678,1023.9479728389997,0.032208945602178574,0.9705882352941176,0.96875,0.96875,0.9687194525904204,7.1993341656263e-06,0.90625,0.0,2.0,medium|hard|easy
test,0,7,204,32,0.5321087149786763,108.68352754900116,1024.4805837399908,0.0004771030799020082,1.0,1.0,1.0,1.0,7.191011235955056e-06,1.0,0.0,2.0,easy|hard|medium
test,0,7,205,32,0.5308378130139317,109.2149529469898,1025.0120091379795,0.0005409427103586495,1.0,1.0,1.0,1.0,7.182688306283812e-06,0.90625,0.0,2.0,easy|hard|medium
test,0,7,206,32,0.5328899370215368,109.74833621899597,1025.5453924099857,0.06817717105150223,0.9705882352941176,0.96875,0.96875,0.9687194525904204,7.174365376612568e-06,1.0,0.0,2.0,hard|easy|medium
test,0,7,207,32,0.5318774800107349,110.2807950520073,1026.0778512399993,0.0007840946782380342,1.0,1.0,1.0,1.0,7.1660424469413235e-06,0.90625,0.0,2.0,easy|hard|medium
test,0,7,208,32,0.5313156610063743,110.8126131290046,1026.6096696079767,0.00043989872210659087,1.0,1.0,1.0,1.0,7.1577195172700795e-06,1.25,0.0,2.0,hard|medium|easy
test,0,7,209,32,0.5328325550071895,111.34601261798525,1027.1430688589753,0.003185337409377098,1.0,1.0,1.0,1.0,7.1493965875988355e-06,1.1875,0.0,2.0,hard|easy|medium
test,0,7,210,32,0.5321537709969562,111.8786918069818,1027.6757480019878,0.00033715582685545087,1.0,1.0,1.0,1.0,7.141073657927591e-06,0.90625,0.0,2.0,hard|easy|medium
test,0,7,211,32,0.5309508070058655,112.41018907399848,1028.2072452729917,0.004027635790407658,1.0,1.0,1.0,1.0,7.132750728256347e-06,1.125,0.0,2.0,medium|hard|easy
test,0,7,212,32,0.5330119479913265,112.94371131199296,1028.7407675259747,0.0004993581096641719,1.0,1.0,1.0,1.0,7.124427798585103e-06,1.09375,0.0,2.0,easy|medium|hard
test,0,7,213,32,0.5319015700079035,113.47614683699794,1029.2732030469924,0.00030946425977163017,1.0,1.0,1.0,1.0,7.116104868913858e-06,0.71875,0.0,2.0,hard|medium|easy
test,0,7,214,32,0.5315584919881076,114.00824221098446,1029.805298422987,0.21692699193954468,0.9642857142857143,0.96875,0.9736842105263157,0.967967967967968,7.107781939242614e-06,0.9375,0.0,2.0,medium|easy|hard
test,0,7,215,32,0.5328091830015182,114.54165637498954,1030.338712575991,0.1800028383731842,0.9642857142857143,0.96875,0.9736842105263157,0.967967967967968,7.09945900957137e-06,0.90625,0.0,2.0,easy|hard|medium
test,0,7,216,32,0.5327963180025108,115.07494863698957,1030.8720048409887,0.0009091167594306171,1.0,1.0,1.0,1.0,7.091136079900125e-06,1.125,0.0,2.0,easy|medium|hard
test,0,7,217,32,0.531144314998528,115.60661277000327,1031.4036690020002,0.0003169923147652298,1.0,1.0,1.0,1.0,7.082813150228881e-06,0.9375,0.0,2.0,easy|medium|hard
test,0,7,218,32,0.5323287539940793,116.1394782429852,1031.9365344719845,0.0003730332828126848,1.0,1.0,1.0,1.0,7.074490220557637e-06,1.3125,0.0,2.0,medium|easy|hard
test,0,7,219,32,0.5313077080063522,116.6713107189862,1032.4683669129736,0.0006815968081355095,1.0,1.0,1.0,1.0,7.066167290886392e-06,0.96875,0.0,2.0,hard|easy|medium
test,0,7,220,32,0.5323123529960867,117.2041808909853,1033.001237079996,0.04644050821661949,0.9411764705882353,0.9375,0.9411764705882353,0.9375,7.057844361215148e-06,0.9375,0.0,2.0,medium|easy|hard
test,0,7,221,32,0.5326314670091961,117.73730315899593,1033.534359371988,0.1038375273346901,0.9642857142857143,0.96875,0.9736842105263157,0.967967967967968,7.049521431543904e-06,1.09375,0.0,2.0,hard|easy|medium
test,0,7,222,32,0.5318049550114665,118.2697099869838,1034.0667661829793,0.252366840839386,0.9642857142857143,0.96875,0.9736842105263157,0.967967967967968,7.04119850187266e-06,1.0625,0.0,2.0,medium|hard|easy
test,0,7,223,32,0.531063575996086,118.80130399798509,1034.5983602009946,0.013264786452054977,1.0,1.0,1.0,1.0,7.032875572201415e-06,0.84375,0.0,2.0,easy|medium|hard
test,0,7,224,32,0.5323599730036221,119.33421504200669,1035.1312712529907,0.00037613481981679797,1.0,1.0,1.0,1.0,7.024552642530171e-06,1.03125,0.0,2.0,medium|hard|easy
test,0,7,225,32,0.5321007140155416,119.86679686498246,1035.6638530689816,0.01777617260813713,1.0,1.0,1.0,1.0,7.016229712858927e-06,0.71875,0.0,2.0,easy|medium|hard
test,0,7,226,32,0.5318809250020422,120.39917245099787,1036.19622871498,0.00039639498572796583,1.0,1.0,1.0,1.0,7.007906783187682e-06,1.0,0.0,2.0,easy|medium|hard
test,0,7,227,32,0.5321083180024289,120.93178632800118,1036.7288425529841,0.0003129263932351023,1.0,1.0,1.0,1.0,6.999583853516438e-06,1.0625,0.0,2.0,medium|hard|easy
test,0,7,228,32,0.5325523389910813,121.46490397199523,1037.2619601899933,0.0005153276142664254,1.0,1.0,1.0,1.0,6.991260923845194e-06,0.9375,0.0,2.0,medium|easy|hard
test,0,7,229,32,0.5310511930147186,121.99644138800795,1037.793497568986,0.0004511037259362638,1.0,1.0,1.0,1.0,6.982937994173949e-06,1.28125,0.0,2.0,hard|easy|medium
test,0,7,230,32,0.5309748100116849,122.5279281839903,1038.3249846969848,0.00033579874434508383,1.0,1.0,1.0,1.0,6.974615064502705e-06,1.21875,0.0,2.0,hard|medium|easy
test,0,7,231,32,0.5317706729983911,123.06022102700081,1038.857277225994,0.00032615719828754663,1.0,1.0,1.0,1.0,6.966292134831461e-06,1.03125,0.0,2.0,hard|easy|medium
test,0,7,232,32,0.5319034759886563,123.5925859810086,1039.3896421829995,0.18939968943595886,0.9722222222222222,0.96875,0.9666666666666667,0.9684729064039409,6.957969205160216e-06,1.125,0.0,2.0,medium|easy|hard
test,0,7,233,32,0.5309102860046551,124.12399086300866,1039.9210470549879,0.00048296531895175576,1.0,1.0,1.0,1.0,6.949646275488972e-06,0.875,0.0,2.0,medium|hard|easy
test,0,7,234,32,0.5327411649923306,124.65727294699172,1040.4543292189774,0.0007160075474530458,1.0,1.0,1.0,1.0,6.941323345817728e-06,1.15625,0.0,2.0,medium|hard|easy
test,0,7,235,32,0.53154584398726,125.18933646398364,1040.986392664985,0.0004814750573132187,1.0,1.0,1.0,1.0,6.9330004161464835e-06,0.90625,0.0,2.0,medium|easy|hard
test,0,7,236,32,0.5316243999986909,125.72149688299396,1041.5185531019815,0.00032513102632947266,1.0,1.0,1.0,1.0,6.9246774864752395e-06,1.15625,0.0,2.0,hard|easy|medium
test,0,7,237,32,0.5324744899990037,126.25452930599567,1042.0515855079866,0.0006049488438293338,1.0,1.0,1.0,1.0,6.9163545568039955e-06,1.0625,0.0,2.0,medium|easy|hard
test,0,7,238,32,0.5314289370144252,126.78641695700935,1042.5834731769864,0.26376086473464966,0.9444444444444444,0.9375,0.9375,0.9372549019607843,6.908031627132751e-06,1.03125,0.0,2.0,medium|hard|easy
test,0,7,239,32,0.5318331730086356,127.3188132380019,1043.1158694399928,0.00034568546107038856,1.0,1.0,1.0,1.0,6.899708697461507e-06,1.0,0.0,2.0,hard|easy|medium
test,0,7,240,32,0.5323278500000015,127.85172516698367,1043.6487813829735,0.0003719405794981867,1.0,1.0,1.0,1.0,6.891385767790263e-06,0.96875,0.0,2.0,easy|medium|hard
test,0,7,241,32,0.53174732500338,128.38398668498849,1044.1810429289762,0.00036769110010936856,1.0,1.0,1.0,1.0,6.883062838119019e-06,1.0,0.0,2.0,medium|hard|easy
test,0,7,242,32,0.5311035320046358,128.9156204799947,1044.7126766759902,0.24094857275485992,0.975,0.96875,0.9615384615384616,0.9671794871794872,6.874739908447774e-06,0.96875,0.0,2.0,hard|medium|easy
test,0,7,243,32,0.5316944950027391,129.4478308520047,1045.2448870919761,0.0003822533180937171,1.0,1.0,1.0,1.0,6.86641697877653e-06,0.9375,0.0,2.0,medium|hard|easy
test,0,7,244,32,0.5319443919870537,129.98029375300393,1045.7773499649775,0.003814654890447855,1.0,1.0,1.0,1.0,6.858094049105286e-06,0.875,0.0,2.0,hard|medium|easy
test,0,7,245,32,0.5307492410065606,130.51152308800374,1046.3085793119972,0.001694809878244996,1.0,1.0,1.0,1.0,6.849771119434041e-06,1.28125,0.0,2.0,medium|easy|hard
test,0,7,246,32,0.5322194450127427,131.04419410100672,1046.8412503,0.21790874004364014,0.9722222222222222,0.96875,0.9666666666666667,0.9684729064039409,6.841448189762797e-06,1.0,0.0,2.0,hard|easy|medium
test,0,7,247,32,0.5317993810167536,131.57649695500731,1047.373553145997,0.00034929634421132505,1.0,1.0,1.0,1.0,6.833125260091553e-06,0.875,0.0,2.0,medium|easy|hard
test,0,7,248,32,0.5307855219871271,132.10785266000312,1047.9049088659813,0.0003897145506925881,1.0,1.0,1.0,1.0,6.824802330420308e-06,1.0,0.0,2.0,easy|medium|hard
test,0,7,249,32,0.5322533549915534,132.6407082020014,1048.437764397997,0.000532092060893774,1.0,1.0,1.0,1.0,6.816479400749064e-06,0.875,0.0,2.0,easy|hard|medium
test,0,7,250,32,0.5314090439933352,133.1726482929953,1048.969704499992,0.0005045123398303986,1.0,1.0,1.0,1.0,6.80815647107782e-06,1.03125,0.0,2.0,medium|hard|easy
test,0,7,251,32,0.5309420519915875,133.70415134500945,1049.5012075359991,0.00040551298297941685,1.0,1.0,1.0,1.0,6.799833541406575e-06,0.875,0.0,2.0,medium|hard|easy
test,0,7,252,32,0.5319352340011392,134.23665575799532,1050.0337119739852,0.0008200581651180983,1.0,1.0,1.0,1.0,6.791510611735331e-06,0.9375,0.0,2.0,easy|medium|hard
test,0,7,253,32,0.5319182239763904,134.76915000900044,1050.5662062199845,0.0004933102754876018,1.0,1.0,1.0,1.0,6.783187682064087e-06,0.96875,0.0,2.0,hard|medium|easy
test,0,7,254,32,0.5313972430012655,135.30111412898987,1051.098170325975,0.0006667047273367643,1.0,1.0,1.0,1.0,6.774864752392842e-06,0.84375,0.0,2.0,easy|medium|hard
test,0,7,255,32,0.5320359759789426,135.8336873719818,1051.6307435839844,0.001130897318944335,1.0,1.0,1.0,1.0,6.766541822721598e-06,1.0,0.0,2.0,hard|medium|easy
test,0,7,256,32,0.531369921984151,136.36562444100855,1052.1626806339773,0.08059173077344894,0.9705882352941176,0.96875,0.96875,0.9687194525904204,6.758218893050354e-06,0.9375,0.0,2.0,medium|easy|hard
test,0,7,257,32,0.5315180410107132,136.8977711740008,1052.6948273829767,0.00174110964871943,1.0,1.0,1.0,1.0,6.749895963379109e-06,0.875,0.0,2.0,hard|easy|medium
test,0,7,258,32,0.5329065310070291,137.43121346700354,1053.2282696829934,0.0005660161841660738,1.0,1.0,1.0,1.0,6.741573033707865e-06,1.21875,0.0,2.0,hard|medium|easy
test,0,7,259,32,0.5313095479796175,137.96305828000186,1053.7601144829823,0.0004038657352793962,1.0,1.0,1.0,1.0,6.733250104036621e-06,0.9375,0.0,2.0,hard|medium|easy
test,0,7,260,32,0.5313499809999485,138.49492805698537,1054.291984261974,0.0005251314723864198,1.0,1.0,1.0,1.0,6.724927174365377e-06,1.15625,0.0,2.0,medium|hard|easy
test,0,7,261,32,0.532219537999481,139.02766787499422,1054.824724081991,0.00048802467063069344,1.0,1.0,1.0,1.0,6.716604244694132e-06,1.21875,0.0,2.0,hard|medium|easy
test,0,7,262,32,0.5325217669887934,139.56067565700505,1055.3577318669995,0.0008550540078431368,1.0,1.0,1.0,1.0,6.708281315022888e-06,0.75,0.0,2.0,medium|hard|easy
test,0,7,263,32,0.5311760299955495,140.09276732898434,1055.8898235299857,0.012682429514825344,1.0,1.0,1.0,1.0,6.699958385351644e-06,0.8125,0.0,2.0,easy|hard|medium
test,0,7,264,32,0.5316146169789135,140.6248204819858,1056.4218766769918,0.0004512575687840581,1.0,1.0,1.0,1.0,6.6916354556803995e-06,0.875,0.0,2.0,easy|medium|hard
test,0,7,265,32,0.5328150679997634,141.15806618100032,1056.9551224129973,0.000740141374990344,1.0,1.0,1.0,1.0,6.6833125260091555e-06,0.84375,0.0,2.0,easy|medium|hard
test,0,7,266,32,0.5311460559896659,141.68968502199277,1057.4867412229942,0.44000542163848877,0.9352226720647774,0.9375,0.9352226720647774,0.9352226720647774,6.6749895963379115e-06,1.125,0.0,2.0,hard|easy|medium
test,0,7,267,17,0.3193594200129155,142.00954994399217,1057.8066061549762,0.0005398623179644346,1.0,1.0,1.0,1.0,6.666666666666667e-06,0.8823529481887817,0.0,2.0,medium|easy|hard
test,0,8,1,32,0.5344995600171387,0.6183695179934148,1068.9477631439804,0.0013587166322395205,1.0,1.0,1.0,1.0,6.658343736995423e-06,1.0625,0.0,2.0,easy|hard|medium
test,0,8,2,32,0.5316361089935526,1.1507053479726892,1069.480095730978,0.000511200400069356,1.0,1.0,1.0,1.0,6.650020807324179e-06,0.90625,0.0,2.0,medium|easy|hard
test,0,8,3,32,0.5314363059878815,1.6826574259903282,1070.0120474809955,0.0005535854725167155,1.0,1.0,1.0,1.0,6.641697877652934e-06,1.0,0.0,2.0,easy|medium|hard
test,0,8,4,32,0.5327459310065024,2.215981719986303,1070.545371840999,0.0009645652025938034,1.0,1.0,1.0,1.0,6.63337494798169e-06,0.84375,0.0,2.0,medium|hard|easy
test,0,8,5,32,0.5312354890047573,2.747770405985648,1071.0771604689944,0.0003896581765729934,1.0,1.0,1.0,1.0,6.625052018310446e-06,0.78125,0.0,2.0,medium|easy|hard
test,0,8,6,32,0.5313469370012172,3.2796472149784677,1071.6090373399784,0.001451813499443233,1.0,1.0,1.0,1.0,6.616729088639201e-06,1.03125,0.0,2.0,medium|hard|easy
test,0,8,7,32,0.532523467001738,3.812658628972713,1072.1420487359865,0.0005828911671414971,1.0,1.0,1.0,1.0,6.608406158967957e-06,1.1875,0.0,2.0,medium|easy|hard
test,0,8,8,32,0.5311445579864085,4.344361049996223,1072.6737511909741,0.0009321692050434649,1.0,1.0,1.0,1.0,6.600083229296713e-06,1.375,0.0,2.0,medium|hard|easy
test,0,8,9,32,0.5312191020057071,4.876121664972743,1073.2055117369746,0.2595364451408386,0.9473684210526316,0.9375,0.9333333333333333,0.9365079365079365,6.591760299625468e-06,1.21875,0.0,2.0,hard|medium|easy
test,0,8,10,32,0.533146207977552,5.409721638978226,1073.7391117879888,0.00045041393605060875,1.0,1.0,1.0,1.0,6.583437369954224e-06,0.8125,0.0,2.0,medium|easy|hard
test,0,8,11,32,0.5317660080036148,5.941980256000534,1074.2713703159825,0.06379793584346771,0.9705882352941176,0.96875,0.96875,0.9687194525904204,6.57511444028298e-06,1.03125,0.0,2.0,hard|medium|easy
test,0,8,12,32,0.5315454629890155,6.474083302979125,1074.8034734209941,0.0005663321353495121,1.0,1.0,1.0,1.0,6.566791510611736e-06,0.78125,0.0,2.0,medium|hard|easy
test,0,8,13,32,0.5324095379910432,7.007083389995387,1075.336473501986,0.0010055539896711707,1.0,1.0,1.0,1.0,6.558468580940491e-06,0.9375,0.0,2.0,hard|easy|medium
test,0,8,14,32,0.5320201640133746,7.5397074739739764,1075.869097598974,0.0003774830838665366,1.0,1.0,1.0,1.0,6.550145651269247e-06,0.875,0.0,2.0,easy|medium|hard
test,0,8,15,32,0.5309039560088422,8.071159491984872,1076.4005496059835,0.025788528844714165,0.975,0.96875,0.9615384615384616,0.9671794871794872,6.541822721598003e-06,0.875,0.0,2.0,easy|medium|hard
test,0,8,16,32,0.5321537209965754,8.603843674995005,1076.9332337989763,0.0007933906745165586,1.0,1.0,1.0,1.0,6.533499791926758e-06,1.09375,0.0,2.0,medium|hard|easy
test,0,8,17,32,0.5323195719975047,9.136671123997075,1077.466061317973,0.0009239393984898925,1.0,1.0,1.0,1.0,6.525176862255514e-06,0.96875,0.0,2.0,easy|medium|hard
test,0,8,18,32,0.5311914120102301,9.668445247982163,1077.997835395974,0.0004658750258386135,1.0,1.0,1.0,1.0,6.51685393258427e-06,1.0,0.0,2.0,medium|hard|easy
test,0,8,19,32,0.5328071570256725,10.201824382995255,1078.531214528979,0.0006344944122247398,1.0,1.0,1.0,1.0,6.508531002913025e-06,1.0625,0.0,2.0,easy|medium|hard
test,0,8,20,32,0.5316750599886291,10.73406995399273,1079.063460077974,0.15551786124706268,0.96875,0.96875,0.9705882352941176,0.9687194525904204,6.500208073241781e-06,0.8125,0.0,2.0,medium|hard|easy
test,0,8,21,32,0.5313610609737225,11.266007465979783,1079.5953975859738,0.13974156975746155,0.96875,0.96875,0.9705882352941176,0.9687194525904204,6.491885143570537e-06,0.9375,0.0,2.0,medium|easy|hard
test,0,8,22,32,0.5327893249923363,11.799382998986403,1080.1287731079792,0.0007254419615492225,1.0,1.0,1.0,1.0,6.4835622138992924e-06,0.84375,0.0,2.0,easy|hard|medium
test,0,8,23,32,0.532377928000642,12.332290451973677,1080.6616805949889,0.0026645734906196594,1.0,1.0,1.0,1.0,6.4752392842280484e-06,1.0625,0.0,2.0,hard|medium|easy
test,0,8,24,32,0.5306708529824391,12.863414714985993,1081.19280483498,0.0003687682910822332,1.0,1.0,1.0,1.0,6.466916354556804e-06,1.03125,0.0,2.0,hard|medium|easy
test,0,8,25,32,0.5326324159977958,13.396503033000045,1081.7258931499964,0.008077970705926418,1.0,1.0,1.0,1.0,6.4585934248855596e-06,1.0,0.0,2.0,hard|easy|medium
test,0,8,26,32,0.5317747679946478,13.928826143994229,1082.258216275979,0.0008574604871682823,1.0,1.0,1.0,1.0,6.4502704952143155e-06,1.15625,0.0,2.0,hard|medium|easy
test,0,8,27,32,0.5307963769882917,14.460144133976428,1082.789534231997,0.003559071570634842,1.0,1.0,1.0,1.0,6.4419475655430715e-06,0.78125,0.0,2.0,medium|hard|easy
test,0,8,28,32,0.5326054769975599,14.993348755000625,1083.3227389339881,0.0804121270775795,0.9736842105263157,0.96875,0.9642857142857143,0.967967967967968,6.433624635871828e-06,0.53125,0.0,2.0,medium|easy|hard
test,0,8,29,32,0.5321149109804537,15.526047177991131,1083.8554372989747,0.0009745138231664896,1.0,1.0,1.0,1.0,6.425301706200583e-06,0.78125,0.0,2.0,easy|hard|medium
test,0,8,30,32,0.531711969000753,16.058257495984435,1084.3876476049772,0.0004751458181999624,1.0,1.0,1.0,1.0,6.416978776529339e-06,1.09375,0.0,2.0,hard|medium|easy
test,0,8,31,32,0.5328123900108039,16.591632782976376,1084.9210228939774,0.0004922656225971878,1.0,1.0,1.0,1.0,6.408655846858095e-06,0.9375,0.0,2.0,easy|hard|medium
test,0,8,32,32,0.53202748199692,17.124204969994025,1085.4535950889986,0.02053963579237461,1.0,1.0,1.0,1.0,6.40033291718685e-06,0.875,0.0,2.0,easy|medium|hard
test,0,8,33,32,0.5316235659993254,17.65634669098654,1085.9857368129888,0.0002577954437583685,1.0,1.0,1.0,1.0,6.392009987515606e-06,1.0625,0.0,2.0,easy|medium|hard
test,0,8,34,32,0.5325183690001722,18.189421278977534,1086.5188115549972,0.0037804008461534977,1.0,1.0,1.0,1.0,6.383687057844362e-06,0.96875,0.0,2.0,medium|hard|easy
test,0,8,35,32,0.5314118730020709,18.721394907974172,1087.0507851449947,0.0009464609320275486,1.0,1.0,1.0,1.0,6.375364128173117e-06,1.1875,0.0,2.0,hard|medium|easy
test,0,8,36,32,0.5316987740225159,19.253638188994955,1087.583028604975,0.0010594584746286273,1.0,1.0,1.0,1.0,6.367041198501873e-06,0.96875,0.0,2.0,medium|hard|easy
test,0,8,37,32,0.5323403420043178,19.78649379199487,1088.1158839019772,0.006971771828830242,1.0,1.0,1.0,1.0,6.358718268830629e-06,0.71875,0.0,2.0,easy|hard|medium
test,0,8,38,32,0.5316665210120846,20.318698587972904,1088.6480886889913,0.0005121549475006759,1.0,1.0,1.0,1.0,6.350395339159384e-06,1.0,0.0,2.0,hard|easy|medium
test,0,8,39,32,0.5314982800045982,20.850778520980384,1089.180168588995,0.00039279944030568004,1.0,1.0,1.0,1.0,6.34207240948814e-06,1.03125,0.0,2.0,medium|easy|hard
test,0,8,40,32,0.5324767359998077,21.383784516976448,1089.7131745669758,0.0004572674515657127,1.0,1.0,1.0,1.0,6.333749479816896e-06,0.96875,0.0,2.0,easy|hard|medium
test,0,8,41,32,0.5324029960029293,21.91669248699327,1090.2460826019815,0.000435193651355803,1.0,1.0,1.0,1.0,6.325426550145651e-06,0.90625,0.0,2.0,easy|medium|hard
test,0,8,42,32,0.531879612011835,22.449091766990023,1090.7784818819782,0.003149926196783781,1.0,1.0,1.0,1.0,6.317103620474407e-06,0.78125,0.0,2.0,medium|easy|hard
test,0,8,43,32,0.5316876489960123,22.98128234097385,1091.3106725889957,0.0003541785408742726,1.0,1.0,1.0,1.0,6.308780690803163e-06,1.09375,0.0,2.0,hard|easy|medium
test,0,8,44,32,0.5326021520013455,23.514409185998375,1091.8437993119878,0.0006095487624406815,1.0,1.0,1.0,1.0,6.300457761131918e-06,1.1875,0.0,2.0,medium|hard|easy
test,0,8,45,32,0.5313914529979229,24.04632306098938,1092.3757131849998,0.00034161083749495447,1.0,1.0,1.0,1.0,6.292134831460674e-06,1.1875,0.0,2.0,hard|medium|easy
test,0,8,46,32,0.530547469999874,24.577380197995808,1092.9067702839966,0.0003588887630030513,1.0,1.0,1.0,1.0,6.28381190178943e-06,0.84375,0.0,2.0,hard|easy|medium
test,0,8,47,32,0.531977801991161,25.109872068976983,1093.4392621459847,0.0005769026465713978,1.0,1.0,1.0,1.0,6.275488972118187e-06,0.875,0.0,2.0,hard|easy|medium
test,0,8,48,32,0.531774586008396,25.64219800097635,1093.9715881339798,0.0042112660594284534,1.0,1.0,1.0,1.0,6.267166042446941e-06,1.0625,0.0,2.0,medium|easy|hard
test,0,8,49,32,0.5311768089886755,26.17388574098004,1094.5032758069865,0.0082316929474473,1.0,1.0,1.0,1.0,6.258843112775697e-06,1.0,0.0,2.0,easy|medium|hard
test,0,8,50,32,0.53199616499478,26.70640507299686,1095.0357951839978,0.00036386350984685123,1.0,1.0,1.0,1.0,6.250520183104454e-06,1.15625,0.0,2.0,medium|easy|hard
test,0,8,51,32,0.5320513180049602,27.238963613985106,1095.568353724986,0.0004523327515926212,1.0,1.0,1.0,1.0,6.2421972534332085e-06,1.09375,0.0,2.0,medium|hard|easy
test,0,8,52,32,0.5314009450084995,27.77088527797605,1096.1002753849898,0.14365021884441376,0.9642857142857143,0.96875,0.9736842105263157,0.967967967967968,6.2338743237619644e-06,0.9375,0.0,2.0,easy|medium|hard
test,0,8,53,32,0.5325175070029218,28.303922251972836,1096.6333123819786,0.0005354766035452485,1.0,1.0,1.0,1.0,6.2255513940907204e-06,0.9375,0.0,2.0,medium|easy|hard
test,0,8,54,32,0.5320255880069453,28.836474276991794,1097.1658644579875,0.0003132314595859498,1.0,1.0,1.0,1.0,6.2172284644194756e-06,0.96875,0.0,2.0,easy|hard|medium
test,0,8,55,32,0.531476488977205,29.36848657997325,1097.6978766259854,0.0009311725152656436,1.0,1.0,1.0,1.0,6.2089055347482316e-06,1.28125,0.0,2.0,hard|medium|easy
test,0,8,56,32,0.532326725020539,29.90130451999721,1098.230694591999,0.0002587259223219007,1.0,1.0,1.0,1.0,6.2005826050769875e-06,1.03125,0.0,2.0,easy|hard|medium
test,0,8,57,32,0.5316906239895616,30.43352393299574,1098.7629140309873,0.0621919110417366,0.9761904761904762,0.96875,0.9583333333333333,0.9660657476139979,6.192259675405743e-06,0.84375,0.0,2.0,medium|hard|easy
test,0,8,58,32,0.5312162079790141,30.96521715997369,1099.2946072769992,0.0003179406630806625,1.0,1.0,1.0,1.0,6.183936745734499e-06,1.15625,0.0,2.0,medium|easy|hard
test,0,8,59,32,0.531675072008511,31.497459313977743,1099.8268494269869,0.00034339469857513905,1.0,1.0,1.0,1.0,6.175613816063255e-06,0.875,0.0,2.0,easy|hard|medium
test,0,8,60,32,0.5319304360018577,32.02988925098907,1100.3592793679854,0.00031236340873874724,1.0,1.0,1.0,1.0,6.16729088639201e-06,0.90625,0.0,2.0,hard|easy|medium
test,0,8,61,32,0.5307824440242257,32.56118531199172,1100.8905754379812,0.0002882517874240875,1.0,1.0,1.0,1.0,6.158967956720766e-06,0.96875,0.0,2.0,easy|medium|hard
test,0,8,62,32,0.5321098039858043,33.0937779659871,1101.423168016976,0.0002758678747341037,1.0,1.0,1.0,1.0,6.150645027049522e-06,0.71875,0.0,2.0,hard|medium|easy
test,0,8,63,32,0.5318782250105869,33.626217731973156,1101.9556081199844,0.00028663803823292255,1.0,1.0,1.0,1.0,6.142322097378277e-06,1.15625,0.0,2.0,hard|easy|medium
test,0,8,64,32,0.5313727780012414,34.15817007998703,1102.487560403999,0.0022956039756536484,1.0,1.0,1.0,1.0,6.133999167707033e-06,0.78125,0.0,2.0,easy|medium|hard
test,0,8,65,32,0.5322892039839644,34.691032766975695,1103.020422881993,0.0003234168398194015,1.0,1.0,1.0,1.0,6.125676238035789e-06,1.125,0.0,2.0,hard|easy|medium
test,0,8,66,32,0.5316937379830051,35.22325065397308,1103.5526408949809,0.19871719181537628,0.9666666666666667,0.96875,0.9722222222222222,0.9684729064039409,6.117353308364546e-06,1.09375,0.0,2.0,easy|medium|hard
test,0,8,67,32,0.5307966530090198,35.75463177697384,1104.0840218679805,0.00039268971886485815,1.0,1.0,1.0,1.0,6.1090303786933e-06,1.03125,0.0,2.0,medium|hard|easy
test,0,8,68,32,0.5324631749826949,36.2876000199758,1104.6169901529793,0.00037236607749946415,1.0,1.0,1.0,1.0,6.100707449022056e-06,1.0,0.0,2.0,hard|medium|easy
test,0,8,69,32,0.5313559229834937,36.81949786597397,1105.148887997988,0.0002987275074701756,1.0,1.0,1.0,1.0,6.092384519350813e-06,0.8125,0.0,2.0,medium|easy|hard
test,0,8,70,32,0.5313398280122783,37.35129342097207,1105.6806835189927,0.000296644662739709,1.0,1.0,1.0,1.0,6.084061589679567e-06,1.21875,0.0,2.0,hard|medium|easy
test,0,8,71,32,0.5323311760148499,37.88422318798257,1106.213613392989,0.00029553467174991965,1.0,1.0,1.0,1.0,6.075738660008323e-06,0.65625,0.0,2.0,easy|medium|hard
test,0,8,72,32,0.531271297018975,38.41604714197456,1106.745437265985,0.0003632803854998201,1.0,1.0,1.0,1.0,6.06741573033708e-06,0.96875,0.0,2.0,easy|medium|hard
test,0,8,73,32,0.5317669619980734,38.94839571599732,1107.2777858079935,0.00035663211019709706,1.0,1.0,1.0,1.0,6.059092800665834e-06,0.96875,0.0,2.0,hard|medium|easy
test,0,8,74,32,0.532597163983155,39.48151372099528,1107.8109037819959,0.0006748515879735351,1.0,1.0,1.0,1.0,6.05076987099459e-06,0.9375,0.0,2.0,hard|medium|easy
test,0,8,75,32,0.5321834520145785,40.01420137297828,1108.3435917469906,0.00035150893381796777,1.0,1.0,1.0,1.0,6.042446941323346e-06,1.1875,0.0,2.0,medium|easy|hard
test,0,8,76,32,0.5320159030088689,40.54673665598966,1108.8761267669906,0.0003247627755627036,1.0,1.0,1.0,1.0,6.034124011652101e-06,0.90625,0.0,2.0,easy|hard|medium
test,0,8,77,32,0.5325491490075365,41.07981985498918,1109.4092099400004,0.008265843614935875,1.0,1.0,1.0,1.0,6.025801081980857e-06,0.78125,0.0,2.0,easy|medium|hard
test,0,8,78,32,0.5313802049786318,41.61176247699768,1109.9411527599732,0.0003085967618972063,1.0,1.0,1.0,1.0,6.017478152309613e-06,0.75,0.0,2.0,medium|easy|hard
test,0,8,79,32,0.5317235339898616,42.14403072599089,1110.4734208439768,0.0004913956508971751,1.0,1.0,1.0,1.0,6.0091552226383685e-06,0.96875,0.0,2.0,medium|hard|easy
test,0,8,80,32,0.5326436699833721,42.677251328976126,1111.0066414409957,0.000785637297667563,1.0,1.0,1.0,1.0,6.0008322929671245e-06,0.875,0.0,2.0,easy|medium|hard
test,0,8,81,32,0.5324167229991872,43.21018920998904,1111.5395793229982,0.1632930487394333,0.9615384615384616,0.96875,0.975,0.9671794871794872,5.9925093632958805e-06,0.9375,0.0,2.0,hard|medium|easy
test,0,8,82,32,0.5314735770225525,43.74224108399358,1112.0716311619908,0.003942824434489012,1.0,1.0,1.0,1.0,5.984186433624637e-06,0.90625,0.0,2.0,hard|easy|medium
test,0,8,83,32,0.5323162270069588,44.27510090798023,1112.6044909719785,0.00024329549341928214,1.0,1.0,1.0,1.0,5.975863503953392e-06,1.21875,0.0,2.0,hard|medium|easy
test,0,8,84,32,0.5321909580088686,44.80784203199437,1113.137232159992,0.00080329948104918,1.0,1.0,1.0,1.0,5.9675405742821476e-06,0.875,0.0,2.0,easy|hard|medium
test,0,8,85,32,0.531406733993208,45.339740071998676,1113.6691302199906,0.00611528754234314,1.0,1.0,1.0,1.0,5.959217644610904e-06,1.09375,0.0,2.0,medium|easy|hard
test,0,8,86,32,0.5306947430071887,45.87100346197258,1114.20039351398,0.00048630882520228624,1.0,1.0,1.0,1.0,5.950894714939659e-06,1.03125,0.0,2.0,easy|hard|medium
test,0,8,87,32,0.5319434730045032,46.40345393997268,1114.7328439949779,0.0002662376209627837,1.0,1.0,1.0,1.0,5.942571785268415e-06,0.9375,0.0,2.0,medium|easy|hard
test,0,8,88,32,0.5318896020180546,46.9358849079872,1115.265274986974,0.00039288977859541774,1.0,1.0,1.0,1.0,5.9342488555971715e-06,1.0,0.0,2.0,hard|medium|easy
test,0,8,89,32,0.530642647005152,47.46702155197272,1115.7964116329968,0.0003783638239838183,1.0,1.0,1.0,1.0,5.925925925925926e-06,0.96875,0.0,2.0,easy|medium|hard
test,0,8,90,32,0.5321244790102355,47.99968364997767,1116.3290741259989,0.0003325706929899752,1.0,1.0,1.0,1.0,5.917602996254682e-06,0.71875,0.0,2.0,medium|easy|hard
test,0,8,91,32,0.5313202480028849,48.53154016297776,1116.8609302959812,0.12811022996902466,0.96875,0.96875,0.9705882352941176,0.9687194525904204,5.909280066583439e-06,0.90625,0.0,2.0,medium|hard|easy
test,0,8,92,32,0.5319265309954062,49.06396434799535,1117.3933544349857,0.0002688472159206867,1.0,1.0,1.0,1.0,5.900957136912193e-06,1.03125,0.0,2.0,hard|easy|medium
test,0,8,93,32,0.532713827007683,49.59723814498284,1117.9266282819735,0.0003385985328350216,1.0,1.0,1.0,1.0,5.892634207240949e-06,0.96875,0.0,2.0,medium|hard|easy
test,0,8,94,32,0.5313493639987428,50.12914437998552,1118.4585344439838,0.0002709934487938881,1.0,1.0,1.0,1.0,5.884311277569705e-06,1.09375,0.0,2.0,medium|hard|easy
test,0,8,95,32,0.5310064220102504,50.660736683988944,1118.9901267449895,0.0011691947001963854,1.0,1.0,1.0,1.0,5.87598834789846e-06,1.0625,0.0,2.0,hard|medium|easy
test,0,8,96,32,0.5324010599870235,51.19366522799828,1119.5230552959838,0.000257766165304929,1.0,1.0,1.0,1.0,5.867665418227216e-06,1.09375,0.0,2.0,hard|easy|medium
test,0,8,97,32,0.5320820660272148,51.726301684975624,1120.0556918119837,0.00024493818636983633,1.0,1.0,1.0,1.0,5.859342488555972e-06,1.0,0.0,2.0,hard|easy|medium
test,0,8,98,32,0.5313040759938303,52.25812761997804,1120.587517700973,0.0006384346634149551,1.0,1.0,1.0,1.0,5.851019558884727e-06,1.0,0.0,2.0,medium|easy|hard
test,0,8,99,32,0.5320716930145863,52.79082922497764,1121.1202193519857,0.24562053382396698,0.9736842105263157,0.96875,0.9642857142857143,0.967967967967968,5.842696629213483e-06,1.21875,0.0,2.0,hard|easy|medium
test,0,8,100,32,0.5318526660266798,53.323219157988206,1121.6526092499844,0.000266921502770856,1.0,1.0,1.0,1.0,5.834373699542239e-06,0.8125,0.0,2.0,medium|hard|easy
test,0,8,101,32,0.5307441350014415,53.85455205698963,1122.1839421399927,0.2262888252735138,0.975,0.96875,0.9615384615384616,0.9671794871794872,5.826050769870996e-06,0.78125,0.0,2.0,easy|medium|hard
test,0,8,102,32,0.532113187975483,54.387157188000856,1122.7165472849738,0.019126251339912415,1.0,1.0,1.0,1.0,5.81772784019975e-06,0.875,0.0,2.0,easy|hard|medium
test,0,8,103,32,0.5359664839925244,54.92361119299312,1123.2530014199729,0.00020948520977981389,1.0,1.0,1.0,1.0,5.809404910528506e-06,0.90625,0.0,2.0,easy|medium|hard
test,0,8,104,32,0.5313070149859414,55.45554587998777,1123.784935927979,0.19132351875305176,0.9372549019607843,0.9375,0.9372549019607843,0.9372549019607843,5.801081980857263e-06,1.03125,0.0,2.0,easy|hard|medium
test,0,8,105,32,0.532442829979118,55.98853046199656,1124.3179205109773,0.0001833772985264659,1.0,1.0,1.0,1.0,5.792759051186017e-06,1.15625,0.0,2.0,medium|easy|hard
test,0,8,106,32,0.5315809290041216,56.520591773994965,1124.8499821859878,0.00030262922518886626,1.0,1.0,1.0,1.0,5.784436121514773e-06,0.8125,0.0,2.0,easy|medium|hard
test,0,8,107,32,0.5314582709979732,57.05255746198236,1125.3819478129735,0.00021992999245412648,1.0,1.0,1.0,1.0,5.77611319184353e-06,1.15625,0.0,2.0,hard|medium|easy
test,0,8,108,32,0.5323998579988256,57.585550894000335,1125.9149409599777,0.25951042771339417,0.9666666666666667,0.96875,0.9722222222222222,0.9684729064039409,5.7677902621722845e-06,1.3125,0.0,2.0,hard|easy|medium
test,0,8,109,32,0.5318670330161694,58.1179213069845,1126.4473114199936,0.00024539779406040907,1.0,1.0,1.0,1.0,5.7594673325010405e-06,1.1875,0.0,2.0,easy|medium|hard
test,0,8,110,32,0.530882937979186,58.64938753499882,1126.9787776749872,0.00022588552383240312,1.0,1.0,1.0,1.0,5.751144402829797e-06,0.9375,0.0,2.0,hard|medium|easy
test,0,8,111,32,0.5326073360047303,59.182559145992855,1127.5119492089725,0.12626731395721436,0.975,0.96875,0.9615384615384616,0.9671794871794872,5.742821473158552e-06,1.03125,0.0,2.0,medium|hard|easy
test,0,8,112,32,0.5319079869950656,59.71500044397544,1128.044390694995,0.07372618466615677,0.975,0.96875,0.9615384615384616,0.9671794871794872,5.734498543487308e-06,1.03125,0.0,2.0,easy|hard|medium
test,0,8,113,32,0.5305685240018647,60.24618343097973,1128.5755735169805,0.00046824594028294086,1.0,1.0,1.0,1.0,5.7261756138160644e-06,0.875,0.0,2.0,medium|hard|easy
test,0,8,114,32,0.5322201319795568,60.77898231797735,1129.108372572984,0.00022447331866715103,1.0,1.0,1.0,1.0,5.717852684144819e-06,1.21875,0.0,2.0,easy|hard|medium
test,0,8,115,32,0.5321003629942425,61.31164368399186,1129.641033738997,0.0003216695913579315,1.0,1.0,1.0,1.0,5.709529754473575e-06,1.15625,0.0,2.0,medium|hard|easy
test,0,8,116,32,0.5319535199960228,61.84409212798346,1130.1734822219878,0.0005664835916832089,1.0,1.0,1.0,1.0,5.701206824802331e-06,0.9375,0.0,2.0,hard|medium|easy
test,0,8,117,32,0.532847928989213,62.37751538597513,1130.7069054399908,0.00026728358352556825,1.0,1.0,1.0,1.0,5.692883895131086e-06,1.0,0.0,2.0,hard|medium|easy
test,0,8,118,32,0.5323934979969636,62.91047325497493,1131.2398633699922,0.00021831472986377776,1.0,1.0,1.0,1.0,5.684560965459842e-06,0.90625,0.0,2.0,easy|hard|medium
test,0,8,119,32,0.5317628979973961,63.44281069599674,1131.7722007709963,0.00040206220000982285,1.0,1.0,1.0,1.0,5.676238035788598e-06,0.875,0.0,2.0,hard|easy|medium
test,0,8,120,32,0.5329000010096934,63.97616262498195,1132.3055527709948,0.00022207185975275934,1.0,1.0,1.0,1.0,5.667915106117355e-06,0.90625,0.0,2.0,medium|easy|hard
test,0,8,121,32,0.5323066379933152,64.50904750198242,1132.8384375739843,0.00025545808603055775,1.0,1.0,1.0,1.0,5.659592176446109e-06,0.9375,0.0,2.0,medium|easy|hard
test,0,8,122,32,0.5314952050102875,65.04111179997562,1133.3705018819892,0.18603050708770752,0.9666666666666667,0.96875,0.9722222222222222,0.9684729064039409,5.651269246774865e-06,1.0,0.0,2.0,medium|hard|easy
test,0,8,123,32,0.5325764299777802,65.5742806539929,1133.9036707659834,0.0003152354038320482,1.0,1.0,1.0,1.0,5.642946317103622e-06,0.875,0.0,2.0,easy|medium|hard
test,0,8,124,32,0.5316281470004469,66.10647851799149,1134.4358686569904,0.0002474631182849407,1.0,1.0,1.0,1.0,5.634623387432376e-06,0.9375,0.0,2.0,medium|easy|hard
test,0,8,125,32,0.5318749150028452,66.63896275198204,1134.9683528280002,0.00021590112010017037,1.0,1.0,1.0,1.0,5.626300457761132e-06,0.90625,0.0,2.0,medium|easy|hard
test,0,8,126,32,0.5325419110013172,67.17203752498608,1135.501427642972,0.00025035004364326596,1.0,1.0,1.0,1.0,5.617977528089889e-06,0.84375,0.0,2.0,hard|easy|medium
test,0,8,127,32,0.5316388119827025,67.70424166499288,1136.0336317769834,0.00025826404453255236,1.0,1.0,1.0,1.0,5.609654598418643e-06,1.09375,0.0,2.0,medium|hard|easy
test,0,8,128,32,0.5312947219936177,68.2360720729921,1136.5654621269787,0.00032140937400981784,1.0,1.0,1.0,1.0,5.601331668747399e-06,0.9375,0.0,2.0,easy|hard|medium
test,0,8,129,32,0.5321334800100885,68.7687659469957,1137.0981563219975,0.00027343080728314817,1.0,1.0,1.0,1.0,5.593008739076156e-06,1.0,0.0,2.0,medium|hard|easy
test,0,8,130,32,0.5321629359968938,69.30146387199056,1137.6308539729798,0.0002545300521887839,1.0,1.0,1.0,1.0,5.58468580940491e-06,0.96875,0.0,2.0,medium|hard|easy
test,0,8,131,32,0.5318444030126557,69.83390251497622,1138.1632926179736,0.0003371286438778043,1.0,1.0,1.0,1.0,5.576362879733666e-06,1.03125,0.0,2.0,hard|medium|easy
test,0,8,132,32,0.5324608359951526,70.36686472099973,1138.6962548609881,0.00022621001699008048,1.0,1.0,1.0,1.0,5.568039950062423e-06,0.96875,0.0,2.0,medium|hard|easy
test,0,8,133,32,0.5326133400085382,70.90000173199223,1139.2293920599914,0.0002818237990140915,1.0,1.0,1.0,1.0,5.559717020391177e-06,0.96875,0.0,2.0,medium|hard|easy
test,0,8,134,32,0.5314352329878602,71.43198395098443,1139.7613740729867,0.000306874280795455,1.0,1.0,1.0,1.0,5.551394090719933e-06,1.125,0.0,2.0,medium|hard|easy
test,0,8,135,32,0.531293777981773,71.96376450298703,1140.2931548879715,0.0014983430737629533,1.0,1.0,1.0,1.0,5.54307116104869e-06,0.90625,0.0,2.0,medium|hard|easy
test,0,8,136,32,0.5324020450061653,72.49671142498846,1140.826101557992,0.24377413094043732,0.9736842105263157,0.96875,0.9642857142857143,0.967967967967968,5.5347482313774445e-06,1.15625,0.0,2.0,hard|medium|easy
test,0,8,137,32,0.5311967890011147,73.02844975999324,1141.3578398889804,0.00022087461547926068,1.0,1.0,1.0,1.0,5.5264253017062005e-06,1.0,0.0,2.0,hard|easy|medium
test,0,8,138,32,0.5311140429985244,73.560098869988,1141.8894889799994,0.0003739883832167834,1.0,1.0,1.0,1.0,5.5181023720349565e-06,0.875,0.0,2.0,easy|hard|medium
test,0,8,139,32,0.5325673930055927,74.0932219849783,1142.422612105991,0.0003426586335990578,1.0,1.0,1.0,1.0,5.509779442363713e-06,1.09375,0.0,2.0,easy|medium|hard
test,0,8,140,32,0.5317900380177889,74.62560958997346,1142.9549996689893,0.0003639201750047505,1.0,1.0,1.0,1.0,5.501456512692468e-06,1.03125,0.0,2.0,easy|medium|hard
test,0,8,141,32,0.5309676979959477,75.15712569997413,1143.4865157869936,0.00038289776421152055,1.0,1.0,1.0,1.0,5.493133583021224e-06,1.03125,0.0,2.0,medium|hard|easy
test,0,8,142,32,0.5317246729973704,75.68930270898272,1144.0186928499897,0.0011578082339838147,1.0,1.0,1.0,1.0,5.4848106533499804e-06,1.0625,0.0,2.0,hard|medium|easy
test,0,8,143,32,0.5313082140055485,76.22113016498042,1144.5505202759814,0.00037569564301520586,1.0,1.0,1.0,1.0,5.476487723678735e-06,0.96875,0.0,2.0,easy|hard|medium
test,0,8,144,32,0.530769445002079,76.75242674598121,1145.0818168369879,0.23821960389614105,0.9666666666666667,0.96875,0.9722222222222222,0.9684729064039409,5.468164794007491e-06,0.9375,0.0,2.0,medium|easy|hard
test,0,8,145,32,0.5326577830128372,77.28558601398254,1145.6149761359848,0.06046944111585617,0.9772727272727273,0.96875,0.9545454545454546,0.964562569213732,5.4598418643362476e-06,1.09375,0.0,2.0,medium|easy|hard
test,0,8,146,32,0.531809414998861,77.81797305197688,1146.1473631709814,0.0003351653867866844,1.0,1.0,1.0,1.0,5.451518934665002e-06,0.96875,0.0,2.0,easy|hard|medium
test,0,8,147,32,0.5310626279970165,78.34956564498134,1146.6789557609882,0.0003876232367474586,1.0,1.0,1.0,1.0,5.443196004993758e-06,1.25,0.0,2.0,easy|hard|medium
test,0,8,148,32,0.5321354350016918,78.88225660999888,1147.2116467419837,0.0004040322673972696,1.0,1.0,1.0,1.0,5.434873075322515e-06,1.125,0.0,2.0,medium|hard|easy
test,0,8,149,32,0.5325786640169099,79.41538827697514,1147.7447783459793,0.0006572598358616233,1.0,1.0,1.0,1.0,5.426550145651269e-06,1.0,0.0,2.0,hard|easy|medium
test,0,8,150,32,0.531496312993113,79.94747398397885,1148.2768640949798,0.00041322660399600863,1.0,1.0,1.0,1.0,5.418227215980025e-06,0.875,0.0,2.0,easy|medium|hard
test,0,8,151,32,0.5322410740191117,80.48027145999367,1148.8096615429968,0.0004434090224094689,1.0,1.0,1.0,1.0,5.409904286308782e-06,1.03125,0.0,2.0,easy|medium|hard
test,0,8,152,32,0.5317101980035659,81.0124487799767,1149.3418388389982,0.00041255331598222256,1.0,1.0,1.0,1.0,5.401581356637536e-06,1.03125,0.0,2.0,easy|medium|hard
test,0,8,153,32,0.5314535890065599,81.5444600310002,1149.8738501159823,0.0005030279862694442,1.0,1.0,1.0,1.0,5.393258426966292e-06,0.875,0.0,2.0,easy|hard|medium
test,0,8,154,32,0.5329572400078177,82.0779629269964,1150.4073530659953,0.0006578564643859863,1.0,1.0,1.0,1.0,5.384935497295049e-06,0.96875,0.0,2.0,medium|hard|easy
test,0,8,155,32,0.5315818669914734,82.61004359298386,1150.9394336609985,0.0008155907271429896,1.0,1.0,1.0,1.0,5.376612567623805e-06,1.0,0.0,2.0,easy|hard|medium
test,0,8,156,32,0.5309084100008477,83.1415039349813,1151.470894233993,0.05422056093811989,0.975,0.96875,0.9615384615384616,0.9671794871794872,5.368289637952559e-06,1.03125,0.0,2.0,medium|hard|easy
test,0,8,157,32,0.5325729849864729,83.67467733297963,1152.0040674439806,0.0004275293031241745,1.0,1.0,1.0,1.0,5.359966708281316e-06,1.21875,0.0,2.0,hard|medium|easy
test,0,8,158,32,0.531734738004161,84.20699070897535,1152.536380875972,0.03173801302909851,0.9642857142857143,0.96875,0.9736842105263157,0.967967967967968,5.351643778610072e-06,1.125,0.0,2.0,easy|medium|hard
test,0,8,159,32,0.5311587309988681,84.7387322219729,1153.0681223379797,0.00042343244422227144,1.0,1.0,1.0,1.0,5.343320848938826e-06,0.9375,0.0,2.0,medium|easy|hard
test,0,8,160,32,0.5324289010022767,85.27166222597589,1153.6010523629957,0.0003614756278693676,1.0,1.0,1.0,1.0,5.334997919267582e-06,1.0,0.0,2.0,easy|hard|medium
test,0,8,161,32,0.5315665020025335,85.80373661199701,1154.133126729983,0.00044822311610914767,1.0,1.0,1.0,1.0,5.326674989596339e-06,0.8125,0.0,2.0,easy|medium|hard
test,0,8,162,32,0.5312654309964273,86.33543381898198,1154.664823966974,0.00977248139679432,1.0,1.0,1.0,1.0,5.318352059925093e-06,0.96875,0.0,2.0,hard|medium|easy
test,0,8,163,32,0.5321485190070234,86.86812524599372,1155.1975154109823,0.00041391176637262106,1.0,1.0,1.0,1.0,5.310029130253849e-06,0.9375,0.0,2.0,medium|easy|hard
test,0,8,164,32,0.531333174003521,87.40005109997583,1155.7294411659823,0.24752572178840637,0.9705882352941176,0.96875,0.96875,0.9687194525904204,5.301706200582606e-06,1.25,0.0,2.0,easy|medium|hard
test,0,8,165,32,0.5313061220222153,87.93191087097512,1156.2613012739748,0.0016515824245288968,1.0,1.0,1.0,1.0,5.2933832709113605e-06,1.15625,0.0,2.0,easy|hard|medium
test,0,8,166,32,0.5327595240087248,88.4651185219991,1156.7945086319814,0.17029252648353577,0.9642857142857143,0.96875,0.9736842105263157,0.967967967967968,5.2850603412401165e-06,0.8125,0.0,2.0,easy|medium|hard
test,0,8,167,32,0.5317975590005517,88.9974617229891,1157.3268518259865,0.00041633937507867813,1.0,1.0,1.0,1.0,5.276737411568873e-06,0.875,0.0,2.0,easy|medium|hard
test,0,8,168,32,0.5312119930167682,89.52925874697394,1157.8586488729925,0.183803528547287,0.96875,0.96875,0.9705882352941176,0.9687194525904204,5.268414481897628e-06,1.03125,0.0,2.0,medium|hard|easy
test,0,8,169,32,0.5325614410103299,90.06236490499577,1158.3917549769976,0.001571970758959651,1.0,1.0,1.0,1.0,5.260091552226384e-06,1.125,0.0,2.0,hard|medium|easy
test,0,8,170,32,0.5314439210051205,90.59423581699957,1158.9236259009922,0.00036567248753271997,1.0,1.0,1.0,1.0,5.2517686225551405e-06,1.125,0.0,2.0,hard|medium|easy
test,0,8,171,32,0.5316489850229118,91.12639245999162,1159.455782585981,0.01950956881046295,1.0,1.0,1.0,1.0,5.243445692883895e-06,1.03125,0.0,2.0,hard|easy|medium
test,0,8,172,32,0.5320489449950401,91.65898755998933,1159.9883776549832,0.0021648271940648556,1.0,1.0,1.0,1.0,5.235122763212651e-06,0.96875,0.0,2.0,hard|medium|easy
test,0,8,173,32,0.5333367339917459,92.19279175298288,1160.5221818849968,0.00035231251968070865,1.0,1.0,1.0,1.0,5.226799833541408e-06,1.0,0.0,2.0,easy|medium|hard
test,0,8,174,32,0.5313329560158309,92.72471394398599,1161.0541040149983,0.32407015562057495,0.9087301587301587,0.90625,0.903921568627451,0.9054187192118226,5.2184769038701636e-06,0.875,0.0,2.0,easy|hard|medium
test,0,8,175,32,0.5306389800098259,93.25584492899361,1161.5852350289933,0.0006239364738576114,1.0,1.0,1.0,1.0,5.210153974198918e-06,0.78125,0.0,2.0,easy|medium|hard
test,0,8,176,32,0.5327540010039229,93.78915114799747,1162.1185412589984,0.0016399866435676813,1.0,1.0,1.0,1.0,5.201831044527675e-06,1.0625,0.0,2.0,hard|easy|medium
test,0,8,177,32,0.5318189550016541,94.32151042498299,1162.650900558976,0.0005763651570305228,1.0,1.0,1.0,1.0,5.193508114856431e-06,0.90625,0.0,2.0,hard|medium|easy
test,0,8,178,32,0.5312086109770462,94.85327972497907,1163.1826698449731,0.13968335092067719,0.9444444444444444,0.9375,0.9375,0.9372549019607843,5.185185185185185e-06,1.1875,0.0,2.0,hard|easy|medium
test,0,8,179,32,0.5329464329988696,95.38673201698111,1163.7161221829883,0.0010785124031826854,1.0,1.0,1.0,1.0,5.176862255513941e-06,0.9375,0.0,2.0,easy|hard|medium
test,0,8,180,32,0.5320397419854999,95.91927119198954,1164.2486613329966,0.001438066828995943,1.0,1.0,1.0,1.0,5.168539325842698e-06,0.90625,0.0,2.0,medium|easy|hard
test,0,8,181,32,0.5308911600150168,96.45069016100024,1164.7800804979925,0.20468945801258087,0.9722222222222222,0.96875,0.9666666666666667,0.9684729064039409,5.160216396171452e-06,0.78125,0.0,2.0,hard|easy|medium
test,0,8,182,32,0.5325967840035446,96.98376179797924,1165.313151860988,0.1914241462945938,0.9705882352941176,0.96875,0.96875,0.9687194525904204,5.151893466500208e-06,1.1875,0.0,2.0,medium|hard|easy
test,0,8,183,32,0.5311485870042816,97.5154380259919,1165.8448281049787,0.0003284754347987473,1.0,1.0,1.0,1.0,5.143570536828965e-06,0.9375,0.0,2.0,medium|easy|hard
test,0,8,184,32,0.5317369529802818,98.04770004298189,1166.3770901569806,0.0006279866211116314,1.0,1.0,1.0,1.0,5.135247607157719e-06,1.25,0.0,2.0,hard|easy|medium
test,0,8,185,32,0.5327461170090828,98.58092386097996,1166.910314015986,0.05187400430440903,0.9615384615384616,0.96875,0.975,0.9671794871794872,5.126924677486475e-06,1.0625,0.0,2.0,hard|easy|medium
test,0,8,186,32,0.5314987580059096,99.11294647699106,1167.4423365629918,0.0015190148260444403,1.0,1.0,1.0,1.0,5.118601747815232e-06,1.1875,0.0,2.0,medium|easy|hard
test,0,8,187,32,0.5308271390094887,99.64427299599629,1167.9736631279811,0.21043351292610168,0.9736842105263157,0.96875,0.9642857142857143,0.967967967967968,5.110278818143986e-06,0.875,0.0,2.0,hard|easy|medium
test,0,8,188,32,0.5323916659981478,100.17722898197826,1168.5066191099759,0.0005227593937888741,1.0,1.0,1.0,1.0,5.101955888472742e-06,0.65625,0.0,2.0,hard|easy|medium
test,0,8,189,32,0.5322614719916601,100.71006902199588,1169.0394590959768,0.030549556016921997,0.9722222222222222,0.96875,0.9666666666666667,0.9684729064039409,5.093632958801499e-06,1.0625,0.0,2.0,medium|easy|hard
test,0,8,190,32,0.5311812139989343,101.2417761059769,1169.5711662249814,0.00042588094947859645,1.0,1.0,1.0,1.0,5.0853100291302534e-06,1.125,0.0,2.0,easy|hard|medium
test,0,8,191,32,0.5324847559968475,101.77481430297485,1170.1042044289934,0.0005248936940915883,1.0,1.0,1.0,1.0,5.0769870994590094e-06,0.9375,0.0,2.0,hard|easy|medium
test,0,8,192,32,0.531948016025126,102.3073268479784,1170.6367169649748,0.21529431641101837,0.9705882352941176,0.96875,0.96875,0.9687194525904204,5.068664169787766e-06,0.96875,0.0,2.0,hard|medium|easy
test,0,8,193,32,0.5311019280052278,102.83900338897365,1171.1683934939792,0.0025474175345152617,1.0,1.0,1.0,1.0,5.060341240116522e-06,1.0625,0.0,2.0,hard|medium|easy
test,0,8,194,32,0.53206101100659,103.37155011598952,1171.7009402009717,0.0008289358229376376,1.0,1.0,1.0,1.0,5.0520183104452765e-06,1.0625,0.0,2.0,medium|hard|easy
test,0,8,195,32,0.5325202049862128,103.90462467898033,1172.234014801972,0.0007684570737183094,1.0,1.0,1.0,1.0,5.043695380774033e-06,1.15625,0.0,2.0,medium|easy|hard
test,0,8,196,32,0.5311622980225366,104.43633223697543,1172.7657223389833,0.0011644911719486117,1.0,1.0,1.0,1.0,5.035372451102789e-06,0.8125,0.0,2.0,hard|easy|medium
test,0,8,197,32,0.5328704970015679,104.96970803599106,1173.2990981549956,0.07472175359725952,0.9705882352941176,0.96875,0.96875,0.9687194525904204,5.027049521431544e-06,1.03125,0.0,2.0,easy|medium|hard
test,0,8,198,32,0.53235695901094,105.50265902699903,1173.8320494599757,0.001479293336160481,1.0,1.0,1.0,1.0,5.0187265917603005e-06,1.1875,0.0,2.0,medium|hard|easy
test,0,8,199,32,0.5314312670088839,106.03464948397595,1174.364039587992,0.004709091503173113,1.0,1.0,1.0,1.0,5.0104036620890565e-06,1.15625,0.0,2.0,easy|hard|medium
test,0,8,200,32,0.5324176349968184,106.56759233097546,1174.8969824449741,0.0014502797275781631,1.0,1.0,1.0,1.0,5.002080732417811e-06,0.9375,0.0,2.0,hard|medium|easy
test,0,8,201,32,0.5317726190260146,107.09988323197467,1175.4292733459733,0.017943399026989937,1.0,1.0,1.0,1.0,4.993757802746567e-06,1.1875,0.0,2.0,medium|hard|easy
test,0,8,202,32,0.5307039270119276,107.63117453298764,1175.9605646669806,0.0031359908170998096,1.0,1.0,1.0,1.0,4.985434873075323e-06,0.8125,0.0,2.0,medium|easy|hard
test,0,8,203,32,0.5327925769961439,108.16450632797205,1176.4938964869943,0.002029441064223647,1.0,1.0,1.0,1.0,4.977111943404079e-06,0.78125,0.0,2.0,hard|easy|medium
test,0,8,204,32,0.5321086470212322,108.69715235798503,1177.0265424939862,0.1727568805217743,0.95,0.96875,0.9782608695652174,0.9625730994152046,4.968789013732834e-06,0.8125,0.0,2.0,hard|medium|easy
test,0,8,205,32,0.5306320450035855,109.22828491698601,1177.557675049,0.0020215166732668877,1.0,1.0,1.0,1.0,4.960466084061591e-06,0.90625,0.0,2.0,hard|medium|easy
test,0,8,206,32,0.5332215719972737,109.76208623999264,1178.0914764089976,0.001937217777594924,1.0,1.0,1.0,1.0,4.952143154390346e-06,1.09375,0.0,2.0,hard|medium|easy
test,0,8,207,32,0.5325297359959222,110.29521246699733,1178.6246026049776,0.0017878697253763676,1.0,1.0,1.0,1.0,4.943820224719101e-06,0.875,0.0,2.0,easy|medium|hard
test,0,8,208,32,0.531730554997921,110.82752557197819,1179.1569156839978,0.0015136997681111097,1.0,1.0,1.0,1.0,4.935497295047858e-06,1.09375,0.0,2.0,hard|medium|easy
test,0,8,209,32,0.5331843010208104,111.36124770197785,1179.6906378039857,0.0017044274136424065,1.0,1.0,1.0,1.0,4.927174365376613e-06,1.03125,0.0,2.0,medium|easy|hard
test,0,8,210,32,0.5322711439803243,111.89408421798726,1180.2234743369918,0.001291118678636849,1.0,1.0,1.0,1.0,4.918851435705368e-06,1.0625,0.0,2.0,hard|easy|medium
test,0,8,211,32,0.5318323350220453,112.42645250598434,1180.7558426029864,0.0011976653477177024,1.0,1.0,1.0,1.0,4.910528506034125e-06,1.09375,0.0,2.0,easy|hard|medium
test,0,8,212,32,0.5332163359853439,112.9602396239934,1181.2896297579864,0.0011607178021222353,1.0,1.0,1.0,1.0,4.90220557636288e-06,1.0,0.0,2.0,easy|hard|medium
test,0,8,213,32,0.5325610100117046,113.49340582700097,1181.8227959389915,0.003057450521737337,1.0,1.0,1.0,1.0,4.893882646691635e-06,0.8125,0.0,2.0,easy|hard|medium
test,0,8,214,32,0.5318600609898567,114.02576103497995,1182.3551514009887,0.0006910101510584354,1.0,1.0,1.0,1.0,4.885559717020392e-06,1.34375,0.0,2.0,medium|hard|easy
test,0,8,215,32,0.5332146000000648,114.55943452299107,1182.8888246519782,0.0006560843903571367,1.0,1.0,1.0,1.0,4.877236787349147e-06,0.90625,0.0,2.0,medium|easy|hard
test,0,8,216,32,0.5320786819793284,115.09203014298691,1183.4214202069852,0.0013896478340029716,1.0,1.0,1.0,1.0,4.868913857677903e-06,1.0,0.0,2.0,medium|hard|easy
test,0,8,217,32,0.5320996069931425,115.62467711599311,1183.9540671729774,0.0005512291681952775,1.0,1.0,1.0,1.0,4.860590928006659e-06,1.125,0.0,2.0,hard|medium|easy
test,0,8,218,32,0.532797608000692,116.15796931699151,1184.4873594679812,0.0009644210804253817,1.0,1.0,1.0,1.0,4.852267998335414e-06,1.0,0.0,2.0,medium|easy|hard
test,0,8,219,32,0.5320864670211449,116.69068237399915,1185.0200724949827,0.0015487037599086761,1.0,1.0,1.0,1.0,4.84394506866417e-06,1.25,0.0,2.0,medium|easy|hard
test,0,8,220,32,0.532152772997506,117.2233729629952,1185.5527630729775,0.0006821909337304533,1.0,1.0,1.0,1.0,4.835622138992926e-06,1.0,0.0,2.0,easy|medium|hard
test,0,8,221,32,0.5327125729818363,117.75655479897978,1186.0859448599804,0.0004918287741020322,1.0,1.0,1.0,1.0,4.8272992093216814e-06,0.96875,0.0,2.0,easy|medium|hard
test,0,8,222,32,0.5319201630190946,118.28904593299376,1186.6184360209736,0.0004670285852625966,1.0,1.0,1.0,1.0,4.818976279650437e-06,0.96875,0.0,2.0,easy|hard|medium
test,0,8,223,32,0.5322073790011927,118.82181761600077,1187.1512077359948,0.00037652277387678623,1.0,1.0,1.0,1.0,4.8106533499791926e-06,1.0,0.0,2.0,hard|medium|easy
test,0,8,224,32,0.532846062007593,119.35523343799287,1187.6846234839759,0.0009663632954470813,1.0,1.0,1.0,1.0,4.802330420307949e-06,1.0625,0.0,2.0,hard|easy|medium
test,0,8,225,32,0.5324317619961221,119.88823497097474,1188.2176250880002,0.0015300106024369597,1.0,1.0,1.0,1.0,4.7940074906367045e-06,1.0625,0.0,2.0,hard|easy|medium
test,0,8,226,32,0.5322984990198165,120.42097236099653,1188.7503624769743,0.0011699835304170847,1.0,1.0,1.0,1.0,4.78568456096546e-06,1.0625,0.0,2.0,hard|medium|easy
test,0,8,227,32,0.533129588002339,120.95467102897237,1189.2840611619758,0.003439245978370309,1.0,1.0,1.0,1.0,4.7773616312942165e-06,1.09375,0.0,2.0,medium|hard|easy
test,0,8,228,32,0.5316526299866382,121.48686986899702,1189.816259949992,0.0004182966658845544,1.0,1.0,1.0,1.0,4.769038701622972e-06,0.96875,0.0,2.0,easy|medium|hard
test,0,8,229,32,0.5319421029998921,122.01933851299691,1190.34872864699,0.0006549690151587129,1.0,1.0,1.0,1.0,4.760715771951727e-06,1.0,0.0,2.0,medium|easy|hard
test,0,8,230,32,0.5321772359893657,122.55209260300035,1190.8814827199967,0.0030798816587775946,1.0,1.0,1.0,1.0,4.752392842280484e-06,0.96875,0.0,2.0,easy|medium|hard
test,0,8,231,32,0.5320842700020876,123.08475978099159,1191.414149934979,0.0004376328142825514,1.0,1.0,1.0,1.0,4.744069912609239e-06,1.09375,0.0,2.0,easy|medium|hard
test,0,8,232,32,0.5320585820009001,123.61737999497564,1191.9467701249814,0.00038170276093296707,1.0,1.0,1.0,1.0,4.735746982937994e-06,1.0,0.0,2.0,easy|hard|medium
test,0,8,233,32,0.5331051269895397,124.15099795997958,1192.4803881009866,0.00044607080053538084,1.0,1.0,1.0,1.0,4.727424053266751e-06,1.03125,0.0,2.0,easy|hard|medium
test,0,8,234,32,0.5318532980163582,124.68339445398306,1193.0127845959796,0.00035046806442551315,1.0,1.0,1.0,1.0,4.719101123595506e-06,0.9375,0.0,2.0,medium|easy|hard
test,0,8,235,32,0.5352712270105258,125.21921201297664,1193.5486021849792,0.0005492037162184715,1.0,1.0,1.0,1.0,4.710778193924262e-06,0.96875,0.0,2.0,easy|medium|hard
test,0,8,236,32,0.5332411169947591,125.75321366699063,1194.08260376798,0.00030705652898177505,1.0,1.0,1.0,1.0,4.702455264253018e-06,1.03125,0.0,2.0,medium|easy|hard
test,0,8,237,32,0.5321039470145479,126.28581333899638,1194.6152034749975,0.0439058281481266,0.96875,0.96875,0.9705882352941176,0.9687194525904204,4.694132334581773e-06,0.90625,0.0,2.0,easy|medium|hard
test,0,8,238,32,0.5319807910127565,126.81835978099843,1195.147749834985,0.2080383151769638,0.9642857142857143,0.96875,0.9736842105263157,0.967967967967968,4.685809404910529e-06,1.0,0.0,2.0,medium|easy|hard
test,0,8,239,32,0.533090569981141,127.35198061197298,1195.6813706869725,0.00041991041507571936,1.0,1.0,1.0,1.0,4.677486475239285e-06,1.0,0.0,2.0,easy|medium|hard
test,0,8,240,32,0.5315669089904986,127.88410609998391,1196.2134961769916,0.17774099111557007,0.9736842105263157,0.96875,0.9642857142857143,0.967967967967968,4.66916354556804e-06,1.25,0.0,2.0,medium|easy|hard
test,0,8,241,32,0.5318505719769746,128.41652494098525,1196.7459150649956,0.014838166534900665,1.0,1.0,1.0,1.0,4.660840615896796e-06,1.09375,0.0,2.0,hard|medium|easy
test,0,8,242,32,0.5328565080126282,128.94996125399484,1197.2793513819925,0.0003560612094588578,1.0,1.0,1.0,1.0,4.652517686225552e-06,0.84375,0.0,2.0,medium|hard|easy
test,0,8,243,32,0.5323819699988235,129.48291335598333,1197.8123034849996,0.0003586793318390846,1.0,1.0,1.0,1.0,4.644194756554308e-06,1.09375,0.0,2.0,easy|hard|medium
test,0,8,244,32,0.5315369619929697,130.01500680900062,1198.3443969379878,0.1276271939277649,0.9666666666666667,0.96875,0.9722222222222222,0.9684729064039409,4.635871826883063e-06,1.0,0.0,2.0,hard|medium|easy
test,0,8,245,32,0.5328960460028611,130.54846841099788,1198.8778585299733,0.16878682374954224,0.9761904761904762,0.96875,0.9583333333333333,0.9660657476139979,4.627548897211818e-06,1.0,0.0,2.0,easy|medium|hard
test,0,8,246,32,0.532732916995883,131.08166979899397,1199.411059923994,0.0002843251568265259,1.0,1.0,1.0,1.0,4.619225967540575e-06,0.9375,0.0,2.0,easy|medium|hard
test,0,8,247,32,0.531851634994382,131.61404463998042,1199.9434347059869,0.0003334328066557646,1.0,1.0,1.0,1.0,4.61090303786933e-06,0.84375,0.0,2.0,easy|hard|medium
test,0,8,248,32,0.5322834479738958,132.14680031497846,1200.4761904529878,0.00031530397245660424,1.0,1.0,1.0,1.0,4.6025801081980855e-06,1.09375,0.0,2.0,hard|easy|medium
test,0,8,249,32,0.5330401379906107,132.68035214499105,1201.0097422609979,0.0003794595832005143,1.0,1.0,1.0,1.0,4.594257178526842e-06,0.9375,0.0,2.0,hard|medium|easy
test,0,8,250,32,0.5315976589918137,133.21249223599443,1201.5418823629734,0.0004334827826824039,1.0,1.0,1.0,1.0,4.5859342488555974e-06,0.90625,0.0,2.0,hard|medium|easy
test,0,8,251,32,0.5322617029887624,133.74528579998878,1202.0746759269969,0.0002950045163743198,1.0,1.0,1.0,1.0,4.5776113191843534e-06,1.03125,0.0,2.0,medium|easy|hard
test,0,8,252,32,0.5320079860102851,134.27782442697207,1202.6072145319777,0.00041764546767808497,1.0,1.0,1.0,1.0,4.569288389513109e-06,1.09375,0.0,2.0,hard|easy|medium
test,0,8,253,32,0.5321297549817245,134.8104997049959,1203.1398898189946,0.0003727666044142097,1.0,1.0,1.0,1.0,4.5609654598418646e-06,1.0,0.0,2.0,easy|medium|hard
test,0,8,254,32,0.5306713519967161,135.34175935099483,1203.671149472997,0.0002974206581711769,1.0,1.0,1.0,1.0,4.5526425301706205e-06,1.3125,0.0,2.0,medium|hard|easy
test,0,8,255,32,0.533048139011953,135.87535129699972,1204.2047415539855,0.0008385574328713119,1.0,1.0,1.0,1.0,4.5443196004993765e-06,1.125,0.0,2.0,easy|hard|medium
test,0,8,256,32,0.5315833960194141,136.40745665799477,1204.7368467399792,0.15246717631816864,0.96875,0.96875,0.9705882352941176,0.9687194525904204,4.535996670828132e-06,1.0625,0.0,2.0,medium|hard|easy
test,0,8,257,32,0.5314593999937642,136.93943558898172,1205.2688257189875,0.0012411182979121804,1.0,1.0,1.0,1.0,4.527673741156888e-06,0.875,0.0,2.0,easy|hard|medium
test,0,8,258,32,0.5326021489745472,137.47262302099261,1205.8020132839738,0.0002697444870136678,1.0,1.0,1.0,1.0,4.519350811485644e-06,1.09375,0.0,2.0,easy|hard|medium
test,0,8,259,32,0.5324134569964372,138.00546020499314,1206.3348502889858,0.0002491235500201583,1.0,1.0,1.0,1.0,4.511027881814399e-06,1.0,0.0,2.0,easy|hard|medium
test,0,8,260,32,0.5313366770278662,138.5373764259857,1206.8667665449902,0.0003388654731679708,1.0,1.0,1.0,1.0,4.502704952143155e-06,1.03125,0.0,2.0,hard|easy|medium
test,0,8,261,32,0.5324461650161538,139.07032606797293,1207.3997161919833,0.004896997008472681,1.0,1.0,1.0,1.0,4.494382022471911e-06,1.0,0.0,2.0,easy|hard|medium
test,0,8,262,32,0.5311043889960274,139.60187985998346,1207.9312699219736,0.0002801620867103338,1.0,1.0,1.0,1.0,4.486059092800667e-06,1.0,0.0,2.0,medium|hard|easy
test,0,8,263,32,0.5321412489865907,140.13484099297784,1208.4642310589843,0.00027485430473461747,1.0,1.0,1.0,1.0,4.477736163129422e-06,0.96875,0.0,2.0,medium|easy|hard
test,0,8,264,32,0.532908805005718,140.6682310559845,1208.997621130984,0.007968390360474586,1.0,1.0,1.0,1.0,4.469413233458178e-06,1.09375,0.0,2.0,hard|medium|easy
test,0,8,265,32,0.5315265589742921,141.20021088499925,1209.5296009879967,0.00026327266823500395,1.0,1.0,1.0,1.0,4.461090303786934e-06,0.96875,0.0,2.0,hard|medium|easy
test,0,8,266,32,0.5311294790008105,141.73183156599407,1210.0612216179725,0.00034287251764908433,1.0,1.0,1.0,1.0,4.452767374115689e-06,0.96875,0.0,2.0,medium|easy|hard
test,0,8,267,17,0.3208354410016909,142.05307757499395,1210.3824677679804,0.0002947107423096895,1.0,1.0,1.0,1.0,4.444444444444444e-06,1.3529411554336548,0.0,2.0,hard|medium|easy
test,0,9,1,32,0.5325495449942537,0.6149185730027966,1221.523127212975,0.0002857116633094847,1.0,1.0,1.0,1.0,4.436121514773201e-06,0.71875,0.0,2.0,easy|medium|hard
test,0,9,2,32,0.5313666280126199,1.1469977999804541,1222.055203004973,0.24452970921993256,0.9736842105263157,0.96875,0.9642857142857143,0.967967967967968,4.427798585101956e-06,1.03125,0.0,2.0,easy|hard|medium
test,0,9,3,32,0.5321219280012883,1.6796317249827553,1222.5878369199927,0.0003327273007016629,1.0,1.0,1.0,1.0,4.419475655430712e-06,0.96875,0.0,2.0,medium|easy|hard
test,0,9,4,32,0.5320281480089761,2.2122236379946116,1223.120428839,0.0004638946265913546,1.0,1.0,1.0,1.0,4.411152725759468e-06,1.125,0.0,2.0,hard|medium|easy
test,0,9,5,32,0.5312230069830548,2.7440336529980414,1223.6522388669837,0.0004376766737550497,1.0,1.0,1.0,1.0,4.402829796088223e-06,1.03125,0.0,2.0,hard|easy|medium
test,0,9,6,32,0.5322137949988246,3.2768020090006758,1224.1850072199886,0.000344004831276834,1.0,1.0,1.0,1.0,4.394506866416979e-06,1.09375,0.0,2.0,easy|medium|hard
test,0,9,7,32,0.5321742260130122,3.809542638977291,1224.7177478399826,0.0002861411194317043,1.0,1.0,1.0,1.0,4.386183936745735e-06,0.9375,0.0,2.0,hard|easy|medium
test,0,9,8,32,0.5311107359884772,4.3412142469896935,1225.2494194449973,0.0002883912529796362,1.0,1.0,1.0,1.0,4.37786100707449e-06,1.0,0.0,2.0,medium|easy|hard
test,0,9,9,32,0.53270234001684,4.874484033003682,1225.782689457992,0.000328592024743557,1.0,1.0,1.0,1.0,4.369538077403246e-06,1.15625,0.0,2.0,easy|hard|medium
test,0,9,10,32,0.5316481360059697,5.406705871981103,1226.3149111019738,0.00030431279446929693,1.0,1.0,1.0,1.0,4.361215147732002e-06,1.0625,0.0,2.0,medium|easy|hard
test,0,9,11,32,0.5306256920157466,5.937940449977759,1226.8461456549994,0.0015036556869745255,1.0,1.0,1.0,1.0,4.352892218060758e-06,0.90625,0.0,2.0,easy|hard|medium
test,0,9,12,32,0.53216384301777,6.470523982978193,1227.3787291819754,0.0003405030001886189,1.0,1.0,1.0,1.0,4.3445692883895135e-06,1.0625,0.0,2.0,hard|medium|easy
test,0,9,13,32,0.531742633000249,7.002711862995056,1227.910917059984,0.00032861443469300866,1.0,1.0,1.0,1.0,4.3362463587182694e-06,0.78125,0.0,2.0,easy|hard|medium
test,0,9,14,32,0.5310038079915103,7.534299066988751,1228.442504429986,0.0007622652337886393,1.0,1.0,1.0,1.0,4.3279234290470254e-06,1.09375,0.0,2.0,easy|medium|hard
test,0,9,15,32,0.5323530110181309,8.067232481989777,1228.9754376769997,0.0006427908665500581,1.0,1.0,1.0,1.0,4.3196004993757806e-06,1.0625,0.0,2.0,easy|medium|hard
test,0,9,16,32,0.5318758390203584,8.599670615978539,1229.507875823998,0.00051263312343508,1.0,1.0,1.0,1.0,4.3112775697045366e-06,1.28125,0.0,2.0,hard|medium|easy
test,0,9,17,32,0.5312665059755091,9.131525703996886,1230.0397309129767,0.0002887534210458398,1.0,1.0,1.0,1.0,4.3029546400332925e-06,0.96875,0.0,2.0,easy|medium|hard
test,0,9,18,32,0.532534050027607,9.664547797990963,1230.5727530769946,0.0002843725960701704,1.0,1.0,1.0,1.0,4.294631710362048e-06,1.0,0.0,2.0,hard|easy|medium
test,0,9,19,32,0.5316139320202637,10.196755611978006,1231.1049607989844,0.00044717651326209307,1.0,1.0,1.0,1.0,4.286308780690803e-06,1.1875,0.0,2.0,easy|medium|hard
test,0,9,20,32,0.5320233809761703,10.729320302983979,1231.6375255169987,0.0005656423745676875,1.0,1.0,1.0,1.0,4.27798585101956e-06,0.9375,0.0,2.0,easy|hard|medium
test,0,9,21,32,0.5325827589840628,11.262485598999774,1232.1706908029737,0.0002754106535576284,1.0,1.0,1.0,1.0,4.269662921348315e-06,1.0625,0.0,2.0,medium|hard|easy
test,0,9,22,32,0.5316227930015884,11.794665225985227,1232.702870434994,0.0003477597201708704,1.0,1.0,1.0,1.0,4.261339991677071e-06,0.8125,0.0,2.0,medium|hard|easy
test,0,9,23,32,0.5315286550030578,12.326781440002378,1233.2349866639997,0.00029314099811017513,1.0,1.0,1.0,1.0,4.253017062005827e-06,1.09375,0.0,2.0,medium|easy|hard
test,0,9,24,32,0.5326088110159617,12.85989090698422,1233.7680961389851,0.0002837774227373302,1.0,1.0,1.0,1.0,4.244694132334582e-06,1.21875,0.0,2.0,hard|medium|easy
test,0,9,25,32,0.5319793530215975,13.392387982981745,1234.3005931809894,0.00314925704151392,1.0,1.0,1.0,1.0,4.236371202663338e-06,0.90625,0.0,2.0,easy|hard|medium
test,0,9,26,32,0.5313039059983566,13.924221981986193,1234.8324274589831,0.0002621640742290765,1.0,1.0,1.0,1.0,4.228048272992094e-06,1.125,0.0,2.0,medium|hard|easy
test,0,9,27,32,0.5323548600135837,14.457157263997942,1235.3653624519939,0.0004558260552585125,1.0,1.0,1.0,1.0,4.219725343320849e-06,0.75,0.0,2.0,easy|medium|hard
test,0,9,28,32,0.5329955430061091,14.990727861993946,1235.8989330779877,0.0002329701674170792,1.0,1.0,1.0,1.0,4.211402413649605e-06,1.15625,0.0,2.0,medium|hard|easy
test,0,9,29,32,0.5316891790134832,15.522965735988691,1236.4311711439805,0.00024903914891183376,1.0,1.0,1.0,1.0,4.203079483978361e-06,1.03125,0.0,2.0,hard|medium|easy
test,0,9,30,32,0.5321265630191192,16.055607986985706,1236.963813217997,0.006188462488353252,1.0,1.0,1.0,1.0,4.194756554307117e-06,0.875,0.0,2.0,hard|medium|easy
test,0,9,31,32,0.5324490749917459,16.588561775977723,1237.4967669759935,0.00033562039607204497,1.0,1.0,1.0,1.0,4.186433624635872e-06,0.75,0.0,2.0,hard|medium|easy
test,0,9,32,32,0.5310240699909627,17.120172448980156,1238.0283776749857,0.004521436057984829,1.0,1.0,1.0,1.0,4.178110694964628e-06,1.0625,0.0,2.0,hard|easy|medium
test,0,9,33,32,0.5297415410168469,17.650483853998594,1238.558689077996,0.0007707017939537764,1.0,1.0,1.0,1.0,4.169787765293384e-06,1.0625,0.0,2.0,easy|hard|medium
test,0,9,34,32,0.5327740280190483,18.18386218199157,1239.0920673979854,0.0003583848592825234,1.0,1.0,1.0,1.0,4.161464835622139e-06,0.84375,0.0,2.0,easy|medium|hard
test,0,9,35,32,0.5316675729991402,18.71597077298793,1239.624175969977,0.00022285569866653532,1.0,1.0,1.0,1.0,4.153141905950895e-06,1.0,0.0,2.0,medium|hard|easy
test,0,9,36,32,0.531178016011836,19.247756973985815,1240.155962193996,0.00022602497483603656,1.0,1.0,1.0,1.0,4.144818976279651e-06,1.34375,0.0,2.0,medium|easy|hard
test,0,9,37,32,0.5322937250020914,19.78053527098382,1240.6887407369795,0.0004329123185016215,1.0,1.0,1.0,1.0,4.136496046608406e-06,0.84375,0.0,2.0,medium|easy|hard
test,0,9,38,32,0.5316048650129233,20.312752921978245,1241.2209584589873,0.0514938123524189,0.9736842105263157,0.96875,0.9642857142857143,0.967967967967968,4.128173116937162e-06,1.1875,0.0,2.0,hard|medium|easy
test,0,9,39,32,0.5312140659953002,20.844533912983024,1241.7527391479816,0.0007020779303275049,1.0,1.0,1.0,1.0,4.119850187265918e-06,0.8125,0.0,2.0,easy|hard|medium
test,0,9,40,32,0.5322735809895676,21.37739894798142,1242.2856041609775,0.0003584103542380035,1.0,1.0,1.0,1.0,4.1115272575946735e-06,0.96875,0.0,2.0,hard|easy|medium
test,0,9,41,32,0.5313861560134683,21.909346011001617,1242.8175512059825,0.00040399303543381393,1.0,1.0,1.0,1.0,4.1032043279234295e-06,1.25,0.0,2.0,hard|medium|easy
test,0,9,42,32,0.5310638110095169,22.44097239000257,1243.3491776779993,0.0002535954408813268,1.0,1.0,1.0,1.0,4.0948813982521855e-06,1.0625,0.0,2.0,medium|easy|hard
test,0,9,43,32,0.5324791719904169,22.974040915985825,1243.8822461599775,0.0005585395265370607,1.0,1.0,1.0,1.0,4.086558468580941e-06,0.90625,0.0,2.0,medium|hard|easy
test,0,9,44,32,0.5319641370151658,23.506578614993487,1244.4147841179802,0.00024028998450376093,1.0,1.0,1.0,1.0,4.078235538909697e-06,1.03125,0.0,2.0,medium|easy|hard
test,0,9,45,32,0.5310338319977745,24.03818897900055,1244.9463942019793,0.23814333975315094,0.9705882352941176,0.96875,0.96875,0.9687194525904204,4.0699126092384526e-06,1.15625,0.0,2.0,medium|easy|hard
test,0,9,46,32,0.5320713999972213,24.570833841979038,1245.4790390619892,0.00040656657074578106,1.0,1.0,1.0,1.0,4.061589679567208e-06,1.0,0.0,2.0,hard|easy|medium
test,0,9,47,32,0.5322267090086825,25.103646527975798,1246.0118517319788,0.009796729311347008,1.0,1.0,1.0,1.0,4.053266749895964e-06,1.0625,0.0,2.0,hard|easy|medium
test,0,9,48,32,0.5306194899894763,25.634785331989406,1246.5429905689962,0.25120458006858826,0.9666666666666667,0.96875,0.9722222222222222,0.9684729064039409,4.04494382022472e-06,0.84375,0.0,2.0,easy|hard|medium
test,0,9,49,32,0.5326376069860999,26.16793222600245,1247.076137652999,0.041815511882305145,0.9615384615384616,0.96875,0.975,0.9671794871794872,4.036620890553476e-06,1.03125,0.0,2.0,hard|medium|easy
test,0,9,50,32,0.5321221990161575,26.70058031397639,1247.6087856429804,0.00027025723829865456,1.0,1.0,1.0,1.0,4.028297960882231e-06,0.9375,0.0,2.0,medium|easy|hard
test,0,9,51,32,0.530742167000426,27.231905338994693,1248.1401105439872,0.0003881434677168727,1.0,1.0,1.0,1.0,4.019975031210987e-06,1.03125,0.0,2.0,hard|medium|easy
test,0,9,52,32,0.532439182017697,27.764850061998004,1248.6730552629742,0.0033186781220138073,1.0,1.0,1.0,1.0,4.011652101539743e-06,0.78125,0.0,2.0,easy|hard|medium
test,0,9,53,32,0.5314075550122652,28.296795906004263,1249.2050013149856,0.0002646515495143831,1.0,1.0,1.0,1.0,4.003329171868498e-06,0.84375,0.0,2.0,medium|easy|hard
test,0,9,54,32,0.5303451670042705,28.827658766997047,1249.735863991984,0.00020140359993092716,1.0,1.0,1.0,1.0,3.995006242197254e-06,0.75,0.0,2.0,easy|medium|hard
test,0,9,55,32,0.5325885299826041,29.360800640977686,1250.2690058479784,0.0002867634757421911,1.0,1.0,1.0,1.0,3.98668331252601e-06,1.0,0.0,2.0,easy|medium|hard
test,0,9,56,32,0.5326224120217375,29.89393406099407,1250.802139359992,0.00020798470359295607,1.0,1.0,1.0,1.0,3.978360382854765e-06,1.25,0.0,2.0,hard|medium|easy
test,0,9,57,32,0.5313796219998039,30.425876625988167,1251.3340818409924,0.00025174336042255163,1.0,1.0,1.0,1.0,3.970037453183521e-06,0.78125,0.0,2.0,medium|easy|hard
test,0,9,58,32,0.5325196550111286,30.95895400000154,1251.8671591929742,0.0002528191835153848,1.0,1.0,1.0,1.0,3.961714523512277e-06,0.6875,0.0,2.0,medium|hard|easy
test,0,9,59,32,0.5320655199757311,31.491571274003945,1252.3997765259992,0.21627479791641235,0.9583333333333333,0.96875,0.9761904761904762,0.9660657476139979,3.953391593841032e-06,0.875,0.0,2.0,medium|hard|easy
test,0,9,60,32,0.5317718799924478,32.02393370799837,1252.9321389559773,0.0004470295098144561,1.0,1.0,1.0,1.0,3.945068664169788e-06,1.15625,0.0,2.0,hard|easy|medium
test,0,9,61,32,0.5329241009894758,32.55740705298376,1253.4656123019813,0.0013500817585736513,1.0,1.0,1.0,1.0,3.936745734498544e-06,1.0625,0.0,2.0,easy|hard|medium
test,0,9,62,32,0.5316830950032454,33.08967295498587,1253.9978781599784,0.2357267439365387,0.9722222222222222,0.96875,0.9666666666666667,0.9684729064039409,3.928422804827299e-06,0.90625,0.0,2.0,easy|hard|medium
test,0,9,63,32,0.5317319369933102,33.62190326498239,1254.530108483974,0.00028385967016220093,1.0,1.0,1.0,1.0,3.920099875156055e-06,0.78125,0.0,2.0,easy|medium|hard
test,0,9,64,32,0.5324607219954487,34.15482722898014,1255.0630324319936,0.20872384309768677,0.9705882352941176,0.96875,0.96875,0.9687194525904204,3.911776945484811e-06,1.1875,0.0,2.0,easy|hard|medium
test,0,9,65,32,0.5315013579966035,34.68683147098636,1255.5950366749894,0.00030895962845534086,1.0,1.0,1.0,1.0,3.903454015813566e-06,0.9375,0.0,2.0,hard|easy|medium
test,0,9,66,32,0.5314332179841585,35.218780732975574,1256.1269860129978,0.0003363439464010298,1.0,1.0,1.0,1.0,3.895131086142322e-06,1.125,0.0,2.0,easy|hard|medium
test,0,9,67,32,0.5323494780168403,35.751628751982935,1256.6598339569755,0.0003674643230624497,1.0,1.0,1.0,1.0,3.886808156471078e-06,0.65625,0.0,2.0,easy|medium|hard
test,0,9,68,32,0.5317860860086512,36.283929604978766,1257.1921348139876,0.0008584809256717563,1.0,1.0,1.0,1.0,3.878485226799834e-06,1.03125,0.0,2.0,easy|hard|medium
test,0,9,69,32,0.5311887600109912,36.81565967897768,1257.7238648899947,0.012082056142389774,1.0,1.0,1.0,1.0,3.8701622971285895e-06,1.125,0.0,2.0,hard|medium|easy
test,0,9,70,32,0.5318422309937887,37.34808663799777,1258.2562918409822,0.00037513329880312085,1.0,1.0,1.0,1.0,3.8618393674573455e-06,0.875,0.0,2.0,easy|hard|medium
test,0,9,71,32,0.532707632984966,37.88138888697722,1258.7895940859744,0.0002928061003331095,1.0,1.0,1.0,1.0,3.8535164377861015e-06,0.96875,0.0,2.0,hard|easy|medium
test,0,9,72,32,0.5318177780136466,38.41373356699478,1259.321938768,0.00042808629223145545,1.0,1.0,1.0,1.0,3.845193508114857e-06,0.75,0.0,2.0,medium|easy|hard
test,0,9,73,32,0.5303958690201398,38.944640365982195,1259.8528455739724,0.21117979288101196,0.96875,0.96875,0.9705882352941176,0.9687194525904204,3.836870578443613e-06,1.03125,0.0,2.0,hard|easy|medium
test,0,9,74,32,0.5324680909980088,39.47762775697629,1260.3858329689829,0.0004082102095708251,1.0,1.0,1.0,1.0,3.828547648772369e-06,1.25,0.0,2.0,hard|medium|easy
test,0,9,75,32,0.5316905849904288,40.00989763397956,1260.918102864991,0.00129093904979527,1.0,1.0,1.0,1.0,3.820224719101124e-06,1.0625,0.0,2.0,medium|easy|hard
test,0,9,76,32,0.5312833540083375,40.541728504991625,1261.449933719996,0.026231802999973297,0.9615384615384616,0.96875,0.975,0.9671794871794872,3.8119017894298797e-06,1.03125,0.0,2.0,easy|medium|hard
test,0,9,77,32,0.5330484840087593,41.0753585450002,1261.9835637519718,0.06229588761925697,0.9642857142857143,0.96875,0.9736842105263157,0.967967967967968,3.8035788597586353e-06,0.96875,0.0,2.0,medium|hard|easy
test,0,9,78,32,0.5313936040038243,41.607318606984336,1262.5155238039733,0.0002968234184663743,1.0,1.0,1.0,1.0,3.795255930087391e-06,0.90625,0.0,2.0,hard|easy|medium
test,0,9,79,32,0.5310678739915602,42.13897581998026,1263.0471810329764,0.00039673043647781014,1.0,1.0,1.0,1.0,3.786933000416147e-06,0.875,0.0,2.0,hard|medium|easy
test,0,9,80,32,0.5325121780042537,42.6720250119979,1263.5802302049997,0.0007690491038374603,1.0,1.0,1.0,1.0,3.7786100707449024e-06,0.84375,0.0,2.0,easy|medium|hard
test,0,9,81,32,0.5312537150166463,43.20378838098259,1264.111993583996,0.005611511413007975,1.0,1.0,1.0,1.0,3.770287141073658e-06,0.84375,0.0,2.0,easy|medium|hard
test,0,9,82,32,0.531075442006113,43.73538176398142,1264.6435870319838,0.005954791326075792,1.0,1.0,1.0,1.0,3.761964211402414e-06,0.875,0.0,2.0,easy|medium|hard
test,0,9,83,32,0.532519199012313,44.26845892498386,1265.1766641179856,0.0007258632685989141,1.0,1.0,1.0,1.0,3.7536412817311695e-06,1.1875,0.0,2.0,medium|easy|hard
test,0,9,84,32,0.5319311079801992,44.80091590798111,1265.7091211189982,0.00047802392509765923,1.0,1.0,1.0,1.0,3.7453183520599255e-06,1.15625,0.0,2.0,medium|hard|easy
test,0,9,85,32,0.5313345660106279,45.332825382996816,1266.2410305729718,0.0003735104692168534,1.0,1.0,1.0,1.0,3.736995422388681e-06,0.96875,0.0,2.0,hard|easy|medium
test,0,9,86,32,0.5321366480202414,45.865520770981675,1266.7737259679998,0.0004374483833089471,1.0,1.0,1.0,1.0,3.7286724927174366e-06,0.90625,0.0,2.0,easy|hard|medium
test,0,9,87,32,0.5327707930118777,46.39885373300058,1267.3070590009738,0.0367855541408062,0.9772727272727273,0.96875,0.9545454545454546,0.964562569213732,3.7203495630461926e-06,1.0625,0.0,2.0,hard|medium|easy
test,0,9,88,32,0.5311960349790752,46.93053455799236,1267.8387398049817,0.00038088238216005266,1.0,1.0,1.0,1.0,3.712026633374948e-06,1.15625,0.0,2.0,easy|hard|medium
test,0,9,89,32,0.5317607260076329,47.462831067998195,1268.3710363129794,0.0003831916837953031,1.0,1.0,1.0,1.0,3.7037037037037037e-06,0.84375,0.0,2.0,medium|hard|easy
test,0,9,90,32,0.5319321069982834,47.995265135978116,1268.903470337973,0.0004620792460627854,1.0,1.0,1.0,1.0,3.6953807740324597e-06,1.03125,0.0,2.0,hard|medium|easy
test,0,9,91,32,0.5312143510091119,48.526889025000855,1269.4350942579913,0.219681978225708,0.9705882352941176,0.96875,0.96875,0.9687194525904204,3.6870578443612153e-06,0.84375,0.0,2.0,easy|hard|medium
test,0,9,92,32,0.5324330180010293,49.059765071986476,1269.9679702689755,0.0002765158424153924,1.0,1.0,1.0,1.0,3.678734914689971e-06,1.1875,0.0,2.0,hard|medium|easy
test,0,9,93,32,0.5319805890030693,49.592238721990725,1270.5004439309996,0.00030023109866306186,1.0,1.0,1.0,1.0,3.670411985018727e-06,0.9375,0.0,2.0,hard|medium|easy
test,0,9,94,32,0.5314089250168763,50.12412605798454,1271.0323312709806,0.0004065422108396888,1.0,1.0,1.0,1.0,3.6620890553474824e-06,1.03125,0.0,2.0,hard|easy|medium
test,0,9,95,32,0.5328787610051222,50.65756115797558,1271.5657663759775,0.00042152201058343053,1.0,1.0,1.0,1.0,3.6537661256762384e-06,1.28125,0.0,2.0,hard|medium|easy
test,0,9,96,32,0.5318618429882918,51.18997127699549,1272.0981767899939,0.00043539918260648847,1.0,1.0,1.0,1.0,3.645443196004994e-06,1.03125,0.0,2.0,medium|hard|easy
test,0,9,97,32,0.530838055012282,51.72131209800136,1272.6295173009858,0.00035640160785987973,1.0,1.0,1.0,1.0,3.6371202663337495e-06,1.09375,0.0,2.0,hard|medium|easy
test,0,9,98,32,0.5323472790187225,52.25419712997973,1273.1624023319746,0.00037702033296227455,1.0,1.0,1.0,1.0,3.6287973366625055e-06,0.875,0.0,2.0,medium|hard|easy
test,0,9,99,32,0.5318268020055257,52.78652341698762,1273.6947289549862,0.0011989650083705783,1.0,1.0,1.0,1.0,3.620474406991261e-06,1.125,0.0,2.0,hard|medium|easy
test,0,9,100,32,0.5314442130038515,53.31843020598171,1274.2266354239837,0.00026880172663368285,1.0,1.0,1.0,1.0,3.6121514773200166e-06,1.09375,0.0,2.0,medium|hard|easy
test,0,9,101,32,0.5329983760020696,53.85201915598009,1274.7602243479923,0.0006446235929615796,1.0,1.0,1.0,1.0,3.6038285476487726e-06,1.0,0.0,2.0,hard|easy|medium
test,0,9,102,32,0.5321110429940745,54.38463811497786,1275.292843327974,0.00040009579970501363,1.0,1.0,1.0,1.0,3.595505617977528e-06,1.0625,0.0,2.0,easy|hard|medium
test,0,9,103,32,0.5313066210073885,54.916483637003694,1275.8246888359718,0.013033166527748108,1.0,1.0,1.0,1.0,3.587182688306284e-06,1.25,0.0,2.0,hard|easy|medium
test,0,9,104,32,0.5328819900169037,55.44992871300201,1276.358133909991,0.0002539432607591152,1.0,1.0,1.0,1.0,3.5788597586350397e-06,1.21875,0.0,2.0,medium|hard|easy
test,0,9,105,32,0.5314402380026877,55.98193766697659,1276.8901429129764,0.0003874555404763669,1.0,1.0,1.0,1.0,3.5705368289637953e-06,1.1875,0.0,2.0,medium|hard|easy
test,0,9,106,32,0.5318075700197369,56.51431847299682,1277.4225236699858,0.0003933723783120513,1.0,1.0,1.0,1.0,3.5622138992925513e-06,0.90625,0.0,2.0,hard|easy|medium
test,0,9,107,32,0.5321003470162395,57.04701294397819,1277.9552181499894,0.0003840693971142173,1.0,1.0,1.0,1.0,3.553890969621307e-06,0.6875,0.0,2.0,medium|easy|hard
test,0,9,108,32,0.5313430759997573,57.57891333400039,1278.4871185559896,0.000358506222255528,1.0,1.0,1.0,1.0,3.5455680399500624e-06,1.125,0.0,2.0,easy|hard|medium
test,0,9,109,32,0.5314453830069397,58.110875483980635,1279.0190806819883,0.00029912753961980343,1.0,1.0,1.0,1.0,3.5372451102788184e-06,1.1875,0.0,2.0,easy|hard|medium
test,0,9,110,32,0.5324539149878547,58.64381708498695,1279.5520222969935,0.00028421799652278423,1.0,1.0,1.0,1.0,3.528922180607574e-06,1.03125,0.0,2.0,easy|medium|hard
test,0,9,111,32,0.5320001469808631,59.17637872498017,1280.0845839699905,0.2288307547569275,0.9736842105263157,0.96875,0.9642857142857143,0.967967967967968,3.52059925093633e-06,0.78125,0.0,2.0,medium|easy|hard
test,0,9,112,32,0.5316738319816068,59.70859047098202,1280.616795651993,0.004016099497675896,1.0,1.0,1.0,1.0,3.5122763212650855e-06,0.75,0.0,2.0,hard|easy|medium
test,0,9,113,32,0.5323728199873585,60.24150801700307,1281.1497134879755,0.0003519634483382106,1.0,1.0,1.0,1.0,3.503953391593841e-06,1.15625,0.0,2.0,hard|medium|easy
test,0,9,114,32,0.5328407259949017,60.77487973598181,1281.6830849409744,0.0005526060704141855,1.0,1.0,1.0,1.0,3.495630461922597e-06,1.0625,0.0,2.0,hard|medium|easy
test,0,9,115,32,0.5313231320178602,61.306760412990116,1282.2149656389956,0.00034065009094774723,1.0,1.0,1.0,1.0,3.4873075322513526e-06,0.875,0.0,2.0,easy|medium|hard
test,0,9,116,32,0.5318152770050801,61.839154981978936,1282.7473605299892,0.0003365448792465031,1.0,1.0,1.0,1.0,3.478984602580108e-06,1.03125,0.0,2.0,easy|medium|hard
test,0,9,117,32,0.5322140769858379,62.37193198897876,1283.2801371909736,0.00031970528652891517,1.0,1.0,1.0,1.0,3.470661672908864e-06,1.125,0.0,2.0,easy|hard|medium
test,0,9,118,32,0.5315023600123823,62.90397705099895,1283.8121822579997,0.0012817602837458253,1.0,1.0,1.0,1.0,3.4623387432376198e-06,1.09375,0.0,2.0,hard|easy|medium
test,0,9,119,32,0.5306654409796465,63.435174746991834,1284.3433799449995,0.00027005517040379345,1.0,1.0,1.0,1.0,3.4540158135663753e-06,1.09375,0.0,2.0,hard|easy|medium
test,0,9,120,32,0.5324596819991712,63.968216153996764,1284.876421361987,0.00027061786386184394,1.0,1.0,1.0,1.0,3.4456928838951313e-06,0.9375,0.0,2.0,hard|easy|medium
test,0,9,121,32,0.5316623839898966,64.50043080298929,1285.4086360499787,0.0002693228598218411,1.0,1.0,1.0,1.0,3.437369954223887e-06,0.78125,0.0,2.0,medium|hard|easy
test,0,9,122,32,0.5309623259818181,65.0319663459959,1285.9401715299755,0.09357408434152603,0.9705882352941176,0.96875,0.96875,0.9687194525904204,3.429047024552643e-06,1.21875,0.0,2.0,hard|easy|medium
test,0,9,123,32,0.5320324640197214,65.56450995098567,1286.4727152079868,0.0003191889845766127,1.0,1.0,1.0,1.0,3.4207240948813984e-06,1.0625,0.0,2.0,hard|easy|medium
test,0,9,124,32,0.5310596440103836,66.09607051499188,1287.0042757159972,0.0008216196438297629,1.0,1.0,1.0,1.0,3.412401165210154e-06,1.09375,0.0,2.0,medium|easy|hard
test,0,9,125,32,0.5306554769922514,66.62729945298634,1287.5355046629847,0.0003121703630313277,1.0,1.0,1.0,1.0,3.40407823553891e-06,0.75,0.0,2.0,medium|easy|hard
test,0,9,126,32,0.5318569240043871,67.15969585400308,1288.0679010809981,0.003052827436476946,1.0,1.0,1.0,1.0,3.3957553058676655e-06,0.78125,0.0,2.0,medium|easy|hard
test,0,9,127,32,0.5318726940022316,67.69214093798655,1288.6003461669898,0.00027981388848274946,1.0,1.0,1.0,1.0,3.387432376196421e-06,0.9375,0.0,2.0,medium|hard|easy
test,0,9,128,32,0.5308887629944365,68.22366208900348,1289.1318673319765,0.0002809835132211447,1.0,1.0,1.0,1.0,3.379109446525177e-06,0.96875,0.0,2.0,easy|hard|medium
test,0,9,129,32,0.5318887819885276,68.75607311399654,1289.6642783389834,0.00028665384161286056,1.0,1.0,1.0,1.0,3.3707865168539327e-06,0.96875,0.0,2.0,easy|medium|hard
test,0,9,130,32,0.5319558969931677,69.28849374799756,1290.1966989429784,0.010434034280478954,1.0,1.0,1.0,1.0,3.3624635871826886e-06,1.0625,0.0,2.0,hard|easy|medium
test,0,9,131,32,0.5311121190025005,69.8201455079834,1290.7283507249958,0.23608115315437317,0.975,0.96875,0.9615384615384616,0.9671794871794872,3.354140657511444e-06,0.875,0.0,2.0,medium|hard|easy
test,0,9,132,32,0.5327540879952721,70.35344704799354,1291.261652273999,0.000273413781542331,1.0,1.0,1.0,1.0,3.3458177278401998e-06,1.1875,0.0,2.0,medium|hard|easy
test,0,9,133,32,0.5322744340228382,70.88617096000235,1291.7943761689821,0.0002420614764560014,1.0,1.0,1.0,1.0,3.3374947981689558e-06,1.3125,0.0,2.0,easy|medium|hard
test,0,9,134,32,0.5310754879901651,71.41780406498583,1292.3260092579876,0.006403057370334864,1.0,1.0,1.0,1.0,3.3291718684977113e-06,1.1875,0.0,2.0,medium|hard|easy
test,0,9,135,32,0.532415588008007,71.95075184898451,1292.8589570729819,0.00035011343425139785,1.0,1.0,1.0,1.0,3.320848938826467e-06,0.875,0.0,2.0,easy|hard|medium
test,0,9,136,32,0.5315622849739157,72.48283700499451,1293.3910421989858,0.10952171683311462,0.9642857142857143,0.96875,0.9736842105263157,0.967967967967968,3.312526009155223e-06,1.15625,0.0,2.0,hard|medium|easy
test,0,9,137,32,0.5304382999893278,73.01384306099499,1293.9220482679957,0.00037968726246617734,1.0,1.0,1.0,1.0,3.3042030794839784e-06,1.0,0.0,2.0,hard|medium|easy
test,0,9,138,32,0.5321500590071082,73.5464730449894,1294.454678547976,0.00047606154112145305,1.0,1.0,1.0,1.0,3.295880149812734e-06,0.84375,0.0,2.0,easy|medium|hard
test,0,9,139,32,0.5318619409808889,74.07887358497828,1294.987078782986,0.00037637207424268126,1.0,1.0,1.0,1.0,3.28755722014149e-06,0.8125,0.0,2.0,hard|medium|easy
test,0,9,140,32,0.531211458001053,74.61061914000311,1295.518824336992,0.0005306916427798569,1.0,1.0,1.0,1.0,3.2792342904702455e-06,0.875,0.0,2.0,easy|hard|medium
test,0,9,141,32,0.5326837879838422,75.14384432998486,1296.0520496579993,0.0003008278436027467,1.0,1.0,1.0,1.0,3.2709113607990015e-06,1.125,0.0,2.0,medium|easy|hard
test,0,9,142,32,0.5318439610127825,75.6762274929788,1296.5844327169762,0.00025420746533200145,1.0,1.0,1.0,1.0,3.262588431127757e-06,1.0625,0.0,2.0,medium|easy|hard
test,0,9,143,32,0.5316994969907682,76.20840302898432,1297.1166082309792,0.0003869407228194177,1.0,1.0,1.0,1.0,3.2542655014565127e-06,0.6875,0.0,2.0,easy|hard|medium
test,0,9,144,32,0.5323747989896219,76.74133956298465,1297.6495447839843,0.0003642816445790231,1.0,1.0,1.0,1.0,3.2459425717852687e-06,0.90625,0.0,2.0,hard|easy|medium
test,0,9,145,32,0.5317621849826537,77.27371436698013,1298.1819195749995,0.0010335105471313,1.0,1.0,1.0,1.0,3.2376196421140242e-06,1.1875,0.0,2.0,easy|medium|hard
test,0,9,146,32,0.5312301920203026,77.80537319698487,1298.713578444993,0.0003309598832856864,1.0,1.0,1.0,1.0,3.2292967124427798e-06,0.90625,0.0,2.0,hard|easy|medium
test,0,9,147,32,0.5327137529966421,78.33868580599665,1299.2468910659954,0.0040499246679246426,1.0,1.0,1.0,1.0,3.2209737827715358e-06,0.96875,0.0,2.0,medium|easy|hard
test,0,9,148,32,0.5319149679853581,78.87117370197666,1299.7793788809795,0.00040109961992129683,1.0,1.0,1.0,1.0,3.2126508531002913e-06,0.9375,0.0,2.0,easy|medium|hard
test,0,9,149,32,0.5316264670109376,79.4034004729765,1300.3116056809959,0.21766692399978638,0.9615384615384616,0.96875,0.975,0.9671794871794872,3.2043279234290473e-06,0.96875,0.0,2.0,easy|medium|hard
test,0,9,150,32,0.532742073002737,79.93674292499782,1300.8449481269927,0.0003032935783267021,1.0,1.0,1.0,1.0,3.196004993757803e-06,0.75,0.0,2.0,hard|medium|easy
test,0,9,151,32,0.5327535200049169,80.47006803797558,1301.378273231996,0.00021842110436409712,1.0,1.0,1.0,1.0,3.1876820640865584e-06,1.125,0.0,2.0,easy|hard|medium
test,0,9,152,32,0.5311200790165458,81.00168501900043,1301.9098902089754,0.00031750561902299523,1.0,1.0,1.0,1.0,3.1793591344153144e-06,0.9375,0.0,2.0,hard|medium|easy
test,0,9,153,32,0.5321371220052242,81.5342616699927,1302.4424668799911,0.0004947531851939857,1.0,1.0,1.0,1.0,3.17103620474407e-06,0.8125,0.0,2.0,easy|hard|medium
test,0,9,154,32,0.5323330780083779,82.06711774499854,1302.9753229539783,0.0013422658666968346,1.0,1.0,1.0,1.0,3.1627132750728256e-06,0.90625,0.0,2.0,easy|hard|medium
test,0,9,155,32,0.5319064779905602,82.59945939597674,1303.5076645979716,0.0008352757431566715,1.0,1.0,1.0,1.0,3.1543903454015815e-06,1.0,0.0,2.0,easy|medium|hard
test,0,9,156,32,0.5301487029937562,83.13018939099857,1304.0383945999783,0.00027581030735746026,1.0,1.0,1.0,1.0,3.146067415730337e-06,0.75,0.0,2.0,medium|easy|hard
test,0,9,157,32,0.5321865680161864,83.66286511797807,1304.5710703289951,0.00023178134870249778,1.0,1.0,1.0,1.0,3.1377444860590935e-06,0.75,0.0,2.0,medium|hard|easy
test,0,9,158,32,0.5316924439975992,84.19514318698202,1305.1033483889769,0.00044442404760047793,1.0,1.0,1.0,1.0,3.1294215563878487e-06,0.9375,0.0,2.0,easy|hard|medium
test,0,9,159,32,0.5308347639802378,84.72647344399593,1305.6346786539943,0.0003449677024036646,1.0,1.0,1.0,1.0,3.1210986267166042e-06,0.9375,0.0,2.0,easy|medium|hard
test,0,9,160,32,0.5325327099999413,85.25955968597555,1306.167764881975,0.00023255452106241137,1.0,1.0,1.0,1.0,3.1127756970453602e-06,0.90625,0.0,2.0,easy|medium|hard
test,0,9,161,32,0.5315113010001369,85.79162411700236,1306.6998293529905,0.000301467371173203,1.0,1.0,1.0,1.0,3.1044527673741158e-06,1.125,0.0,2.0,hard|easy|medium
test,0,9,162,32,0.5308376780012622,86.3229978979798,1307.2312031399924,0.000337636040057987,1.0,1.0,1.0,1.0,3.0961298377028713e-06,0.90625,0.0,2.0,medium|hard|easy
test,0,9,163,32,0.5324881339911371,86.85605072899489,1307.7642560209788,0.00046871797530911863,1.0,1.0,1.0,1.0,3.0878069080316273e-06,1.03125,0.0,2.0,hard|easy|medium
test,0,9,164,32,0.5308405089890584,87.38741199299693,1308.2956171999977,0.0003189914277754724,1.0,1.0,1.0,1.0,3.079483978360383e-06,0.84375,0.0,2.0,hard|easy|medium
test,0,9,165,32,0.5312498319835868,87.91916892697918,1308.827374119981,0.2061041295528412,0.9705882352941176,0.96875,0.96875,0.9687194525904204,3.0711610486891385e-06,0.9375,0.0,2.0,easy|hard|medium
test,0,9,166,32,0.531943512003636,88.45164763298817,1309.359852841997,0.002598166698589921,1.0,1.0,1.0,1.0,3.0628381190178944e-06,0.90625,0.0,2.0,medium|easy|hard
test,0,9,167,32,0.5316126300022006,88.98375987500185,1309.8919650709722,0.0003225957043468952,1.0,1.0,1.0,1.0,3.05451518934665e-06,1.0625,0.0,2.0,hard|medium|easy
test,0,9,168,32,0.5315878499823157,89.51583404798293,1310.424039259,0.0003275603230576962,1.0,1.0,1.0,1.0,3.0461922596754064e-06,0.8125,0.0,2.0,easy|medium|hard
test,0,9,169,32,0.5316449859819841,90.0479039849888,1310.956109199993,0.0003013496461790055,1.0,1.0,1.0,1.0,3.0378693300041616e-06,0.875,0.0,2.0,medium|hard|easy
test,0,9,170,32,0.5320624980085995,90.58039094897686,1311.4885961579857,0.0003557316376827657,1.0,1.0,1.0,1.0,3.029546400332917e-06,1.125,0.0,2.0,hard|medium|easy
test,0,9,171,32,0.5313331299985293,91.11217997298809,1312.0203851829865,0.00030120383598841727,1.0,1.0,1.0,1.0,3.021223470661673e-06,1.15625,0.0,2.0,hard|medium|easy
test,0,9,172,32,0.532295188982971,91.64499692700338,1312.5532021229737,0.0002826254931278527,1.0,1.0,1.0,1.0,3.0129005409904287e-06,1.03125,0.0,2.0,medium|easy|hard
test,0,9,173,32,0.5316729419864714,92.17718766798498,1313.0853928749857,0.00041210412746295333,1.0,1.0,1.0,1.0,3.0045776113191842e-06,0.8125,0.0,2.0,hard|medium|easy
test,0,9,174,32,0.5308541900012642,92.70847071197932,1313.616675932979,0.0003601853095460683,1.0,1.0,1.0,1.0,2.9962546816479402e-06,1.03125,0.0,2.0,hard|medium|easy
test,0,9,175,32,0.5334814140223898,93.24255270199501,1314.1507579299796,0.22974053025245667,0.975,0.96875,0.9615384615384616,0.9671794871794872,2.987931751976696e-06,1.0,0.0,2.0,easy|medium|hard
test,0,9,176,32,0.531597700988641,93.77471340898774,1314.6829186159885,0.0003027562634088099,1.0,1.0,1.0,1.0,2.979608822305452e-06,0.96875,0.0,2.0,medium|hard|easy
test,0,9,177,32,0.5304880429757759,94.30577401199844,1315.213979195978,0.00046725559514015913,1.0,1.0,1.0,1.0,2.9712858926342073e-06,1.09375,0.0,2.0,medium|hard|easy
test,0,9,178,32,0.5324162500037346,94.83866844698787,1315.7468736519804,0.00033090385841205716,1.0,1.0,1.0,1.0,2.962962962962963e-06,1.125,0.0,2.0,easy|medium|hard
test,0,9,179,32,0.5316783669986762,95.37084752399824,1316.2790527229954,0.0003001693985424936,1.0,1.0,1.0,1.0,2.9546400332917193e-06,0.9375,0.0,2.0,medium|easy|hard
test,0,9,180,32,0.5314107829763088,95.90274118899833,1316.8109463879955,0.00045164854964241385,1.0,1.0,1.0,1.0,2.9463171036204745e-06,1.0625,0.0,2.0,hard|easy|medium
test,0,9,181,32,0.5324386770080309,96.43570257700048,1317.3439077769872,0.0003629192360676825,1.0,1.0,1.0,1.0,2.93799417394923e-06,0.96875,0.0,2.0,medium|hard|easy
test,0,9,182,32,0.5312601779878605,96.9674985279853,1317.8757037359755,0.0003702930698636919,1.0,1.0,1.0,1.0,2.929671244277986e-06,0.84375,0.0,2.0,easy|medium|hard
test,0,9,183,32,0.5315490359789692,97.49952404000214,1318.4077292529983,0.27785947918891907,0.9761904761904762,0.96875,0.9583333333333333,0.9660657476139979,2.9213483146067416e-06,0.9375,0.0,2.0,medium|hard|easy
test,0,9,184,32,0.5322182399977464,98.0322890690004,1318.9404942729743,0.000583562592510134,1.0,1.0,1.0,1.0,2.913025384935498e-06,0.8125,0.0,2.0,easy|medium|hard
test,0,9,185,32,0.532347511005355,98.56528287299443,1319.4734880729811,0.00037341529969125986,1.0,1.0,1.0,1.0,2.904702455264253e-06,1.1875,0.0,2.0,medium|hard|easy
test,0,9,186,32,0.5308689539961051,99.09669371199561,1320.0048989159986,0.0002903397544287145,1.0,1.0,1.0,1.0,2.8963795255930087e-06,0.9375,0.0,2.0,hard|medium|easy
test,0,9,187,32,0.5325262040132657,99.62975377700059,1320.5379589879885,0.0003525239881128073,1.0,1.0,1.0,1.0,2.888056595921765e-06,0.90625,0.0,2.0,medium|hard|easy
test,0,9,188,32,0.5322391289810184,100.1625265420007,1321.0707317539782,0.0027485599275678396,1.0,1.0,1.0,1.0,2.8797336662505202e-06,1.09375,0.0,2.0,easy|medium|hard
test,0,9,189,32,0.5313985779939685,100.69440690099145,1321.6026120999886,0.0003643668896984309,1.0,1.0,1.0,1.0,2.871410736579276e-06,1.15625,0.0,2.0,medium|hard|easy
test,0,9,190,32,0.5315672800061293,101.22652249998646,1322.1347277219757,0.00031892681727185845,1.0,1.0,1.0,1.0,2.8630878069080322e-06,0.96875,0.0,2.0,medium|easy|hard
test,0,9,191,32,0.5322448190127034,101.75923324999167,1322.6674384419748,0.0003889254294335842,1.0,1.0,1.0,1.0,2.8547648772367874e-06,0.90625,0.0,2.0,medium|hard|easy
test,0,9,192,32,0.5314200300199445,102.29120706100366,1323.1994122539763,0.0008245657081715763,1.0,1.0,1.0,1.0,2.846441947565543e-06,0.96875,0.0,2.0,hard|easy|medium
test,0,9,193,32,0.5302795890020207,102.82207548498991,1323.730280683987,0.0007435451843775809,1.0,1.0,1.0,1.0,2.838119017894299e-06,0.78125,0.0,2.0,medium|easy|hard
test,0,9,194,32,0.5320381469791755,103.35461127699818,1324.2628164769849,0.2362385243177414,0.96875,0.96875,0.9705882352941176,0.9687194525904204,2.8297960882230545e-06,1.15625,0.0,2.0,medium|hard|easy
test,0,9,195,32,0.5311527010053396,103.8863485030015,1324.7945537269989,0.0003096395521424711,1.0,1.0,1.0,1.0,2.821473158551811e-06,0.96875,0.0,2.0,medium|easy|hard
test,0,9,196,32,0.5306725230184384,104.4175669719989,1325.325772193988,0.00025167304556816816,1.0,1.0,1.0,1.0,2.813150228880566e-06,1.15625,0.0,2.0,hard|medium|easy
test,0,9,197,32,0.5322244580020197,104.95036075499956,1325.8585659539967,0.003897734684869647,1.0,1.0,1.0,1.0,2.8048272992093216e-06,1.0625,0.0,2.0,medium|hard|easy
test,0,9,198,32,0.53115809999872,105.48205547299585,1326.3902607009804,0.000505069037899375,1.0,1.0,1.0,1.0,2.796504369538078e-06,0.9375,0.0,2.0,medium|hard|easy
test,0,9,199,32,0.5311486739956308,106.01368821397773,1326.921893419989,0.0004581784887704998,1.0,1.0,1.0,1.0,2.788181439866833e-06,1.34375,0.0,2.0,hard|easy|medium
test,0,9,200,32,0.5316174000035971,106.54580487799831,1327.4540101269959,0.0002914946526288986,1.0,1.0,1.0,1.0,2.7798585101955887e-06,0.96875,0.0,2.0,easy|medium|hard
test,0,9,201,32,0.5320781469927169,107.07842361798976,1327.9866288439953,0.00036780795198865235,1.0,1.0,1.0,1.0,2.771535580524345e-06,1.1875,0.0,2.0,medium|easy|hard
test,0,9,202,32,0.5307666519947816,107.60974944298505,1328.517954639974,0.00035072030732408166,1.0,1.0,1.0,1.0,2.7632126508531003e-06,0.875,0.0,2.0,easy|hard|medium
test,0,9,203,32,0.5318757659988478,108.14221774900216,1329.0504229939834,0.00036191658000461757,1.0,1.0,1.0,1.0,2.7548897211818567e-06,1.0625,0.0,2.0,medium|hard|easy
test,0,9,204,32,0.5319727360038087,108.6746385479928,1329.5828437429736,0.0003570261469576508,1.0,1.0,1.0,1.0,2.746566791510612e-06,1.0,0.0,2.0,hard|medium|easy
test,0,9,205,32,0.5311749230022542,109.20639001499512,1330.1145952139923,0.00040277838706970215,1.0,1.0,1.0,1.0,2.7382438618393674e-06,1.09375,0.0,2.0,easy|hard|medium
test,0,9,206,32,0.5328518790192902,109.7398320719949,1330.6480372649967,0.17424926161766052,0.9705882352941176,0.96875,0.96875,0.9687194525904204,2.7299209321681238e-06,1.09375,0.0,2.0,hard|medium|easy
test,0,9,207,32,0.5317785890074447,110.27218784898287,1331.180393031973,0.00042010447941720486,1.0,1.0,1.0,1.0,2.721598002496879e-06,1.1875,0.0,2.0,medium|hard|easy
test,0,9,208,32,0.5311720079916995,110.80377246497665,1331.711977681989,0.0232723169028759,0.9772727272727273,0.96875,0.9545454545454546,0.964562569213732,2.7132750728256345e-06,0.9375,0.0,2.0,easy|hard|medium
test,0,9,209,32,0.5328763340075966,111.33721481097746,1332.245420013991,0.00044016973697580397,1.0,1.0,1.0,1.0,2.704952143154391e-06,1.0625,0.0,2.0,medium|easy|hard
test,0,9,210,32,0.5315820449905004,111.86933536597644,1332.77754056899,0.022084884345531464,1.0,1.0,1.0,1.0,2.696629213483146e-06,1.1875,0.0,2.0,easy|hard|medium
test,0,9,211,32,0.5305339250189718,112.40045557398116,1333.3086608069716,0.0003803092986345291,1.0,1.0,1.0,1.0,2.6883062838119024e-06,0.96875,0.0,2.0,medium|easy|hard
test,0,9,212,32,0.5325029199884739,112.93346395899425,1333.8416692409955,0.001970625715330243,1.0,1.0,1.0,1.0,2.679983354140658e-06,1.0625,0.0,2.0,hard|medium|easy
test,0,9,213,32,0.5318128039943986,113.46584770598565,1334.374052915984,0.0004331071977503598,1.0,1.0,1.0,1.0,2.671660424469413e-06,1.09375,0.0,2.0,easy|medium|hard
test,0,9,214,32,0.5310049960098695,113.9973954219895,1334.9056006359751,0.006100920028984547,1.0,1.0,1.0,1.0,2.6633374947981696e-06,0.84375,0.0,2.0,hard|medium|easy
test,0,9,215,32,0.5328498160233721,114.53072525098105,1335.4389304329816,0.0010491847060620785,1.0,1.0,1.0,1.0,2.6550145651269247e-06,1.09375,0.0,2.0,medium|hard|easy
test,0,9,216,32,0.5312471469806042,115.06249333499,1335.9706985429802,0.2413705438375473,0.9411764705882353,0.9375,0.9411764705882353,0.9375,2.6466916354556803e-06,0.8125,0.0,2.0,hard|easy|medium
test,0,9,217,32,0.5315956650010776,115.59460541198496,1336.502810932987,0.06556027382612228,0.96875,0.96875,0.9705882352941176,0.9687194525904204,2.6383687057844367e-06,1.0625,0.0,2.0,medium|easy|hard
test,0,9,218,32,0.5324090739886742,116.1275986879773,1337.035803901992,0.0014567236648872495,1.0,1.0,1.0,1.0,2.630045776113192e-06,0.9375,0.0,2.0,easy|medium|hard
test,0,9,219,32,0.5318087119958363,116.6600130739971,1337.5682182869932,0.0004278664127923548,1.0,1.0,1.0,1.0,2.6217228464419474e-06,1.0,0.0,2.0,medium|easy|hard
test,0,9,220,32,0.5310155850020237,117.19158524897648,1338.099790444976,0.0005592021625488997,1.0,1.0,1.0,1.0,2.613399916770704e-06,1.0,0.0,2.0,medium|hard|easy
test,0,9,221,32,0.5320907460118178,117.72425240898156,1338.6324576019833,0.0004808365774806589,1.0,1.0,1.0,1.0,2.605076987099459e-06,0.75,0.0,2.0,medium|easy|hard
test,0,9,222,32,0.532700094016036,118.25750946300104,1339.1657147959922,0.0007917823968455195,1.0,1.0,1.0,1.0,2.5967540574282153e-06,1.125,0.0,2.0,easy|hard|medium
test,0,9,223,32,0.5313626709976234,118.78941662897705,1339.6976218349882,0.0006338275270536542,1.0,1.0,1.0,1.0,2.5884311277569705e-06,0.96875,0.0,2.0,medium|hard|easy
test,0,9,224,32,0.5319142720254604,119.3217565639934,1340.2299617709941,0.2226858139038086,0.9722222222222222,0.96875,0.9666666666666667,0.9684729064039409,2.580108198085726e-06,0.9375,0.0,2.0,medium|easy|hard
test,0,9,225,32,0.5324863429996185,119.85469483799534,1340.7629000389716,0.0007568692089989781,1.0,1.0,1.0,1.0,2.5717852684144825e-06,0.90625,0.0,2.0,medium|hard|easy
test,0,9,226,32,0.5313294349762145,120.38648431998445,1341.2946895349887,0.003668729681521654,1.0,1.0,1.0,1.0,2.5634623387432376e-06,0.875,0.0,2.0,easy|medium|hard
test,0,9,227,32,0.5301020500191953,120.91713571699802,1341.8253409219906,0.0007675003143958747,1.0,1.0,1.0,1.0,2.555139409071993e-06,1.03125,0.0,2.0,easy|medium|hard
test,0,9,228,32,0.5321709550044034,121.44980593799846,1342.3580113319913,0.0008945494191721082,1.0,1.0,1.0,1.0,2.5468164794007496e-06,0.78125,0.0,2.0,medium|easy|hard
test,0,9,229,32,0.5312109170190524,121.98155103999306,1342.8897562429775,0.000674116367008537,1.0,1.0,1.0,1.0,2.5384935497295047e-06,1.0625,0.0,2.0,hard|medium|easy
test,0,9,230,32,0.5315396769728977,122.51359676098218,1343.4218019830005,0.0005330439889803529,1.0,1.0,1.0,1.0,2.530170620058261e-06,1.1875,0.0,2.0,medium|hard|easy
test,0,9,231,32,0.531768975983141,123.04596321098506,1343.9541684229916,0.08823821693658829,0.9722222222222222,0.96875,0.9666666666666667,0.9684729064039409,2.5218476903870167e-06,1.09375,0.0,2.0,medium|hard|easy
test,0,9,232,32,0.5309924420143943,123.57744269497925,1344.4856479069858,0.00046938477316871285,1.0,1.0,1.0,1.0,2.513524760715772e-06,0.875,0.0,2.0,easy|medium|hard
test,0,9,233,32,0.53077559301164,124.10866198097938,1345.0168672169966,0.000957741285674274,1.0,1.0,1.0,1.0,2.5052018310445282e-06,0.8125,0.0,2.0,easy|medium|hard
test,0,9,234,32,0.5320836269820575,124.64126207100344,1345.5494673119974,0.0009540932951495051,1.0,1.0,1.0,1.0,2.4968789013732834e-06,1.15625,0.0,2.0,easy|hard|medium
test,0,9,235,32,0.5317939079832286,125.17356026399648,1346.0817654569983,0.0007446679519489408,1.0,1.0,1.0,1.0,2.4885559717020394e-06,0.875,0.0,2.0,hard|medium|easy
test,0,9,236,32,0.5309330040181521,125.70504596599494,1346.6132511779724,0.0004822091432288289,1.0,1.0,1.0,1.0,2.4802330420307954e-06,1.1875,0.0,2.0,hard|easy|medium
test,0,9,237,32,0.5317575299995951,126.23732101198402,1347.1455262119998,0.017214355990290642,1.0,1.0,1.0,1.0,2.4719101123595505e-06,1.03125,0.0,2.0,hard|easy|medium
test,0,9,238,32,0.5321083539747633,126.76995946699753,1347.6781648529868,0.0005271803820505738,1.0,1.0,1.0,1.0,2.4635871826883065e-06,1.09375,0.0,2.0,medium|hard|easy
test,0,9,239,32,0.5308475350029767,127.30132505297661,1348.209530350985,0.000805308111011982,1.0,1.0,1.0,1.0,2.4552642530170625e-06,1.125,0.0,2.0,hard|easy|medium
test,0,9,240,32,0.5322666559950449,127.83411783498013,1348.7423230389832,0.0007106519769877195,1.0,1.0,1.0,1.0,2.4469413233458176e-06,1.125,0.0,2.0,hard|easy|medium
test,0,9,241,32,0.5321548339852598,128.36678664697683,1349.2749918629997,0.00140125653706491,1.0,1.0,1.0,1.0,2.4386183936745736e-06,1.15625,0.0,2.0,easy|hard|medium
test,0,9,242,32,0.5307087240216788,128.8979655119765,1349.8061707069864,0.0009616546449251473,1.0,1.0,1.0,1.0,2.4302954640033296e-06,1.0625,0.0,2.0,easy|medium|hard
test,0,9,243,32,0.532615589996567,129.43106955999974,1350.3392747509934,0.0005594047252088785,1.0,1.0,1.0,1.0,2.421972534332085e-06,1.0,0.0,2.0,medium|hard|easy
test,0,9,244,32,0.5314621330180671,129.96301618599682,1350.8712213949766,0.1113068163394928,0.9705882352941176,0.96875,0.96875,0.9687194525904204,2.4136496046608407e-06,1.09375,0.0,2.0,hard|easy|medium
test,0,9,245,32,0.5301828689989634,130.4937390690029,1351.401944290992,0.01922762021422386,1.0,1.0,1.0,1.0,2.4053266749895963e-06,0.875,0.0,2.0,easy|medium|hard
test,0,9,246,32,0.5324962110025808,131.02679014200112,1351.9349953519995,0.0004828415403608233,1.0,1.0,1.0,1.0,2.3970037453183523e-06,1.0,0.0,2.0,hard|easy|medium
test,0,9,247,32,0.5321509790082928,131.55940997597645,1352.467615210975,0.0010761097073554993,1.0,1.0,1.0,1.0,2.3886808156471083e-06,1.09375,0.0,2.0,medium|hard|easy
test,0,9,248,32,0.5312117499997839,132.091154462978,1352.9993596819986,0.0005901140975765884,1.0,1.0,1.0,1.0,2.3803578859758634e-06,0.875,0.0,2.0,easy|medium|hard
test,0,9,249,32,0.5327476790116634,132.6243187240034,1353.5325239159865,0.0030220961198210716,1.0,1.0,1.0,1.0,2.3720349563046194e-06,1.0625,0.0,2.0,hard|easy|medium
test,0,9,250,32,0.5310002600017469,133.15589389399975,1354.0640993889829,0.0005652292165905237,1.0,1.0,1.0,1.0,2.3637120266333754e-06,0.96875,0.0,2.0,easy|medium|hard
test,0,9,251,32,0.5314390110142995,133.68786579399602,1354.5960710149957,0.00047830998664721847,1.0,1.0,1.0,1.0,2.355389096962131e-06,1.03125,0.0,2.0,easy|medium|hard
test,0,9,252,32,0.5324588460207451,134.22089391597547,1355.129099118989,0.0005783845554105937,1.0,1.0,1.0,1.0,2.3470661672908865e-06,1.1875,0.0,2.0,easy|medium|hard
test,0,9,253,32,0.531558316986775,134.75293833899195,1355.6611435489904,0.00042641768231987953,1.0,1.0,1.0,1.0,2.3387432376196425e-06,0.84375,0.0,2.0,easy|hard|medium
test,0,9,254,32,0.5314404949895106,135.2849350909819,1356.1931403139897,0.00045310507994145155,1.0,1.0,1.0,1.0,2.330420307948398e-06,1.125,0.0,2.0,easy|medium|hard
test,0,9,255,32,0.5323442039953079,135.81782180297887,1356.7260270439729,0.0010671218624338508,1.0,1.0,1.0,1.0,2.322097378277154e-06,0.96875,0.0,2.0,hard|easy|medium
test,0,9,256,32,0.5324984260078054,136.35083497699816,1357.259040178993,0.0004688818589784205,1.0,1.0,1.0,1.0,2.313774448605909e-06,0.96875,0.0,2.0,medium|easy|hard
test,0,9,257,32,0.5313045019865967,136.8826087259804,1357.7908139359788,0.0003822654252871871,1.0,1.0,1.0,1.0,2.305451518934665e-06,0.78125,0.0,2.0,hard|medium|easy
test,0,9,258,32,0.5315643780049868,137.41474151497823,1358.3229467269848,0.0025057755410671234,1.0,1.0,1.0,1.0,2.297128589263421e-06,1.09375,0.0,2.0,easy|hard|medium
test,0,9,259,32,0.5324915669916663,137.9477409889805,1358.8559461949917,0.00037382025038823485,1.0,1.0,1.0,1.0,2.2888056595921767e-06,1.0625,0.0,2.0,easy|medium|hard
test,0,9,260,32,0.5312796399812214,138.47957790998043,1359.387783121987,0.0006289964658208191,1.0,1.0,1.0,1.0,2.2804827299209323e-06,1.0625,0.0,2.0,medium|hard|easy
test,0,9,261,32,0.5305720739997923,139.01070225899457,1359.9189074769965,0.00047140373499132693,1.0,1.0,1.0,1.0,2.2721598002496883e-06,0.96875,0.0,2.0,hard|medium|easy
test,0,9,262,32,0.5327332250017207,139.54401109498576,1360.4522166829847,0.00037384306779131293,1.0,1.0,1.0,1.0,2.263836870578444e-06,0.90625,0.0,2.0,easy|hard|medium
test,0,9,263,32,0.5316318630066235,140.07658907197765,1360.9847942859924,0.0004796806024387479,1.0,1.0,1.0,1.0,2.2555139409071994e-06,0.84375,0.0,2.0,easy|medium|hard
test,0,9,264,32,0.5307189440063667,140.60775079298764,1361.5159560439934,0.0005056724767200649,1.0,1.0,1.0,1.0,2.2471910112359554e-06,0.96875,0.0,2.0,easy|medium|hard
test,0,9,265,32,0.5319041459879372,141.14014895597938,1362.0483541789872,0.0004626358859241009,1.0,1.0,1.0,1.0,2.238868081564711e-06,1.03125,0.0,2.0,medium|hard|easy
test,0,9,266,32,0.5308307250088546,141.67141310998704,1362.5796183849743,0.00036328815622255206,1.0,1.0,1.0,1.0,2.230545151893467e-06,1.15625,0.0,2.0,hard|easy|medium
test,0,9,267,17,0.3192826029844582,141.99111467498005,1362.8993198919925,0.0004002988862339407,1.0,1.0,1.0,1.0,2.222222222222222e-06,0.8235294222831726,0.0,2.0,hard|easy|medium
test,0,10,1,32,0.5346716060012113,0.6190645720052999,1374.045069388987,0.00034005072666332126,1.0,1.0,1.0,1.0,2.213899292550978e-06,1.09375,0.0,2.0,easy|medium|hard
test,0,10,2,32,0.5312316520139575,1.1510002290015109,1374.5770017339964,0.0003451421216595918,1.0,1.0,1.0,1.0,2.205576362879734e-06,0.96875,0.0,2.0,medium|hard|easy
test,0,10,3,32,0.5314418179914355,1.683025334001286,1375.10902655698,0.0004398205492179841,1.0,1.0,1.0,1.0,2.1972534332084896e-06,0.9375,0.0,2.0,easy|medium|hard
test,0,10,4,32,0.5319628799916245,2.215494381991448,1375.6414956099761,0.0035934271290898323,1.0,1.0,1.0,1.0,2.188930503537245e-06,0.78125,0.0,2.0,easy|hard|medium
test,0,10,5,32,0.5313530190032907,2.7474723129998893,1376.1734735409846,0.00029635001556016505,1.0,1.0,1.0,1.0,2.180607573866001e-06,0.90625,0.0,2.0,medium|hard|easy
test,0,10,6,32,0.5317236910050269,3.279805402009515,1376.7058066449827,0.0007682708092033863,1.0,1.0,1.0,1.0,2.1722846441947567e-06,1.125,0.0,2.0,medium|hard|easy
test,0,10,7,32,0.5319659000087995,3.8123253030062187,1377.2383265369863,0.18614479899406433,0.9705882352941176,0.96875,0.96875,0.9687194525904204,2.1639617145235127e-06,1.03125,0.0,2.0,easy|medium|hard
test,0,10,8,32,0.5320942340185866,4.344905859994469,1377.770907083992,0.0004166359722148627,1.0,1.0,1.0,1.0,2.1556387848522683e-06,1.125,0.0,2.0,hard|medium|easy
test,0,10,9,32,0.5308521779952571,4.876343815994915,1378.3023450399924,0.19681134819984436,0.9722222222222222,0.96875,0.9666666666666667,0.9684729064039409,2.147315855181024e-06,1.15625,0.0,2.0,medium|hard|easy
test,0,10,10,32,0.5322958120086696,5.409145151003031,1378.8351464009902,0.000666461419314146,1.0,1.0,1.0,1.0,2.13899292550978e-06,1.0625,0.0,2.0,medium|easy|hard
test,0,10,11,32,0.5318397160153836,5.941597973986063,1379.3675992069766,0.00045262626372277737,1.0,1.0,1.0,1.0,2.1306699958385354e-06,1.125,0.0,2.0,medium|hard|easy
test,0,10,12,32,0.5308159799897112,6.472977253986755,1379.8989784789737,0.0004196180962026119,1.0,1.0,1.0,1.0,2.122347066167291e-06,1.03125,0.0,2.0,medium|easy|hard
test,0,10,13,32,0.5326976709766313,7.006137630989542,1380.432138876,0.00028818746795877814,1.0,1.0,1.0,1.0,2.114024136496047e-06,0.75,0.0,2.0,hard|easy|medium
test,0,10,14,32,0.5317834330198821,7.538451767002698,1380.9644529839861,0.21741825342178345,0.975,0.96875,0.9615384615384616,0.9671794871794872,2.1057012068248025e-06,1.0625,0.0,2.0,easy|hard|medium
test,0,10,15,32,0.53037878399482,8.06932697398588,1381.4953282179777,0.00038885936373844743,1.0,1.0,1.0,1.0,2.0973782771535585e-06,0.71875,0.0,2.0,medium|easy|hard
test,0,10,16,32,0.532479849003721,8.602287896006601,1382.0282891229726,0.00048334005987271667,1.0,1.0,1.0,1.0,2.089055347482314e-06,0.875,0.0,2.0,hard|medium|easy
test,0,10,17,32,0.5314856600016356,9.134335548995296,1382.56033677698,0.0003868945932481438,1.0,1.0,1.0,1.0,2.0807324178110696e-06,0.96875,0.0,2.0,hard|medium|easy
test,0,10,18,32,0.5308284669881687,9.665668180998182,1383.0916694089829,0.19293257594108582,0.9583333333333333,0.96875,0.9761904761904762,0.9660657476139979,2.0724094881398256e-06,0.96875,0.0,2.0,easy|hard|medium
test,0,10,19,32,0.5323622009891551,10.198541335004847,1383.6245425539964,0.00036767119308933616,1.0,1.0,1.0,1.0,2.064086558468581e-06,0.71875,0.0,2.0,medium|easy|hard
test,0,10,20,32,0.5320903880055994,10.731168742000591,1384.1571699539782,0.00034406344639137387,1.0,1.0,1.0,1.0,2.0557636287973367e-06,0.96875,0.0,2.0,hard|easy|medium
test,0,10,21,32,0.53114926602575,11.26286380799138,1384.6888650299807,0.0002623688196763396,1.0,1.0,1.0,1.0,2.0474406991260927e-06,1.0,0.0,2.0,easy|medium|hard
test,0,10,22,32,0.5324317839986179,11.795839508005884,1385.2218407589826,0.00032330030808225274,1.0,1.0,1.0,1.0,2.0391177694548483e-06,1.0625,0.0,2.0,easy|medium|hard
test,0,10,23,32,0.531292809988372,12.327680304995738,1385.7536815599888,0.00031412343378178775,1.0,1.0,1.0,1.0,2.030794839783604e-06,0.9375,0.0,2.0,medium|hard|easy
test,0,10,24,32,0.5311483060067985,12.85936941500404,1386.2853706249734,0.0004237111425027251,1.0,1.0,1.0,1.0,2.02247191011236e-06,1.125,0.0,2.0,easy|medium|hard
test,0,10,25,32,0.5319741060084198,13.391783801984275,1386.817785057996,0.00034203019458800554,1.0,1.0,1.0,1.0,2.0141489804411154e-06,1.1875,0.0,2.0,hard|medium|easy
test,0,10,26,32,0.5319097540050279,13.92421211799956,1387.3502133729926,0.0002991292276419699,1.0,1.0,1.0,1.0,2.0058260507698714e-06,1.0625,0.0,2.0,easy|medium|hard
test,0,10,27,32,0.5313410490052775,14.456114775995957,1387.8821159949875,0.0005418923683464527,1.0,1.0,1.0,1.0,1.997503121098627e-06,0.875,0.0,2.0,medium|easy|hard
test,0,10,28,32,0.5318145979836117,14.988465517002624,1388.4144667299988,0.0005646825884468853,1.0,1.0,1.0,1.0,1.9891801914273825e-06,0.6875,0.0,2.0,easy|medium|hard
test,0,10,29,32,0.5322578649793286,15.52120173998992,1388.947202948999,0.36686673760414124,0.9272727272727272,0.9375,0.9272727272727272,0.9272727272727272,1.9808572617561385e-06,1.0625,0.0,2.0,easy|medium|hard
test,0,10,30,32,0.5311223839817103,16.052867621998303,1389.4788688459957,0.11794578284025192,0.9705882352941176,0.96875,0.96875,0.9687194525904204,1.972534332084894e-06,0.875,0.0,2.0,easy|medium|hard
test,0,10,31,32,0.5306758200167678,16.584021880000364,1390.0100230999815,0.0004115923657082021,1.0,1.0,1.0,1.0,1.9642114024136496e-06,1.03125,0.0,2.0,medium|easy|hard
test,0,10,32,32,0.5322955320007168,17.116835711989552,1390.54283724798,0.07607077062129974,0.96875,0.96875,0.9705882352941176,0.9687194525904204,1.9558884727424056e-06,0.90625,0.0,2.0,medium|hard|easy
test,0,10,33,32,0.5313665089779533,17.6487641200074,1391.0747655899904,0.0003404775634407997,1.0,1.0,1.0,1.0,1.947565543071161e-06,1.21875,0.0,2.0,hard|medium|easy
test,0,10,34,32,0.5308155349921435,18.18011111600208,1391.6061123439868,0.00044671911746263504,1.0,1.0,1.0,1.0,1.939242613399917e-06,0.78125,0.0,2.0,medium|easy|hard
test,0,10,35,32,0.5315810420142952,18.71220226099831,1392.1382034919807,0.0003629084676504135,1.0,1.0,1.0,1.0,1.9309196837286727e-06,1.0625,0.0,2.0,easy|medium|hard
test,0,10,36,32,0.5313309629855212,19.244114175002323,1392.6701153949834,0.0005397521890699863,1.0,1.0,1.0,1.0,1.9225967540574283e-06,0.96875,0.0,2.0,medium|easy|hard
test,0,10,37,32,0.5309333740151487,19.775609283009544,1393.2016105049988,0.0004074757162015885,1.0,1.0,1.0,1.0,1.9142738243861843e-06,1.28125,0.0,2.0,hard|medium|easy
test,0,10,38,32,0.5317070659948513,20.307878286985215,1393.733879528998,0.007432255893945694,1.0,1.0,1.0,1.0,1.9059508947149399e-06,1.0,0.0,2.0,hard|easy|medium
test,0,10,39,32,0.5315506450133398,20.83987525399425,1394.2658764879743,0.00043182651279494166,1.0,1.0,1.0,1.0,1.8976279650436954e-06,1.09375,0.0,2.0,medium|easy|hard
test,0,10,40,32,0.531007765996037,21.37137960799737,1394.7973808179959,0.011230207979679108,1.0,1.0,1.0,1.0,1.8893050353724512e-06,1.03125,0.0,2.0,hard|medium|easy
test,0,10,41,32,0.5319942549976986,21.90389430898358,1395.3298955339997,0.0019908216781914234,1.0,1.0,1.0,1.0,1.880982105701207e-06,0.78125,0.0,2.0,medium|easy|hard
test,0,10,42,32,0.5313752410002053,22.435754535981687,1395.8617557669932,0.00029958513914607465,1.0,1.0,1.0,1.0,1.8726591760299627e-06,1.40625,0.0,2.0,hard|medium|easy
test,0,10,43,32,0.5309143650229089,22.967206147994148,1396.3932073649776,0.0004388269444461912,1.0,1.0,1.0,1.0,1.8643362463587183e-06,0.84375,0.0,2.0,hard|easy|medium
test,0,10,44,32,0.532505848997971,23.50022787900525,1396.926229101984,0.1757180392742157,0.9583333333333333,0.96875,0.9761904761904762,0.9660657476139979,1.856013316687474e-06,0.96875,0.0,2.0,medium|hard|easy
test,0,10,45,32,0.5318894029769581,24.03264306098572,1397.4586442929867,0.0005250208196230233,1.0,1.0,1.0,1.0,1.8476903870162299e-06,1.0625,0.0,2.0,medium|hard|easy
test,0,10,46,32,0.5309859429835342,24.564214280981105,1397.990215496975,0.0005014028865844011,1.0,1.0,1.0,1.0,1.8393674573449854e-06,1.375,0.0,2.0,medium|easy|hard
test,0,10,47,32,0.5317538939998485,25.09651152600418,1398.5225127499725,0.0007072676089592278,1.0,1.0,1.0,1.0,1.8310445276737412e-06,0.75,0.0,2.0,easy|medium|hard
test,0,10,48,32,0.5319281990232412,25.62895797699457,1399.0549592039897,0.007496228441596031,1.0,1.0,1.0,1.0,1.822721598002497e-06,1.15625,0.0,2.0,medium|easy|hard
test,0,10,49,32,0.5307465780060738,26.160144558991306,1399.5861457839783,0.0005013563786633313,1.0,1.0,1.0,1.0,1.8143986683312528e-06,1.21875,0.0,2.0,hard|easy|medium
test,0,10,50,32,0.532628802000545,26.69327621499542,1400.1192774509836,0.0009285396663472056,1.0,1.0,1.0,1.0,1.8060757386600083e-06,1.09375,0.0,2.0,easy|hard|medium
test,0,10,51,32,0.5316744619922247,27.225497589999577,1400.6514988349809,0.000444029807113111,1.0,1.0,1.0,1.0,1.797752808988764e-06,1.09375,0.0,2.0,hard|medium|easy
test,0,10,52,32,0.5310993610182777,27.7571637200017,1401.1831650649838,0.0004843211208935827,1.0,1.0,1.0,1.0,1.7894298793175199e-06,1.0,0.0,2.0,hard|medium|easy
test,0,10,53,32,0.5320851810101885,28.28981584700523,1401.7158171109913,0.0004458526964299381,1.0,1.0,1.0,1.0,1.7811069496462756e-06,0.90625,0.0,2.0,medium|hard|easy
test,0,10,54,32,0.5315075219841674,28.82186125300359,1402.2478624849755,0.00048024850548245013,1.0,1.0,1.0,1.0,1.7727840199750312e-06,0.90625,0.0,2.0,easy|medium|hard
test,0,10,55,32,0.531326041003922,29.35374092098209,1402.7797421539726,0.0005173003883101046,1.0,1.0,1.0,1.0,1.764461090303787e-06,1.03125,0.0,2.0,medium|easy|hard
test,0,10,56,32,0.5316307859902736,29.885919449996436,1403.311920668988,0.0003597671166062355,1.0,1.0,1.0,1.0,1.7561381606325428e-06,0.84375,0.0,2.0,hard|easy|medium
test,0,10,57,32,0.5321642170019913,30.418565222993493,1403.8445664439932,0.0025996083859354258,1.0,1.0,1.0,1.0,1.7478152309612985e-06,1.0,0.0,2.0,hard|medium|easy
test,0,10,58,32,0.531305259995861,30.950476722005988,1404.3764779549965,0.000528311007656157,1.0,1.0,1.0,1.0,1.739492301290054e-06,0.90625,0.0,2.0,easy|hard|medium
test,0,10,59,32,0.531754617986735,31.482729070994537,1404.9087302909757,0.0005625855410471559,1.0,1.0,1.0,1.0,1.7311693716188099e-06,0.9375,0.0,2.0,easy|hard|medium
test,0,10,60,32,0.532201334979618,32.01547962098266,1405.4414808419824,0.0004875097656622529,1.0,1.0,1.0,1.0,1.7228464419475657e-06,0.96875,0.0,2.0,medium|hard|easy
test,0,10,61,32,0.5309863309958018,32.54703572700964,1405.9730369600002,0.000454435299616307,1.0,1.0,1.0,1.0,1.7145235122763214e-06,0.71875,0.0,2.0,medium|easy|hard
test,0,10,62,32,0.5306706079863943,33.07818110298831,1406.5041823369975,0.0005030144238844514,1.0,1.0,1.0,1.0,1.706200582605077e-06,1.125,0.0,2.0,easy|hard|medium
test,0,10,63,32,0.5319737370009534,33.610767592006596,1407.0367688080005,0.0005038171075284481,1.0,1.0,1.0,1.0,1.6978776529338328e-06,1.03125,0.0,2.0,hard|easy|medium
test,0,10,64,32,0.531367257994134,34.142666508007096,1407.5686677229824,0.0003726454742718488,1.0,1.0,1.0,1.0,1.6895547232625885e-06,0.96875,0.0,2.0,hard|medium|easy
test,0,10,65,32,0.5310732509824447,34.67433407498174,1408.100335287978,0.0003362515999469906,1.0,1.0,1.0,1.0,1.6812317935913443e-06,0.875,0.0,2.0,hard|easy|medium
test,0,10,66,32,0.5318392390036024,35.20671043000766,1408.632711667975,0.0004719044081866741,1.0,1.0,1.0,1.0,1.6729088639200999e-06,1.34375,0.0,2.0,hard|medium|easy
test,0,10,67,32,0.5310390010126866,35.73833136999747,1409.1643326219928,0.00042905815644189715,1.0,1.0,1.0,1.0,1.6645859342488557e-06,1.0,0.0,2.0,medium|easy|hard
test,0,10,68,32,0.5311889389995486,36.27004176599439,1409.6960430259933,0.00032996636582538486,1.0,1.0,1.0,1.0,1.6562630045776114e-06,0.96875,0.0,2.0,medium|easy|hard
test,0,10,69,32,0.5318377960065845,36.802433009987,1410.2284342409985,0.0005105170421302319,1.0,1.0,1.0,1.0,1.647940074906367e-06,1.125,0.0,2.0,medium|hard|easy
test,0,10,70,32,0.5318751810118556,37.33479629299836,1410.760797497991,0.1377406120300293,0.9615384615384616,0.96875,0.975,0.9671794871794872,1.6396171452351228e-06,1.0625,0.0,2.0,easy|hard|medium
test,0,10,71,32,0.5307240489928517,37.86613047498395,1411.292131683993,0.00041728565702214837,1.0,1.0,1.0,1.0,1.6312942155638785e-06,0.96875,0.0,2.0,medium|easy|hard
test,0,10,72,32,0.5317348759854212,38.39837652500137,1411.8243777519965,0.0003442383895162493,1.0,1.0,1.0,1.0,1.6229712858926343e-06,0.84375,0.0,2.0,easy|medium|hard
test,0,10,73,32,0.5316292009956669,38.93062028498389,1412.3566215669853,0.0006339665269479156,1.0,1.0,1.0,1.0,1.6146483562213899e-06,0.9375,0.0,2.0,easy|medium|hard
test,0,10,74,32,0.5309157849987969,39.46214143198449,1412.8881426459993,0.0003303464618511498,1.0,1.0,1.0,1.0,1.6063254265501457e-06,1.34375,0.0,2.0,medium|hard|easy
test,0,10,75,32,0.5324240490153898,39.99515811400488,1413.4211593459768,0.000323647225741297,1.0,1.0,1.0,1.0,1.5980024968789014e-06,0.9375,0.0,2.0,medium|hard|easy
test,0,10,76,32,0.5319246489962097,40.52759960698313,1413.953600836976,0.0003220082726329565,1.0,1.0,1.0,1.0,1.5896795672076572e-06,0.90625,0.0,2.0,easy|hard|medium
test,0,10,77,32,0.5314689849910792,41.059635357989464,1414.4856365869928,0.0003642365336418152,1.0,1.0,1.0,1.0,1.5813566375364128e-06,0.875,0.0,2.0,easy|medium|hard
test,0,10,78,32,0.5322828429925721,41.59247278099065,1415.0184740009718,0.00041704653995111585,1.0,1.0,1.0,1.0,1.5730337078651686e-06,0.84375,0.0,2.0,hard|easy|medium
test,0,10,79,32,0.5317979930259753,42.124867086007725,1415.5508683269727,0.0003152416611555964,1.0,1.0,1.0,1.0,1.5647107781939243e-06,1.15625,0.0,2.0,easy|medium|hard
test,0,10,80,32,0.5303087230131496,42.65568856798927,1416.0816897859913,0.043415941298007965,0.9722222222222222,0.96875,0.9666666666666667,0.9684729064039409,1.5563878485226801e-06,1.15625,0.0,2.0,hard|medium|easy
test,0,10,81,32,0.5326607159804553,43.188892685982864,1416.6148939209816,0.0002889902680180967,1.0,1.0,1.0,1.0,1.5480649188514357e-06,1.125,0.0,2.0,medium|easy|hard
test,0,10,82,32,0.5315654249861836,43.72097519499948,1417.1469764319772,0.012665375135838985,1.0,1.0,1.0,1.0,1.5397419891801914e-06,1.03125,0.0,2.0,hard|medium|easy
test,0,10,83,32,0.5310937050089706,44.25259703298798,1417.6785982709844,0.00026477425126358867,1.0,1.0,1.0,1.0,1.5314190595089472e-06,0.65625,0.0,2.0,easy|medium|hard
test,0,10,84,32,0.5329659830022138,44.786109695007326,1418.212110908993,0.0002636444987729192,1.0,1.0,1.0,1.0,1.5230961298377032e-06,1.0625,0.0,2.0,medium|hard|easy
test,0,10,85,32,0.5309963680047076,45.31759275900549,1418.7435939579736,0.0002746029058471322,1.0,1.0,1.0,1.0,1.5147732001664586e-06,1.03125,0.0,2.0,hard|easy|medium
test,0,10,86,32,0.5316597459896002,45.849755292001646,1419.2757565149805,0.00044327511568553746,1.0,1.0,1.0,1.0,1.5064502704952143e-06,0.75,0.0,2.0,hard|easy|medium
test,0,10,87,32,0.5317412029835396,46.38204579000012,1419.8080470919958,0.0003571409615688026,1.0,1.0,1.0,1.0,1.4981273408239701e-06,1.125,0.0,2.0,easy|hard|medium
test,0,10,88,32,0.5311543610005174,46.91377110898611,1420.3397723189846,0.0002823593677021563,1.0,1.0,1.0,1.0,1.489804411152726e-06,0.9375,0.0,2.0,medium|hard|easy
test,0,10,89,32,0.5312903270241804,47.44561014298233,1420.8716113719856,0.044426675885915756,0.9705882352941176,0.96875,0.96875,0.9687194525904204,1.4814814814814815e-06,1.125,0.0,2.0,medium|hard|easy
test,0,10,90,32,0.5317969030002132,47.97794481998426,1421.4039460399945,0.0003158107283525169,1.0,1.0,1.0,1.0,1.4731585518102372e-06,0.90625,0.0,2.0,easy|medium|hard
test,0,10,91,32,0.5319842030003201,48.51047373900656,1421.9364749669912,0.0002772273728623986,1.0,1.0,1.0,1.0,1.464835622138993e-06,1.0,0.0,2.0,medium|easy|hard
test,0,10,92,32,0.53092116600601,49.041961862007156,1422.4679630879837,0.00031067884992808104,1.0,1.0,1.0,1.0,1.456512692467749e-06,0.90625,0.0,2.0,easy|medium|hard
test,0,10,93,32,0.5303123060148209,49.572813082981156,1422.9988143069786,0.000252492114668712,1.0,1.0,1.0,1.0,1.4481897627965043e-06,0.90625,0.0,2.0,easy|hard|medium
test,0,10,94,32,0.5316103869990911,50.10490432300139,1423.530905832973,0.00031135184690356255,1.0,1.0,1.0,1.0,1.4398668331252601e-06,0.78125,0.0,2.0,hard|medium|easy
test,0,10,95,32,0.5314447699929588,50.63687111600302,1424.062872363982,0.00026180967688560486,1.0,1.0,1.0,1.0,1.4315439034540161e-06,0.78125,0.0,2.0,medium|easy|hard
test,0,10,96,32,0.531166540022241,51.16854553599842,1424.5945467529818,0.011333664879202843,1.0,1.0,1.0,1.0,1.4232209737827715e-06,1.15625,0.0,2.0,easy|hard|medium
test,0,10,97,32,0.5323210780043155,51.70143293100409,1425.1274344539852,0.00027691040304489434,1.0,1.0,1.0,1.0,1.4148980441115272e-06,1.3125,0.0,2.0,medium|hard|easy
test,0,10,98,32,0.5312175379949622,52.23317299198243,1425.6591742209857,0.11074820905923843,0.9666666666666667,0.96875,0.9722222222222222,0.9684729064039409,1.406575114440283e-06,1.15625,0.0,2.0,hard|medium|easy
test,0,10,99,32,0.530553360003978,52.764291411003796,1426.1902926419862,0.0001997169601963833,1.0,1.0,1.0,1.0,1.398252184769039e-06,1.0625,0.0,2.0,medium|easy|hard
test,0,10,100,32,0.5314252320094965,53.29622745598317,1426.7222286709875,0.00029903993709012866,1.0,1.0,1.0,1.0,1.3899292550977944e-06,1.1875,0.0,2.0,medium|hard|easy
test,0,10,101,32,0.5316298560064752,53.82843847098411,1427.254439700977,0.0003018138522747904,1.0,1.0,1.0,1.0,1.3816063254265501e-06,1.25,0.0,2.0,easy|medium|hard
test,0,10,102,32,0.5307030449912418,54.359709582000505,1427.7857108039898,0.10433463752269745,0.975,0.96875,0.9615384615384616,0.9671794871794872,1.373283395755306e-06,1.0625,0.0,2.0,hard|easy|medium
test,0,10,103,32,0.5314332139969338,54.89167600899236,1428.3176772619772,0.0002953846415039152,1.0,1.0,1.0,1.0,1.3649604660840619e-06,1.1875,0.0,2.0,hard|easy|medium
test,0,10,104,32,0.5313695080112666,55.42356768299942,1428.8495689129923,0.00032985853613354266,1.0,1.0,1.0,1.0,1.3566375364128172e-06,0.78125,0.0,2.0,hard|easy|medium
test,0,10,105,32,0.5303506319760345,55.95447741798125,1429.3804786399996,0.0002708081156015396,1.0,1.0,1.0,1.0,1.348314606741573e-06,1.0625,0.0,2.0,easy|hard|medium
test,0,10,106,32,0.5322858370200265,56.487316754006315,1429.9133179739874,0.00040016649290919304,1.0,1.0,1.0,1.0,1.339991677070329e-06,0.875,0.0,2.0,medium|easy|hard
test,0,10,107,32,0.5317224129976239,57.01948837999953,1430.4454895939853,0.009142255410552025,1.0,1.0,1.0,1.0,1.3316687473990848e-06,1.03125,0.0,2.0,hard|easy|medium
test,0,10,108,32,0.5305365769891068,57.550513299996965,1430.9765145299898,0.030089186504483223,0.975,0.96875,0.9615384615384616,0.9671794871794872,1.3233458177278401e-06,1.125,0.0,2.0,easy|hard|medium
test,0,10,109,32,0.5328340599953663,58.08388367900625,1431.5098848969792,0.06257147341966629,0.9736842105263157,0.96875,0.9642857142857143,0.967967967967968,1.315022888056596e-06,0.875,0.0,2.0,easy|medium|hard
test,0,10,110,32,0.53188215001137,58.61631427198881,1432.0423155099852,0.00033821677789092064,1.0,1.0,1.0,1.0,1.306699958385352e-06,1.15625,0.0,2.0,medium|hard|easy
test,0,10,111,32,0.5311677690187935,59.14798116500606,1432.5739826879872,0.0003611805150285363,1.0,1.0,1.0,1.0,1.2983770287141077e-06,0.90625,0.0,2.0,easy|medium|hard
test,0,10,112,32,0.5322088439716026,59.68073948699748,1433.106740710995,0.0006238878704607487,1.0,1.0,1.0,1.0,1.290054099042863e-06,1.3125,0.0,2.0,easy|medium|hard
test,0,10,113,32,0.531211342982715,60.21245875200839,1433.6384599629964,0.00021329430455807596,1.0,1.0,1.0,1.0,1.2817311693716188e-06,1.03125,0.0,2.0,easy|hard|medium
test,0,10,114,32,0.5311204100144096,60.74415985698579,1434.170161078975,0.0003772969648707658,1.0,1.0,1.0,1.0,1.2734082397003748e-06,0.8125,0.0,2.0,easy|medium|hard
test,0,10,115,32,0.5337538520107046,61.278339965007035,1434.7043412529747,0.0005525609012693167,1.0,1.0,1.0,1.0,1.2650853100291306e-06,0.8125,0.0,2.0,easy|hard|medium
test,0,10,116,32,0.5321759869984817,61.811338665982476,1435.2373401989753,0.0004154980124440044,1.0,1.0,1.0,1.0,1.256762380357886e-06,0.78125,0.0,2.0,easy|medium|hard
test,0,10,117,32,0.5308178980194498,62.342650004982715,1435.7686512509827,0.0003041332238353789,1.0,1.0,1.0,1.0,1.2484394506866417e-06,1.09375,0.0,2.0,easy|medium|hard
test,0,10,118,32,0.5318984619807452,62.875046436995035,1436.3010476889904,0.0006215022876858711,1.0,1.0,1.0,1.0,1.2401165210153977e-06,1.0625,0.0,2.0,medium|hard|easy
test,0,10,119,32,0.5321846079896204,63.40772741599358,1436.8337286579772,0.18069203197956085,0.9642857142857143,0.96875,0.9736842105263157,0.967967967967968,1.2317935913441532e-06,0.9375,0.0,2.0,easy|hard|medium
test,0,10,120,32,0.5311888010182884,63.93949258798966,1437.3654938179825,0.00035021358053199947,1.0,1.0,1.0,1.0,1.2234706616729088e-06,1.125,0.0,2.0,hard|medium|easy
test,0,10,121,32,0.5313495309965219,64.47140060499078,1437.8974018379813,0.00021527690114453435,1.0,1.0,1.0,1.0,1.2151477320016648e-06,0.84375,0.0,2.0,easy|hard|medium
test,0,10,122,32,0.5330291530117393,65.004917526996,1438.4309187349863,0.00026094657368957996,1.0,1.0,1.0,1.0,1.2068248023304204e-06,0.96875,0.0,2.0,hard|medium|easy
test,0,10,123,32,0.5310211880132556,65.53636030800408,1438.9623615319724,0.000244710361585021,1.0,1.0,1.0,1.0,1.1985018726591761e-06,1.0,0.0,2.0,medium|hard|easy
test,0,10,124,32,0.5309967520006467,66.0679117719992,1439.493913015991,0.00023114358191378415,1.0,1.0,1.0,1.0,1.1901789429879317e-06,0.90625,0.0,2.0,easy|hard|medium
test,0,10,125,32,0.5314513809862547,66.599874653999,1440.0258759469725,0.0003643773088697344,1.0,1.0,1.0,1.0,1.1818560133166877e-06,1.0,0.0,2.0,medium|easy|hard
test,0,10,126,32,0.5313459419994615,67.13171692498145,1440.5577184869908,0.00028757471591234207,1.0,1.0,1.0,1.0,1.1735330836454432e-06,1.0625,0.0,2.0,hard|medium|easy
test,0,10,127,32,0.530758930981392,67.66291949199513,1441.088920714974,0.00026693716063164175,1.0,1.0,1.0,1.0,1.165210153974199e-06,1.21875,0.0,2.0,medium|hard|easy
test,0,10,128,32,0.5319220770034008,68.19537314699846,1441.6213743669796,0.00030714573222212493,1.0,1.0,1.0,1.0,1.1568872243029546e-06,0.6875,0.0,2.0,medium|hard|easy
test,0,10,129,32,0.5312785240239464,68.72727232798934,1442.1532735549845,0.00022703467402607203,1.0,1.0,1.0,1.0,1.1485642946317106e-06,1.21875,0.0,2.0,medium|easy|hard
test,0,10,130,32,0.5306454120145645,69.25843900500331,1442.6844402389834,0.0002890780451707542,1.0,1.0,1.0,1.0,1.1402413649604661e-06,0.96875,0.0,2.0,easy|medium|hard
test,0,10,131,32,0.532444915996166,69.79147071400075,1443.2174719479808,0.0005578547716140747,1.0,1.0,1.0,1.0,1.131918435289222e-06,1.1875,0.0,2.0,easy|medium|hard
test,0,10,132,32,0.5315324359980877,70.32343917500111,1443.7494404269964,0.0003489044029265642,1.0,1.0,1.0,1.0,1.1235955056179777e-06,1.21875,0.0,2.0,medium|hard|easy
test,0,10,133,32,0.5304899770126212,70.85454785398906,1444.2805490749888,0.00028562042280100286,1.0,1.0,1.0,1.0,1.1152725759467335e-06,0.84375,0.0,2.0,easy|medium|hard
test,0,10,134,32,0.5321725319954567,71.38727127099992,1444.81327250498,0.00043190293945372105,1.0,1.0,1.0,1.0,1.106949646275489e-06,1.03125,0.0,2.0,medium|easy|hard
test,0,10,135,32,0.5317086770082824,71.91948844899889,1445.3454899389762,0.00039052381180226803,1.0,1.0,1.0,1.0,1.0986267166042448e-06,1.03125,0.0,2.0,easy|medium|hard
test,0,10,136,32,0.5308586379978806,72.45087716399576,1445.876878679992,0.00021912064403295517,1.0,1.0,1.0,1.0,1.0903037869330006e-06,1.15625,0.0,2.0,medium|hard|easy
test,0,10,137,32,0.5327568410139065,72.98417565700947,1446.4101769119734,0.0005909691681154072,1.0,1.0,1.0,1.0,1.0819808572617564e-06,1.09375,0.0,2.0,easy|medium|hard
test,0,10,138,32,0.5319817599956878,73.51667508899118,1446.9426763109805,0.00047407872625626624,1.0,1.0,1.0,1.0,1.073657927590512e-06,0.96875,0.0,2.0,easy|hard|medium
test,0,10,139,32,0.5307102249935269,74.04795266198926,1447.4739538849972,0.0003088020021095872,1.0,1.0,1.0,1.0,1.0653349979192677e-06,0.96875,0.0,2.0,medium|easy|hard
test,0,10,140,32,0.5318367300205864,74.58032373499009,1448.0063249499945,0.00035608484176918864,1.0,1.0,1.0,1.0,1.0570120682480235e-06,0.875,0.0,2.0,hard|easy|medium
test,0,10,141,32,0.5314781240012962,75.1122717979888,1448.5382733359875,0.0002062952844426036,1.0,1.0,1.0,1.0,1.0486891385767792e-06,0.875,0.0,2.0,medium|easy|hard
test,0,10,142,32,0.5306699039938394,75.64343766798265,1449.0694388799893,0.0015665738610550761,1.0,1.0,1.0,1.0,1.0403662089055348e-06,0.96875,0.0,2.0,hard|easy|medium
test,0,10,143,32,0.53237953200005,76.17632680098177,1449.6023280169757,0.0003274904447607696,1.0,1.0,1.0,1.0,1.0320432792342906e-06,0.78125,0.0,2.0,easy|medium|hard
test,0,10,144,32,0.5312133299885318,76.70811674400466,1450.134118027985,0.0002711852721404284,1.0,1.0,1.0,1.0,1.0237203495630464e-06,0.78125,0.0,2.0,easy|medium|hard
test,0,10,145,32,0.5316599090001546,77.24021413800074,1450.6662153719808,0.00031763777951709926,1.0,1.0,1.0,1.0,1.015397419891802e-06,0.9375,0.0,2.0,medium|easy|hard
test,0,10,146,32,0.532197674998315,77.77295227299328,1451.198953516985,0.0003179553896188736,1.0,1.0,1.0,1.0,1.0070744902205577e-06,0.9375,0.0,2.0,hard|medium|easy
test,0,10,147,32,0.5321597589936573,78.30560702900402,1451.7316082589969,0.00025500686024315655,1.0,1.0,1.0,1.0,9.987515605493135e-07,1.1875,0.0,2.0,easy|medium|hard
test,0,10,148,32,0.5319159259961452,78.83801930799382,1452.2640205339994,0.11228583753108978,0.9761904761904762,0.96875,0.9583333333333333,0.9660657476139979,9.904286308780693e-07,0.9375,0.0,2.0,easy|medium|hard
test,0,10,149,32,0.5317385559901595,79.3702576259966,1452.7962591489777,0.00021516949345823377,1.0,1.0,1.0,1.0,9.821057012068248e-07,1.125,0.0,2.0,medium|hard|easy
test,0,10,150,32,0.5313294630032033,79.90212486099335,1453.3281260789954,0.06061466038227081,0.9772727272727273,0.96875,0.9545454545454546,0.964562569213732,9.737827715355806e-07,0.9375,0.0,2.0,medium|easy|hard
test,0,10,151,32,0.531588648998877,80.43426429800456,1453.86026553798,0.00021630016271956265,1.0,1.0,1.0,1.0,9.654598418643364e-07,1.03125,0.0,2.0,hard|medium|easy
test,0,10,152,32,0.5314241769956425,80.96629278699402,1454.3922940239718,0.00017668951477389783,1.0,1.0,1.0,1.0,9.571369121930921e-07,1.03125,0.0,2.0,easy|hard|medium
test,0,10,153,32,0.5327773570024874,81.49962362798396,1454.9256249439786,0.0005716802552342415,1.0,1.0,1.0,1.0,9.488139825218477e-07,0.875,0.0,2.0,medium|easy|hard
test,0,10,154,32,0.5310203930130228,82.0310920199845,1455.4570932479983,0.0007611816981807351,1.0,1.0,1.0,1.0,9.404910528506035e-07,1.03125,0.0,2.0,hard|medium|easy
test,0,10,155,32,0.5302281049953308,82.56174869800452,1455.9877499229915,0.0004120469093322754,1.0,1.0,1.0,1.0,9.321681231793592e-07,0.875,0.0,2.0,easy|hard|medium
test,0,10,156,32,0.532364543993026,83.09464579398627,1456.5206470179837,0.0002708473475649953,1.0,1.0,1.0,1.0,9.238451935081149e-07,1.03125,0.0,2.0,easy|hard|medium
test,0,10,157,32,0.5315971520030871,83.62683403800474,1457.0528352789988,0.00023126398446038365,1.0,1.0,1.0,1.0,9.155222638368706e-07,1.09375,0.0,2.0,medium|easy|hard
test,0,10,158,32,0.5311150900088251,84.15845552898827,1457.5844567559834,0.00044593133497983217,1.0,1.0,1.0,1.0,9.071993341656264e-07,0.96875,0.0,2.0,medium|easy|hard
test,0,10,159,32,0.5319780109857675,84.69093159100157,1458.1169328179967,0.15556958317756653,0.9722222222222222,0.96875,0.9666666666666667,0.9684729064039409,8.98876404494382e-07,1.21875,0.0,2.0,easy|medium|hard
test,0,10,160,32,0.5312963420001324,85.22270338999806,1458.6487046919938,0.00030666275415569544,1.0,1.0,1.0,1.0,8.905534748231378e-07,0.875,0.0,2.0,medium|easy|hard
test,0,10,161,32,0.530819521023659,85.75405797900748,1459.1800591879874,0.0003988922981079668,1.0,1.0,1.0,1.0,8.822305451518935e-07,0.9375,0.0,2.0,easy|hard|medium
test,0,10,162,32,0.5321264910162427,86.28666831299779,1459.7126698369975,0.0002254472638014704,1.0,1.0,1.0,1.0,8.739076154806493e-07,1.0625,0.0,2.0,hard|easy|medium
test,0,10,163,32,0.5317278360016644,86.81894886100781,1460.2449500909715,0.0002159842406399548,1.0,1.0,1.0,1.0,8.655846858094049e-07,1.03125,0.0,2.0,hard|medium|easy
test,0,10,164,32,0.5311383309890516,87.35060444899136,1460.7766056709806,0.00028870662208646536,1.0,1.0,1.0,1.0,8.572617561381607e-07,1.125,0.0,2.0,easy|medium|hard
test,0,10,165,32,0.5320774799911305,87.88326317700557,1461.3092643979762,0.00024762508110143244,1.0,1.0,1.0,1.0,8.489388264669164e-07,1.03125,0.0,2.0,hard|medium|easy
test,0,10,166,32,0.5317290340026375,88.41552822600352,1461.8415294579754,0.00027042944566346705,1.0,1.0,1.0,1.0,8.406158967956722e-07,1.0,0.0,2.0,medium|hard|easy
test,0,10,167,32,0.53113679800299,88.94715103099588,1462.3731522619782,0.00027954112738370895,1.0,1.0,1.0,1.0,8.322929671244278e-07,0.9375,0.0,2.0,medium|easy|hard
test,0,10,168,32,0.5320646670006681,89.47972483100602,1462.9057260509871,0.0002480191760696471,1.0,1.0,1.0,1.0,8.239700374531835e-07,0.875,0.0,2.0,medium|easy|hard
test,0,10,169,32,0.5314761599875055,90.0117627439904,1463.437764057977,0.0006363503634929657,1.0,1.0,1.0,1.0,8.156471077819393e-07,1.09375,0.0,2.0,hard|medium|easy
test,0,10,170,32,0.5310711039928719,90.54332614698797,1463.9693273709854,0.0003016934497281909,1.0,1.0,1.0,1.0,8.073241781106949e-07,1.15625,0.0,2.0,easy|hard|medium
test,0,10,171,32,0.5321190629911143,91.0760170549911,1464.5020186429902,0.00048491053166799247,1.0,1.0,1.0,1.0,7.990012484394507e-07,0.84375,0.0,2.0,easy|hard|medium
test,0,10,172,32,0.5313926569942851,91.6079593480099,1465.0339606969792,0.0015297395875677466,1.0,1.0,1.0,1.0,7.906783187682064e-07,1.15625,0.0,2.0,easy|hard|medium
test,0,10,173,32,0.5303530880191829,92.13888513599522,1465.564886365988,0.00021788949379697442,1.0,1.0,1.0,1.0,7.823553890969622e-07,0.9375,0.0,2.0,hard|medium|easy
test,0,10,174,32,0.5323633530060761,92.67181987900403,1466.097821103991,0.0013293250231072307,1.0,1.0,1.0,1.0,7.740324594257178e-07,1.1875,0.0,2.0,medium|easy|hard
test,0,10,175,32,0.5318209810066037,93.20416751800803,1466.6301687669766,0.0002588867791928351,1.0,1.0,1.0,1.0,7.657095297544736e-07,0.84375,0.0,2.0,easy|hard|medium
test,0,10,176,32,0.5309984610066749,93.73569752799813,1467.1616987589805,0.007955575361847878,1.0,1.0,1.0,1.0,7.573866000832293e-07,1.0625,0.0,2.0,medium|hard|easy
test,0,10,177,32,0.5326041500084102,94.26884405000601,1467.6948452649813,0.0002644085616338998,1.0,1.0,1.0,1.0,7.490636704119851e-07,0.90625,0.0,2.0,hard|easy|medium
test,0,10,178,32,0.5318426140001975,94.80123403499601,1468.2272352729924,0.00027073148521594703,1.0,1.0,1.0,1.0,7.407407407407407e-07,0.9375,0.0,2.0,hard|easy|medium
test,0,10,179,32,0.5313489910040516,95.33312150998972,1468.759122724994,0.0005349160055629909,1.0,1.0,1.0,1.0,7.324178110694965e-07,0.84375,0.0,2.0,easy|medium|hard
test,0,10,180,32,0.532182021997869,95.8658512319962,1469.2918524509878,0.00040733814239501953,1.0,1.0,1.0,1.0,7.240948813982522e-07,0.96875,0.0,2.0,hard|easy|medium
test,0,10,181,32,0.531182111997623,96.39750247399206,1469.823503710999,0.0006367246969603002,1.0,1.0,1.0,1.0,7.157719517270081e-07,1.0,0.0,2.0,medium|easy|hard
test,0,10,182,32,0.5315148009976838,96.92957834299887,1470.355579571973,0.00024507881607860327,1.0,1.0,1.0,1.0,7.074490220557636e-07,1.15625,0.0,2.0,hard|medium|easy
test,0,10,183,32,0.5321009710023645,97.46221310898545,1470.8882143319934,0.0003471954842098057,1.0,1.0,1.0,1.0,6.991260923845195e-07,0.625,0.0,2.0,easy|medium|hard
test,0,10,184,32,0.5318018549878616,97.9945897150028,1471.4205909399898,0.00046871922677382827,1.0,1.0,1.0,1.0,6.908031627132751e-07,1.15625,0.0,2.0,medium|hard|easy
test,0,10,185,32,0.5310189110168722,98.52611531299772,1471.9521165399929,0.00027641537599265575,1.0,1.0,1.0,1.0,6.824802330420309e-07,1.125,0.0,2.0,hard|easy|medium
test,0,10,186,32,0.5306861779827159,99.05725276298472,1472.4832541129726,0.0002437368530081585,1.0,1.0,1.0,1.0,6.741573033707865e-07,1.3125,0.0,2.0,easy|hard|medium
test,0,10,187,32,0.5319315849919803,99.58963624000899,1473.0156374719809,0.07660851627588272,0.96875,0.96875,0.9705882352941176,0.9687194525904204,6.658343736995424e-07,1.15625,0.0,2.0,hard|easy|medium
test,0,10,188,32,0.5311947419831995,100.12137843598612,1473.5473797669983,0.00025760018615983427,1.0,1.0,1.0,1.0,6.57511444028298e-07,1.09375,0.0,2.0,easy|hard|medium
test,0,10,189,32,0.5305558080144692,100.65251600899501,1474.078517224989,0.00025031750556081533,1.0,1.0,1.0,1.0,6.491885143570538e-07,0.90625,0.0,2.0,hard|easy|medium
test,0,10,190,32,0.5320363659993745,101.18515313099488,1474.611154364975,0.00040268636075779796,1.0,1.0,1.0,1.0,6.408655846858094e-07,1.0625,0.0,2.0,easy|medium|hard
test,0,10,191,32,0.5310271029884461,101.71675252198474,1475.1427537639975,0.0004454425070434809,1.0,1.0,1.0,1.0,6.325426550145653e-07,1.125,0.0,2.0,easy|hard|medium
test,0,10,192,32,0.531183888000669,102.24845220698626,1475.674453420972,0.0005600544391199946,1.0,1.0,1.0,1.0,6.242197253433208e-07,0.96875,0.0,2.0,hard|medium|easy
test,0,10,193,32,0.5319084779766854,102.78079746500589,1476.2067986869952,0.0002806881966535002,1.0,1.0,1.0,1.0,6.158967956720766e-07,1.0625,0.0,2.0,hard|medium|easy
test,0,10,194,32,0.5318108079954982,103.31322487199213,1476.7392260859779,0.0006975561263971031,1.0,1.0,1.0,1.0,6.075738660008324e-07,0.84375,0.0,2.0,hard|easy|medium
test,0,10,195,32,0.5306820949772373,103.8444784989988,1477.2704797219776,0.000240310124354437,1.0,1.0,1.0,1.0,5.992509363295881e-07,0.9375,0.0,2.0,hard|easy|medium
test,0,10,196,32,0.5314997140085325,104.37650196699542,1477.8025031899742,0.0008120337151922286,1.0,1.0,1.0,1.0,5.909280066583438e-07,0.8125,0.0,2.0,medium|easy|hard
test,0,10,197,32,0.5320729660161305,104.90911770198727,1478.3351189359964,0.0002801464288495481,1.0,1.0,1.0,1.0,5.826050769870995e-07,1.03125,0.0,2.0,hard|medium|easy
test,0,10,198,32,0.5308487580041401,105.44051523198141,1478.866516450973,0.00023728041560389102,1.0,1.0,1.0,1.0,5.742821473158553e-07,0.9375,0.0,2.0,easy|hard|medium
test,0,10,199,32,0.5320819269982167,105.973148021003,1479.3991492479981,0.0003256949712522328,1.0,1.0,1.0,1.0,5.65959217644611e-07,1.03125,0.0,2.0,medium|easy|hard
test,0,10,200,32,0.5319126009999309,106.50548428299953,1479.931485499983,0.00019430923566687852,1.0,1.0,1.0,1.0,5.576362879733667e-07,1.1875,0.0,2.0,hard|medium|easy
test,0,10,201,32,0.5310773370147217,107.03715153600206,1480.4631527639867,0.00617511011660099,1.0,1.0,1.0,1.0,5.493133583021224e-07,0.96875,0.0,2.0,hard|medium|easy
test,0,10,202,32,0.5321025930170435,107.56969811598537,1480.995699348976,0.00038372192648239434,1.0,1.0,1.0,1.0,5.409904286308782e-07,1.1875,0.0,2.0,hard|easy|medium
test,0,10,203,32,0.5322380459983833,108.10250785300741,1481.5285090869875,0.12901191413402557,0.9722222222222222,0.96875,0.9666666666666667,0.9684729064039409,5.326674989596338e-07,1.3125,0.0,2.0,medium|hard|easy
test,0,10,204,32,0.5305092979979236,108.63357853100752,1482.0595797399874,0.00017744173237588257,1.0,1.0,1.0,1.0,5.243445692883896e-07,0.875,0.0,2.0,hard|easy|medium
test,0,10,205,32,0.532801772991661,109.1668654709938,1482.5928667359985,0.00026308849919587374,1.0,1.0,1.0,1.0,5.160216396171453e-07,0.90625,0.0,2.0,medium|hard|easy
test,0,10,206,32,0.5320186790195294,109.69932819198584,1483.125329404982,0.00031720040715299547,1.0,1.0,1.0,1.0,5.07698709945901e-07,0.875,0.0,2.0,easy|hard|medium
test,0,10,207,32,0.5310767959745135,110.2309534609958,1483.656954696984,0.000716252950951457,1.0,1.0,1.0,1.0,4.993757802746567e-07,0.96875,0.0,2.0,medium|hard|easy
test,0,10,208,32,0.5324990779918153,110.76389348998782,1484.189894716983,0.019228806719183922,1.0,1.0,1.0,1.0,4.910528506034124e-07,1.125,0.0,2.0,easy|hard|medium
test,0,10,209,32,0.5316698719980195,111.29610741799115,1484.7221086679783,0.0004686652682721615,1.0,1.0,1.0,1.0,4.827299209321682e-07,1.03125,0.0,2.0,easy|hard|medium
test,0,10,210,32,0.5314985019795131,111.82816816100967,1485.254169377993,0.0002591690281406045,1.0,1.0,1.0,1.0,4.7440699126092386e-07,1.15625,0.0,2.0,hard|medium|easy
test,0,10,211,32,0.5319504200015217,112.36066500400193,1485.7866662429878,0.0002725766389630735,1.0,1.0,1.0,1.0,4.660840615896796e-07,1.03125,0.0,2.0,easy|medium|hard
test,0,10,212,32,0.531432557007065,112.89265938400058,1486.3186606759846,0.00025478805764578283,1.0,1.0,1.0,1.0,4.577611319184353e-07,1.09375,0.0,2.0,medium|easy|hard
test,0,10,213,32,0.5309988219814841,113.42422209100914,1486.8502233199833,0.00028357701376080513,1.0,1.0,1.0,1.0,4.49438202247191e-07,0.9375,0.0,2.0,medium|easy|hard
test,0,10,214,32,0.5319400930020493,113.9566531679884,1487.3826545289776,0.0002811731246765703,1.0,1.0,1.0,1.0,4.4111527257594675e-07,1.375,0.0,2.0,hard|medium|easy
test,0,10,215,32,0.5318476679967716,114.48904695099918,1487.9150481729885,0.00019387001520954072,1.0,1.0,1.0,1.0,4.3279234290470247e-07,0.96875,0.0,2.0,medium|easy|hard
test,0,10,216,32,0.5310280359990429,115.02057712199166,1488.4465783499763,0.0002806666889227927,1.0,1.0,1.0,1.0,4.244694132334582e-07,0.90625,0.0,2.0,easy|medium|hard
test,0,10,217,32,0.5303828860050999,115.55151530899457,1488.9775165299943,0.00019387340580578893,1.0,1.0,1.0,1.0,4.161464835622139e-07,0.9375,0.0,2.0,easy|hard|medium
test,0,10,218,32,0.531906351010548,116.08392082800856,1489.5099220699922,0.0038162353448569775,1.0,1.0,1.0,1.0,4.0782355389096964e-07,1.0,0.0,2.0,hard|medium|easy
test,0,10,219,32,0.5309430060151499,116.61537724998198,1490.0413785199926,0.00021691664005629718,1.0,1.0,1.0,1.0,3.9950062421972536e-07,0.875,0.0,2.0,hard|easy|medium
test,0,10,220,32,0.5311429440043867,117.147052351007,1490.5730535879848,0.0003173227305524051,1.0,1.0,1.0,1.0,3.911776945484811e-07,0.84375,0.0,2.0,easy|medium|hard
test,0,10,221,32,0.5316303700092249,117.67928054998629,1491.105281881988,0.00023090084141585976,1.0,1.0,1.0,1.0,3.828547648772368e-07,1.0,0.0,2.0,easy|medium|hard
test,0,10,222,32,0.5308794470038265,118.21063856000546,1491.636639785982,0.0002680436009541154,1.0,1.0,1.0,1.0,3.7453183520599253e-07,0.9375,0.0,2.0,hard|medium|easy
test,0,10,223,32,0.5314353610156104,118.74256506600068,1492.1685663139797,0.00022057566093280911,1.0,1.0,1.0,1.0,3.6620890553474825e-07,0.875,0.0,2.0,medium|easy|hard
test,0,10,224,32,0.5320850019925274,119.27523777398164,1492.7012390109885,0.00043647049460560083,1.0,1.0,1.0,1.0,3.5788597586350403e-07,1.0,0.0,2.0,hard|medium|easy
test,0,10,225,32,0.5319347640033811,119.80766745700384,1493.2336687639763,0.0002390795707469806,1.0,1.0,1.0,1.0,3.4956304619225975e-07,0.9375,0.0,2.0,easy|medium|hard
test,0,10,226,32,0.5308517729863524,120.33903718998772,1493.765038411977,0.00025654726778157055,1.0,1.0,1.0,1.0,3.4124011652101547e-07,0.9375,0.0,2.0,medium|hard|easy
test,0,10,227,32,0.5320166489982512,120.87155082199024,1494.2975520489854,0.00023007651907391846,1.0,1.0,1.0,1.0,3.329171868497712e-07,0.9375,0.0,2.0,hard|easy|medium
test,0,10,228,32,0.5313255250221118,121.40339848399162,1494.829399700975,0.0002895929792430252,1.0,1.0,1.0,1.0,3.245942571785269e-07,0.9375,0.0,2.0,medium|hard|easy
test,0,10,229,32,0.5310040169861168,121.9349469000008,1495.3609481259773,0.0002749240957200527,1.0,1.0,1.0,1.0,3.1627132750728264e-07,0.96875,0.0,2.0,medium|easy|hard
test,0,10,230,32,0.5324712590081617,122.46800770898699,1495.8940089489915,0.00027261622017249465,1.0,1.0,1.0,1.0,3.079483978360383e-07,0.8125,0.0,2.0,medium|hard|easy
test,0,10,231,32,0.5318477510008961,123.00041762000183,1496.4264188479865,0.004616348538547754,1.0,1.0,1.0,1.0,2.9962546816479403e-07,0.90625,0.0,2.0,hard|medium|easy
test,0,10,232,32,0.5309096910059452,123.53188392499578,1496.9578851439874,0.0028556864708662033,1.0,1.0,1.0,1.0,2.9130253849354976e-07,1.1875,0.0,2.0,medium|hard|easy
test,0,10,233,32,0.5318316190096084,124.06427318000351,1497.490274396987,0.00024688869598321617,1.0,1.0,1.0,1.0,2.829796088223055e-07,0.90625,0.0,2.0,hard|easy|medium
test,0,10,234,32,0.53177089599194,124.59661645698361,1498.0226176739961,0.00021509270300157368,1.0,1.0,1.0,1.0,2.746566791510612e-07,0.9375,0.0,2.0,easy|hard|medium
test,0,10,235,32,0.5307244499854278,125.127952868992,1498.5539544349886,0.00022449431708082557,1.0,1.0,1.0,1.0,2.663337494798169e-07,0.875,0.0,2.0,easy|medium|hard
test,0,10,236,32,0.532425017998321,125.66087736800546,1499.0868785919738,0.0003004542668350041,1.0,1.0,1.0,1.0,2.5801081980857265e-07,0.84375,0.0,2.0,easy|medium|hard
test,0,10,237,32,0.531643251015339,126.19300528598251,1499.6190065129776,0.00024238461628556252,1.0,1.0,1.0,1.0,2.4968789013732837e-07,1.09375,0.0,2.0,easy|hard|medium
test,0,10,238,32,0.5314553380012512,126.7250345700013,1500.1510358009837,0.000242233945755288,1.0,1.0,1.0,1.0,2.413649604660841e-07,1.1875,0.0,2.0,medium|hard|easy
test,0,10,239,32,0.5323958849767223,127.25795519398525,1500.6839564249967,0.00030674083973281085,1.0,1.0,1.0,1.0,2.330420307948398e-07,0.875,0.0,2.0,medium|hard|easy
test,0,10,240,32,0.531056409003213,127.78946254699258,1501.2154637719796,0.00021370685135480016,1.0,1.0,1.0,1.0,2.247191011235955e-07,0.625,0.0,2.0,easy|medium|hard
test,0,10,241,32,0.5312388669990469,128.32124312099768,1501.7472443279985,0.0002192793326685205,1.0,1.0,1.0,1.0,2.1639617145235123e-07,1.0625,0.0,2.0,easy|hard|medium
test,0,10,242,32,0.5321061610011384,128.85389176098397,1502.2798929869896,0.0002510605554562062,1.0,1.0,1.0,1.0,2.0807324178110696e-07,1.09375,0.0,2.0,medium|hard|easy
test,0,10,243,32,0.5320703799952753,129.38650300400332,1502.8125042279717,0.0003953676496166736,1.0,1.0,1.0,1.0,1.9975031210986268e-07,1.0,0.0,2.0,hard|easy|medium
test,0,10,244,32,0.5313630109885707,129.91845733998343,1503.344458646985,0.03961986303329468,0.9705882352941176,0.96875,0.96875,0.9687194525904204,1.914273824386184e-07,0.9375,0.0,2.0,easy|hard|medium
test,0,10,245,32,0.5321181969775353,130.45105328099453,1503.8770545089792,0.00027559962472878397,1.0,1.0,1.0,1.0,1.8310445276737413e-07,1.03125,0.0,2.0,easy|medium|hard
test,0,10,246,32,0.5322635310003534,130.98386996000772,1504.4098711869738,0.1400246024131775,0.96875,0.96875,0.9705882352941176,0.9687194525904204,1.7478152309612987e-07,1.28125,0.0,2.0,hard|medium|easy
test,0,10,247,32,0.5306697270134464,131.51508058499894,1504.9410818129836,0.0002041792031377554,1.0,1.0,1.0,1.0,1.664585934248856e-07,1.0,0.0,2.0,medium|hard|easy
test,0,10,248,32,0.5305868099967483,132.04621211899212,1505.4722133379837,0.0003322825359646231,1.0,1.0,1.0,1.0,1.5813566375364132e-07,0.875,0.0,2.0,hard|easy|medium
test,0,10,249,32,0.532010734983487,132.5788636439829,1506.0048649029923,0.00033244816586375237,1.0,1.0,1.0,1.0,1.4981273408239702e-07,0.96875,0.0,2.0,hard|medium|easy
test,0,10,250,32,0.5310709429904819,133.11051244300324,1506.5365137089975,0.0008182135643437505,1.0,1.0,1.0,1.0,1.4148980441115274e-07,1.15625,0.0,2.0,hard|easy|medium
test,0,10,251,32,0.5309005540038925,133.64196736298618,1507.0679686769727,0.00021721821394748986,1.0,1.0,1.0,1.0,1.3316687473990846e-07,1.15625,0.0,2.0,hard|medium|easy
test,0,10,252,32,0.5319092459976673,134.17439060498145,1507.600391983986,0.0004260278947185725,1.0,1.0,1.0,1.0,1.2484394506866418e-07,1.125,0.0,2.0,easy|hard|medium
test,0,10,253,32,0.5307097519980744,134.70565536999493,1508.1316566189926,0.15265503525733948,0.9642857142857143,0.96875,0.9736842105263157,0.967967967967968,1.165210153974199e-07,0.84375,0.0,2.0,easy|medium|hard
test,0,10,254,32,0.5306207739922684,135.2367982599826,1508.66279948398,0.00024924171157181263,1.0,1.0,1.0,1.0,1.0819808572617562e-07,0.9375,0.0,2.0,hard|medium|easy
test,0,10,255,32,0.5318326769920532,135.76915758600808,1509.195158803981,0.0004904915113002062,1.0,1.0,1.0,1.0,9.987515605493134e-08,1.03125,0.0,2.0,hard|easy|medium
test,0,10,256,32,0.531689233990619,136.30137371498859,1509.7273749399756,0.0002895016223192215,1.0,1.0,1.0,1.0,9.155222638368706e-08,0.875,0.0,2.0,easy|medium|hard
test,0,10,257,32,0.5308510299946647,136.83278778599924,1510.2587890119758,0.0002391272719250992,1.0,1.0,1.0,1.0,8.32292967124428e-08,0.96875,0.0,2.0,hard|medium|easy
test,0,10,258,32,0.5318245019880123,137.3651764410024,1510.791177668987,0.0002878340892493725,1.0,1.0,1.0,1.0,7.490636704119851e-08,0.84375,0.0,2.0,medium|easy|hard
test,0,10,259,32,0.5314074569905642,137.8971241370018,1511.3231255639985,0.0002472588384989649,1.0,1.0,1.0,1.0,6.658343736995423e-08,0.9375,0.0,2.0,easy|hard|medium
test,0,10,260,32,0.5307674469950143,138.42847619598615,1511.8544774289767,0.18922583758831024,0.96875,0.96875,0.9705882352941176,0.9687194525904204,5.826050769870995e-08,0.6875,0.0,2.0,medium|easy|hard
test,0,10,261,32,0.5319258999952581,138.96086813599686,1512.3868693579861,0.000323498563375324,1.0,1.0,1.0,1.0,4.993757802746567e-08,1.03125,0.0,2.0,easy|hard|medium
test,0,10,262,32,0.531173198018223,139.49258098498103,1512.9185824789747,0.0002739870687946677,1.0,1.0,1.0,1.0,4.16146483562214e-08,0.9375,0.0,2.0,hard|medium|easy
test,0,10,263,32,0.5300607150129508,140.02352297399193,1513.4495241889963,0.00029531578184105456,1.0,1.0,1.0,1.0,3.3291718684977116e-08,0.6875,0.0,2.0,medium|easy|hard
test,0,10,264,32,0.531926569994539,140.55589535000036,1513.9818965749873,0.00033228256506845355,1.0,1.0,1.0,1.0,2.4968789013732835e-08,0.8125,0.0,2.0,medium|hard|easy
test,0,10,265,32,0.5312752879981417,141.0876214199816,1514.513622657978,0.00022725012968294322,1.0,1.0,1.0,1.0,1.6645859342488558e-08,1.03125,0.0,2.0,medium|hard|easy
test,0,10,266,32,0.5320780109905172,141.62016960600158,1515.0461708719959,0.0002447517472319305,1.0,1.0,1.0,1.0,8.322929671244279e-09,1.0,0.0,2.0,hard|easy|medium
test,0,10,267,17,0.3211950350087136,141.9420662850025,1515.3680675009964,0.0003521582402754575,1.0,1.0,1.0,1.0,0.0,1.1176470518112183,0.0,2.0,medium|hard|easy
