split,fold,epoch,batch,batch_size,batch_time_seconds,epoch_accumulated_time_seconds,total_accumulated_time_seconds,loss,precision,accuracy,recall,f1,learning_rate,difficulty_mean,difficulty_min,difficulty_max,difficulty_labels
test,0,1,1,32,0.7702895010006614,0.8304817949974677,0.8310730349985533,0.721900224685669,0.6935483870967742,0.40625,0.525,0.3266888150609081,5.3333333333333334e-08,1.09375,0.0,2.0,medium|hard|easy
test,0,1,2,32,0.520797452001716,1.373084947001189,1.3736762080006883,0.7151930928230286,0.24193548387096775,0.46875,0.46875,0.3191489361702128,1.0666666666666667e-07,0.875,0.0,2.0,easy|hard|medium
test,0,1,3,32,0.521581854998658,1.895201803999953,1.8957931410041056,0.7296139001846313,0.24193548387096775,0.46875,0.46875,0.3191489361702128,1.6e-07,1.0625,0.0,2.0,hard|easy|medium
test,0,1,4,32,0.5219041160016786,2.4177466350010945,2.4183379559981404,0.6940754055976868,0.7419354838709677,0.5,0.5294117647058824,0.3816425120772947,2.1333333333333334e-07,1.125,0.0,2.0,medium|hard|easy
test,0,1,5,32,0.5212154879991431,2.9395427650015336,2.940134065996972,0.7047538757324219,0.28125,0.5625,0.5,0.36,2.666666666666667e-07,1.21875,0.0,2.0,hard|medium|easy
test,0,1,6,32,0.5172329440028989,3.4573386019983445,3.4579298710013973,0.7070587873458862,0.25,0.5,0.5,0.3333333333333333,3.2e-07,0.78125,0.0,2.0,medium|hard|easy
test,0,1,7,32,0.5189665139987483,3.9768571960012196,3.977448516001459,0.7148876190185547,0.25,0.46875,0.4411764705882353,0.3191489361702128,3.733333333333334e-07,0.78125,0.0,2.0,hard|medium|easy
test,0,1,8,32,0.5194036569955642,4.496760850997816,4.4973520999992616,0.7006759643554688,0.265625,0.53125,0.5,0.3469387755102041,4.266666666666667e-07,0.90625,0.0,2.0,hard|easy|medium
test,0,1,9,32,0.5184335330050089,5.015756663000502,5.016347889999452,0.692283570766449,0.27419354838709675,0.53125,0.4722222222222222,0.3469387755102041,4.800000000000001e-07,0.9375,0.0,2.0,hard|easy|medium
test,0,1,10,32,0.517493105995527,5.533804045997385,5.534395239999867,0.718350887298584,0.25806451612903225,0.5,0.47058823529411764,0.3333333333333333,5.333333333333335e-07,1.0,0.0,2.0,medium|easy|hard
test,0,1,11,32,0.5176823860019795,6.052057831999264,6.052649055003712,0.7106053829193115,0.21875,0.4375,0.5,0.30434782608695654,5.866666666666667e-07,0.9375,0.0,2.0,easy|hard|medium
test,0,1,12,32,0.519346733999555,6.57194786099717,6.572539111002698,0.6552589535713196,0.328125,0.65625,0.5,0.39622641509433965,6.4e-07,1.03125,0.0,2.0,medium|easy|hard
test,0,1,13,32,0.5191752430037013,7.091671135996876,7.092262300000584,0.6758761405944824,0.6264367816091954,0.59375,0.5436507936507936,0.4793491864831039,6.933333333333334e-07,0.96875,0.0,2.0,medium|easy|hard
test,0,1,14,32,0.5180906030000187,7.610271566998563,7.610862831999839,0.7163187265396118,0.7419354838709677,0.5,0.5294117647058824,0.3816425120772947,7.466666666666668e-07,0.96875,0.0,2.0,hard|medium|easy
test,0,1,15,32,0.5182451930013485,8.128983206996054,8.129574491002131,0.704314112663269,0.7833333333333333,0.59375,0.5666666666666667,0.4793491864831039,8.000000000000001e-07,0.71875,0.0,2.0,easy|medium|hard
test,0,1,16,32,0.517979322001338,8.647584013000596,8.648175203998107,0.719271183013916,0.2413793103448276,0.4375,0.4117647058823529,0.30434782608695654,8.533333333333334e-07,0.875,0.0,2.0,hard|medium|easy
test,0,1,17,32,0.5171677960024681,9.165369087000727,9.165960233003716,0.7251991033554077,0.20967741935483872,0.40625,0.4642857142857143,0.28888888888888886,9.066666666666668e-07,1.0625,0.0,2.0,hard|easy|medium
test,0,1,18,32,0.5189907219973975,9.684908279996307,9.685499687002448,0.6872367262840271,0.265625,0.53125,0.5,0.3469387755102041,9.600000000000001e-07,0.96875,0.0,2.0,easy|hard|medium
test,0,1,19,32,0.5190882710012374,10.204561336999177,10.20515262799745,0.6457451581954956,0.5287356321839081,0.6875,0.5120772946859903,0.48717948717948717,1.0133333333333333e-06,1.25,0.0,2.0,medium|hard|easy
test,0,1,20,32,0.5191879420017358,10.724271895000129,10.724863114999607,0.7533378005027771,0.16666666666666666,0.3125,0.4166666666666667,0.23809523809523808,1.066666666666667e-06,1.0625,0.0,2.0,medium|hard|easy
test,0,1,21,32,0.5197281410000869,11.244534981997276,11.245126191002782,0.6568936109542847,0.44642857142857145,0.59375,0.474025974025974,0.4340136054421769,1.12e-06,0.96875,0.0,2.0,medium|easy|hard
test,0,1,22,32,0.5191193409991683,11.764183902996592,11.76477516900195,0.6769904494285583,0.27419354838709675,0.53125,0.4722222222222222,0.3469387755102041,1.1733333333333335e-06,0.875,0.0,2.0,hard|medium|easy
test,0,1,23,32,0.5194170600007055,12.284167884994531,12.28475910799898,0.6802577972412109,0.4962962962962963,0.5625,0.4979757085020243,0.45893719806763283,1.2266666666666666e-06,0.78125,0.0,2.0,easy|medium|hard
test,0,1,24,32,0.518976516003022,12.803660280995246,12.804251565998129,0.6633620262145996,0.8064516129032258,0.625,0.5384615384615384,0.4514285714285714,1.28e-06,0.875,0.0,2.0,easy|medium|hard
test,0,1,25,32,0.5195276559970807,13.323766581997916,13.324357787998451,0.7033183574676514,0.27419354838709675,0.53125,0.4722222222222222,0.3469387755102041,1.3333333333333334e-06,0.84375,0.0,2.0,medium|hard|easy
test,0,1,26,32,0.5192566020050435,13.843587812996702,13.844179011997767,0.7300196886062622,0.18333333333333332,0.34375,0.4230769230769231,0.2558139534883721,1.3866666666666668e-06,1.15625,0.0,2.0,easy|hard|medium
test,0,1,27,32,0.5190987780006253,14.363245412998367,14.363836661999812,0.6961734890937805,0.2903225806451613,0.5625,0.47368421052631576,0.36,1.44e-06,1.25,0.0,2.0,hard|medium|easy
test,0,1,28,32,0.5215895969959092,14.885322826994525,14.885914040001808,0.6729853749275208,0.296875,0.59375,0.5,0.37254901960784315,1.4933333333333336e-06,0.875,0.0,2.0,medium|easy|hard
test,0,1,29,32,0.5203664780055988,15.406309070000134,15.406900287001918,0.68375164270401,0.7833333333333333,0.59375,0.5666666666666667,0.4793491864831039,1.546666666666667e-06,0.78125,0.0,2.0,easy|medium|hard
test,0,1,30,32,0.5201603839959716,15.92698009799642,15.927571360000002,0.7012605667114258,0.5,0.5,0.5,0.4458874458874459,1.6000000000000001e-06,0.8125,0.0,2.0,medium|easy|hard
test,0,1,31,32,0.5196519550008816,16.44720014699851,16.447791282000253,0.731011152267456,0.3563218390804598,0.375,0.4493927125506073,0.3073593073593074,1.6533333333333335e-06,1.25,0.0,2.0,hard|easy|medium
test,0,1,32,32,0.5208587749948492,16.96857399399596,16.969165285998315,0.7162646651268005,0.7419354838709677,0.5,0.5294117647058824,0.3816425120772947,1.7066666666666667e-06,1.03125,0.0,2.0,hard|medium|easy
test,0,1,33,32,0.5216265989947715,17.49078633899626,17.491377627004113,0.714231014251709,0.6935483870967742,0.40625,0.525,0.3266888150609081,1.76e-06,1.21875,0.0,2.0,easy|hard|medium
test,0,1,34,32,0.521101163001731,18.012504161000834,18.013095460999466,0.715651273727417,0.4666666666666667,0.4375,0.4920634920634921,0.34545454545454546,1.8133333333333337e-06,0.9375,0.0,2.0,easy|medium|hard
test,0,1,35,32,0.5200967490018229,18.53307286999916,18.533664160000626,0.7338286638259888,0.5057471264367817,0.375,0.5021645021645021,0.3333333333333333,1.8666666666666669e-06,1.09375,0.0,2.0,hard|easy|medium
test,0,1,36,32,0.5202192629949423,19.053883322994807,19.05447454500245,0.6998955011367798,0.5919540229885057,0.53125,0.53125,0.43859649122807015,1.9200000000000003e-06,1.1875,0.0,2.0,medium|hard|easy
test,0,1,37,32,0.5212620019956375,19.57569291099935,19.57628411800397,0.6627128720283508,0.8166666666666667,0.65625,0.5769230769230769,0.5210884353741496,1.9733333333333336e-06,1.3125,0.0,2.0,easy|hard|medium
test,0,1,38,32,0.5223035200033337,20.09852061700076,20.099111903997255,0.698870837688446,0.234375,0.46875,0.5,0.3191489361702128,2.0266666666666666e-06,1.0625,0.0,2.0,medium|easy|hard
test,0,1,39,32,0.5214647639950272,20.620452972994826,20.621044250001432,0.6869168281555176,0.26666666666666666,0.5,0.4444444444444444,0.3333333333333333,2.08e-06,1.0,0.0,2.0,medium|hard|easy
test,0,1,40,32,0.5212705559970345,21.142177488996822,21.14276873000199,0.7057615518569946,0.4666666666666667,0.4375,0.4920634920634921,0.34545454545454546,2.133333333333334e-06,0.90625,0.0,2.0,medium|easy|hard
test,0,1,41,32,0.5207854100008262,21.663407561994973,21.663998754003842,0.6948486566543579,0.5919540229885057,0.53125,0.53125,0.43859649122807015,2.1866666666666668e-06,1.03125,0.0,2.0,easy|hard|medium
test,0,1,42,32,0.5209488449982018,22.18496101599885,22.18555223599833,0.7116542458534241,0.44074074074074077,0.46875,0.46875,0.39756367663344405,2.24e-06,0.9375,0.0,2.0,easy|medium|hard
test,0,1,43,32,0.520664552001108,22.70616657199571,22.70675782699982,0.6633573770523071,0.3333333333333333,0.625,0.45454545454545453,0.38461538461538464,2.2933333333333335e-06,1.125,0.0,2.0,hard|easy|medium
test,0,1,44,32,0.5206535449979128,23.227510904995142,23.228102205997857,0.7076700925827026,0.5,0.5,0.5,0.3816425120772947,2.346666666666667e-06,1.0,0.0,2.0,hard|easy|medium
test,0,1,45,32,0.5204812919982942,23.748523201000353,23.7491144730011,0.7005594372749329,0.4222222222222222,0.4375,0.45882352941176474,0.37662337662337664,2.4000000000000003e-06,1.03125,0.0,2.0,medium|hard|easy
test,0,1,46,32,0.5217383780036471,24.27078665499721,24.271377914999903,0.6967760324478149,0.6407407407407407,0.53125,0.5753968253968254,0.4909862142099682,2.4533333333333333e-06,1.21875,0.0,2.0,medium|easy|hard
test,0,1,47,32,0.5216220139991492,24.792991976995836,24.793583252001554,0.7053718566894531,0.5962962962962963,0.59375,0.5515873015873015,0.5134502923976608,2.5066666666666667e-06,1.03125,0.0,2.0,easy|hard|medium
test,0,1,48,32,0.5213556719972985,25.314937757000735,25.315529008003068,0.690858006477356,0.7666666666666666,0.5625,0.5625,0.45893719806763283,2.56e-06,0.875,0.0,2.0,hard|medium|easy
test,0,1,49,32,0.5217640199989546,25.837234845996136,25.83782639400306,0.7021694183349609,0.48333333333333334,0.46875,0.49607843137254903,0.36374269005847953,2.6133333333333334e-06,0.8125,0.0,2.0,easy|hard|medium
test,0,1,50,32,0.521213613996224,26.359040224997443,26.359631450999586,0.6977266669273376,0.37777777777777777,0.5,0.4331983805668016,0.3816425120772947,2.666666666666667e-06,1.09375,0.0,2.0,medium|hard|easy
test,0,1,51,32,0.522169923002366,26.881731346999004,26.882322630001,0.6692697405815125,0.7833333333333333,0.59375,0.5666666666666667,0.4793491864831039,2.7200000000000002e-06,0.96875,0.0,2.0,medium|easy|hard
test,0,1,52,32,0.5212505640010932,27.40354978999676,27.404141060003894,0.7160186767578125,0.4464285714285714,0.40625,0.4757085020242915,0.3552492046659597,2.7733333333333336e-06,1.21875,0.0,2.0,hard|medium|easy
test,0,1,53,32,0.5234662689981633,27.92759203499736,27.92818333100149,0.6679065227508545,0.8275862068965517,0.6875,0.6153846153846154,0.5833333333333333,2.826666666666667e-06,1.0,0.0,2.0,medium|easy|hard
test,0,1,54,32,0.5207330260018352,28.448948355995526,28.449539633002132,0.739745020866394,0.23717948717948717,0.28125,0.3340080971659919,0.24512820512820513,2.88e-06,0.875,0.0,2.0,easy|hard|medium
test,0,1,55,32,0.5219751530021313,28.971511128998827,28.97210241400171,0.7038407325744629,0.45925925925925926,0.5,0.4784313725490196,0.4181818181818182,2.9333333333333338e-06,0.84375,0.0,2.0,medium|easy|hard
test,0,1,56,32,0.5218205950004631,29.493970798997907,29.494562015002884,0.682543933391571,0.7333333333333334,0.5,0.5555555555555556,0.4181818181818182,2.986666666666667e-06,0.9375,0.0,2.0,easy|hard|medium
test,0,1,57,32,0.5224673220000113,30.01698802699684,30.017579318999196,0.6885234117507935,0.625,0.5625,0.5952380952380952,0.5465587044534412,3.04e-06,1.03125,0.0,2.0,hard|medium|easy
test,0,1,58,32,0.5222830069978954,30.539881849996164,30.540473130000464,0.6666833162307739,0.5287356321839081,0.6875,0.5120772946859903,0.48717948717948717,3.093333333333334e-06,1.21875,0.0,2.0,medium|hard|easy
test,0,1,59,32,0.5206325780018233,31.061063392997312,31.061654668999836,0.6874363422393799,0.5257142857142857,0.5,0.5176470588235295,0.4666666666666667,3.146666666666667e-06,1.0,0.0,2.0,medium|easy|hard
test,0,1,60,32,0.5233610439972836,31.584972821998235,31.585564102999342,0.6885913610458374,0.5407407407407407,0.5,0.5215686274509804,0.4458874458874459,3.2000000000000003e-06,1.0625,0.0,2.0,easy|hard|medium
test,0,1,61,32,0.5233564540030784,32.10892118400079,32.109512392002216,0.668177604675293,0.75,0.6875,0.6875,0.6666666666666667,3.2533333333333332e-06,0.96875,0.0,2.0,hard|medium|easy
test,0,1,62,32,0.5229119049981819,32.632392118997814,32.632983401003,0.6874686479568481,0.27586206896551724,0.5,0.42105263157894735,0.3333333333333333,3.306666666666667e-06,0.78125,0.0,2.0,easy|medium|hard
test,0,1,63,32,0.5229541969965794,33.15598153299652,33.15657292200194,0.692131519317627,0.48214285714285715,0.46875,0.49215686274509807,0.39756367663344405,3.3600000000000004e-06,1.0,0.0,2.0,easy|medium|hard
test,0,1,64,32,0.5242449209981714,33.68079857200064,33.681389846002276,0.6840030550956726,0.5592592592592592,0.53125,0.53125,0.4684385382059801,3.4133333333333334e-06,0.6875,0.0,2.0,hard|easy|medium
test,0,1,65,32,0.5231553670018911,34.204426411000895,34.205017622000014,0.7129503488540649,0.3205128205128205,0.3125,0.3833333333333333,0.2874493927125506,3.4666666666666672e-06,1.1875,0.0,2.0,hard|medium|easy
test,0,1,66,32,0.522768205999455,34.72764238899981,34.728233658002864,0.6818447709083557,0.4777777777777778,0.53125,0.48809523809523814,0.43859649122807015,3.52e-06,1.15625,0.0,2.0,hard|medium|easy
test,0,1,67,32,0.5227513069985434,35.25099294899701,35.251584158002515,0.7205941677093506,0.3390804597701149,0.34375,0.4416666666666667,0.2873806998939554,3.5733333333333336e-06,1.03125,0.0,2.0,easy|hard|medium
test,0,1,68,32,0.5235898540049675,35.77504608899471,35.77563735599688,0.6907905340194702,0.4666666666666667,0.375,0.48051948051948057,0.3522267206477733,3.6266666666666674e-06,0.9375,0.0,2.0,hard|medium|easy
test,0,1,69,32,0.5238391300008516,36.29944574899855,36.30003698299697,0.664149820804596,0.6148148148148148,0.625,0.562753036437247,0.536231884057971,3.6800000000000003e-06,1.09375,0.0,2.0,easy|hard|medium
test,0,1,70,32,0.5224760700002662,36.822515211999416,36.823106422998535,0.6705350875854492,0.7758620689655172,0.59375,0.59375,0.5134502923976608,3.7333333333333337e-06,1.0,0.0,2.0,easy|medium|hard
test,0,1,71,32,0.5229693529981887,37.346079885996005,37.34667104399705,0.6792436838150024,0.6282051282051282,0.5,0.5833333333333333,0.4817813765182186,3.7866666666666667e-06,1.0,0.0,2.0,medium|easy|hard
test,0,1,72,32,0.5240956920024473,37.87077566199878,37.87136694799847,0.6573279500007629,0.6436781609195402,0.625,0.5506072874493927,0.5,3.8400000000000005e-06,0.75,0.0,2.0,easy|hard|medium
test,0,1,73,32,0.5241064650035696,38.395494480995694,38.39608566900279,0.6678578853607178,0.6217948717948718,0.59375,0.5745098039215686,0.539313399778516,3.893333333333333e-06,1.0625,0.0,2.0,medium|hard|easy
test,0,1,74,32,0.5237949820002541,38.91992944099911,38.92052064699965,0.6502558588981628,0.7083333333333333,0.625,0.6587301587301587,0.611336032388664,3.946666666666667e-06,1.0625,0.0,2.0,hard|medium|easy
test,0,1,75,32,0.5224870710007963,39.44300253199617,39.4435937369999,0.6474318504333496,0.5114942528735632,0.65625,0.5045454545454545,0.46907993966817496,4.000000000000001e-06,0.78125,0.0,2.0,easy|hard|medium
test,0,1,76,32,0.5239145910018124,39.967469775998325,39.968060969004,0.654140830039978,0.7083333333333333,0.625,0.6587301587301587,0.611336032388664,4.053333333333333e-06,1.03125,0.0,2.0,easy|hard|medium
test,0,1,77,32,0.523987294996914,40.49204069699772,40.49263192500075,0.6668660640716553,0.6592592592592592,0.5625,0.5843137254901961,0.5151515151515151,4.1066666666666674e-06,0.75,0.0,2.0,medium|easy|hard
test,0,1,78,32,0.5239242120005656,41.01643538400094,41.01702654600376,0.6408804059028625,0.681159420289855,0.6875,0.6518218623481782,0.6536796536796536,4.16e-06,1.21875,0.0,2.0,hard|easy|medium
test,0,1,79,32,0.5229835389982327,41.54001728799631,41.54060848500376,0.6423919200897217,0.7285714285714285,0.65625,0.65625,0.6267232237539766,4.213333333333333e-06,1.0,0.0,2.0,medium|easy|hard
test,0,1,80,32,0.5241898669992224,42.064715465996414,42.06530668800406,0.6279560327529907,0.7246963562753037,0.6875,0.7402597402597402,0.6862745098039216,4.266666666666668e-06,0.875,0.0,2.0,medium|easy|hard
test,0,1,81,32,0.5242311289985082,42.58949170800042,42.59008299699781,0.6422191262245178,0.7727272727272727,0.6875,0.75,0.6862745098039216,4.32e-06,0.96875,0.0,2.0,easy|hard|medium
test,0,1,82,32,0.5237119800003711,43.113809606998984,43.1144008140036,0.6291496753692627,0.7227272727272727,0.65625,0.6983805668016194,0.6532019704433498,4.3733333333333335e-06,1.0625,0.0,2.0,easy|medium|hard
test,0,1,83,32,0.5235641990002478,43.63804401699599,43.63863529900118,0.5791871547698975,0.8333333333333333,0.8125,0.7666666666666666,0.7818181818181817,4.426666666666667e-06,1.0625,0.0,2.0,easy|hard|medium
test,0,1,84,32,0.52339480399678,44.1619880090002,44.162579197000014,0.5897763967514038,0.8562753036437247,0.84375,0.84375,0.8423645320197044,4.48e-06,0.875,0.0,2.0,medium|easy|hard
test,0,1,85,32,0.5241747950058198,44.68671805399936,44.687309289998666,0.5258457064628601,0.9772727272727273,0.96875,0.9545454545454546,0.964562569213732,4.533333333333334e-06,1.03125,0.0,2.0,easy|medium|hard
test,0,1,86,32,0.5242294239942566,45.21152785099548,45.21211907199904,0.49936968088150024,0.9615384615384616,0.96875,0.975,0.9671794871794872,4.586666666666667e-06,0.875,0.0,2.0,medium|easy|hard
test,0,1,87,32,0.5237991940011852,45.73591851799574,45.73650971399911,0.5241619348526001,0.8784313725490196,0.875,0.8784313725490196,0.875,4.6400000000000005e-06,0.90625,0.0,2.0,hard|easy|medium
test,0,1,88,32,0.5226562900061253,46.25910035099514,46.259691580002254,0.4787980616092682,0.9523809523809523,0.9375,0.9230769230769231,0.9333333333333333,4.693333333333334e-06,1.03125,0.0,2.0,hard|medium|easy
test,0,1,89,32,0.5240183639980387,46.783623406001425,46.78421470500325,0.45583656430244446,0.9375,0.9375,0.9375,0.9375,4.746666666666667e-06,1.25,0.0,2.0,easy|medium|hard
test,0,1,90,32,0.5238270499976352,47.30801629200141,47.30860753799789,0.424917995929718,0.925,0.90625,0.9,0.9039039039039038,4.800000000000001e-06,1.0,0.0,2.0,medium|hard|easy
test,0,1,91,32,0.5235814330007997,47.83214680299716,47.832738017998054,0.4346931576728821,0.8582995951417004,0.875,0.8831168831168831,0.8666666666666667,4.853333333333334e-06,0.78125,0.0,2.0,medium|easy|hard
test,0,1,92,32,0.5236480669991579,48.35634324899729,48.35693451899715,0.43774884939193726,0.9411764705882353,0.9375,0.9411764705882353,0.9375,4.9066666666666666e-06,0.96875,0.0,2.0,easy|hard|medium
test,0,1,93,32,0.5243017850007163,48.88119314299547,48.88178435800364,0.4524182677268982,0.8831168831168831,0.875,0.8582995951417004,0.8666666666666667,4.960000000000001e-06,1.09375,0.0,2.0,hard|medium|easy
test,0,1,94,32,0.5240039190030075,49.405803508001554,49.40639472899784,0.3111891746520996,1.0,1.0,1.0,1.0,5.013333333333333e-06,0.90625,0.0,2.0,easy|medium|hard
test,0,1,95,32,0.5236761940032011,49.92998926699511,49.930580492000445,0.3102581799030304,0.96875,0.96875,0.9705882352941176,0.9687194525904204,5.0666666666666676e-06,1.09375,0.0,2.0,medium|hard|easy
test,0,1,96,32,0.5241544709933805,50.45467294599803,50.455264169002476,0.315921425819397,0.9009661835748792,0.90625,0.8772727272727273,0.887719298245614,5.12e-06,1.0,0.0,2.0,hard|easy|medium
test,0,1,97,32,0.5244569369970122,50.97969916000147,50.98029036200023,0.3364909291267395,0.9083333333333333,0.90625,0.8967611336032388,0.9015384615384616,5.1733333333333335e-06,0.84375,0.0,2.0,easy|hard|medium
test,0,1,98,32,0.5240602749981917,51.50437826599955,51.504969403998984,0.39592841267585754,0.875,0.875,0.875,0.875,5.226666666666667e-06,0.8125,0.0,2.0,medium|easy|hard
test,0,1,99,32,0.5237899710045895,52.02864834099455,52.029239545001474,0.186226487159729,0.96875,0.96875,0.9705882352941176,0.9687194525904204,5.28e-06,0.875,0.0,2.0,medium|easy|hard
test,0,1,100,32,0.5233089219982503,52.55248294299963,52.55307431700203,0.2662498950958252,0.875,0.90625,0.9347826086956521,0.893687707641196,5.333333333333334e-06,1.21875,0.0,2.0,easy|medium|hard
test,0,1,101,32,0.5246839320025174,53.07771366399538,53.07830488900072,0.20320874452590942,0.96875,0.96875,0.9705882352941176,0.9687194525904204,5.386666666666667e-06,1.0,0.0,2.0,hard|easy|medium
test,0,1,102,32,0.5239037699939217,53.60216652899544,53.602757808002934,0.23399066925048828,0.8792270531400965,0.875,0.8398268398268398,0.8545454545454545,5.4400000000000004e-06,0.96875,0.0,2.0,easy|medium|hard
test,0,1,103,32,0.5239875179977389,54.126680998000666,54.12727220200031,0.3136717677116394,0.8967611336032388,0.90625,0.9083333333333333,0.9015384615384616,5.493333333333334e-06,1.15625,0.0,2.0,hard|medium|easy
test,0,1,104,32,0.5240598419986782,54.651223682994896,54.651814955999725,0.22971230745315552,0.9444444444444444,0.9375,0.9375,0.9372549019607843,5.546666666666667e-06,1.15625,0.0,2.0,hard|medium|easy
test,0,1,105,32,0.5251063019968569,55.17688896999607,55.17748020699946,0.21257679164409637,0.907843137254902,0.90625,0.90625,0.906158357771261,5.600000000000001e-06,0.8125,0.0,2.0,medium|hard|easy
test,0,1,106,32,0.5245490200031782,55.70190176199685,55.70249296000111,0.12596812844276428,0.96875,0.96875,0.9705882352941176,0.9687194525904204,5.653333333333334e-06,0.875,0.0,2.0,easy|medium|hard
test,0,1,107,32,0.5254545589996269,56.227904261999356,56.22849549300008,0.12843847274780273,0.9372549019607843,0.9375,0.9372549019607843,0.9372549019607843,5.706666666666667e-06,0.8125,0.0,2.0,easy|hard|medium
test,0,1,108,32,0.5254765979989315,56.75391479999962,56.75450608000392,0.19642969965934753,0.95,0.9375,0.9285714285714286,0.9352226720647774,5.76e-06,1.0625,0.0,2.0,hard|medium|easy
test,0,1,109,32,0.5265883309984929,57.281095471997105,57.28168667600403,0.16005435585975647,0.9375,0.9375,0.9444444444444444,0.9372549019607843,5.813333333333334e-06,0.71875,0.0,2.0,easy|medium|hard
test,0,1,110,32,0.5265350699992268,57.80811575400003,57.808707042000606,0.2624732255935669,0.9117647058823529,0.90625,0.9166666666666667,0.906158357771261,5.8666666666666675e-06,1.0625,0.0,2.0,hard|easy|medium
test,0,1,111,32,0.5262431189985364,58.33493279799586,58.33552402199712,0.22729843854904175,0.90625,0.90625,0.9210526315789473,0.9054187192118226,5.92e-06,1.03125,0.0,2.0,easy|hard|medium
test,0,1,112,32,0.5263171600017813,58.86185053699592,58.86244183799863,0.15398667752742767,0.98,0.96875,0.9375,0.9564625850340136,5.973333333333334e-06,0.9375,0.0,2.0,medium|hard|easy
test,0,1,113,32,0.5268824689992471,59.38931469799718,59.389905914002156,0.3134895861148834,0.875,0.875,0.9,0.873015873015873,6.026666666666668e-06,1.15625,0.0,2.0,medium|hard|easy
test,0,1,114,32,0.5259587859982275,59.9158659800014,59.91645720999804,0.2926337718963623,0.9007936507936507,0.90625,0.9089068825910931,0.9039039039039038,6.08e-06,0.9375,0.0,2.0,hard|easy|medium
test,0,1,115,32,0.5255478239996592,60.44199784100056,60.442589129001135,0.43528664112091064,0.8833333333333333,0.875,0.8650793650793651,0.8704453441295547,6.133333333333334e-06,1.25,0.0,2.0,medium|hard|easy
test,0,1,116,32,0.5268458189966623,60.969326225997065,60.96991742299724,0.3810243606567383,0.8319838056680162,0.84375,0.8416666666666667,0.8358974358974359,6.186666666666668e-06,0.9375,0.0,2.0,easy|hard|medium
test,0,1,117,32,0.5267491900012828,61.49669150399859,61.49728271800268,0.26601099967956543,0.8831168831168831,0.875,0.8582995951417004,0.8666666666666667,6.24e-06,1.125,0.0,2.0,hard|medium|easy
test,0,1,118,32,0.525492808999843,62.0227133859953,62.02330458800134,0.22173485159873962,0.9117647058823529,0.90625,0.9166666666666667,0.906158357771261,6.293333333333334e-06,0.78125,0.0,2.0,easy|medium|hard
test,0,1,119,32,0.5264645149945864,62.549768575998314,62.55035979999957,0.29726308584213257,0.9285714285714286,0.90625,0.8928571428571428,0.9015384615384616,6.346666666666668e-06,1.1875,0.0,2.0,hard|medium|easy
test,0,1,120,32,0.5275446839950746,63.07792033699661,63.07851154200034,0.2376357913017273,0.9365079365079365,0.9375,0.9365079365079365,0.9365079365079365,6.4000000000000006e-06,0.96875,0.0,2.0,medium|hard|easy
test,0,1,121,32,0.5265007560010417,63.60496069299552,63.60555198400107,0.13830140233039856,0.9375,0.9375,0.9444444444444444,0.9372549019607843,6.453333333333334e-06,1.1875,0.0,2.0,hard|medium|easy
test,0,1,122,32,0.5266319820002536,64.13216338199709,64.1327545910026,0.17983120679855347,0.96,0.9375,0.8888888888888888,0.9166666666666667,6.5066666666666665e-06,1.0625,0.0,2.0,medium|hard|easy
test,0,1,123,32,0.5261563969979761,64.65889388099458,64.65948508399742,0.3250431418418884,0.90625,0.90625,0.907843137254902,0.906158357771261,6.560000000000001e-06,0.84375,0.0,2.0,medium|easy|hard
test,0,1,124,32,0.5274922090029577,65.18689317299868,65.18748444600351,0.06593256443738937,1.0,1.0,1.0,1.0,6.613333333333334e-06,0.875,0.0,2.0,hard|medium|easy
test,0,1,125,32,0.527655024001433,65.7151029769957,65.71569417299906,0.08477993309497833,0.9782608695652174,0.96875,0.95,0.9625730994152046,6.666666666666667e-06,0.9375,0.0,2.0,easy|hard|medium
test,0,1,126,32,0.5257238179983688,66.2414482979948,66.24203945499903,0.26047009229660034,0.9087301587301587,0.90625,0.903921568627451,0.9054187192118226,6.720000000000001e-06,1.0625,0.0,2.0,hard|easy|medium
test,0,1,127,32,0.5275242959978641,66.76957205099461,66.7701633359975,0.19032031297683716,0.903921568627451,0.90625,0.9087301587301587,0.9054187192118226,6.773333333333334e-06,1.4375,0.0,2.0,hard|medium|easy
test,0,1,128,32,0.5266048010016675,67.29677989999618,67.29737109800044,0.06418170034885406,1.0,1.0,1.0,1.0,6.826666666666667e-06,0.96875,0.0,2.0,hard|medium|easy
test,0,1,129,32,0.526024156002677,67.82331055699615,67.82390176800254,0.1473039835691452,0.9666666666666667,0.96875,0.9722222222222222,0.9684729064039409,6.88e-06,1.125,0.0,2.0,medium|hard|easy
test,0,1,130,32,0.5267732270003762,68.35058557099546,68.35117685799923,0.3224271535873413,0.875,0.875,0.8809523809523809,0.8745098039215686,6.9333333333333344e-06,0.75,0.0,2.0,easy|medium|hard
test,0,1,131,32,0.5272352659958415,68.8783992719982,68.87899046899838,0.19541749358177185,0.9089068825910931,0.90625,0.9007936507936507,0.9039039039039038,6.986666666666667e-06,1.09375,0.0,2.0,easy|hard|medium
test,0,1,132,32,0.5270029079983942,69.4058731749974,69.40646437100077,0.1283005326986313,0.9791666666666667,0.96875,0.9444444444444444,0.9599499374217773,7.04e-06,1.03125,0.0,2.0,easy|medium|hard
test,0,1,133,32,0.5265768750032294,69.93299541099987,69.93358662300307,0.07742103189229965,0.9705882352941176,0.96875,0.96875,0.9687194525904204,7.093333333333335e-06,0.9375,0.0,2.0,hard|easy|medium
test,0,1,134,32,0.5270673539998825,70.46064246600145,70.46123368500412,0.5100977420806885,0.8333333333333333,0.78125,0.8055555555555556,0.7793103448275862,7.146666666666667e-06,0.84375,0.0,2.0,easy|medium|hard
test,0,1,135,32,0.5274775180005236,70.9887515349983,70.98934273600025,0.1729671061038971,0.9473684210526316,0.9375,0.9333333333333333,0.9365079365079365,7.2000000000000005e-06,0.96875,0.0,2.0,easy|hard|medium
test,0,1,136,32,0.5260381859989138,71.51538205699762,71.51597327199852,0.0855933129787445,0.9583333333333333,0.96875,0.9761904761904762,0.9660657476139979,7.253333333333335e-06,1.03125,0.0,2.0,medium|hard|easy
test,0,1,137,32,0.5257422780050547,72.04165250599908,72.04224369300209,0.2177099883556366,0.9007936507936507,0.90625,0.9089068825910931,0.9039039039039038,7.306666666666667e-06,0.875,0.0,2.0,hard|medium|easy
test,0,1,138,32,0.5278317629999947,72.57006725999963,72.5706584599975,0.2954408526420593,0.8416666666666667,0.84375,0.8319838056680162,0.8358974358974359,7.360000000000001e-06,0.84375,0.0,2.0,easy|medium|hard
test,0,1,139,32,0.5270445260030101,73.09766697899613,73.09825819300022,0.0958004742860794,0.9615384615384616,0.96875,0.975,0.9671794871794872,7.413333333333333e-06,1.125,0.0,2.0,easy|medium|hard
test,0,1,140,32,0.5267830480006523,73.62508174899995,73.62567301600211,0.0697508156299591,0.975,0.96875,0.9615384615384616,0.9671794871794872,7.4666666666666675e-06,1.03125,0.0,2.0,easy|hard|medium
test,0,1,141,32,0.526267500994436,74.1519162609984,74.15250739699695,0.123190738260746,0.9642857142857143,0.96875,0.9736842105263157,0.967967967967968,7.520000000000001e-06,1.03125,0.0,2.0,hard|easy|medium
test,0,1,142,32,0.5273250989994267,74.67981071199756,74.68040201099939,0.2700216770172119,0.9285714285714286,0.90625,0.8928571428571428,0.9015384615384616,7.573333333333333e-06,0.9375,0.0,2.0,easy|hard|medium
test,0,1,143,32,0.5271112539994647,75.20751090699923,75.20810210899799,0.20509225130081177,0.9365079365079365,0.9375,0.9365079365079365,0.9365079365079365,7.626666666666668e-06,0.875,0.0,2.0,easy|hard|medium
test,0,1,144,32,0.5259314220020315,75.73403403099655,75.73462532000121,0.3134250044822693,0.8928571428571428,0.90625,0.9285714285714286,0.9015384615384616,7.680000000000001e-06,0.875,0.0,2.0,medium|hard|easy
test,0,1,145,32,0.5282684619960492,76.26275000899477,76.26334118699742,0.23414957523345947,0.8809523809523809,0.875,0.875,0.8745098039215686,7.733333333333334e-06,1.1875,0.0,2.0,easy|hard|medium
test,0,1,146,32,0.5278131220038631,76.79114762300014,76.79173890600214,0.17027992010116577,0.9352226720647774,0.9375,0.9352226720647774,0.9352226720647774,7.786666666666666e-06,1.0625,0.0,2.0,hard|medium|easy
test,0,1,147,32,0.5269755749977776,77.3186409810005,77.31923228599771,0.16176259517669678,0.9372549019607843,0.9375,0.9372549019607843,0.9372549019607843,7.840000000000001e-06,0.96875,0.0,2.0,hard|easy|medium
test,0,1,148,32,0.5271073160038213,77.84622756799945,77.84681877600087,0.0944511666893959,0.9761904761904762,0.96875,0.9583333333333333,0.9660657476139979,7.893333333333335e-06,0.875,0.0,2.0,easy|medium|hard
test,0,1,149,32,0.527789459003543,78.37454504999914,78.37513634499919,0.10956154018640518,0.9722222222222222,0.96875,0.9666666666666667,0.9684729064039409,7.946666666666666e-06,0.9375,0.0,2.0,medium|easy|hard
test,0,1,150,32,0.5278526269976282,78.90298341599555,78.90357493299962,0.03916666656732559,1.0,1.0,1.0,1.0,8.000000000000001e-06,0.96875,0.0,2.0,medium|hard|easy
test,0,1,151,32,0.5271562600028119,79.43068564299756,79.43127683700004,0.05005504935979843,0.9666666666666667,0.96875,0.9722222222222222,0.9684729064039409,8.053333333333335e-06,0.90625,0.0,2.0,easy|medium|hard
test,0,1,152,32,0.5280184189978172,79.95926962699741,79.95986083999742,0.10982627421617508,0.9722222222222222,0.96875,0.9666666666666667,0.9684729064039409,8.106666666666666e-06,0.90625,0.0,2.0,easy|hard|medium
test,0,1,153,32,0.527934081001149,80.48779817899776,80.488389473001,0.2034980058670044,0.9473684210526316,0.9375,0.9333333333333333,0.9365079365079365,8.16e-06,1.0625,0.0,2.0,hard|easy|medium
test,0,1,154,32,0.5269790290039964,81.01528969100036,81.01588097400236,0.17327980697155,0.9473684210526316,0.9375,0.9333333333333333,0.9365079365079365,8.213333333333335e-06,0.90625,0.0,2.0,hard|medium|easy
test,0,1,155,32,0.5269767440040596,81.54274359499686,81.54333487599797,0.13469791412353516,0.9705882352941176,0.96875,0.96875,0.9687194525904204,8.266666666666667e-06,0.90625,0.0,2.0,medium|hard|easy
test,0,1,156,32,0.5280940590018872,82.07143026300037,82.07202151299862,0.21627123653888702,0.9583333333333333,0.9375,0.9,0.9227053140096618,8.32e-06,1.21875,0.0,2.0,easy|hard|medium
test,0,1,157,32,0.527243525000813,82.59930928899848,82.59990058399853,0.12456245720386505,0.9761904761904762,0.96875,0.9583333333333333,0.9660657476139979,8.373333333333335e-06,1.0,0.0,2.0,medium|hard|easy
test,0,1,158,32,0.5277667170012137,83.1276991029954,83.12829042199883,0.38965046405792236,0.875,0.875,0.875,0.875,8.426666666666667e-06,1.03125,0.0,2.0,easy|hard|medium
test,0,1,159,32,0.528088476996345,83.65635115299665,83.65694243300095,0.3547621965408325,0.84375,0.84375,0.8562753036437247,0.8423645320197044,8.48e-06,0.875,0.0,2.0,hard|easy|medium
test,0,1,160,32,0.5279285889992025,84.18483593999554,84.18542722100392,0.1583825945854187,0.9411764705882353,0.9375,0.9411764705882353,0.9375,8.533333333333335e-06,1.125,0.0,2.0,hard|easy|medium
test,0,1,161,32,0.5269762500029174,84.71238525700028,84.71297654400405,0.0808228924870491,1.0,1.0,1.0,1.0,8.586666666666667e-06,1.125,0.0,2.0,medium|easy|hard
test,0,1,162,32,0.5264074219958275,85.23938580699905,85.23997704400244,0.3312998414039612,0.8745098039215686,0.875,0.8745098039215686,0.8745098039215686,8.64e-06,0.9375,0.0,2.0,medium|easy|hard
test,0,1,163,32,0.5284250379991136,85.76827648699691,85.76886778500193,0.029110323637723923,1.0,1.0,1.0,1.0,8.693333333333334e-06,1.0,0.0,2.0,easy|medium|hard
test,0,1,164,32,0.52740755299601,86.29628501599655,86.29687626499799,0.21479341387748718,0.8967611336032388,0.90625,0.9083333333333333,0.9015384615384616,8.746666666666667e-06,1.0,0.0,2.0,easy|hard|medium
test,0,1,165,32,0.5275393999982043,86.8243589479971,86.82495021600334,0.13879013061523438,0.9375,0.9375,0.9444444444444444,0.9372549019607843,8.8e-06,1.09375,0.0,2.0,medium|hard|easy
test,0,1,166,32,0.5264241110053263,87.35138973299763,87.35198100499838,0.16427890956401825,0.9372549019607843,0.9375,0.9372549019607843,0.9372549019607843,8.853333333333334e-06,1.125,0.0,2.0,easy|medium|hard
test,0,1,167,32,0.5278315880059381,87.87979800399626,87.88038927700109,0.11115711182355881,0.9365079365079365,0.9375,0.9365079365079365,0.9365079365079365,8.906666666666667e-06,0.96875,0.0,2.0,medium|hard|easy
test,0,1,168,32,0.5281779969955096,88.40853451099974,88.40912579200085,0.08598611503839493,0.9705882352941176,0.96875,0.96875,0.9687194525904204,8.96e-06,1.125,0.0,2.0,easy|hard|medium
test,0,1,169,32,0.5269067510016612,88.93604374500137,88.93663501999981,0.11048711836338043,0.9772727272727273,0.96875,0.9545454545454546,0.964562569213732,9.013333333333334e-06,1.15625,0.0,2.0,medium|hard|easy
test,0,1,170,32,0.5277416460012319,89.46435543899861,89.46494672299741,0.24753479659557343,0.9352226720647774,0.9375,0.9352226720647774,0.9352226720647774,9.066666666666667e-06,0.875,0.0,2.0,easy|hard|medium
test,0,1,171,32,0.5274703289978788,89.9923312289975,89.99292245200195,0.09163711965084076,0.9666666666666667,0.96875,0.9722222222222222,0.9684729064039409,9.12e-06,1.0625,0.0,2.0,easy|medium|hard
test,0,1,172,32,0.5281863670024904,90.52103064100083,90.52162193300319,0.32485777139663696,0.8916666666666666,0.90625,0.9069264069264069,0.8981972428419936,9.173333333333334e-06,1.0,0.0,2.0,hard|easy|medium
test,0,1,173,32,0.5266581779942499,91.04821735799487,91.04880863700237,0.07289759814739227,0.9666666666666667,0.96875,0.9722222222222222,0.9684729064039409,9.226666666666668e-06,0.875,0.0,2.0,medium|easy|hard
test,0,1,174,32,0.5283837460010545,91.57714526500058,91.57773653900222,0.1986483782529831,0.9285714285714286,0.9375,0.95,0.9352226720647774,9.280000000000001e-06,0.9375,0.0,2.0,medium|hard|easy
test,0,1,175,32,0.5280589850008255,92.10577063399978,92.10636186200281,0.23810304701328278,0.9523809523809523,0.9375,0.9230769230769231,0.9333333333333333,9.333333333333334e-06,1.15625,0.0,2.0,hard|easy|medium
test,0,1,176,32,0.5268050270024105,92.63312978299655,92.63372138800332,0.1218528002500534,0.9565217391304348,0.9375,0.9090909090909092,0.9272727272727272,9.386666666666668e-06,0.84375,0.0,2.0,medium|hard|easy
test,0,1,177,32,0.5291301000033855,93.16278108199913,93.16337235199899,0.06371608376502991,0.9642857142857143,0.96875,0.9736842105263157,0.967967967967968,9.440000000000001e-06,0.9375,0.0,2.0,medium|hard|easy
test,0,1,178,32,0.5278213929996127,93.69122205700114,93.69181333800225,0.12185303866863251,0.9473684210526316,0.9375,0.9333333333333333,0.9365079365079365,9.493333333333334e-06,1.09375,0.0,2.0,hard|easy|medium
test,0,1,179,32,0.5282899569938309,94.2200936349982,94.22068491100072,0.21905164420604706,0.903921568627451,0.90625,0.9087301587301587,0.9054187192118226,9.546666666666668e-06,1.1875,0.0,2.0,hard|medium|easy
test,0,1,180,32,0.5273903810011689,94.74809037299565,94.74868165299995,0.1808190643787384,0.95,0.9375,0.9285714285714286,0.9352226720647774,9.600000000000001e-06,0.875,0.0,2.0,medium|easy|hard
test,0,1,181,32,0.5300065369956428,95.27857304499776,95.27916434899817,0.19145941734313965,0.9210526315789473,0.90625,0.90625,0.9054187192118226,9.653333333333335e-06,1.125,0.0,2.0,hard|medium|easy
test,0,1,182,32,0.5294757509982446,95.80861438099964,95.80920568600413,0.36401522159576416,0.8125,0.8125,0.8125,0.8125,9.706666666666668e-06,0.96875,0.0,2.0,easy|hard|medium
test,0,1,183,32,0.5286280069994973,96.33784003699839,96.33843125800195,0.29996877908706665,0.907843137254902,0.90625,0.90625,0.906158357771261,9.760000000000001e-06,1.0625,0.0,2.0,hard|easy|medium
test,0,1,184,32,0.5298698030019295,96.8682607649971,96.86885204900318,0.1733614057302475,0.9375,0.9375,0.9444444444444444,0.9372549019607843,9.813333333333333e-06,0.90625,0.0,2.0,medium|hard|easy
test,0,1,185,32,0.5293918030001805,97.39822684999672,97.39881809899816,0.07441847026348114,0.9705882352941176,0.96875,0.96875,0.9687194525904204,9.866666666666668e-06,1.15625,0.0,2.0,hard|easy|medium
test,0,1,186,32,0.529036592997727,97.92777901299996,97.92837028299982,0.3159107267856598,0.9007936507936507,0.90625,0.9089068825910931,0.9039039039039038,9.920000000000002e-06,0.96875,0.0,2.0,hard|medium|easy
test,0,1,187,32,0.5297465889962041,98.45812497099541,98.45871626699955,0.07324647903442383,1.0,1.0,1.0,1.0,9.973333333333333e-06,0.8125,0.0,2.0,hard|easy|medium
test,0,1,188,32,0.5299283120039036,98.98866104600165,98.98925231600151,0.10679635405540466,0.975,0.96875,0.9615384615384616,0.9671794871794872,1.0026666666666667e-05,1.03125,0.0,2.0,easy|hard|medium
test,0,1,189,32,0.5293937280002865,99.51866873399558,99.51926000299864,0.10940037667751312,0.9583333333333333,0.96875,0.9761904761904762,0.9660657476139979,1.008e-05,1.0625,0.0,2.0,medium|easy|hard
test,0,1,190,32,0.5283557459988515,100.04760958299448,100.0482008120016,0.050503842532634735,1.0,1.0,1.0,1.0,1.0133333333333335e-05,0.78125,0.0,2.0,medium|easy|hard
test,0,1,191,32,0.5304447979942779,100.57859439599997,100.5791856920041,0.15146732330322266,0.9375,0.9375,0.9375,0.9375,1.0186666666666667e-05,1.125,0.0,2.0,hard|medium|easy
test,0,1,192,32,0.5295760120061459,101.10872274600115,101.10931402500137,0.17073091864585876,0.9772727272727273,0.96875,0.9545454545454546,0.964562569213732,1.024e-05,0.9375,0.0,2.0,easy|hard|medium
test,0,1,193,32,0.5292714199968032,101.6385499809985,101.63914121499693,0.1716998964548111,0.9705882352941176,0.96875,0.96875,0.9687194525904204,1.0293333333333335e-05,0.84375,0.0,2.0,medium|hard|easy
test,0,1,194,32,0.5300351749974652,102.16914140500012,102.16973263500404,0.04476872831583023,1.0,1.0,1.0,1.0,1.0346666666666667e-05,0.875,0.0,2.0,medium|easy|hard
test,0,1,195,32,0.5295722189985099,102.69921819699812,102.699809482001,0.2554515600204468,0.9117647058823529,0.90625,0.9166666666666667,0.906158357771261,1.04e-05,1.09375,0.0,2.0,hard|medium|easy
test,0,1,196,32,0.5287564810059848,103.22852897999837,103.22912025899859,0.16620194911956787,0.9372549019607843,0.9375,0.9372549019607843,0.9372549019607843,1.0453333333333334e-05,1.15625,0.0,2.0,medium|hard|easy
test,0,1,197,32,0.530857231002301,103.75997195200034,103.7605632249979,0.41454648971557617,0.825,0.84375,0.8376623376623377,0.8303287380699894,1.0506666666666667e-05,1.15625,0.0,2.0,hard|easy|medium
test,0,1,198,32,0.5295664610021049,104.29011387499486,104.29070514900377,0.39462754130363464,0.9318181818181819,0.90625,0.8846153846153846,0.8981972428419936,1.056e-05,1.0625,0.0,2.0,medium|easy|hard
test,0,1,199,32,0.5294877479973366,104.82018064699514,104.82077192499855,0.11145403236150742,0.9736842105263157,0.96875,0.9642857142857143,0.967967967967968,1.0613333333333334e-05,0.9375,0.0,2.0,easy|medium|hard
test,0,1,200,32,0.5297004859967274,105.35046388900082,105.35105513400049,0.14634574949741364,0.9375,0.9375,0.9444444444444444,0.9372549019607843,1.0666666666666667e-05,1.21875,0.0,2.0,hard|easy|medium
test,0,1,201,32,0.5296580549984355,105.88071218899859,105.88130341999931,0.15453031659126282,0.9666666666666667,0.96875,0.9722222222222222,0.9684729064039409,1.072e-05,1.15625,0.0,2.0,hard|medium|easy
test,0,1,202,32,0.5293842709943419,106.41069312900072,106.41128436400322,0.14428439736366272,0.9666666666666667,0.96875,0.9722222222222222,0.9684729064039409,1.0773333333333334e-05,1.1875,0.0,2.0,easy|hard|medium
test,0,1,203,32,0.528932225999597,106.94014746500034,106.94073868200212,0.1614862084388733,0.9473684210526316,0.9375,0.9333333333333333,0.9365079365079365,1.0826666666666667e-05,0.75,0.0,2.0,medium|easy|hard
test,0,1,204,32,0.529734345000179,107.47040775699861,107.4709989719995,0.28251805901527405,0.90625,0.90625,0.907843137254902,0.906158357771261,1.0880000000000001e-05,0.96875,0.0,2.0,medium|easy|hard
test,0,1,205,32,0.5299051920010243,108.00087268399511,108.00146396699711,0.32575488090515137,0.9166666666666667,0.90625,0.9117647058823529,0.906158357771261,1.0933333333333334e-05,1.0625,0.0,2.0,easy|hard|medium
test,0,1,206,32,0.5298068800038891,108.53125940600148,108.53185067100276,0.23420369625091553,0.9333333333333333,0.9375,0.9473684210526316,0.9365079365079365,1.0986666666666668e-05,1.28125,0.0,2.0,hard|easy|medium
test,0,1,207,32,0.529790018001222,109.06161735799833,109.06220863199997,0.15496987104415894,0.9444444444444444,0.9375,0.9375,0.9372549019607843,1.1040000000000001e-05,0.96875,0.0,2.0,easy|medium|hard
test,0,1,208,32,0.5302717509985087,109.59239895299834,109.59299022800406,0.06257931143045425,1.0,1.0,1.0,1.0,1.1093333333333334e-05,0.875,0.0,2.0,hard|medium|easy
test,0,1,209,32,0.5293832870011101,110.12236930899962,110.1229605289991,0.24469473958015442,0.9372549019607843,0.9375,0.9372549019607843,0.9372549019607843,1.1146666666666668e-05,0.9375,0.0,2.0,medium|hard|easy
test,0,1,210,32,0.5300126120055211,110.65295352699468,110.65354481899703,0.20096559822559357,0.9722222222222222,0.96875,0.9666666666666667,0.9684729064039409,1.1200000000000001e-05,1.09375,0.0,2.0,easy|medium|hard
test,0,1,211,32,0.5300723530017422,111.18348954899557,111.18408076500054,0.08119618147611618,1.0,1.0,1.0,1.0,1.1253333333333335e-05,1.15625,0.0,2.0,medium|easy|hard
test,0,1,212,32,0.5292067720001796,111.71314262899978,111.71373407699866,0.23886477947235107,0.9047619047619048,0.875,0.8666666666666667,0.8704453441295547,1.1306666666666668e-05,0.75,0.0,2.0,hard|easy|medium
test,0,1,213,32,0.5288788230027421,112.2426123779951,112.2432036090031,0.06613808870315552,1.0,1.0,1.0,1.0,1.136e-05,0.90625,0.0,2.0,easy|hard|medium
test,0,1,214,32,0.5298188189990469,112.77297482299764,112.773566115,0.08541318774223328,0.9736842105263157,0.96875,0.9642857142857143,0.967967967967968,1.1413333333333335e-05,0.8125,0.0,2.0,medium|easy|hard
test,0,1,215,32,0.5299257549995673,113.3035023689954,113.30409366400272,0.39150890707969666,0.8319838056680162,0.84375,0.8416666666666667,0.8358974358974359,1.1466666666666668e-05,0.875,0.0,2.0,medium|easy|hard
test,0,1,216,32,0.5288914640041185,113.83294774499518,113.83353903199895,0.09085583686828613,0.9473684210526316,0.9375,0.9333333333333333,0.9365079365079365,1.152e-05,0.90625,0.0,2.0,medium|easy|hard
test,0,1,217,32,0.5304826409992529,114.36402030699537,114.36461166100344,0.23819729685783386,0.9285714285714286,0.90625,0.8928571428571428,0.9015384615384616,1.1573333333333335e-05,1.1875,0.0,2.0,easy|medium|hard
test,0,1,218,32,0.5300875380053185,114.89466869999887,114.8952599990007,0.32520219683647156,0.9047619047619048,0.875,0.8666666666666667,0.8704453441295547,1.1626666666666668e-05,0.90625,0.0,2.0,medium|hard|easy
test,0,1,219,32,0.5289207250025356,115.42414974299754,115.42474097000377,0.06260789185762405,1.0,1.0,1.0,1.0,1.168e-05,0.96875,0.0,2.0,easy|hard|medium
test,0,1,220,32,0.5304803249964607,115.95518622899544,115.9557774950008,0.24002717435359955,0.9444444444444444,0.9375,0.9375,0.9372549019607843,1.1733333333333335e-05,0.75,0.0,2.0,easy|medium|hard
test,0,1,221,32,0.529674415003683,116.4854957819989,116.48608700100158,0.06126081943511963,0.9736842105263157,0.96875,0.9642857142857143,0.967967967967968,1.1786666666666668e-05,0.8125,0.0,2.0,easy|hard|medium
test,0,1,222,32,0.5297897749987897,117.01584013799584,117.01643141500244,0.144104465842247,0.9705882352941176,0.96875,0.96875,0.9687194525904204,1.184e-05,0.90625,0.0,2.0,hard|easy|medium
test,0,1,223,32,0.5291582130012102,117.54558016399824,117.54617144000076,0.17461863160133362,0.9352226720647774,0.9375,0.9352226720647774,0.9352226720647774,1.1893333333333335e-05,1.0,0.0,2.0,hard|medium|easy
test,0,1,224,32,0.5304783009996754,118.07666615399648,118.07725745600328,0.19742554426193237,0.9372549019607843,0.9375,0.9372549019607843,0.9372549019607843,1.1946666666666669e-05,1.1875,0.0,2.0,easy|medium|hard
test,0,1,225,32,0.5300721960011288,118.60733654799697,118.60792782600038,0.1782671958208084,0.9444444444444444,0.9375,0.9375,0.9372549019607843,1.2e-05,1.15625,0.0,2.0,medium|hard|easy
test,0,1,226,32,0.528838956997788,119.13675954599603,119.1373508359975,0.5985140204429626,0.8490196078431372,0.84375,0.8531746031746033,0.8435972629521017,1.2053333333333335e-05,1.21875,0.0,2.0,hard|medium|easy
test,0,1,227,32,0.5305896660065628,119.66781916200125,119.66841044199828,0.16930128633975983,0.9642857142857143,0.96875,0.9736842105263157,0.967967967967968,1.2106666666666667e-05,0.96875,0.0,2.0,hard|medium|easy
test,0,1,228,32,0.5301032869974733,120.19853695399797,120.19912818299781,0.14510415494441986,0.96875,0.96875,0.9705882352941176,0.9687194525904204,1.216e-05,0.9375,0.0,2.0,easy|medium|hard
test,0,1,229,32,0.5296554939995985,120.72879080299754,120.72938208800042,0.11726602166891098,0.96875,0.96875,0.9705882352941176,0.9687194525904204,1.2213333333333336e-05,1.21875,0.0,2.0,medium|hard|easy
test,0,1,230,32,0.530840077000903,121.26011547300004,121.26070670499757,0.08222657442092896,0.9736842105263157,0.96875,0.9642857142857143,0.967967967967968,1.2266666666666667e-05,0.90625,0.0,2.0,hard|medium|easy
test,0,1,231,32,0.5297959899980924,121.79042336999555,121.79101466300199,0.020679134875535965,1.0,1.0,1.0,1.0,1.232e-05,0.875,0.0,2.0,hard|medium|easy
test,0,1,232,32,0.5293371600055252,122.32032912299474,122.32092036800168,0.28470999002456665,0.925,0.90625,0.9,0.9039039039039038,1.2373333333333336e-05,1.0625,0.0,2.0,medium|hard|easy
test,0,1,233,32,0.5304304789970047,122.8513186459968,122.85190992199932,0.3200833201408386,0.9,0.90625,0.925,0.9039039039039038,1.2426666666666667e-05,1.03125,0.0,2.0,easy|hard|medium
test,0,1,234,32,0.5303106529972865,123.38222976999532,123.38282104799873,0.2660086154937744,0.9285714285714286,0.90625,0.8928571428571428,0.9015384615384616,1.248e-05,1.09375,0.0,2.0,medium|hard|easy
test,0,1,235,32,0.5302011770036188,123.91296509599488,123.91355638600362,0.03062019869685173,1.0,1.0,1.0,1.0,1.2533333333333336e-05,1.0625,0.0,2.0,easy|medium|hard
test,0,1,236,32,0.5291874949980411,124.44268090299738,124.4432722010024,0.06393766403198242,0.9666666666666667,0.96875,0.9722222222222222,0.9684729064039409,1.2586666666666668e-05,1.0625,0.0,2.0,hard|medium|easy
test,0,1,237,32,0.5311065959976986,124.97429941599694,124.97489069899893,0.17063933610916138,0.9523809523809523,0.9375,0.9230769230769231,0.9333333333333333,1.2640000000000001e-05,0.9375,0.0,2.0,medium|hard|easy
test,0,1,238,32,0.5294578050015843,125.50431344599929,125.50490472999809,0.19172906875610352,0.8705882352941177,0.875,0.8825910931174089,0.873015873015873,1.2693333333333336e-05,1.0625,0.0,2.0,easy|medium|hard
test,0,1,239,32,0.5295231319978484,126.0343026720002,126.0348939530013,0.0365540012717247,1.0,1.0,1.0,1.0,1.2746666666666668e-05,1.28125,0.0,2.0,hard|medium|easy
test,0,1,240,32,0.5306142539993743,126.5654156199962,126.56600689399784,0.12806713581085205,0.9583333333333333,0.96875,0.9761904761904762,0.9660657476139979,1.2800000000000001e-05,1.0625,0.0,2.0,hard|medium|easy
test,0,1,241,32,0.5302842309974949,127.09617022799648,127.09676150199812,0.25161296129226685,0.875,0.875,0.8809523809523809,0.8745098039215686,1.2853333333333336e-05,0.9375,0.0,2.0,hard|medium|easy
test,0,1,242,32,0.5296588799974415,127.62635445599881,127.62694572300097,0.03427669405937195,1.0,1.0,1.0,1.0,1.2906666666666668e-05,1.0625,0.0,2.0,medium|hard|easy
test,0,1,243,32,0.5310147580021294,128.1578465249986,128.15843814599793,0.014613102190196514,1.0,1.0,1.0,1.0,1.2960000000000001e-05,0.9375,0.0,2.0,hard|medium|easy
test,0,1,244,32,0.5307341589941643,128.68908038999507,128.68967172400153,0.276750385761261,0.9210526315789473,0.90625,0.90625,0.9054187192118226,1.3013333333333333e-05,0.9375,0.0,2.0,easy|hard|medium
test,0,1,245,32,0.5291937889996916,129.21874445999856,129.2193357060023,0.024157624691724777,1.0,1.0,1.0,1.0,1.3066666666666668e-05,0.84375,0.0,2.0,easy|hard|medium
test,0,1,246,32,0.5302355019957758,129.7495797589945,129.75017103100254,0.026704590767621994,1.0,1.0,1.0,1.0,1.3120000000000001e-05,0.96875,0.0,2.0,hard|easy|medium
test,0,1,247,32,0.5300475859985454,130.2804271519999,130.28101837300346,0.19882990419864655,0.9444444444444444,0.9375,0.9375,0.9372549019607843,1.3173333333333333e-05,0.90625,0.0,2.0,easy|medium|hard
test,0,1,248,32,0.5300499779987149,130.8109584010017,130.81154969300405,0.03594137728214264,1.0,1.0,1.0,1.0,1.3226666666666668e-05,0.84375,0.0,2.0,hard|medium|easy
test,0,1,249,32,0.5287614650005708,131.3401876909993,131.3407789749981,0.16601397097110748,0.9333333333333333,0.9375,0.9473684210526316,0.9365079365079365,1.3280000000000002e-05,1.125,0.0,2.0,hard|easy|medium
test,0,1,250,32,0.5306430999989971,131.87126271899615,131.87185401400347,0.15052737295627594,0.8928571428571428,0.90625,0.9285714285714286,0.9015384615384616,1.3333333333333333e-05,1.0625,0.0,2.0,easy|medium|hard
test,0,2,1,32,0.5312513550015865,0.6163949290057644,142.33320678499877,0.015532543882727623,1.0,1.0,1.0,1.0,1.3386666666666668e-05,0.9375,0.0,2.0,medium|hard|easy
test,0,2,2,32,0.5307705340019311,1.1478531660031877,142.86466499500239,0.17391619086265564,0.9736842105263157,0.96875,0.9642857142857143,0.967967967967968,1.3440000000000002e-05,1.03125,0.0,2.0,hard|easy|medium
test,0,2,3,32,0.5300491219968535,1.6783935359999305,143.39520533999894,0.1722203493118286,0.9352226720647774,0.9375,0.9352226720647774,0.9352226720647774,1.3493333333333333e-05,0.96875,0.0,2.0,medium|easy|hard
test,0,2,4,32,0.5303493570027058,2.209244354002294,143.92605617200024,0.4207720160484314,0.8967611336032388,0.90625,0.9083333333333333,0.9015384615384616,1.3546666666666669e-05,1.09375,0.0,2.0,medium|easy|hard
test,0,2,5,32,0.5308708800002933,2.7407216350038652,144.4575334570036,0.24329569935798645,0.9444444444444444,0.9375,0.9375,0.9372549019607843,1.3600000000000002e-05,0.96875,0.0,2.0,easy|hard|medium
test,0,2,6,32,0.5308966929951566,3.2721751510034665,144.98898693500087,0.015864161774516106,1.0,1.0,1.0,1.0,1.3653333333333334e-05,1.21875,0.0,2.0,medium|hard|easy
test,0,2,7,32,0.5299498719978146,3.802727350004716,145.51953914800106,0.01605139672756195,1.0,1.0,1.0,1.0,1.3706666666666669e-05,1.09375,0.0,2.0,medium|easy|hard
test,0,2,8,32,0.5314784660004079,4.334770115005085,146.0515819190041,0.3466450870037079,0.8825910931174089,0.875,0.8705882352941177,0.873015873015873,1.376e-05,1.0,0.0,2.0,easy|medium|hard
test,0,2,9,32,0.5309448730040458,4.866326120005397,146.58313794300193,0.24894073605537415,0.9411764705882353,0.9375,0.9411764705882353,0.9375,1.3813333333333334e-05,1.125,0.0,2.0,hard|easy|medium
test,0,2,10,32,0.5302197720011463,5.397176229002071,147.11398800199822,0.2521727383136749,0.9365079365079365,0.9375,0.9365079365079365,0.9365079365079365,1.3866666666666669e-05,1.375,0.0,2.0,hard|easy|medium
test,0,2,11,32,0.5314806409951416,5.929235928000708,147.64604775099724,0.023009950295090675,1.0,1.0,1.0,1.0,1.392e-05,1.15625,0.0,2.0,easy|medium|hard
test,0,2,12,32,0.53073140700144,6.460504574002698,148.17731639600242,0.01404801569879055,1.0,1.0,1.0,1.0,1.3973333333333334e-05,1.09375,0.0,2.0,hard|easy|medium
test,0,2,13,32,0.5308290060056606,6.991916800005129,148.70872860999953,0.00940906722098589,1.0,1.0,1.0,1.0,1.4026666666666669e-05,1.09375,0.0,2.0,medium|hard|easy
test,0,2,14,32,0.5309689790010452,7.523362233005173,149.240174012004,0.18426334857940674,0.9307359307359306,0.9375,0.9307359307359306,0.9307359307359306,1.408e-05,0.84375,0.0,2.0,medium|easy|hard
test,0,2,15,32,0.5314733350023744,8.055333278003673,149.7721451269972,0.07749954611063004,0.9352226720647774,0.9375,0.9352226720647774,0.9352226720647774,1.4133333333333334e-05,1.0,0.0,2.0,medium|easy|hard
test,0,2,16,32,0.5305266559953452,8.586420448998979,150.30323226699693,0.21041028201580048,0.9333333333333333,0.9375,0.9473684210526316,0.9365079365079365,1.418666666666667e-05,0.65625,0.0,2.0,medium|hard|easy
test,0,2,17,32,0.529847225996491,9.116837373003364,150.83364918800362,0.27714407444000244,0.9,0.90625,0.925,0.9039039039039038,1.4240000000000001e-05,1.09375,0.0,2.0,medium|hard|easy
test,0,2,18,32,0.5309072439995361,9.648330071999226,151.36514188699948,0.1663442850112915,0.9523809523809523,0.9375,0.9230769230769231,0.9333333333333333,1.4293333333333334e-05,0.9375,0.0,2.0,medium|easy|hard
test,0,2,19,32,0.5307174320041668,10.179655678002746,151.896467493003,0.0064127491787076,1.0,1.0,1.0,1.0,1.434666666666667e-05,0.90625,0.0,2.0,hard|medium|easy
test,0,2,20,32,0.530250370997237,10.710475500003668,152.42728731300303,0.1543620377779007,0.9615384615384616,0.96875,0.975,0.9671794871794872,1.4400000000000001e-05,1.0625,0.0,2.0,easy|medium|hard
test,0,2,21,32,0.5312343789992156,11.24222383400047,152.95903566900233,0.15046963095664978,0.9352226720647774,0.9375,0.9352226720647774,0.9352226720647774,1.4453333333333334e-05,1.1875,0.0,2.0,hard|medium|easy
test,0,2,22,32,0.530972845001088,11.773832658000174,153.49064447300043,0.015550795011222363,1.0,1.0,1.0,1.0,1.450666666666667e-05,1.0,0.0,2.0,hard|medium|easy
test,0,2,23,32,0.5297589439942385,12.304187166999327,154.02099898300366,0.14801432192325592,0.9666666666666667,0.96875,0.9722222222222222,0.9684729064039409,1.4560000000000001e-05,1.375,0.0,2.0,hard|easy|medium
test,0,2,24,32,0.5312221519998275,12.835929131004377,154.55274094999913,0.07826649397611618,0.9705882352941176,0.96875,0.96875,0.9687194525904204,1.4613333333333335e-05,1.15625,0.0,2.0,medium|hard|easy
test,0,2,25,32,0.5308751559932716,13.367350221000379,155.08416224199755,0.014588283374905586,1.0,1.0,1.0,1.0,1.4666666666666666e-05,0.96875,0.0,2.0,medium|easy|hard
test,0,2,26,32,0.5297944670019206,13.897727613002644,155.6145394289997,0.15670177340507507,0.975,0.96875,0.9615384615384616,0.9671794871794872,1.4720000000000001e-05,1.21875,0.0,2.0,easy|hard|medium
test,0,2,27,32,0.5316722900024615,14.429973759004497,156.1467855860028,0.07590273767709732,0.9705882352941176,0.96875,0.96875,0.9687194525904204,1.4773333333333335e-05,0.78125,0.0,2.0,hard|medium|easy
test,0,2,28,32,0.5309883929949137,14.961511497000174,156.67832333400293,0.17363570630550385,0.9365079365079365,0.9375,0.9365079365079365,0.9365079365079365,1.4826666666666666e-05,0.9375,0.0,2.0,medium|hard|easy
test,0,2,29,32,0.530409941005928,15.492491388999042,157.20930320500338,0.04356838017702103,0.9722222222222222,0.96875,0.9666666666666667,0.9684729064039409,1.4880000000000002e-05,1.21875,0.0,2.0,hard|medium|easy
test,0,2,30,32,0.5315898890039534,16.024528914000257,157.74134072200104,0.13352032005786896,0.9722222222222222,0.96875,0.9666666666666667,0.9684729064039409,1.4933333333333335e-05,1.0,0.0,2.0,hard|easy|medium
test,0,2,31,32,0.5302695110003697,16.555349629001284,158.2721614539987,0.07099071145057678,0.9736842105263157,0.96875,0.9642857142857143,0.967967967967968,1.4986666666666667e-05,0.9375,0.0,2.0,easy|medium|hard
test,0,2,32,32,0.5312958290014649,17.08721714100102,158.8040289519995,0.01754959672689438,1.0,1.0,1.0,1.0,1.5040000000000002e-05,0.9375,0.0,2.0,easy|medium|hard
test,0,2,33,32,0.5314520169995376,17.619198692998907,159.33601050000289,0.04528852552175522,0.9705882352941176,0.96875,0.96875,0.9687194525904204,1.5093333333333335e-05,0.96875,0.0,2.0,medium|easy|hard
test,0,2,34,32,0.5315967770002317,18.151425989999552,159.86823776300298,0.05280463024973869,0.9615384615384616,0.96875,0.975,0.9671794871794872,1.5146666666666667e-05,1.09375,0.0,2.0,medium|hard|easy
test,0,2,35,32,0.5303959960001521,18.682426023005974,160.39923779400124,0.062273502349853516,0.9782608695652174,0.96875,0.95,0.9625730994152046,1.5200000000000002e-05,0.90625,0.0,2.0,medium|hard|easy
test,0,2,36,32,0.5301781560046948,19.21312459500041,160.9299364230028,0.13215425610542297,0.9365079365079365,0.9375,0.9365079365079365,0.9365079365079365,1.5253333333333335e-05,0.96875,0.0,2.0,easy|hard|medium
test,0,2,37,32,0.5312336959977983,19.744833491000463,161.46164527699875,0.008400728926062584,1.0,1.0,1.0,1.0,1.5306666666666667e-05,0.6875,0.0,2.0,medium|hard|easy
test,0,2,38,32,0.5300934199985932,20.27544099499937,161.9922528169991,0.12330491095781326,0.9722222222222222,0.96875,0.9666666666666667,0.9684729064039409,1.5360000000000002e-05,1.09375,0.0,2.0,easy|medium|hard
test,0,2,39,32,0.5306005120000918,20.806553709000582,162.5233655300035,0.005820043385028839,1.0,1.0,1.0,1.0,1.5413333333333337e-05,1.15625,0.0,2.0,hard|easy|medium
test,0,2,40,32,0.5313785440011998,21.3384645200058,163.05527633900056,0.01193123497068882,1.0,1.0,1.0,1.0,1.546666666666667e-05,0.78125,0.0,2.0,medium|easy|hard
test,0,2,41,32,0.5314502239998546,21.870490783003333,163.5873025980036,0.11893769353628159,0.96875,0.96875,0.9705882352941176,0.9687194525904204,1.552e-05,1.375,0.0,2.0,hard|medium|easy
test,0,2,42,32,0.5301000390027184,22.40109808100533,164.11790989000292,0.25584179162979126,0.9545454545454546,0.9375,0.9166666666666667,0.9307359307359306,1.5573333333333332e-05,0.5625,0.0,2.0,easy|medium|hard
test,0,2,43,32,0.5312587980006356,22.932947925000917,164.64975984299963,0.17450447380542755,0.96875,0.96875,0.9705882352941176,0.9687194525904204,1.5626666666666667e-05,1.0,0.0,2.0,medium|hard|easy
test,0,2,44,32,0.5310558189958101,23.464505674004613,165.18131744499988,0.22024893760681152,0.9365079365079365,0.9375,0.9365079365079365,0.9365079365079365,1.5680000000000002e-05,1.34375,0.0,2.0,hard|medium|easy
test,0,2,45,32,0.5300980609972612,23.995155815006,165.71196762000181,0.1400795727968216,0.9782608695652174,0.96875,0.95,0.9625730994152046,1.5733333333333334e-05,1.09375,0.0,2.0,hard|medium|easy
test,0,2,46,32,0.531452465998882,24.527167970001756,166.24397979400237,0.08159756660461426,0.975,0.96875,0.9615384615384616,0.9671794871794872,1.578666666666667e-05,0.875,0.0,2.0,easy|hard|medium
test,0,2,47,32,0.5312280689977342,25.058997828004067,166.77580960900377,0.1693531721830368,0.9642857142857143,0.96875,0.9736842105263157,0.967967967967968,1.584e-05,0.90625,0.0,2.0,easy|hard|medium
test,0,2,48,32,0.5306701800000155,25.590158114006044,167.30696989999706,0.019616130739450455,1.0,1.0,1.0,1.0,1.5893333333333333e-05,1.0,0.0,2.0,medium|hard|easy
test,0,2,49,32,0.5313137859993731,26.121990411003935,167.83880220600258,0.24375374615192413,0.9083333333333333,0.90625,0.8967611336032388,0.9015384615384616,1.5946666666666668e-05,0.9375,0.0,2.0,medium|easy|hard
test,0,2,50,32,0.5312694310050574,26.653738900000462,168.37055071599752,0.137721985578537,0.9722222222222222,0.96875,0.9666666666666667,0.9684729064039409,1.6000000000000003e-05,1.15625,0.0,2.0,easy|medium|hard
test,0,2,51,32,0.5306371859987848,27.184961099002976,168.90177294299792,0.1343109905719757,0.9375,0.9375,0.9375,0.9375,1.6053333333333334e-05,1.09375,0.0,2.0,medium|easy|hard
test,0,2,52,32,0.531609126002877,27.717146715003764,169.43395849799708,0.11402812600135803,0.9722222222222222,0.96875,0.9666666666666667,0.9684729064039409,1.610666666666667e-05,1.15625,0.0,2.0,hard|medium|easy
test,0,2,53,32,0.5316765180032235,28.249299267001334,169.9661110829984,0.4331636428833008,0.868421052631579,0.84375,0.8611111111111112,0.8435972629521017,1.616e-05,0.59375,0.0,2.0,easy|hard|medium
test,0,2,54,32,0.530997757006844,28.780911211004423,170.49772302099882,0.0601135715842247,1.0,1.0,1.0,1.0,1.6213333333333333e-05,1.0,0.0,2.0,medium|hard|easy
test,0,2,55,32,0.5298660159969586,29.3113425210031,171.02815433299838,0.16782358288764954,0.9473684210526316,0.9375,0.9333333333333333,0.9365079365079365,1.6266666666666668e-05,1.25,0.0,2.0,hard|medium|easy
test,0,2,56,32,0.5316502619971288,29.84346600600111,171.56027782500314,0.029425669461488724,1.0,1.0,1.0,1.0,1.632e-05,0.65625,0.0,2.0,easy|medium|hard
test,0,2,57,32,0.5304925529999309,30.374487872999453,172.09129969400237,0.21507753431797028,0.9166666666666667,0.90625,0.9117647058823529,0.906158357771261,1.6373333333333335e-05,0.96875,0.0,2.0,medium|easy|hard
test,0,2,58,32,0.5300414469966199,30.90505762900284,172.62186941700202,0.11351603269577026,0.9705882352941176,0.96875,0.96875,0.9687194525904204,1.642666666666667e-05,1.09375,0.0,2.0,medium|hard|easy
test,0,2,59,32,0.531915409002977,31.437421482005448,173.15423326900054,0.025825388729572296,1.0,1.0,1.0,1.0,1.648e-05,0.875,0.0,2.0,easy|hard|medium
test,0,2,60,32,0.5307876379956724,31.968787997000618,173.6855998059982,0.061902906745672226,0.9772727272727273,0.96875,0.9545454545454546,0.964562569213732,1.6533333333333333e-05,0.9375,0.0,2.0,easy|hard|medium
test,0,2,61,32,0.5302042550029,32.49957264400291,174.21638442000403,0.02305588498711586,1.0,1.0,1.0,1.0,1.6586666666666668e-05,1.03125,0.0,2.0,medium|hard|easy
test,0,2,62,32,0.530836564998026,33.030878322002536,174.74769015300262,0.282970666885376,0.9307359307359306,0.9375,0.9307359307359306,0.9307359307359306,1.664e-05,0.71875,0.0,2.0,medium|easy|hard
test,0,2,63,32,0.5308108600002015,33.56228679299966,175.27909857899795,0.45248115062713623,0.8411764705882353,0.84375,0.8452380952380952,0.8423645320197044,1.6693333333333335e-05,1.125,0.0,2.0,hard|medium|easy
test,0,2,64,32,0.5304748499984271,34.09334309800033,175.81015488000412,0.012418785132467747,1.0,1.0,1.0,1.0,1.674666666666667e-05,0.78125,0.0,2.0,medium|hard|easy
test,0,2,65,32,0.5320244719987386,34.625978898999165,176.34279072400386,0.18139943480491638,0.9,0.9375,0.9583333333333333,0.9227053140096618,1.6800000000000002e-05,1.0625,0.0,2.0,easy|medium|hard
test,0,2,66,32,0.5306315480047488,35.157170395999856,176.8739821700001,0.19402208924293518,0.9166666666666667,0.9375,0.9545454545454546,0.9307359307359306,1.6853333333333333e-05,1.09375,0.0,2.0,hard|easy|medium
test,0,2,67,32,0.5301713520020712,35.68790740700206,177.4047192279977,0.14360369741916656,0.9736842105263157,0.96875,0.9642857142857143,0.967967967967968,1.690666666666667e-05,0.9375,0.0,2.0,easy|hard|medium
test,0,2,68,32,0.5318201820045942,36.22025402200234,177.93706585300242,0.23857250809669495,0.9372549019607843,0.9375,0.9372549019607843,0.9372549019607843,1.696e-05,1.03125,0.0,2.0,hard|easy|medium
test,0,2,69,32,0.5306428940020851,36.751451269003155,178.46826338399842,0.2283431440591812,0.9473684210526316,0.9375,0.9333333333333333,0.9365079365079365,1.7013333333333335e-05,0.875,0.0,2.0,easy|medium|hard
test,0,2,70,32,0.530926305000321,37.28294940300111,178.99976122200314,0.0399981290102005,0.9642857142857143,0.96875,0.9736842105263157,0.967967967967968,1.706666666666667e-05,1.09375,0.0,2.0,easy|hard|medium
test,0,2,71,32,0.5314419089991134,37.8150127800036,179.53182477699738,0.18148542940616608,0.9615384615384616,0.96875,0.975,0.9671794871794872,1.7120000000000002e-05,0.71875,0.0,2.0,easy|medium|hard
test,0,2,72,32,0.5318180809990736,38.34734920600022,180.06416101800278,0.18030954897403717,0.9705882352941176,0.96875,0.96875,0.9687194525904204,1.7173333333333334e-05,1.09375,0.0,2.0,medium|hard|easy
test,0,2,73,32,0.5312803580018226,38.87923702000262,180.5960488510027,0.2220463901758194,0.9411764705882353,0.9375,0.9411764705882353,0.9375,1.7226666666666665e-05,0.90625,0.0,2.0,easy|medium|hard
test,0,2,74,32,0.5306739189982181,39.41048034200503,181.12729214299907,0.04298436641693115,0.9642857142857143,0.96875,0.9736842105263157,0.967967967967968,1.728e-05,0.96875,0.0,2.0,medium|hard|easy
test,0,2,75,32,0.5318194490027963,39.9428215049993,181.65963334900152,0.2970958352088928,0.90625,0.90625,0.9210526315789473,0.9054187192118226,1.7333333333333336e-05,1.125,0.0,2.0,hard|easy|medium
test,0,2,76,32,0.5305999150004936,40.47395650600083,182.19076832599967,0.09952741861343384,0.9545454545454546,0.9375,0.9166666666666667,0.9307359307359306,1.7386666666666667e-05,1.15625,0.0,2.0,medium|easy|hard
test,0,2,77,32,0.5311842859955505,41.00568225700408,182.72249409199867,0.13577869534492493,0.9375,0.9375,0.9444444444444444,0.9372549019607843,1.7440000000000002e-05,0.9375,0.0,2.0,hard|easy|medium
test,0,2,78,32,0.5316052950001904,41.53784142099903,183.25465324999823,0.20612376928329468,0.9285714285714286,0.90625,0.8928571428571428,0.9015384615384616,1.7493333333333334e-05,1.15625,0.0,2.0,hard|easy|medium
test,0,2,79,32,0.5311128329994972,42.06956443600211,183.7863762449997,0.014839033596217632,1.0,1.0,1.0,1.0,1.7546666666666666e-05,1.34375,0.0,2.0,hard|medium|easy
test,0,2,80,32,0.5303886430046987,42.600470666002366,184.3172824439971,0.05482993647456169,0.9666666666666667,0.96875,0.9722222222222222,0.9684729064039409,1.76e-05,1.125,0.0,2.0,easy|hard|medium
test,0,2,81,32,0.5316862219988252,43.132663579999644,184.84947536000254,0.05187883600592613,0.9666666666666667,0.96875,0.9722222222222222,0.9684729064039409,1.7653333333333336e-05,0.71875,0.0,2.0,hard|easy|medium
test,0,2,82,32,0.5314344110011007,43.664689196004474,185.38150098500046,0.03121115453541279,1.0,1.0,1.0,1.0,1.7706666666666668e-05,0.8125,0.0,2.0,hard|easy|medium
test,0,2,83,32,0.5307301860011648,44.19600025199907,185.91281206499843,0.09862439334392548,0.9705882352941176,0.96875,0.96875,0.9687194525904204,1.7760000000000003e-05,1.0625,0.0,2.0,medium|hard|easy
test,0,2,84,32,0.5314710039965576,44.72804569800064,186.4448575159986,0.09598301351070404,0.9666666666666667,0.96875,0.9722222222222222,0.9684729064039409,1.7813333333333334e-05,0.8125,0.0,2.0,medium|easy|hard
test,0,2,85,32,0.5312580770041677,45.25981503500225,186.9766268550011,0.24874043464660645,0.9365079365079365,0.9375,0.9365079365079365,0.9365079365079365,1.7866666666666666e-05,1.0,0.0,2.0,medium|easy|hard
test,0,2,86,32,0.5305725059952238,45.79088503800449,187.50769681899692,0.17158402502536774,0.9523809523809523,0.9375,0.9230769230769231,0.9333333333333333,1.792e-05,0.78125,0.0,2.0,medium|easy|hard
test,0,2,87,32,0.5315779109951109,46.32303751600557,188.039849341003,0.057692646980285645,0.96875,0.96875,0.9705882352941176,0.9687194525904204,1.7973333333333333e-05,0.78125,0.0,2.0,medium|easy|hard
test,0,2,88,32,0.5311357979953755,46.85477340700163,188.57158522700047,0.011556092649698257,1.0,1.0,1.0,1.0,1.8026666666666668e-05,0.84375,0.0,2.0,medium|easy|hard
test,0,2,89,32,0.5300264069956029,47.38537319900206,189.10218503000215,0.008690734393894672,1.0,1.0,1.0,1.0,1.8080000000000003e-05,0.8125,0.0,2.0,medium|hard|easy
test,0,2,90,32,0.5318716229958227,47.91783785699954,189.63464967800246,0.2319427877664566,0.9375,0.9375,0.9444444444444444,0.9372549019607843,1.8133333333333335e-05,0.875,0.0,2.0,hard|medium|easy
test,0,2,91,32,0.53105123500427,48.44936445300118,190.1661762770018,0.04157760739326477,0.975,0.96875,0.9615384615384616,0.9671794871794872,1.8186666666666666e-05,1.03125,0.0,2.0,easy|medium|hard
test,0,2,92,32,0.5310671640036162,48.98099876000197,190.69781054899795,0.10926446318626404,0.9761904761904762,0.96875,0.9583333333333333,0.9660657476139979,1.824e-05,1.0,0.0,2.0,easy|medium|hard
test,0,2,93,32,0.5324295450045611,49.51398054500169,191.2307923920016,0.05658396705985069,0.9722222222222222,0.96875,0.9666666666666667,0.9684729064039409,1.8293333333333333e-05,1.0625,0.0,2.0,easy|medium|hard
test,0,2,94,32,0.5317289840022568,50.046175565999874,191.76298739400227,0.004751319997012615,1.0,1.0,1.0,1.0,1.834666666666667e-05,1.09375,0.0,2.0,hard|medium|easy
test,0,2,95,32,0.5312618790048873,50.57792940500076,192.29474118300277,0.05911150574684143,0.9705882352941176,0.96875,0.96875,0.9687194525904204,1.8400000000000003e-05,0.96875,0.0,2.0,hard|easy|medium
test,0,2,96,32,0.5315200889963307,51.110051830000884,192.82686359799845,0.007362940348684788,1.0,1.0,1.0,1.0,1.8453333333333335e-05,0.875,0.0,2.0,medium|hard|easy
test,0,2,97,32,0.5315784670019639,51.64210461600305,193.3589164110017,0.203535258769989,0.9007936507936507,0.90625,0.9089068825910931,0.9039039039039038,1.8506666666666667e-05,0.90625,0.0,2.0,hard|easy|medium
test,0,2,98,32,0.530661606004287,52.17338592000306,193.89019771099993,0.2621811032295227,0.9372549019607843,0.9375,0.9372549019607843,0.9372549019607843,1.8560000000000002e-05,1.09375,0.0,2.0,hard|medium|easy
test,0,2,99,32,0.5293766429967945,52.70337820699933,194.42019002699817,0.2989361882209778,0.9444444444444444,0.9375,0.9375,0.9372549019607843,1.8613333333333334e-05,1.03125,0.0,2.0,hard|medium|easy
test,0,2,100,32,0.532535549995373,53.23650794100104,194.95331977299793,0.22231358289718628,0.9365079365079365,0.9375,0.9365079365079365,0.9365079365079365,1.866666666666667e-05,0.9375,0.0,2.0,easy|medium|hard
test,0,2,101,32,0.5311713339979178,53.76828422200197,195.48509635200026,0.04011562466621399,0.9615384615384616,0.96875,0.975,0.9671794871794872,1.8720000000000004e-05,1.15625,0.0,2.0,easy|medium|hard
test,0,2,102,32,0.530871009999828,54.29967873500573,196.0164905510028,0.005924774333834648,1.0,1.0,1.0,1.0,1.8773333333333335e-05,1.03125,0.0,2.0,hard|easy|medium
test,0,2,103,32,0.5319646450006985,54.83222661200125,196.5490384270015,0.08050919324159622,0.9761904761904762,0.96875,0.9583333333333333,0.9660657476139979,1.8826666666666667e-05,0.90625,0.0,2.0,medium|hard|easy
test,0,2,104,32,0.530632701003924,55.36347806100093,197.0802898760012,0.03515948727726936,0.96875,0.96875,0.9705882352941176,0.9687194525904204,1.8880000000000002e-05,1.3125,0.0,2.0,medium|easy|hard
test,0,2,105,32,0.5309045579997473,55.894966350002505,197.61177816300187,0.17458125948905945,0.96875,0.96875,0.9705882352941176,0.9687194525904204,1.8933333333333334e-05,0.6875,0.0,2.0,easy|hard|medium
test,0,2,106,32,0.5316787760020816,56.42721824999899,198.14403008200316,0.44836097955703735,0.8947368421052632,0.875,0.8823529411764706,0.8745098039215686,1.898666666666667e-05,0.90625,0.0,2.0,easy|hard|medium
test,0,2,107,32,0.5318164199998137,56.959604062001745,198.67641588200058,0.44584232568740845,0.90625,0.90625,0.907843137254902,0.906158357771261,1.904e-05,1.125,0.0,2.0,medium|easy|hard
test,0,2,108,32,0.5310379099973943,57.491205397003796,199.20801721900352,0.4295360743999481,0.8441295546558705,0.84375,0.8373015873015872,0.8398398398398399,1.9093333333333336e-05,1.15625,0.0,2.0,easy|hard|medium
test,0,2,109,32,0.5313907340023434,58.023241638999025,199.7400534710032,0.15757475793361664,0.9722222222222222,0.96875,0.9666666666666667,0.9684729064039409,1.9146666666666667e-05,0.84375,0.0,2.0,easy|medium|hard
test,0,2,110,32,0.5312297199998284,58.55512166600238,200.27193349200388,0.005901124328374863,1.0,1.0,1.0,1.0,1.9200000000000003e-05,1.03125,0.0,2.0,medium|easy|hard
test,0,2,111,32,0.5301720499992371,59.085782599002414,200.8025944320034,0.07390820235013962,0.96875,0.96875,0.9705882352941176,0.9687194525904204,1.9253333333333334e-05,0.875,0.0,2.0,easy|hard|medium
test,0,2,112,32,0.5319043250055984,59.61823057899892,201.33504239600006,0.1789916753768921,0.9375,0.9375,0.9444444444444444,0.9372549019607843,1.930666666666667e-05,0.96875,0.0,2.0,easy|hard|medium
test,0,2,113,32,0.5314714159976575,60.15034146900143,201.86715329199797,0.07821869105100632,0.9523809523809523,0.9375,0.9230769230769231,0.9333333333333333,1.936e-05,1.15625,0.0,2.0,hard|easy|medium
test,0,2,114,32,0.5300103810004657,60.68094618000032,202.39775799500057,0.10555777698755264,0.9807692307692308,0.96875,0.9285714285714286,0.951734539969834,1.9413333333333336e-05,0.875,0.0,2.0,medium|hard|easy
test,0,2,115,32,0.5319473530034884,61.21341474300425,202.93022686699987,0.0828590989112854,0.9736842105263157,0.96875,0.9642857142857143,0.967967967967968,1.9466666666666668e-05,0.90625,0.0,2.0,hard|medium|easy
test,0,2,116,32,0.5309733050016803,61.744946653001534,203.46175847999984,0.1039426252245903,0.9772727272727273,0.96875,0.9545454545454546,0.964562569213732,1.9520000000000003e-05,0.8125,0.0,2.0,easy|medium|hard
test,0,2,117,32,0.5310071139974752,62.27654851900297,203.9933603419995,0.054513897746801376,0.9705882352941176,0.96875,0.96875,0.9687194525904204,1.9573333333333335e-05,1.125,0.0,2.0,medium|hard|easy
test,0,2,118,32,0.5317591479979455,62.80889982700319,204.52571164300025,0.1262691468000412,0.9705882352941176,0.96875,0.96875,0.9687194525904204,1.9626666666666666e-05,1.125,0.0,2.0,easy|medium|hard
test,0,2,119,32,0.530881895996572,63.340293325003586,205.05710514599923,0.1589909791946411,0.9372549019607843,0.9375,0.9372549019607843,0.9372549019607843,1.968e-05,0.71875,0.0,2.0,hard|medium|easy
test,0,2,120,32,0.5309849190016394,63.871848019000026,205.58865978800168,0.04817834496498108,1.0,1.0,1.0,1.0,1.9733333333333336e-05,0.9375,0.0,2.0,medium|hard|easy
test,0,2,121,32,0.5317647720003151,64.40419040400593,206.12100221400033,0.05080116540193558,0.9761904761904762,0.96875,0.9583333333333333,0.9660657476139979,1.9786666666666668e-05,1.0625,0.0,2.0,medium|easy|hard
test,0,2,122,32,0.5323036070039961,64.93699270499928,206.6538045260022,0.07243630290031433,0.9666666666666667,0.96875,0.9722222222222222,0.9684729064039409,1.9840000000000003e-05,1.03125,0.0,2.0,hard|easy|medium
test,0,2,123,32,0.531133858996327,65.46868770300352,207.18549951800378,0.03821196407079697,1.0,1.0,1.0,1.0,1.9893333333333335e-05,0.90625,0.0,2.0,medium|easy|hard
test,0,2,124,32,0.5304493580042617,65.99966810100159,207.71647989100165,0.018592266365885735,1.0,1.0,1.0,1.0,1.9946666666666667e-05,1.15625,0.0,2.0,easy|medium|hard
test,0,2,125,32,0.53186719599762,66.53212884400273,208.24894066299748,0.20468345284461975,0.9087301587301587,0.90625,0.903921568627451,0.9054187192118226,2e-05,1.1875,0.0,2.0,medium|hard|easy
test,0,2,126,32,0.5316678059971309,67.06437441200251,208.78118620900204,0.030594127252697945,1.0,1.0,1.0,1.0,1.9994074074074076e-05,1.09375,0.0,2.0,hard|medium|easy
test,0,2,127,32,0.5307772700034548,67.595766946004,209.31257874899893,0.008787378668785095,1.0,1.0,1.0,1.0,1.998814814814815e-05,1.15625,0.0,2.0,hard|medium|easy
test,0,2,128,32,0.5315562500036322,68.12783954900078,209.84465132300102,0.11730398237705231,0.9210526315789473,0.90625,0.90625,0.9054187192118226,1.9982222222222224e-05,1.03125,0.0,2.0,medium|easy|hard
test,0,2,129,32,0.530820557003608,68.65928522200556,210.37609733799763,0.015040352940559387,1.0,1.0,1.0,1.0,1.99762962962963e-05,0.96875,0.0,2.0,easy|hard|medium
test,0,2,130,32,0.5306694109967793,69.19048808200023,210.9072998949996,0.012137648649513721,1.0,1.0,1.0,1.0,1.997037037037037e-05,0.96875,0.0,2.0,medium|easy|hard
test,0,2,131,32,0.5315997309953673,69.72271329000068,211.43952507599897,0.04605739563703537,1.0,1.0,1.0,1.0,1.9964444444444447e-05,1.125,0.0,2.0,easy|medium|hard
test,0,2,132,32,0.5318262549990322,70.25511162300245,211.9719234400036,0.00852973386645317,1.0,1.0,1.0,1.0,1.9958518518518518e-05,0.875,0.0,2.0,easy|medium|hard
test,0,2,133,32,0.5314026040068711,70.78709500600235,212.50390683099977,0.09968838840723038,0.9565217391304348,0.9375,0.9090909090909092,0.9272727272727272,1.9952592592592596e-05,1.34375,0.0,2.0,hard|medium|easy
test,0,2,134,32,0.5313910499971826,71.31909115600138,213.03590298599738,0.004445101134479046,1.0,1.0,1.0,1.0,1.9946666666666667e-05,0.75,0.0,2.0,easy|medium|hard
test,0,2,135,32,0.5315418430036516,71.85119250000571,213.56800428299903,0.00593459140509367,1.0,1.0,1.0,1.0,1.9940740740740744e-05,0.96875,0.0,2.0,hard|medium|easy
test,0,2,136,32,0.5306505600019591,72.38229686900013,214.09910869599844,0.07078737020492554,0.9722222222222222,0.96875,0.9666666666666667,0.9684729064039409,1.9934814814814815e-05,0.90625,0.0,2.0,easy|hard|medium
test,0,2,137,32,0.5319799010030692,72.91490397899906,214.63171580200287,0.3002370595932007,0.9365079365079365,0.9375,0.9365079365079365,0.9365079365079365,1.992888888888889e-05,0.96875,0.0,2.0,hard|medium|easy
test,0,2,138,32,0.5313113800002611,73.44668310400448,215.1634949349973,0.0023721116594970226,1.0,1.0,1.0,1.0,1.9922962962962964e-05,1.375,0.0,2.0,hard|easy|medium
test,0,2,139,32,0.5301658669995959,73.97747951700148,215.69429133499943,0.21692629158496857,0.9666666666666667,0.96875,0.9722222222222222,0.9684729064039409,1.9917037037037038e-05,0.90625,0.0,2.0,medium|hard|easy
test,0,2,140,32,0.532615418000205,74.51069571500557,216.2275074930003,0.24588671326637268,0.9230769230769231,0.9375,0.9523809523809523,0.9333333333333333,1.9911111111111112e-05,1.03125,0.0,2.0,medium|easy|hard
test,0,2,141,32,0.5312525999979698,75.042443792001,216.7592555709998,0.5278354287147522,0.8888888888888888,0.875,0.8888888888888888,0.875,1.9905185185185186e-05,1.09375,0.0,2.0,hard|medium|easy
test,0,2,142,32,0.5308900750023895,75.57406911699945,217.2908809310029,0.15251070261001587,0.9722222222222222,0.96875,0.9666666666666667,0.9684729064039409,1.989925925925926e-05,1.0625,0.0,2.0,hard|medium|easy
test,0,2,143,32,0.5316591789960512,76.10636702100601,217.82317884099757,0.1882002353668213,0.9285714285714286,0.9375,0.95,0.9352226720647774,1.9893333333333335e-05,0.96875,0.0,2.0,easy|medium|hard
test,0,2,144,32,0.5311898430009023,76.6381385679997,218.35495038999943,0.01699770614504814,1.0,1.0,1.0,1.0,1.988740740740741e-05,0.875,0.0,2.0,hard|easy|medium
test,0,2,145,32,0.5316331520007225,77.17023544800031,218.887047299002,0.03513650223612785,1.0,1.0,1.0,1.0,1.9881481481481483e-05,0.9375,0.0,2.0,hard|easy|medium
test,0,2,146,32,0.5317201459984062,77.70255208600429,219.419363918998,0.022327307611703873,1.0,1.0,1.0,1.0,1.9875555555555558e-05,1.03125,0.0,2.0,easy|hard|medium
test,0,2,147,32,0.5318207750024158,78.23488343800273,219.95169525600068,0.11560473591089249,0.9722222222222222,0.96875,0.9666666666666667,0.9684729064039409,1.9869629629629632e-05,1.09375,0.0,2.0,hard|easy|medium
test,0,2,148,32,0.5312410650003585,78.76658473000134,220.48339653800213,0.2313760221004486,0.9523809523809523,0.9375,0.9230769230769231,0.9333333333333333,1.9863703703703706e-05,0.96875,0.0,2.0,medium|hard|easy
test,0,2,149,32,0.5308769390030648,79.29796659199928,221.01477856400015,0.1463417410850525,0.9365079365079365,0.9375,0.9365079365079365,0.9365079365079365,1.985777777777778e-05,1.0,0.0,2.0,medium|easy|hard
test,0,2,150,32,0.5321353479957907,79.83062028800487,221.5474320939975,0.07250186055898666,0.975,0.96875,0.9615384615384616,0.9671794871794872,1.9851851851851855e-05,1.0,0.0,2.0,medium|hard|easy
test,0,2,151,32,0.5310170739976456,80.36210841800494,222.07892020799773,0.060974039137363434,0.9782608695652174,0.96875,0.95,0.9625730994152046,1.984592592592593e-05,1.09375,0.0,2.0,medium|hard|easy
test,0,2,152,32,0.5302758960024221,80.89293221499975,222.6097440049998,0.11324286460876465,0.9705882352941176,0.96875,0.96875,0.9687194525904204,1.9840000000000003e-05,1.0625,0.0,2.0,easy|hard|medium
test,0,2,153,32,0.5314815320016351,81.4250029360046,223.14181476199883,0.0691649541258812,0.9736842105263157,0.96875,0.9642857142857143,0.967967967967968,1.9834074074074077e-05,1.25,0.0,2.0,easy|hard|medium
test,0,2,154,32,0.53088274399488,81.95644701600395,223.6732587919978,0.15143924951553345,0.9583333333333333,0.96875,0.9761904761904762,0.9660657476139979,1.9828148148148148e-05,1.0,0.0,2.0,medium|easy|hard
test,0,2,155,32,0.530845410998154,82.48791981400427,224.20473159800167,0.09173037856817245,0.9545454545454546,0.96875,0.9772727272727273,0.964562569213732,1.9822222222222226e-05,1.09375,0.0,2.0,easy|hard|medium
test,0,2,156,32,0.5317930960009107,83.02028346800216,224.7370953130012,0.047456011176109314,1.0,1.0,1.0,1.0,1.9816296296296297e-05,0.875,0.0,2.0,easy|medium|hard
test,0,2,157,32,0.5313406810018932,83.55214495200198,225.2689567760026,0.3860231637954712,0.9411764705882353,0.9375,0.9411764705882353,0.9375,1.981037037037037e-05,0.78125,0.0,2.0,easy|medium|hard
test,0,2,158,32,0.5307765129982727,84.08345550300146,225.80026733400155,0.08169222623109818,0.9615384615384616,0.96875,0.975,0.9671794871794872,1.9804444444444445e-05,1.15625,0.0,2.0,easy|hard|medium
test,0,2,159,32,0.5315700749997632,84.61562495800172,226.33243677899736,0.06367339193820953,1.0,1.0,1.0,1.0,1.979851851851852e-05,1.09375,0.0,2.0,hard|easy|medium
test,0,2,160,32,0.5314649709980586,85.14765190100297,226.86446371600323,0.42774152755737305,0.9375,0.9375,0.9444444444444444,0.9372549019607843,1.9792592592592594e-05,0.875,0.0,2.0,easy|hard|medium
test,0,2,161,32,0.530840427003568,85.67904827200255,227.39586009699997,0.28057920932769775,0.9365079365079365,0.9375,0.9365079365079365,0.9365079365079365,1.9786666666666668e-05,0.84375,0.0,2.0,hard|easy|medium
test,0,2,162,32,0.5321088710043114,86.21166863200051,227.92848042200058,0.10036050528287888,0.9166666666666667,0.9375,0.9545454545454546,0.9307359307359306,1.9780740740740742e-05,1.3125,0.0,2.0,hard|easy|medium
test,0,2,163,32,0.5313862600014545,86.74361103800038,228.4604228169992,0.37331682443618774,0.8792270531400965,0.875,0.8398268398268398,0.8545454545454545,1.9774814814814817e-05,1.03125,0.0,2.0,easy|hard|medium
test,0,2,164,32,0.5306185990048107,87.27473144500254,228.99154324799747,0.056524235755205154,0.9736842105263157,0.96875,0.9642857142857143,0.967967967967968,1.976888888888889e-05,0.96875,0.0,2.0,hard|easy|medium
test,0,2,165,32,0.5321337080022204,87.80733962300292,229.5241514119989,0.09462877362966537,0.9705882352941176,0.96875,0.96875,0.9687194525904204,1.9762962962962965e-05,1.25,0.0,2.0,easy|hard|medium
test,0,2,166,32,0.5314933069967083,88.33937312200578,230.05618493699876,0.020607123151421547,1.0,1.0,1.0,1.0,1.975703703703704e-05,0.84375,0.0,2.0,hard|easy|medium
test,0,2,167,32,0.5309029109994299,88.87084611000319,230.58765788099845,0.032470978796482086,1.0,1.0,1.0,1.0,1.9751111111111114e-05,0.875,0.0,2.0,hard|medium|easy
test,0,2,168,32,0.5324579490043106,89.40381221799908,231.12062403500022,0.052259813994169235,0.9666666666666667,0.96875,0.9722222222222222,0.9684729064039409,1.9745185185185188e-05,1.0625,0.0,2.0,medium|hard|easy
test,0,2,169,32,0.5315843019998283,89.93595345400536,231.65276528299728,0.01928725279867649,1.0,1.0,1.0,1.0,1.973925925925926e-05,0.875,0.0,2.0,hard|easy|medium
test,0,2,170,32,0.5310154170001624,90.46750707500178,232.1843191730004,0.13637128472328186,0.9545454545454546,0.96875,0.9772727272727273,0.964562569213732,1.9733333333333336e-05,1.0625,0.0,2.0,medium|easy|hard
test,0,2,171,32,0.5327422880000086,91.0008114049997,232.71762317800312,0.3750416338443756,0.8650793650793651,0.875,0.8833333333333333,0.8704453441295547,1.9727407407407407e-05,1.03125,0.0,2.0,medium|hard|easy
test,0,2,172,32,0.5311312650010223,91.53248903900385,233.2493008629972,0.3455904424190521,0.8784313725490196,0.875,0.8784313725490196,0.875,1.9721481481481485e-05,0.875,0.0,2.0,easy|hard|medium
test,0,2,173,32,0.5312635640002554,92.06431803400483,233.7811298279994,0.5855956077575684,0.9090909090909092,0.875,0.8571428571428572,0.8666666666666667,1.9715555555555556e-05,1.0625,0.0,2.0,easy|medium|hard
test,0,2,174,32,0.5317433370000799,92.59652998800448,234.31334179999976,0.46763506531715393,0.9318181818181819,0.90625,0.8846153846153846,0.8981972428419936,1.9709629629629633e-05,1.09375,0.0,2.0,hard|medium|easy
test,0,2,175,32,0.5318047520049731,93.12891862900142,234.8457304429976,0.009066693484783173,1.0,1.0,1.0,1.0,1.9703703703703704e-05,1.03125,0.0,2.0,medium|hard|easy
test,0,2,176,32,0.5308624870012864,93.66035319100047,235.3771650120034,0.22519640624523163,0.96,0.9375,0.8888888888888888,0.9166666666666667,1.969777777777778e-05,1.0,0.0,2.0,hard|medium|easy
test,0,2,177,32,0.530220789994928,94.19115115500608,235.90796299600333,0.2704658508300781,0.9411764705882353,0.9375,0.9411764705882353,0.9375,1.9691851851851853e-05,0.75,0.0,2.0,hard|easy|medium
test,0,2,178,32,0.5320276729980833,94.72376986500603,236.44058165000024,0.25270432233810425,0.9444444444444444,0.9375,0.9375,0.9372549019607843,1.9685925925925927e-05,0.9375,0.0,2.0,hard|medium|easy
test,0,2,179,32,0.531056018997333,95.25540189000458,236.97221381899726,0.011772161349654198,1.0,1.0,1.0,1.0,1.968e-05,1.125,0.0,2.0,hard|medium|easy
test,0,2,180,32,0.5308587079998688,95.78680927000096,237.5036210429971,0.3785725235939026,0.8846153846153846,0.90625,0.9318181818181819,0.8981972428419936,1.9674074074074076e-05,1.21875,0.0,2.0,hard|easy|medium
test,0,2,181,32,0.5321216399970581,96.3194926540018,238.0363044879996,0.20943200588226318,0.9473684210526316,0.9375,0.9333333333333333,0.9365079365079365,1.966814814814815e-05,1.1875,0.0,2.0,hard|medium|easy
test,0,2,182,32,0.5309230130005744,96.85097166000196,238.5677835059978,0.33257943391799927,0.95,0.9375,0.9285714285714286,0.9352226720647774,1.9662222222222224e-05,1.03125,0.0,2.0,hard|medium|easy
test,0,2,183,32,0.5315077679988462,97.38303178500064,239.09984362900286,0.28352659940719604,0.9411764705882353,0.9375,0.9411764705882353,0.9375,1.96562962962963e-05,0.875,0.0,2.0,easy|hard|medium
test,0,2,184,32,0.532630114001222,97.91621859899897,239.63303041699692,0.4529355466365814,0.925,0.90625,0.9,0.9039039039039038,1.9650370370370373e-05,1.0625,0.0,2.0,medium|hard|easy
test,0,2,185,32,0.531535920999886,98.4483476930036,240.16515947599692,0.43819260597229004,0.90625,0.90625,0.9210526315789473,0.9054187192118226,1.9644444444444447e-05,0.84375,0.0,2.0,hard|medium|easy
test,0,2,186,32,0.5309785220015328,98.97992635200353,240.69673817000148,0.058769650757312775,0.9705882352941176,0.96875,0.96875,0.9687194525904204,1.963851851851852e-05,0.78125,0.0,2.0,easy|hard|medium
test,0,2,187,32,0.5318229309996241,99.51235951600393,241.2291716539985,0.013043498620390892,1.0,1.0,1.0,1.0,1.9632592592592595e-05,0.90625,0.0,2.0,hard|medium|easy
test,0,2,188,32,0.5315679489940521,100.04445767099969,241.76126950400067,0.07715191692113876,0.96875,0.96875,0.9705882352941176,0.9687194525904204,1.9626666666666666e-05,0.8125,0.0,2.0,easy|hard|medium
test,0,2,189,32,0.5308147280011326,100.57582605900097,242.2926378800039,0.14798036217689514,0.9705882352941176,0.96875,0.96875,0.9687194525904204,1.9620740740740744e-05,1.21875,0.0,2.0,hard|medium|easy
test,0,2,190,32,0.5323262100064312,101.1086944810013,242.82550631200138,0.022690800949931145,1.0,1.0,1.0,1.0,1.9614814814814815e-05,1.0625,0.0,2.0,hard|medium|easy
test,0,2,191,32,0.5315842870040797,101.64091186600126,243.3577237510035,0.0360843725502491,0.9666666666666667,0.96875,0.9722222222222222,0.9684729064039409,1.960888888888889e-05,1.125,0.0,2.0,easy|hard|medium
test,0,2,192,32,0.5309950959999696,102.17246721500123,243.88927903599688,0.22669991850852966,0.9372549019607843,0.9375,0.9372549019607843,0.9372549019607843,1.9602962962962963e-05,0.90625,0.0,2.0,medium|hard|easy
test,0,2,193,32,0.5322228259974509,102.70528366900544,244.42209552499844,0.012219649739563465,1.0,1.0,1.0,1.0,1.9597037037037038e-05,0.875,0.0,2.0,easy|hard|medium
test,0,2,194,32,0.5316477390006185,103.23752585400507,244.9543376790025,0.2896063029766083,0.9365079365079365,0.9375,0.9365079365079365,0.9365079365079365,1.9591111111111112e-05,0.96875,0.0,2.0,easy|hard|medium
test,0,2,195,32,0.5311146729945904,103.76925247000327,245.48606434700196,0.006104204338043928,1.0,1.0,1.0,1.0,1.9585185185185186e-05,1.1875,0.0,2.0,easy|medium|hard
test,0,2,196,32,0.5325078069945448,104.3024140760026,246.01922589499736,0.18144160509109497,0.9565217391304348,0.9375,0.9090909090909092,0.9272727272727272,1.957925925925926e-05,1.0625,0.0,2.0,hard|medium|easy
test,0,2,197,32,0.5311647079943214,104.834165070999,246.55097684700013,0.012796688824892044,1.0,1.0,1.0,1.0,1.9573333333333335e-05,1.0625,0.0,2.0,medium|hard|easy
test,0,2,198,32,0.5305854670004919,105.36531802100217,247.08212979199743,0.10626973956823349,0.9444444444444444,0.96875,0.9791666666666667,0.9599499374217773,1.956740740740741e-05,1.03125,0.0,2.0,hard|easy|medium
test,0,2,199,32,0.5323879569987184,105.89836298800219,247.61517481000192,0.03077058307826519,0.9772727272727273,0.96875,0.9545454545454546,0.964562569213732,1.9561481481481483e-05,0.96875,0.0,2.0,hard|medium|easy
test,0,2,200,32,0.5322081579943188,106.43111463900277,248.14792647500144,0.13199983537197113,0.9473684210526316,0.9375,0.9333333333333333,0.9365079365079365,1.9555555555555557e-05,0.9375,0.0,2.0,easy|hard|medium
test,0,2,201,32,0.5313619209991884,106.96307989000343,248.6798917069973,0.18438151478767395,0.9375,0.9375,0.9444444444444444,0.9372549019607843,1.954962962962963e-05,1.1875,0.0,2.0,medium|hard|easy
test,0,2,202,32,0.5324124929975369,107.49605966300442,249.21287148300325,0.13526621460914612,0.9666666666666667,0.96875,0.9722222222222222,0.9684729064039409,1.9543703703703706e-05,0.96875,0.0,2.0,easy|medium|hard
test,0,2,203,32,0.5313536649991875,108.02796555399982,249.7447773669992,0.10548995435237885,0.9333333333333333,0.9375,0.9473684210526316,0.9365079365079365,1.953777777777778e-05,0.6875,0.0,2.0,medium|easy|hard
test,0,2,204,32,0.5313342120061861,108.5598721320057,250.27668391099724,0.12297548353672028,0.9444444444444444,0.9375,0.9375,0.9372549019607843,1.9531851851851854e-05,1.15625,0.0,2.0,hard|medium|easy
test,0,2,205,32,0.5323887690028641,109.0928447289989,250.80965660999937,0.25315535068511963,0.9411764705882353,0.9375,0.9411764705882353,0.9375,1.952592592592593e-05,0.875,0.0,2.0,easy|hard|medium
test,0,2,206,32,0.5322804509996786,109.62558620700293,251.3423980689986,0.3453481197357178,0.9089068825910931,0.90625,0.9007936507936507,0.9039039039039038,1.9520000000000003e-05,1.25,0.0,2.0,medium|easy|hard
test,0,2,207,32,0.5313612899990403,110.15747023400036,251.87428204999742,0.07117607444524765,0.9736842105263157,0.96875,0.9642857142857143,0.967967967967968,1.9514074074074077e-05,0.90625,0.0,2.0,medium|hard|easy
test,0,2,208,32,0.5324033600045368,110.69044471099915,252.40725653999834,0.09560102969408035,0.95,0.9375,0.9285714285714286,0.9352226720647774,1.9508148148148148e-05,1.03125,0.0,2.0,hard|medium|easy
test,0,2,209,32,0.5319952580030076,111.22296236699913,252.93977414900291,0.1410582959651947,0.95,0.9375,0.9285714285714286,0.9352226720647774,1.9502222222222226e-05,1.0,0.0,2.0,medium|hard|easy
test,0,2,210,32,0.5308887640057947,111.754469987005,253.47128178399726,0.21614192426204681,0.903921568627451,0.90625,0.9087301587301587,0.9054187192118226,1.9496296296296296e-05,1.0625,0.0,2.0,easy|medium|hard
test,0,2,211,32,0.5301008149981499,112.28514246499981,254.00195428800362,0.0475304052233696,1.0,1.0,1.0,1.0,1.9490370370370374e-05,1.0,0.0,2.0,easy|medium|hard
test,0,2,212,32,0.5320755200009444,112.81779741200444,254.5346091859974,0.03568186238408089,1.0,1.0,1.0,1.0,1.9484444444444445e-05,0.8125,0.0,2.0,medium|hard|easy
test,0,2,213,32,0.5316238590021385,113.34994693100452,255.06675887200254,0.10250526666641235,0.9285714285714286,0.9375,0.95,0.9352226720647774,1.9478518518518523e-05,1.125,0.0,2.0,medium|hard|easy
test,0,2,214,32,0.5309263870003633,113.88144414300041,255.59825596999872,0.14024950563907623,0.9411764705882353,0.9375,0.9411764705882353,0.9375,1.9472592592592594e-05,0.9375,0.0,2.0,easy|medium|hard
test,0,2,215,32,0.531864657998085,114.4138540540007,256.13066584300395,0.15043963491916656,0.9272727272727272,0.9375,0.9272727272727272,0.9272727272727272,1.9466666666666668e-05,0.625,0.0,2.0,easy|medium|hard
test,0,2,216,32,0.530925645995012,114.94534319500235,256.6621550199998,0.2594372630119324,0.907843137254902,0.90625,0.90625,0.906158357771261,1.9460740740740742e-05,1.0625,0.0,2.0,medium|hard|easy
test,0,2,217,32,0.5308022219978739,115.47659931800445,257.1934111329974,0.014425978064537048,1.0,1.0,1.0,1.0,1.9454814814814816e-05,1.03125,0.0,2.0,medium|easy|hard
test,0,2,218,32,0.5325471940013813,116.00972325300245,257.72653507900395,0.041240327060222626,1.0,1.0,1.0,1.0,1.944888888888889e-05,0.90625,0.0,2.0,easy|hard|medium
test,0,2,219,32,0.5316458450033679,116.54189407700323,258.25870594200387,0.22895951569080353,0.9352226720647774,0.9375,0.9352226720647774,0.9352226720647774,1.9442962962962965e-05,0.90625,0.0,2.0,hard|medium|easy
test,0,2,220,32,0.5306942840034026,117.07309924500441,258.78991104099987,0.025279227644205093,1.0,1.0,1.0,1.0,1.943703703703704e-05,1.0625,0.0,2.0,medium|easy|hard
test,0,2,221,32,0.532143841002835,117.60581933800131,259.3226311640028,0.03652550280094147,0.9736842105263157,0.96875,0.9642857142857143,0.967967967967968,1.9431111111111113e-05,1.0625,0.0,2.0,hard|medium|easy
test,0,2,222,32,0.5318447520039626,118.1381237530004,259.8549355860014,0.2777460813522339,0.9411764705882353,0.9375,0.9411764705882353,0.9375,1.9425185185185188e-05,1.03125,0.0,2.0,easy|medium|hard
test,0,2,223,32,0.5303924269974232,118.66913320200547,260.3859449750016,0.310909628868103,0.9545454545454546,0.9375,0.9166666666666667,0.9307359307359306,1.941925925925926e-05,0.71875,0.0,2.0,easy|hard|medium
test,0,2,224,32,0.532800260996737,119.20256190200598,260.9193737230016,0.007268101442605257,1.0,1.0,1.0,1.0,1.9413333333333336e-05,1.21875,0.0,2.0,easy|medium|hard
test,0,2,225,32,0.5323673480015714,119.7355337379995,261.45234555999923,0.2439637929201126,0.9375,0.9375,0.9375,0.9375,1.9407407407407407e-05,1.1875,0.0,2.0,hard|medium|easy
test,0,2,226,32,0.5307901760024833,120.26687181400484,261.9836836309987,0.1672227680683136,0.9087301587301587,0.90625,0.903921568627451,0.9054187192118226,1.9401481481481485e-05,0.875,0.0,2.0,hard|easy|medium
test,0,2,227,32,0.5321488609988592,120.79962622300081,262.51643804099876,0.008933080360293388,1.0,1.0,1.0,1.0,1.9395555555555555e-05,1.3125,0.0,2.0,medium|easy|hard
test,0,2,228,32,0.5313678790043923,121.33150268300233,263.0483144890022,0.022953404113650322,1.0,1.0,1.0,1.0,1.9389629629629633e-05,0.84375,0.0,2.0,easy|medium|hard
test,0,2,229,32,0.5305804890012951,121.86260610799945,263.5794179250006,0.19645223021507263,0.9473684210526316,0.9375,0.9333333333333333,0.9365079365079365,1.9383703703703704e-05,1.03125,0.0,2.0,hard|easy|medium
test,0,2,230,32,0.5323687329946551,122.3955152300041,264.1123270140015,0.10747554153203964,0.9545454545454546,0.96875,0.9772727272727273,0.964562569213732,1.9377777777777778e-05,1.0625,0.0,2.0,easy|hard|medium
test,0,2,231,32,0.5319514180009719,122.9279958219995,264.64480763699976,0.13020455837249756,0.9411764705882353,0.9375,0.9411764705882353,0.9375,1.9371851851851852e-05,1.0625,0.0,2.0,hard|medium|easy
test,0,2,232,32,0.530863097999827,123.45937047700136,265.1761822970002,0.18407626450061798,0.95,0.9375,0.9285714285714286,0.9352226720647774,1.9365925925925927e-05,0.96875,0.0,2.0,easy|medium|hard
test,0,2,233,32,0.532688840998162,123.99268469300296,265.70949647600355,0.3788868486881256,0.85,0.90625,0.94,0.8798498122653317,1.936e-05,1.09375,0.0,2.0,medium|easy|hard
test,0,2,234,32,0.5319055759973708,124.52515333900374,266.24196517199744,0.3153679072856903,0.9347826086956521,0.90625,0.875,0.893687707641196,1.9354074074074075e-05,1.03125,0.0,2.0,hard|medium|easy
test,0,2,235,32,0.5319583759992383,125.05768861999968,266.774500446998,0.4269721508026123,0.875,0.875,0.8809523809523809,0.8745098039215686,1.934814814814815e-05,1.0,0.0,2.0,easy|hard|medium
test,0,2,236,32,0.5321641100017587,125.5903909990011,267.30720281499816,0.08261463791131973,0.9705882352941176,0.96875,0.96875,0.9687194525904204,1.9342222222222224e-05,1.09375,0.0,2.0,easy|medium|hard
test,0,2,237,32,0.5314618019983754,126.1224163260049,267.8392281639972,0.0328042097389698,0.9722222222222222,0.96875,0.9666666666666667,0.9684729064039409,1.9336296296296298e-05,0.6875,0.0,2.0,hard|easy|medium
test,0,2,238,32,0.5312735719999182,126.65427277400158,268.37108458400326,0.5443129539489746,0.8809523809523809,0.875,0.875,0.8745098039215686,1.9330370370370372e-05,0.9375,0.0,2.0,easy|medium|hard
test,0,2,239,32,0.5321646719967248,127.18702345000202,268.90383529300016,0.06482864916324615,0.96875,0.96875,0.9705882352941176,0.9687194525904204,1.9324444444444447e-05,0.71875,0.0,2.0,easy|medium|hard
test,0,2,240,32,0.5322511440026574,127.71986279900011,269.4366746060041,0.24474231898784637,0.9411764705882353,0.9375,0.9411764705882353,0.9375,1.931851851851852e-05,0.875,0.0,2.0,hard|easy|medium
test,0,2,241,32,0.5315445380038,128.25201328900584,269.96882511900185,0.0125389713793993,1.0,1.0,1.0,1.0,1.9312592592592595e-05,0.875,0.0,2.0,easy|medium|hard
test,0,2,242,32,0.5318680630007293,128.78445791500417,270.5012697339989,0.16237449645996094,0.9736842105263157,0.96875,0.9642857142857143,0.967967967967968,1.930666666666667e-05,0.8125,0.0,2.0,medium|easy|hard
test,0,2,243,32,0.532154664004338,129.31718982600432,271.0340016199989,0.21530665457248688,0.9565217391304348,0.9375,0.9090909090909092,0.9272727272727272,1.9300740740740744e-05,1.09375,0.0,2.0,hard|easy|medium
test,0,2,244,32,0.5320048249996034,129.8498582320026,271.56667006800126,0.40096336603164673,0.8529411764705883,0.84375,0.875,0.8423645320197044,1.9294814814814818e-05,0.8125,0.0,2.0,hard|easy|medium
test,0,2,245,32,0.5311257800058229,130.3814660470016,272.09827786099777,0.27330297231674194,0.8928571428571428,0.90625,0.9285714285714286,0.9015384615384616,1.928888888888889e-05,0.75,0.0,2.0,easy|medium|hard
test,0,2,246,32,0.5323347349985852,130.91436758499913,272.6311794889989,0.12997284531593323,0.9333333333333333,0.9375,0.9333333333333333,0.9333333333333333,1.9282962962962966e-05,1.3125,0.0,2.0,easy|hard|medium
test,0,2,247,32,0.5310629469968262,131.4461675269995,273.16297936400224,0.10556426644325256,0.9352226720647774,0.9375,0.9352226720647774,0.9352226720647774,1.9277037037037037e-05,1.0625,0.0,2.0,hard|easy|medium
test,0,2,248,32,0.5313299420013209,131.9779825690057,273.69479434799723,0.1680642068386078,0.903921568627451,0.90625,0.9087301587301587,0.9054187192118226,1.9271111111111115e-05,1.0625,0.0,2.0,easy|medium|hard
test,0,2,249,32,0.5317725360000622,132.51022738699976,274.2270392030041,0.1098829060792923,0.96875,0.96875,0.9705882352941176,0.9687194525904204,1.9265185185185186e-05,0.75,0.0,2.0,easy|medium|hard
test,0,2,250,32,0.5315167500011739,133.04224365800474,274.75905548399896,0.17070142924785614,0.9772727272727273,0.96875,0.9545454545454546,0.964562569213732,1.925925925925926e-05,0.875,0.0,2.0,medium|easy|hard
test,0,3,1,32,0.5333626020001248,0.6187170699995477,285.2900470129971,0.025883890688419342,1.0,1.0,1.0,1.0,1.9253333333333334e-05,1.0625,0.0,2.0,easy|hard|medium
test,0,3,2,32,0.5336241830009385,1.153092929002014,285.82441916000244,0.10020016133785248,0.96875,0.96875,0.9705882352941176,0.9687194525904204,1.924740740740741e-05,1.03125,0.0,2.0,easy|hard|medium
test,0,3,3,32,0.533042505994672,1.686710428999504,286.3580366640017,0.029700003564357758,1.0,1.0,1.0,1.0,1.9241481481481483e-05,0.9375,0.0,2.0,easy|medium|hard
test,0,3,4,32,0.5326493749962538,2.219912574000773,286.8912387870005,0.02785145491361618,1.0,1.0,1.0,1.0,1.9235555555555557e-05,1.1875,0.0,2.0,hard|easy|medium
test,0,3,5,32,0.5338167700028862,2.754315302998293,287.4256415359996,0.06362669169902802,0.9642857142857143,0.96875,0.9736842105263157,0.967967967967968,1.922962962962963e-05,0.96875,0.0,2.0,medium|hard|easy
test,0,3,6,32,0.5333605069972691,3.288212838000618,287.95953907199873,0.009255832061171532,1.0,1.0,1.0,1.0,1.9223703703703705e-05,1.15625,0.0,2.0,easy|medium|hard
test,0,3,7,32,0.5320357549935579,3.8208450820020516,288.4921712610012,0.06851420551538467,0.9736842105263157,0.96875,0.9642857142857143,0.967967967967968,1.921777777777778e-05,0.65625,0.0,2.0,easy|hard|medium
test,0,3,8,32,0.533735463002813,4.35513393200381,289.0264601759991,0.007750967983156443,1.0,1.0,1.0,1.0,1.9211851851851854e-05,1.125,0.0,2.0,medium|hard|easy
test,0,3,9,32,0.5331302500053425,4.888831641997967,289.56015787700017,0.019481878727674484,1.0,1.0,1.0,1.0,1.9205925925925928e-05,1.25,0.0,2.0,hard|medium|easy
test,0,3,10,32,0.5321886499950779,5.421607443997345,290.09293367699865,0.18633292615413666,0.9705882352941176,0.96875,0.96875,0.9687194525904204,1.9200000000000003e-05,1.03125,0.0,2.0,hard|easy|medium
test,0,3,11,32,0.5343545540017658,5.9566289790018345,290.62795514600293,0.2441072165966034,0.9705882352941176,0.96875,0.96875,0.9687194525904204,1.9194074074074077e-05,1.125,0.0,2.0,easy|medium|hard
test,0,3,12,32,0.5328213290049462,6.4899979019974126,291.16132415099855,0.012702712789177895,1.0,1.0,1.0,1.0,1.9188148148148148e-05,0.90625,0.0,2.0,medium|hard|easy
test,0,3,13,32,0.5344491969954106,7.024982244998682,291.69630848600355,0.32908546924591064,0.9411764705882353,0.9375,0.9411764705882353,0.9375,1.9182222222222225e-05,0.875,0.0,2.0,medium|easy|hard
test,0,3,14,32,0.5341550820012344,7.5597332030010875,292.2310593669972,0.16275937855243683,0.975,0.96875,0.9615384615384616,0.9671794871794872,1.9176296296296296e-05,1.15625,0.0,2.0,hard|easy|medium
test,0,3,15,32,0.5333279000042239,8.093653128998994,292.7649793629971,0.028924860060214996,0.9615384615384616,0.96875,0.975,0.9671794871794872,1.9170370370370374e-05,0.9375,0.0,2.0,hard|medium|easy
test,0,3,16,32,0.5339733889995841,8.62818544000038,293.299511666999,0.15676185488700867,0.95,0.9375,0.9285714285714286,0.9352226720647774,1.9164444444444445e-05,1.15625,0.0,2.0,easy|medium|hard
test,0,3,17,32,0.5331388600025093,9.161843722002232,293.83316995199857,0.23832637071609497,0.9444444444444444,0.9375,0.9375,0.9372549019607843,1.9158518518518522e-05,0.84375,0.0,2.0,medium|easy|hard
test,0,3,18,32,0.5331583689985564,9.695572992000962,294.36689921299694,0.0031304550357162952,1.0,1.0,1.0,1.0,1.9152592592592593e-05,1.0,0.0,2.0,easy|medium|hard
test,0,3,19,32,0.5342443510016892,10.230340709997108,294.9016669470002,0.14433804154396057,0.9372549019607843,0.9375,0.9372549019607843,0.9372549019607843,1.9146666666666667e-05,0.96875,0.0,2.0,medium|hard|easy
test,0,3,20,32,0.5329280499936431,10.76380473300378,295.43513095800154,0.0043386188335716724,1.0,1.0,1.0,1.0,1.9140740740740742e-05,1.03125,0.0,2.0,medium|easy|hard
test,0,3,21,32,0.532556325000769,11.296930737997172,295.96825695299776,0.10096123069524765,0.9666666666666667,0.96875,0.9722222222222222,0.9684729064039409,1.9134814814814816e-05,1.0,0.0,2.0,hard|easy|medium
test,0,3,22,32,0.533890597995196,11.831417407003755,296.50274364300276,0.15079189836978912,0.975,0.96875,0.9615384615384616,0.9671794871794872,1.912888888888889e-05,0.71875,0.0,2.0,medium|easy|hard
test,0,3,23,32,0.5328816039982485,12.364772581997386,297.036098796998,0.008813418447971344,1.0,1.0,1.0,1.0,1.9122962962962964e-05,0.84375,0.0,2.0,easy|hard|medium
test,0,3,24,32,0.5324025919981068,12.897793513999204,297.5691196999978,0.0037384938914328814,1.0,1.0,1.0,1.0,1.911703703703704e-05,1.375,0.0,2.0,easy|medium|hard
test,0,3,25,32,0.5337201760048629,13.431973589998961,298.103299770999,0.17789138853549957,0.9722222222222222,0.96875,0.9666666666666667,0.9684729064039409,1.9111111111111113e-05,0.84375,0.0,2.0,medium|hard|easy
test,0,3,26,32,0.5333992050000234,13.965947475000576,298.6372736560006,0.0023422499652951956,1.0,1.0,1.0,1.0,1.9105185185185187e-05,1.09375,0.0,2.0,hard|medium|easy
test,0,3,27,32,0.5317555519941379,14.498212307000358,299.16953847900004,0.09510887414216995,0.9090909090909092,0.9375,0.9565217391304348,0.9272727272727272,1.909925925925926e-05,0.75,0.0,2.0,hard|medium|easy
test,0,3,28,32,0.5340259139993577,15.03279699599807,299.7041231600015,0.0018853084184229374,1.0,1.0,1.0,1.0,1.9093333333333336e-05,0.75,0.0,2.0,easy|hard|medium
test,0,3,29,32,0.5331990959966788,15.566604906001885,300.2379310670003,0.008074520155787468,1.0,1.0,1.0,1.0,1.908740740740741e-05,0.8125,0.0,2.0,hard|medium|easy
test,0,3,30,32,0.5327041319978889,16.099874444000307,300.77120061700407,0.003524910192936659,1.0,1.0,1.0,1.0,1.9081481481481484e-05,1.03125,0.0,2.0,medium|easy|hard
test,0,3,31,32,0.5344255489981151,16.634862646002148,301.30618881199916,0.015431910753250122,1.0,1.0,1.0,1.0,1.9075555555555555e-05,1.15625,0.0,2.0,easy|hard|medium
test,0,3,32,32,0.5335508569987724,17.16898398700141,301.84031017599773,0.05644998699426651,0.9705882352941176,0.96875,0.96875,0.9687194525904204,1.9069629629629633e-05,0.9375,0.0,2.0,hard|medium|easy
test,0,3,33,32,0.5324244309958885,17.70192430300085,302.373250497003,0.01020101085305214,1.0,1.0,1.0,1.0,1.9063703703703704e-05,0.90625,0.0,2.0,hard|easy|medium
test,0,3,34,32,0.533951501995034,18.23644067499845,302.907767085002,0.08479820936918259,0.9761904761904762,0.96875,0.9583333333333333,0.9660657476139979,1.9057777777777778e-05,0.875,0.0,2.0,medium|hard|easy
test,0,3,35,32,0.5333255880032084,18.770231290000083,303.44155746600154,0.06857874244451523,0.9705882352941176,0.96875,0.96875,0.9687194525904204,1.9051851851851852e-05,1.0,0.0,2.0,easy|medium|hard
test,0,3,36,32,0.5322359940037131,19.30303383700084,303.9743600170041,0.026517098769545555,0.975,0.96875,0.9615384615384616,0.9671794871794872,1.9045925925925926e-05,1.03125,0.0,2.0,easy|medium|hard
test,0,3,37,32,0.5332678990016575,19.836865659002797,304.5081918470023,0.0019055167213082314,1.0,1.0,1.0,1.0,1.904e-05,0.90625,0.0,2.0,easy|hard|medium
test,0,3,38,32,0.5334257849972346,20.370854007000162,305.04218018199754,0.20549975335597992,0.9642857142857143,0.96875,0.9736842105263157,0.967967967967968,1.9034074074074075e-05,0.84375,0.0,2.0,easy|hard|medium
test,0,3,39,32,0.5326268040007562,20.904061804001685,305.5753879920012,0.04202596843242645,0.9583333333333333,0.96875,0.9761904761904762,0.9660657476139979,1.902814814814815e-05,0.875,0.0,2.0,medium|easy|hard
test,0,3,40,32,0.5333179040026153,21.437955708002846,306.109281887002,0.0037081269547343254,1.0,1.0,1.0,1.0,1.9022222222222223e-05,0.78125,0.0,2.0,hard|easy|medium
test,0,3,41,32,0.5340810010020505,21.972645980997186,306.6439721499992,0.13212783634662628,0.9642857142857143,0.96875,0.9736842105263157,0.967967967967968,1.9016296296296298e-05,0.96875,0.0,2.0,easy|hard|medium
test,0,3,42,32,0.5328453850015649,22.50603377399966,307.17735994199757,0.04439666122198105,0.9642857142857143,0.96875,0.9736842105263157,0.967967967967968,1.9010370370370372e-05,1.15625,0.0,2.0,hard|medium|easy
test,0,3,43,32,0.5335507740019239,23.040219486996648,307.71154566800396,0.009669427759945393,1.0,1.0,1.0,1.0,1.9004444444444446e-05,1.03125,0.0,2.0,easy|medium|hard
test,0,3,44,32,0.5334284649943584,23.57421403400076,308.24554020500364,0.061910491436719894,0.9705882352941176,0.96875,0.96875,0.9687194525904204,1.899851851851852e-05,1.09375,0.0,2.0,easy|medium|hard
test,0,3,45,32,0.5332243390002986,24.108016701997258,308.7793428849982,0.18919575214385986,0.9666666666666667,0.96875,0.9722222222222222,0.9684729064039409,1.8992592592592595e-05,1.40625,0.0,2.0,easy|hard|medium
test,0,3,46,32,0.5353214319984545,24.643875485002354,309.3152016629974,0.3608430325984955,0.9365079365079365,0.9375,0.9365079365079365,0.9365079365079365,1.898666666666667e-05,1.0625,0.0,2.0,easy|medium|hard
test,0,3,47,32,0.5327444419963285,25.1773214010027,309.84864757899777,0.2592540681362152,0.9375,0.9375,0.9375,0.9375,1.8980740740740743e-05,0.71875,0.0,2.0,easy|hard|medium
test,0,3,48,32,0.5321575889975065,25.710050230001798,310.3813764279985,0.004338717088103294,1.0,1.0,1.0,1.0,1.8974814814814817e-05,1.09375,0.0,2.0,hard|medium|easy
test,0,3,49,32,0.5338102189998608,26.2443957170035,310.9157222369977,0.32785382866859436,0.9117647058823529,0.90625,0.9166666666666667,0.906158357771261,1.896888888888889e-05,1.125,0.0,2.0,medium|hard|easy
test,0,3,50,32,0.5326555249994271,26.777515492998646,311.4488416699969,0.004115182440727949,1.0,1.0,1.0,1.0,1.8962962962962966e-05,1.03125,0.0,2.0,easy|medium|hard
test,0,3,51,32,0.5324325890032924,27.310486706999654,311.98181287199986,0.11633133888244629,0.9722222222222222,0.96875,0.9666666666666667,0.9684729064039409,1.8957037037037037e-05,1.0625,0.0,2.0,hard|medium|easy
test,0,3,52,32,0.5334501479956089,27.844508381997002,312.51583455400396,0.007285561878234148,1.0,1.0,1.0,1.0,1.8951111111111115e-05,0.8125,0.0,2.0,easy|medium|hard
test,0,3,53,32,0.5332394599972758,28.378258871998696,313.04958504500246,0.40547749400138855,0.9069264069264069,0.90625,0.8916666666666666,0.8981972428419936,1.8945185185185185e-05,1.09375,0.0,2.0,hard|easy|medium
test,0,3,54,32,0.5322133369991207,28.911067287997867,313.5823934630025,0.017722032964229584,1.0,1.0,1.0,1.0,1.8939259259259263e-05,0.9375,0.0,2.0,hard|medium|easy
test,0,3,55,32,0.534118698000384,29.44563592800114,314.11696209199727,0.012586615048348904,1.0,1.0,1.0,1.0,1.8933333333333334e-05,1.0625,0.0,2.0,hard|easy|medium
test,0,3,56,32,0.5335876969984383,29.979757635999704,314.651083828001,0.017336087301373482,1.0,1.0,1.0,1.0,1.892740740740741e-05,1.03125,0.0,2.0,easy|hard|medium
test,0,3,57,32,0.5321345959964674,30.51253550399997,315.18386195699713,0.05506611987948418,0.9583333333333333,0.96875,0.9761904761904762,0.9660657476139979,1.8921481481481482e-05,1.0625,0.0,2.0,hard|easy|medium
test,0,3,58,32,0.5337098419986432,31.046890534998965,315.7182167179999,0.13343100249767303,0.9705882352941176,0.96875,0.96875,0.9687194525904204,1.8915555555555557e-05,1.03125,0.0,2.0,medium|hard|easy
test,0,3,59,32,0.532836275997397,31.58027086900256,316.25159704100224,0.3348766565322876,0.90625,0.90625,0.9210526315789473,0.9054187192118226,1.890962962962963e-05,1.25,0.0,2.0,medium|hard|easy
test,0,3,60,32,0.5323743180051679,32.11324532800063,316.7845715049989,0.02153671905398369,1.0,1.0,1.0,1.0,1.8903703703703705e-05,0.84375,0.0,2.0,hard|easy|medium
test,0,3,61,32,0.5341848919997574,32.6479557690036,317.3192819340038,0.24203252792358398,0.9166666666666667,0.9375,0.9545454545454546,0.9307359307359306,1.889777777777778e-05,0.71875,0.0,2.0,easy|medium|hard
test,0,3,62,32,0.5330044509973959,33.181521780003095,317.8528479439992,0.008213573135435581,1.0,1.0,1.0,1.0,1.8891851851851854e-05,0.84375,0.0,2.0,easy|medium|hard
test,0,3,63,32,0.5332899100030772,33.715312392996566,318.3866385509973,0.007537461817264557,1.0,1.0,1.0,1.0,1.8885925925925928e-05,0.90625,0.0,2.0,hard|easy|medium
test,0,3,64,32,0.5343330769974273,34.250186630000826,318.9215128080032,0.008218200877308846,1.0,1.0,1.0,1.0,1.8880000000000002e-05,0.96875,0.0,2.0,hard|medium|easy
test,0,3,65,32,0.5327496629979578,34.78350601100101,319.4548321820039,0.10611207783222198,0.9642857142857143,0.96875,0.9736842105263157,0.967967967967968,1.8874074074074076e-05,1.125,0.0,2.0,easy|medium|hard
test,0,3,66,32,0.533818700001575,35.3178345089982,319.98916069199913,0.018298326060175896,1.0,1.0,1.0,1.0,1.8868148148148147e-05,0.84375,0.0,2.0,medium|hard|easy
test,0,3,67,32,0.5326394450021326,35.851074015998165,320.5224001910028,0.0073853349313139915,1.0,1.0,1.0,1.0,1.8862222222222225e-05,1.125,0.0,2.0,medium|hard|easy
test,0,3,68,32,0.5326930299997912,36.38425677500345,321.0555829720033,0.004177501425147057,1.0,1.0,1.0,1.0,1.8856296296296296e-05,1.03125,0.0,2.0,easy|hard|medium
test,0,3,69,32,0.5334547759994166,36.91825540900027,321.5895815900003,0.0039233434945344925,1.0,1.0,1.0,1.0,1.8850370370370373e-05,0.5625,0.0,2.0,medium|easy|hard
test,0,3,70,32,0.5335891310023726,37.452316615999734,322.1236427859985,0.010254607535898685,1.0,1.0,1.0,1.0,1.8844444444444444e-05,0.9375,0.0,2.0,easy|hard|medium
test,0,3,71,32,0.5332426550012315,37.98612113799754,322.65744732000167,0.001969717675819993,1.0,1.0,1.0,1.0,1.8838518518518522e-05,1.09375,0.0,2.0,medium|easy|hard
test,0,3,72,32,0.5336659940003301,38.5203277690016,323.1916539619997,0.013677891343832016,1.0,1.0,1.0,1.0,1.8832592592592593e-05,0.78125,0.0,2.0,medium|hard|easy
test,0,3,73,32,0.5327878759999294,39.05367988200305,323.72500605200185,0.023956675082445145,0.9736842105263157,0.96875,0.9642857142857143,0.967967967967968,1.8826666666666667e-05,0.9375,0.0,2.0,medium|hard|easy
test,0,3,74,32,0.5324005260044942,39.586587361001875,324.25791383899923,0.0012521083699539304,1.0,1.0,1.0,1.0,1.882074074074074e-05,1.03125,0.0,2.0,hard|easy|medium
test,0,3,75,32,0.5342768359987531,40.12143196800025,324.792758167001,0.001333902357146144,1.0,1.0,1.0,1.0,1.8814814814814816e-05,1.15625,0.0,2.0,easy|hard|medium
test,0,3,76,32,0.5335317339995527,40.65550383699883,325.3268300139971,0.0015771319158375263,1.0,1.0,1.0,1.0,1.880888888888889e-05,1.1875,0.0,2.0,hard|easy|medium
test,0,3,77,32,0.5323460550062009,41.18838610000239,325.85971227499977,0.25241050124168396,0.90625,0.90625,0.907843137254902,0.906158357771261,1.8802962962962964e-05,0.875,0.0,2.0,hard|easy|medium
test,0,3,78,32,0.5335512680030661,41.72249541799829,326.39382159399975,0.18020935356616974,0.9736842105263157,0.96875,0.9642857142857143,0.967967967967968,1.879703703703704e-05,0.90625,0.0,2.0,medium|easy|hard
test,0,3,79,32,0.533188223002071,42.25616209000145,326.9274882690006,0.002603394677862525,1.0,1.0,1.0,1.0,1.8791111111111113e-05,1.0,0.0,2.0,easy|hard|medium
test,0,3,80,32,0.5322783660012647,42.788972456997726,327.4602986530008,0.030183125287294388,0.9545454545454546,0.96875,0.9772727272727273,0.964562569213732,1.8785185185185187e-05,1.125,0.0,2.0,hard|medium|easy
test,0,3,81,32,0.5339487180026481,43.32344994300365,327.99477611199836,0.32702094316482544,0.9473684210526316,0.9375,0.9333333333333333,0.9365079365079365,1.877925925925926e-05,0.875,0.0,2.0,easy|medium|hard
test,0,3,82,32,0.5329401209964999,43.85692509000364,328.5282512679987,0.001655764877796173,1.0,1.0,1.0,1.0,1.8773333333333335e-05,0.90625,0.0,2.0,hard|easy|medium
test,0,3,83,32,0.5325560089986539,44.390010369002994,329.061336560997,0.3560672998428345,0.9333333333333333,0.9375,0.9473684210526316,0.9365079365079365,1.876740740740741e-05,0.71875,0.0,2.0,easy|hard|medium
test,0,3,84,32,0.5340173699951265,44.924571169001865,329.59589734199835,0.001442622859030962,1.0,1.0,1.0,1.0,1.8761481481481484e-05,0.90625,0.0,2.0,hard|easy|medium
test,0,3,85,32,0.533214137001778,45.45825987400167,330.12958613500086,0.0014451101887971163,1.0,1.0,1.0,1.0,1.8755555555555558e-05,0.8125,0.0,2.0,easy|hard|medium
test,0,3,86,32,0.5319858229995589,45.99081453299732,330.6621407040002,0.16413213312625885,0.9642857142857143,0.96875,0.9736842105263157,0.967967967967968,1.8749629629629632e-05,1.125,0.0,2.0,easy|medium|hard
test,0,3,87,32,0.5340334620050271,46.52539241799968,331.19671859699883,0.004997178912162781,1.0,1.0,1.0,1.0,1.8743703703703707e-05,0.96875,0.0,2.0,medium|hard|easy
test,0,3,88,32,0.5330827819998376,47.05903553099779,331.7303617209982,0.0017135109519585967,1.0,1.0,1.0,1.0,1.8737777777777778e-05,0.9375,0.0,2.0,easy|hard|medium
test,0,3,89,32,0.5325661500028218,47.59215763099928,332.2634837989972,0.0016874109860509634,1.0,1.0,1.0,1.0,1.8731851851851855e-05,1.09375,0.0,2.0,easy|hard|medium
test,0,3,90,32,0.5338262709992705,48.12654987499991,332.79787605800084,0.002599883358925581,1.0,1.0,1.0,1.0,1.8725925925925926e-05,1.15625,0.0,2.0,medium|hard|easy
test,0,3,91,32,0.5335923630045727,48.66067789700173,333.3320040690014,1.0925688743591309,0.8583333333333334,0.84375,0.8372549019607842,0.8398398398398399,1.8720000000000004e-05,1.125,0.0,2.0,hard|easy|medium
test,0,3,92,32,0.5326647730034892,49.193931599998905,333.86525777600036,0.15651065111160278,0.9736842105263157,0.96875,0.9642857142857143,0.967967967967968,1.8714074074074075e-05,1.0,0.0,2.0,easy|hard|medium
test,0,3,93,32,0.53349686099682,49.72790711699781,334.39923355200153,0.16646330058574677,0.9666666666666667,0.96875,0.9722222222222222,0.9684729064039409,1.870814814814815e-05,1.0,0.0,2.0,hard|medium|easy
test,0,3,94,32,0.5334856780027621,50.26195112099958,334.93327732299804,0.03285469114780426,1.0,1.0,1.0,1.0,1.8702222222222223e-05,1.0,0.0,2.0,hard|easy|medium
test,0,3,95,32,0.5328634129982674,50.79527822000091,335.46660470100323,0.20630362629890442,0.96875,0.96875,0.9705882352941176,0.9687194525904204,1.8696296296296297e-05,0.96875,0.0,2.0,medium|easy|hard
test,0,3,96,32,0.5341268709962605,51.329939875999116,336.00126603899844,0.053698863834142685,0.9642857142857143,0.96875,0.9736842105263157,0.967967967967968,1.869037037037037e-05,0.9375,0.0,2.0,easy|hard|medium
test,0,3,97,32,0.5367863639985444,51.86729831300181,336.5386245789996,0.001315587549470365,1.0,1.0,1.0,1.0,1.8684444444444446e-05,0.9375,0.0,2.0,medium|easy|hard
test,0,3,98,32,0.5332751460009604,52.40140171600069,337.0727278839986,0.0015396566595882177,1.0,1.0,1.0,1.0,1.867851851851852e-05,1.0,0.0,2.0,hard|easy|medium
test,0,3,99,32,0.5333897740056273,52.93536279399996,337.6066889729991,0.002052180701866746,1.0,1.0,1.0,1.0,1.8672592592592594e-05,1.1875,0.0,2.0,hard|easy|medium
test,0,3,100,32,0.5329583939965232,53.46890003300359,338.1402262499978,0.4393976330757141,0.9318181818181819,0.90625,0.8846153846153846,0.8981972428419936,1.866666666666667e-05,1.125,0.0,2.0,medium|hard|easy
test,0,3,101,32,0.5325186869958998,54.002010691998294,338.67333687000064,0.002083034487441182,1.0,1.0,1.0,1.0,1.8660740740740743e-05,0.84375,0.0,2.0,hard|easy|medium
test,0,3,102,32,0.533425540997996,54.536003560999234,339.2073297270035,0.17419832944869995,0.96875,0.96875,0.9705882352941176,0.9687194525904204,1.8654814814814817e-05,1.09375,0.0,2.0,medium|easy|hard
test,0,3,103,32,0.5329129860037938,55.06946182400134,339.74078800700227,0.1554591953754425,0.9444444444444444,0.9375,0.9375,0.9372549019607843,1.8648888888888888e-05,1.0625,0.0,2.0,hard|easy|medium
test,0,3,104,32,0.5323509959998773,55.60240593100025,340.2737321129971,0.0033351387828588486,1.0,1.0,1.0,1.0,1.8642962962962966e-05,1.125,0.0,2.0,medium|easy|hard
test,0,3,105,32,0.5340976760053309,56.137070441000105,340.80839673800074,0.004220211878418922,1.0,1.0,1.0,1.0,1.8637037037037037e-05,0.875,0.0,2.0,easy|medium|hard
test,0,3,106,32,0.5328276649961481,56.67044989900023,341.34177608400205,0.007609734311699867,1.0,1.0,1.0,1.0,1.8631111111111114e-05,0.875,0.0,2.0,easy|hard|medium
test,0,3,107,32,0.5325650360027794,57.20345824200194,341.874784419997,0.12621568143367767,0.9705882352941176,0.96875,0.96875,0.9687194525904204,1.8625185185185185e-05,1.25,0.0,2.0,hard|easy|medium
test,0,3,108,32,0.5336851610045414,57.73761613800161,342.4089423080004,0.002234505256637931,1.0,1.0,1.0,1.0,1.8619259259259263e-05,1.28125,0.0,2.0,hard|medium|easy
test,0,3,109,32,0.5330172680041869,58.27126065699849,342.9425868519975,0.00949128344655037,1.0,1.0,1.0,1.0,1.8613333333333334e-05,1.15625,0.0,2.0,medium|easy|hard
test,0,3,110,32,0.5319199529985781,58.80376508199697,343.47509125200304,0.0016348062781617045,1.0,1.0,1.0,1.0,1.860740740740741e-05,1.03125,0.0,2.0,hard|easy|medium
test,0,3,111,32,0.5338980300002731,59.33824499700131,344.0095711679969,0.14675340056419373,0.9722222222222222,0.96875,0.9666666666666667,0.9684729064039409,1.8601481481481482e-05,0.8125,0.0,2.0,easy|hard|medium
test,0,3,112,32,0.5327321789955022,59.871562036001706,344.54288824299874,0.002261833054944873,1.0,1.0,1.0,1.0,1.8595555555555556e-05,0.9375,0.0,2.0,easy|hard|medium
test,0,3,113,32,0.5318283320011687,60.403892665002786,345.0752188510014,0.19028522074222565,0.9736842105263157,0.96875,0.9642857142857143,0.967967967967968,1.858962962962963e-05,1.03125,0.0,2.0,medium|easy|hard
test,0,3,114,32,0.5339911629998824,60.938480187003734,345.60980635599844,0.0014145288150757551,1.0,1.0,1.0,1.0,1.8583703703703705e-05,1.03125,0.0,2.0,medium|hard|easy
test,0,3,115,32,0.5325708379969001,61.47157371399953,346.14289988199744,0.3371833860874176,0.9352226720647774,0.9375,0.9352226720647774,0.9352226720647774,1.857777777777778e-05,1.0,0.0,2.0,easy|medium|hard
test,0,3,116,32,0.5326394119983888,62.00480992299708,346.67613609199907,0.21866481006145477,0.9375,0.9375,0.9375,0.9375,1.8571851851851853e-05,0.84375,0.0,2.0,medium|easy|hard
test,0,3,117,32,0.5338482150036725,62.5392449380015,347.2105711059994,0.37475481629371643,0.9375,0.90625,0.8636363636363636,0.887719298245614,1.8565925925925928e-05,1.28125,0.0,2.0,hard|medium|easy
test,0,3,118,32,0.5327350740044494,63.072486147000745,347.7438123250031,0.03686268627643585,0.9761904761904762,0.96875,0.9583333333333333,0.9660657476139979,1.8560000000000002e-05,0.8125,0.0,2.0,easy|hard|medium
test,0,3,119,32,0.5335304719992564,63.60655062000296,348.2778767990021,0.01049219723790884,1.0,1.0,1.0,1.0,1.8554074074074076e-05,1.03125,0.0,2.0,hard|easy|medium
test,0,3,120,32,0.5344890929991379,64.14166201899934,348.8129881970017,0.30907148122787476,0.925,0.90625,0.9,0.9039039039039038,1.854814814814815e-05,1.15625,0.0,2.0,medium|hard|easy
test,0,3,121,32,0.5329091750027146,64.67511817799823,349.3464443490011,0.007481674663722515,1.0,1.0,1.0,1.0,1.8542222222222225e-05,1.09375,0.0,2.0,hard|medium|easy
test,0,3,122,32,0.5340266810017056,65.20968705599807,349.8810134630039,0.004277846310287714,1.0,1.0,1.0,1.0,1.85362962962963e-05,1.03125,0.0,2.0,easy|hard|medium
test,0,3,123,32,0.5333462470007362,65.7435052150031,350.4148314080012,0.19437983632087708,0.90625,0.90625,0.9210526315789473,0.9054187192118226,1.8530370370370373e-05,1.125,0.0,2.0,medium|hard|easy
test,0,3,124,32,0.533133312004793,66.27718685699801,350.9485130250032,0.13053421676158905,0.9761904761904762,0.96875,0.9583333333333333,0.9660657476139979,1.8524444444444444e-05,1.0,0.0,2.0,medium|easy|hard
test,0,3,125,32,0.5336406700007501,66.81137888300145,351.4827050590029,0.1284385472536087,0.9583333333333333,0.96875,0.9761904761904762,0.9660657476139979,1.851851851851852e-05,0.90625,0.0,2.0,hard|easy|medium
test,0,3,126,32,0.5331005249972804,67.34500352099712,352.0163296870014,0.18132124841213226,0.9375,0.9375,0.9444444444444444,0.9372549019607843,1.8512592592592593e-05,1.21875,0.0,2.0,medium|hard|easy
test,0,3,127,32,0.5328187650011387,67.87838352200197,352.5497097050029,0.004705369472503662,1.0,1.0,1.0,1.0,1.8506666666666667e-05,0.9375,0.0,2.0,medium|easy|hard
test,0,3,128,32,0.5339599190047011,68.41294791200198,353.0842740739972,0.16699498891830444,0.9722222222222222,0.96875,0.9666666666666667,0.9684729064039409,1.850074074074074e-05,1.1875,0.0,2.0,hard|medium|easy
test,0,3,129,32,0.5330316699983086,68.94657207500131,353.6178982420024,0.003609259147197008,1.0,1.0,1.0,1.0,1.8494814814814815e-05,0.875,0.0,2.0,medium|easy|hard
test,0,3,130,32,0.5321995010017417,69.47936503100209,354.1506912039986,0.006990436930209398,1.0,1.0,1.0,1.0,1.848888888888889e-05,0.8125,0.0,2.0,hard|medium|easy
test,0,3,131,32,0.5335441110000829,70.0134581980019,354.6847843659998,0.005517145618796349,1.0,1.0,1.0,1.0,1.8482962962962964e-05,1.1875,0.0,2.0,hard|easy|medium
test,0,3,132,32,0.5331067739971331,70.54711117500119,355.2184373589989,0.003810079302638769,1.0,1.0,1.0,1.0,1.8477037037037038e-05,0.96875,0.0,2.0,medium|easy|hard
test,0,3,133,32,0.5321205630025361,71.07981882400054,355.75114499100164,0.0291285403072834,0.9705882352941176,0.96875,0.96875,0.9687194525904204,1.8471111111111112e-05,0.78125,0.0,2.0,medium|easy|hard
test,0,3,134,32,0.5337149219994899,71.61410739499843,356.2854335669981,0.004234175197780132,1.0,1.0,1.0,1.0,1.8465185185185187e-05,1.125,0.0,2.0,medium|easy|hard
test,0,3,135,32,0.5331893789989408,72.14787312199769,356.8191993340006,0.0033892879728227854,1.0,1.0,1.0,1.0,1.845925925925926e-05,1.125,0.0,2.0,easy|hard|medium
test,0,3,136,32,0.5324176610010909,72.6809278330038,357.3522540109989,0.011515521444380283,1.0,1.0,1.0,1.0,1.8453333333333335e-05,1.15625,0.0,2.0,medium|easy|hard
test,0,3,137,32,0.534143677999964,73.21559434100345,357.8869205250012,0.027749078348279,0.96875,0.96875,0.9705882352941176,0.9687194525904204,1.844740740740741e-05,1.09375,0.0,2.0,medium|easy|hard
test,0,3,138,32,0.5331974919972708,73.74938198900054,358.4207081470013,0.0014749853871762753,1.0,1.0,1.0,1.0,1.8441481481481484e-05,0.9375,0.0,2.0,medium|easy|hard
test,0,3,139,32,0.5330758479976794,74.28301372699934,358.95433989499725,0.0012543922057375312,1.0,1.0,1.0,1.0,1.8435555555555558e-05,1.0,0.0,2.0,medium|easy|hard
test,0,3,140,32,0.5359653179984889,74.81960928499757,359.49093550100224,0.009463141672313213,1.0,1.0,1.0,1.0,1.8429629629629632e-05,1.125,0.0,2.0,hard|medium|easy
test,0,3,141,32,0.5339778839988867,75.35461362000206,360.0259397839982,0.0020037603098899126,1.0,1.0,1.0,1.0,1.8423703703703706e-05,0.9375,0.0,2.0,easy|hard|medium
test,0,3,142,32,0.5327228729947819,75.88798890999897,360.55931508100184,0.21393552422523499,0.9705882352941176,0.96875,0.96875,0.9687194525904204,1.8417777777777777e-05,0.96875,0.0,2.0,easy|medium|hard
test,0,3,143,32,0.5339663730046595,76.42253670500213,361.0938628840013,0.2610572278499603,0.9117647058823529,0.90625,0.9166666666666667,0.906158357771261,1.8411851851851855e-05,1.09375,0.0,2.0,hard|easy|medium
test,0,3,144,32,0.5336030849939561,76.95665947499947,361.6279856429974,0.0007794467965140939,1.0,1.0,1.0,1.0,1.8405925925925926e-05,0.875,0.0,2.0,hard|easy|medium
test,0,3,145,32,0.5333343240054091,77.49055124499864,362.1618774669987,0.0008055740618146956,1.0,1.0,1.0,1.0,1.8400000000000003e-05,0.6875,0.0,2.0,medium|easy|hard
test,0,3,146,32,0.5337024919936084,78.02485171300214,362.6961778900004,0.010266046039760113,1.0,1.0,1.0,1.0,1.8394074074074074e-05,0.84375,0.0,2.0,medium|hard|easy
test,0,3,147,32,0.5328955389995826,78.55830059199798,363.22962678500335,0.0009470351506024599,1.0,1.0,1.0,1.0,1.8388148148148152e-05,1.03125,0.0,2.0,medium|easy|hard
test,0,3,148,32,0.5328361420033616,79.09168937899813,363.76301554300153,0.0009144815267063677,1.0,1.0,1.0,1.0,1.8382222222222223e-05,1.15625,0.0,2.0,hard|easy|medium
test,0,3,149,32,0.5338438550024875,79.6261486739968,364.297474842002,0.001112089492380619,1.0,1.0,1.0,1.0,1.83762962962963e-05,1.0,0.0,2.0,medium|hard|easy
test,0,3,150,32,0.5330057550017955,80.15975001799961,364.83107619600196,0.5078657269477844,0.90625,0.90625,0.907843137254902,0.906158357771261,1.837037037037037e-05,0.75,0.0,2.0,medium|hard|easy
test,0,3,151,32,0.5326795450018835,80.6929888980012,365.3643150839998,0.0009175167651847005,1.0,1.0,1.0,1.0,1.8364444444444446e-05,1.09375,0.0,2.0,medium|hard|easy
test,0,3,152,32,0.5338688710035058,81.2274898780015,365.89881605600385,0.010174775496125221,1.0,1.0,1.0,1.0,1.835851851851852e-05,1.1875,0.0,2.0,medium|hard|easy
test,0,3,153,32,0.5329324539998197,81.76088239600358,366.4322085579988,0.4117283821105957,0.9365079365079365,0.9375,0.9365079365079365,0.9365079365079365,1.8352592592592594e-05,1.125,0.0,2.0,medium|easy|hard
test,0,3,154,32,0.5329342870027176,82.29439668900159,366.9657228700016,0.0009216517210006714,1.0,1.0,1.0,1.0,1.834666666666667e-05,0.75,0.0,2.0,medium|easy|hard
test,0,3,155,32,0.5344288620035513,82.82937427500292,367.50070043899905,0.005320366472005844,1.0,1.0,1.0,1.0,1.8340740740740743e-05,0.875,0.0,2.0,easy|hard|medium
test,0,3,156,32,0.5329601210032706,83.36292363899702,368.03424982399883,0.0008054659701883793,1.0,1.0,1.0,1.0,1.8334814814814817e-05,1.0625,0.0,2.0,easy|hard|medium
test,0,3,157,32,0.5317646199982846,83.8952356880036,368.5665618639978,0.0009411279461346567,1.0,1.0,1.0,1.0,1.832888888888889e-05,1.0625,0.0,2.0,easy|medium|hard
test,0,3,158,32,0.5334232390014222,84.4291324529986,369.10045865899883,0.15834204852581024,0.9705882352941176,0.96875,0.96875,0.9687194525904204,1.8322962962962965e-05,1.0,0.0,2.0,easy|hard|medium
test,0,3,159,32,0.5331421339942608,84.96279185300227,369.6341180390009,0.0032723047770559788,1.0,1.0,1.0,1.0,1.8317037037037036e-05,1.21875,0.0,2.0,easy|hard|medium
test,0,3,160,32,0.5318499999993946,85.4952514530014,370.1665776189984,0.002086094580590725,1.0,1.0,1.0,1.0,1.8311111111111114e-05,1.125,0.0,2.0,easy|medium|hard
test,0,3,161,32,0.53408445900277,86.0298152739997,370.70114145299885,0.0006443173042498529,1.0,1.0,1.0,1.0,1.8305185185185185e-05,1.25,0.0,2.0,hard|medium|easy
test,0,3,162,32,0.5330311919969972,86.56343520699738,371.23476168199704,0.20612184703350067,0.9772727272727273,0.96875,0.9545454545454546,0.964562569213732,1.8299259259259262e-05,1.34375,0.0,2.0,medium|hard|easy
test,0,3,163,32,0.5328506079968065,87.09683142499853,371.7681575969982,0.001077790278941393,1.0,1.0,1.0,1.0,1.8293333333333333e-05,0.84375,0.0,2.0,easy|hard|medium
test,0,3,164,32,0.5340143979992718,87.63143889899948,372.30276509700343,0.13126686215400696,0.9615384615384616,0.96875,0.975,0.9671794871794872,1.828740740740741e-05,1.125,0.0,2.0,easy|medium|hard
test,0,3,165,32,0.5333810140000423,88.16533493500174,372.83666112799983,0.0013078274205327034,1.0,1.0,1.0,1.0,1.8281481481481482e-05,0.84375,0.0,2.0,medium|hard|easy
test,0,3,166,32,0.5340037060013856,88.69989430299756,373.3712204809999,0.17440149188041687,0.9705882352941176,0.96875,0.96875,0.9687194525904204,1.8275555555555556e-05,1.25,0.0,2.0,hard|medium|easy
test,0,3,167,32,0.5336166999986744,89.23406915299711,373.9053953399998,0.0009292496251873672,1.0,1.0,1.0,1.0,1.826962962962963e-05,0.96875,0.0,2.0,hard|easy|medium
test,0,3,168,32,0.5331191340010264,89.76764815700153,374.43897434000246,0.20387469232082367,0.9736842105263157,0.96875,0.9642857142857143,0.967967967967968,1.8263703703703705e-05,0.6875,0.0,2.0,hard|medium|easy
test,0,3,169,32,0.5336512260037125,90.30182956800127,374.9731557560008,0.2624067962169647,0.9444444444444444,0.9375,0.9375,0.9372549019607843,1.825777777777778e-05,1.03125,0.0,2.0,medium|hard|easy
test,0,3,170,32,0.5330084769957466,90.83546580599796,375.50679199300066,0.0012138445163145661,1.0,1.0,1.0,1.0,1.8251851851851853e-05,0.90625,0.0,2.0,easy|medium|hard
test,0,3,171,32,0.5332535479974467,91.36923862699769,376.0405648619999,0.42341816425323486,0.9090909090909092,0.9375,0.9565217391304348,0.9272727272727272,1.8245925925925927e-05,0.875,0.0,2.0,hard|easy|medium
test,0,3,172,32,0.534219827997731,91.90407076499832,376.57539692799764,0.11686159670352936,0.9761904761904762,0.96875,0.9583333333333333,0.9660657476139979,1.824e-05,1.125,0.0,2.0,medium|hard|easy
test,0,3,173,32,0.5331448669967358,92.43767301800108,377.1089991839981,0.18416117131710052,0.9230769230769231,0.9375,0.9523809523809523,0.9333333333333333,1.8234074074074076e-05,0.75,0.0,2.0,medium|hard|easy
test,0,3,174,32,0.5327720369969029,92.97106062799867,377.6423871590014,0.15768207609653473,0.9666666666666667,0.96875,0.9722222222222222,0.9684729064039409,1.822814814814815e-05,0.84375,0.0,2.0,hard|easy|medium
test,0,3,175,32,0.5344285379978828,93.50605712600372,378.1773833010011,0.1686994731426239,0.9772727272727273,0.96875,0.9545454545454546,0.964562569213732,1.8222222222222224e-05,1.03125,0.0,2.0,hard|medium|easy
test,0,3,176,32,0.5332177320015035,94.03987936700287,378.71120553400397,0.011885282583534718,1.0,1.0,1.0,1.0,1.82162962962963e-05,1.1875,0.0,2.0,hard|medium|easy
test,0,3,177,32,0.5326942870015046,94.57310667700222,379.2444331689985,0.11674530804157257,0.96875,0.96875,0.9705882352941176,0.9687194525904204,1.8210370370370373e-05,0.71875,0.0,2.0,hard|easy|medium
test,0,3,178,32,0.5341930310023599,95.10776708299818,379.7790932720018,0.26626887917518616,0.9411764705882353,0.9375,0.9411764705882353,0.9375,1.8204444444444447e-05,1.15625,0.0,2.0,easy|medium|hard
test,0,3,179,32,0.5334511410037521,95.64174743500189,380.3130736230014,0.003117398824542761,1.0,1.0,1.0,1.0,1.819851851851852e-05,1.25,0.0,2.0,easy|medium|hard
test,0,3,180,32,0.5330234169960022,96.1752423939979,380.8465686039999,0.2637976408004761,0.9375,0.9375,0.9444444444444444,0.9372549019607843,1.8192592592592596e-05,1.21875,0.0,2.0,easy|hard|medium
test,0,3,181,32,0.5340742510015843,96.70978241699777,381.38110858599975,0.007292539346963167,1.0,1.0,1.0,1.0,1.8186666666666666e-05,0.875,0.0,2.0,hard|easy|medium
test,0,3,182,32,0.5333451529950253,97.24372280899843,381.9150489870008,0.0035324967466294765,1.0,1.0,1.0,1.0,1.8180740740740744e-05,1.0625,0.0,2.0,hard|easy|medium
test,0,3,183,32,0.53243537099479,97.77662225499807,382.44794844400167,0.02009083516895771,1.0,1.0,1.0,1.0,1.8174814814814815e-05,1.25,0.0,2.0,medium|hard|easy
test,0,3,184,32,0.5332478880009148,98.31047963599849,382.9818058029996,0.0029858993366360664,1.0,1.0,1.0,1.0,1.8168888888888893e-05,1.21875,0.0,2.0,hard|easy|medium
test,0,3,185,32,0.5331591409994871,98.84421599299822,383.515542162997,0.0037721022963523865,1.0,1.0,1.0,1.0,1.8162962962962963e-05,0.96875,0.0,2.0,medium|hard|easy
test,0,3,186,32,0.5326069740040111,99.37735956200049,384.0486857290016,0.21624857187271118,0.9722222222222222,0.96875,0.9666666666666667,0.9684729064039409,1.8157037037037038e-05,0.9375,0.0,2.0,easy|hard|medium
test,0,3,187,32,0.5334598240006017,99.91133411299961,384.58266031499807,0.021662453189492226,1.0,1.0,1.0,1.0,1.8151111111111112e-05,1.125,0.0,2.0,medium|hard|easy
test,0,3,188,32,0.5335831519987551,100.4454857899982,385.1168120099974,0.12903960049152374,0.9666666666666667,0.96875,0.9722222222222222,0.9684729064039409,1.8145185185185186e-05,0.75,0.0,2.0,medium|hard|easy
test,0,3,189,32,0.5323579859978054,100.97839850500168,385.64972467400366,0.004760948941111565,1.0,1.0,1.0,1.0,1.813925925925926e-05,0.96875,0.0,2.0,medium|easy|hard
test,0,3,190,32,0.5328137559990864,101.51176613799907,386.18309230700106,0.1116674542427063,0.9666666666666667,0.96875,0.9722222222222222,0.9684729064039409,1.8133333333333335e-05,1.15625,0.0,2.0,easy|medium|hard
test,0,3,191,32,0.5335814520003623,102.04594472300232,386.71727090800414,0.12842866778373718,0.9583333333333333,0.96875,0.9761904761904762,0.9660657476139979,1.812740740740741e-05,0.96875,0.0,2.0,easy|hard|medium
test,0,3,192,32,0.5332598680033698,102.57975090599939,387.2510770959998,0.060895804315805435,0.96875,0.96875,0.9705882352941176,0.9687194525904204,1.8121481481481483e-05,0.90625,0.0,2.0,easy|medium|hard
test,0,3,193,32,0.5338768579968018,103.11425065300136,387.7855768549998,0.008124434389173985,1.0,1.0,1.0,1.0,1.8115555555555558e-05,1.1875,0.0,2.0,medium|hard|easy
test,0,3,194,32,0.5335676539980341,103.64834304800024,388.3196692240017,0.1832577884197235,0.9642857142857143,0.96875,0.9736842105263157,0.967967967967968,1.8109629629629632e-05,0.84375,0.0,2.0,medium|easy|hard
test,0,3,195,32,0.5327133940008935,104.18155884300359,388.85288502099866,0.17581304907798767,0.9230769230769231,0.9375,0.9523809523809523,0.9333333333333333,1.8103703703703706e-05,1.03125,0.0,2.0,medium|hard|easy
test,0,3,196,32,0.5340024990000529,104.71610307000083,389.3874292399996,0.15652284026145935,0.9372549019607843,0.9375,0.9372549019607843,0.9372549019607843,1.8097777777777777e-05,1.03125,0.0,2.0,medium|hard|easy
test,0,3,197,32,0.5327239999969606,105.24937045700062,389.92069666500174,0.0018040022114291787,1.0,1.0,1.0,1.0,1.8091851851851855e-05,0.875,0.0,2.0,medium|easy|hard
test,0,3,198,32,0.5329641100033768,105.78295083699777,390.4542770140033,0.0033369711600244045,1.0,1.0,1.0,1.0,1.8085925925925925e-05,0.78125,0.0,2.0,easy|hard|medium
test,0,3,199,32,0.5334598150002421,106.31696362100047,390.9882898290016,0.021044408902525902,1.0,1.0,1.0,1.0,1.8080000000000003e-05,0.9375,0.0,2.0,hard|medium|easy
test,0,3,200,32,0.5327801699968404,106.85031673299818,391.5216428959975,0.008740467019379139,1.0,1.0,1.0,1.0,1.8074074074074074e-05,1.1875,0.0,2.0,hard|medium|easy
test,0,3,201,32,0.5323314220004249,107.38317395799822,392.05450016800023,0.004507554695010185,1.0,1.0,1.0,1.0,1.806814814814815e-05,1.125,0.0,2.0,easy|hard|medium
test,0,3,202,32,0.533322743998724,107.91709360900131,392.5884198049971,0.03550611063838005,0.9615384615384616,0.96875,0.975,0.9671794871794872,1.8062222222222222e-05,1.09375,0.0,2.0,hard|easy|medium
test,0,3,203,32,0.5332951809978113,108.45094315899769,393.12226933299826,0.0032390188425779343,1.0,1.0,1.0,1.0,1.80562962962963e-05,0.75,0.0,2.0,hard|easy|medium
test,0,3,204,32,0.5323233700037235,108.9838282549972,393.65515446099744,0.10462179034948349,0.975,0.96875,0.9615384615384616,0.9671794871794872,1.805037037037037e-05,1.09375,0.0,2.0,hard|medium|easy
test,0,3,205,32,0.5336312060026103,109.51803386300162,394.1893600769981,0.4499560296535492,0.9210526315789473,0.90625,0.90625,0.9054187192118226,1.8044444444444445e-05,1.0625,0.0,2.0,easy|hard|medium
test,0,3,206,32,0.5329072199965594,110.05154431299889,394.72287048200087,0.0200052447617054,1.0,1.0,1.0,1.0,1.803851851851852e-05,0.96875,0.0,2.0,easy|hard|medium
test,0,3,207,32,0.532894027994189,110.5849488399981,395.2562750529978,0.014253179542720318,1.0,1.0,1.0,1.0,1.8032592592592594e-05,0.90625,0.0,2.0,hard|medium|easy
test,0,3,208,32,0.5339969950000523,111.11952538500191,395.7908515540039,0.0053026857785880566,1.0,1.0,1.0,1.0,1.8026666666666668e-05,1.0625,0.0,2.0,medium|hard|easy
test,0,3,209,32,0.533331441001792,111.65331789299671,396.3246441070005,0.027285730466246605,0.9722222222222222,0.96875,0.9666666666666667,0.9684729064039409,1.8020740740740742e-05,1.03125,0.0,2.0,medium|hard|easy
test,0,3,210,32,0.5324495210006717,112.18638327399822,396.8577094920038,0.16883336007595062,0.9545454545454546,0.96875,0.9772727272727273,0.964562569213732,1.8014814814814817e-05,1.03125,0.0,2.0,medium|easy|hard
test,0,3,211,32,0.5351861890012515,112.7220951010022,397.39342136900086,0.002082875929772854,1.0,1.0,1.0,1.0,1.800888888888889e-05,1.28125,0.0,2.0,medium|easy|hard
test,0,3,212,32,0.5333038270036923,113.25598462400376,397.92731078900397,0.0012236288748681545,1.0,1.0,1.0,1.0,1.8002962962962965e-05,1.34375,0.0,2.0,easy|medium|hard
test,0,3,213,32,0.5338694640013273,113.79041673699976,398.4617429179998,0.003433089703321457,1.0,1.0,1.0,1.0,1.799703703703704e-05,1.0,0.0,2.0,medium|easy|hard
test,0,3,214,32,0.5337263460023678,114.32465078999667,398.995976967999,0.19395986199378967,0.9666666666666667,0.96875,0.9722222222222222,0.9684729064039409,1.7991111111111114e-05,1.34375,0.0,2.0,hard|medium|easy
test,0,3,215,32,0.5332300320005743,114.85840201000246,399.5297281789972,0.041489459574222565,0.9705882352941176,0.96875,0.96875,0.9687194525904204,1.7985185185185188e-05,0.875,0.0,2.0,hard|medium|easy
test,0,3,216,32,0.5338244700033101,115.39266308699735,400.06398925599933,0.0012354239588603377,1.0,1.0,1.0,1.0,1.7979259259259262e-05,0.8125,0.0,2.0,medium|easy|hard
test,0,3,217,32,0.5334409170027357,115.92675119199703,400.5980773889969,0.1221766322851181,0.9365079365079365,0.9375,0.9365079365079365,0.9365079365079365,1.7973333333333333e-05,0.875,0.0,2.0,easy|medium|hard
test,0,3,218,32,0.5328458570002113,116.4601926730029,401.13151885099796,0.12813979387283325,0.9772727272727273,0.96875,0.9545454545454546,0.964562569213732,1.796740740740741e-05,0.78125,0.0,2.0,easy|hard|medium
test,0,3,219,32,0.5339521679998143,116.99470072099939,401.66602691500157,0.20030821859836578,0.96875,0.96875,0.9705882352941176,0.9687194525904204,1.796148148148148e-05,1.03125,0.0,2.0,medium|easy|hard
test,0,3,220,32,0.5329463109956123,117.52827376699861,402.1995999819992,0.17931827902793884,0.95,0.9375,0.9285714285714286,0.9352226720647774,1.7955555555555556e-05,0.90625,0.0,2.0,medium|easy|hard
test,0,3,221,32,0.5333815580015653,118.06221764600195,402.7335438540031,0.0010138566140085459,1.0,1.0,1.0,1.0,1.794962962962963e-05,0.84375,0.0,2.0,easy|hard|medium
test,0,3,222,32,0.5347398439989774,118.59749462999753,403.26882083500095,0.0010557989589869976,1.0,1.0,1.0,1.0,1.7943703703703704e-05,1.03125,0.0,2.0,medium|easy|hard
test,0,3,223,32,0.5329710000005434,119.13104340500286,403.80236957399757,0.17237628996372223,0.975,0.96875,0.9615384615384616,0.9671794871794872,1.793777777777778e-05,0.90625,0.0,2.0,medium|easy|hard
test,0,3,224,32,0.5319068459939444,119.66355579299852,404.3348819890016,0.1328199952840805,0.9642857142857143,0.96875,0.9736842105263157,0.967967967967968,1.7931851851851853e-05,1.03125,0.0,2.0,medium|easy|hard
test,0,3,225,32,0.534541522996733,120.19868320300156,404.8700093689986,0.006948026362806559,1.0,1.0,1.0,1.0,1.7925925925925927e-05,0.9375,0.0,2.0,easy|hard|medium
test,0,3,226,32,0.5332100280065788,120.7324444870028,405.4037706790041,0.10019408166408539,0.9642857142857143,0.96875,0.9736842105263157,0.967967967967968,1.792e-05,1.09375,0.0,2.0,medium|easy|hard
test,0,3,227,32,0.5324452610002481,121.26543532500364,405.93676153400156,0.013312243856489658,1.0,1.0,1.0,1.0,1.7914074074074075e-05,0.875,0.0,2.0,medium|hard|easy
test,0,3,228,32,0.5338993220066186,121.79980310399696,406.47112929700234,0.0015611422713845968,1.0,1.0,1.0,1.0,1.790814814814815e-05,1.0625,0.0,2.0,hard|easy|medium
test,0,3,229,32,0.5333632819965715,122.33375250700192,407.0050787209984,0.002604702953249216,1.0,1.0,1.0,1.0,1.7902222222222224e-05,1.15625,0.0,2.0,medium|hard|easy
test,0,3,230,32,0.5321388759984984,122.86643874600122,407.5377649170041,0.016250280663371086,1.0,1.0,1.0,1.0,1.7896296296296298e-05,0.75,0.0,2.0,medium|hard|easy
test,0,3,231,32,0.5342010860040318,123.40117019700119,408.07249637399946,0.10861856490373611,0.96875,0.96875,0.9705882352941176,0.9687194525904204,1.7890370370370373e-05,0.84375,0.0,2.0,hard|medium|easy
test,0,3,232,32,0.5337309470050968,123.93552477200137,408.6068509609977,0.004811896476894617,1.0,1.0,1.0,1.0,1.7884444444444447e-05,0.75,0.0,2.0,medium|easy|hard
test,0,3,233,32,0.5323852179935784,124.46845466399827,409.1397808469992,0.1961289644241333,0.9285714285714286,0.9375,0.95,0.9352226720647774,1.787851851851852e-05,1.09375,0.0,2.0,hard|medium|easy
test,0,3,234,32,0.5334479509983794,125.00250344900269,409.6738296199983,0.0022335294634103775,1.0,1.0,1.0,1.0,1.7872592592592595e-05,0.9375,0.0,2.0,easy|medium|hard
test,0,3,235,32,0.5339081559941405,125.53693727400241,410.20826348300034,0.0021655322052538395,1.0,1.0,1.0,1.0,1.7866666666666666e-05,0.875,0.0,2.0,hard|medium|easy
test,0,3,236,32,0.5322307169990381,126.06979353199858,410.7411197320034,0.35349220037460327,0.9089068825910931,0.90625,0.9007936507936507,0.9039039039039038,1.7860740740740744e-05,0.78125,0.0,2.0,easy|hard|medium
test,0,3,237,32,0.5337780310001108,126.60415673600073,411.2754829059995,0.0018282076343894005,1.0,1.0,1.0,1.0,1.7854814814814815e-05,0.90625,0.0,2.0,easy|hard|medium
test,0,3,238,32,0.5333426190045429,127.13801877300284,411.80934493600216,0.13274207711219788,0.9705882352941176,0.96875,0.96875,0.9687194525904204,1.7848888888888892e-05,0.78125,0.0,2.0,medium|hard|easy
test,0,3,239,32,0.5328105869994033,127.67133523299708,412.3426613920019,0.19915585219860077,0.9352226720647774,0.9375,0.9352226720647774,0.9352226720647774,1.7842962962962963e-05,0.75,0.0,2.0,medium|easy|hard
test,0,3,240,32,0.5336556049951469,128.2055759310024,412.8769021440021,0.14325539767742157,0.9666666666666667,0.96875,0.9722222222222222,0.9684729064039409,1.783703703703704e-05,1.125,0.0,2.0,hard|medium|easy
test,0,3,241,32,0.5331711160033592,128.73930344999826,413.41062966000027,0.0043799011036753654,1.0,1.0,1.0,1.0,1.783111111111111e-05,1.1875,0.0,2.0,easy|hard|medium
test,0,3,242,32,0.5327400469977874,129.27259517300263,413.94392166200123,0.051089975982904434,0.9722222222222222,0.96875,0.9666666666666667,0.9684729064039409,1.7825185185185186e-05,1.25,0.0,2.0,hard|easy|medium
test,0,3,243,32,0.5337356029995135,129.80685422899842,414.478180402999,0.35273873805999756,0.9411764705882353,0.9375,0.9411764705882353,0.9375,1.781925925925926e-05,1.03125,0.0,2.0,medium|easy|hard
test,0,3,244,32,0.5328841980008292,130.3402905519979,415.01161672900344,0.04912266880273819,0.9583333333333333,0.96875,0.9761904761904762,0.9660657476139979,1.7813333333333334e-05,0.9375,0.0,2.0,medium|easy|hard
test,0,3,245,32,0.5326902469969355,130.8735457579969,415.5448719260021,0.15623879432678223,0.96875,0.96875,0.9705882352941176,0.9687194525904204,1.780740740740741e-05,1.03125,0.0,2.0,hard|medium|easy
test,0,3,246,32,0.5336749210036942,131.40780180600268,416.0791279749974,0.013865126296877861,1.0,1.0,1.0,1.0,1.7801481481481483e-05,0.9375,0.0,2.0,easy|medium|hard
test,0,3,247,32,0.5332116360004875,131.94184921299893,416.6131753860027,0.0020983861759305,1.0,1.0,1.0,1.0,1.7795555555555557e-05,0.875,0.0,2.0,easy|hard|medium
test,0,3,248,32,0.53282180899987,132.47519112400187,417.14651729800244,0.19581802189350128,0.9761904761904762,0.96875,0.9583333333333333,0.9660657476139979,1.778962962962963e-05,0.9375,0.0,2.0,medium|hard|easy
test,0,3,249,32,0.5338909239944769,133.00964018899685,417.68096635700203,0.8247447609901428,0.8636363636363636,0.8125,0.8125,0.8056680161943319,1.7783703703703706e-05,1.0625,0.0,2.0,hard|easy|medium
test,0,3,250,32,0.5335756189961103,133.5436603249982,418.2149864960011,0.3638180196285248,0.925,0.90625,0.9,0.9039039039039038,1.7777777777777777e-05,1.0,0.0,2.0,hard|easy|medium
test,0,4,1,32,0.5337466450000647,0.618338145002781,428.7404965780006,0.029199864715337753,0.9666666666666667,0.96875,0.9722222222222222,0.9684729064039409,1.7771851851851854e-05,0.9375,0.0,2.0,hard|medium|easy
test,0,4,2,32,0.5335817550003412,1.1526691159961047,429.27482760800194,0.17703156173229218,0.9545454545454546,0.9375,0.9166666666666667,0.9307359307359306,1.7765925925925925e-05,0.90625,0.0,2.0,easy|medium|hard
test,0,4,3,32,0.5328832779996446,1.686125574997277,429.80828410899994,0.13684368133544922,0.9473684210526316,0.9375,0.9333333333333333,0.9365079365079365,1.7760000000000003e-05,0.96875,0.0,2.0,easy|hard|medium
test,0,4,4,32,0.5327045890007867,2.2193584679989726,430.3415170349981,0.10728991031646729,0.9736842105263157,0.96875,0.9642857142857143,0.967967967967968,1.7754074074074074e-05,0.84375,0.0,2.0,easy|medium|hard
test,0,4,5,32,0.5329448870033957,2.7529091329997755,430.8750677889984,0.09990928322076797,0.9736842105263157,0.96875,0.9642857142857143,0.967967967967968,1.774814814814815e-05,0.96875,0.0,2.0,medium|hard|easy
test,0,4,6,32,0.5329648929982795,3.2864712279988453,431.4086297390022,0.007689802907407284,1.0,1.0,1.0,1.0,1.7742222222222222e-05,0.8125,0.0,2.0,medium|hard|easy
test,0,4,7,32,0.532204996998189,3.8192433649965096,431.94140186299774,0.22345979511737823,0.9333333333333333,0.9375,0.9473684210526316,0.9365079365079365,1.77362962962963e-05,1.125,0.0,2.0,medium|hard|easy
test,0,4,8,32,0.5333217429943033,4.353114821002237,432.4752733330024,0.0078048137947916985,1.0,1.0,1.0,1.0,1.773037037037037e-05,1.0625,0.0,2.0,medium|hard|easy
test,0,4,9,32,0.5331901899990044,4.88686903299822,433.0090276569972,0.0021029755007475615,1.0,1.0,1.0,1.0,1.7724444444444445e-05,0.9375,0.0,2.0,easy|hard|medium
test,0,4,10,32,0.5324704270024085,5.419947916998353,433.5421064089969,0.019111068919301033,1.0,1.0,1.0,1.0,1.771851851851852e-05,0.875,0.0,2.0,easy|medium|hard
test,0,4,11,32,0.5335125990022789,5.954008692999196,434.07616720799706,0.007343326695263386,1.0,1.0,1.0,1.0,1.7712592592592593e-05,1.125,0.0,2.0,medium|hard|easy
test,0,4,12,32,0.5330817260037293,6.487671593000414,434.6098301530001,0.003994802013039589,1.0,1.0,1.0,1.0,1.7706666666666668e-05,0.84375,0.0,2.0,easy|medium|hard
test,0,4,13,32,0.5323865600003046,7.0206583039980615,435.14281690400094,0.14827990531921387,0.9375,0.9375,0.9444444444444444,0.9372549019607843,1.7700740740740742e-05,0.875,0.0,2.0,medium|hard|easy
test,0,4,14,32,0.5334402170046815,7.554624003001663,435.67678251399775,0.1971205174922943,0.9736842105263157,0.96875,0.9642857142857143,0.967967967967968,1.7694814814814816e-05,0.90625,0.0,2.0,medium|hard|easy
test,0,4,15,32,0.5326086190034403,8.087815646002127,436.2099741790007,0.002113921334967017,1.0,1.0,1.0,1.0,1.768888888888889e-05,1.3125,0.0,2.0,hard|medium|easy
test,0,4,16,32,0.5320424109959276,8.620437352998124,436.74259587300185,0.00407306756824255,1.0,1.0,1.0,1.0,1.7682962962962965e-05,1.0625,0.0,2.0,hard|easy|medium
test,0,4,17,32,0.5335959859949071,9.154517133996706,437.2766757240024,0.11405471712350845,0.9705882352941176,0.96875,0.96875,0.9687194525904204,1.767703703703704e-05,1.03125,0.0,2.0,hard|medium|easy
test,0,4,18,32,0.5328179509961046,9.68792055999802,437.81007937800314,0.0059577347710728645,1.0,1.0,1.0,1.0,1.7671111111111113e-05,0.90625,0.0,2.0,easy|medium|hard
test,0,4,19,32,0.532017284000176,10.220426193001913,438.3425846829996,0.2663067877292633,0.9318181818181819,0.90625,0.8846153846153846,0.8981972428419936,1.7665185185185187e-05,0.90625,0.0,2.0,medium|easy|hard
test,0,4,20,32,0.5334585279997555,10.754403368002386,438.8765618999969,0.002738876733928919,1.0,1.0,1.0,1.0,1.7659259259259262e-05,1.09375,0.0,2.0,medium|easy|hard
test,0,4,21,32,0.5319317239991506,11.286873862998618,439.40903238600004,0.0018646351527422667,1.0,1.0,1.0,1.0,1.7653333333333336e-05,0.9375,0.0,2.0,medium|easy|hard
test,0,4,22,32,0.5324329709983431,11.819882709001831,439.9420412710024,0.12120631337165833,0.9352226720647774,0.9375,0.9352226720647774,0.9352226720647774,1.764740740740741e-05,0.9375,0.0,2.0,hard|medium|easy
test,0,4,23,32,0.5340858090057736,12.354611486000067,440.47676999100077,0.08413385599851608,0.96875,0.96875,0.9705882352941176,0.9687194525904204,1.7641481481481484e-05,1.21875,0.0,2.0,hard|easy|medium
test,0,4,24,32,0.5330623840054614,12.888226750998001,441.01038528900244,0.002842241432517767,1.0,1.0,1.0,1.0,1.7635555555555555e-05,0.96875,0.0,2.0,hard|medium|easy
test,0,4,25,32,0.5317673309982638,13.420542674997705,441.5427011970023,0.0035595474764704704,1.0,1.0,1.0,1.0,1.7629629629629633e-05,0.96875,0.0,2.0,easy|medium|hard
test,0,4,26,32,0.5334114920042339,13.954510160998325,442.07666875499854,0.12410012632608414,0.9705882352941176,0.96875,0.96875,0.9687194525904204,1.7623703703703704e-05,1.0,0.0,2.0,hard|easy|medium
test,0,4,27,32,0.533131821997813,14.488256051998178,442.610414640003,0.006384001579135656,1.0,1.0,1.0,1.0,1.761777777777778e-05,0.71875,0.0,2.0,hard|easy|medium
test,0,4,28,32,0.5319662370020524,15.020813511997403,443.14297209100187,0.22419103980064392,0.9285714285714286,0.9375,0.95,0.9352226720647774,1.7611851851851852e-05,1.0625,0.0,2.0,medium|easy|hard
test,0,4,29,32,0.5337422970042098,15.55510551000043,443.6772640920026,0.00370000209659338,1.0,1.0,1.0,1.0,1.7605925925925927e-05,0.875,0.0,2.0,hard|medium|easy
test,0,4,30,32,0.5327604689955479,16.08840752999822,444.21056605000194,0.0031725396402180195,1.0,1.0,1.0,1.0,1.76e-05,0.8125,0.0,2.0,hard|medium|easy
test,0,4,31,32,0.5317700800005696,16.62073963200237,444.74289814799704,0.13803409039974213,0.9722222222222222,0.96875,0.9666666666666667,0.9684729064039409,1.7594074074074075e-05,1.0,0.0,2.0,hard|easy|medium
test,0,4,32,32,0.5332815830042819,17.154561069997726,445.27671958500287,0.0017199537251144648,1.0,1.0,1.0,1.0,1.758814814814815e-05,0.96875,0.0,2.0,medium|easy|hard
test,0,4,33,32,0.5327049639963661,17.687894583999878,445.8100530649972,0.001486002467572689,1.0,1.0,1.0,1.0,1.7582222222222224e-05,1.03125,0.0,2.0,medium|hard|easy
test,0,4,34,32,0.5321777639983338,18.220584235998103,446.34274279900274,0.001016605063341558,1.0,1.0,1.0,1.0,1.7576296296296298e-05,1.0,0.0,2.0,hard|medium|easy
test,0,4,35,32,0.533686635993945,18.75483742600045,446.87699602400244,0.174175426363945,0.9642857142857143,0.96875,0.9736842105263157,0.967967967967968,1.7570370370370372e-05,1.0625,0.0,2.0,medium|easy|hard
test,0,4,36,32,0.5330333319943747,19.288375531999918,447.41053409800224,0.0013862415216863155,1.0,1.0,1.0,1.0,1.7564444444444446e-05,1.21875,0.0,2.0,hard|medium|easy
test,0,4,37,32,0.5330817639987799,19.82197884999914,447.94413733100373,0.0073849824257195,1.0,1.0,1.0,1.0,1.755851851851852e-05,1.09375,0.0,2.0,medium|hard|easy
test,0,4,38,32,0.5340060759990592,20.356551358003344,448.47870995000267,0.0019972161389887333,1.0,1.0,1.0,1.0,1.7552592592592595e-05,1.0,0.0,2.0,medium|easy|hard
test,0,4,39,32,0.532795751998492,20.889880315000482,449.01203887700103,0.002002865308895707,1.0,1.0,1.0,1.0,1.7546666666666666e-05,1.0625,0.0,2.0,hard|easy|medium
test,0,4,40,32,0.5331082289994811,21.42357610000181,449.5457348339987,0.0015147523954510689,1.0,1.0,1.0,1.0,1.7540740740740743e-05,1.125,0.0,2.0,medium|hard|easy
test,0,4,41,32,0.5330784340039827,21.95719420399837,450.07935271099996,0.0015724754193797708,1.0,1.0,1.0,1.0,1.7534814814814814e-05,1.15625,0.0,2.0,easy|medium|hard
test,0,4,42,32,0.5328293369966559,22.490644065001106,450.6128025939979,0.22395436465740204,0.9736842105263157,0.96875,0.9642857142857143,0.967967967967968,1.7528888888888892e-05,0.96875,0.0,2.0,medium|hard|easy
test,0,4,43,32,0.5333996459958144,23.024559466000937,451.1467180510008,0.05418648570775986,0.96875,0.96875,0.9705882352941176,0.9687194525904204,1.7522962962962963e-05,1.09375,0.0,2.0,hard|medium|easy
test,0,4,44,32,0.5326616470047156,23.557799838999927,451.6799584019973,0.05559979006648064,0.9615384615384616,0.96875,0.975,0.9671794871794872,1.751703703703704e-05,0.84375,0.0,2.0,easy|hard|medium
test,0,4,45,32,0.5327913880028063,24.09115953899891,452.21331813099823,0.0006989920511841774,1.0,1.0,1.0,1.0,1.751111111111111e-05,1.03125,0.0,2.0,medium|hard|easy
test,0,4,46,32,0.5342935119988397,24.62603110299824,452.7481896840036,0.0030240139458328485,1.0,1.0,1.0,1.0,1.7505185185185186e-05,1.03125,0.0,2.0,medium|hard|easy
test,0,4,47,32,0.5332192000059877,25.159837628001696,453.28199624099943,0.1300843358039856,0.9615384615384616,0.96875,0.975,0.9671794871794872,1.749925925925926e-05,1.15625,0.0,2.0,easy|medium|hard
test,0,4,48,32,0.5329185570008121,25.69336216800002,453.8155207259988,0.0008185941842384636,1.0,1.0,1.0,1.0,1.7493333333333334e-05,1.3125,0.0,2.0,hard|medium|easy
test,0,4,49,32,0.5336964559974149,26.227632239999366,454.3497908220015,0.000835085054859519,1.0,1.0,1.0,1.0,1.748740740740741e-05,0.78125,0.0,2.0,medium|easy|hard
test,0,4,50,32,0.5328770569976768,26.76103632900049,454.8831948980005,0.0026507738512009382,1.0,1.0,1.0,1.0,1.7481481481481483e-05,0.75,0.0,2.0,hard|medium|easy
test,0,4,51,32,0.5326611089985818,27.294241117997444,455.41639961799956,0.004326916299760342,1.0,1.0,1.0,1.0,1.7475555555555557e-05,1.0625,0.0,2.0,easy|hard|medium
test,0,4,52,32,0.5341266169998562,27.828935197998362,455.95109377799963,0.06585487723350525,0.9722222222222222,0.96875,0.9666666666666667,0.9684729064039409,1.746962962962963e-05,0.90625,0.0,2.0,hard|medium|easy
test,0,4,53,32,0.532269761999487,28.36182995299896,456.4839884180037,0.13496877253055573,0.9722222222222222,0.96875,0.9666666666666667,0.9684729064039409,1.7463703703703705e-05,1.0625,0.0,2.0,medium|hard|easy
test,0,4,54,32,0.5326035260004574,28.89497850799671,457.01713701800327,0.05517078563570976,0.9615384615384616,0.96875,0.975,0.9671794871794872,1.745777777777778e-05,1.0625,0.0,2.0,hard|medium|easy
test,0,4,55,32,0.5336515360031626,29.429090197001642,457.5512486959997,0.0015540982130914927,1.0,1.0,1.0,1.0,1.7451851851851854e-05,1.0625,0.0,2.0,easy|hard|medium
test,0,4,56,32,0.5334974430006696,29.963156903002528,458.0853154310025,0.0009496544953435659,1.0,1.0,1.0,1.0,1.7445925925925928e-05,1.09375,0.0,2.0,medium|hard|easy
test,0,4,57,32,0.5322035959979985,30.49588046900317,458.6180389919973,0.000729155435692519,1.0,1.0,1.0,1.0,1.7440000000000002e-05,1.1875,0.0,2.0,medium|easy|hard
test,0,4,58,32,0.5338409989999491,31.0302076950029,459.15236660600203,0.0005386562552303076,1.0,1.0,1.0,1.0,1.7434074074074077e-05,0.875,0.0,2.0,hard|easy|medium
test,0,4,59,32,0.5324505890021101,31.563270149003074,459.6854286480011,0.1703394204378128,0.9761904761904762,0.96875,0.9583333333333333,0.9660657476139979,1.742814814814815e-05,1.09375,0.0,2.0,hard|easy|medium
test,0,4,60,32,0.5322708059975412,32.09608293700148,460.21824147400184,0.0013078195042908192,1.0,1.0,1.0,1.0,1.7422222222222222e-05,1.0,0.0,2.0,easy|medium|hard
test,0,4,61,32,0.5334197330012103,32.63009230500029,460.75225081600365,0.0005568722845055163,1.0,1.0,1.0,1.0,1.74162962962963e-05,1.09375,0.0,2.0,medium|easy|hard
test,0,4,62,32,0.5333603370017954,33.16397548600071,461.2861341020034,0.0006123368511907756,1.0,1.0,1.0,1.0,1.741037037037037e-05,0.875,0.0,2.0,easy|medium|hard
test,0,4,63,32,0.5325569189953967,33.69703150400164,461.81919003799703,0.0008842711104080081,1.0,1.0,1.0,1.0,1.7404444444444445e-05,0.71875,0.0,2.0,hard|medium|easy
test,0,4,64,32,0.5334747100059758,34.23104692999914,462.35320550300094,0.000589595059864223,1.0,1.0,1.0,1.0,1.739851851851852e-05,0.59375,0.0,2.0,medium|easy|hard
test,0,4,65,32,0.5336305149976397,34.765245107002556,462.8874036050038,0.2488251030445099,0.9722222222222222,0.96875,0.9666666666666667,0.9684729064039409,1.7392592592592593e-05,0.75,0.0,2.0,medium|easy|hard
test,0,4,66,32,0.5327999110013479,35.29857842600177,463.4207369900032,0.13788895308971405,0.9722222222222222,0.96875,0.9666666666666667,0.9684729064039409,1.7386666666666667e-05,1.34375,0.0,2.0,medium|hard|easy
test,0,4,67,32,0.5338398649982992,35.83298438700149,463.95514290699793,0.01842905767261982,1.0,1.0,1.0,1.0,1.738074074074074e-05,1.125,0.0,2.0,hard|easy|medium
test,0,4,68,32,0.5329818099999102,36.366562197996245,464.48872069500067,0.13206398487091064,0.9444444444444444,0.9375,0.9375,0.9372549019607843,1.7374814814814816e-05,1.03125,0.0,2.0,easy|hard|medium
test,0,4,69,32,0.5325177319973591,36.8996562129978,465.02181474700046,0.035198770463466644,0.9772727272727273,0.96875,0.9545454545454546,0.964562569213732,1.736888888888889e-05,1.09375,0.0,2.0,hard|easy|medium
test,0,4,70,32,0.5331072760018287,37.433311530003266,465.5554700249995,0.0011250670067965984,1.0,1.0,1.0,1.0,1.7362962962962964e-05,1.125,0.0,2.0,hard|easy|medium
test,0,4,71,32,0.533115614001872,37.966950358997565,466.0891088779972,0.0017471458995714784,1.0,1.0,1.0,1.0,1.735703703703704e-05,0.96875,0.0,2.0,hard|medium|easy
test,0,4,72,32,0.5321916920001968,38.49972784899728,466.62188636000064,0.21302422881126404,0.9642857142857143,0.96875,0.9736842105263157,0.967967967967968,1.7351111111111113e-05,1.09375,0.0,2.0,easy|hard|medium
test,0,4,73,32,0.533345232004649,39.033568223996554,467.1557267419994,0.0016297204419970512,1.0,1.0,1.0,1.0,1.7345185185185187e-05,0.90625,0.0,2.0,easy|hard|medium
test,0,4,74,32,0.5328264489944559,39.56693197199638,467.6890904910033,0.0020346110686659813,1.0,1.0,1.0,1.0,1.733925925925926e-05,0.90625,0.0,2.0,hard|easy|medium
test,0,4,75,32,0.5326028109993786,40.1000356479999,468.22219423200295,0.0017232894897460938,1.0,1.0,1.0,1.0,1.7333333333333336e-05,1.09375,0.0,2.0,hard|medium|easy
test,0,4,76,32,0.5337879720027559,40.63438503799989,468.75654353499704,0.036451999098062515,0.9666666666666667,0.96875,0.9722222222222222,0.9684729064039409,1.732740740740741e-05,1.1875,0.0,2.0,hard|easy|medium
test,0,4,77,32,0.5331186430048547,41.168031383997004,469.2901899740027,0.0014175042742863297,1.0,1.0,1.0,1.0,1.7321481481481484e-05,0.8125,0.0,2.0,easy|hard|medium
test,0,4,78,32,0.5321287770057097,41.7007818389975,469.8229403200021,0.001471574418246746,1.0,1.0,1.0,1.0,1.7315555555555555e-05,0.9375,0.0,2.0,hard|easy|medium
test,0,4,79,32,0.5335387279992574,42.234874531997775,470.3570330479997,0.001556911040097475,1.0,1.0,1.0,1.0,1.7309629629629633e-05,0.84375,0.0,2.0,easy|medium|hard
test,0,4,80,32,0.5328119100013282,42.76828060900152,470.89043917600065,0.002457111142575741,1.0,1.0,1.0,1.0,1.7303703703703704e-05,0.8125,0.0,2.0,medium|hard|easy
test,0,4,81,32,0.5325035159985418,43.30124448699644,471.4234029799991,0.001685353578068316,1.0,1.0,1.0,1.0,1.729777777777778e-05,0.96875,0.0,2.0,medium|easy|hard
test,0,4,82,32,0.5331895150011405,43.83502014700207,471.9571787629975,0.0010344673646613955,1.0,1.0,1.0,1.0,1.7291851851851852e-05,1.03125,0.0,2.0,easy|hard|medium
test,0,4,83,32,0.5329556020005839,44.36845781699958,472.49061637200066,0.18730072677135468,0.9375,0.9375,0.9375,0.9375,1.728592592592593e-05,1.0,0.0,2.0,medium|easy|hard
test,0,4,84,32,0.5329155329964124,44.90190076499857,473.0240593710041,0.0008452410693280399,1.0,1.0,1.0,1.0,1.728e-05,1.03125,0.0,2.0,hard|medium|easy
test,0,4,85,32,0.5339422079996439,45.43641780799953,473.55857637600275,0.0006936170975677669,1.0,1.0,1.0,1.0,1.7274074074074075e-05,1.0625,0.0,2.0,easy|medium|hard
test,0,4,86,32,0.5326996759977192,45.969677856999624,474.0918364570025,0.001437832717783749,1.0,1.0,1.0,1.0,1.726814814814815e-05,1.03125,0.0,2.0,medium|easy|hard
test,0,4,87,32,0.5321812129986938,46.50256074799836,474.6247193119998,0.0008093604119494557,1.0,1.0,1.0,1.0,1.7262222222222223e-05,1.09375,0.0,2.0,medium|hard|easy
test,0,4,88,32,0.5335485739997239,47.03665307399933,475.15881168699707,0.001282840152271092,1.0,1.0,1.0,1.0,1.7256296296296298e-05,0.84375,0.0,2.0,hard|easy|medium
test,0,4,89,32,0.5319618559951778,47.56919576200016,475.6913543230039,0.000703666650224477,1.0,1.0,1.0,1.0,1.7250370370370372e-05,0.9375,0.0,2.0,easy|medium|hard
test,0,4,90,32,0.5323743780027144,48.10210016700148,476.2242587369983,0.003111865371465683,1.0,1.0,1.0,1.0,1.7244444444444446e-05,0.6875,0.0,2.0,medium|hard|easy
test,0,4,91,32,0.5333832540054573,48.6360818739995,476.7582404470013,0.005051922053098679,1.0,1.0,1.0,1.0,1.723851851851852e-05,1.21875,0.0,2.0,hard|easy|medium
test,0,4,92,32,0.5326280509980279,49.1693128170009,477.2914714159997,0.44173866510391235,0.9230769230769231,0.9375,0.9523809523809523,0.9333333333333333,1.7232592592592595e-05,0.96875,0.0,2.0,medium|easy|hard
test,0,4,93,32,0.5323697860003449,49.702268415996514,477.82442699900275,0.22108842432498932,0.9761904761904762,0.96875,0.9583333333333333,0.9660657476139979,1.7226666666666665e-05,0.96875,0.0,2.0,hard|easy|medium
test,0,4,94,32,0.5341412170018884,50.237006848998135,478.35916536900186,0.08533618599176407,0.9705882352941176,0.96875,0.96875,0.9687194525904204,1.7220740740740743e-05,1.03125,0.0,2.0,easy|hard|medium
test,0,4,95,32,0.5330959229977452,50.77069390699762,478.89285247599764,0.0007107660640031099,1.0,1.0,1.0,1.0,1.7214814814814814e-05,1.03125,0.0,2.0,easy|medium|hard
test,0,4,96,32,0.5318816600047285,51.30310515600286,479.4252637690006,0.0009724146802909672,1.0,1.0,1.0,1.0,1.720888888888889e-05,1.03125,0.0,2.0,hard|easy|medium
test,0,4,97,32,0.5335652789945016,51.83721240500017,479.95937100800074,0.002340273465961218,1.0,1.0,1.0,1.0,1.7202962962962963e-05,0.8125,0.0,2.0,hard|medium|easy
test,0,4,98,32,0.5328939739993075,52.37070850299642,480.492867095003,0.0006271512829698622,1.0,1.0,1.0,1.0,1.719703703703704e-05,0.9375,0.0,2.0,hard|easy|medium
test,0,4,99,32,0.5326317029976053,52.90393083100207,481.0260894309977,0.06806736439466476,0.9705882352941176,0.96875,0.96875,0.9687194525904204,1.719111111111111e-05,0.90625,0.0,2.0,easy|hard|medium
test,0,4,100,32,0.5331585849999101,53.43756970699906,481.559728238004,0.03517938405275345,0.96875,0.96875,0.9705882352941176,0.9687194525904204,1.7185185185185185e-05,1.15625,0.0,2.0,hard|easy|medium
test,0,4,101,32,0.5321277080001892,53.970188795996364,482.0923473520015,0.01876175031065941,1.0,1.0,1.0,1.0,1.717925925925926e-05,0.9375,0.0,2.0,easy|medium|hard
test,0,4,102,32,0.5327676770029939,54.50354742399941,482.62570596200385,0.38667452335357666,0.9372549019607843,0.9375,0.9372549019607843,0.9372549019607843,1.7173333333333334e-05,0.59375,0.0,2.0,easy|hard|medium
test,0,4,103,32,0.5334602879956947,55.037570947999484,483.1597295129977,0.0012576612643897533,1.0,1.0,1.0,1.0,1.7167407407407408e-05,0.875,0.0,2.0,medium|easy|hard
test,0,4,104,32,0.5330211000036797,55.57110295900202,483.6932615179976,0.0007546780980192125,1.0,1.0,1.0,1.0,1.7161481481481482e-05,0.875,0.0,2.0,hard|medium|easy
test,0,4,105,32,0.5323629060003441,56.10406257699651,484.2262212049973,0.0007077924674376845,1.0,1.0,1.0,1.0,1.7155555555555557e-05,1.0625,0.0,2.0,easy|hard|medium
test,0,4,106,32,0.5335687490005512,56.63823892000073,484.76039748400217,0.025048982352018356,0.96875,0.96875,0.9705882352941176,0.9687194525904204,1.714962962962963e-05,1.1875,0.0,2.0,hard|medium|easy
test,0,4,107,32,0.53295184399758,57.17177066000295,485.2939291549992,0.10689371824264526,0.9375,0.9375,0.9444444444444444,0.9372549019607843,1.7143703703703705e-05,0.96875,0.0,2.0,easy|medium|hard
test,0,4,108,32,0.532896027994866,57.70520370000304,485.8273623100031,0.001033202512189746,1.0,1.0,1.0,1.0,1.713777777777778e-05,1.1875,0.0,2.0,hard|medium|easy
test,0,4,109,32,0.5333326070031035,58.23917043199617,486.3613289450004,0.0008779560448601842,1.0,1.0,1.0,1.0,1.7131851851851854e-05,0.9375,0.0,2.0,medium|easy|hard
test,0,4,110,32,0.5324313890014309,58.77216412100097,486.8943229209981,0.003097526030614972,1.0,1.0,1.0,1.0,1.7125925925925928e-05,1.1875,0.0,2.0,hard|medium|easy
test,0,4,111,32,0.5321395090068108,59.30484800800332,487.42700653099746,0.0011785633396357298,1.0,1.0,1.0,1.0,1.7120000000000002e-05,1.03125,0.0,2.0,easy|medium|hard
test,0,4,112,32,0.5337301949984976,59.839127653001924,487.9612862110007,0.0013047412503510714,1.0,1.0,1.0,1.0,1.7114074074074076e-05,0.84375,0.0,2.0,easy|hard|medium
test,0,4,113,32,0.5336211309986538,60.37334531200031,488.4955038879998,0.2131498157978058,0.9583333333333333,0.96875,0.9761904761904762,0.9660657476139979,1.710814814814815e-05,0.9375,0.0,2.0,easy|medium|hard
test,0,4,114,32,0.5316384340039804,60.905561722996936,489.02772050099884,0.0006935019046068192,1.0,1.0,1.0,1.0,1.7102222222222225e-05,0.96875,0.0,2.0,easy|hard|medium
test,0,4,115,32,0.5332168649983942,61.43935341799806,489.56151192499965,0.13366730511188507,0.9736842105263157,0.96875,0.9642857142857143,0.967967967967968,1.70962962962963e-05,1.09375,0.0,2.0,easy|hard|medium
test,0,4,116,32,0.5329588540043915,61.97282078200078,490.09497971199744,0.17979462444782257,0.9705882352941176,0.96875,0.96875,0.9687194525904204,1.7090370370370373e-05,0.90625,0.0,2.0,medium|easy|hard
test,0,4,117,32,0.5318205389994546,62.50527167900145,490.6274302660022,0.22428469359874725,0.9736842105263157,0.96875,0.9642857142857143,0.967967967967968,1.7084444444444444e-05,0.8125,0.0,2.0,hard|medium|easy
test,0,4,118,32,0.5334706150024431,63.03929401499772,491.16145253700233,0.20711854100227356,0.96875,0.96875,0.9705882352941176,0.9687194525904204,1.7078518518518522e-05,1.0,0.0,2.0,easy|hard|medium
test,0,4,119,32,0.5326851989957504,63.57258826500038,491.6947467939972,0.13649749755859375,0.9705882352941176,0.96875,0.96875,0.9687194525904204,1.7072592592592593e-05,1.15625,0.0,2.0,hard|medium|easy
test,0,4,120,32,0.5314652489978471,64.10460685699945,492.226765626001,0.0027130022644996643,1.0,1.0,1.0,1.0,1.706666666666667e-05,0.75,0.0,2.0,easy|medium|hard
test,0,4,121,32,0.5335087369967368,64.6387260210031,492.7608846139992,0.6742599606513977,0.8461538461538461,0.875,0.9130434782608696,0.8614718614718615,1.706074074074074e-05,1.03125,0.0,2.0,hard|medium|easy
test,0,4,122,32,0.5326698140052031,65.1719330019987,493.2940915950021,0.00214293017052114,1.0,1.0,1.0,1.0,1.7054814814814816e-05,1.03125,0.0,2.0,hard|medium|easy
test,0,4,123,32,0.5316365559992846,65.70421450599679,493.8263730300023,0.0028862073086202145,1.0,1.0,1.0,1.0,1.704888888888889e-05,1.0625,0.0,2.0,hard|easy|medium
test,0,4,124,32,0.5336126490001334,66.23839105400111,494.3605495619995,0.03687015548348427,0.9666666666666667,0.96875,0.9722222222222222,0.9684729064039409,1.7042962962962964e-05,1.25,0.0,2.0,easy|medium|hard
test,0,4,125,32,0.5325094650033861,66.77148984099767,494.8936484250007,0.18517115712165833,0.9352226720647774,0.9375,0.9352226720647774,0.9352226720647774,1.7037037037037038e-05,0.90625,0.0,2.0,easy|medium|hard
test,0,4,126,32,0.5313634660051321,67.30342377300258,495.42558258300414,0.014805520884692669,1.0,1.0,1.0,1.0,1.7031111111111113e-05,1.25,0.0,2.0,medium|hard|easy
test,0,4,127,32,0.53383043899521,67.83777377099614,495.95993235999777,0.17019452154636383,0.9705882352941176,0.96875,0.96875,0.9687194525904204,1.7025185185185187e-05,1.03125,0.0,2.0,medium|hard|easy
test,0,4,128,32,0.5326991330002784,68.37101718100166,496.49317570999847,0.003351852297782898,1.0,1.0,1.0,1.0,1.701925925925926e-05,1.125,0.0,2.0,hard|medium|easy
test,0,4,129,32,0.531484958002693,68.90294367400202,497.02510224100115,0.0046326476149261,1.0,1.0,1.0,1.0,1.7013333333333335e-05,1.0,0.0,2.0,hard|easy|medium
test,0,4,130,32,0.5338313460015343,69.43735848899814,497.5595172510002,0.16074271500110626,0.9642857142857143,0.96875,0.9736842105263157,0.967967967967968,1.700740740740741e-05,0.90625,0.0,2.0,easy|medium|hard
test,0,4,131,32,0.5321851740009151,69.97012221100158,498.0922808039977,0.0069002751260995865,1.0,1.0,1.0,1.0,1.7001481481481484e-05,1.0,0.0,2.0,easy|hard|medium
test,0,4,132,32,0.5319609270009096,70.5026692629981,498.6248278350031,0.006857973523437977,1.0,1.0,1.0,1.0,1.6995555555555555e-05,0.90625,0.0,2.0,medium|easy|hard
test,0,4,133,32,0.5342020649986807,71.03742906599655,499.1595875610001,0.02938612923026085,0.9583333333333333,0.96875,0.9761904761904762,0.9660657476139979,1.6989629629629632e-05,1.28125,0.0,2.0,hard|medium|easy
test,0,4,134,32,0.5324604150009691,71.57044124599634,499.6925996869977,0.1274784803390503,0.9666666666666667,0.96875,0.9722222222222222,0.9684729064039409,1.6983703703703703e-05,0.9375,0.0,2.0,medium|easy|hard
test,0,4,135,32,0.5321486429966171,72.10314131199993,500.22529996999947,0.0029292453546077013,1.0,1.0,1.0,1.0,1.697777777777778e-05,1.125,0.0,2.0,easy|medium|hard
test,0,4,136,32,0.5340407879994018,72.63778736699896,500.7599459080011,0.14322440326213837,0.9545454545454546,0.96875,0.9772727272727273,0.964562569213732,1.6971851851851852e-05,0.90625,0.0,2.0,easy|hard|medium
test,0,4,137,32,0.5323308529987116,73.1706544799963,501.2928130229993,0.04587617516517639,0.9705882352941176,0.96875,0.96875,0.9687194525904204,1.696592592592593e-05,0.75,0.0,2.0,easy|hard|medium
test,0,4,138,32,0.5330424950007,73.70422516200051,501.8263836650003,0.0039049223996698856,1.0,1.0,1.0,1.0,1.696e-05,0.75,0.0,2.0,hard|medium|easy
test,0,4,139,32,0.5340597739996156,74.23881794200133,502.3609767520029,0.0042945221066474915,1.0,1.0,1.0,1.0,1.6954074074074075e-05,0.96875,0.0,2.0,hard|easy|medium
test,0,4,140,32,0.5325667590004741,74.7719099850001,502.89406851700187,0.0016490814741700888,1.0,1.0,1.0,1.0,1.694814814814815e-05,0.96875,0.0,2.0,easy|hard|medium
test,0,4,141,32,0.5337948870001128,75.3061957730024,503.4283543690035,0.004301583860069513,1.0,1.0,1.0,1.0,1.6942222222222223e-05,1.125,0.0,2.0,easy|medium|hard
test,0,4,142,32,0.533399471998564,75.84016123099718,503.962319803999,0.002505352022126317,1.0,1.0,1.0,1.0,1.6936296296296297e-05,1.09375,0.0,2.0,hard|easy|medium
test,0,4,143,32,0.5321274970046943,76.37290979200043,504.49506828700396,0.0032448938582092524,1.0,1.0,1.0,1.0,1.693037037037037e-05,0.90625,0.0,2.0,medium|easy|hard
test,0,4,144,32,0.5336904650030192,76.90708509700198,505.0292436180025,0.0015560467727482319,1.0,1.0,1.0,1.0,1.6924444444444446e-05,1.03125,0.0,2.0,easy|medium|hard
test,0,4,145,32,0.5329920610020054,77.44062757900247,505.56278608400316,0.18080711364746094,0.9642857142857143,0.96875,0.9736842105263157,0.967967967967968,1.691851851851852e-05,1.03125,0.0,2.0,hard|easy|medium
test,0,4,146,32,0.5327967160046683,77.97397583100246,506.096134323001,0.0011536215897649527,1.0,1.0,1.0,1.0,1.6912592592592594e-05,0.8125,0.0,2.0,hard|easy|medium
test,0,4,147,32,0.5337191649960005,78.50830169700203,506.6304602599994,0.0026862449012696743,1.0,1.0,1.0,1.0,1.690666666666667e-05,0.96875,0.0,2.0,easy|medium|hard
test,0,4,148,32,0.5332867100005387,79.04217075699853,507.16432935000194,0.0025320816785097122,1.0,1.0,1.0,1.0,1.6900740740740743e-05,0.90625,0.0,2.0,hard|easy|medium
test,0,4,149,32,0.5327177919971291,79.57548843899713,507.69764700900123,0.0014107112074270844,1.0,1.0,1.0,1.0,1.6894814814814817e-05,1.0625,0.0,2.0,medium|easy|hard
test,0,4,150,32,0.5336547150000115,80.10968354999932,508.23184214100183,0.001350659178569913,1.0,1.0,1.0,1.0,1.688888888888889e-05,1.0,0.0,2.0,medium|easy|hard
test,0,4,151,32,0.5325685589996283,80.64284229899931,508.76500118299737,0.0009089731611311436,1.0,1.0,1.0,1.0,1.6882962962962966e-05,0.84375,0.0,2.0,easy|medium|hard
test,0,4,152,32,0.5324456739981542,81.17584229399654,509.29800086100295,0.0011346598621457815,1.0,1.0,1.0,1.0,1.687703703703704e-05,1.25,0.0,2.0,medium|easy|hard
test,0,4,153,32,0.5336536780014285,81.71000282200112,509.8321613279986,0.0007811438990756869,1.0,1.0,1.0,1.0,1.687111111111111e-05,1.1875,0.0,2.0,medium|hard|easy
test,0,4,154,32,0.5329982789990027,82.24353839099786,510.3656969720032,0.0012373023200780153,1.0,1.0,1.0,1.0,1.686518518518519e-05,1.03125,0.0,2.0,medium|hard|easy
test,0,4,155,32,0.5324825350035098,82.77651762199821,510.8986761769993,0.17266255617141724,0.9285714285714286,0.9375,0.95,0.9352226720647774,1.685925925925926e-05,1.0,0.0,2.0,medium|easy|hard
test,0,4,156,32,0.5338587239966728,83.31087396800285,511.433032560999,0.0007820203900337219,1.0,1.0,1.0,1.0,1.6853333333333333e-05,0.875,0.0,2.0,hard|medium|easy
test,0,4,157,32,0.5329219049963285,83.84433436900144,511.96649296300166,0.09261451661586761,0.9772727272727273,0.96875,0.9545454545454546,0.964562569213732,1.6847407407407408e-05,0.84375,0.0,2.0,medium|easy|hard
test,0,4,158,32,0.5313097260004724,84.3761716989975,512.4983302030014,0.0006141241756267846,1.0,1.0,1.0,1.0,1.6841481481481482e-05,1.0625,0.0,2.0,medium|easy|hard
test,0,4,159,32,0.5342301960045006,84.91091991699795,513.0330784210018,0.0015383722493425012,1.0,1.0,1.0,1.0,1.6835555555555556e-05,1.1875,0.0,2.0,medium|hard|easy
test,0,4,160,32,0.5329568130036932,85.44444115999795,513.5665997449978,0.0010552649619057775,1.0,1.0,1.0,1.0,1.682962962962963e-05,0.84375,0.0,2.0,easy|hard|medium
test,0,4,161,32,0.5316553500015289,85.9766180200022,514.0987765980026,0.0005525063024833798,1.0,1.0,1.0,1.0,1.6823703703703705e-05,0.875,0.0,2.0,hard|easy|medium
test,0,4,162,32,0.5332958830040297,86.51046442500228,514.6326229589977,0.0004523727111518383,1.0,1.0,1.0,1.0,1.681777777777778e-05,0.78125,0.0,2.0,easy|medium|hard
test,0,4,163,32,0.533176122000441,87.0441132220003,515.1662717880026,0.0056202043779194355,1.0,1.0,1.0,1.0,1.6811851851851853e-05,1.125,0.0,2.0,hard|medium|easy
test,0,4,164,32,0.5315267580008367,87.57623727899772,515.6983957839984,0.0005270311376079917,1.0,1.0,1.0,1.0,1.6805925925925928e-05,0.96875,0.0,2.0,hard|medium|easy
test,0,4,165,32,0.5333943590012495,88.11019477999798,516.2323533439994,0.0004445799277164042,1.0,1.0,1.0,1.0,1.6800000000000002e-05,1.0625,0.0,2.0,hard|easy|medium
test,0,4,166,32,0.5329596830051742,88.64370977100043,516.765868344999,0.0017367922700941563,1.0,1.0,1.0,1.0,1.6794074074074076e-05,0.75,0.0,2.0,easy|medium|hard
test,0,4,167,32,0.5313749269989785,89.17564599899924,517.2978045060008,0.0005339814233593643,1.0,1.0,1.0,1.0,1.678814814814815e-05,1.0,0.0,2.0,hard|easy|medium
test,0,4,168,32,0.5332762820034986,89.7094691759994,517.8316277050035,0.03899773582816124,0.975,0.96875,0.9615384615384616,0.9671794871794872,1.6782222222222225e-05,1.03125,0.0,2.0,easy|hard|medium
test,0,4,169,32,0.5335126270001638,90.24347940200096,518.3656379800013,0.2350207269191742,0.9642857142857143,0.96875,0.9736842105263157,0.967967967967968,1.67762962962963e-05,1.03125,0.0,2.0,medium|hard|easy
test,0,4,170,32,0.5319883150004898,90.77603125700261,518.8981897830017,0.0007975459448061883,1.0,1.0,1.0,1.0,1.6770370370370373e-05,1.1875,0.0,2.0,hard|easy|medium
test,0,4,171,32,0.5330494380032178,91.30967988300108,519.431838716002,0.2061440646648407,0.9705882352941176,0.96875,0.96875,0.9687194525904204,1.6764444444444444e-05,1.21875,0.0,2.0,hard|medium|easy
test,0,4,172,32,0.5330490459964494,91.84319266900275,519.9653511939978,0.002101269317790866,1.0,1.0,1.0,1.0,1.675851851851852e-05,1.21875,0.0,2.0,easy|medium|hard
test,0,4,173,32,0.5321991610035184,92.37593893799931,520.4980974600039,0.0004450740525498986,1.0,1.0,1.0,1.0,1.6752592592592592e-05,1.03125,0.0,2.0,easy|hard|medium
test,0,4,174,32,0.5338456949975807,92.9104182930023,521.0325771470016,0.0006078577134758234,1.0,1.0,1.0,1.0,1.674666666666667e-05,0.9375,0.0,2.0,medium|easy|hard
test,0,4,175,32,0.5325507820016355,93.4435400020011,521.5656985099995,0.19338592886924744,0.9615384615384616,0.96875,0.975,0.9671794871794872,1.674074074074074e-05,0.9375,0.0,2.0,easy|medium|hard
test,0,4,176,32,0.5320684519974748,93.97608477399626,522.0982432840028,0.011900726705789566,1.0,1.0,1.0,1.0,1.673481481481482e-05,0.90625,0.0,2.0,medium|easy|hard
test,0,4,177,32,0.5332788209998398,94.50995601100294,522.632114576998,0.29641014337539673,0.9444444444444444,0.9375,0.9375,0.9372549019607843,1.672888888888889e-05,1.03125,0.0,2.0,easy|hard|medium
test,0,4,178,32,0.5334725069988053,95.04395367800316,523.1661122119986,0.14712728559970856,0.9615384615384616,0.96875,0.975,0.9671794871794872,1.6722962962962964e-05,1.1875,0.0,2.0,medium|hard|easy
test,0,4,179,32,0.5321564430050785,95.57670474900078,523.6988632639986,0.0006965554784983397,1.0,1.0,1.0,1.0,1.6717037037037038e-05,0.59375,0.0,2.0,medium|easy|hard
test,0,4,180,32,0.533552711000084,96.11077873800241,524.2329372669992,0.12616834044456482,0.9583333333333333,0.96875,0.9761904761904762,0.9660657476139979,1.6711111111111112e-05,1.3125,0.0,2.0,medium|hard|easy
test,0,4,181,32,0.5336248780004098,96.64503283699742,524.7671913930026,0.22636637091636658,0.975,0.96875,0.9615384615384616,0.9671794871794872,1.6705185185185186e-05,1.125,0.0,2.0,hard|medium|easy
test,0,4,182,32,0.5319392730016261,97.17752151100285,525.2996800660039,0.18141324818134308,0.96875,0.96875,0.9705882352941176,0.9687194525904204,1.669925925925926e-05,1.09375,0.0,2.0,medium|easy|hard
test,0,4,183,32,0.5334999109982164,97.71151575499971,525.8336743250038,0.001244514947757125,1.0,1.0,1.0,1.0,1.6693333333333335e-05,1.03125,0.0,2.0,easy|medium|hard
test,0,4,184,32,0.5330672909985879,98.24502378699981,526.3671823010009,0.0020050606690347195,1.0,1.0,1.0,1.0,1.668740740740741e-05,1.125,0.0,2.0,hard|medium|easy
test,0,4,185,32,0.5320746380020864,98.77771111400216,526.899869877001,0.1369747519493103,0.9722222222222222,0.96875,0.9666666666666667,0.9684729064039409,1.6681481481481484e-05,1.28125,0.0,2.0,easy|medium|hard
test,0,4,186,32,0.5333103829980246,99.31157835500198,527.4337368819979,0.0021154230926185846,1.0,1.0,1.0,1.0,1.6675555555555554e-05,0.96875,0.0,2.0,easy|hard|medium
test,0,4,187,32,0.5332550699968124,99.84541563600214,527.9675741620013,0.001518447999842465,1.0,1.0,1.0,1.0,1.6669629629629632e-05,1.125,0.0,2.0,medium|hard|easy
test,0,4,188,32,0.5320790059995488,100.37795315500261,528.5001116380008,0.0010846771765500307,1.0,1.0,1.0,1.0,1.6663703703703703e-05,1.28125,0.0,2.0,hard|easy|medium
test,0,4,189,32,0.5333582870007376,100.91188477099786,529.034043366999,0.18533454835414886,0.96875,0.96875,0.9705882352941176,0.9687194525904204,1.665777777777778e-05,1.09375,0.0,2.0,easy|medium|hard
test,0,4,190,32,0.5324936239994713,101.44501882299664,529.5671773200011,0.018893849104642868,1.0,1.0,1.0,1.0,1.665185185185185e-05,1.1875,0.0,2.0,medium|hard|easy
test,0,4,191,32,0.5325564119993942,101.97816939900076,530.1003279919969,0.01029389351606369,1.0,1.0,1.0,1.0,1.664592592592593e-05,0.875,0.0,2.0,hard|medium|easy
test,0,4,192,32,0.5330508980041486,102.51178397899639,530.6339427220009,0.08647937327623367,0.9642857142857143,0.96875,0.9736842105263157,0.967967967967968,1.664e-05,1.28125,0.0,2.0,hard|easy|medium
test,0,4,193,32,0.5322381980004138,103.04464324600121,531.166801737003,0.003117616754025221,1.0,1.0,1.0,1.0,1.6634074074074074e-05,0.71875,0.0,2.0,easy|hard|medium
test,0,4,194,32,0.5321963019960094,103.57737459400232,531.6995330850041,0.0011154785752296448,1.0,1.0,1.0,1.0,1.662814814814815e-05,0.875,0.0,2.0,hard|easy|medium
test,0,4,195,32,0.5328799950002576,104.11081201100023,532.2329705209995,0.0016275784000754356,1.0,1.0,1.0,1.0,1.6622222222222223e-05,0.90625,0.0,2.0,easy|hard|medium
test,0,4,196,32,0.5327575519986567,104.64408202600316,532.7662405270021,0.0021676220931112766,1.0,1.0,1.0,1.0,1.6616296296296297e-05,0.90625,0.0,2.0,medium|easy|hard
test,0,4,197,32,0.5320189600024605,105.17667286899814,533.2988313599999,0.09692595899105072,0.975,0.96875,0.9615384615384616,0.9671794871794872,1.661037037037037e-05,0.78125,0.0,2.0,easy|medium|hard
test,0,4,198,32,0.5328662409956451,105.71001255200099,533.8321710410019,0.11090587824583054,0.9761904761904762,0.96875,0.9583333333333333,0.9660657476139979,1.6604444444444445e-05,0.90625,0.0,2.0,hard|medium|easy
test,0,4,199,32,0.5324193610067596,106.24299402999895,534.3651525719979,0.2128390073776245,0.9583333333333333,0.9375,0.9,0.9227053140096618,1.659851851851852e-05,1.03125,0.0,2.0,hard|medium|easy
test,0,4,200,32,0.5322653109979001,106.77585299000202,534.8980115099985,0.0010142881656065583,1.0,1.0,1.0,1.0,1.6592592592592594e-05,1.15625,0.0,2.0,hard|medium|easy
test,0,4,201,32,0.5331951079933788,107.30949013299687,535.4316487000033,0.013998663052916527,1.0,1.0,1.0,1.0,1.6586666666666668e-05,1.21875,0.0,2.0,easy|hard|medium
test,0,4,202,32,0.5328243780022603,107.84290601599787,535.9650645520014,0.16066581010818481,0.9642857142857143,0.96875,0.9736842105263157,0.967967967967968,1.6580740740740742e-05,1.09375,0.0,2.0,easy|hard|medium
test,0,4,203,32,0.5320432730004541,108.37555076999706,536.4977092760018,0.0016410487005487084,1.0,1.0,1.0,1.0,1.6574814814814817e-05,0.8125,0.0,2.0,medium|easy|hard
test,0,4,204,32,0.5329872319998685,108.90907931100082,537.031237905001,0.020513486117124557,1.0,1.0,1.0,1.0,1.656888888888889e-05,0.96875,0.0,2.0,easy|medium|hard
test,0,4,205,32,0.5330883380011073,109.44274838000274,537.5649068729981,0.0014291855040937662,1.0,1.0,1.0,1.0,1.6562962962962965e-05,1.0,0.0,2.0,medium|hard|easy
test,0,4,206,32,0.5317926110001281,109.97508742199716,538.0972459269979,0.0012150336988270283,1.0,1.0,1.0,1.0,1.655703703703704e-05,1.09375,0.0,2.0,easy|medium|hard
test,0,4,207,32,0.5341917379992083,110.50983758299844,538.6319960980036,0.1887136846780777,0.96875,0.96875,0.9705882352941176,0.9687194525904204,1.6551111111111114e-05,0.96875,0.0,2.0,hard|easy|medium
test,0,4,208,32,0.5331464770060848,111.04352823299996,539.165686858003,0.001744799898006022,1.0,1.0,1.0,1.0,1.6545185185185188e-05,1.09375,0.0,2.0,medium|hard|easy
test,0,4,209,32,0.5324728649939061,111.57659358099772,539.6987521080009,0.012614552862942219,1.0,1.0,1.0,1.0,1.6539259259259262e-05,0.875,0.0,2.0,easy|hard|medium
test,0,4,210,32,0.5338536479976028,112.11098515600315,540.2331436680033,0.0026627727784216404,1.0,1.0,1.0,1.0,1.6533333333333333e-05,1.09375,0.0,2.0,medium|easy|hard
test,0,4,211,32,0.5334174759991583,112.6449704120023,540.7671290380022,0.0024884017184376717,1.0,1.0,1.0,1.0,1.652740740740741e-05,1.03125,0.0,2.0,hard|medium|easy
test,0,4,212,32,0.5322433599940268,113.17778124799952,541.2999397750027,0.0011157351545989513,1.0,1.0,1.0,1.0,1.652148148148148e-05,1.0,0.0,2.0,easy|medium|hard
test,0,4,213,32,0.5328273740014993,113.71117200900335,541.833330761001,0.001711124088615179,1.0,1.0,1.0,1.0,1.651555555555556e-05,0.71875,0.0,2.0,easy|hard|medium
test,0,4,214,32,0.5330268899997463,114.24479491900274,542.3669534029978,0.055826157331466675,0.9583333333333333,0.96875,0.9761904761904762,0.9660657476139979,1.650962962962963e-05,1.125,0.0,2.0,hard|easy|medium
test,0,4,215,32,0.5323610870036646,114.77773503299977,542.8998936080025,0.0011815421748906374,1.0,1.0,1.0,1.0,1.6503703703703704e-05,1.15625,0.0,2.0,hard|easy|medium
test,0,4,216,32,0.5333741559952614,115.3116824739991,543.433841070997,0.19824828207492828,0.9761904761904762,0.96875,0.9583333333333333,0.9660657476139979,1.649777777777778e-05,0.78125,0.0,2.0,easy|hard|medium
test,0,4,217,32,0.5331898310032557,115.84533043499687,543.9674889480011,0.01073300838470459,1.0,1.0,1.0,1.0,1.6491851851851853e-05,1.1875,0.0,2.0,hard|medium|easy
test,0,4,218,32,0.5321468370020739,116.37807129599969,544.5002298050022,0.0012452007504180074,1.0,1.0,1.0,1.0,1.6485925925925927e-05,0.8125,0.0,2.0,easy|medium|hard
test,0,4,219,32,0.533269982006459,116.9119089809974,545.0340675449988,0.12534300982952118,0.9545454545454546,0.96875,0.9772727272727273,0.964562569213732,1.648e-05,0.78125,0.0,2.0,easy|hard|medium
test,0,4,220,32,0.5326608359973761,117.44509559500148,545.5672541020031,0.001343335723504424,1.0,1.0,1.0,1.0,1.6474074074074076e-05,1.09375,0.0,2.0,medium|hard|easy
test,0,4,221,32,0.5326306169954478,117.97834757799865,546.1005061719989,0.0017980174161493778,1.0,1.0,1.0,1.0,1.646814814814815e-05,1.28125,0.0,2.0,medium|hard|easy
test,0,4,222,32,0.5334234139954788,118.51223771600053,546.6343965319975,0.00458627101033926,1.0,1.0,1.0,1.0,1.6462222222222224e-05,1.125,0.0,2.0,hard|medium|easy
test,0,4,223,32,0.532649020999088,119.04544477899617,547.1676033699987,0.004100731108337641,1.0,1.0,1.0,1.0,1.64562962962963e-05,0.90625,0.0,2.0,medium|hard|easy
test,0,4,224,32,0.5322368450069916,119.5782422869961,547.7004008110016,0.0012108406517654657,1.0,1.0,1.0,1.0,1.6450370370370373e-05,0.9375,0.0,2.0,hard|easy|medium
test,0,4,225,32,0.5329900590004399,120.11182823599665,548.2339867949995,0.11502065509557724,0.9722222222222222,0.96875,0.9666666666666667,0.9684729064039409,1.6444444444444444e-05,0.90625,0.0,2.0,medium|hard|easy
test,0,4,226,32,0.5328287570009707,120.64516208999703,548.7673206999971,0.3626154065132141,0.9411764705882353,0.9375,0.9411764705882353,0.9375,1.643851851851852e-05,1.1875,0.0,2.0,hard|easy|medium
test,0,4,227,32,0.5327972419981961,121.17858331900061,549.3007418089983,0.06383635848760605,0.9642857142857143,0.96875,0.9736842105263157,0.967967967967968,1.6432592592592592e-05,1.25,0.0,2.0,easy|medium|hard
test,0,4,228,32,0.5326042930028052,121.71171325100295,549.8338717660008,0.16368605196475983,0.9736842105263157,0.96875,0.9642857142857143,0.967967967967968,1.642666666666667e-05,1.15625,0.0,2.0,easy|medium|hard
test,0,4,229,32,0.5326193990040338,122.24478392199671,550.366942435001,0.040797941386699677,0.9705882352941176,0.96875,0.96875,0.9687194525904204,1.642074074074074e-05,1.09375,0.0,2.0,medium|easy|hard
test,0,4,230,32,0.5327185540008941,122.77804657199886,550.9002050659983,0.0013644476421177387,1.0,1.0,1.0,1.0,1.6414814814814818e-05,1.0625,0.0,2.0,medium|hard|easy
test,0,4,231,32,0.5336839110022993,123.31231377399672,551.4344722710011,0.18483683466911316,0.9642857142857143,0.96875,0.9736842105263157,0.967967967967968,1.640888888888889e-05,1.125,0.0,2.0,medium|hard|easy
test,0,4,232,32,0.5321067699987907,123.84500842200214,551.9671669430027,0.0007278546108864248,1.0,1.0,1.0,1.0,1.6402962962962963e-05,0.96875,0.0,2.0,hard|easy|medium
test,0,4,233,32,0.5319351689977339,124.37752018500032,552.4996786870033,0.0040726070292294025,1.0,1.0,1.0,1.0,1.6397037037037038e-05,0.8125,0.0,2.0,easy|medium|hard
test,0,4,234,32,0.5336940599954687,124.91177277299721,553.0339313840013,0.003158272709697485,1.0,1.0,1.0,1.0,1.6391111111111112e-05,1.15625,0.0,2.0,medium|hard|easy
test,0,4,235,32,0.5327099430069211,125.4450904569967,553.5672490270008,0.002638318808749318,1.0,1.0,1.0,1.0,1.6385185185185186e-05,1.03125,0.0,2.0,medium|hard|easy
test,0,4,236,32,0.5324351200033561,125.97812119300215,554.100279774997,0.0015153012936934829,1.0,1.0,1.0,1.0,1.637925925925926e-05,0.75,0.0,2.0,medium|easy|hard
test,0,4,237,32,0.5332046769981389,126.51186627399875,554.6340247940025,0.0010305237956345081,1.0,1.0,1.0,1.0,1.6373333333333335e-05,0.96875,0.0,2.0,easy|medium|hard
test,0,4,238,32,0.5323057249988778,127.04475049499888,555.1669090779978,0.07476966828107834,0.975,0.96875,0.9615384615384616,0.9671794871794872,1.636740740740741e-05,1.15625,0.0,2.0,hard|easy|medium
test,0,4,239,32,0.5320968229934806,127.5774631719978,555.6996216909974,0.0008789486018940806,1.0,1.0,1.0,1.0,1.6361481481481483e-05,1.0,0.0,2.0,hard|easy|medium
test,0,4,240,32,0.5331680620001862,128.11113205600122,556.2332905829971,0.03921467438340187,0.9545454545454546,0.96875,0.9772727272727273,0.964562569213732,1.6355555555555557e-05,0.96875,0.0,2.0,easy|hard|medium
test,0,4,241,32,0.5320314210039214,128.64376311100204,556.765921612001,0.15653342008590698,0.9705882352941176,0.96875,0.96875,0.9687194525904204,1.6349629629629632e-05,0.84375,0.0,2.0,medium|easy|hard
test,0,4,242,32,0.5321799750017817,129.1764683950023,557.2986269789981,0.1772967427968979,0.9705882352941176,0.96875,0.96875,0.9687194525904204,1.6343703703703706e-05,0.9375,0.0,2.0,easy|hard|medium
test,0,4,243,32,0.532738383000833,129.70977512600075,557.8319336429995,0.0014812531881034374,1.0,1.0,1.0,1.0,1.633777777777778e-05,0.75,0.0,2.0,easy|hard|medium
test,0,4,244,32,0.5325920210016193,130.24289986599615,558.3650583650015,0.010491964407265186,1.0,1.0,1.0,1.0,1.6331851851851854e-05,0.65625,0.0,2.0,easy|hard|medium
test,0,4,245,32,0.5327413490012987,130.7761629309971,558.8983214339969,0.0009538750746287405,1.0,1.0,1.0,1.0,1.632592592592593e-05,0.96875,0.0,2.0,medium|easy|hard
test,0,4,246,32,0.5334838310009218,131.31021423499624,559.4323730640026,0.0006360210245475173,1.0,1.0,1.0,1.0,1.632e-05,0.96875,0.0,2.0,hard|medium|easy
test,0,4,247,32,0.5328482530021574,131.8439032269962,559.9660620569994,0.0008865083800628781,1.0,1.0,1.0,1.0,1.6314074074074074e-05,0.96875,0.0,2.0,medium|hard|easy
test,0,4,248,32,0.5331165110037546,132.377540002999,560.4996985769976,0.0014685634523630142,1.0,1.0,1.0,1.0,1.6308148148148148e-05,0.84375,0.0,2.0,hard|medium|easy
test,0,4,249,32,0.5331446509953821,132.91121890099748,561.0333776780026,0.0008266938384622335,1.0,1.0,1.0,1.0,1.6302222222222222e-05,0.84375,0.0,2.0,medium|hard|easy
test,0,4,250,32,0.532513491998543,133.4442240319986,561.5663825970041,0.0011212097015231848,1.0,1.0,1.0,1.0,1.6296296296296297e-05,1.25,0.0,2.0,easy|medium|hard
test,0,5,1,32,0.5326827320022858,0.6179969609947875,572.1013131639993,0.0008699313038960099,1.0,1.0,1.0,1.0,1.629037037037037e-05,0.9375,0.0,2.0,medium|hard|easy
test,0,5,2,32,0.5345457590010483,1.1532444519980345,572.6365568530018,0.0060579534620046616,1.0,1.0,1.0,1.0,1.6284444444444445e-05,1.0,0.0,2.0,easy|medium|hard
test,0,5,3,32,0.53296363499976,1.6868255059962394,573.1701379110018,0.001174348872154951,1.0,1.0,1.0,1.0,1.627851851851852e-05,0.84375,0.0,2.0,hard|easy|medium
test,0,5,4,32,0.5340170489944285,2.221449078999285,573.7047614570038,0.0008728033863008022,1.0,1.0,1.0,1.0,1.6272592592592594e-05,1.125,0.0,2.0,medium|easy|hard
test,0,5,5,32,0.5339653870032635,2.7560309899999993,574.2393433809993,0.0006759567768312991,1.0,1.0,1.0,1.0,1.6266666666666668e-05,1.125,0.0,2.0,hard|easy|medium
test,0,5,6,32,0.5333920709963422,3.289920616996824,574.7732330220024,0.0006592735880985856,1.0,1.0,1.0,1.0,1.6260740740740742e-05,1.09375,0.0,2.0,medium|easy|hard
test,0,5,7,32,0.533634601997619,3.824117028998444,575.3074294370017,0.07810162752866745,0.9375,0.9375,0.9375,0.9375,1.6254814814814816e-05,1.0625,0.0,2.0,hard|easy|medium
test,0,5,8,32,0.533435052006098,4.358107856998686,575.8414201999985,0.0004174605419393629,1.0,1.0,1.0,1.0,1.624888888888889e-05,1.03125,0.0,2.0,easy|hard|medium
test,0,5,9,32,0.5330329500066,4.891651225996611,576.3749635690037,0.0005718336324207485,1.0,1.0,1.0,1.0,1.6242962962962965e-05,0.9375,0.0,2.0,medium|hard|easy
test,0,5,10,32,0.5345238039953983,5.426769626996247,576.9100819790037,0.0007555624470114708,1.0,1.0,1.0,1.0,1.623703703703704e-05,1.1875,0.0,2.0,hard|medium|easy
test,0,5,11,32,0.5329924389952794,5.960306314998888,577.4436187210013,0.0028320217970758677,1.0,1.0,1.0,1.0,1.6231111111111113e-05,1.125,0.0,2.0,easy|hard|medium
test,0,5,12,32,0.5331199560023379,6.494007130997488,577.977319521,0.002638050587847829,1.0,1.0,1.0,1.0,1.6225185185185188e-05,1.375,0.0,2.0,easy|medium|hard
test,0,5,13,32,0.5334218939970015,7.027941734995693,578.511254142999,0.00048605422489345074,1.0,1.0,1.0,1.0,1.6219259259259262e-05,1.0625,0.0,2.0,hard|medium|easy
test,0,5,14,32,0.5350326839979971,7.563485417995253,579.0467978410015,0.08256253600120544,0.9615384615384616,0.96875,0.975,0.9671794871794872,1.6213333333333333e-05,0.96875,0.0,2.0,medium|easy|hard
test,0,5,15,32,0.5324239049950847,8.096461085995543,579.5797734869993,0.23088496923446655,0.90625,0.90625,0.907843137254902,0.906158357771261,1.620740740740741e-05,0.84375,0.0,2.0,easy|medium|hard
test,0,5,16,32,0.5338360750029096,8.630861560995982,580.114173916998,0.0011997697874903679,1.0,1.0,1.0,1.0,1.620148148148148e-05,1.03125,0.0,2.0,medium|easy|hard
test,0,5,17,32,0.5334167379987775,9.164822954000556,580.6481353639974,0.0021722831297665834,1.0,1.0,1.0,1.0,1.619555555555556e-05,0.875,0.0,2.0,medium|hard|easy
test,0,5,18,32,0.5326343560009263,9.697922171995742,581.1812345619983,0.0004288486670702696,1.0,1.0,1.0,1.0,1.618962962962963e-05,0.9375,0.0,2.0,hard|easy|medium
test,0,5,19,32,0.5341387090011267,10.232726338996144,581.7160387399999,0.0006186357932165265,1.0,1.0,1.0,1.0,1.6183703703703707e-05,0.75,0.0,2.0,medium|easy|hard
test,0,5,20,32,0.5330219280003803,10.76631270499638,582.2496250679978,0.0005138827254995704,1.0,1.0,1.0,1.0,1.617777777777778e-05,0.78125,0.0,2.0,easy|hard|medium
test,0,5,21,32,0.5324354510012199,11.299395678994188,582.7827081060022,0.0004853757855016738,1.0,1.0,1.0,1.0,1.6171851851851853e-05,1.09375,0.0,2.0,hard|easy|medium
test,0,5,22,32,0.5330091810028534,11.833011706999969,583.316324182997,0.021472344174981117,1.0,1.0,1.0,1.0,1.6165925925925927e-05,1.09375,0.0,2.0,easy|hard|medium
test,0,5,23,32,0.5334253100008937,12.367066384998907,583.8503787829977,0.00046979592298157513,1.0,1.0,1.0,1.0,1.616e-05,1.28125,0.0,2.0,medium|easy|hard
test,0,5,24,32,0.5331582760045421,12.900725038998644,584.3840373869971,0.0003324973222333938,1.0,1.0,1.0,1.0,1.6154074074074075e-05,1.09375,0.0,2.0,medium|hard|easy
test,0,5,25,32,0.5334316119988216,13.434789398997964,584.9181017649971,0.0004143968690186739,1.0,1.0,1.0,1.0,1.614814814814815e-05,1.125,0.0,2.0,hard|easy|medium
test,0,5,26,32,0.5332296639971901,13.968597155995667,585.4519094979987,0.0011994213564321399,1.0,1.0,1.0,1.0,1.6142222222222224e-05,1.0625,0.0,2.0,hard|easy|medium
test,0,5,27,32,0.5324451889973716,14.50162740599626,585.9849397910002,0.00035683432361111045,1.0,1.0,1.0,1.0,1.6136296296296298e-05,0.96875,0.0,2.0,medium|easy|hard
test,0,5,28,32,0.5332626839954173,15.035499175995938,586.5188115799974,0.0003162171342410147,1.0,1.0,1.0,1.0,1.6130370370370372e-05,1.0625,0.0,2.0,easy|hard|medium
test,0,5,29,32,0.5335724579999805,15.569699492996733,587.0530118890019,0.0006696961354464293,1.0,1.0,1.0,1.0,1.6124444444444443e-05,0.875,0.0,2.0,hard|medium|easy
test,0,5,30,32,0.5325884019985097,16.10286324199842,587.5861756430022,0.00042403099359944463,1.0,1.0,1.0,1.0,1.611851851851852e-05,0.84375,0.0,2.0,easy|hard|medium
test,0,5,31,32,0.5329740009983652,16.636419661997934,588.119732056999,0.29230552911758423,0.9444444444444444,0.9375,0.9375,0.9372549019607843,1.6112592592592592e-05,1.0625,0.0,2.0,easy|hard|medium
test,0,5,32,32,0.5329752120014746,17.169873193000967,588.6531855840003,0.00037190457805991173,1.0,1.0,1.0,1.0,1.610666666666667e-05,1.03125,0.0,2.0,hard|medium|easy
test,0,5,33,32,0.5329218150000088,17.70337002699671,589.1866824280005,0.00032544723944738507,1.0,1.0,1.0,1.0,1.610074074074074e-05,0.9375,0.0,2.0,medium|hard|easy
test,0,5,34,32,0.5326846980024129,18.236633168999106,589.7199455930022,0.0007952403393574059,1.0,1.0,1.0,1.0,1.6094814814814818e-05,0.8125,0.0,2.0,medium|easy|hard
test,0,5,35,32,0.5334380799977225,18.770627184996556,590.253939537004,0.13474096357822418,0.9473684210526316,0.9375,0.9333333333333333,0.9365079365079365,1.608888888888889e-05,1.09375,0.0,2.0,medium|hard|easy
test,0,5,36,32,0.5332941949964152,19.304477984995174,590.7877903400004,0.0003123993519693613,1.0,1.0,1.0,1.0,1.6082962962962963e-05,1.1875,0.0,2.0,hard|medium|easy
test,0,5,37,32,0.5335862780048046,19.838690243996098,591.3220026530034,0.00031346187461167574,1.0,1.0,1.0,1.0,1.6077037037037037e-05,0.90625,0.0,2.0,easy|medium|hard
test,0,5,38,32,0.5321814280032413,20.371521508001024,591.8548338940018,0.0003681401431094855,1.0,1.0,1.0,1.0,1.607111111111111e-05,0.8125,0.0,2.0,hard|medium|easy
test,0,5,39,32,0.5325731330012786,20.90463199000078,592.3879443890037,0.0003054382395930588,1.0,1.0,1.0,1.0,1.6065185185185186e-05,0.875,0.0,2.0,easy|medium|hard
test,0,5,40,32,0.533641242000158,21.43874892599706,592.922061270001,0.00029681672458536923,1.0,1.0,1.0,1.0,1.605925925925926e-05,0.6875,0.0,2.0,easy|medium|hard
test,0,5,41,32,0.5329742670000996,21.972318005995476,593.4556304490034,0.00040101620834320784,1.0,1.0,1.0,1.0,1.6053333333333334e-05,1.03125,0.0,2.0,medium|hard|easy
test,0,5,42,32,0.532491067002411,22.505362215000787,593.9886745539989,0.3091498017311096,0.9444444444444444,0.9375,0.9375,0.9372549019607843,1.604740740740741e-05,0.9375,0.0,2.0,medium|hard|easy
test,0,5,43,32,0.5332186749947141,23.039089480997063,594.5224018259978,0.12869739532470703,0.9583333333333333,0.96875,0.9761904761904762,0.9660657476139979,1.6041481481481483e-05,0.9375,0.0,2.0,medium|easy|hard
test,0,5,44,32,0.5333390960004181,23.57300842100085,595.0563207640007,0.00027993362164124846,1.0,1.0,1.0,1.0,1.6035555555555557e-05,0.9375,0.0,2.0,easy|hard|medium
test,0,5,45,32,0.5327676369997789,24.106366631000128,595.589678985998,0.0003360997943673283,1.0,1.0,1.0,1.0,1.602962962962963e-05,0.8125,0.0,2.0,medium|easy|hard
test,0,5,46,32,0.5338547270002891,24.640746053999464,596.1240584539992,0.06377046555280685,0.9666666666666667,0.96875,0.9722222222222222,0.9684729064039409,1.6023703703703706e-05,1.03125,0.0,2.0,medium|easy|hard
test,0,5,47,32,0.5329107210054644,25.17431702999602,596.6576294539991,0.0002782592491712421,1.0,1.0,1.0,1.0,1.601777777777778e-05,1.0625,0.0,2.0,easy|hard|medium
test,0,5,48,32,0.5320066220010631,25.706918995994783,597.1902313960018,0.0017065079882740974,1.0,1.0,1.0,1.0,1.6011851851851854e-05,1.03125,0.0,2.0,medium|hard|easy
test,0,5,49,32,0.5334325630028616,26.240942655000254,597.7242550070005,0.00024302524980157614,1.0,1.0,1.0,1.0,1.600592592592593e-05,1.15625,0.0,2.0,hard|easy|medium
test,0,5,50,32,0.5325366569959442,26.774049200001173,598.2573615990041,0.00030563128530047834,1.0,1.0,1.0,1.0,1.6000000000000003e-05,0.90625,0.0,2.0,easy|hard|medium
test,0,5,51,32,0.532464465002704,27.307124613995256,598.7904370219985,0.00036089878994971514,1.0,1.0,1.0,1.0,1.5994074074074074e-05,1.0625,0.0,2.0,hard|easy|medium
test,0,5,52,32,0.5338881299976492,27.84157082499587,599.3248832340032,0.000612447620369494,1.0,1.0,1.0,1.0,1.598814814814815e-05,1.125,0.0,2.0,easy|hard|medium
test,0,5,53,32,0.5334227839994128,28.375687756000843,599.8590001659977,0.0347074493765831,0.9666666666666667,0.96875,0.9722222222222222,0.9684729064039409,1.5982222222222222e-05,1.09375,0.0,2.0,hard|medium|easy
test,0,5,54,32,0.5321910970014869,28.908485637999547,600.3917980519982,0.00024347699945792556,1.0,1.0,1.0,1.0,1.59762962962963e-05,0.96875,0.0,2.0,medium|hard|easy
test,0,5,55,32,0.5342660630049068,29.44333295999968,600.9266453119999,0.0002396087656961754,1.0,1.0,1.0,1.0,1.597037037037037e-05,0.96875,0.0,2.0,medium|easy|hard
test,0,5,56,32,0.532506330004253,29.976408935996005,601.4597212899971,0.25293442606925964,0.9782608695652174,0.96875,0.95,0.9625730994152046,1.5964444444444448e-05,1.03125,0.0,2.0,medium|hard|easy
test,0,5,57,32,0.5318961280063377,30.508880462999514,601.9921930880009,0.21249118447303772,0.9722222222222222,0.96875,0.9666666666666667,0.9684729064039409,1.595851851851852e-05,1.0,0.0,2.0,easy|medium|hard
test,0,5,58,32,0.534215392995975,31.04363216499769,602.526944555997,0.0003314516507089138,1.0,1.0,1.0,1.0,1.5952592592592593e-05,0.96875,0.0,2.0,medium|easy|hard
test,0,5,59,32,0.5335624560029828,31.577780932995665,603.061093422999,0.3301395773887634,0.9352226720647774,0.9375,0.9352226720647774,0.9352226720647774,1.5946666666666668e-05,1.0,0.0,2.0,easy|medium|hard
test,0,5,60,32,0.5338571249958477,32.11227127299935,603.5955839239978,0.07748197019100189,0.9722222222222222,0.96875,0.9666666666666667,0.9684729064039409,1.5940740740740742e-05,1.0,0.0,2.0,hard|easy|medium
test,0,5,61,32,0.5333122869997169,32.64610608699877,604.1294185049992,0.000290573516394943,1.0,1.0,1.0,1.0,1.5934814814814816e-05,0.59375,0.0,2.0,easy|hard|medium
test,0,5,62,32,0.5327176860009786,33.17936521299998,604.6626776050034,0.00039135158294811845,1.0,1.0,1.0,1.0,1.592888888888889e-05,0.9375,0.0,2.0,hard|easy|medium
test,0,5,63,32,0.5333976229958353,33.71330720599508,605.1966196130015,0.2644469141960144,0.9722222222222222,0.96875,0.9666666666666667,0.9684729064039409,1.5922962962962965e-05,0.9375,0.0,2.0,medium|easy|hard
test,0,5,64,32,0.532653433001542,34.24647554099647,605.7297878989993,0.00032234014361165464,1.0,1.0,1.0,1.0,1.591703703703704e-05,1.03125,0.0,2.0,medium|easy|hard
test,0,5,65,32,0.5329989329984528,34.78004583100119,606.2633582409981,0.0002654342679306865,1.0,1.0,1.0,1.0,1.5911111111111113e-05,1.125,0.0,2.0,easy|hard|medium
test,0,5,66,32,0.5339582619999419,35.314585758998874,606.7978980999978,0.004599412437528372,1.0,1.0,1.0,1.0,1.5905185185185187e-05,1.0625,0.0,2.0,easy|hard|medium
test,0,5,67,32,0.5333756890031509,35.84856521299662,607.331877605,0.0006003975868225098,1.0,1.0,1.0,1.0,1.589925925925926e-05,1.03125,0.0,2.0,easy|medium|hard
test,0,5,68,32,0.5332567959994776,36.382464128997526,607.8657764689997,0.013850172981619835,1.0,1.0,1.0,1.0,1.5893333333333333e-05,0.8125,0.0,2.0,medium|easy|hard
test,0,5,69,32,0.5341024189983727,36.91710232899641,608.4004146840016,0.0026955637149512768,1.0,1.0,1.0,1.0,1.588740740740741e-05,1.15625,0.0,2.0,hard|medium|easy
test,0,5,70,32,0.5333449359968654,37.45103151099465,608.9343439240038,0.0007202604319900274,1.0,1.0,1.0,1.0,1.588148148148148e-05,1.28125,0.0,2.0,medium|hard|easy
test,0,5,71,32,0.5330953399970895,37.9847074979989,609.4680199159993,0.19221380352973938,0.9615384615384616,0.96875,0.975,0.9671794871794872,1.587555555555556e-05,1.21875,0.0,2.0,hard|medium|easy
test,0,5,72,32,0.5341588299997966,38.51938353099831,610.0026959329989,0.0004589723830576986,1.0,1.0,1.0,1.0,1.586962962962963e-05,0.78125,0.0,2.0,easy|hard|medium
test,0,5,73,32,0.5336655560022336,39.05359011299879,610.5369025230029,0.0004524350806605071,1.0,1.0,1.0,1.0,1.5863703703703707e-05,1.21875,0.0,2.0,medium|easy|hard
test,0,5,74,32,0.5324855680009932,39.586703601999034,611.0700159400003,0.0005529399495571852,1.0,1.0,1.0,1.0,1.5857777777777778e-05,0.90625,0.0,2.0,medium|hard|easy
test,0,5,75,32,0.5336796589981532,40.12089302499953,611.6042054130012,0.0005816267803311348,1.0,1.0,1.0,1.0,1.5851851851851852e-05,0.9375,0.0,2.0,easy|hard|medium
test,0,5,76,32,0.5335080739969271,40.65493405599409,612.1382464039998,0.0007484725210815668,1.0,1.0,1.0,1.0,1.5845925925925927e-05,1.0,0.0,2.0,hard|easy|medium
test,0,5,77,32,0.5322140760035836,41.1877817239947,612.6710944029983,0.0009653299930505455,1.0,1.0,1.0,1.0,1.584e-05,1.21875,0.0,2.0,easy|hard|medium
test,0,5,78,32,0.5337001799998689,41.72208535299433,613.2053977169999,0.03283311426639557,0.9705882352941176,0.96875,0.96875,0.9687194525904204,1.5834074074074075e-05,0.9375,0.0,2.0,easy|hard|medium
test,0,5,79,32,0.5334927540025092,42.25604471699626,613.7393570850036,0.0009609780972823501,1.0,1.0,1.0,1.0,1.582814814814815e-05,0.625,0.0,2.0,medium|easy|hard
test,0,5,80,32,0.5325940270049614,42.789225348999025,614.2725377289971,0.0009955266723409295,1.0,1.0,1.0,1.0,1.5822222222222224e-05,1.21875,0.0,2.0,hard|easy|medium
test,0,5,81,32,0.5330858529996476,43.32290238499991,614.8062148020035,0.0009379936382174492,1.0,1.0,1.0,1.0,1.5816296296296298e-05,0.96875,0.0,2.0,medium|easy|hard
test,0,5,82,32,0.5333067060055328,43.85674537799787,615.3400577240027,0.0006594483857043087,1.0,1.0,1.0,1.0,1.5810370370370372e-05,0.6875,0.0,2.0,easy|medium|hard
test,0,5,83,32,0.5329854960000375,44.390364574996056,615.8736769219977,0.15073740482330322,0.9736842105263157,0.96875,0.9642857142857143,0.967967967967968,1.5804444444444446e-05,0.90625,0.0,2.0,medium|hard|easy
test,0,5,84,32,0.5335625000006985,44.92446437599574,616.4077769279975,0.0007831575348973274,1.0,1.0,1.0,1.0,1.579851851851852e-05,1.21875,0.0,2.0,easy|hard|medium
test,0,5,85,32,0.533392229997844,45.45847468699503,616.9417870920006,0.0009918634314090014,1.0,1.0,1.0,1.0,1.5792592592592595e-05,1.125,0.0,2.0,easy|hard|medium
test,0,5,86,32,0.5320638019984472,45.99107191299845,617.474384318004,0.0008139162673614919,1.0,1.0,1.0,1.0,1.578666666666667e-05,0.875,0.0,2.0,medium|easy|hard
test,0,5,87,32,0.5341844329959713,46.52582431599876,618.009136749999,0.0017614078242331743,1.0,1.0,1.0,1.0,1.5780740740740743e-05,1.0625,0.0,2.0,hard|medium|easy
test,0,5,88,32,0.5331135320011526,47.05954967699654,618.5428620860039,0.17602965235710144,0.9736842105263157,0.96875,0.9642857142857143,0.967967967967968,1.5774814814814818e-05,0.9375,0.0,2.0,hard|easy|medium
test,0,5,89,32,0.533064976996684,47.593164136997075,619.0764765339991,0.0007583737024106085,1.0,1.0,1.0,1.0,1.576888888888889e-05,1.125,0.0,2.0,easy|hard|medium
test,0,5,90,32,0.5336986530019203,48.12739064500056,619.6107030440035,0.0007598726078867912,1.0,1.0,1.0,1.0,1.5762962962962963e-05,0.90625,0.0,2.0,hard|medium|easy
test,0,5,91,32,0.5333696809975663,48.66131618799409,620.1446285420025,0.0012896262342110276,1.0,1.0,1.0,1.0,1.5757037037037037e-05,0.96875,0.0,2.0,hard|easy|medium
test,0,5,92,32,0.5324775409972062,49.19431601999531,620.6776283630024,0.007724745199084282,1.0,1.0,1.0,1.0,1.575111111111111e-05,0.96875,0.0,2.0,hard|medium|easy
test,0,5,93,32,0.5331748600001447,49.72805412700109,621.211366485004,0.0010501652723178267,1.0,1.0,1.0,1.0,1.5745185185185186e-05,1.21875,0.0,2.0,hard|medium|easy
test,0,5,94,32,0.5323844930026098,50.26091462299519,621.7442271330001,0.0026255594566464424,1.0,1.0,1.0,1.0,1.573925925925926e-05,1.28125,0.0,2.0,medium|hard|easy
test,0,5,95,32,0.5323436539983959,50.79385446499509,622.277166853004,0.0015194022562354803,1.0,1.0,1.0,1.0,1.5733333333333334e-05,0.875,0.0,2.0,medium|easy|hard
test,0,5,96,32,0.5327405179996276,51.327194726000016,622.8105070629972,0.0009674390312284231,1.0,1.0,1.0,1.0,1.5727407407407408e-05,0.90625,0.0,2.0,easy|medium|hard
test,0,5,97,32,0.5326433730006102,51.860401947000355,623.343714290997,0.0005116848042234778,1.0,1.0,1.0,1.0,1.5721481481481483e-05,1.09375,0.0,2.0,hard|medium|easy
test,0,5,98,32,0.5331343609941541,52.3941490119978,623.8774614159993,0.0007161573739722371,1.0,1.0,1.0,1.0,1.5715555555555557e-05,1.0,0.0,2.0,hard|medium|easy
test,0,5,99,32,0.5332564349955646,52.927874198998325,624.4111866029998,0.000872458447702229,1.0,1.0,1.0,1.0,1.570962962962963e-05,0.78125,0.0,2.0,medium|hard|easy
test,0,5,100,32,0.5330481119963224,53.46150266399491,624.9448150020035,0.0006099469028413296,1.0,1.0,1.0,1.0,1.5703703703703705e-05,0.96875,0.0,2.0,easy|medium|hard
test,0,5,101,32,0.5322818710046704,53.994345598999644,625.4776580140024,0.0006188577972352505,1.0,1.0,1.0,1.0,1.569777777777778e-05,0.875,0.0,2.0,easy|hard|medium
test,0,5,102,32,0.5334699189988896,54.52840617900074,626.0117185300041,0.0006473611574620008,1.0,1.0,1.0,1.0,1.5691851851851854e-05,0.9375,0.0,2.0,medium|easy|hard
test,0,5,103,32,0.5330937830003677,55.06203773699963,626.5453501250013,0.0007580900564789772,1.0,1.0,1.0,1.0,1.5685925925925928e-05,1.375,0.0,2.0,hard|easy|medium
test,0,5,104,32,0.5330128889982007,55.59563416099991,627.078946571004,0.0005616601556539536,1.0,1.0,1.0,1.0,1.5680000000000002e-05,1.0625,0.0,2.0,hard|medium|easy
test,0,5,105,32,0.5339218079971033,56.13013682499877,627.6134494779981,0.0018264603568241,1.0,1.0,1.0,1.0,1.5674074074074073e-05,1.28125,0.0,2.0,medium|hard|easy
test,0,5,106,32,0.5329599609976867,56.663692219997756,628.147004612998,0.0005832274327985942,1.0,1.0,1.0,1.0,1.566814814814815e-05,1.0625,0.0,2.0,easy|hard|medium
test,0,5,107,32,0.5330956949983374,57.19732118599495,628.6806336259979,0.00048002510447986424,1.0,1.0,1.0,1.0,1.5662222222222222e-05,1.1875,0.0,2.0,easy|medium|hard
test,0,5,108,32,0.5336432789990795,57.73157101999823,629.2148836990018,0.0009369992767460644,1.0,1.0,1.0,1.0,1.56562962962963e-05,1.125,0.0,2.0,medium|hard|easy
test,0,5,109,32,0.5331798949991935,58.26540167799976,629.7487140119993,0.0005427406867966056,1.0,1.0,1.0,1.0,1.565037037037037e-05,1.21875,0.0,2.0,medium|hard|easy
test,0,5,110,32,0.5316823579996708,58.79764699599764,630.2809593440033,0.0006090960232540965,1.0,1.0,1.0,1.0,1.5644444444444448e-05,1.0,0.0,2.0,hard|medium|easy
test,0,5,111,32,0.5343244769974262,59.3325811409959,630.8158937379994,0.0004942544037476182,1.0,1.0,1.0,1.0,1.563851851851852e-05,0.84375,0.0,2.0,medium|hard|easy
test,0,5,112,32,0.5333595949996379,59.86695768599748,631.3502700809986,0.0007102851523086429,1.0,1.0,1.0,1.0,1.5632592592592596e-05,0.96875,0.0,2.0,easy|hard|medium
test,0,5,113,32,0.5324618320009904,60.40001592200133,631.8833283200001,0.14176936447620392,0.9545454545454546,0.96875,0.9772727272727273,0.964562569213732,1.5626666666666667e-05,0.96875,0.0,2.0,hard|medium|easy
test,0,5,114,32,0.5341207500023302,60.934729535998486,632.4180419499971,0.00035613059299066663,1.0,1.0,1.0,1.0,1.562074074074074e-05,0.90625,0.0,2.0,hard|medium|easy
test,0,5,115,32,0.5328225520061096,61.468184049997944,632.9514964420014,0.00042589398799464107,1.0,1.0,1.0,1.0,1.5614814814814816e-05,1.1875,0.0,2.0,hard|easy|medium
test,0,5,116,32,0.5340939480011002,62.002843018999556,633.4861556949982,0.0003800041740760207,1.0,1.0,1.0,1.0,1.560888888888889e-05,1.09375,0.0,2.0,medium|hard|easy
test,0,5,117,32,0.5334147850007867,62.53689483999915,634.0202072600005,0.05921369791030884,0.9642857142857143,0.96875,0.9736842105263157,0.967967967967968,1.5602962962962964e-05,0.625,0.0,2.0,hard|easy|medium
test,0,5,118,32,0.5329383270000108,63.07037084100011,634.5536832779981,0.00032361852936446667,1.0,1.0,1.0,1.0,1.559703703703704e-05,1.34375,0.0,2.0,medium|hard|easy
test,0,5,119,32,0.5343100000027334,63.605237320000015,635.0885500919976,0.00030753621831536293,1.0,1.0,1.0,1.0,1.5591111111111113e-05,1.0625,0.0,2.0,easy|hard|medium
test,0,5,120,32,0.5329087919963058,64.13868853899476,635.6220009509998,0.0014575300738215446,1.0,1.0,1.0,1.0,1.5585185185185187e-05,1.03125,0.0,2.0,hard|medium|easy
test,0,5,121,32,0.5337113219939056,64.67309064399888,636.1564030730005,0.0006046821363270283,1.0,1.0,1.0,1.0,1.557925925925926e-05,1.09375,0.0,2.0,hard|medium|easy
test,0,5,122,32,0.5338058650013409,65.20742399799929,636.6907366509986,0.1887175738811493,0.96875,0.96875,0.9705882352941176,0.9687194525904204,1.5573333333333332e-05,1.0,0.0,2.0,medium|hard|easy
test,0,5,123,32,0.53317348100245,65.74112566500116,637.2244380650009,0.0003378528344910592,1.0,1.0,1.0,1.0,1.556740740740741e-05,1.0625,0.0,2.0,hard|medium|easy
test,0,5,124,32,0.5328940250037704,66.27456435699423,637.7578767480009,0.00036532693775370717,1.0,1.0,1.0,1.0,1.556148148148148e-05,1.28125,0.0,2.0,medium|hard|easy
test,0,5,125,32,0.5336941489949822,66.80879112799448,638.2921035269974,0.00043317509698681533,1.0,1.0,1.0,1.0,1.555555555555556e-05,0.96875,0.0,2.0,easy|hard|medium
test,0,5,126,32,0.5326263690003543,67.34202224899491,638.8253346080019,0.000693817506544292,1.0,1.0,1.0,1.0,1.554962962962963e-05,0.875,0.0,2.0,medium|easy|hard
test,0,5,127,32,0.5327195330028189,67.87532032099989,639.358632704003,0.00038698752177879214,1.0,1.0,1.0,1.0,1.5543703703703707e-05,1.125,0.0,2.0,hard|medium|easy
test,0,5,128,32,0.5337081179968663,68.40957741599414,639.8928897680016,0.0003598125767894089,1.0,1.0,1.0,1.0,1.5537777777777778e-05,1.0,0.0,2.0,easy|hard|medium
test,0,5,129,32,0.533621217997279,68.9437468929973,640.4270592579996,0.10546088218688965,0.96875,0.96875,0.9705882352941176,0.9687194525904204,1.5531851851851852e-05,0.96875,0.0,2.0,easy|medium|hard
test,0,5,130,32,0.5323178479957278,69.47664583900041,640.9599582369992,0.11380526423454285,0.9642857142857143,0.96875,0.9736842105263157,0.967967967967968,1.5525925925925926e-05,0.75,0.0,2.0,medium|easy|hard
test,0,5,131,32,0.5336659370004782,70.01089340799808,641.494205836003,0.039989396929740906,0.9642857142857143,0.96875,0.9736842105263157,0.967967967967968,1.552e-05,1.03125,0.0,2.0,hard|medium|easy
test,0,5,132,32,0.5335193610007991,70.54501509399415,642.0283275280017,0.0008030162425711751,1.0,1.0,1.0,1.0,1.5514074074074075e-05,0.71875,0.0,2.0,medium|easy|hard
test,0,5,133,32,0.532178010995267,71.07777160799742,642.5610840040026,0.001123675610870123,1.0,1.0,1.0,1.0,1.550814814814815e-05,1.0,0.0,2.0,easy|medium|hard
test,0,5,134,32,0.5340954490020522,71.6124657170003,643.0957781590041,0.061823830008506775,0.95,0.96875,0.9782608695652174,0.9625730994152046,1.5502222222222223e-05,1.03125,0.0,2.0,medium|hard|easy
test,0,5,135,32,0.5330934189987602,72.14609021599608,643.6294027580007,0.004202893003821373,1.0,1.0,1.0,1.0,1.5496296296296298e-05,1.09375,0.0,2.0,medium|hard|easy
test,0,5,136,32,0.5329110429956927,72.67955984799482,644.1628722079986,0.000297183491056785,1.0,1.0,1.0,1.0,1.5490370370370372e-05,1.09375,0.0,2.0,hard|medium|easy
test,0,5,137,32,0.5336648289958248,73.2137609259953,644.6970732710033,0.015919890254735947,1.0,1.0,1.0,1.0,1.5484444444444446e-05,1.09375,0.0,2.0,easy|medium|hard
test,0,5,138,32,0.5336452769988682,73.74798156500037,645.2312939160038,0.22362427413463593,0.9705882352941176,0.96875,0.96875,0.9687194525904204,1.547851851851852e-05,1.0,0.0,2.0,medium|easy|hard
test,0,5,139,32,0.5324824299968896,74.28099567499885,645.7643080199996,0.013204787857830524,1.0,1.0,1.0,1.0,1.5472592592592595e-05,1.125,0.0,2.0,medium|hard|easy
test,0,5,140,32,0.5336912250058958,74.8152483169979,646.2985607200026,0.000320219318382442,1.0,1.0,1.0,1.0,1.546666666666667e-05,1.15625,0.0,2.0,medium|hard|easy
test,0,5,141,32,0.5330585679985234,75.34888669199427,646.8321990629993,0.00039044732693582773,1.0,1.0,1.0,1.0,1.5460740740740743e-05,1.0625,0.0,2.0,easy|hard|medium
test,0,5,142,32,0.5322045029970468,75.88164742099616,647.3649598179982,0.13688138127326965,0.9705882352941176,0.96875,0.96875,0.9687194525904204,1.5454814814814817e-05,0.84375,0.0,2.0,medium|hard|easy
test,0,5,143,32,0.5335501680019661,76.4158030519975,647.8991154059986,0.2294011116027832,0.9583333333333333,0.96875,0.9761904761904762,0.9660657476139979,1.544888888888889e-05,0.9375,0.0,2.0,hard|easy|medium
test,0,5,144,32,0.5331695589993615,76.94958017499448,648.432892554003,0.0007235750090330839,1.0,1.0,1.0,1.0,1.5442962962962962e-05,1.25,0.0,2.0,hard|medium|easy
test,0,5,145,32,0.5328851160011254,77.48308051999629,648.9663928689988,0.0005085536395199597,1.0,1.0,1.0,1.0,1.543703703703704e-05,1.09375,0.0,2.0,easy|medium|hard
test,0,5,146,32,0.5333018009987427,78.016904049,649.500216446002,0.16844654083251953,0.9666666666666667,0.96875,0.9722222222222222,0.9684729064039409,1.543111111111111e-05,0.75,0.0,2.0,easy|hard|medium
test,0,5,147,32,0.5331328549946193,78.55062971299776,650.0339421309982,0.16003865003585815,0.9666666666666667,0.96875,0.9722222222222222,0.9684729064039409,1.542518518518519e-05,0.78125,0.0,2.0,hard|medium|easy
test,0,5,148,32,0.5326308330040774,79.08384624599421,650.5671586509998,0.0005390412989072502,1.0,1.0,1.0,1.0,1.541925925925926e-05,0.875,0.0,2.0,easy|hard|medium
test,0,5,149,32,0.5341923769956338,79.61863837599958,651.1019508160025,0.0014373126905411482,1.0,1.0,1.0,1.0,1.5413333333333337e-05,1.25,0.0,2.0,medium|hard|easy
test,0,5,150,32,0.532526916002098,80.15174623899657,651.6350585660039,0.0012799974065274,1.0,1.0,1.0,1.0,1.5407407407407408e-05,1.125,0.0,2.0,hard|easy|medium
test,0,5,151,32,0.5331241239982774,80.68546769699606,652.1687800799991,0.0010859209578484297,1.0,1.0,1.0,1.0,1.5401481481481482e-05,1.0625,0.0,2.0,medium|easy|hard
test,0,5,152,32,0.5335345869971206,81.21955079899635,652.7028631990033,0.0025008737575262785,1.0,1.0,1.0,1.0,1.5395555555555556e-05,1.03125,0.0,2.0,hard|easy|medium
test,0,5,153,32,0.5332517740025651,81.7533780599988,653.2366908710028,0.001787177287042141,1.0,1.0,1.0,1.0,1.538962962962963e-05,1.0625,0.0,2.0,hard|easy|medium
test,0,5,154,32,0.5327585889972397,82.28667067599599,653.7699830159982,0.0028610271401703358,1.0,1.0,1.0,1.0,1.5383703703703705e-05,0.96875,0.0,2.0,easy|hard|medium
test,0,5,155,32,0.5338206070009619,82.82110355499753,654.3044159120036,0.01861121505498886,1.0,1.0,1.0,1.0,1.537777777777778e-05,0.8125,0.0,2.0,easy|hard|medium
test,0,5,156,32,0.5329841729981126,83.35464130000037,654.8379537130022,0.027425050735473633,0.9705882352941176,0.96875,0.96875,0.9687194525904204,1.5371851851851854e-05,1.09375,0.0,2.0,hard|medium|easy
test,0,5,157,32,0.5321586479985854,83.8873763820011,655.370688777999,0.006523330695927143,1.0,1.0,1.0,1.0,1.5365925925925928e-05,0.96875,0.0,2.0,medium|hard|easy
test,0,5,158,32,0.5332092250027927,84.42115909799759,655.9044714569973,0.0017612173687666655,1.0,1.0,1.0,1.0,1.5360000000000002e-05,0.875,0.0,2.0,hard|medium|easy
test,0,5,159,32,0.5326514719999977,84.9543570389942,656.4376693869999,0.0005951186176389456,1.0,1.0,1.0,1.0,1.5354074074074073e-05,0.875,0.0,2.0,medium|easy|hard
test,0,5,160,32,0.5326907580019906,85.4876229299989,656.9709352670034,0.20791365206241608,0.9736842105263157,0.96875,0.9642857142857143,0.967967967967968,1.534814814814815e-05,0.9375,0.0,2.0,medium|easy|hard
test,0,5,161,32,0.5331413239982794,86.02137945499999,657.504691797003,0.0014338036999106407,1.0,1.0,1.0,1.0,1.534222222222222e-05,0.90625,0.0,2.0,hard|easy|medium
test,0,5,162,32,0.5327720920031425,86.55472319699766,658.0380355390007,0.15331050753593445,0.9666666666666667,0.96875,0.9722222222222222,0.9684729064039409,1.53362962962963e-05,0.84375,0.0,2.0,medium|easy|hard
test,0,5,163,32,0.5324311129952548,87.08772134599712,658.5710337019991,0.002008693292737007,1.0,1.0,1.0,1.0,1.533037037037037e-05,1.0,0.0,2.0,medium|easy|hard
test,0,5,164,32,0.5343093880001106,87.62266672599799,659.1059791310036,0.008534466847777367,1.0,1.0,1.0,1.0,1.5324444444444448e-05,1.0,0.0,2.0,medium|easy|hard
test,0,5,165,32,0.5323735749989282,88.15561228699517,659.6389247640036,0.00036173604894429445,1.0,1.0,1.0,1.0,1.531851851851852e-05,0.75,0.0,2.0,easy|medium|hard
test,0,5,166,32,0.5317847980040824,88.68795198099542,660.1712643319988,0.0009125722572207451,1.0,1.0,1.0,1.0,1.5312592592592596e-05,0.84375,0.0,2.0,hard|easy|medium
test,0,5,167,32,0.5338593790002051,89.22237918499741,660.7056915209978,0.051925960928201675,0.9642857142857143,0.96875,0.9736842105263157,0.967967967967968,1.5306666666666667e-05,0.75,0.0,2.0,medium|hard|easy
test,0,5,168,32,0.5328000549998251,89.75574267799675,661.239055086,0.0005040447576902807,1.0,1.0,1.0,1.0,1.530074074074074e-05,0.75,0.0,2.0,hard|medium|easy
test,0,5,169,32,0.5321853339992231,90.28847783599485,661.7717902290024,0.0006071733077988029,1.0,1.0,1.0,1.0,1.5294814814814815e-05,1.03125,0.0,2.0,medium|hard|easy
test,0,5,170,32,0.5337020049992134,90.8227019909973,662.3060143809998,0.01859658770263195,1.0,1.0,1.0,1.0,1.528888888888889e-05,0.875,0.0,2.0,medium|hard|easy
test,0,5,171,32,0.5331671410021954,91.35644690299523,662.8397593030022,0.0005116052343510091,1.0,1.0,1.0,1.0,1.5282962962962964e-05,1.125,0.0,2.0,easy|hard|medium
test,0,5,172,32,0.5322027750007692,91.88923614099622,663.3725485820032,0.00043400019058026373,1.0,1.0,1.0,1.0,1.5277037037037038e-05,0.96875,0.0,2.0,medium|hard|easy
test,0,5,173,32,0.5340371220008819,92.4238921119977,663.907204451003,0.00032337644370272756,1.0,1.0,1.0,1.0,1.5271111111111112e-05,1.40625,0.0,2.0,hard|easy|medium
test,0,5,174,32,0.5326859179986059,92.95714553300058,664.4404580830014,0.004895587917417288,1.0,1.0,1.0,1.0,1.5265185185185187e-05,0.9375,0.0,2.0,medium|hard|easy
test,0,5,175,32,0.533132590004243,93.49089696799638,664.9742093669993,0.0004995115450583398,1.0,1.0,1.0,1.0,1.525925925925926e-05,0.9375,0.0,2.0,medium|easy|hard
test,0,5,176,32,0.5336506629973883,94.0251085380005,665.5084208909975,0.00034031938412226737,1.0,1.0,1.0,1.0,1.5253333333333335e-05,0.84375,0.0,2.0,easy|hard|medium
test,0,5,177,32,0.5325641020026524,94.558290424,666.0416028230029,0.03912988305091858,0.9545454545454546,0.96875,0.9772727272727273,0.964562569213732,1.5247407407407408e-05,0.875,0.0,2.0,medium|easy|hard
test,0,5,178,32,0.533503403996292,95.0923282549993,666.5756406500004,0.10853118449449539,0.9615384615384616,0.96875,0.975,0.9671794871794872,1.5241481481481484e-05,0.875,0.0,2.0,hard|medium|easy
test,0,5,179,32,0.5335869619957521,95.62649553400115,667.1098079540025,0.0004292594385333359,1.0,1.0,1.0,1.0,1.5235555555555556e-05,1.0,0.0,2.0,medium|hard|easy
test,0,5,180,32,0.533052894003049,96.1600842409971,667.6433966609984,0.0017846737755462527,1.0,1.0,1.0,1.0,1.5229629629629632e-05,1.03125,0.0,2.0,easy|hard|medium
test,0,5,181,32,0.5336988960043527,96.69433172600111,668.1776440710019,0.00029819796327501535,1.0,1.0,1.0,1.0,1.5223703703703705e-05,0.96875,0.0,2.0,easy|hard|medium
test,0,5,182,32,0.5332151580005302,97.22808597800031,668.7113983879972,0.4589688181877136,0.9372549019607843,0.9375,0.9372549019607843,0.9372549019607843,1.5217777777777777e-05,0.96875,0.0,2.0,hard|medium|easy
test,0,5,183,32,0.533093268997618,97.76173880299757,669.2450511450006,0.13572636246681213,0.9736842105263157,0.96875,0.9642857142857143,0.967967967967968,1.5211851851851853e-05,0.96875,0.0,2.0,medium|easy|hard
test,0,5,184,32,0.5336413609984447,98.29601731599541,669.7793296620002,0.0003212766314391047,1.0,1.0,1.0,1.0,1.5205925925925926e-05,1.0625,0.0,2.0,hard|easy|medium
test,0,5,185,32,0.5332820949988673,98.82987769299507,670.3131901079978,0.0005087856552563608,1.0,1.0,1.0,1.0,1.5200000000000002e-05,1.0625,0.0,2.0,medium|easy|hard
test,0,5,186,32,0.5328365499954089,99.36325618499541,670.8465688430006,0.001047373516485095,1.0,1.0,1.0,1.0,1.5194074074074074e-05,1.0625,0.0,2.0,hard|medium|easy
test,0,5,187,32,0.5339808930002619,99.8977786569958,671.3810909960011,0.00026614347007125616,1.0,1.0,1.0,1.0,1.518814814814815e-05,0.90625,0.0,2.0,hard|easy|medium
test,0,5,188,32,0.5334866490011336,100.43189561199688,671.915207965998,0.0005929495673626661,1.0,1.0,1.0,1.0,1.5182222222222223e-05,1.0625,0.0,2.0,easy|medium|hard
test,0,5,189,32,0.5323751109972363,100.96477840299485,672.4480908039986,0.0014541016425937414,1.0,1.0,1.0,1.0,1.5176296296296297e-05,1.09375,0.0,2.0,hard|easy|medium
test,0,5,190,32,0.5335825290021603,101.49897069799772,672.982283047997,0.00038221024442464113,1.0,1.0,1.0,1.0,1.5170370370370371e-05,0.6875,0.0,2.0,hard|medium|easy
test,0,5,191,32,0.5330311200013966,102.0326158559983,673.5159282129971,0.00043506588554009795,1.0,1.0,1.0,1.0,1.5164444444444446e-05,0.90625,0.0,2.0,medium|easy|hard
test,0,5,192,32,0.5314973029962857,102.5647008829983,674.0480134329991,0.0016805216437205672,1.0,1.0,1.0,1.0,1.5158518518518518e-05,0.96875,0.0,2.0,easy|hard|medium
test,0,5,193,32,0.5339972770016175,103.09930702499696,674.5826194420006,0.14259964227676392,0.9772727272727273,0.96875,0.9545454545454546,0.964562569213732,1.5152592592592594e-05,0.84375,0.0,2.0,medium|easy|hard
test,0,5,194,32,0.5334921769972425,103.63340004199563,675.1167125720021,0.000533984275534749,1.0,1.0,1.0,1.0,1.5146666666666667e-05,1.0,0.0,2.0,easy|hard|medium
test,0,5,195,32,0.5322366850014077,104.16619848999835,675.6495109719981,0.0003767565358430147,1.0,1.0,1.0,1.0,1.5140740740740743e-05,0.75,0.0,2.0,hard|easy|medium
test,0,5,196,32,0.5333237300001201,104.70013664900034,676.1834489859975,0.00039872864726930857,1.0,1.0,1.0,1.0,1.5134814814814815e-05,1.21875,0.0,2.0,hard|medium|easy
test,0,5,197,32,0.5336006930010626,105.2343077139958,676.717620454001,0.000312485994072631,1.0,1.0,1.0,1.0,1.5128888888888891e-05,0.96875,0.0,2.0,easy|medium|hard
test,0,5,198,32,0.5321853109999211,105.76705351800047,677.2503659100039,0.0002911030314862728,1.0,1.0,1.0,1.0,1.5122962962962964e-05,1.15625,0.0,2.0,hard|medium|easy
test,0,5,199,32,0.5342628680009511,106.30191279199789,677.7852251439981,0.0018163397908210754,1.0,1.0,1.0,1.0,1.511703703703704e-05,0.84375,0.0,2.0,medium|easy|hard
test,0,5,200,32,0.5341196590015898,106.83662870199623,678.3199411090027,0.0003639630740508437,1.0,1.0,1.0,1.0,1.5111111111111112e-05,0.96875,0.0,2.0,hard|easy|medium
test,0,5,201,32,0.5326751500033424,107.36989842599723,678.8532108369982,0.0005338055780157447,1.0,1.0,1.0,1.0,1.5105185185185187e-05,1.1875,0.0,2.0,hard|easy|medium
test,0,5,202,32,0.5337347380045685,107.90416592199472,679.387478315999,0.00044553499901667237,1.0,1.0,1.0,1.0,1.509925925925926e-05,1.3125,0.0,2.0,easy|hard|medium
test,0,5,203,32,0.5328771029962809,108.43764705799549,679.9209593999985,0.0003850835491903126,1.0,1.0,1.0,1.0,1.5093333333333335e-05,0.90625,0.0,2.0,medium|easy|hard
test,0,5,204,32,0.5318201930058422,108.9700218279977,680.4533344160009,0.00030928035266697407,1.0,1.0,1.0,1.0,1.5087407407407408e-05,0.78125,0.0,2.0,hard|easy|medium
test,0,5,205,32,0.5331538669997826,109.50382685099612,680.9871392770001,0.0019846216309815645,1.0,1.0,1.0,1.0,1.5081481481481484e-05,0.78125,0.0,2.0,medium|hard|easy
test,0,5,206,32,0.5335331300011603,110.03795179799636,681.5212642039987,0.0003193111624568701,1.0,1.0,1.0,1.0,1.5075555555555556e-05,1.09375,0.0,2.0,easy|medium|hard
test,0,5,207,32,0.5322860379965277,110.57081963199744,682.0541320589982,0.00045614951523020864,1.0,1.0,1.0,1.0,1.5069629629629632e-05,0.96875,0.0,2.0,hard|medium|easy
test,0,5,208,32,0.5332231029969989,111.10464790200058,682.5879603159992,0.0002837125211954117,1.0,1.0,1.0,1.0,1.5063703703703705e-05,1.0,0.0,2.0,hard|easy|medium
test,0,5,209,32,0.5331251739989966,111.63836443999753,683.1216767799997,0.00031884125201031566,1.0,1.0,1.0,1.0,1.505777777777778e-05,0.96875,0.0,2.0,hard|easy|medium
test,0,5,210,32,0.5324972640009946,112.17141110399825,683.6547236129991,0.2132432460784912,0.9736842105263157,0.96875,0.9642857142857143,0.967967967967968,1.5051851851851853e-05,0.9375,0.0,2.0,easy|hard|medium
test,0,5,211,32,0.5340167920003296,112.70597355599602,684.1892859590007,0.0003078242880292237,1.0,1.0,1.0,1.0,1.5045925925925927e-05,1.09375,0.0,2.0,easy|hard|medium
test,0,5,212,32,0.5327908539984492,113.23932077599602,684.7226331310012,0.00027286584372632205,1.0,1.0,1.0,1.0,1.5040000000000002e-05,1.09375,0.0,2.0,easy|hard|medium
test,0,5,213,32,0.5320441040021251,113.77191838799627,685.2552308040031,0.0002304278314113617,1.0,1.0,1.0,1.0,1.5034074074074074e-05,1.0625,0.0,2.0,easy|hard|medium
test,0,5,214,32,0.5330766990009579,114.3055740849959,685.7888864769993,0.00023070903262123466,1.0,1.0,1.0,1.0,1.502814814814815e-05,0.875,0.0,2.0,medium|easy|hard
test,0,5,215,32,0.5332000170019455,114.8393415449973,686.3226539379975,0.00021988032676745206,1.0,1.0,1.0,1.0,1.5022222222222223e-05,1.0625,0.0,2.0,medium|hard|easy
test,0,5,216,32,0.5327303699959884,115.37264402499568,686.8559566570038,0.00022604456171393394,1.0,1.0,1.0,1.0,1.5016296296296297e-05,0.9375,0.0,2.0,easy|hard|medium
test,0,5,217,32,0.5338977569990675,115.90714001799643,687.3904523969977,0.0002655125572346151,1.0,1.0,1.0,1.0,1.5010370370370371e-05,0.875,0.0,2.0,easy|hard|medium
test,0,5,218,32,0.5326369309987058,116.44031669299875,687.923629429999,0.0003068597288802266,1.0,1.0,1.0,1.0,1.5004444444444446e-05,0.96875,0.0,2.0,medium|hard|easy
test,0,5,219,32,0.5323805160005577,116.97325519099832,688.4565677670034,0.0002976162068080157,1.0,1.0,1.0,1.0,1.4998518518518518e-05,0.78125,0.0,2.0,easy|medium|hard
test,0,5,220,32,0.5335870130002149,117.50739807599894,688.9907104779995,0.00020801938080694526,1.0,1.0,1.0,1.0,1.4992592592592594e-05,1.09375,0.0,2.0,hard|easy|medium
test,0,5,221,32,0.5328960140031995,118.04091271099605,689.5242251140007,0.00023608954506926239,1.0,1.0,1.0,1.0,1.4986666666666667e-05,0.9375,0.0,2.0,hard|easy|medium
test,0,5,222,32,0.5330902929999866,118.57459751499846,690.0579099239985,0.0002108340268023312,1.0,1.0,1.0,1.0,1.4980740740740743e-05,1.03125,0.0,2.0,easy|medium|hard
test,0,5,223,32,0.5337595359960687,119.10897764499532,690.5922899860016,0.00022167956922203302,1.0,1.0,1.0,1.0,1.4974814814814815e-05,1.0,0.0,2.0,medium|hard|easy
test,0,5,224,32,0.5331337329989765,119.64268568399712,691.1259980250034,0.00031695995130576193,1.0,1.0,1.0,1.0,1.4968888888888891e-05,0.65625,0.0,2.0,medium|easy|hard
test,0,5,225,32,0.5324176630019792,120.17566955499933,691.6589819540022,0.0002427897125016898,1.0,1.0,1.0,1.0,1.4962962962962964e-05,1.09375,0.0,2.0,easy|hard|medium
test,0,5,226,32,0.5333097690017894,120.7095540809969,692.1928664770021,0.0002618617727421224,1.0,1.0,1.0,1.0,1.495703703703704e-05,0.9375,0.0,2.0,easy|hard|medium
test,0,5,227,32,0.5328355910023674,121.24297012500028,692.726282607,0.00019131512090098113,1.0,1.0,1.0,1.0,1.4951111111111112e-05,1.03125,0.0,2.0,medium|hard|easy
test,0,5,228,32,0.5328371509967837,121.77643425299902,693.2597465889994,0.10043690353631973,0.9615384615384616,0.96875,0.975,0.9671794871794872,1.4945185185185186e-05,0.90625,0.0,2.0,hard|medium|easy
test,0,5,229,32,0.5336791070003528,122.31072540999594,693.7940378240019,0.017499331384897232,1.0,1.0,1.0,1.0,1.493925925925926e-05,1.09375,0.0,2.0,easy|hard|medium
test,0,5,230,32,0.5334545179939596,122.84475318699697,694.3280655900016,0.00019601048552431166,1.0,1.0,1.0,1.0,1.4933333333333335e-05,1.09375,0.0,2.0,hard|easy|medium
test,0,5,231,32,0.5317596539971419,123.37704892300098,694.8603613300002,0.00037023366894572973,1.0,1.0,1.0,1.0,1.4927407407407407e-05,1.09375,0.0,2.0,medium|hard|easy
test,0,5,232,32,0.53339738700015,123.91098486799456,695.3942972119985,0.0039020157419145107,1.0,1.0,1.0,1.0,1.4921481481481483e-05,0.9375,0.0,2.0,easy|medium|hard
test,0,5,233,32,0.5330022220005048,124.44461281999975,695.927925213,0.00018510360678192228,1.0,1.0,1.0,1.0,1.4915555555555556e-05,1.0625,0.0,2.0,medium|easy|hard
test,0,5,234,32,0.5312050200009253,124.9763499269975,696.4596622710014,0.00019232076010666788,1.0,1.0,1.0,1.0,1.4909629629629632e-05,0.90625,0.0,2.0,easy|hard|medium
test,0,5,235,32,0.5336959819978802,125.51067414700083,696.9939864879998,0.00020551064517349005,1.0,1.0,1.0,1.0,1.4903703703703705e-05,1.125,0.0,2.0,hard|medium|easy
test,0,5,236,32,0.5329310500019346,126.04419311699894,697.527505529004,0.00028314837254583836,1.0,1.0,1.0,1.0,1.489777777777778e-05,1.09375,0.0,2.0,medium|hard|easy
test,0,5,237,32,0.5316808880015742,126.57648417799646,698.0597965260022,0.00020954578940290958,1.0,1.0,1.0,1.0,1.4891851851851853e-05,0.96875,0.0,2.0,easy|medium|hard
test,0,5,238,32,0.533700937005051,127.11073267900065,698.5940450589987,0.00015502974565606564,1.0,1.0,1.0,1.0,1.4885925925925927e-05,1.125,0.0,2.0,easy|hard|medium
test,0,5,239,32,0.532855457997357,127.64420584599429,699.1275181950041,0.26929154992103577,0.9761904761904762,0.96875,0.9583333333333333,0.9660657476139979,1.4880000000000002e-05,1.15625,0.0,2.0,hard|easy|medium
test,0,5,240,32,0.5319731820054585,128.1767331660012,699.6600455759981,0.00022187181457411498,1.0,1.0,1.0,1.0,1.4874074074074076e-05,1.0625,0.0,2.0,hard|easy|medium
test,0,5,241,32,0.534439212999132,128.71179207100067,700.1951044279995,0.2764729857444763,0.9666666666666667,0.96875,0.9722222222222222,0.9684729064039409,1.486814814814815e-05,1.0,0.0,2.0,easy|hard|medium
test,0,5,242,32,0.5327509560011094,129.24509922300058,700.7284116430019,0.00023309854441322386,1.0,1.0,1.0,1.0,1.4862222222222223e-05,0.84375,0.0,2.0,easy|medium|hard
test,0,5,243,32,0.5334854619941325,129.77922328699788,701.2625357020006,0.0002498764079064131,1.0,1.0,1.0,1.0,1.4856296296296297e-05,1.15625,0.0,2.0,hard|easy|medium
test,0,5,244,32,0.534130512001866,130.31395533499744,701.7972677389989,0.00024394561478402466,1.0,1.0,1.0,1.0,1.4850370370370371e-05,0.96875,0.0,2.0,easy|hard|medium
test,0,5,245,32,0.5330580150039168,130.84757846799766,702.330890821002,0.18362368643283844,0.96875,0.96875,0.9705882352941176,0.9687194525904204,1.4844444444444445e-05,1.21875,0.0,2.0,hard|easy|medium
test,0,5,246,32,0.5335388660023455,131.38173810299486,702.865050512999,0.00040543777868151665,1.0,1.0,1.0,1.0,1.4838518518518518e-05,0.875,0.0,2.0,easy|medium|hard
test,0,5,247,32,0.5326798030000646,131.9151659220006,703.3984783260021,0.00038738781586289406,1.0,1.0,1.0,1.0,1.4832592592592594e-05,1.0,0.0,2.0,medium|easy|hard
test,0,5,248,32,0.5333186770003522,132.4490217989951,703.9323341449999,0.00031436647986993194,1.0,1.0,1.0,1.0,1.4826666666666666e-05,0.90625,0.0,2.0,easy|medium|hard
test,0,5,249,32,0.5339503859941033,132.98345171999972,704.4667641479973,0.0003931718529202044,1.0,1.0,1.0,1.0,1.4820740740740742e-05,1.0,0.0,2.0,hard|easy|medium
test,0,5,250,32,0.5329908060011803,133.5168957220012,705.0002082499996,0.00039702668436802924,1.0,1.0,1.0,1.0,1.4814814814814815e-05,0.90625,0.0,2.0,easy|medium|hard
test,0,6,1,32,0.5344937159970868,0.6279278020010679,715.5464716619972,0.0003671284066513181,1.0,1.0,1.0,1.0,1.4808888888888891e-05,1.0,0.0,2.0,hard|easy|medium
test,0,6,2,32,0.5327372460014885,1.1614364910055883,716.0799753070023,0.00041135636274702847,1.0,1.0,1.0,1.0,1.4802962962962963e-05,1.09375,0.0,2.0,hard|medium|easy
test,0,6,3,32,0.5329163059941493,1.6949519290064927,716.613490734002,0.0008682995685376227,1.0,1.0,1.0,1.0,1.479703703703704e-05,0.875,0.0,2.0,easy|hard|medium
test,0,6,4,32,0.5327465779992053,2.228215347000514,717.1467541730017,0.0005714430008083582,1.0,1.0,1.0,1.0,1.4791111111111112e-05,0.90625,0.0,2.0,medium|easy|hard
test,0,6,5,32,0.5332463869999629,2.7620194670016645,717.6805582980014,0.0011026968713849783,1.0,1.0,1.0,1.0,1.4785185185185186e-05,1.0625,0.0,2.0,medium|easy|hard
test,0,6,6,32,0.5327256449963897,3.2953425850064377,718.213881388001,0.0005301850032992661,1.0,1.0,1.0,1.0,1.477925925925926e-05,1.0625,0.0,2.0,medium|hard|easy
test,0,6,7,32,0.5327800510058296,3.8286810500067077,718.7472198739997,0.00046985753579065204,1.0,1.0,1.0,1.0,1.4773333333333335e-05,0.84375,0.0,2.0,hard|medium|easy
test,0,6,8,32,0.5335149089951301,4.362761313001101,719.2813001800023,0.0005725544760935009,1.0,1.0,1.0,1.0,1.4767407407407407e-05,1.125,0.0,2.0,medium|hard|easy
test,0,6,9,32,0.532988225997542,4.896347898000386,719.8148867330019,0.06538399308919907,0.9642857142857143,0.96875,0.9736842105263157,0.967967967967968,1.4761481481481483e-05,0.84375,0.0,2.0,medium|easy|hard
test,0,6,10,32,0.5325855629998841,5.4295348600062425,720.3480737350037,0.042500920593738556,0.9615384615384616,0.96875,0.975,0.9671794871794872,1.4755555555555556e-05,0.78125,0.0,2.0,hard|medium|easy
test,0,6,11,32,0.5335484120005276,5.963719106999633,720.8822579780026,0.0005792567972093821,1.0,1.0,1.0,1.0,1.4749629629629632e-05,1.15625,0.0,2.0,easy|medium|hard
test,0,6,12,32,0.5326525560012669,6.496937287003675,721.4154761000027,0.0005978275439701974,1.0,1.0,1.0,1.0,1.4743703703703704e-05,1.15625,0.0,2.0,easy|hard|medium
test,0,6,13,32,0.5327114860047004,7.030181668000296,721.9487204809993,0.0006503080949187279,1.0,1.0,1.0,1.0,1.473777777777778e-05,1.1875,0.0,2.0,easy|medium|hard
test,0,6,14,32,0.5334459470032016,7.564131827006349,722.4826707199973,0.0005164953763596714,1.0,1.0,1.0,1.0,1.4731851851851853e-05,0.8125,0.0,2.0,hard|medium|easy
test,0,6,15,32,0.5327783450047718,8.09748254200531,723.0160214159987,0.0005307449027895927,1.0,1.0,1.0,1.0,1.4725925925925927e-05,1.0,0.0,2.0,easy|hard|medium
test,0,6,16,32,0.5324550579971401,8.630538700002944,723.549077761003,0.0013572003226727247,1.0,1.0,1.0,1.0,1.4720000000000001e-05,0.875,0.0,2.0,easy|medium|hard
test,0,6,17,32,0.5336600410009851,9.164853932001279,724.0833927580024,0.0013763410970568657,1.0,1.0,1.0,1.0,1.4714074074074076e-05,1.0,0.0,2.0,easy|medium|hard
test,0,6,18,32,0.5330025419971207,9.698506019005436,724.617044888997,0.00043310370529070497,1.0,1.0,1.0,1.0,1.470814814814815e-05,1.09375,0.0,2.0,easy|hard|medium
test,0,6,19,32,0.5324498510017293,10.2314260130006,725.1499648239987,0.00039383102557621896,1.0,1.0,1.0,1.0,1.4702222222222224e-05,1.09375,0.0,2.0,hard|easy|medium
test,0,6,20,32,0.5331919250020292,10.765150816005189,725.6836896550012,0.00047195563092827797,1.0,1.0,1.0,1.0,1.4696296296296297e-05,0.96875,0.0,2.0,medium|hard|easy
test,0,6,21,32,0.5331616289986414,11.298855455002922,726.2173943140006,0.0008551861974410713,1.0,1.0,1.0,1.0,1.4690370370370373e-05,1.125,0.0,2.0,easy|hard|medium
test,0,6,22,32,0.5320575600053417,11.83154566000303,726.7500844789975,0.0006173059809952974,1.0,1.0,1.0,1.0,1.4684444444444445e-05,1.09375,0.0,2.0,hard|easy|medium
test,0,6,23,32,0.5333589930014568,12.365520284001832,727.2840591159984,0.0004728158819489181,1.0,1.0,1.0,1.0,1.4678518518518518e-05,1.0625,0.0,2.0,hard|easy|medium
test,0,6,24,32,0.5327253180003027,12.898780225004884,727.8173190320013,0.00043332111090421677,1.0,1.0,1.0,1.0,1.4672592592592594e-05,1.03125,0.0,2.0,hard|easy|medium
test,0,6,25,32,0.5315307839991874,13.430844073001936,728.3493828889987,0.000401689758291468,1.0,1.0,1.0,1.0,1.4666666666666666e-05,1.15625,0.0,2.0,hard|easy|medium
test,0,6,26,32,0.5338502070007962,13.965226177002478,728.8837649920024,0.0006101346807554364,1.0,1.0,1.0,1.0,1.4660740740740742e-05,0.90625,0.0,2.0,medium|hard|easy
test,0,6,27,32,0.5334559850016376,14.49914534700656,729.417684152002,0.0004090241272933781,1.0,1.0,1.0,1.0,1.4654814814814815e-05,1.125,0.0,2.0,hard|easy|medium
test,0,6,28,32,0.5326586910014157,15.032353869006329,729.9508927080024,0.0004618388775270432,1.0,1.0,1.0,1.0,1.464888888888889e-05,0.84375,0.0,2.0,easy|medium|hard
test,0,6,29,32,0.5339174679975258,15.56684467800369,730.4853835510003,0.0003798340039793402,1.0,1.0,1.0,1.0,1.4642962962962963e-05,0.9375,0.0,2.0,easy|medium|hard
test,0,6,30,32,0.5331260289967759,16.100473899001372,731.0190127550013,0.0003152509161736816,1.0,1.0,1.0,1.0,1.463703703703704e-05,0.9375,0.0,2.0,hard|easy|medium
test,0,6,31,32,0.5341997180003091,16.635337040002923,731.5538760650015,0.0006322095869109035,1.0,1.0,1.0,1.0,1.4631111111111112e-05,1.09375,0.0,2.0,easy|medium|hard
test,0,6,32,32,0.5338031229985063,17.16973624000093,732.0882750570017,0.0003348678583279252,1.0,1.0,1.0,1.0,1.4625185185185186e-05,1.0,0.0,2.0,medium|hard|easy
test,0,6,33,32,0.533043789997464,17.70338504100073,732.6219238729973,0.00033858229289762676,1.0,1.0,1.0,1.0,1.461925925925926e-05,0.78125,0.0,2.0,easy|medium|hard
test,0,6,34,32,0.5338595819994225,18.237873496000248,733.1564127009988,0.00038299261359497905,1.0,1.0,1.0,1.0,1.4613333333333335e-05,1.1875,0.0,2.0,hard|medium|easy
test,0,6,35,32,0.5336865309946006,18.772013430003426,733.690552248001,0.0002836158964782953,1.0,1.0,1.0,1.0,1.4607407407407407e-05,1.09375,0.0,2.0,hard|medium|easy
test,0,6,36,32,0.533279033996223,19.30582590400445,734.2243647810028,0.0003068760852329433,1.0,1.0,1.0,1.0,1.4601481481481483e-05,1.15625,0.0,2.0,easy|medium|hard
test,0,6,37,32,0.5342300670017721,19.84068240600027,734.7592212840027,0.2361828088760376,0.975,0.96875,0.9615384615384616,0.9671794871794872,1.4595555555555556e-05,0.9375,0.0,2.0,medium|easy|hard
test,0,6,38,32,0.5332681729996693,20.37465678100125,735.2931956059983,0.00032226426992565393,1.0,1.0,1.0,1.0,1.4589629629629632e-05,1.0625,0.0,2.0,hard|medium|easy
test,0,6,39,32,0.5327918820039486,20.90800791100628,735.8265467349993,0.03630303591489792,0.9705882352941176,0.96875,0.96875,0.9687194525904204,1.4583703703703704e-05,0.625,0.0,2.0,hard|easy|medium
test,0,6,40,32,0.534322727995459,21.442872159001126,736.3614110150011,0.0004770341038238257,1.0,1.0,1.0,1.0,1.457777777777778e-05,0.9375,0.0,2.0,easy|medium|hard
test,0,6,41,32,0.53304632200161,21.976475247000053,736.895014062,0.0005323553923517466,1.0,1.0,1.0,1.0,1.4571851851851853e-05,0.8125,0.0,2.0,medium|hard|easy
test,0,6,42,32,0.5323638629997731,22.509477068000706,737.4280158960028,0.0002889195457100868,1.0,1.0,1.0,1.0,1.4565925925925929e-05,1.28125,0.0,2.0,hard|easy|medium
test,0,6,43,32,0.5343007999981637,23.044433194001613,737.9629720630037,0.00030131431412883103,1.0,1.0,1.0,1.0,1.4560000000000001e-05,0.96875,0.0,2.0,medium|easy|hard
test,0,6,44,32,0.5337553399949684,23.578666677,738.4972055030012,0.0005001888494007289,1.0,1.0,1.0,1.0,1.4554074074074075e-05,1.0625,0.0,2.0,medium|easy|hard
test,0,6,45,32,0.5320087110012537,24.111195597004553,739.0297344260034,0.00033081843866966665,1.0,1.0,1.0,1.0,1.454814814814815e-05,0.8125,0.0,2.0,medium|hard|easy
test,0,6,46,32,0.5344484520028345,24.64619944700098,739.5647382610041,0.06877311319112778,0.96875,0.96875,0.9705882352941176,0.9687194525904204,1.4542222222222224e-05,0.90625,0.0,2.0,easy|hard|medium
test,0,6,47,32,0.5335723280004459,25.180393284004822,740.098932091998,0.14142796397209167,0.9411764705882353,0.9375,0.9411764705882353,0.9375,1.4536296296296297e-05,1.15625,0.0,2.0,easy|medium|hard
test,0,6,48,32,0.5326189159968635,25.713462340005208,740.6320012220021,0.05552448332309723,0.9583333333333333,0.96875,0.9761904761904762,0.9660657476139979,1.4530370370370372e-05,0.9375,0.0,2.0,easy|medium|hard
test,0,6,49,32,0.5335404840006959,26.247640683002828,741.1661795399996,0.014910300262272358,1.0,1.0,1.0,1.0,1.4524444444444445e-05,0.96875,0.0,2.0,medium|hard|easy
test,0,6,50,32,0.5333802739987732,26.781545521000226,741.7000847439995,0.00029018905479460955,1.0,1.0,1.0,1.0,1.4518518518518521e-05,1.34375,0.0,2.0,medium|easy|hard
test,0,6,51,32,0.5320136680020369,27.31420158700348,742.2327404640018,0.0003772923373617232,1.0,1.0,1.0,1.0,1.4512592592592594e-05,1.1875,0.0,2.0,easy|medium|hard
test,0,6,52,32,0.5335373529960634,27.848291489004623,742.7668303009996,0.0002391658490523696,1.0,1.0,1.0,1.0,1.450666666666667e-05,0.84375,0.0,2.0,hard|easy|medium
test,0,6,53,32,0.5338650069970754,28.38269644700631,743.3012353259983,0.0002745550009422004,1.0,1.0,1.0,1.0,1.4500740740740742e-05,1.03125,0.0,2.0,medium|easy|hard
test,0,6,54,32,0.5315523049939657,28.914818009005103,743.8333568800008,0.0003046653000637889,1.0,1.0,1.0,1.0,1.4494814814814815e-05,0.875,0.0,2.0,hard|medium|easy
test,0,6,55,32,0.533278128998063,29.44871744300326,744.3672563220025,0.0005987725453451276,1.0,1.0,1.0,1.0,1.448888888888889e-05,1.09375,0.0,2.0,hard|easy|medium
test,0,6,56,32,0.5335517760031507,29.98283236300631,744.9013712509986,0.0002448952873237431,1.0,1.0,1.0,1.0,1.4482962962962963e-05,0.90625,0.0,2.0,easy|hard|medium
test,0,6,57,32,0.532692009001039,30.516155607001565,745.4346944380013,0.0002650721580721438,1.0,1.0,1.0,1.0,1.4477037037037039e-05,0.96875,0.0,2.0,medium|hard|easy
test,0,6,58,32,0.5337518230007845,31.0504900800006,745.9690289499995,0.0003002516459673643,1.0,1.0,1.0,1.0,1.4471111111111112e-05,1.0,0.0,2.0,medium|easy|hard
test,0,6,59,32,0.5332084370020311,31.584319313005835,746.5028581930019,0.00023941186373122036,1.0,1.0,1.0,1.0,1.4465185185185186e-05,1.09375,0.0,2.0,easy|medium|hard
test,0,6,60,32,0.5324859860047582,32.11746681600198,747.0360056860009,0.0009986571967601776,1.0,1.0,1.0,1.0,1.445925925925926e-05,1.03125,0.0,2.0,hard|medium|easy
test,0,6,61,32,0.533151142000861,32.65123118000338,747.5697700599994,0.0064952741377055645,1.0,1.0,1.0,1.0,1.4453333333333334e-05,1.03125,0.0,2.0,medium|easy|hard
test,0,6,62,32,0.5329273099996499,33.184745329999714,748.1032841580018,0.027341492474079132,0.96875,0.96875,0.9705882352941176,0.9687194525904204,1.4447407407407407e-05,0.90625,0.0,2.0,medium|easy|hard
test,0,6,63,32,0.5318404409990762,33.71712733400636,748.6356662219987,0.00021172474953345954,1.0,1.0,1.0,1.0,1.4441481481481483e-05,0.96875,0.0,2.0,hard|medium|easy
test,0,6,64,32,0.5334109059986076,34.25113501400483,749.1696738270039,0.00032411195570603013,1.0,1.0,1.0,1.0,1.4435555555555556e-05,0.78125,0.0,2.0,easy|medium|hard
test,0,6,65,32,0.5322499419999076,34.783996901001956,749.7025357919993,0.00023433346359524876,1.0,1.0,1.0,1.0,1.4429629629629631e-05,1.25,0.0,2.0,hard|medium|easy
test,0,6,66,32,0.5326476670015836,35.317184750005254,750.2357236289972,0.00026111878105439246,1.0,1.0,1.0,1.0,1.4423703703703704e-05,0.9375,0.0,2.0,medium|hard|easy
test,0,6,67,32,0.5331763209978817,35.85085160100425,750.7693904909975,0.00045507331378757954,1.0,1.0,1.0,1.0,1.441777777777778e-05,0.96875,0.0,2.0,medium|hard|easy
test,0,6,68,32,0.5324437000017497,36.38384714800486,751.302385973002,0.00021921860752627254,1.0,1.0,1.0,1.0,1.4411851851851853e-05,1.0625,0.0,2.0,medium|hard|easy
test,0,6,69,32,0.5330520889983745,36.91735832500126,751.8358971609996,0.0013346369378268719,1.0,1.0,1.0,1.0,1.4405925925925928e-05,1.125,0.0,2.0,easy|medium|hard
test,0,6,70,32,0.5337305110006128,37.45165227400139,752.370191146998,0.00024106266209855676,1.0,1.0,1.0,1.0,1.4400000000000001e-05,1.03125,0.0,2.0,hard|easy|medium
test,0,6,71,32,0.5329442529982771,37.98518825700012,752.9037270920016,0.00020983954891562462,1.0,1.0,1.0,1.0,1.4394074074074075e-05,0.90625,0.0,2.0,hard|medium|easy
test,0,6,72,32,0.5322473019987228,38.51801506600168,753.4365539650025,0.00024556744028814137,1.0,1.0,1.0,1.0,1.438814814814815e-05,1.15625,0.0,2.0,easy|medium|hard
test,0,6,73,32,0.5336249279935146,39.05222824500379,753.9707671470023,0.00024507948546670377,1.0,1.0,1.0,1.0,1.4382222222222224e-05,1.0,0.0,2.0,easy|hard|medium
test,0,6,74,32,0.5323895410037949,39.58519906100264,754.5037379159985,0.00036544844624586403,1.0,1.0,1.0,1.0,1.4376296296296296e-05,1.0625,0.0,2.0,easy|hard|medium
test,0,6,75,32,0.5325584360034554,40.11825133000093,755.0367902010039,0.0002198585425503552,1.0,1.0,1.0,1.0,1.4370370370370372e-05,0.90625,0.0,2.0,easy|hard|medium
test,0,6,76,32,0.5338220500052557,40.65256626900373,755.5711051379985,0.0002204247284680605,1.0,1.0,1.0,1.0,1.4364444444444445e-05,1.28125,0.0,2.0,hard|medium|easy
test,0,6,77,32,0.5326347009977326,41.185681911003485,756.1042207459977,0.00020051489991601557,1.0,1.0,1.0,1.0,1.435851851851852e-05,0.78125,0.0,2.0,easy|hard|medium
test,0,6,78,32,0.5327266849999432,41.71893339500093,756.6374722179971,0.00021942867897450924,1.0,1.0,1.0,1.0,1.4352592592592593e-05,1.1875,0.0,2.0,easy|hard|medium
test,0,6,79,32,0.533235382004932,42.25277658000414,757.1713153980018,0.000195661312318407,1.0,1.0,1.0,1.0,1.434666666666667e-05,1.0,0.0,2.0,easy|medium|hard
test,0,6,80,32,0.5328068440067,42.786154284003715,757.7046931130026,0.09344851970672607,0.9545454545454546,0.96875,0.9772727272727273,0.964562569213732,1.4340740740740742e-05,1.09375,0.0,2.0,medium|hard|easy
test,0,6,81,32,0.5327164310001535,43.31947551700432,758.2380144089984,0.03145488351583481,0.96875,0.96875,0.9705882352941176,0.9687194525904204,1.4334814814814816e-05,0.875,0.0,2.0,easy|hard|medium
test,0,6,82,32,0.5339026440051384,43.85405338700366,758.7725925409977,0.0001886369427666068,1.0,1.0,1.0,1.0,1.432888888888889e-05,0.96875,0.0,2.0,easy|medium|hard
test,0,6,83,32,0.532903040999372,44.38758522200078,759.306124101,0.00024873847723938525,1.0,1.0,1.0,1.0,1.4322962962962965e-05,1.03125,0.0,2.0,easy|medium|hard
test,0,6,84,32,0.5323880889991415,44.92046304800169,759.8390019220024,0.00018513476243242621,1.0,1.0,1.0,1.0,1.4317037037037039e-05,0.875,0.0,2.0,easy|medium|hard
test,0,6,85,32,0.5339488190002157,45.455024681003124,760.3735635749981,0.005709025077521801,1.0,1.0,1.0,1.0,1.4311111111111111e-05,1.0625,0.0,2.0,hard|easy|medium
test,0,6,86,32,0.5329652389991679,45.98852107300627,760.907059971003,0.00022653873020317405,1.0,1.0,1.0,1.0,1.4305185185185186e-05,0.96875,0.0,2.0,easy|medium|hard
test,0,6,87,32,0.532352902002458,46.52153159500449,761.4400705299995,0.00022187104332260787,1.0,1.0,1.0,1.0,1.429925925925926e-05,1.0,0.0,2.0,hard|easy|medium
test,0,6,88,32,0.5343205210010638,47.05651817100443,761.9750569940006,0.0001626017619855702,1.0,1.0,1.0,1.0,1.4293333333333334e-05,0.78125,0.0,2.0,medium|hard|easy
test,0,6,89,32,0.5325703180060373,47.58968987700064,762.5082287330006,0.00019268147298134863,1.0,1.0,1.0,1.0,1.4287407407407407e-05,0.84375,0.0,2.0,hard|easy|medium
test,0,6,90,32,0.5333385030025966,48.123586806003004,763.042125703003,0.00021444828598760068,1.0,1.0,1.0,1.0,1.4281481481481483e-05,1.15625,0.0,2.0,medium|easy|hard
test,0,6,91,32,0.533702358006849,48.65789354900335,763.5764323879994,0.0002000388049054891,1.0,1.0,1.0,1.0,1.4275555555555555e-05,0.875,0.0,2.0,medium|easy|hard
test,0,6,92,32,0.5330817880021641,49.19157963900216,764.1101184549989,0.11718343943357468,0.9583333333333333,0.96875,0.9761904761904762,0.9660657476139979,1.4269629629629631e-05,0.96875,0.0,2.0,easy|medium|hard
test,0,6,93,32,0.5338417269958882,49.72603723700013,764.6445761229988,0.00026438687928020954,1.0,1.0,1.0,1.0,1.4263703703703704e-05,1.0625,0.0,2.0,hard|medium|easy
test,0,6,94,32,0.5328693440023926,50.2594695900043,765.1780084019993,0.00022081853239797056,1.0,1.0,1.0,1.0,1.425777777777778e-05,1.09375,0.0,2.0,hard|easy|medium
test,0,6,95,32,0.5322215100022731,50.792351901000075,765.7108910379975,0.00019160151714459062,1.0,1.0,1.0,1.0,1.4251851851851852e-05,0.90625,0.0,2.0,hard|easy|medium
test,0,6,96,32,0.5339009039962548,51.32681783300359,766.245356737003,0.00017078398377634585,1.0,1.0,1.0,1.0,1.4245925925925928e-05,1.25,0.0,2.0,medium|hard|easy
test,0,6,97,32,0.5331746399970143,51.86046053600148,766.7789994280029,0.02207120507955551,0.9642857142857143,0.96875,0.9736842105263157,0.967967967967968,1.4240000000000001e-05,1.0625,0.0,2.0,easy|hard|medium
test,0,6,98,32,0.5339871570031391,52.395030032006616,767.3135689070041,0.00016039937327150255,1.0,1.0,1.0,1.0,1.4234074074074075e-05,1.0625,0.0,2.0,hard|easy|medium
test,0,6,99,32,0.5338114230034989,52.92941604299995,767.8479549059994,0.0001938016212079674,1.0,1.0,1.0,1.0,1.422814814814815e-05,0.5,0.0,2.0,medium|easy|hard
test,0,6,100,32,0.5335750660015037,53.46354380900448,768.3820826279989,0.0001763056789059192,1.0,1.0,1.0,1.0,1.4222222222222224e-05,1.125,0.0,2.0,easy|hard|medium
test,0,6,101,32,0.5327506940011517,53.99687654200534,768.915415342999,0.00019198525114916265,1.0,1.0,1.0,1.0,1.4216296296296296e-05,1.0625,0.0,2.0,medium|hard|easy
test,0,6,102,32,0.5340529089953634,54.531453373005206,769.4499922440009,0.0001618104724911973,1.0,1.0,1.0,1.0,1.4210370370370372e-05,1.15625,0.0,2.0,medium|easy|hard
test,0,6,103,32,0.533077191998018,55.065153900999576,769.983692709,0.00022055111185181886,1.0,1.0,1.0,1.0,1.4204444444444445e-05,0.84375,0.0,2.0,hard|medium|easy
test,0,6,104,32,0.5314421519942698,55.59713465600362,770.515673474998,0.00017495930660516024,1.0,1.0,1.0,1.0,1.419851851851852e-05,1.03125,0.0,2.0,medium|easy|hard
test,0,6,105,32,0.5336844389967155,56.13141403800546,771.0499528520013,0.00021906867914367467,1.0,1.0,1.0,1.0,1.4192592592592593e-05,0.96875,0.0,2.0,medium|easy|hard
test,0,6,106,32,0.5333228270028485,56.66533340699971,771.5838722990011,0.0001830707915360108,1.0,1.0,1.0,1.0,1.418666666666667e-05,1.15625,0.0,2.0,medium|hard|easy
test,0,6,107,32,0.5320120390024385,57.19793252400268,772.1164713370017,0.0001928219571709633,1.0,1.0,1.0,1.0,1.4180740740740742e-05,0.9375,0.0,2.0,medium|hard|easy
test,0,6,108,32,0.5338717929989798,57.732298474002164,772.6508373100005,0.0004898933693766594,1.0,1.0,1.0,1.0,1.4174814814814816e-05,1.125,0.0,2.0,hard|easy|medium
test,0,6,109,32,0.5328399579957477,58.26576910500444,773.1843079440005,0.21110281348228455,0.9333333333333333,0.9375,0.9473684210526316,0.9365079365079365,1.416888888888889e-05,0.9375,0.0,2.0,hard|easy|medium
test,0,6,110,32,0.5320457950001583,58.79830399600178,773.7168428029981,0.26627933979034424,0.9736842105263157,0.96875,0.9642857142857143,0.967967967967968,1.4162962962962965e-05,0.9375,0.0,2.0,medium|hard|easy
test,0,6,111,32,0.5337232879974181,59.3325612760018,774.251100153997,0.0001999021478695795,1.0,1.0,1.0,1.0,1.4157037037037039e-05,0.78125,0.0,2.0,easy|hard|medium
test,0,6,112,32,0.5334139420010615,59.866564736003056,774.785103551003,0.00019823038019239902,1.0,1.0,1.0,1.0,1.4151111111111113e-05,1.03125,0.0,2.0,easy|hard|medium
test,0,6,113,32,0.5317987199960044,60.3989032870013,775.3174421700023,0.0002078597026411444,1.0,1.0,1.0,1.0,1.4145185185185186e-05,1.0625,0.0,2.0,hard|easy|medium
test,0,6,114,32,0.53390353499708,60.93336012200598,775.851898961002,0.00043857356649823487,1.0,1.0,1.0,1.0,1.4139259259259262e-05,1.25,0.0,2.0,hard|easy|medium
test,0,6,115,32,0.5328325579976081,61.46682018000138,776.3853593329986,0.00019403116311877966,1.0,1.0,1.0,1.0,1.4133333333333334e-05,1.0,0.0,2.0,easy|medium|hard
test,0,6,116,32,0.5326719900040189,62.000032842006476,776.9185716760039,0.00019359697762411088,1.0,1.0,1.0,1.0,1.4127407407407407e-05,1.0625,0.0,2.0,hard|easy|medium
test,0,6,117,32,0.5346618099938496,62.53530815600243,777.4538472760032,0.00020225526532158256,1.0,1.0,1.0,1.0,1.4121481481481483e-05,0.71875,0.0,2.0,easy|hard|medium
test,0,6,118,32,0.5332429140034947,63.06922215000668,777.9877611979973,0.0002931626804638654,1.0,1.0,1.0,1.0,1.4115555555555555e-05,1.0,0.0,2.0,medium|hard|easy
test,0,6,119,32,0.5322207549979794,63.60205179799959,778.5205909209981,0.00020233246323186904,1.0,1.0,1.0,1.0,1.4109629629629631e-05,1.09375,0.0,2.0,easy|medium|hard
test,0,6,120,32,0.5337731289982912,64.1364747300031,779.0550135500016,0.00022193847689777613,1.0,1.0,1.0,1.0,1.4103703703703704e-05,1.125,0.0,2.0,hard|easy|medium
test,0,6,121,32,0.5334082850022241,64.67057209199993,779.5891109000004,0.00019517200416885316,1.0,1.0,1.0,1.0,1.409777777777778e-05,1.1875,0.0,2.0,medium|hard|easy
test,0,6,122,32,0.5318281650033896,65.20302361400536,780.1215625490004,0.00017401366494596004,1.0,1.0,1.0,1.0,1.4091851851851852e-05,1.03125,0.0,2.0,easy|medium|hard
test,0,6,123,32,0.533345351999742,65.73683374300163,780.6553725889971,0.00016037464956752956,1.0,1.0,1.0,1.0,1.4085925925925928e-05,1.125,0.0,2.0,easy|hard|medium
test,0,6,124,32,0.5332124529959401,66.27063736900163,781.1891762410014,0.2630402743816376,0.9666666666666667,0.96875,0.9722222222222222,0.9684729064039409,1.408e-05,0.875,0.0,2.0,easy|medium|hard
test,0,6,125,32,0.5325494519929634,66.80381078800565,781.722349675998,0.00016461285122204572,1.0,1.0,1.0,1.0,1.4074074074074075e-05,1.0625,0.0,2.0,easy|hard|medium
test,0,6,126,32,0.533240286000364,67.33752738100156,782.2560662500036,0.0003413688682485372,1.0,1.0,1.0,1.0,1.406814814814815e-05,1.03125,0.0,2.0,medium|easy|hard
test,0,6,127,32,0.5332028679986252,67.8713460190047,782.7898848320037,0.0003068380174227059,1.0,1.0,1.0,1.0,1.4062222222222223e-05,0.875,0.0,2.0,medium|easy|hard
test,0,6,128,32,0.5326323440021952,68.40458974100329,783.3231286489972,0.00019936240278184414,1.0,1.0,1.0,1.0,1.4056296296296296e-05,0.90625,0.0,2.0,easy|medium|hard
test,0,6,129,32,0.5335947689964087,68.9387634970044,783.8573023499994,0.2588481605052948,0.9615384615384616,0.96875,0.975,0.9671794871794872,1.4050370370370372e-05,0.96875,0.0,2.0,medium|easy|hard
test,0,6,130,32,0.5331136020031408,69.47249725599977,784.3910360810041,0.0004843688802793622,1.0,1.0,1.0,1.0,1.4044444444444445e-05,1.25,0.0,2.0,easy|medium|hard
test,0,6,131,32,0.5327769430004992,70.00590701700276,784.9244460949994,0.000872899719979614,1.0,1.0,1.0,1.0,1.403851851851852e-05,1.03125,0.0,2.0,easy|hard|medium
test,0,6,132,32,0.5335645220038714,70.539988180004,785.4585269969975,0.0003126691444776952,1.0,1.0,1.0,1.0,1.4032592592592593e-05,1.03125,0.0,2.0,easy|hard|medium
test,0,6,133,32,0.5322943310020491,71.07286274800572,785.9914015640024,0.0005748695693910122,1.0,1.0,1.0,1.0,1.4026666666666669e-05,1.03125,0.0,2.0,hard|medium|easy
test,0,6,134,32,0.5324212689956767,71.60579500500171,786.524333895999,0.000603191030677408,1.0,1.0,1.0,1.0,1.4020740740740742e-05,1.125,0.0,2.0,medium|hard|easy
test,0,6,135,32,0.5338735850018566,72.14025246200617,787.0587912850024,0.002605704590678215,1.0,1.0,1.0,1.0,1.4014814814814816e-05,1.125,0.0,2.0,medium|easy|hard
test,0,6,136,32,0.5329311829991639,72.6737745000064,787.5923133910037,0.0006136202136985958,1.0,1.0,1.0,1.0,1.400888888888889e-05,1.0625,0.0,2.0,hard|easy|medium
test,0,6,137,32,0.5328145259991288,73.20719009500317,788.1257288950001,0.023601967841386795,0.9642857142857143,0.96875,0.9736842105263157,0.967967967967968,1.4002962962962964e-05,1.21875,0.0,2.0,medium|easy|hard
test,0,6,138,32,0.5335360930039315,73.74124771600327,788.659786614,0.01129685528576374,1.0,1.0,1.0,1.0,1.3997037037037039e-05,0.875,0.0,2.0,easy|medium|hard
test,0,6,139,32,0.5324741799995536,74.27431990700279,789.1928587240036,0.00048204086488112807,1.0,1.0,1.0,1.0,1.3991111111111113e-05,1.28125,0.0,2.0,medium|easy|hard
test,0,6,140,32,0.5325476150028408,74.80739262100542,789.7259314589974,0.00043118238681927323,1.0,1.0,1.0,1.0,1.3985185185185185e-05,1.09375,0.0,2.0,medium|hard|easy
test,0,6,141,32,0.5335546849964885,75.34156899899972,790.2601078650041,0.0007088795537129045,1.0,1.0,1.0,1.0,1.3979259259259261e-05,0.71875,0.0,2.0,easy|medium|hard
test,0,6,142,32,0.5327635729991016,75.8748571899996,790.7933960220034,0.0005223306943662465,1.0,1.0,1.0,1.0,1.3973333333333334e-05,1.1875,0.0,2.0,hard|medium|easy
test,0,6,143,32,0.5326414350056439,76.40810651600623,791.3266453910037,0.0006579292821697891,1.0,1.0,1.0,1.0,1.396740740740741e-05,0.9375,0.0,2.0,medium|hard|easy
test,0,6,144,32,0.5334903490002034,76.94211409400305,791.8606529739991,0.0005252477712929249,1.0,1.0,1.0,1.0,1.3961481481481482e-05,1.0,0.0,2.0,medium|hard|easy
test,0,6,145,32,0.5328780019990518,77.47559074400488,792.394129651002,0.14574562013149261,0.96875,0.96875,0.9705882352941176,0.9687194525904204,1.3955555555555558e-05,1.03125,0.0,2.0,medium|easy|hard
test,0,6,146,32,0.5320249509968562,78.00813381600165,792.9266726440037,0.0005055941874161363,1.0,1.0,1.0,1.0,1.3949629629629631e-05,1.0,0.0,2.0,hard|easy|medium
test,0,6,147,32,0.53409817499778,78.54273892300262,793.4612778040027,0.0007138728979043663,1.0,1.0,1.0,1.0,1.3943703703703704e-05,1.03125,0.0,2.0,medium|easy|hard
test,0,6,148,32,0.5324441570046474,79.07576870100456,793.9943075219999,0.0013836283469572663,1.0,1.0,1.0,1.0,1.393777777777778e-05,0.78125,0.0,2.0,medium|hard|easy
test,0,6,149,32,0.532405504003691,79.6087530740042,794.5272919620038,0.000530876568518579,1.0,1.0,1.0,1.0,1.3931851851851852e-05,1.0625,0.0,2.0,medium|hard|easy
test,0,6,150,32,0.5338368989978335,80.1431709660028,795.0617098520015,0.0005172477103769779,1.0,1.0,1.0,1.0,1.3925925925925928e-05,0.9375,0.0,2.0,easy|hard|medium
test,0,6,151,32,0.5324580799933756,80.67623776999972,795.594776979,0.0007303726160898805,1.0,1.0,1.0,1.0,1.392e-05,0.8125,0.0,2.0,easy|hard|medium
test,0,6,152,32,0.5320575930018094,81.2088619730057,796.1274007920001,0.0006067740032449365,1.0,1.0,1.0,1.0,1.3914074074074075e-05,1.09375,0.0,2.0,hard|easy|medium
test,0,6,153,32,0.5336210589957773,81.74305955100135,796.661598673003,0.0020004017278552055,1.0,1.0,1.0,1.0,1.3908148148148149e-05,0.875,0.0,2.0,medium|easy|hard
test,0,6,154,32,0.5331840260041645,82.27681738400133,797.1953562929993,0.000402122299419716,1.0,1.0,1.0,1.0,1.3902222222222223e-05,1.125,0.0,2.0,medium|hard|easy
test,0,6,155,32,0.5313219110030332,82.80872694900609,797.7272658360016,0.0004296475963201374,1.0,1.0,1.0,1.0,1.3896296296296296e-05,1.21875,0.0,2.0,hard|easy|medium
test,0,6,156,32,0.5347678650068701,83.34408229900146,798.2626212070027,0.00041734124533832073,1.0,1.0,1.0,1.0,1.3890370370370372e-05,0.9375,0.0,2.0,easy|hard|medium
test,0,6,157,32,0.5327587220017449,83.87746807800431,798.7960069649998,0.041495632380247116,0.9642857142857143,0.96875,0.9736842105263157,0.967967967967968,1.3884444444444444e-05,1.0,0.0,2.0,easy|hard|medium
test,0,6,158,32,0.5327930869971169,84.41092755800491,799.3294664360001,0.002214448992162943,1.0,1.0,1.0,1.0,1.387851851851852e-05,0.875,0.0,2.0,medium|easy|hard
test,0,6,159,32,0.5338013590007904,84.94533699400199,799.8638758259985,0.00041648963815532625,1.0,1.0,1.0,1.0,1.3872592592592593e-05,1.0,0.0,2.0,medium|easy|hard
test,0,6,160,32,0.5328537269961089,85.47875641400606,800.3972953039993,0.00039618989103473723,1.0,1.0,1.0,1.0,1.3866666666666669e-05,1.03125,0.0,2.0,medium|easy|hard
test,0,6,161,32,0.5338450240014936,86.01315605300624,800.9316949249987,0.002158447401598096,1.0,1.0,1.0,1.0,1.3860740740740741e-05,0.78125,0.0,2.0,easy|medium|hard
test,0,6,162,32,0.5338668190015596,86.54754074400262,801.4660796020034,0.19016331434249878,0.9666666666666667,0.96875,0.9722222222222222,0.9684729064039409,1.3854814814814816e-05,1.03125,0.0,2.0,medium|easy|hard
test,0,6,163,32,0.5326294629994663,87.08076977600285,801.9993086590039,0.00028447763179428875,1.0,1.0,1.0,1.0,1.384888888888889e-05,1.09375,0.0,2.0,easy|hard|medium
test,0,6,164,32,0.5338092630045139,87.61517072800052,802.533709602998,0.004275855142623186,1.0,1.0,1.0,1.0,1.3842962962962964e-05,1.21875,0.0,2.0,medium|easy|hard
test,0,6,165,32,0.5330411699978868,88.1487921270018,803.0673310170023,0.00040183583041653037,1.0,1.0,1.0,1.0,1.3837037037037038e-05,0.78125,0.0,2.0,medium|easy|hard
test,0,6,166,32,0.5330976619952708,88.68239121200168,803.6009301070007,0.1609947681427002,0.9722222222222222,0.96875,0.9666666666666667,0.9684729064039409,1.3831111111111113e-05,0.84375,0.0,2.0,hard|easy|medium
test,0,6,167,32,0.5336948940021102,89.21668826000678,804.1352271389987,0.2072058916091919,0.9583333333333333,0.96875,0.9761904761904762,0.9660657476139979,1.3825185185185185e-05,1.09375,0.0,2.0,medium|hard|easy
test,0,6,168,32,0.5329960689996369,89.75023200700525,804.6687709609978,0.00047789403470233083,1.0,1.0,1.0,1.0,1.3819259259259261e-05,1.09375,0.0,2.0,medium|easy|hard
test,0,6,169,32,0.5325871999957599,90.28348656800517,805.2020255140014,0.0004217518144287169,1.0,1.0,1.0,1.0,1.3813333333333334e-05,1.0,0.0,2.0,hard|easy|medium
test,0,6,170,32,0.5337111729968456,90.81783429100324,805.7363731650039,0.00045459222747012973,1.0,1.0,1.0,1.0,1.380740740740741e-05,1.09375,0.0,2.0,easy|hard|medium
test,0,6,171,32,0.5334689129958861,91.35190796700044,806.2704468630036,0.000557032588403672,1.0,1.0,1.0,1.0,1.3801481481481482e-05,0.96875,0.0,2.0,medium|hard|easy
test,0,6,172,32,0.5328949249960715,91.88535161800246,806.8038904779969,0.00039966311305761337,1.0,1.0,1.0,1.0,1.3795555555555558e-05,1.09375,0.0,2.0,hard|easy|medium
test,0,6,173,32,0.5341414690046804,92.42002353200223,807.3385624080038,0.0010168410371989012,1.0,1.0,1.0,1.0,1.378962962962963e-05,0.78125,0.0,2.0,easy|medium|hard
test,0,6,174,32,0.5336317420005798,92.95421447300032,807.8727533310011,0.0008204381447285414,1.0,1.0,1.0,1.0,1.3783703703703705e-05,1.0,0.0,2.0,hard|easy|medium
test,0,6,175,32,0.5325762720021885,93.48732265100261,808.4058615320027,0.0006680135848000646,1.0,1.0,1.0,1.0,1.377777777777778e-05,1.03125,0.0,2.0,easy|hard|medium
test,0,6,176,32,0.5340139889958664,94.02180078000674,808.9403396490015,0.0006650066934525967,1.0,1.0,1.0,1.0,1.3771851851851854e-05,1.15625,0.0,2.0,hard|easy|medium
test,0,6,177,32,0.5332944299952942,94.55569372100581,809.4742327639979,0.0008919617393985391,1.0,1.0,1.0,1.0,1.3765925925925928e-05,1.125,0.0,2.0,easy|medium|hard
test,0,6,178,32,0.5320373180002207,95.08835769500001,810.0068965230021,0.03063545748591423,0.9666666666666667,0.96875,0.9722222222222222,0.9684729064039409,1.376e-05,1.03125,0.0,2.0,easy|hard|medium
test,0,6,179,32,0.5338374220009428,95.6227350840054,810.5412739820022,0.04912880063056946,0.96875,0.96875,0.9705882352941176,0.9687194525904204,1.3754074074074075e-05,0.96875,0.0,2.0,hard|easy|medium
test,0,6,180,32,0.5333582690000185,96.1566582190062,811.0751970970014,0.001559786032885313,1.0,1.0,1.0,1.0,1.3748148148148149e-05,0.71875,0.0,2.0,medium|easy|hard
test,0,6,181,32,0.5326601889973972,96.68990331600071,811.6084421319974,0.0007548612193204463,1.0,1.0,1.0,1.0,1.3742222222222223e-05,1.0625,0.0,2.0,easy|hard|medium
test,0,6,182,32,0.5332925979964784,97.22378390700032,812.142322767002,0.001242069061845541,1.0,1.0,1.0,1.0,1.3736296296296296e-05,0.90625,0.0,2.0,medium|easy|hard
test,0,6,183,32,0.5332485530016129,97.75767032500153,812.6762092060017,0.0004855394654441625,1.0,1.0,1.0,1.0,1.3730370370370372e-05,1.125,0.0,2.0,hard|easy|medium
test,0,6,184,32,0.5328686419961741,98.2910649550031,813.2096038300006,0.0005569885252043605,1.0,1.0,1.0,1.0,1.3724444444444444e-05,0.84375,0.0,2.0,easy|medium|hard
test,0,6,185,32,0.533410506999644,98.82503355600056,813.7435724419993,0.00044095126213505864,1.0,1.0,1.0,1.0,1.371851851851852e-05,0.9375,0.0,2.0,easy|medium|hard
test,0,6,186,32,0.5336608549987432,99.35925217100157,814.2777910299992,0.0005571382935158908,1.0,1.0,1.0,1.0,1.3712592592592593e-05,1.0,0.0,2.0,easy|medium|hard
test,0,6,187,32,0.5322902229963802,99.89213289500185,814.8106717129995,0.009458567947149277,1.0,1.0,1.0,1.0,1.3706666666666669e-05,0.9375,0.0,2.0,medium|easy|hard
test,0,6,188,32,0.5330554329993902,100.4257150820049,815.3442539169992,0.0004508596030063927,1.0,1.0,1.0,1.0,1.3700740740740741e-05,0.75,0.0,2.0,medium|easy|hard
test,0,6,189,32,0.5330992730014259,100.95940859900293,815.8779474999974,0.0006882149609737098,1.0,1.0,1.0,1.0,1.3694814814814816e-05,1.21875,0.0,2.0,hard|medium|easy
test,0,6,190,32,0.5325933779968182,101.49258509200445,816.4111240249986,0.07331449538469315,0.9615384615384616,0.96875,0.975,0.9671794871794872,1.368888888888889e-05,1.0,0.0,2.0,easy|hard|medium
test,0,6,191,32,0.5330935199963278,102.02615671100648,816.9446956219981,0.0004246246244292706,1.0,1.0,1.0,1.0,1.3682962962962964e-05,0.8125,0.0,2.0,hard|medium|easy
test,0,6,192,32,0.5330657369995606,102.55978273400251,817.4783215900025,0.025369996204972267,1.0,1.0,1.0,1.0,1.3677037037037038e-05,0.90625,0.0,2.0,medium|easy|hard
test,0,6,193,32,0.5324615959980292,103.0928837370011,818.0114226090009,0.00045061061973683536,1.0,1.0,1.0,1.0,1.3671111111111113e-05,0.9375,0.0,2.0,hard|easy|medium
test,0,6,194,32,0.5333649550011614,103.62676933400508,818.545308216002,0.0005403553368523717,1.0,1.0,1.0,1.0,1.3665185185185185e-05,0.90625,0.0,2.0,easy|medium|hard
test,0,6,195,32,0.5328652349999174,104.16022954500659,819.0787683610033,0.00037459307350218296,1.0,1.0,1.0,1.0,1.3659259259259261e-05,1.0625,0.0,2.0,hard|medium|easy
test,0,6,196,32,0.5322494819993153,104.69302742000582,819.6115662520024,0.0003276544448453933,1.0,1.0,1.0,1.0,1.3653333333333334e-05,0.96875,0.0,2.0,easy|medium|hard
test,0,6,197,32,0.5334118300015689,105.22698548700282,820.1455243590026,0.00036422451375983655,1.0,1.0,1.0,1.0,1.364740740740741e-05,0.96875,0.0,2.0,medium|easy|hard
test,0,6,198,32,0.5326894780009752,105.7601817790055,820.678720640004,0.000429696956416592,1.0,1.0,1.0,1.0,1.3641481481481482e-05,1.15625,0.0,2.0,hard|easy|medium
test,0,6,199,32,0.5323279320000438,106.29313513200032,821.2116740130004,0.0004656419041566551,1.0,1.0,1.0,1.0,1.3635555555555558e-05,0.75,0.0,2.0,hard|easy|medium
test,0,6,200,32,0.5355470959984814,106.82924148600432,821.7477805040035,0.0003354503423906863,1.0,1.0,1.0,1.0,1.362962962962963e-05,1.09375,0.0,2.0,hard|medium|easy
test,0,6,201,32,0.5328720920006162,107.36287095500302,822.2814098360031,0.0004100002988707274,1.0,1.0,1.0,1.0,1.3623703703703705e-05,0.71875,0.0,2.0,easy|hard|medium
test,0,6,202,32,0.5323819740006002,107.89579772599973,822.8143365400028,0.0007436316227540374,1.0,1.0,1.0,1.0,1.361777777777778e-05,1.125,0.0,2.0,easy|medium|hard
test,0,6,203,32,0.5333068780018948,108.42955649400392,823.3480953690014,0.00038727803621441126,1.0,1.0,1.0,1.0,1.3611851851851853e-05,0.90625,0.0,2.0,medium|easy|hard
test,0,6,204,32,0.532777193999209,108.96293331900233,823.8814721360031,0.0005135613027960062,1.0,1.0,1.0,1.0,1.3605925925925928e-05,0.9375,0.0,2.0,hard|medium|easy
test,0,6,205,32,0.5326531369937584,109.49610018800013,824.414639061004,0.00024203256180044264,1.0,1.0,1.0,1.0,1.3600000000000002e-05,0.90625,0.0,2.0,easy|hard|medium
test,0,6,206,32,0.5338757540012011,110.0305300100008,824.9490688610022,0.00037861886085011065,1.0,1.0,1.0,1.0,1.3594074074074074e-05,1.0,0.0,2.0,medium|hard|easy
test,0,6,207,32,0.532833457000379,110.56396699400648,825.4825058130009,0.0004629808245226741,1.0,1.0,1.0,1.0,1.358814814814815e-05,1.09375,0.0,2.0,medium|easy|hard
test,0,6,208,32,0.5325584500023979,111.09709409700008,826.015632982002,0.000359670608304441,1.0,1.0,1.0,1.0,1.3582222222222223e-05,1.0,0.0,2.0,hard|medium|easy
test,0,6,209,32,0.533988324998063,111.63166280800215,826.5502016230021,0.0003249754081480205,1.0,1.0,1.0,1.0,1.3576296296296296e-05,0.90625,0.0,2.0,medium|hard|easy
test,0,6,210,32,0.5327346010017209,112.16495922000468,827.0834982500019,0.0005454882048070431,1.0,1.0,1.0,1.0,1.3570370370370372e-05,1.03125,0.0,2.0,medium|easy|hard
test,0,6,211,32,0.5327723820009851,112.69830358100444,827.6168427739976,0.0003235095937270671,1.0,1.0,1.0,1.0,1.3564444444444444e-05,0.84375,0.0,2.0,medium|easy|hard
test,0,6,212,32,0.5338271149958018,113.23267974900227,828.1512186219989,0.0003631910076364875,1.0,1.0,1.0,1.0,1.355851851851852e-05,0.75,0.0,2.0,medium|easy|hard
test,0,6,213,32,0.5322170759973233,113.76543019200471,828.6839690030029,0.00033683847868815064,1.0,1.0,1.0,1.0,1.3552592592592593e-05,0.9375,0.0,2.0,medium|hard|easy
test,0,6,214,32,0.5319416909987922,114.2979529170043,829.2164918179988,0.0003071535029448569,1.0,1.0,1.0,1.0,1.3546666666666669e-05,0.96875,0.0,2.0,hard|medium|easy
test,0,6,215,32,0.5333266070010723,114.83185622900055,829.7503950399987,0.0006101446924731135,1.0,1.0,1.0,1.0,1.3540740740740741e-05,0.96875,0.0,2.0,easy|hard|medium
test,0,6,216,32,0.533306627003185,115.36563541400392,830.2841743239987,0.0025699189864099026,1.0,1.0,1.0,1.0,1.3534814814814815e-05,1.125,0.0,2.0,hard|medium|easy
test,0,6,217,32,0.531580157999997,115.89782476999972,830.8163635849996,0.2025153636932373,0.9705882352941176,0.96875,0.96875,0.9687194525904204,1.352888888888889e-05,0.9375,0.0,2.0,medium|hard|easy
test,0,6,218,32,0.5333265910012415,116.43166354800633,831.3502024510017,0.0001688133634161204,1.0,1.0,1.0,1.0,1.3522962962962964e-05,1.0625,0.0,2.0,hard|easy|medium
test,0,6,219,32,0.5335937749987352,116.96581796100509,831.8843570629979,0.00018948994693346322,1.0,1.0,1.0,1.0,1.3517037037037038e-05,1.15625,0.0,2.0,medium|easy|hard
test,0,6,220,32,0.5320579699982773,117.49846159300068,832.4170004230036,0.00022401129535865039,1.0,1.0,1.0,1.0,1.3511111111111112e-05,0.65625,0.0,2.0,medium|easy|hard
test,0,6,221,32,0.53427401099907,118.03327257100318,832.9518113759987,0.00021847759489901364,1.0,1.0,1.0,1.0,1.3505185185185185e-05,0.84375,0.0,2.0,easy|hard|medium
test,0,6,222,32,0.5327775859987014,118.56662968400633,833.4851684980022,0.00019404063641559333,1.0,1.0,1.0,1.0,1.3499259259259261e-05,1.15625,0.0,2.0,hard|medium|easy
test,0,6,223,32,0.5336371820012573,119.10093030099961,834.0194691750003,0.00018746344721876085,1.0,1.0,1.0,1.0,1.3493333333333333e-05,0.9375,0.0,2.0,hard|easy|medium
test,0,6,224,32,0.5341858489991864,119.63567138900544,834.5542102870022,0.0002510197809897363,1.0,1.0,1.0,1.0,1.348740740740741e-05,1.15625,0.0,2.0,hard|easy|medium
test,0,6,225,32,0.5327212300035171,120.16900246800651,835.0875413149988,0.0002168294886359945,1.0,1.0,1.0,1.0,1.3481481481481482e-05,0.9375,0.0,2.0,medium|easy|hard
test,0,6,226,32,0.5334623669987195,120.70298716800608,835.6215260270037,0.00015813956269994378,1.0,1.0,1.0,1.0,1.3475555555555558e-05,0.96875,0.0,2.0,medium|hard|easy
test,0,6,227,32,0.5329127449949738,121.23640188500576,836.1549407450002,0.00019099008932244033,1.0,1.0,1.0,1.0,1.346962962962963e-05,0.6875,0.0,2.0,easy|medium|hard
test,0,6,228,32,0.5325353070002166,121.76940431300318,836.6879431830021,0.004986160900443792,1.0,1.0,1.0,1.0,1.3463703703703705e-05,1.125,0.0,2.0,easy|hard|medium
test,0,6,229,32,0.5338272439985303,122.30384046200197,837.2223792880031,0.1960492581129074,0.9615384615384616,0.96875,0.975,0.9671794871794872,1.3457777777777779e-05,0.9375,0.0,2.0,medium|easy|hard
test,0,6,230,32,0.5331804200031911,122.83757006900123,837.7561089049996,0.00022559672652278095,1.0,1.0,1.0,1.0,1.3451851851851853e-05,0.875,0.0,2.0,medium|easy|hard
test,0,6,231,32,0.5332439420017181,123.371382369005,838.2899212620032,0.0001728306815493852,1.0,1.0,1.0,1.0,1.3445925925925928e-05,0.96875,0.0,2.0,easy|medium|hard
test,0,6,232,32,0.5338073480015737,123.9057566420015,838.8242954730013,0.00022693777282256633,1.0,1.0,1.0,1.0,1.3440000000000002e-05,0.71875,0.0,2.0,easy|hard|medium
test,0,6,233,32,0.5335809410025831,124.43989272300678,839.3584315710032,0.00019597448408603668,1.0,1.0,1.0,1.0,1.3434074074074074e-05,0.96875,0.0,2.0,easy|hard|medium
test,0,6,234,32,0.5330836510038353,124.97342541200487,839.8919642870023,0.00037690112367272377,1.0,1.0,1.0,1.0,1.342814814814815e-05,0.90625,0.0,2.0,medium|hard|easy
test,0,6,235,32,0.5340959200038924,125.50810487300623,840.4266437699989,0.00017365002713631839,1.0,1.0,1.0,1.0,1.3422222222222223e-05,1.0,0.0,2.0,medium|hard|easy
test,0,6,236,32,0.5329726999989362,126.0416123630057,840.9601514899987,0.00019661431724671274,1.0,1.0,1.0,1.0,1.3416296296296299e-05,1.28125,0.0,2.0,medium|easy|hard
test,0,6,237,32,0.5316754739978933,126.57384927300154,841.4923881060022,0.00018608842219691724,1.0,1.0,1.0,1.0,1.3410370370370371e-05,1.0,0.0,2.0,hard|medium|easy
test,0,6,238,32,0.5340185210006894,127.1084581200048,842.0269972539973,0.00018067064229398966,1.0,1.0,1.0,1.0,1.3404444444444447e-05,0.875,0.0,2.0,easy|medium|hard
test,0,6,239,32,0.5330275199958123,127.64203597800224,842.5605748529997,0.00017677889263723046,1.0,1.0,1.0,1.0,1.339851851851852e-05,1.09375,0.0,2.0,medium|easy|hard
test,0,6,240,32,0.5321799200028181,128.17481509700156,843.0933539399994,0.00018614510190673172,1.0,1.0,1.0,1.0,1.3392592592592592e-05,0.8125,0.0,2.0,hard|easy|medium
test,0,6,241,32,0.533898624998983,128.7093604000038,843.6278992150037,0.0001750613155309111,1.0,1.0,1.0,1.0,1.3386666666666668e-05,1.125,0.0,2.0,medium|easy|hard
test,0,6,242,32,0.5332626469971729,129.2431565470033,844.1616954240017,0.00017171315266750753,1.0,1.0,1.0,1.0,1.3380740740740741e-05,1.09375,0.0,2.0,medium|easy|hard
test,0,6,243,32,0.532372989000578,129.77610206300596,844.6946408770018,0.00017694762209430337,1.0,1.0,1.0,1.0,1.3374814814814815e-05,1.0625,0.0,2.0,hard|medium|easy
test,0,6,244,32,0.5345616479971795,130.31119426200166,845.2297331470036,0.00032912520691752434,1.0,1.0,1.0,1.0,1.336888888888889e-05,1.21875,0.0,2.0,hard|medium|easy
test,0,6,245,32,0.5340397539985133,130.84578737300035,845.7643264670041,0.20174482464790344,0.9736842105263157,0.96875,0.9642857142857143,0.967967967967968,1.3362962962962964e-05,1.03125,0.0,2.0,easy|hard|medium
test,0,6,246,32,0.5329537540019373,131.3792507850012,846.2977896630036,0.00018036330584436655,1.0,1.0,1.0,1.0,1.3357037037037038e-05,0.9375,0.0,2.0,easy|medium|hard
test,0,6,247,32,0.5332199670010596,131.9132152930033,846.831754109,0.00022697111126035452,1.0,1.0,1.0,1.0,1.3351111111111112e-05,0.96875,0.0,2.0,medium|easy|hard
test,0,6,248,32,0.5333309260022361,132.4471054070018,847.3656442930005,0.0001861436030594632,1.0,1.0,1.0,1.0,1.3345185185185185e-05,0.96875,0.0,2.0,medium|hard|easy
test,0,6,249,32,0.5320348829991417,132.97959785900457,847.8981366759981,0.0008359900093637407,1.0,1.0,1.0,1.0,1.333925925925926e-05,1.0625,0.0,2.0,easy|hard|medium
test,0,6,250,32,0.5329706240008818,133.5130397690009,848.4315786630032,0.005140808876603842,1.0,1.0,1.0,1.0,1.3333333333333333e-05,1.09375,0.0,2.0,hard|easy|medium
test,0,7,1,32,0.53589272100362,0.6344825570049579,858.9990013019997,0.00015636294847354293,1.0,1.0,1.0,1.0,1.332740740740741e-05,1.0,0.0,2.0,medium|hard|easy
test,0,7,2,32,0.5343737059956766,1.169603027003177,859.5341180899995,0.00016860745381563902,1.0,1.0,1.0,1.0,1.3321481481481482e-05,0.90625,0.0,2.0,hard|medium|easy
test,0,7,3,32,0.5331160399946384,1.703315548998944,860.0678306400005,0.00018212116265203804,1.0,1.0,1.0,1.0,1.3315555555555558e-05,1.09375,0.0,2.0,hard|medium|easy
test,0,7,4,32,0.5334469770023134,2.237280280998675,860.6017953580013,0.00023557132226414979,1.0,1.0,1.0,1.0,1.330962962962963e-05,1.09375,0.0,2.0,easy|hard|medium
test,0,7,5,32,0.5337543390050996,2.7715978950000135,861.1361129610013,0.00015282834647223353,1.0,1.0,1.0,1.0,1.3303703703703705e-05,1.03125,0.0,2.0,easy|medium|hard
test,0,7,6,32,0.5339148210041458,3.306117168001947,861.6706322460013,0.00014278257731348276,1.0,1.0,1.0,1.0,1.3297777777777779e-05,0.96875,0.0,2.0,medium|hard|easy
test,0,7,7,32,0.5322840869994252,3.8389736370008904,862.2034887359987,0.16178350150585175,0.9722222222222222,0.96875,0.9666666666666667,0.9684729064039409,1.3291851851851853e-05,0.8125,0.0,2.0,easy|medium|hard
test,0,7,8,32,0.5343760629984899,4.3739511349995155,862.7384662309996,0.00020181472063995898,1.0,1.0,1.0,1.0,1.3285925925925927e-05,0.9375,0.0,2.0,hard|easy|medium
test,0,7,9,32,0.5333221539985971,4.907833552999364,863.2723486340037,0.00016618470544926822,1.0,1.0,1.0,1.0,1.3280000000000002e-05,0.96875,0.0,2.0,hard|medium|easy
test,0,7,10,32,0.5325179009960266,5.440937022998696,863.8054520910009,0.00014647759962826967,1.0,1.0,1.0,1.0,1.3274074074074074e-05,1.1875,0.0,2.0,hard|medium|easy
test,0,7,11,32,0.5338851510023233,5.975293920004333,864.3398090080009,0.00015701085794717073,1.0,1.0,1.0,1.0,1.326814814814815e-05,1.03125,0.0,2.0,easy|hard|medium
test,0,7,12,32,0.5335442390060052,6.509432373000891,864.8739474750037,0.00015932669339235872,1.0,1.0,1.0,1.0,1.3262222222222223e-05,1.125,0.0,2.0,easy|hard|medium
test,0,7,13,32,0.5325410440054839,7.042466514001717,865.4069817909985,0.00015543954214081168,1.0,1.0,1.0,1.0,1.3256296296296299e-05,0.96875,0.0,2.0,medium|easy|hard
test,0,7,14,32,0.5347649579998688,7.57770752000215,865.9422226169991,0.00014809361891821027,1.0,1.0,1.0,1.0,1.3250370370370371e-05,0.96875,0.0,2.0,easy|hard|medium
test,0,7,15,32,0.5332788340019761,8.111537728000258,866.4760528240004,0.00019088760018348694,1.0,1.0,1.0,1.0,1.3244444444444447e-05,0.75,0.0,2.0,medium|easy|hard
test,0,7,16,32,0.5346265120024327,8.646735756003181,867.0112508329985,0.01568719372153282,1.0,1.0,1.0,1.0,1.323851851851852e-05,0.875,0.0,2.0,medium|easy|hard
test,0,7,17,32,0.5337295280041872,9.180986122999457,867.545501200002,0.0001625871518626809,1.0,1.0,1.0,1.0,1.3232592592592594e-05,0.9375,0.0,2.0,easy|hard|medium
test,0,7,18,32,0.5336251350017847,9.715204757005267,868.0797198569999,0.00018361920956522226,1.0,1.0,1.0,1.0,1.3226666666666668e-05,0.875,0.0,2.0,medium|easy|hard
test,0,7,19,32,0.5344318760035094,10.250171587002114,868.6146866799972,0.0005611031083390117,1.0,1.0,1.0,1.0,1.3220740740740742e-05,0.875,0.0,2.0,easy|medium|hard
test,0,7,20,32,0.533915097003046,10.784563036999316,869.1490781169996,0.00016400231106672436,1.0,1.0,1.0,1.0,1.3214814814814815e-05,0.9375,0.0,2.0,medium|hard|easy
test,0,7,21,32,0.5328566770040197,11.317881023001974,869.6823961240007,0.00019260687986388803,1.0,1.0,1.0,1.0,1.320888888888889e-05,0.96875,0.0,2.0,hard|easy|medium
test,0,7,22,32,0.5349713290052023,11.853429761998996,870.217944834003,0.00017033246695064008,1.0,1.0,1.0,1.0,1.3202962962962964e-05,1.125,0.0,2.0,hard|easy|medium
test,0,7,23,32,0.5332341829998768,12.387211874003697,870.7517270399985,0.00017318739264737815,1.0,1.0,1.0,1.0,1.3197037037037038e-05,0.8125,0.0,2.0,hard|medium|easy
test,0,7,24,32,0.5328569600023911,12.920691571001953,871.2852066580017,0.00013856534496881068,1.0,1.0,1.0,1.0,1.3191111111111112e-05,1.15625,0.0,2.0,medium|easy|hard
test,0,7,25,32,0.5342064139986178,13.455430753005203,871.8199458329982,0.00018734042532742023,1.0,1.0,1.0,1.0,1.3185185185185185e-05,1.125,0.0,2.0,hard|medium|easy
test,0,7,26,32,0.533995984995272,13.989996807998978,872.354511921003,0.00021563276823144406,1.0,1.0,1.0,1.0,1.317925925925926e-05,0.78125,0.0,2.0,easy|medium|hard
test,0,7,27,32,0.5329403040013858,14.523498467002355,872.8880135599975,0.00017030794697348028,1.0,1.0,1.0,1.0,1.3173333333333333e-05,1.21875,0.0,2.0,medium|hard|easy
test,0,7,28,32,0.5345043330016779,15.058607058002963,873.4231221570008,0.00021193049906287342,1.0,1.0,1.0,1.0,1.3167407407407409e-05,1.0,0.0,2.0,hard|easy|medium
test,0,7,29,32,0.5335640529956436,15.592709764001484,873.9572248530021,0.00016284649609588087,1.0,1.0,1.0,1.0,1.3161481481481482e-05,0.9375,0.0,2.0,easy|medium|hard
test,0,7,30,32,0.5332137509976747,16.126542969002912,874.4910583410019,0.00020206664339639246,1.0,1.0,1.0,1.0,1.3155555555555558e-05,0.96875,0.0,2.0,hard|easy|medium
test,0,7,31,32,0.533818269999756,16.660942166003224,875.0254572069971,0.0001817591255530715,1.0,1.0,1.0,1.0,1.314962962962963e-05,1.1875,0.0,2.0,hard|medium|easy
test,0,7,32,32,0.5341911700015771,17.195666373001586,875.5601814559996,0.00014850340085104108,1.0,1.0,1.0,1.0,1.3143703703703704e-05,0.84375,0.0,2.0,easy|medium|hard
test,0,7,33,32,0.5332240120042115,17.72952113100473,876.0940362100009,0.0001476916077081114,1.0,1.0,1.0,1.0,1.3137777777777779e-05,1.03125,0.0,2.0,easy|medium|hard
test,0,7,34,32,0.5344693789957091,18.264553607004927,876.6290686959983,0.0021070640068501234,1.0,1.0,1.0,1.0,1.3131851851851853e-05,1.09375,0.0,2.0,medium|easy|hard
test,0,7,35,32,0.5332036690015229,18.798355404003814,877.1628704840041,0.00028189021395519376,1.0,1.0,1.0,1.0,1.3125925925925927e-05,1.03125,0.0,2.0,medium|easy|hard
test,0,7,36,32,0.533257251001487,19.332058183004847,877.6965732770041,0.00022755116515327245,1.0,1.0,1.0,1.0,1.3120000000000001e-05,1.15625,0.0,2.0,hard|medium|easy
test,0,7,37,32,0.5339915379954618,19.866614607002703,878.231129687003,0.00017794215818867087,1.0,1.0,1.0,1.0,1.3114074074074074e-05,1.15625,0.0,2.0,easy|hard|medium
test,0,7,38,32,0.5336657939988072,20.40083531900018,878.7653504190021,0.00015166139928624034,1.0,1.0,1.0,1.0,1.310814814814815e-05,0.75,0.0,2.0,hard|easy|medium
test,0,7,39,32,0.5330835850036237,20.934454439004185,879.2989694779972,0.00014645830378867686,1.0,1.0,1.0,1.0,1.3102222222222223e-05,1.0,0.0,2.0,easy|hard|medium
test,0,7,40,32,0.5347454419970745,21.469772538999678,879.8342876259994,0.00016909958503674716,1.0,1.0,1.0,1.0,1.3096296296296298e-05,1.03125,0.0,2.0,medium|easy|hard
test,0,7,41,32,0.5326833419967443,22.002981140001793,880.3674962259975,0.0001261505822185427,1.0,1.0,1.0,1.0,1.3090370370370371e-05,0.875,0.0,2.0,easy|hard|medium
test,0,7,42,32,0.5327108889978263,22.53625253499922,880.9007676090041,0.00015517236897721887,1.0,1.0,1.0,1.0,1.3084444444444447e-05,1.125,0.0,2.0,easy|hard|medium
test,0,7,43,32,0.5336957239996991,23.0705444990017,881.435059606003,0.00016255778609775007,1.0,1.0,1.0,1.0,1.307851851851852e-05,1.15625,0.0,2.0,medium|hard|easy
test,0,7,44,32,0.5341716860057204,23.605307165998966,881.9698222779989,0.00016145504196174443,1.0,1.0,1.0,1.0,1.3072592592592594e-05,0.9375,0.0,2.0,easy|hard|medium
test,0,7,45,32,0.535000191994186,24.141164774999197,882.5056798549995,0.0001293774985242635,1.0,1.0,1.0,1.0,1.3066666666666668e-05,0.90625,0.0,2.0,easy|medium|hard
test,0,7,46,32,0.5337903830004507,24.675411779004207,883.0399271200004,0.0001530718000140041,1.0,1.0,1.0,1.0,1.3060740740740742e-05,1.09375,0.0,2.0,medium|hard|easy
test,0,7,47,32,0.5341281820001313,25.210032414004672,883.5745475340009,0.000125860795378685,1.0,1.0,1.0,1.0,1.3054814814814817e-05,1.21875,0.0,2.0,easy|hard|medium
test,0,7,48,32,0.5336550939973677,25.74420932299836,884.1087243970032,0.00013472206774167717,1.0,1.0,1.0,1.0,1.304888888888889e-05,0.96875,0.0,2.0,hard|medium|easy
test,0,7,49,32,0.5337691070017172,26.278537211001094,884.6430522930023,0.00016728011541999876,1.0,1.0,1.0,1.0,1.3042962962962963e-05,1.09375,0.0,2.0,medium|hard|easy
test,0,7,50,32,0.5330466340019484,26.812195946004067,885.1767110310029,0.00016439952014479786,1.0,1.0,1.0,1.0,1.303703703703704e-05,0.65625,0.0,2.0,medium|easy|hard
test,0,7,51,32,0.5345159229982528,27.347279595000145,885.7117950009997,0.00012434124073479325,1.0,1.0,1.0,1.0,1.3031111111111112e-05,0.84375,0.0,2.0,medium|hard|easy
test,0,7,52,32,0.5329575700015994,27.88083459700283,886.2453496890012,0.00012685595720540732,1.0,1.0,1.0,1.0,1.3025185185185184e-05,1.03125,0.0,2.0,medium|hard|easy
test,0,7,53,32,0.5327280550045543,28.41410859199823,886.7786236859974,0.0001234998635482043,1.0,1.0,1.0,1.0,1.301925925925926e-05,0.84375,0.0,2.0,easy|medium|hard
test,0,7,54,32,0.5338245180028025,28.948493683004926,887.3130088320031,0.0001194770447909832,1.0,1.0,1.0,1.0,1.3013333333333333e-05,0.84375,0.0,2.0,easy|hard|medium
test,0,7,55,32,0.5333798729989212,29.482458967999264,887.8469740529981,0.00013220732216723263,1.0,1.0,1.0,1.0,1.3007407407407409e-05,1.09375,0.0,2.0,hard|easy|medium
test,0,7,56,32,0.5327946850011358,30.015818430001673,888.3803335089979,0.00014655236736871302,1.0,1.0,1.0,1.0,1.3001481481481481e-05,1.0625,0.0,2.0,medium|hard|easy
test,0,7,57,32,0.5346252200033632,30.5509936870003,888.9155087969993,0.00012521067401394248,1.0,1.0,1.0,1.0,1.2995555555555557e-05,0.90625,0.0,2.0,medium|hard|easy
test,0,7,58,32,0.5336116199978278,31.085110331005126,889.4496254210026,0.00011002734390785918,1.0,1.0,1.0,1.0,1.298962962962963e-05,0.9375,0.0,2.0,hard|easy|medium
test,0,7,59,32,0.5325191890005954,31.618202000005112,889.9827170670033,0.0001377760636387393,1.0,1.0,1.0,1.0,1.2983703703703704e-05,0.875,0.0,2.0,easy|medium|hard
test,0,7,60,32,0.5332250620049308,32.15194155900099,890.5164566300009,0.0001573454646859318,1.0,1.0,1.0,1.0,1.2977777777777779e-05,0.84375,0.0,2.0,hard|medium|easy
test,0,7,61,32,0.5337534859936568,32.6862665180015,891.050781594,0.00011546866153366864,1.0,1.0,1.0,1.0,1.2971851851851853e-05,0.90625,0.0,2.0,easy|medium|hard
test,0,7,62,32,0.5323890319996281,33.21920534500532,891.5837204190029,0.00012719481310341507,1.0,1.0,1.0,1.0,1.2965925925925927e-05,0.96875,0.0,2.0,medium|hard|easy
test,0,7,63,32,0.5343649630012806,33.754117670003325,892.1186327539981,0.00012644616072066128,1.0,1.0,1.0,1.0,1.2960000000000001e-05,1.0,0.0,2.0,medium|easy|hard
test,0,7,64,32,0.5335704890021589,34.28821570600121,892.6527307910001,0.0001266318140551448,1.0,1.0,1.0,1.0,1.2954074074074074e-05,0.90625,0.0,2.0,hard|medium|easy
test,0,7,65,32,0.5329053940004087,34.82168822300446,893.1862033040015,0.0001760517479851842,1.0,1.0,1.0,1.0,1.294814814814815e-05,1.03125,0.0,2.0,hard|easy|medium
test,0,7,66,32,0.5337239150030655,35.35587641600432,893.720391613002,0.0005375028704293072,1.0,1.0,1.0,1.0,1.2942222222222222e-05,0.90625,0.0,2.0,hard|medium|easy
test,0,7,67,32,0.5337777439999627,35.89022114100226,894.2547362149999,0.00015107294893823564,1.0,1.0,1.0,1.0,1.2936296296296298e-05,1.03125,0.0,2.0,easy|medium|hard
test,0,7,68,32,0.5327439570028218,36.42351279799914,894.7880278849989,0.00013077023322694004,1.0,1.0,1.0,1.0,1.2930370370370371e-05,1.09375,0.0,2.0,easy|hard|medium
test,0,7,69,32,0.5343278750005993,36.9583628420005,895.3228779280034,0.00011592174269026145,1.0,1.0,1.0,1.0,1.2924444444444447e-05,1.03125,0.0,2.0,medium|hard|easy
test,0,7,70,32,0.5334703339976841,37.49236601300072,895.8568810939978,0.00010028690303443,1.0,1.0,1.0,1.0,1.291851851851852e-05,1.09375,0.0,2.0,hard|easy|medium
test,0,7,71,32,0.5333019469981082,38.026270490998286,896.3907855639991,0.00012536536087282002,1.0,1.0,1.0,1.0,1.2912592592592594e-05,1.09375,0.0,2.0,easy|medium|hard
test,0,7,72,32,0.5338352580001811,38.560670709004626,896.9251858170028,0.00011550618364708498,1.0,1.0,1.0,1.0,1.2906666666666668e-05,0.9375,0.0,2.0,easy|medium|hard
test,0,7,73,32,0.5334693010008777,39.09475164399919,897.4592667210018,0.00012507432256825268,1.0,1.0,1.0,1.0,1.2900740740740742e-05,1.0625,0.0,2.0,medium|hard|easy
test,0,7,74,32,0.5323604110017186,39.62767158000497,897.9921866660006,0.00012351790792308748,1.0,1.0,1.0,1.0,1.2894814814814816e-05,0.96875,0.0,2.0,medium|hard|easy
test,0,7,75,32,0.534502798000176,40.16281373400125,898.5273288270037,0.00011652230750769377,1.0,1.0,1.0,1.0,1.288888888888889e-05,1.0625,0.0,2.0,hard|easy|medium
test,0,7,76,32,0.5321785699998145,40.69557932400494,899.0600944230027,0.000142686563776806,1.0,1.0,1.0,1.0,1.2882962962962963e-05,0.90625,0.0,2.0,medium|easy|hard
test,0,7,77,32,0.5326952530012932,41.22880827300105,899.5933233929973,0.0007131276652216911,1.0,1.0,1.0,1.0,1.287703703703704e-05,0.9375,0.0,2.0,easy|medium|hard
test,0,7,78,32,0.53377422199992,41.76319553700159,900.1277106519992,0.0001265268656425178,1.0,1.0,1.0,1.0,1.2871111111111112e-05,1.0,0.0,2.0,hard|medium|easy
test,0,7,79,32,0.5337710680032615,42.29747941200185,900.6619944819977,0.00014632569218520075,1.0,1.0,1.0,1.0,1.2865185185185188e-05,0.6875,0.0,2.0,medium|easy|hard
test,0,7,80,32,0.531981464002456,42.83001899500232,901.1945340860038,0.00010873834980884567,1.0,1.0,1.0,1.0,1.285925925925926e-05,1.03125,0.0,2.0,medium|easy|hard
test,0,7,81,32,0.5347481829958269,43.36528293399897,901.7297980279982,0.0001165601861430332,1.0,1.0,1.0,1.0,1.2853333333333336e-05,0.65625,0.0,2.0,medium|easy|hard
test,0,7,82,32,0.533255521004321,43.89905917800206,902.2635742620041,0.00012873050582129508,1.0,1.0,1.0,1.0,1.2847407407407409e-05,1.1875,0.0,2.0,medium|hard|easy
test,0,7,83,32,0.5344212060008431,44.4340355480017,902.798550614003,0.00011267550871707499,1.0,1.0,1.0,1.0,1.2841481481481481e-05,1.09375,0.0,2.0,easy|medium|hard
test,0,7,84,32,0.5343360590049997,44.96893609499966,903.3334511860012,0.00012759797391481698,1.0,1.0,1.0,1.0,1.2835555555555557e-05,1.03125,0.0,2.0,hard|medium|easy
test,0,7,85,32,0.5332946769995033,45.502811227001075,903.8673263050005,0.00010811979154823348,1.0,1.0,1.0,1.0,1.282962962962963e-05,1.0625,0.0,2.0,hard|easy|medium
test,0,7,86,32,0.5340805410014582,46.037462560001586,904.4019776360001,0.00014432262105401605,1.0,1.0,1.0,1.0,1.2823703703703704e-05,1.1875,0.0,2.0,hard|medium|easy
test,0,7,87,32,0.5334809849955491,46.571413404999475,904.9359284980019,0.00014092496712692082,1.0,1.0,1.0,1.0,1.2817777777777778e-05,1.125,0.0,2.0,easy|medium|hard
test,0,7,88,32,0.5327945969984285,47.104819170002884,905.4693342020037,0.00017876889614854008,1.0,1.0,1.0,1.0,1.2811851851851853e-05,1.09375,0.0,2.0,hard|easy|medium
test,0,7,89,32,0.5340616120010964,47.63941185300064,906.0039269650006,0.00010310648940503597,1.0,1.0,1.0,1.0,1.2805925925925927e-05,1.34375,0.0,2.0,hard|medium|easy
test,0,7,90,32,0.5332916930055944,48.17333083000267,906.5378459200001,0.00012190357665531337,1.0,1.0,1.0,1.0,1.2800000000000001e-05,1.09375,0.0,2.0,hard|easy|medium
test,0,7,91,32,0.5330039109976497,48.706941930999164,907.0714573259975,0.00013389921514317393,1.0,1.0,1.0,1.0,1.2794074074074074e-05,1.25,0.0,2.0,hard|medium|easy
test,0,7,92,32,0.5342877549992409,49.241766202998406,907.6062815879995,0.0001349778613075614,1.0,1.0,1.0,1.0,1.278814814814815e-05,1.03125,0.0,2.0,hard|medium|easy
test,0,7,93,32,0.5334331199992448,49.775772954002605,908.1402880550013,0.24624353647232056,0.9666666666666667,0.96875,0.9722222222222222,0.9684729064039409,1.2782222222222222e-05,1.0,0.0,2.0,hard|medium|easy
test,0,7,94,32,0.5324859120009933,50.30883441599872,908.6733494979999,0.00012970990792382509,1.0,1.0,1.0,1.0,1.2776296296296298e-05,0.75,0.0,2.0,hard|medium|easy
test,0,7,95,32,0.5339799189969199,50.843439570002374,909.2079546649984,0.00011777524196077138,1.0,1.0,1.0,1.0,1.277037037037037e-05,1.0625,0.0,2.0,hard|medium|easy
test,0,7,96,32,0.5337777660024585,51.37773365199973,909.7422487410004,0.00013422343181446195,1.0,1.0,1.0,1.0,1.2764444444444447e-05,0.96875,0.0,2.0,hard|easy|medium
test,0,7,97,32,0.5324534469982609,51.91078711800219,910.2753022190009,0.00011899217497557402,1.0,1.0,1.0,1.0,1.275851851851852e-05,0.78125,0.0,2.0,easy|hard|medium
test,0,7,98,32,0.534566406000522,52.44585466400167,910.810369740997,0.00016555121692363173,1.0,1.0,1.0,1.0,1.2752592592592593e-05,1.0,0.0,2.0,easy|medium|hard
test,0,7,99,32,0.5342713270001695,52.980758785000944,911.3452738740016,0.00017555469821672887,1.0,1.0,1.0,1.0,1.2746666666666668e-05,1.03125,0.0,2.0,medium|hard|easy
test,0,7,100,32,0.5324967909982661,53.51382294200448,911.8783380129971,0.00011940678086830303,1.0,1.0,1.0,1.0,1.2740740740740742e-05,1.03125,0.0,2.0,medium|hard|easy
test,0,7,101,32,0.5343252879974898,54.0486963450021,912.4132114610038,0.00012191817950224504,1.0,1.0,1.0,1.0,1.2734814814814816e-05,0.84375,0.0,2.0,medium|easy|hard
test,0,7,102,32,0.5341179440001724,54.583365177000815,912.9478805000035,0.00011794073361670598,1.0,1.0,1.0,1.0,1.272888888888889e-05,1.21875,0.0,2.0,hard|medium|easy
test,0,7,103,32,0.5331385919998866,55.11715409200406,913.4816691550004,0.00012627593241631985,1.0,1.0,1.0,1.0,1.2722962962962963e-05,1.09375,0.0,2.0,hard|medium|easy
test,0,7,104,32,0.534132168002543,55.65187155500462,914.0163866369985,9.99805488390848e-05,1.0,1.0,1.0,1.0,1.2717037037037039e-05,1.1875,0.0,2.0,hard|medium|easy
test,0,7,105,32,0.5329190640040906,56.18537215100514,914.5498872570024,0.00010922065121121705,1.0,1.0,1.0,1.0,1.2711111111111112e-05,0.9375,0.0,2.0,hard|medium|easy
test,0,7,106,32,0.5328225000048405,56.718817453001975,915.0833326190041,0.00011647996143437922,1.0,1.0,1.0,1.0,1.2705185185185188e-05,1.15625,0.0,2.0,easy|medium|hard
test,0,7,107,32,0.533569721999811,57.25299281600019,915.6175078829983,0.00014311622362583876,1.0,1.0,1.0,1.0,1.269925925925926e-05,1.0625,0.0,2.0,hard|medium|easy
test,0,7,108,32,0.5331251239986159,57.786700169999676,916.15121525,9.78171156020835e-05,1.0,1.0,1.0,1.0,1.2693333333333336e-05,1.15625,0.0,2.0,medium|hard|easy
test,0,7,109,32,0.5327943619995494,58.32010160000209,916.6846167980038,0.00011880545935127884,1.0,1.0,1.0,1.0,1.2687407407407409e-05,1.03125,0.0,2.0,easy|hard|medium
test,0,7,110,32,0.5336147070047446,58.85426839400316,917.2187835000004,0.00012722455721814185,1.0,1.0,1.0,1.0,1.2681481481481483e-05,0.875,0.0,2.0,medium|hard|easy
test,0,7,111,32,0.53321578699979,59.388048239001364,917.7525633339974,0.0001553724578116089,1.0,1.0,1.0,1.0,1.2675555555555557e-05,0.84375,0.0,2.0,hard|medium|easy
test,0,7,112,32,0.5323088069999358,59.920935246002045,918.2854503210037,0.00010068545816466212,1.0,1.0,1.0,1.0,1.2669629629629631e-05,1.0,0.0,2.0,hard|easy|medium
test,0,7,113,32,0.5337258720028331,60.455215528003464,918.8197308509989,9.836060053203255e-05,1.0,1.0,1.0,1.0,1.2663703703703704e-05,0.84375,0.0,2.0,easy|medium|hard
test,0,7,114,32,0.5333230030009872,60.98912733200268,919.3536424039994,8.978262485470623e-05,1.0,1.0,1.0,1.0,1.2657777777777778e-05,1.03125,0.0,2.0,medium|easy|hard
test,0,7,115,32,0.5326696229967638,61.52232928300509,919.8868443739993,9.511917596682906e-05,1.0,1.0,1.0,1.0,1.2651851851851852e-05,1.03125,0.0,2.0,easy|medium|hard
test,0,7,116,32,0.5345285069997772,62.057395030002226,920.4219101060007,0.0001154192432295531,1.0,1.0,1.0,1.0,1.2645925925925927e-05,0.875,0.0,2.0,hard|easy|medium
test,0,7,117,32,0.5326833210056066,62.590716354003234,920.9552314660032,9.911340021062642e-05,1.0,1.0,1.0,1.0,1.2640000000000001e-05,1.03125,0.0,2.0,hard|medium|easy
test,0,7,118,32,0.5324167840008158,63.1237166350038,921.4882317119991,9.175304876407608e-05,1.0,1.0,1.0,1.0,1.2634074074074074e-05,1.1875,0.0,2.0,easy|hard|medium
test,0,7,119,32,0.5341023379951366,63.658367203002854,922.0228822930003,0.00010624098649714142,1.0,1.0,1.0,1.0,1.262814814814815e-05,1.0625,0.0,2.0,hard|medium|easy
test,0,7,120,32,0.533177204997628,64.19221214199933,922.5567272190019,0.00013593683252111077,1.0,1.0,1.0,1.0,1.2622222222222222e-05,0.6875,0.0,2.0,hard|easy|medium
test,0,7,121,32,0.5342361829971196,64.72695708199899,923.0914721520021,0.00012456561671569943,1.0,1.0,1.0,1.0,1.2616296296296298e-05,1.15625,0.0,2.0,easy|medium|hard
test,0,7,122,32,0.5340308470040327,65.26149916899885,923.6260142520041,9.057598072104156e-05,1.0,1.0,1.0,1.0,1.261037037037037e-05,1.15625,0.0,2.0,easy|hard|medium
test,0,7,123,32,0.5333111979998648,65.7953861950009,924.1599012899969,0.14972937107086182,0.9736842105263157,0.96875,0.9642857142857143,0.967967967967968,1.2604444444444446e-05,1.3125,0.0,2.0,hard|easy|medium
test,0,7,124,32,0.5339196830027504,66.32987973100535,924.6943948379994,0.00010228148312307894,1.0,1.0,1.0,1.0,1.2598518518518519e-05,1.125,0.0,2.0,medium|easy|hard
test,0,7,125,32,0.5329811109986622,66.86345744199934,925.2279725350018,0.00010213743371423334,1.0,1.0,1.0,1.0,1.2592592592592593e-05,1.03125,0.0,2.0,hard|medium|easy
test,0,7,126,32,0.5343086650027544,67.39834823000274,925.7628633190034,0.0001076567787094973,1.0,1.0,1.0,1.0,1.2586666666666668e-05,1.0625,0.0,2.0,medium|hard|easy
test,0,7,127,32,0.5340174770026351,67.93292982200364,926.2974449100002,0.00010790118540171534,1.0,1.0,1.0,1.0,1.2580740740740742e-05,0.96875,0.0,2.0,medium|easy|hard
test,0,7,128,32,0.5329723009999725,68.46644442900288,926.8309594989987,9.935109119396657e-05,1.0,1.0,1.0,1.0,1.2574814814814816e-05,1.0,0.0,2.0,medium|easy|hard
test,0,7,129,32,0.5329303889957373,68.999977477004,927.3644929290022,0.00015485050971619785,1.0,1.0,1.0,1.0,1.256888888888889e-05,1.09375,0.0,2.0,medium|hard|easy
test,0,7,130,32,0.5341136979986914,69.53461307500402,927.8991281790004,0.00033933567465282977,1.0,1.0,1.0,1.0,1.2562962962962963e-05,0.96875,0.0,2.0,easy|medium|hard
test,0,7,131,32,0.5337085639985162,70.06888466900273,928.4333997639988,8.797959890216589e-05,1.0,1.0,1.0,1.0,1.2557037037037039e-05,1.09375,0.0,2.0,medium|easy|hard
test,0,7,132,32,0.5329217260004953,70.60240295500262,928.9669180310011,9.514643898000941e-05,1.0,1.0,1.0,1.0,1.2551111111111111e-05,1.0,0.0,2.0,medium|easy|hard
test,0,7,133,32,0.5338689530035481,71.13679689999844,929.5013120139993,8.642251486890018e-05,1.0,1.0,1.0,1.0,1.2545185185185187e-05,1.1875,0.0,2.0,easy|medium|hard
test,0,7,134,32,0.5334068049996858,71.6707795609982,930.0352946150015,8.840816735755652e-05,1.0,1.0,1.0,1.0,1.253925925925926e-05,0.96875,0.0,2.0,easy|hard|medium
test,0,7,135,32,0.5324653300049249,72.20381586200529,930.5683309660017,0.0001105687624658458,1.0,1.0,1.0,1.0,1.2533333333333336e-05,0.90625,0.0,2.0,hard|medium|easy
test,0,7,136,32,0.534114818998205,72.7384678160015,931.102982907003,0.00011331404675729573,1.0,1.0,1.0,1.0,1.2527407407407408e-05,1.03125,0.0,2.0,easy|hard|medium
test,0,7,137,32,0.5334295040011057,73.2724618650027,931.6369769770026,0.00013713704538531601,1.0,1.0,1.0,1.0,1.2521481481481483e-05,0.875,0.0,2.0,easy|medium|hard
test,0,7,138,32,0.5329694430038217,73.80596001999947,932.1704751249999,0.00010633662168402225,1.0,1.0,1.0,1.0,1.2515555555555557e-05,1.03125,0.0,2.0,hard|medium|easy
test,0,7,139,32,0.5338845610021963,74.34041022499878,932.7049252970028,0.00012113284901715815,1.0,1.0,1.0,1.0,1.2509629629629631e-05,0.9375,0.0,2.0,easy|hard|medium
test,0,7,140,32,0.5341383659979329,74.875159205003,933.2396743010031,0.00013950810534879565,1.0,1.0,1.0,1.0,1.2503703703703704e-05,0.875,0.0,2.0,hard|easy|medium
test,0,7,141,32,0.532957929004624,75.40871593700285,933.7732310389983,0.0004292736412025988,1.0,1.0,1.0,1.0,1.249777777777778e-05,1.15625,0.0,2.0,hard|easy|medium
test,0,7,142,32,0.5338700360007351,75.94317673300247,934.3076918270017,8.647830691188574e-05,1.0,1.0,1.0,1.0,1.2491851851851852e-05,0.875,0.0,2.0,hard|medium|easy
test,0,7,143,32,0.5333087050021277,76.47699559399916,934.8415106649991,7.499452476622537e-05,1.0,1.0,1.0,1.0,1.2485925925925928e-05,1.0,0.0,2.0,easy|medium|hard
test,0,7,144,32,0.5328590349963633,77.01043143700372,935.3749465470028,0.0001350986713077873,1.0,1.0,1.0,1.0,1.248e-05,1.0625,0.0,2.0,hard|easy|medium
test,0,7,145,32,0.5334257380018244,77.54443163700489,935.9089468050006,0.0004032655560877174,1.0,1.0,1.0,1.0,1.2474074074074073e-05,0.8125,0.0,2.0,medium|easy|hard
test,0,7,146,32,0.5335208000033163,78.07841819200257,936.4429333119988,8.5148771177046e-05,1.0,1.0,1.0,1.0,1.246814814814815e-05,1.15625,0.0,2.0,hard|easy|medium
test,0,7,147,32,0.5326451610017102,78.6116358740037,936.9761509529999,8.204203913919628e-05,1.0,1.0,1.0,1.0,1.2462222222222222e-05,0.9375,0.0,2.0,hard|easy|medium
test,0,7,148,32,0.533405281996238,79.1456432460036,937.5101583470023,9.213129669660702e-05,1.0,1.0,1.0,1.0,1.2456296296296298e-05,1.25,0.0,2.0,hard|medium|easy
test,0,7,149,32,0.5329102729956503,79.67913419000251,938.0436492860026,8.719737525098026e-05,1.0,1.0,1.0,1.0,1.245037037037037e-05,0.96875,0.0,2.0,hard|easy|medium
test,0,7,150,32,0.5327217930025654,80.21241338300024,938.5769284810012,9.951273386832327e-05,1.0,1.0,1.0,1.0,1.2444444444444446e-05,1.09375,0.0,2.0,easy|medium|hard
test,0,7,151,32,0.5335055790055776,80.74637754099967,939.1108926439993,9.190573473460972e-05,1.0,1.0,1.0,1.0,1.2438518518518519e-05,1.09375,0.0,2.0,easy|medium|hard
test,0,7,152,32,0.5330111930015846,81.2799127410035,939.6444278600029,0.00010009908146457747,1.0,1.0,1.0,1.0,1.2432592592592593e-05,0.78125,0.0,2.0,hard|medium|easy
test,0,7,153,32,0.5331190020006034,81.81362754300062,940.1781425840018,0.00018496194388717413,1.0,1.0,1.0,1.0,1.2426666666666667e-05,0.9375,0.0,2.0,hard|medium|easy
test,0,7,154,32,0.533951714001887,82.34814379399904,940.7126588890023,0.0007840117905288935,1.0,1.0,1.0,1.0,1.2420740740740742e-05,1.0,0.0,2.0,hard|medium|easy
test,0,7,155,32,0.5334251450040028,82.8821331959989,941.246648291999,8.379285281989723e-05,1.0,1.0,1.0,1.0,1.2414814814814816e-05,0.96875,0.0,2.0,medium|easy|hard
test,0,7,156,32,0.5325851649977267,83.41525258500042,941.7797676530026,9.518596925772727e-05,1.0,1.0,1.0,1.0,1.240888888888889e-05,0.78125,0.0,2.0,medium|hard|easy
test,0,7,157,32,0.534111966000637,83.94995719099825,942.3144722659999,0.0001432002172805369,1.0,1.0,1.0,1.0,1.2402962962962963e-05,0.78125,0.0,2.0,hard|easy|medium
test,0,7,158,32,0.5337212509984965,84.48421859600057,942.8487337089973,7.503916276618838e-05,1.0,1.0,1.0,1.0,1.2397037037037039e-05,1.09375,0.0,2.0,hard|easy|medium
test,0,7,159,32,0.5331645230035065,85.01793355100381,943.3824486329977,7.897258910816163e-05,1.0,1.0,1.0,1.0,1.2391111111111111e-05,1.0,0.0,2.0,medium|easy|hard
test,0,7,160,32,0.5338606269942829,85.55233402999875,943.9168491460005,8.474239439237863e-05,1.0,1.0,1.0,1.0,1.2385185185185187e-05,0.96875,0.0,2.0,medium|easy|hard
test,0,7,161,32,0.5329829930051346,86.08582591699815,944.4503410129983,8.01571732154116e-05,1.0,1.0,1.0,1.0,1.237925925925926e-05,1.09375,0.0,2.0,hard|easy|medium
test,0,7,162,32,0.5337650129949907,86.62010343300062,944.9846184639973,0.00022004292986821383,1.0,1.0,1.0,1.0,1.2373333333333336e-05,1.125,0.0,2.0,hard|easy|medium
test,0,7,163,32,0.5338812720001442,87.15454159500223,945.5190566700039,0.00012557738227769732,1.0,1.0,1.0,1.0,1.2367407407407408e-05,0.9375,0.0,2.0,easy|medium|hard
test,0,7,164,32,0.533467852998001,87.68859848500142,946.0531135810015,0.18750032782554626,0.9736842105263157,0.96875,0.9642857142857143,0.967967967967968,1.2361481481481483e-05,0.96875,0.0,2.0,medium|hard|easy
test,0,7,165,32,0.5341515950058238,88.22326943399821,946.5877845249997,9.264046093448997e-05,1.0,1.0,1.0,1.0,1.2355555555555557e-05,0.875,0.0,2.0,easy|hard|medium
test,0,7,166,32,0.5336345600007917,88.75749027499842,947.1220053659999,0.0003315384965389967,1.0,1.0,1.0,1.0,1.2349629629629631e-05,1.0,0.0,2.0,easy|medium|hard
test,0,7,167,32,0.5338320480004768,89.29180712700327,947.6563222170007,7.500519859604537e-05,1.0,1.0,1.0,1.0,1.2343703703703704e-05,1.09375,0.0,2.0,medium|easy|hard
test,0,7,168,32,0.5337882230014657,89.82618901399837,948.1907041099985,8.462318510282785e-05,1.0,1.0,1.0,1.0,1.233777777777778e-05,0.9375,0.0,2.0,easy|hard|medium
test,0,7,169,32,0.5333678960014367,90.35999496700242,948.724510041,8.621356391813606e-05,1.0,1.0,1.0,1.0,1.2331851851851852e-05,1.15625,0.0,2.0,medium|easy|hard
test,0,7,170,32,0.5329044480022276,90.89335451200168,949.2578696100027,0.00014661446039099246,1.0,1.0,1.0,1.0,1.2325925925925928e-05,1.0,0.0,2.0,easy|hard|medium
test,0,7,171,32,0.534108047002519,91.42799355800526,949.7925086250034,8.419103687629104e-05,1.0,1.0,1.0,1.0,1.232e-05,1.03125,0.0,2.0,hard|medium|easy
test,0,7,172,32,0.5328685409986065,91.9614496130016,950.3259647049999,0.00016299464914482087,1.0,1.0,1.0,1.0,1.2314074074074077e-05,0.96875,0.0,2.0,medium|hard|easy
test,0,7,173,32,0.5323016280017328,92.49434905700036,950.8588641699971,7.373544212896377e-05,1.0,1.0,1.0,1.0,1.2308148148148149e-05,1.0625,0.0,2.0,hard|medium|easy
test,0,7,174,32,0.5347028370015323,93.02961097400112,951.3941260529973,8.367333794012666e-05,1.0,1.0,1.0,1.0,1.2302222222222225e-05,0.875,0.0,2.0,hard|medium|easy
test,0,7,175,32,0.5334796290044324,93.5637224029997,951.9282374899994,7.842519698897377e-05,1.0,1.0,1.0,1.0,1.2296296296296298e-05,1.03125,0.0,2.0,hard|easy|medium
test,0,7,176,32,0.5325104459989234,94.09681746899878,952.4613325570026,0.00012749653251376003,1.0,1.0,1.0,1.0,1.229037037037037e-05,1.21875,0.0,2.0,medium|easy|hard
test,0,7,177,32,0.5339973880036268,94.63133155900141,952.995846646998,9.304760897066444e-05,1.0,1.0,1.0,1.0,1.2284444444444446e-05,0.96875,0.0,2.0,medium|hard|easy
test,0,7,178,32,0.5338702110020677,95.16572693700437,953.530242038003,0.00010987046698573977,1.0,1.0,1.0,1.0,1.2278518518518519e-05,1.03125,0.0,2.0,medium|easy|hard
test,0,7,179,32,0.5333392769971397,95.69966079400183,954.0641758780039,0.00026485908892937005,1.0,1.0,1.0,1.0,1.2272592592592593e-05,0.875,0.0,2.0,easy|hard|medium
test,0,7,180,32,0.5337762510025641,96.2340142030007,954.5985292819969,0.00010801075404742733,1.0,1.0,1.0,1.0,1.2266666666666667e-05,1.125,0.0,2.0,hard|easy|medium
test,0,7,181,32,0.5334164469968528,96.76798294800392,955.132498044004,8.391158189624548e-05,1.0,1.0,1.0,1.0,1.2260740740740741e-05,0.875,0.0,2.0,easy|medium|hard
test,0,7,182,32,0.5324711659995955,97.30100669900276,955.6655217759981,7.872673450037837e-05,1.0,1.0,1.0,1.0,1.2254814814814816e-05,0.9375,0.0,2.0,medium|easy|hard
test,0,7,183,32,0.534092337002221,97.83565519900003,956.2001703010028,0.00014055182691663504,1.0,1.0,1.0,1.0,1.224888888888889e-05,0.96875,0.0,2.0,easy|hard|medium
test,0,7,184,32,0.5336182469982305,98.36987076899823,956.7343858660024,6.640837818849832e-05,1.0,1.0,1.0,1.0,1.2242962962962963e-05,1.1875,0.0,2.0,easy|medium|hard
test,0,7,185,32,0.532254499004921,98.90272345099947,957.267238553999,7.331072993110865e-05,1.0,1.0,1.0,1.0,1.2237037037037039e-05,0.90625,0.0,2.0,medium|hard|easy
test,0,7,186,32,0.5342389259967604,99.43751293600508,957.8020283340011,0.00033655029255896807,1.0,1.0,1.0,1.0,1.2231111111111111e-05,1.03125,0.0,2.0,easy|hard|medium
test,0,7,187,32,0.5328932219999842,99.97104970700457,958.3355647779972,7.463678775820881e-05,1.0,1.0,1.0,1.0,1.2225185185185187e-05,0.75,0.0,2.0,medium|easy|hard
test,0,7,188,32,0.5331177979969652,100.5046621280053,958.8691772120001,7.567989086965099e-05,1.0,1.0,1.0,1.0,1.221925925925926e-05,0.9375,0.0,2.0,hard|medium|easy
test,0,7,189,32,0.5334771019988693,101.03869964399928,959.403214760001,7.631603511981666e-05,1.0,1.0,1.0,1.0,1.2213333333333336e-05,1.0625,0.0,2.0,easy|medium|hard
test,0,7,190,32,0.5334490609966451,101.57276175700099,959.9372768649991,0.2102378010749817,0.975,0.96875,0.9615384615384616,0.9671794871794872,1.2207407407407408e-05,0.875,0.0,2.0,hard|medium|easy
test,0,7,191,32,0.5328179089992773,102.106105578001,960.4706206909977,0.0001409091055393219,1.0,1.0,1.0,1.0,1.2201481481481482e-05,1.03125,0.0,2.0,hard|medium|easy
test,0,7,192,32,0.5340815730014583,102.64077155200357,961.0052866510014,8.63216191646643e-05,1.0,1.0,1.0,1.0,1.2195555555555557e-05,1.15625,0.0,2.0,easy|hard|medium
test,0,7,193,32,0.5337557720049517,103.17514105900045,961.5396561259986,7.209241448435932e-05,1.0,1.0,1.0,1.0,1.2189629629629631e-05,0.96875,0.0,2.0,easy|hard|medium
test,0,7,194,32,0.5325562200014247,103.70826782299991,962.0727829059979,7.449871918652207e-05,1.0,1.0,1.0,1.0,1.2183703703703703e-05,1.0,0.0,2.0,medium|easy|hard
test,0,7,195,32,0.5346645239987993,104.24342718200205,962.6079422559997,7.670388731639832e-05,1.0,1.0,1.0,1.0,1.217777777777778e-05,0.96875,0.0,2.0,easy|medium|hard
test,0,7,196,32,0.5330057000028319,104.77708403300494,963.1415991219983,7.6845615694765e-05,1.0,1.0,1.0,1.0,1.2171851851851852e-05,1.1875,0.0,2.0,hard|easy|medium
test,0,7,197,32,0.5327922199940076,105.31046159700054,963.674976768998,8.063346467679366e-05,1.0,1.0,1.0,1.0,1.2165925925925928e-05,1.0625,0.0,2.0,medium|hard|easy
test,0,7,198,32,0.5342754080047598,105.8453308169992,964.2098462510039,8.080843690549955e-05,1.0,1.0,1.0,1.0,1.216e-05,0.75,0.0,2.0,easy|hard|medium
test,0,7,199,32,0.5332456859978265,106.37912228800269,964.743637394,7.262914004968479e-05,1.0,1.0,1.0,1.0,1.2154074074074076e-05,1.03125,0.0,2.0,medium|hard|easy
test,0,7,200,32,0.534028424997814,106.9136744780044,965.2781895869994,7.791103416820988e-05,1.0,1.0,1.0,1.0,1.2148148148148149e-05,0.90625,0.0,2.0,easy|medium|hard
test,0,7,201,32,0.5343043640023097,107.44853696800419,965.8130520440027,7.750489749014378e-05,1.0,1.0,1.0,1.0,1.2142222222222225e-05,1.09375,0.0,2.0,hard|easy|medium
test,0,7,202,32,0.5329934299952583,107.9821607230042,966.3466758290015,7.284509774763137e-05,1.0,1.0,1.0,1.0,1.2136296296296297e-05,1.09375,0.0,2.0,hard|medium|easy
test,0,7,203,32,0.5337763700008509,108.51654187100212,966.8810571670037,7.19696981832385e-05,1.0,1.0,1.0,1.0,1.2130370370370372e-05,0.90625,0.0,2.0,medium|easy|hard
test,0,7,204,32,0.5337012529998901,109.0508567440047,967.415371821,7.820147584425285e-05,1.0,1.0,1.0,1.0,1.2124444444444446e-05,1.0,0.0,2.0,medium|hard|easy
test,0,7,205,32,0.5330081669962965,109.58448468000279,967.9489997830024,6.965281500015408e-05,1.0,1.0,1.0,1.0,1.211851851851852e-05,1.03125,0.0,2.0,easy|medium|hard
test,0,7,206,32,0.5342528639957891,110.11919674299861,968.4837119509975,8.187336788978428e-05,1.0,1.0,1.0,1.0,1.2112592592592593e-05,1.0625,0.0,2.0,medium|hard|easy
test,0,7,207,32,0.5333685009973124,110.6531521010038,969.01766718,0.0001625987351872027,1.0,1.0,1.0,1.0,1.2106666666666667e-05,0.8125,0.0,2.0,medium|hard|easy
test,0,7,208,32,0.533210435998626,111.1868712170035,969.5513863110027,9.797814709600061e-05,1.0,1.0,1.0,1.0,1.2100740740740741e-05,0.96875,0.0,2.0,medium|easy|hard
test,0,7,209,32,0.5340220549987862,111.7214254290011,970.0859406029995,8.277945744339377e-05,1.0,1.0,1.0,1.0,1.2094814814814816e-05,0.84375,0.0,2.0,easy|medium|hard
test,0,7,210,32,0.5332568140001968,112.25529176599957,970.6198068550002,0.2581307888031006,0.9722222222222222,0.96875,0.9666666666666667,0.9684729064039409,1.208888888888889e-05,0.9375,0.0,2.0,hard|easy|medium
test,0,7,211,32,0.5325326940001105,112.78837680099969,971.1528918339973,7.043885125312954e-05,1.0,1.0,1.0,1.0,1.2082962962962962e-05,1.0,0.0,2.0,hard|easy|medium
test,0,7,212,32,0.5342917349989875,113.32322702600504,971.687742135,0.015445582568645477,1.0,1.0,1.0,1.0,1.2077037037037038e-05,1.125,0.0,2.0,hard|easy|medium
test,0,7,213,32,0.5329210349955247,113.8567604130003,972.2212755349974,7.874133007135242e-05,1.0,1.0,1.0,1.0,1.2071111111111111e-05,0.5625,0.0,2.0,hard|easy|medium
test,0,7,214,32,0.5328677900033654,114.39018465299887,972.7546997340032,9.330786269856617e-05,1.0,1.0,1.0,1.0,1.2065185185185187e-05,0.78125,0.0,2.0,easy|hard|medium
test,0,7,215,32,0.5347904400041443,114.92559726200125,973.2901126650031,7.131034362828359e-05,1.0,1.0,1.0,1.0,1.205925925925926e-05,1.0,0.0,2.0,hard|medium|easy
test,0,7,216,32,0.533945595001569,115.46005497399892,973.8245700449988,0.1742778867483139,0.9722222222222222,0.96875,0.9666666666666667,0.9684729064039409,1.2053333333333335e-05,1.125,0.0,2.0,medium|easy|hard
test,0,7,217,32,0.5328135040035704,115.99346469900047,974.357979776003,0.00021635259327013046,1.0,1.0,1.0,1.0,1.2047407407407408e-05,0.875,0.0,2.0,hard|easy|medium
test,0,7,218,32,0.5340001199947437,116.52791007400083,974.8924251790013,7.078888302203268e-05,1.0,1.0,1.0,1.0,1.2041481481481482e-05,1.03125,0.0,2.0,medium|easy|hard
test,0,7,219,32,0.5344197469967185,117.06279961200198,975.4273147040003,0.00015020287537481636,1.0,1.0,1.0,1.0,1.2035555555555556e-05,1.03125,0.0,2.0,medium|hard|easy
test,0,7,220,32,0.5329477499981294,117.59633399300219,975.9608490649989,7.753491081530228e-05,1.0,1.0,1.0,1.0,1.202962962962963e-05,0.96875,0.0,2.0,medium|easy|hard
test,0,7,221,32,0.5336005619974458,118.13052860600146,976.4950436889994,0.00013262363791000098,1.0,1.0,1.0,1.0,1.2023703703703703e-05,1.03125,0.0,2.0,easy|hard|medium
test,0,7,222,32,0.5333683210046729,118.6643754129982,977.0288905069974,8.584440365666524e-05,1.0,1.0,1.0,1.0,1.201777777777778e-05,1.0625,0.0,2.0,hard|easy|medium
test,0,7,223,32,0.5332605579969822,119.19815362399822,977.5626687160038,9.982280607800931e-05,1.0,1.0,1.0,1.0,1.2011851851851852e-05,1.15625,0.0,2.0,easy|medium|hard
test,0,7,224,32,0.5334091309996438,119.73215389800316,978.0966689959969,0.001009663101285696,1.0,1.0,1.0,1.0,1.2005925925925928e-05,0.96875,0.0,2.0,hard|easy|medium
test,0,7,225,32,0.5339596269986941,120.26670318900142,978.631218303999,0.00010467036918271333,1.0,1.0,1.0,1.0,1.2e-05,0.90625,0.0,2.0,easy|medium|hard
test,0,7,226,32,0.5328931680051028,120.8001834759998,979.164698544002,0.0001082965754903853,1.0,1.0,1.0,1.0,1.1994074074074076e-05,1.1875,0.0,2.0,medium|hard|easy
test,0,7,227,32,0.5336247560044285,121.33437579900055,979.6988908850035,0.00010977617057505995,1.0,1.0,1.0,1.0,1.1988148148148149e-05,0.875,0.0,2.0,medium|easy|hard
test,0,7,228,32,0.5326524409974809,121.86762818300485,980.2321432649987,8.540922135580331e-05,1.0,1.0,1.0,1.0,1.1982222222222225e-05,0.78125,0.0,2.0,hard|medium|easy
test,0,7,229,32,0.5322818370041205,122.40049084200291,980.7650059750013,7.636129157617688e-05,1.0,1.0,1.0,1.0,1.1976296296296297e-05,0.96875,0.0,2.0,easy|hard|medium
test,0,7,230,32,0.5330665079964092,122.9342193199991,981.2987344110006,8.480191172566265e-05,1.0,1.0,1.0,1.0,1.1970370370370372e-05,0.84375,0.0,2.0,medium|easy|hard
test,0,7,231,32,0.5330365629997686,123.46779667200462,981.8323117480031,7.550081500085071e-05,1.0,1.0,1.0,1.0,1.1964444444444446e-05,1.09375,0.0,2.0,easy|hard|medium
test,0,7,232,32,0.5326105810017907,124.00102022200008,982.365535304998,9.197663166560233e-05,1.0,1.0,1.0,1.0,1.195851851851852e-05,1.125,0.0,2.0,hard|easy|medium
test,0,7,233,32,0.53388981900207,124.53546344300412,982.8999788220026,8.04044830147177e-05,1.0,1.0,1.0,1.0,1.1952592592592593e-05,0.8125,0.0,2.0,medium|hard|easy
test,0,7,234,32,0.5338160309984232,125.0698062740048,983.4343213460015,7.694222585996613e-05,1.0,1.0,1.0,1.0,1.1946666666666669e-05,1.0625,0.0,2.0,hard|medium|easy
test,0,7,235,32,0.5323495600023307,125.60277285600023,983.9672879600039,8.679029269842431e-05,1.0,1.0,1.0,1.0,1.1940740740740741e-05,1.4375,0.0,2.0,medium|hard|easy
test,0,7,236,32,0.5339565079993918,126.13731103399914,984.5018261310033,8.037200313992798e-05,1.0,1.0,1.0,1.0,1.1934814814814817e-05,1.0,0.0,2.0,easy|medium|hard
test,0,7,237,32,0.5330198730007396,126.67090653000196,985.0354216229971,0.2742187976837158,0.975,0.96875,0.9615384615384616,0.9671794871794872,1.192888888888889e-05,0.71875,0.0,2.0,easy|hard|medium
test,0,7,238,32,0.5325533010036452,127.20395922700118,985.5684743219972,8.445093408226967e-05,1.0,1.0,1.0,1.0,1.1922962962962962e-05,1.0625,0.0,2.0,hard|easy|medium
test,0,7,239,32,0.5337091769979452,127.73830304400326,986.1028181459988,7.237846148200333e-05,1.0,1.0,1.0,1.0,1.1917037037037038e-05,1.09375,0.0,2.0,medium|hard|easy
test,0,7,240,32,0.533083529000578,128.27185535600438,986.6363704460018,7.289713539648801e-05,1.0,1.0,1.0,1.0,1.191111111111111e-05,0.9375,0.0,2.0,easy|hard|medium
test,0,7,241,32,0.533845147001557,128.80630827900313,987.170823350003,0.00014183580060489476,1.0,1.0,1.0,1.0,1.1905185185185187e-05,1.0,0.0,2.0,hard|medium|easy
test,0,7,242,32,0.5334278459995403,129.34027152800263,987.7047866260036,9.484000474913046e-05,1.0,1.0,1.0,1.0,1.189925925925926e-05,0.90625,0.0,2.0,medium|hard|easy
test,0,7,243,32,0.5328203949975432,129.87360872000136,988.2381238140006,0.0001285506587009877,1.0,1.0,1.0,1.0,1.1893333333333335e-05,1.125,0.0,2.0,easy|hard|medium
test,0,7,244,32,0.533359262997692,130.40750152200053,988.7720166180006,7.785124762449414e-05,1.0,1.0,1.0,1.0,1.1887407407407408e-05,1.0625,0.0,2.0,medium|hard|easy
test,0,7,245,32,0.5331085459984024,130.94125561100373,989.305770701998,7.259559788508341e-05,1.0,1.0,1.0,1.0,1.1881481481481482e-05,0.8125,0.0,2.0,hard|medium|easy
test,0,7,246,32,0.5328449809967424,131.47464912300347,989.839164199002,7.335926056839526e-05,1.0,1.0,1.0,1.0,1.1875555555555556e-05,1.03125,0.0,2.0,medium|easy|hard
test,0,7,247,32,0.5342707960007829,132.00970027800213,990.3742153139974,8.284526120405644e-05,1.0,1.0,1.0,1.0,1.186962962962963e-05,0.9375,0.0,2.0,medium|easy|hard
test,0,7,248,32,0.5332556189969182,132.5433891950015,990.9079042880039,8.051106124185026e-05,1.0,1.0,1.0,1.0,1.1863703703703703e-05,0.8125,0.0,2.0,medium|easy|hard
test,0,7,249,32,0.5329716109990841,133.07685965800192,991.4413747580038,8.594832615926862e-05,1.0,1.0,1.0,1.0,1.1857777777777779e-05,1.21875,0.0,2.0,hard|easy|medium
test,0,7,250,32,0.5335093329995289,133.61083565399895,991.9753507619971,8.818745845928788e-05,1.0,1.0,1.0,1.0,1.1851851851851852e-05,1.0625,0.0,2.0,easy|hard|medium
test,0,8,1,32,0.533864604003611,0.6204724170020199,1002.5122180399994,7.922966324258596e-05,1.0,1.0,1.0,1.0,1.1845925925925928e-05,0.96875,0.0,2.0,easy|medium|hard
test,0,8,2,32,0.5328204129982623,1.1539893459994346,1003.0457329700002,8.45589893287979e-05,1.0,1.0,1.0,1.0,1.184e-05,0.625,0.0,2.0,easy|medium|hard
test,0,8,3,32,0.534565964997455,1.6891048190009315,1003.5808487609975,0.00011046911095036194,1.0,1.0,1.0,1.0,1.1834074074074076e-05,1.03125,0.0,2.0,easy|hard|medium
test,0,8,4,32,0.5338215579977259,2.223521995001647,1004.1152656280028,7.692394137848169e-05,1.0,1.0,1.0,1.0,1.1828148148148149e-05,1.0,0.0,2.0,hard|easy|medium
test,0,8,5,32,0.5327674799991655,2.756892125005834,1004.6486357530011,7.549743168056011e-05,1.0,1.0,1.0,1.0,1.1822222222222225e-05,1.0,0.0,2.0,easy|hard|medium
test,0,8,6,32,0.5337397300027078,3.2912761620027595,1005.1830197910022,8.109587361104786e-05,1.0,1.0,1.0,1.0,1.1816296296296297e-05,1.125,0.0,2.0,hard|easy|medium
test,0,8,7,32,0.5329672419975395,3.824875156999042,1005.7166187719995,9.410623897565529e-05,1.0,1.0,1.0,1.0,1.1810370370370371e-05,0.875,0.0,2.0,easy|medium|hard
test,0,8,8,32,0.5330408480003825,4.358567041002971,1006.2503107180019,0.0015535957645624876,1.0,1.0,1.0,1.0,1.1804444444444446e-05,0.875,0.0,2.0,hard|medium|easy
test,0,8,9,32,0.5342547289983486,4.893384533002973,1006.7851281330004,0.00010521098010940477,1.0,1.0,1.0,1.0,1.179851851851852e-05,1.15625,0.0,2.0,easy|medium|hard
test,0,8,10,32,0.5327933590015164,5.4267721159994835,1007.3185157659973,8.567747136112303e-05,1.0,1.0,1.0,1.0,1.1792592592592592e-05,0.65625,0.0,2.0,easy|medium|hard
test,0,8,11,32,0.5331215100013651,5.960404684999958,1007.8521483020013,7.505028770538047e-05,1.0,1.0,1.0,1.0,1.1786666666666668e-05,0.9375,0.0,2.0,hard|easy|medium
test,0,8,12,32,0.5336809520013048,6.494672263004759,1008.3864159529985,0.3409740626811981,0.95,0.9375,0.9285714285714286,0.9352226720647774,1.1780740740740741e-05,0.8125,0.0,2.0,medium|easy|hard
test,0,8,13,32,0.5331367230028263,7.028273653006181,1008.9200172530036,7.481189095415175e-05,1.0,1.0,1.0,1.0,1.1774814814814817e-05,0.75,0.0,2.0,easy|medium|hard
test,0,8,14,32,0.532876369994483,7.561665585002629,1009.4534092250033,8.047393930610269e-05,1.0,1.0,1.0,1.0,1.176888888888889e-05,1.03125,0.0,2.0,hard|medium|easy
test,0,8,15,32,0.5330971989969839,8.095325947004312,1009.9870695619975,8.013864862732589e-05,1.0,1.0,1.0,1.0,1.1762962962962965e-05,1.03125,0.0,2.0,hard|easy|medium
test,0,8,16,32,0.5330262549978215,8.62893746500049,1010.5206810820018,8.864155097398907e-05,1.0,1.0,1.0,1.0,1.1757037037037038e-05,0.875,0.0,2.0,medium|hard|easy
test,0,8,17,32,0.5324192209955072,9.161838302003162,1011.0535819319994,0.00014135718811303377,1.0,1.0,1.0,1.0,1.1751111111111112e-05,0.84375,0.0,2.0,easy|hard|medium
test,0,8,18,32,0.5334799949996523,9.695835885999259,1011.5875794879976,0.00011368132254574448,1.0,1.0,1.0,1.0,1.1745185185185187e-05,1.03125,0.0,2.0,easy|hard|medium
test,0,8,19,32,0.5326328110022587,10.228989528004604,1012.1207331460027,0.00012019865971524268,1.0,1.0,1.0,1.0,1.1739259259259259e-05,0.875,0.0,2.0,hard|easy|medium
test,0,8,20,32,0.5328229259976069,10.762354131002212,1012.6540977480036,8.68434362928383e-05,1.0,1.0,1.0,1.0,1.1733333333333335e-05,0.84375,0.0,2.0,easy|hard|medium
test,0,8,21,32,0.5339699900068808,11.2968856410007,1013.188629313001,0.0002392255701124668,1.0,1.0,1.0,1.0,1.1727407407407408e-05,0.84375,0.0,2.0,easy|medium|hard
test,0,8,22,32,0.5332304960029433,11.830672556003265,1013.7224161990016,0.0001464087690692395,1.0,1.0,1.0,1.0,1.1721481481481482e-05,0.84375,0.0,2.0,easy|hard|medium
test,0,8,23,32,0.532695682006306,12.363941241004795,1014.2556848680033,8.425400301348418e-05,1.0,1.0,1.0,1.0,1.1715555555555556e-05,1.15625,0.0,2.0,medium|hard|easy
test,0,8,24,32,0.5336282200005371,12.898105225001927,1014.7898488580031,0.0001257120311493054,1.0,1.0,1.0,1.0,1.170962962962963e-05,1.0625,0.0,2.0,hard|medium|easy
test,0,8,25,32,0.533450109003752,13.432129801003612,1015.3238734580009,9.46682266658172e-05,1.0,1.0,1.0,1.0,1.1703703703703703e-05,0.96875,0.0,2.0,hard|medium|easy
test,0,8,26,32,0.5318093189998763,13.964558318002673,1015.8563019389985,0.00010302729060640559,1.0,1.0,1.0,1.0,1.1697777777777779e-05,1.125,0.0,2.0,hard|medium|easy
test,0,8,27,32,0.5342234150011791,14.499388843003544,1016.3911324650035,0.00010703866428229958,1.0,1.0,1.0,1.0,1.1691851851851851e-05,1.0,0.0,2.0,medium|hard|easy
test,0,8,28,32,0.5329105849959888,15.032898776000366,1016.9246424049998,0.00012731344031635672,1.0,1.0,1.0,1.0,1.1685925925925927e-05,0.8125,0.0,2.0,hard|easy|medium
test,0,8,29,32,0.5323985880022519,15.565848696001922,1017.457592331004,0.00028755099629051983,1.0,1.0,1.0,1.0,1.168e-05,1.09375,0.0,2.0,easy|hard|medium
test,0,8,30,32,0.534490463003749,16.100804147004965,1017.9925478259975,8.247709774877876e-05,1.0,1.0,1.0,1.0,1.1674074074074076e-05,1.21875,0.0,2.0,hard|medium|easy
test,0,8,31,32,0.533234843001992,16.634637338000175,1018.526380962001,9.724141273181885e-05,1.0,1.0,1.0,1.0,1.1668148148148148e-05,0.96875,0.0,2.0,easy|hard|medium
test,0,8,32,32,0.5336462579944055,17.16885017700406,1019.0605938320004,8.516310481354594e-05,1.0,1.0,1.0,1.0,1.1662222222222224e-05,0.8125,0.0,2.0,easy|medium|hard
test,0,8,33,32,0.5339080710036797,17.703225272001873,1019.5949688809997,0.00011384424578864127,1.0,1.0,1.0,1.0,1.1656296296296297e-05,1.09375,0.0,2.0,hard|medium|easy
test,0,8,34,32,0.5327091869985452,18.236527234999812,1020.1282708509971,8.86884008650668e-05,1.0,1.0,1.0,1.0,1.1650370370370371e-05,0.9375,0.0,2.0,easy|hard|medium
test,0,8,35,32,0.5334603560040705,18.770532236005238,1020.6622758640005,0.00028687226586043835,1.0,1.0,1.0,1.0,1.1644444444444446e-05,1.125,0.0,2.0,medium|easy|hard
test,0,8,36,32,0.5326734800037229,19.303768188001413,1021.1955118080004,0.00017102784477174282,1.0,1.0,1.0,1.0,1.163851851851852e-05,0.75,0.0,2.0,easy|medium|hard
test,0,8,37,32,0.5331618220006931,19.83749118600099,1021.7292348219999,0.2295141965150833,0.9782608695652174,0.96875,0.95,0.9625730994152046,1.1632592592592592e-05,1.03125,0.0,2.0,hard|medium|easy
test,0,8,38,32,0.5337089480017312,20.371818871004507,1022.2635624989998,0.00013874523574486375,1.0,1.0,1.0,1.0,1.1626666666666668e-05,0.9375,0.0,2.0,medium|easy|hard
test,0,8,39,32,0.5332242290023714,20.9055674859992,1022.7973111210013,0.00015484701725654304,1.0,1.0,1.0,1.0,1.1620740740740741e-05,1.09375,0.0,2.0,medium|hard|easy
test,0,8,40,32,0.5329292980022728,21.43897872800153,1023.3307223919983,7.786647620378062e-05,1.0,1.0,1.0,1.0,1.1614814814814817e-05,0.875,0.0,2.0,easy|hard|medium
test,0,8,41,32,0.5341486350007472,21.973722166003427,1023.865465791001,6.532800034619868e-05,1.0,1.0,1.0,1.0,1.160888888888889e-05,1.25,0.0,2.0,hard|medium|easy
test,0,8,42,32,0.5333711570056039,22.5076767960054,1024.399420431997,8.898848318494856e-05,1.0,1.0,1.0,1.0,1.1602962962962965e-05,1.09375,0.0,2.0,hard|easy|medium
test,0,8,43,32,0.5324984940016293,23.040688295004657,1024.9324318979998,9.591531124897301e-05,1.0,1.0,1.0,1.0,1.1597037037037038e-05,0.875,0.0,2.0,hard|medium|easy
test,0,8,44,32,0.534377867996227,23.575619545001246,1025.4673631620026,9.635937021812424e-05,1.0,1.0,1.0,1.0,1.1591111111111114e-05,1.1875,0.0,2.0,hard|easy|medium
test,0,8,45,32,0.5335933040041709,24.10978036400047,1026.001523988998,0.00010128953726962209,1.0,1.0,1.0,1.0,1.1585185185185186e-05,1.0625,0.0,2.0,hard|medium|easy
test,0,8,46,32,0.5330134520045249,24.643392656005744,1026.5351363360023,0.0002939765399787575,1.0,1.0,1.0,1.0,1.157925925925926e-05,1.0,0.0,2.0,medium|easy|hard
test,0,8,47,32,0.5342278879979858,25.178117610004847,1027.0698612699998,9.205754031427205e-05,1.0,1.0,1.0,1.0,1.1573333333333335e-05,1.3125,0.0,2.0,easy|hard|medium
test,0,8,48,32,0.5335310640002717,25.71221175300161,1027.6039553899973,7.137330248951912e-05,1.0,1.0,1.0,1.0,1.156740740740741e-05,1.15625,0.0,2.0,hard|easy|medium
test,0,8,49,32,0.5332379749961547,26.246053615002893,1028.1377972269984,7.72476487327367e-05,1.0,1.0,1.0,1.0,1.1561481481481482e-05,1.09375,0.0,2.0,hard|medium|easy
test,0,8,50,32,0.5339938489996712,26.78060770400043,1028.672351344001,7.333644316531718e-05,1.0,1.0,1.0,1.0,1.1555555555555556e-05,1.0,0.0,2.0,medium|hard|easy
test,0,8,51,32,0.5334814119996736,27.314694833999965,1029.2064384440018,6.874769314890727e-05,1.0,1.0,1.0,1.0,1.154962962962963e-05,0.90625,0.0,2.0,easy|hard|medium
test,0,8,52,32,0.5326055600016844,27.847822205003467,1029.7395658210007,8.777786570135504e-05,1.0,1.0,1.0,1.0,1.1543703703703703e-05,1.0,0.0,2.0,easy|medium|hard
test,0,8,53,32,0.5337387559993658,28.382115787004295,1030.2738594160037,6.479544390458614e-05,1.0,1.0,1.0,1.0,1.1537777777777779e-05,1.03125,0.0,2.0,medium|hard|easy
test,0,8,54,32,0.5331819679995533,28.91588813600538,1030.8076317860032,0.27738723158836365,0.96875,0.96875,0.9705882352941176,0.9687194525904204,1.1531851851851851e-05,0.78125,0.0,2.0,medium|hard|easy
test,0,8,55,32,0.5325191160009126,29.448963139002444,1031.340706793002,8.717324817553163e-05,1.0,1.0,1.0,1.0,1.1525925925925927e-05,0.9375,0.0,2.0,medium|hard|easy
test,0,8,56,32,0.5334355580052943,29.98291122000228,1031.8746548790004,8.592676749685779e-05,1.0,1.0,1.0,1.0,1.152e-05,1.21875,0.0,2.0,hard|easy|medium
test,0,8,57,32,0.5331859650032129,30.516713323006115,1032.4084569400002,0.0001655992236919701,1.0,1.0,1.0,1.0,1.1514074074074076e-05,0.96875,0.0,2.0,easy|medium|hard
test,0,8,58,32,0.5326899129941012,31.04998861400236,1032.9417322610025,0.00010671193740563467,1.0,1.0,1.0,1.0,1.1508148148148148e-05,0.96875,0.0,2.0,easy|hard|medium
test,0,8,59,32,0.5338474360032706,31.584408273003646,1033.4761519439999,0.00010375394049333408,1.0,1.0,1.0,1.0,1.1502222222222224e-05,0.9375,0.0,2.0,medium|hard|easy
test,0,8,60,32,0.5337400630014599,32.118751177004015,1034.010494799004,8.556187094654888e-05,1.0,1.0,1.0,1.0,1.1496296296296297e-05,1.0,0.0,2.0,medium|hard|easy
test,0,8,61,32,0.5325912319967756,32.65187910399982,1034.5436227300015,0.00010660993575584143,1.0,1.0,1.0,1.0,1.1490370370370371e-05,1.1875,0.0,2.0,easy|medium|hard
test,0,8,62,32,0.5338007239988656,33.186236067005666,1035.077979925998,0.00015580016770400107,1.0,1.0,1.0,1.0,1.1484444444444445e-05,1.15625,0.0,2.0,medium|hard|easy
test,0,8,63,32,0.5332495820039185,33.72012474800431,1035.6118683910026,8.141944272210822e-05,1.0,1.0,1.0,1.0,1.147851851851852e-05,0.84375,0.0,2.0,hard|medium|easy
test,0,8,64,32,0.5327638519956963,34.253485651999654,1036.145229267997,0.00010223682329524308,1.0,1.0,1.0,1.0,1.1472592592592592e-05,0.90625,0.0,2.0,medium|hard|easy
test,0,8,65,32,0.5333569569993415,34.78741154599993,1036.679155165999,9.464300819672644e-05,1.0,1.0,1.0,1.0,1.1466666666666668e-05,0.78125,0.0,2.0,hard|medium|easy
test,0,8,66,32,0.5325911219988484,35.32063814299909,1037.2123817500033,9.540979226585478e-05,1.0,1.0,1.0,1.0,1.146074074074074e-05,1.0625,0.0,2.0,medium|easy|hard
test,0,8,67,32,0.5324450490006711,35.85356431900436,1037.7453080060004,0.00012610321573447436,1.0,1.0,1.0,1.0,1.1454814814814817e-05,0.96875,0.0,2.0,hard|easy|medium
test,0,8,68,32,0.5336917829990853,36.387913379003294,1038.279657002,0.00011642289609881118,1.0,1.0,1.0,1.0,1.144888888888889e-05,1.15625,0.0,2.0,easy|hard|medium
test,0,8,69,32,0.533222220998141,36.92162991499936,1038.8133735459996,0.00010456552263349295,1.0,1.0,1.0,1.0,1.1442962962962965e-05,0.90625,0.0,2.0,hard|easy|medium
test,0,8,70,32,0.5322206710043247,37.45439891300339,1039.346142522998,0.00010338336869608611,1.0,1.0,1.0,1.0,1.1437037037037038e-05,1.21875,0.0,2.0,hard|medium|easy
test,0,8,71,32,0.5338550719970954,37.988865730003454,1039.880609421998,0.00030565971974283457,1.0,1.0,1.0,1.0,1.1431111111111114e-05,1.0625,0.0,2.0,hard|easy|medium
test,0,8,72,32,0.533531736000441,38.52303647300141,1040.4147800900028,0.00021213715081103146,1.0,1.0,1.0,1.0,1.1425185185185186e-05,0.6875,0.0,2.0,medium|hard|easy
test,0,8,73,32,0.5326621870044619,39.05623513900355,1040.9479788099998,0.0008243796764872968,1.0,1.0,1.0,1.0,1.141925925925926e-05,1.1875,0.0,2.0,easy|medium|hard
test,0,8,74,32,0.5339459370006807,39.590699544001836,1041.482443466004,9.079134906642139e-05,1.0,1.0,1.0,1.0,1.1413333333333335e-05,0.9375,0.0,2.0,medium|easy|hard
test,0,8,75,32,0.5328576839965535,40.12409279500571,1042.015836546001,9.770427277544513e-05,1.0,1.0,1.0,1.0,1.1407407407407409e-05,0.96875,0.0,2.0,easy|medium|hard
test,0,8,76,32,0.5324893869983498,40.657191600999795,1042.5489352229997,0.0009959987364709377,1.0,1.0,1.0,1.0,1.1401481481481482e-05,1.0625,0.0,2.0,medium|hard|easy
test,0,8,77,32,0.5343022390006809,41.19210803100577,1043.0838516970034,0.00010688891052268445,1.0,1.0,1.0,1.0,1.1395555555555558e-05,0.875,0.0,2.0,medium|easy|hard
test,0,8,78,32,0.533414935998735,41.726169336005114,1043.6179129489974,9.241997759090737e-05,1.0,1.0,1.0,1.0,1.138962962962963e-05,0.84375,0.0,2.0,medium|easy|hard
test,0,8,79,32,0.5338320130031207,42.260637396000675,1044.1523811049992,7.615601498400792e-05,1.0,1.0,1.0,1.0,1.1383703703703706e-05,1.03125,0.0,2.0,hard|easy|medium
test,0,8,80,32,0.5340464309992967,42.795213522003905,1044.6869571299976,0.0003615858731791377,1.0,1.0,1.0,1.0,1.1377777777777779e-05,0.875,0.0,2.0,medium|easy|hard
test,0,8,81,32,0.5330467809981201,43.32883804100129,1045.2205816839996,9.091399988392368e-05,1.0,1.0,1.0,1.0,1.1371851851851851e-05,0.9375,0.0,2.0,easy|medium|hard
test,0,8,82,32,0.5337037800054532,43.86308168800315,1045.7548253150017,8.739555778447539e-05,1.0,1.0,1.0,1.0,1.1365925925925927e-05,1.15625,0.0,2.0,medium|hard|easy
test,0,8,83,32,0.533571394997125,44.3972724080013,1046.289016007002,6.757411028956994e-05,1.0,1.0,1.0,1.0,1.136e-05,1.09375,0.0,2.0,hard|medium|easy
test,0,8,84,32,0.5330818779984838,44.930944330000784,1046.8226879360009,7.227864989545196e-05,1.0,1.0,1.0,1.0,1.1354074074074076e-05,1.03125,0.0,2.0,hard|easy|medium
test,0,8,85,32,0.5337578690014197,45.46524782000051,1047.3569914359978,0.00036049701157025993,1.0,1.0,1.0,1.0,1.1348148148148148e-05,0.78125,0.0,2.0,easy|hard|medium
test,0,8,86,32,0.5332953930046642,45.999168730006204,1047.8909123670019,9.787370072444901e-05,1.0,1.0,1.0,1.0,1.1342222222222224e-05,0.96875,0.0,2.0,easy|hard|medium
test,0,8,87,32,0.5330156359996181,46.5327511659998,1048.4244947929983,7.374251435976475e-05,1.0,1.0,1.0,1.0,1.1336296296296297e-05,0.625,0.0,2.0,easy|medium|hard
test,0,8,88,32,0.5339336209945031,47.067135550001694,1048.9588791920032,0.00010597625805530697,1.0,1.0,1.0,1.0,1.1330370370370371e-05,1.09375,0.0,2.0,hard|medium|easy
test,0,8,89,32,0.5336386899944046,47.60142204799922,1049.4931656940025,7.085202378220856e-05,1.0,1.0,1.0,1.0,1.1324444444444445e-05,0.96875,0.0,2.0,hard|medium|easy
test,0,8,90,32,0.5325205379995168,48.13446394300263,1050.0262075619976,9.13417388801463e-05,1.0,1.0,1.0,1.0,1.131851851851852e-05,1.25,0.0,2.0,easy|hard|medium
test,0,8,91,32,0.534256072001881,48.66931648299942,1050.561060371001,7.376470603048801e-05,1.0,1.0,1.0,1.0,1.1312592592592592e-05,1.28125,0.0,2.0,medium|hard|easy
test,0,8,92,32,0.5333391539970762,49.20323290500528,1051.094976567998,0.00013503828085958958,1.0,1.0,1.0,1.0,1.1306666666666668e-05,1.09375,0.0,2.0,hard|easy|medium
test,0,8,93,32,0.5329587859960156,49.73677914700238,1051.628523063002,6.751449836883694e-05,1.0,1.0,1.0,1.0,1.130074074074074e-05,1.0625,0.0,2.0,hard|medium|easy
test,0,8,94,32,0.5341139439988183,50.27140506100113,1052.163148738,7.638365786988288e-05,1.0,1.0,1.0,1.0,1.1294814814814816e-05,0.875,0.0,2.0,medium|easy|hard
test,0,8,95,32,0.5339624269981869,50.80595107400586,1052.6976947700023,0.00010782363824546337,1.0,1.0,1.0,1.0,1.1288888888888889e-05,1.125,0.0,2.0,easy|hard|medium
test,0,8,96,32,0.5329870740024489,51.33957183700113,1053.231315449004,7.548941357526928e-05,1.0,1.0,1.0,1.0,1.1282962962962965e-05,0.8125,0.0,2.0,medium|easy|hard
test,0,8,97,32,0.5342111229983857,51.87441610100359,1053.7661597879996,7.490132702514529e-05,1.0,1.0,1.0,1.0,1.1277037037037038e-05,0.8125,0.0,2.0,medium|hard|easy
test,0,8,98,32,0.5340628600024502,52.40912565900362,1054.3008692860021,0.00014347763499245048,1.0,1.0,1.0,1.0,1.1271111111111113e-05,1.25,0.0,2.0,hard|medium|easy
test,0,8,99,32,0.533485441999801,52.943143083000905,1054.834886700999,5.823194805998355e-05,1.0,1.0,1.0,1.0,1.1265185185185186e-05,1.21875,0.0,2.0,hard|medium|easy
test,0,8,100,32,0.5337256030034041,53.47740686900215,1055.3691505160023,6.931721873115748e-05,1.0,1.0,1.0,1.0,1.125925925925926e-05,1.34375,0.0,2.0,hard|medium|easy
test,0,8,101,32,0.5338372929982143,54.0118596290049,1055.9036032650038,9.712050086818635e-05,1.0,1.0,1.0,1.0,1.1253333333333335e-05,0.84375,0.0,2.0,medium|hard|easy
test,0,8,102,32,0.5333059870026773,54.545770602999255,1056.4375142909994,6.767857121303678e-05,1.0,1.0,1.0,1.0,1.1247407407407409e-05,1.03125,0.0,2.0,hard|medium|easy
test,0,8,103,32,0.5336744529995485,55.080007529002614,1056.9717511819981,6.84085680404678e-05,1.0,1.0,1.0,1.0,1.1241481481481481e-05,0.9375,0.0,2.0,easy|medium|hard
test,0,8,104,32,0.5334561689960537,55.61404844900244,1057.5057920670006,6.535051215905696e-05,1.0,1.0,1.0,1.0,1.1235555555555557e-05,0.96875,0.0,2.0,hard|easy|medium
test,0,8,105,32,0.5325285109938704,56.14715239000361,1058.0388960089986,8.146653999574482e-05,1.0,1.0,1.0,1.0,1.122962962962963e-05,0.90625,0.0,2.0,medium|easy|hard
test,0,8,106,32,0.5338774240008206,56.68159544000082,1058.5733390739988,7.203994027804583e-05,1.0,1.0,1.0,1.0,1.1223703703703706e-05,0.75,0.0,2.0,medium|easy|hard
test,0,8,107,32,0.5329897530027665,57.215146407004795,1059.106890035,6.473583198385313e-05,1.0,1.0,1.0,1.0,1.1217777777777778e-05,0.9375,0.0,2.0,hard|easy|medium
test,0,8,108,32,0.5327225150031154,57.748412234999705,1059.6401559130027,7.51169936847873e-05,1.0,1.0,1.0,1.0,1.1211851851851854e-05,1.125,0.0,2.0,hard|medium|easy
test,0,8,109,32,0.5335729770013131,58.28258527500293,1060.1743288979997,7.073639426380396e-05,1.0,1.0,1.0,1.0,1.1205925925925927e-05,1.15625,0.0,2.0,medium|hard|easy
test,0,8,110,32,0.5332392699929187,58.81640793900442,1060.7081515940008,7.052026921883225e-05,1.0,1.0,1.0,1.0,1.1200000000000001e-05,0.84375,0.0,2.0,easy|hard|medium
test,0,8,111,32,0.5320991669941577,59.34907671300607,1061.2408203410014,9.094279812416062e-05,1.0,1.0,1.0,1.0,1.1194074074074075e-05,1.15625,0.0,2.0,hard|easy|medium
test,0,8,112,32,0.5337525389986695,59.88335429900326,1061.7750980100027,7.690872007515281e-05,1.0,1.0,1.0,1.0,1.1188148148148148e-05,0.875,0.0,2.0,hard|easy|medium
test,0,8,113,32,0.5330678070022259,60.41703781999968,1062.3087817470005,7.375662971753627e-05,1.0,1.0,1.0,1.0,1.1182222222222224e-05,0.8125,0.0,2.0,medium|easy|hard
test,0,8,114,32,0.5341887019967544,60.95179634500528,1062.843540198999,6.900822336319834e-05,1.0,1.0,1.0,1.0,1.1176296296296297e-05,1.09375,0.0,2.0,easy|hard|medium
test,0,8,115,32,0.5353631000034511,61.48800785700587,1063.3797515309998,6.196348113007843e-05,1.0,1.0,1.0,1.0,1.117037037037037e-05,0.78125,0.0,2.0,easy|medium|hard
test,0,8,116,32,0.5334068090014625,62.021998912001436,1063.9137426000016,6.904935435159132e-05,1.0,1.0,1.0,1.0,1.1164444444444445e-05,1.28125,0.0,2.0,medium|hard|easy
test,0,8,117,32,0.5335910329959006,62.556148174000555,1064.4478918820023,0.00010531963198445737,1.0,1.0,1.0,1.0,1.115851851851852e-05,0.96875,0.0,2.0,medium|easy|hard
test,0,8,118,32,0.5336603989999276,63.09049140800198,1064.9822353920026,6.312288314802572e-05,1.0,1.0,1.0,1.0,1.1152592592592592e-05,1.21875,0.0,2.0,medium|hard|easy
test,0,8,119,32,0.5339725349986111,63.6250329520044,1065.5167766340019,6.571543781319633e-05,1.0,1.0,1.0,1.0,1.1146666666666668e-05,1.03125,0.0,2.0,medium|easy|hard
test,0,8,120,32,0.5338461690043914,64.1594733430029,1066.051217000997,9.638126357458532e-05,1.0,1.0,1.0,1.0,1.114074074074074e-05,1.0,0.0,2.0,easy|hard|medium
test,0,8,121,32,0.5335127039943472,64.6935057830051,1066.5852494270002,6.37635966995731e-05,1.0,1.0,1.0,1.0,1.1134814814814816e-05,1.125,0.0,2.0,hard|medium|easy
test,0,8,122,32,0.5328871910023736,65.22696825200546,1067.1187118849994,7.284057210199535e-05,1.0,1.0,1.0,1.0,1.1128888888888889e-05,1.0,0.0,2.0,hard|medium|easy
test,0,8,123,32,0.5338201120030135,65.76136938000127,1067.6531130000003,8.065457222983241e-05,1.0,1.0,1.0,1.0,1.1122962962962965e-05,1.125,0.0,2.0,hard|medium|easy
test,0,8,124,32,0.533042426002794,66.29500579900196,1068.1867494510007,8.944041474023834e-05,1.0,1.0,1.0,1.0,1.1117037037037037e-05,1.25,0.0,2.0,medium|hard|easy
test,0,8,125,32,0.5326142190024257,66.82817794400034,1068.7199215900037,6.097724326536991e-05,1.0,1.0,1.0,1.0,1.1111111111111113e-05,1.125,0.0,2.0,medium|hard|easy
test,0,8,126,32,0.5338931380028953,67.36272174000624,1069.2544654919984,6.770075560780242e-05,1.0,1.0,1.0,1.0,1.1105185185185186e-05,1.1875,0.0,2.0,easy|hard|medium
test,0,8,127,32,0.5327200920000905,67.89602558000479,1069.7877692129987,6.656814366579056e-05,1.0,1.0,1.0,1.0,1.109925925925926e-05,0.875,0.0,2.0,easy|medium|hard
test,0,8,128,32,0.5327985410040128,68.42939336600102,1070.321137002,6.413227674784139e-05,1.0,1.0,1.0,1.0,1.1093333333333334e-05,1.21875,0.0,2.0,medium|easy|hard
test,0,8,129,32,0.5339950669949758,68.96397867100313,1070.8557223669995,6.328656309051439e-05,1.0,1.0,1.0,1.0,1.1087407407407409e-05,0.9375,0.0,2.0,medium|hard|easy
test,0,8,130,32,0.5337213420061744,69.49830922000547,1071.3900528599988,6.291789031820372e-05,1.0,1.0,1.0,1.0,1.1081481481481481e-05,1.125,0.0,2.0,easy|hard|medium
test,0,8,131,32,0.5325560440032859,70.03144507600518,1071.9231888590002,6.22696679783985e-05,1.0,1.0,1.0,1.0,1.1075555555555557e-05,0.90625,0.0,2.0,medium|hard|easy
test,0,8,132,32,0.533946058996662,70.56598995800596,1072.457733645002,6.878821295686066e-05,1.0,1.0,1.0,1.0,1.106962962962963e-05,0.8125,0.0,2.0,hard|medium|easy
test,0,8,133,32,0.5335078019998036,71.10005241500039,1072.9917960379971,6.16923498455435e-05,1.0,1.0,1.0,1.0,1.1063703703703706e-05,1.125,0.0,2.0,hard|medium|easy
test,0,8,134,32,0.5328269340025145,71.6334941210007,1073.5252377420038,6.334260979201645e-05,1.0,1.0,1.0,1.0,1.1057777777777778e-05,0.96875,0.0,2.0,hard|easy|medium
test,0,8,135,32,0.534035358003166,72.16800943099952,1074.0597530700034,0.14598563313484192,0.9666666666666667,0.96875,0.9722222222222222,0.9684729064039409,1.1051851851851854e-05,1.0625,0.0,2.0,hard|easy|medium
test,0,8,136,32,0.5334475540003041,72.70205328800512,1074.5937969810038,6.509703234769404e-05,1.0,1.0,1.0,1.0,1.1045925925925927e-05,0.71875,0.0,2.0,easy|hard|medium
test,0,8,137,32,0.5324972990056267,73.23506620999979,1075.1268098880028,6.112239498179406e-05,1.0,1.0,1.0,1.0,1.1040000000000001e-05,1.0,0.0,2.0,hard|easy|medium
test,0,8,138,32,0.5339433479966829,73.76952794200042,1075.6612716119998,0.0064032357186079025,1.0,1.0,1.0,1.0,1.1034074074074075e-05,1.0,0.0,2.0,easy|medium|hard
test,0,8,139,32,0.5338890920029371,74.30393411400291,1076.1956778070016,7.853172428440303e-05,1.0,1.0,1.0,1.0,1.102814814814815e-05,1.0,0.0,2.0,easy|hard|medium
test,0,8,140,32,0.5332507670027553,74.83772486400267,1076.7294685270026,8.69790674187243e-05,1.0,1.0,1.0,1.0,1.1022222222222224e-05,0.84375,0.0,2.0,hard|easy|medium
test,0,8,141,32,0.5337854099998367,75.37209837200498,1077.2638420279982,8.349154086317867e-05,1.0,1.0,1.0,1.0,1.1016296296296298e-05,0.96875,0.0,2.0,hard|easy|medium
test,0,8,142,32,0.5332576630025869,75.90595731900248,1077.797701014999,0.0007829591631889343,1.0,1.0,1.0,1.0,1.101037037037037e-05,1.0,0.0,2.0,hard|medium|easy
test,0,8,143,32,0.5331476659994223,76.4397173690013,1078.3314611430033,7.035912858555093e-05,1.0,1.0,1.0,1.0,1.1004444444444445e-05,1.0625,0.0,2.0,easy|medium|hard
test,0,8,144,32,0.5344080620052409,76.97462360800273,1078.8663672170005,0.00044552292092703283,1.0,1.0,1.0,1.0,1.0998518518518519e-05,1.125,0.0,2.0,hard|medium|easy
test,0,8,145,32,0.533326192999084,77.50862558600056,1079.400369215,0.08867572993040085,0.975,0.96875,0.9615384615384616,0.9671794871794872,1.0992592592592592e-05,1.03125,0.0,2.0,hard|easy|medium
test,0,8,146,32,0.5326378039972042,78.04181586100458,1079.9335594930017,5.8723511756397784e-05,1.0,1.0,1.0,1.0,1.0986666666666668e-05,1.0625,0.0,2.0,medium|hard|easy
test,0,8,147,32,0.5333071900022333,78.57572336600424,1080.4674669919987,5.9505848184926435e-05,1.0,1.0,1.0,1.0,1.098074074074074e-05,0.9375,0.0,2.0,easy|hard|medium
test,0,8,148,32,0.5329411630009417,79.1092176020029,1081.000961206999,6.404546002158895e-05,1.0,1.0,1.0,1.0,1.0974814814814816e-05,0.90625,0.0,2.0,hard|easy|medium
test,0,8,149,32,0.5325181869993685,79.64232650399936,1081.5340701189998,7.363678014371544e-05,1.0,1.0,1.0,1.0,1.0968888888888889e-05,1.09375,0.0,2.0,easy|medium|hard
test,0,8,150,32,0.5334299789974466,80.17639704600151,1082.068140673,6.256389315240085e-05,1.0,1.0,1.0,1.0,1.0962962962962965e-05,0.96875,0.0,2.0,hard|medium|easy
test,0,8,151,32,0.5336442830011947,80.7106205260061,1082.602364131002,0.00011728671233868226,1.0,1.0,1.0,1.0,1.0957037037037037e-05,1.0625,0.0,2.0,hard|medium|easy
test,0,8,152,32,0.5326978230004897,81.2439284120046,1083.1356720620024,6.330913311103359e-05,1.0,1.0,1.0,1.0,1.0951111111111113e-05,1.03125,0.0,2.0,medium|easy|hard
test,0,8,153,32,0.5344689569974435,81.77886233300524,1083.6706059740027,5.3679890697821975e-05,1.0,1.0,1.0,1.0,1.0945185185185186e-05,1.21875,0.0,2.0,hard|easy|medium
test,0,8,154,32,0.5329522190004354,82.31241653600591,1084.2041602399986,6.469822255894542e-05,1.0,1.0,1.0,1.0,1.093925925925926e-05,1.125,0.0,2.0,hard|medium|easy
test,0,8,155,32,0.5336805949991685,82.84660791799979,1084.7383515670008,6.0124180890852585e-05,1.0,1.0,1.0,1.0,1.0933333333333334e-05,0.78125,0.0,2.0,medium|easy|hard
test,0,8,156,32,0.5338138380029704,83.38100885000313,1085.272752472003,7.633396307937801e-05,1.0,1.0,1.0,1.0,1.0927407407407409e-05,1.09375,0.0,2.0,easy|medium|hard
test,0,8,157,32,0.5333736959946691,83.91494641500321,1085.8066900339982,7.016844756435603e-05,1.0,1.0,1.0,1.0,1.0921481481481481e-05,1.1875,0.0,2.0,medium|hard|easy
test,0,8,158,32,0.5339269550022436,84.44942590500432,1086.3411695289979,5.669333040714264e-05,1.0,1.0,1.0,1.0,1.0915555555555557e-05,1.34375,0.0,2.0,hard|easy|medium
test,0,8,159,32,0.533083879003243,84.98314513399964,1086.8748887830006,0.18806886672973633,0.9666666666666667,0.96875,0.9722222222222222,0.9684729064039409,1.090962962962963e-05,1.15625,0.0,2.0,medium|hard|easy
test,0,8,160,32,0.5329814329961664,85.51665062000393,1087.4083942409998,6.256033520912752e-05,1.0,1.0,1.0,1.0,1.0903703703703706e-05,1.03125,0.0,2.0,medium|hard|easy
test,0,8,161,32,0.5333572599993204,86.05056597500516,1087.9423096030005,6.173350993776694e-05,1.0,1.0,1.0,1.0,1.0897777777777778e-05,0.6875,0.0,2.0,hard|medium|easy
test,0,8,162,32,0.5328012720055995,86.58399161499983,1088.4757352029992,5.9520622016862035e-05,1.0,1.0,1.0,1.0,1.0891851851851854e-05,0.8125,0.0,2.0,medium|easy|hard
test,0,8,163,32,0.5330254350046744,87.117503321002,1089.0092469570009,8.156996045727283e-05,1.0,1.0,1.0,1.0,1.0885925925925927e-05,0.96875,0.0,2.0,hard|easy|medium
test,0,8,164,32,0.5342744240042521,87.65233974100556,1089.5440833590037,5.915164729231037e-05,1.0,1.0,1.0,1.0,1.0880000000000001e-05,0.875,0.0,2.0,hard|easy|medium
test,0,8,165,32,0.5330349569994723,88.18585416499991,1090.0775977869998,6.72999449307099e-05,1.0,1.0,1.0,1.0,1.0874074074074075e-05,0.875,0.0,2.0,hard|easy|medium
test,0,8,166,32,0.5333164749972639,88.71972473200003,1090.6114685779976,7.045245729386806e-05,1.0,1.0,1.0,1.0,1.086814814814815e-05,0.90625,0.0,2.0,easy|hard|medium
test,0,8,167,32,0.533815868999227,89.2540053210032,1091.145748944,6.895014666952193e-05,1.0,1.0,1.0,1.0,1.0862222222222224e-05,0.78125,0.0,2.0,medium|hard|easy
test,0,8,168,32,0.5329708650024259,89.78756878300192,1091.679312467997,5.6637371017131954e-05,1.0,1.0,1.0,1.0,1.0856296296296298e-05,1.0,0.0,2.0,medium|easy|hard
test,0,8,169,32,0.5323762830012129,90.32046522200108,1092.212208885001,5.9252502978779376e-05,1.0,1.0,1.0,1.0,1.085037037037037e-05,0.96875,0.0,2.0,hard|medium|easy
test,0,8,170,32,0.5339665619976586,90.85499550900568,1092.7467391539976,0.25318223237991333,0.9736842105263157,0.96875,0.9642857142857143,0.967967967967968,1.0844444444444446e-05,0.84375,0.0,2.0,hard|medium|easy
test,0,8,171,32,0.533581048999622,91.38915794400236,1093.2809016309984,5.843294638907537e-05,1.0,1.0,1.0,1.0,1.0838518518518519e-05,0.96875,0.0,2.0,easy|medium|hard
test,0,8,172,32,0.5323263569953269,91.9221144960029,1093.8138581120002,6.147249951027334e-05,1.0,1.0,1.0,1.0,1.0832592592592595e-05,0.875,0.0,2.0,hard|easy|medium
test,0,8,173,32,0.5344191949989181,92.45705973400618,1094.3488034269976,8.445949060842395e-05,1.0,1.0,1.0,1.0,1.0826666666666667e-05,1.0,0.0,2.0,hard|easy|medium
test,0,8,174,32,0.5336347600023146,92.99133070700191,1094.8830743189974,7.17681396054104e-05,1.0,1.0,1.0,1.0,1.082074074074074e-05,1.0,0.0,2.0,hard|medium|easy
test,0,8,175,32,0.5323948099976406,93.52432232499996,1095.4160659440022,0.007479466963559389,1.0,1.0,1.0,1.0,1.0814814814814816e-05,1.125,0.0,2.0,medium|hard|easy
test,0,8,176,32,0.5338703930028714,94.05873946200154,1095.950483063003,0.1911132037639618,0.9615384615384616,0.96875,0.975,0.9671794871794872,1.0808888888888889e-05,1.125,0.0,2.0,hard|easy|medium
test,0,8,177,32,0.5330247530000634,94.59237004900206,1096.484113741004,5.3474992455448955e-05,1.0,1.0,1.0,1.0,1.0802962962962965e-05,1.0,0.0,2.0,hard|easy|medium
test,0,8,178,32,0.532930925997789,95.12585522700101,1097.0175989199997,7.391157851088792e-05,1.0,1.0,1.0,1.0,1.0797037037037037e-05,0.8125,0.0,2.0,hard|easy|medium
test,0,8,179,32,0.5339718539980822,95.66031135099911,1097.5520549650028,6.705497071379796e-05,1.0,1.0,1.0,1.0,1.0791111111111113e-05,1.03125,0.0,2.0,hard|medium|easy
test,0,8,180,32,0.5332979559971136,96.19413650900242,1098.0858801529976,0.000567441456951201,1.0,1.0,1.0,1.0,1.0785185185185186e-05,1.21875,0.0,2.0,medium|easy|hard
test,0,8,181,32,0.5328895909988205,96.72751160900225,1098.619255316,0.00015971873654052615,1.0,1.0,1.0,1.0,1.077925925925926e-05,1.40625,0.0,2.0,hard|medium|easy
test,0,8,182,32,0.5338332500032266,97.26196529600566,1099.1537089569974,5.65853260923177e-05,1.0,1.0,1.0,1.0,1.0773333333333334e-05,0.875,0.0,2.0,hard|easy|medium
test,0,8,183,32,0.5337466470009531,97.79626904299948,1099.6880126879987,7.059080235194415e-05,1.0,1.0,1.0,1.0,1.0767407407407408e-05,0.9375,0.0,2.0,medium|easy|hard
test,0,8,184,32,0.5324620379979024,98.32938358100364,1100.221127181001,5.957290704827756e-05,1.0,1.0,1.0,1.0,1.0761481481481481e-05,1.0625,0.0,2.0,medium|easy|hard
test,0,8,185,32,0.5336471159971552,98.86359598800482,1100.7553396490039,6.285838753683493e-05,1.0,1.0,1.0,1.0,1.0755555555555557e-05,1.125,0.0,2.0,easy|medium|hard
test,0,8,186,32,0.5324672170027043,99.39657640500081,1101.2883200889992,0.20581308007240295,0.9666666666666667,0.96875,0.9722222222222222,0.9684729064039409,1.074962962962963e-05,1.0,0.0,2.0,easy|medium|hard
test,0,8,187,32,0.5326030920041376,99.92973138500383,1101.8214753529974,7.508209091611207e-05,1.0,1.0,1.0,1.0,1.0743703703703705e-05,0.90625,0.0,2.0,hard|medium|easy
test,0,8,188,32,0.5335739720030688,100.4638902700026,1102.3556339120041,0.0001740923325996846,1.0,1.0,1.0,1.0,1.0737777777777778e-05,1.0625,0.0,2.0,medium|easy|hard
test,0,8,189,32,0.5329505650006467,100.99733744600235,1102.8890811419988,7.315248512895778e-05,1.0,1.0,1.0,1.0,1.0731851851851854e-05,1.0625,0.0,2.0,easy|medium|hard
test,0,8,190,32,0.5330540580034722,101.53098304100422,1103.4227267370006,6.796482193749398e-05,1.0,1.0,1.0,1.0,1.0725925925925926e-05,0.78125,0.0,2.0,easy|medium|hard
test,0,8,191,32,0.5337592720024986,102.0653276640005,1103.9570715500013,0.00025660524261184037,1.0,1.0,1.0,1.0,1.072e-05,1.0,0.0,2.0,medium|easy|hard
test,0,8,192,32,0.5328374809978413,102.59875319500134,1104.4904967999973,0.00033119204454123974,1.0,1.0,1.0,1.0,1.0714074074074075e-05,0.96875,0.0,2.0,hard|medium|easy
test,0,8,193,32,0.5329984080017311,103.13233144400147,1105.0240751230012,7.325840851990506e-05,1.0,1.0,1.0,1.0,1.070814814814815e-05,1.09375,0.0,2.0,medium|easy|hard
test,0,8,194,32,0.5336382149980636,103.66657835600199,1105.5583220690023,8.034433267312124e-05,1.0,1.0,1.0,1.0,1.0702222222222223e-05,0.9375,0.0,2.0,easy|medium|hard
test,0,8,195,32,0.5329515480043483,104.2000427860039,1106.0917864660005,7.287035987246782e-05,1.0,1.0,1.0,1.0,1.0696296296296298e-05,0.9375,0.0,2.0,easy|medium|hard
test,0,8,196,32,0.5329662289950647,104.7335546500035,1106.6252983000013,0.00037042240728624165,1.0,1.0,1.0,1.0,1.069037037037037e-05,1.15625,0.0,2.0,easy|hard|medium
test,0,8,197,32,0.5339755009990768,105.26814187900163,1107.159885492998,6.334608769975603e-05,1.0,1.0,1.0,1.0,1.0684444444444446e-05,0.875,0.0,2.0,medium|hard|easy
test,0,8,198,32,0.5334548109967727,105.80213831400033,1107.693881942003,6.850107456557453e-05,1.0,1.0,1.0,1.0,1.0678518518518519e-05,0.9375,0.0,2.0,hard|easy|medium
test,0,8,199,32,0.5320224420065642,106.33472318100394,1108.2264668200005,0.00010167616710532457,1.0,1.0,1.0,1.0,1.0672592592592595e-05,1.125,0.0,2.0,easy|medium|hard
test,0,8,200,32,0.5342735329977586,106.86954003500432,1108.7612836710032,0.21125377714633942,0.975,0.96875,0.9615384615384616,0.9671794871794872,1.0666666666666667e-05,0.9375,0.0,2.0,hard|medium|easy
test,0,8,201,32,0.5329968939986429,107.40318929600471,1109.2949329580006,5.864903869223781e-05,1.0,1.0,1.0,1.0,1.0660740740740743e-05,1.03125,0.0,2.0,medium|easy|hard
test,0,8,202,32,0.5324762439995538,107.93616655900405,1109.8279102300003,0.001287234597839415,1.0,1.0,1.0,1.0,1.0654814814814816e-05,0.84375,0.0,2.0,medium|easy|hard
test,0,8,203,32,0.5339881380059524,108.47078683600557,1110.362530446997,8.87573987711221e-05,1.0,1.0,1.0,1.0,1.064888888888889e-05,1.03125,0.0,2.0,medium|easy|hard
test,0,8,204,32,0.532882110994251,109.00418104200071,1110.8959246890008,6.1003203882137313e-05,1.0,1.0,1.0,1.0,1.0642962962962964e-05,1.0625,0.0,2.0,easy|hard|medium
test,0,8,205,32,0.5337852500015288,109.53857023800083,1111.430313859004,6.677635246887803e-05,1.0,1.0,1.0,1.0,1.0637037037037037e-05,1.0625,0.0,2.0,medium|easy|hard
test,0,8,206,32,0.5341144490012084,110.07323368100333,1111.964977591997,0.01752263866364956,1.0,1.0,1.0,1.0,1.0631111111111113e-05,0.90625,0.0,2.0,medium|easy|hard
test,0,8,207,32,0.5330772800007253,110.60686006000469,1112.4986037400013,8.97170539246872e-05,1.0,1.0,1.0,1.0,1.0625185185185185e-05,1.15625,0.0,2.0,hard|medium|easy
test,0,8,208,32,0.5345591450022766,111.14196054499916,1113.0337042419997,7.333888788707554e-05,1.0,1.0,1.0,1.0,1.061925925925926e-05,1.25,0.0,2.0,hard|easy|medium
test,0,8,209,32,0.5334988059985335,111.67610719300137,1113.5678508990022,7.602883852086961e-05,1.0,1.0,1.0,1.0,1.0613333333333334e-05,0.78125,0.0,2.0,easy|hard|medium
test,0,8,210,32,0.5328890919990954,112.209594922002,1114.101338581997,0.00015597713354509324,1.0,1.0,1.0,1.0,1.0607407407407408e-05,1.28125,0.0,2.0,medium|easy|hard
test,0,8,211,32,0.5341446210004506,112.74435798299965,1114.6361015889997,8.019967935979366e-05,1.0,1.0,1.0,1.0,1.060148148148148e-05,1.03125,0.0,2.0,medium|easy|hard
test,0,8,212,32,0.5337686170023517,113.2787063249998,1115.170449940997,0.0007496886537410319,1.0,1.0,1.0,1.0,1.0595555555555557e-05,1.0625,0.0,2.0,easy|hard|medium
test,0,8,213,32,0.5329710860023624,113.81223905800289,1115.7039827749977,0.00012014718231512234,1.0,1.0,1.0,1.0,1.058962962962963e-05,1.0,0.0,2.0,medium|easy|hard
test,0,8,214,32,0.5334493420014041,114.34629654400487,1116.238040172997,9.315450006397441e-05,1.0,1.0,1.0,1.0,1.0583703703703705e-05,0.875,0.0,2.0,hard|easy|medium
test,0,8,215,32,0.5339153300010366,114.88078300699999,1116.7725266229972,5.214136399445124e-05,1.0,1.0,1.0,1.0,1.0577777777777778e-05,0.6875,0.0,2.0,medium|easy|hard
test,0,8,216,32,0.5327458760002628,115.41400221500226,1117.305745894002,6.375586963258684e-05,1.0,1.0,1.0,1.0,1.0571851851851854e-05,1.28125,0.0,2.0,hard|medium|easy
test,0,8,217,32,0.5338791020039935,115.94850196700281,1117.8402455910036,6.280220986809582e-05,1.0,1.0,1.0,1.0,1.0565925925925926e-05,0.9375,0.0,2.0,medium|hard|easy
test,0,8,218,32,0.5333385300036753,116.48245325600146,1118.374196953002,6.441508594434708e-05,1.0,1.0,1.0,1.0,1.056e-05,0.78125,0.0,2.0,hard|easy|medium
test,0,8,219,32,0.5327465669979574,117.01574547400378,1118.907489156998,5.374312604544684e-05,1.0,1.0,1.0,1.0,1.0554074074074075e-05,0.71875,0.0,2.0,medium|easy|hard
test,0,8,220,32,0.5344505109969759,117.55075319900061,1119.4424971339977,6.831434438936412e-05,1.0,1.0,1.0,1.0,1.0548148148148149e-05,0.9375,0.0,2.0,hard|easy|medium
test,0,8,221,32,0.5334117149977828,118.08475909100525,1119.9765026949972,5.837337812408805e-05,1.0,1.0,1.0,1.0,1.0542222222222223e-05,1.15625,0.0,2.0,medium|hard|easy
test,0,8,222,32,0.5326844340015668,118.61805533000006,1120.509799020001,6.0619498981395736e-05,1.0,1.0,1.0,1.0,1.0536296296296298e-05,1.09375,0.0,2.0,medium|easy|hard
test,0,8,223,32,0.5336789729990414,119.15225993200147,1121.0440035430001,7.06200662534684e-05,1.0,1.0,1.0,1.0,1.053037037037037e-05,1.0,0.0,2.0,medium|easy|hard
test,0,8,224,32,0.5331295569994836,119.68596264400549,1121.5777062569978,6.314109486993402e-05,1.0,1.0,1.0,1.0,1.0524444444444446e-05,0.9375,0.0,2.0,easy|hard|medium
test,0,8,225,32,0.5327503989974502,120.21925299400027,1122.110996634001,5.442860128823668e-05,1.0,1.0,1.0,1.0,1.0518518518518519e-05,1.03125,0.0,2.0,hard|easy|medium
test,0,8,226,32,0.5338402439956553,120.75364573900151,1122.6453894299993,6.193809531396255e-05,1.0,1.0,1.0,1.0,1.0512592592592595e-05,1.0,0.0,2.0,medium|easy|hard
test,0,8,227,32,0.5337020739971194,121.28791115400236,1123.1796548150014,9.258955105906352e-05,1.0,1.0,1.0,1.0,1.0506666666666667e-05,1.125,0.0,2.0,easy|hard|medium
test,0,8,228,32,0.5328357079997659,121.8213566810009,1123.713100326997,8.042206172831357e-05,1.0,1.0,1.0,1.0,1.0500740740740743e-05,0.9375,0.0,2.0,easy|medium|hard
test,0,8,229,32,0.5341754940018291,122.35600539100415,1124.2477490969977,5.350090214051306e-05,1.0,1.0,1.0,1.0,1.0494814814814816e-05,0.75,0.0,2.0,medium|hard|easy
test,0,8,230,32,0.5330970690047252,122.88967303100071,1124.7814167190008,0.00019910495029762387,1.0,1.0,1.0,1.0,1.048888888888889e-05,1.4375,0.0,2.0,medium|easy|hard
test,0,8,231,32,0.5327766880000127,123.42303681200428,1125.3147805760018,5.6525739637436345e-05,1.0,1.0,1.0,1.0,1.0482962962962964e-05,0.96875,0.0,2.0,easy|medium|hard
test,0,8,232,32,0.533336174004944,123.95697645200562,1125.8487201640019,5.0100024964194745e-05,1.0,1.0,1.0,1.0,1.0477037037037038e-05,1.0625,0.0,2.0,easy|hard|medium
test,0,8,233,32,0.5329101349998382,124.49053066600027,1126.3822742999982,0.0418395958840847,0.9615384615384616,0.96875,0.975,0.9671794871794872,1.0471111111111113e-05,1.0,0.0,2.0,easy|hard|medium
test,0,8,234,32,0.5328324859947315,125.02399234100449,1126.9157359710007,5.335578680387698e-05,1.0,1.0,1.0,1.0,1.0465185185185187e-05,1.09375,0.0,2.0,easy|medium|hard
test,0,8,235,32,0.533756954006094,125.55834807600331,1127.4500917609985,6.356868834700435e-05,1.0,1.0,1.0,1.0,1.045925925925926e-05,1.125,0.0,2.0,medium|easy|hard
test,0,8,236,32,0.5331949269966572,126.09222915900318,1127.9839727880026,7.837479643058032e-05,1.0,1.0,1.0,1.0,1.0453333333333334e-05,0.9375,0.0,2.0,medium|easy|hard
test,0,8,237,32,0.533438862003095,126.6262110470052,1128.5179546860018,5.332969158189371e-05,1.0,1.0,1.0,1.0,1.0447407407407408e-05,1.15625,0.0,2.0,medium|hard|easy
test,0,8,238,32,0.5337887360001332,127.16054338500544,1129.0522870269997,6.124138599261642e-05,1.0,1.0,1.0,1.0,1.044148148148148e-05,1.03125,0.0,2.0,easy|hard|medium
test,0,8,239,32,0.5333100440038834,127.69443583099928,1129.5861794770026,0.00014833550085313618,1.0,1.0,1.0,1.0,1.0435555555555557e-05,1.09375,0.0,2.0,medium|hard|easy
test,0,8,240,32,0.5319848489962169,128.22703036800522,1130.1187740070018,5.310984852258116e-05,1.0,1.0,1.0,1.0,1.0429629629629629e-05,0.78125,0.0,2.0,medium|hard|easy
test,0,8,241,32,0.5335597599987523,128.7610985900028,1130.6528422850024,5.08972407260444e-05,1.0,1.0,1.0,1.0,1.0423703703703705e-05,0.8125,0.0,2.0,easy|medium|hard
test,0,8,242,32,0.5327731790021062,129.2944439030034,1131.186187815998,6.70774097670801e-05,1.0,1.0,1.0,1.0,1.0417777777777778e-05,1.09375,0.0,2.0,medium|easy|hard
test,0,8,243,32,0.5323886490004952,129.82741533700028,1131.7191590220027,6.00679632043466e-05,1.0,1.0,1.0,1.0,1.0411851851851854e-05,1.03125,0.0,2.0,easy|hard|medium
test,0,8,244,32,0.5336286140009179,130.3614943749999,1132.2532380030025,6.131229747552425e-05,1.0,1.0,1.0,1.0,1.0405925925925926e-05,0.9375,0.0,2.0,medium|hard|easy
test,0,8,245,32,0.5330780500007677,130.8951456499999,1132.7868892900005,0.00010162784019485116,1.0,1.0,1.0,1.0,1.04e-05,0.90625,0.0,2.0,easy|hard|medium
test,0,8,246,32,0.5326186070014955,131.42834466200293,1133.3200885749975,6.019471402396448e-05,1.0,1.0,1.0,1.0,1.0394074074074075e-05,0.78125,0.0,2.0,medium|hard|easy
test,0,8,247,32,0.53422484100156,131.96336087700183,1133.8551045679997,6.79900695104152e-05,1.0,1.0,1.0,1.0,1.0388148148148149e-05,0.84375,0.0,2.0,easy|hard|medium
test,0,8,248,32,0.5326815220032586,132.49654901300528,1134.3882926660008,5.4115655075293034e-05,1.0,1.0,1.0,1.0,1.0382222222222223e-05,0.96875,0.0,2.0,easy|hard|medium
test,0,8,249,32,0.5342462839980726,133.03123450800194,1134.9229781859976,5.704672366846353e-05,1.0,1.0,1.0,1.0,1.0376296296296297e-05,0.9375,0.0,2.0,hard|medium|easy
test,0,8,250,32,0.5337582700012717,133.56543768800475,1135.4571813520015,5.581423465628177e-05,1.0,1.0,1.0,1.0,1.037037037037037e-05,0.9375,0.0,2.0,easy|hard|medium
test,0,9,1,32,0.5348149319979711,0.6199684390012408,1146.0012861950017,5.161241642781533e-05,1.0,1.0,1.0,1.0,1.0364444444444446e-05,0.9375,0.0,2.0,hard|medium|easy
test,0,9,2,32,0.5336691780030378,1.1544031740049832,1146.5357209139984,7.837035082047805e-05,1.0,1.0,1.0,1.0,1.0358518518518518e-05,0.9375,0.0,2.0,hard|medium|easy
test,0,9,3,32,0.5333402609976474,1.6882528360001743,1147.069570632004,0.22645537555217743,0.9642857142857143,0.96875,0.9736842105263157,0.967967967967968,1.0352592592592594e-05,0.84375,0.0,2.0,medium|easy|hard
test,0,9,4,32,0.5325142430010601,2.2213816729999962,1147.602699477,7.228065078379586e-05,1.0,1.0,1.0,1.0,1.0346666666666667e-05,1.25,0.0,2.0,hard|medium|easy
test,0,9,5,32,0.5333733509978629,2.755236770004558,1148.1365545020017,0.003203763859346509,1.0,1.0,1.0,1.0,1.0340740740740743e-05,0.90625,0.0,2.0,easy|hard|medium
test,0,9,6,32,0.5332667689945083,3.289035858004354,1148.6703536810019,6.480216688942164e-05,1.0,1.0,1.0,1.0,1.0334814814814816e-05,0.875,0.0,2.0,easy|medium|hard
test,0,9,7,32,0.5323822529971949,3.8219869390013628,1149.2033049360034,4.840890323976055e-05,1.0,1.0,1.0,1.0,1.032888888888889e-05,0.90625,0.0,2.0,medium|hard|easy
test,0,9,8,32,0.5335429320039111,4.35607742099819,1149.7373952470007,5.5609441915294155e-05,1.0,1.0,1.0,1.0,1.0322962962962964e-05,1.0625,0.0,2.0,easy|hard|medium
test,0,9,9,32,0.5327426560033928,4.88934502700431,1150.270662791998,6.534499698318541e-05,1.0,1.0,1.0,1.0,1.0317037037037038e-05,0.96875,0.0,2.0,easy|hard|medium
test,0,9,10,32,0.5324680900012027,5.422351162000268,1150.8036689790024,7.188718882389367e-05,1.0,1.0,1.0,1.0,1.0311111111111113e-05,0.96875,0.0,2.0,easy|medium|hard
test,0,9,11,32,0.5331374669985962,5.956110669998452,1151.337428414001,6.518595910165459e-05,1.0,1.0,1.0,1.0,1.0305185185185187e-05,1.0625,0.0,2.0,hard|easy|medium
test,0,9,12,32,0.5336107469993294,6.490259958001843,1151.8715777219986,5.6626060541020706e-05,1.0,1.0,1.0,1.0,1.029925925925926e-05,0.6875,0.0,2.0,easy|hard|medium
test,0,9,13,32,0.5324557159983669,7.023315272999753,1152.404633086,6.810044578742236e-05,1.0,1.0,1.0,1.0,1.0293333333333335e-05,1.28125,0.0,2.0,hard|easy|medium
test,0,9,14,32,0.5332156479998957,7.557072102004895,1152.9383898540036,6.399163976311684e-05,1.0,1.0,1.0,1.0,1.0287407407407408e-05,1.125,0.0,2.0,hard|medium|easy
test,0,9,15,32,0.5324229790057871,8.090135252001346,1153.4714530749989,9.853820665739477e-05,1.0,1.0,1.0,1.0,1.0281481481481484e-05,1.0625,0.0,2.0,easy|hard|medium
test,0,9,16,32,0.532474715000717,8.623197610002535,1154.004515339002,5.210781819187105e-05,1.0,1.0,1.0,1.0,1.0275555555555556e-05,0.96875,0.0,2.0,medium|hard|easy
test,0,9,17,32,0.5332411519993911,9.157041309001215,1154.5383591089994,6.54761606710963e-05,1.0,1.0,1.0,1.0,1.0269629629629629e-05,0.9375,0.0,2.0,easy|hard|medium
test,0,9,18,32,0.5335785289935302,9.691206347000843,1155.0725241519976,9.547855006530881e-05,1.0,1.0,1.0,1.0,1.0263703703703705e-05,0.9375,0.0,2.0,hard|easy|medium
test,0,9,19,32,0.5328571670033853,10.224703420004516,1155.6060212189986,5.897635128349066e-05,1.0,1.0,1.0,1.0,1.0257777777777777e-05,1.125,0.0,2.0,hard|medium|easy
test,0,9,20,32,0.5334493990012561,10.758797392001725,1156.1401152149992,0.08762087672948837,0.9722222222222222,0.96875,0.9666666666666667,0.9684729064039409,1.0251851851851853e-05,1.125,0.0,2.0,medium|easy|hard
test,0,9,21,32,0.5327696070016827,11.292136777999985,1156.6734545279978,0.00013684979057870805,1.0,1.0,1.0,1.0,1.0245925925925926e-05,1.15625,0.0,2.0,easy|hard|medium
test,0,9,22,32,0.5335082359961234,11.826240756003244,1157.207558588998,0.00012450099166017026,1.0,1.0,1.0,1.0,1.024e-05,0.875,0.0,2.0,medium|easy|hard
test,0,9,23,32,0.5341199710019282,12.36100406100013,1157.742321867001,6.798554386477917e-05,1.0,1.0,1.0,1.0,1.0234074074074074e-05,1.09375,0.0,2.0,hard|medium|easy
test,0,9,24,32,0.5330618070001947,12.894646576001833,1158.2759644059988,0.00010376847785664722,1.0,1.0,1.0,1.0,1.0228148148148149e-05,1.03125,0.0,2.0,easy|medium|hard
test,0,9,25,32,0.532474972998898,13.42767856700084,1158.8089963040038,6.0980437410762534e-05,1.0,1.0,1.0,1.0,1.0222222222222223e-05,0.71875,0.0,2.0,hard|medium|easy
test,0,9,26,32,0.5341376350042992,13.96246511299978,1159.3437829000031,4.7965600970201194e-05,1.0,1.0,1.0,1.0,1.0216296296296297e-05,0.78125,0.0,2.0,easy|medium|hard
test,0,9,27,32,0.5324258740001824,14.49548218500422,1159.876799933998,0.1561407744884491,0.9722222222222222,0.96875,0.9666666666666667,0.9684729064039409,1.021037037037037e-05,1.09375,0.0,2.0,medium|hard|easy
test,0,9,28,32,0.5314589049958158,15.027501043005032,1160.4088187829984,9.599977056495845e-05,1.0,1.0,1.0,1.0,1.0204444444444446e-05,1.0,0.0,2.0,medium|easy|hard
test,0,9,29,32,0.533580419003556,15.561643852000998,1160.9429619930015,8.732386777410284e-05,1.0,1.0,1.0,1.0,1.0198518518518518e-05,0.8125,0.0,2.0,easy|hard|medium
test,0,9,30,32,0.5324876759987092,16.094710751000093,1161.4760285380034,5.189548392081633e-05,1.0,1.0,1.0,1.0,1.0192592592592594e-05,0.84375,0.0,2.0,easy|hard|medium
test,0,9,31,32,0.5315874779989826,16.626890548002848,1162.0082083750021,4.988775253877975e-05,1.0,1.0,1.0,1.0,1.0186666666666667e-05,0.84375,0.0,2.0,easy|medium|hard
test,0,9,32,32,0.5336606690034387,17.161091868998483,1162.5424096650022,5.191792661207728e-05,1.0,1.0,1.0,1.0,1.0180740740740743e-05,0.6875,0.0,2.0,easy|medium|hard
test,0,9,33,32,0.5318257660037489,17.693483786002616,1163.074801584,6.417990516638383e-05,1.0,1.0,1.0,1.0,1.0174814814814815e-05,1.09375,0.0,2.0,medium|hard|easy
test,0,9,34,32,0.5319169689973933,18.22596695500397,1163.6072846949974,5.250636604614556e-05,1.0,1.0,1.0,1.0,1.016888888888889e-05,1.15625,0.0,2.0,medium|easy|hard
test,0,9,35,32,0.5334063730042544,18.760020049005107,1164.1413378619982,7.749935321044177e-05,1.0,1.0,1.0,1.0,1.0162962962962964e-05,1.1875,0.0,2.0,medium|hard|easy
test,0,9,36,32,0.5321815310016973,19.29275521800446,1164.6740730050005,9.123312338488176e-05,1.0,1.0,1.0,1.0,1.0157037037037038e-05,1.09375,0.0,2.0,medium|hard|easy
test,0,9,37,32,0.5321058129993617,19.825427490999573,1165.2067452710035,0.00011371764412615448,1.0,1.0,1.0,1.0,1.0151111111111112e-05,1.0625,0.0,2.0,medium|hard|easy
test,0,9,38,32,0.5333763640010147,20.359369693003828,1165.740687438003,9.829019836615771e-05,1.0,1.0,1.0,1.0,1.0145185185185187e-05,1.1875,0.0,2.0,medium|easy|hard
test,0,9,39,32,0.5325079100002768,20.892468154997914,1166.273785907004,0.00015492489910684526,1.0,1.0,1.0,1.0,1.013925925925926e-05,1.03125,0.0,2.0,hard|medium|easy
test,0,9,40,32,0.5321474660013337,21.42505666500074,1166.8063744160027,5.5218286433955655e-05,1.0,1.0,1.0,1.0,1.0133333333333335e-05,0.875,0.0,2.0,medium|hard|easy
test,0,9,41,32,0.5342865580023499,21.959965728005045,1167.341283556998,4.9328882596455514e-05,1.0,1.0,1.0,1.0,1.0127407407407408e-05,1.09375,0.0,2.0,easy|medium|hard
test,0,9,42,32,0.5330184400008875,22.493531375999737,1167.8748491829974,0.23208962380886078,0.96875,0.96875,0.9705882352941176,0.9687194525904204,1.0121481481481484e-05,0.90625,0.0,2.0,medium|hard|easy
test,0,9,43,32,0.5322635580014321,23.026412420003908,1168.407730167004,6.817078246967867e-05,1.0,1.0,1.0,1.0,1.0115555555555556e-05,1.03125,0.0,2.0,easy|hard|medium
test,0,9,44,32,0.5344148499934818,23.561372269003186,1168.9426900780018,5.3579180530505255e-05,1.0,1.0,1.0,1.0,1.0109629629629632e-05,0.96875,0.0,2.0,medium|hard|easy
test,0,9,45,32,0.5325091730046552,24.094478728999093,1169.475796562001,5.289018736220896e-05,1.0,1.0,1.0,1.0,1.0103703703703705e-05,0.96875,0.0,2.0,hard|easy|medium
test,0,9,46,32,0.5330292169965105,24.628038651004317,1170.0093564679992,6.90282104187645e-05,1.0,1.0,1.0,1.0,1.0097777777777779e-05,0.75,0.0,2.0,easy|medium|hard
test,0,9,47,32,0.534041700004309,25.162565028003883,1170.5438827899998,4.884465306531638e-05,1.0,1.0,1.0,1.0,1.0091851851851853e-05,1.0625,0.0,2.0,hard|medium|easy
test,0,9,48,32,0.532739763999416,25.69584558700444,1171.0771633289987,9.72384077613242e-05,1.0,1.0,1.0,1.0,1.0085925925925926e-05,0.9375,0.0,2.0,hard|medium|easy
test,0,9,49,32,0.5338449929986382,26.230239081000036,1171.6115568820023,0.016250384971499443,1.0,1.0,1.0,1.0,1.008e-05,1.0625,0.0,2.0,hard|medium|easy
test,0,9,50,32,0.5335826100053964,26.76436355500482,1172.1456813019977,4.631540650734678e-05,1.0,1.0,1.0,1.0,1.0074074074074074e-05,0.96875,0.0,2.0,medium|easy|hard
test,0,9,51,32,0.5323210090064094,27.297205203001795,1172.6785230059977,7.096930494299158e-05,1.0,1.0,1.0,1.0,1.0068148148148149e-05,0.875,0.0,2.0,hard|easy|medium
test,0,9,52,32,0.5339940179983387,27.83179019200179,1173.2131079530009,5.078172398498282e-05,1.0,1.0,1.0,1.0,1.0062222222222223e-05,0.8125,0.0,2.0,easy|hard|medium
test,0,9,53,32,0.5330515319947153,28.36547289900045,1173.7467906480015,5.2804432925768197e-05,1.0,1.0,1.0,1.0,1.0056296296296297e-05,1.125,0.0,2.0,hard|medium|easy
test,0,9,54,32,0.5334323450006195,28.89939238000079,1174.280710195002,0.26193132996559143,0.96875,0.96875,0.9705882352941176,0.9687194525904204,1.005037037037037e-05,0.8125,0.0,2.0,hard|easy|medium
test,0,9,55,32,0.5343374029980623,29.43430081200495,1174.815618601002,5.169428186491132e-05,1.0,1.0,1.0,1.0,1.0044444444444446e-05,0.8125,0.0,2.0,medium|hard|easy
test,0,9,56,32,0.5330625070055248,29.967975609004498,1175.349293350002,5.537470860872418e-05,1.0,1.0,1.0,1.0,1.0038518518518518e-05,1.3125,0.0,2.0,medium|hard|easy
test,0,9,57,32,0.5325577719995636,30.501072535000276,1175.8823902740041,6.903317262185737e-05,1.0,1.0,1.0,1.0,1.0032592592592594e-05,0.9375,0.0,2.0,easy|medium|hard
test,0,9,58,32,0.5341481329960516,31.035808591004752,1176.4171263370008,0.00012692573363892734,1.0,1.0,1.0,1.0,1.0026666666666667e-05,1.09375,0.0,2.0,hard|medium|easy
test,0,9,59,32,0.5334097950035357,31.56978383800015,1176.9511017900004,5.0275084504392e-05,1.0,1.0,1.0,1.0,1.0020740740740743e-05,0.9375,0.0,2.0,hard|medium|easy
test,0,9,60,32,0.5323795419972157,32.10280271200463,1177.4841204769982,5.752745346399024e-05,1.0,1.0,1.0,1.0,1.0014814814814815e-05,1.0,0.0,2.0,medium|hard|easy
test,0,9,61,32,0.5338519559954875,32.63713058500434,1178.018448376999,5.1467133744154125e-05,1.0,1.0,1.0,1.0,1.000888888888889e-05,0.875,0.0,2.0,medium|hard|easy
test,0,9,62,32,0.5324151800014079,33.17011402200296,1178.5514317589987,4.9462967581348494e-05,1.0,1.0,1.0,1.0,1.0002962962962964e-05,0.84375,0.0,2.0,medium|easy|hard
test,0,9,63,32,0.531852689004154,33.70241544199962,1179.083733174004,6.644687528023496e-05,1.0,1.0,1.0,1.0,9.997037037037038e-06,1.15625,0.0,2.0,medium|hard|easy
test,0,9,64,32,0.5336578589995042,34.23653738500434,1179.6178551429985,5.9493588196346536e-05,1.0,1.0,1.0,1.0,9.991111111111112e-06,1.25,0.0,2.0,easy|hard|medium
test,0,9,65,32,0.5330743919985252,34.770216406002874,1180.151534441,5.6436161685269326e-05,1.0,1.0,1.0,1.0,9.985185185185185e-06,1.0,0.0,2.0,medium|hard|easy
test,0,9,66,32,0.5326197019967367,35.3034033560034,1180.6847211589993,8.427756984019652e-05,1.0,1.0,1.0,1.0,9.979259259259259e-06,0.96875,0.0,2.0,easy|hard|medium
test,0,9,67,32,0.5339711199994781,35.83790138200129,1181.2192191909999,5.082268035039306e-05,1.0,1.0,1.0,1.0,9.973333333333333e-06,1.0625,0.0,2.0,hard|medium|easy
test,0,9,68,32,0.5333990729996003,36.37189567599853,1181.753213488002,5.5717333452776074e-05,1.0,1.0,1.0,1.0,9.967407407407408e-06,0.90625,0.0,2.0,easy|medium|hard
test,0,9,69,32,0.5319776270043803,36.90448180100066,1182.2857995480008,6.841116555733606e-05,1.0,1.0,1.0,1.0,9.961481481481482e-06,0.65625,0.0,2.0,medium|easy|hard
test,0,9,70,32,0.5339770680002403,37.439018252000096,1182.820336001998,5.118397530168295e-05,1.0,1.0,1.0,1.0,9.955555555555556e-06,0.9375,0.0,2.0,easy|hard|medium
test,0,9,71,32,0.5330957170008332,37.97273708300054,1183.354054825002,5.4663174523739144e-05,1.0,1.0,1.0,1.0,9.94962962962963e-06,0.75,0.0,2.0,easy|hard|medium
test,0,9,72,32,0.5326116399955936,38.5059565660049,1183.887274366003,5.160855653230101e-05,1.0,1.0,1.0,1.0,9.943703703703705e-06,1.0625,0.0,2.0,easy|hard|medium
test,0,9,73,32,0.5334005559998332,39.03996140700474,1184.4212791559985,5.667463119607419e-05,1.0,1.0,1.0,1.0,9.937777777777779e-06,0.8125,0.0,2.0,medium|easy|hard
test,0,9,74,32,0.533265238002059,39.57379554000363,1184.9551133350033,5.4033593187341467e-05,1.0,1.0,1.0,1.0,9.931851851851853e-06,0.96875,0.0,2.0,hard|medium|easy
test,0,9,75,32,0.5319788440028788,40.10637630899873,1185.487694135998,5.146345210960135e-05,1.0,1.0,1.0,1.0,9.925925925925927e-06,1.0,0.0,2.0,medium|hard|easy
test,0,9,76,32,0.5335192210040987,40.640524839000136,1186.021842590002,6.590945122297853e-05,1.0,1.0,1.0,1.0,9.920000000000002e-06,1.0,0.0,2.0,easy|hard|medium
test,0,9,77,32,0.5334845300021698,41.17460552700504,1186.555923312997,5.4208794608712196e-05,1.0,1.0,1.0,1.0,9.914074074074074e-06,1.125,0.0,2.0,easy|hard|medium
test,0,9,78,32,0.5323413669975707,41.707555606000824,1187.0888733579995,4.739183350466192e-05,1.0,1.0,1.0,1.0,9.908148148148148e-06,1.0625,0.0,2.0,hard|medium|easy
test,0,9,79,32,0.5336479960024008,42.24180183200224,1187.6231196220033,6.298439257079735e-05,1.0,1.0,1.0,1.0,9.902222222222223e-06,1.15625,0.0,2.0,hard|easy|medium
test,0,9,80,32,0.5336455180004123,42.775928155002475,1188.157245896,5.841414167662151e-05,1.0,1.0,1.0,1.0,9.896296296296297e-06,1.03125,0.0,2.0,medium|easy|hard
test,0,9,81,32,0.5326621909989626,43.30916039200383,1188.6904781449994,8.419688674621284e-05,1.0,1.0,1.0,1.0,9.890370370370371e-06,1.03125,0.0,2.0,hard|medium|easy
test,0,9,82,32,0.5338758880025125,43.84362518999842,1189.2249429410003,6.125727668404579e-05,1.0,1.0,1.0,1.0,9.884444444444445e-06,1.09375,0.0,2.0,easy|hard|medium
test,0,9,83,32,0.5330701269995188,44.37727654600167,1189.758594290004,5.090073318569921e-05,1.0,1.0,1.0,1.0,9.87851851851852e-06,0.875,0.0,2.0,easy|medium|hard
test,0,9,84,32,0.5325453810000909,44.910444262000965,1190.291762054003,5.6476856116205454e-05,1.0,1.0,1.0,1.0,9.872592592592594e-06,0.875,0.0,2.0,easy|medium|hard
test,0,9,85,32,0.5332967349968385,45.444341034999525,1190.825658845999,6.020505679771304e-05,1.0,1.0,1.0,1.0,9.866666666666668e-06,1.09375,0.0,2.0,hard|medium|easy
test,0,9,86,32,0.5326479509967612,45.977545198998996,1191.3588629520018,5.570946814259514e-05,1.0,1.0,1.0,1.0,9.860740740740742e-06,1.03125,0.0,2.0,hard|easy|medium
test,0,9,87,32,0.5324515979955322,46.510590420999506,1191.8919082260036,5.0841132178902626e-05,1.0,1.0,1.0,1.0,9.854814814814817e-06,1.0625,0.0,2.0,easy|hard|medium
test,0,9,88,32,0.5335941659941454,47.04465046700352,1192.4259682589982,7.790031668264419e-05,1.0,1.0,1.0,1.0,9.84888888888889e-06,1.125,0.0,2.0,medium|hard|easy
test,0,9,89,32,0.5321857879971503,47.577269884001,1192.9585876700003,0.00014240593009162694,1.0,1.0,1.0,1.0,9.842962962962964e-06,0.9375,0.0,2.0,easy|medium|hard
test,0,9,90,32,0.5326997570009553,48.11054519600293,1193.4918630039974,6.0038008086849004e-05,1.0,1.0,1.0,1.0,9.837037037037038e-06,1.0625,0.0,2.0,medium|easy|hard
test,0,9,91,32,0.5341752160020405,48.645293927998864,1194.0266116709972,8.293720020446926e-05,1.0,1.0,1.0,1.0,9.831111111111112e-06,0.9375,0.0,2.0,hard|easy|medium
test,0,9,92,32,0.5330323689995566,49.17891124200105,1194.5602290379975,6.0798040067311376e-05,1.0,1.0,1.0,1.0,9.825185185185186e-06,1.0625,0.0,2.0,easy|hard|medium
test,0,9,93,32,0.5329571449983632,49.71235180700023,1195.0936695970013,6.306586146820337e-05,1.0,1.0,1.0,1.0,9.81925925925926e-06,1.09375,0.0,2.0,medium|easy|hard
test,0,9,94,32,0.5334873079991667,50.24640235200059,1195.627720137003,5.084133590571582e-05,1.0,1.0,1.0,1.0,9.813333333333333e-06,0.78125,0.0,2.0,easy|medium|hard
test,0,9,95,32,0.5325559489938314,50.77945512699807,1196.1607728590025,5.299408076098189e-05,1.0,1.0,1.0,1.0,9.807407407407407e-06,0.96875,0.0,2.0,easy|medium|hard
test,0,9,96,32,0.5327835650023189,51.31274403700081,1196.6940618180015,5.059536488261074e-05,1.0,1.0,1.0,1.0,9.801481481481482e-06,1.0,0.0,2.0,easy|hard|medium
test,0,9,97,32,0.5334077939987765,51.846623327001,1197.2279410850024,4.9340014811605215e-05,1.0,1.0,1.0,1.0,9.795555555555556e-06,1.15625,0.0,2.0,hard|medium|easy
test,0,9,98,32,0.5331667300051777,52.380352827000024,1197.7616706379995,5.053201311966404e-05,1.0,1.0,1.0,1.0,9.78962962962963e-06,0.90625,0.0,2.0,easy|medium|hard
test,0,9,99,32,0.5324242569986382,52.913328489004925,1198.2946462969994,0.00504485797137022,1.0,1.0,1.0,1.0,9.783703703703704e-06,1.21875,0.0,2.0,hard|easy|medium
test,0,9,100,32,0.533725826004229,53.44760973100347,1198.8289275200004,5.945713564869948e-05,1.0,1.0,1.0,1.0,9.777777777777779e-06,1.09375,0.0,2.0,medium|hard|easy
test,0,9,101,32,0.5327634539935389,53.98092219400132,1199.3622402420006,5.897263690712862e-05,1.0,1.0,1.0,1.0,9.771851851851853e-06,0.96875,0.0,2.0,hard|easy|medium
test,0,9,102,32,0.5323554689966841,54.51384550199873,1199.8951633199977,6.611246499232948e-05,1.0,1.0,1.0,1.0,9.765925925925927e-06,0.78125,0.0,2.0,medium|easy|hard
test,0,9,103,32,0.5336033409985248,55.04798831399967,1200.4293060990021,5.506116940523498e-05,1.0,1.0,1.0,1.0,9.760000000000001e-06,0.84375,0.0,2.0,easy|medium|hard
test,0,9,104,32,0.5326509320002515,55.58117714599939,1200.9624949520003,5.56277263967786e-05,1.0,1.0,1.0,1.0,9.754074074074074e-06,0.90625,0.0,2.0,easy|hard|medium
test,0,9,105,32,0.5320188100013183,56.113779142004205,1201.4950968880003,5.469661846291274e-05,1.0,1.0,1.0,1.0,9.748148148148148e-06,1.15625,0.0,2.0,hard|easy|medium
test,0,9,106,32,0.5337070309979026,56.64805322200118,1202.029370971999,0.15249784290790558,0.9705882352941176,0.96875,0.96875,0.9687194525904204,9.742222222222222e-06,0.78125,0.0,2.0,easy|medium|hard
test,0,9,107,32,0.5322858569998061,57.18089477500325,1202.5622125779992,6.327738083200529e-05,1.0,1.0,1.0,1.0,9.736296296296297e-06,0.96875,0.0,2.0,easy|hard|medium
test,0,9,108,32,0.5320129550018464,57.71340910800063,1203.0947269120006,5.493388744071126e-05,1.0,1.0,1.0,1.0,9.730370370370371e-06,1.125,0.0,2.0,medium|easy|hard
test,0,9,109,32,0.5341357170036645,58.24813171999995,1203.6294495420007,8.688791422173381e-05,1.0,1.0,1.0,1.0,9.724444444444445e-06,0.84375,0.0,2.0,easy|medium|hard
test,0,9,110,32,0.5329259369973443,58.781659391002904,1204.162977134998,5.073314605397172e-05,1.0,1.0,1.0,1.0,9.71851851851852e-06,1.125,0.0,2.0,easy|hard|medium
test,0,9,111,32,0.5310057759998017,59.31332755100448,1204.6946452909979,0.00013131815649103373,1.0,1.0,1.0,1.0,9.712592592592594e-06,1.03125,0.0,2.0,hard|easy|medium
test,0,9,112,32,0.5331778309991932,59.847031313001935,1205.228349140998,7.826951332390308e-05,1.0,1.0,1.0,1.0,9.706666666666668e-06,0.9375,0.0,2.0,hard|easy|medium
test,0,9,113,32,0.53250559099979,60.380166410999664,1205.7614845729986,5.7053031923715025e-05,1.0,1.0,1.0,1.0,9.700740740740742e-06,1.1875,0.0,2.0,medium|hard|easy
test,0,9,114,32,0.5318004549990292,60.91253807699832,1206.2938558270034,4.871058263233863e-05,1.0,1.0,1.0,1.0,9.694814814814817e-06,1.125,0.0,2.0,hard|easy|medium
test,0,9,115,32,0.534163141004683,61.44725822900364,1206.8285760479994,4.451614586287178e-05,1.0,1.0,1.0,1.0,9.688888888888889e-06,0.90625,0.0,2.0,easy|medium|hard
test,0,9,116,32,0.5328140350029571,61.980617783003254,1207.3619355240007,7.478702900698408e-05,1.0,1.0,1.0,1.0,9.682962962962963e-06,1.09375,0.0,2.0,hard|medium|easy
test,0,9,117,32,0.5313490570042632,62.51245313099935,1207.8937709329985,4.545112460618839e-05,1.0,1.0,1.0,1.0,9.677037037037038e-06,1.03125,0.0,2.0,medium|easy|hard
test,0,9,118,32,0.5334430879956926,63.04646960899845,1208.427787352004,5.2609808335546404e-05,1.0,1.0,1.0,1.0,9.671111111111112e-06,0.84375,0.0,2.0,medium|hard|easy
test,0,9,119,32,0.532327664004697,63.5792766759987,1208.9605944819996,5.815683471155353e-05,1.0,1.0,1.0,1.0,9.665185185185186e-06,0.8125,0.0,2.0,hard|easy|medium
test,0,9,120,32,0.531571236999298,64.11143746699963,1209.4927552790032,9.50292669585906e-05,1.0,1.0,1.0,1.0,9.65925925925926e-06,1.03125,0.0,2.0,medium|hard|easy
test,0,9,121,32,0.534016673998849,64.64604349800356,1210.0273613309982,5.6406352086924016e-05,1.0,1.0,1.0,1.0,9.653333333333335e-06,0.9375,0.0,2.0,medium|easy|hard
test,0,9,122,32,0.5333277690006071,65.17997833900154,1210.561296148,5.4770687711425126e-05,1.0,1.0,1.0,1.0,9.647407407407409e-06,1.09375,0.0,2.0,medium|hard|easy
test,0,9,123,32,0.5322011419993942,65.71274310399895,1211.0940608860037,5.744464215240441e-05,1.0,1.0,1.0,1.0,9.641481481481483e-06,0.90625,0.0,2.0,easy|medium|hard
test,0,9,124,32,0.5345075799996266,66.2477154320004,1211.6290331959972,5.0081434892490506e-05,1.0,1.0,1.0,1.0,9.635555555555557e-06,1.09375,0.0,2.0,hard|medium|easy
test,0,9,125,32,0.5329634490044555,66.7813177959979,1212.1626355400003,4.339119550422765e-05,1.0,1.0,1.0,1.0,9.62962962962963e-06,1.09375,0.0,2.0,hard|medium|easy
test,0,9,126,32,0.5341026120004244,67.31596533900301,1212.6972832320025,5.315079033607617e-05,1.0,1.0,1.0,1.0,9.623703703703704e-06,1.21875,0.0,2.0,medium|hard|easy
test,0,9,127,32,0.5338770590024069,67.85042829099984,1213.2317460900013,4.8487036110600457e-05,1.0,1.0,1.0,1.0,9.617777777777778e-06,1.21875,0.0,2.0,medium|hard|easy
test,0,9,128,32,0.5329379489994608,68.38390638000419,1213.7652241809992,6.288003351073712e-05,1.0,1.0,1.0,1.0,9.611851851851853e-06,0.96875,0.0,2.0,easy|hard|medium
test,0,9,129,32,0.5341514290048508,68.91868959899875,1214.3000073259973,5.1642149628605694e-05,1.0,1.0,1.0,1.0,9.605925925925927e-06,0.90625,0.0,2.0,medium|hard|easy
test,0,9,130,32,0.5330741699945065,69.45232181499887,1214.8336397629973,6.616053724428639e-05,1.0,1.0,1.0,1.0,9.600000000000001e-06,1.0,0.0,2.0,hard|medium|easy
test,0,9,131,32,0.5334381720022066,69.9862446640036,1215.3675625239994,5.156765109859407e-05,1.0,1.0,1.0,1.0,9.594074074074074e-06,1.28125,0.0,2.0,hard|medium|easy
test,0,9,132,32,0.5342898480012082,70.52108180300274,1215.9023996090036,0.0005797480116598308,1.0,1.0,1.0,1.0,9.588148148148148e-06,1.21875,0.0,2.0,medium|hard|easy
test,0,9,133,32,0.5331139339978108,71.0547405949983,1216.4360584120004,0.00013361303717829287,1.0,1.0,1.0,1.0,9.582222222222222e-06,1.25,0.0,2.0,hard|easy|medium
test,0,9,134,32,0.5332119990052888,71.58852227400348,1216.969840079997,4.489238926908001e-05,1.0,1.0,1.0,1.0,9.576296296296297e-06,1.15625,0.0,2.0,hard|medium|easy
test,0,9,135,32,0.5339003890039749,72.12298459200247,1217.5043023820035,4.8509442422073334e-05,1.0,1.0,1.0,1.0,9.570370370370371e-06,0.625,0.0,2.0,easy|hard|medium
test,0,9,136,32,0.5335293610041845,72.65704265599925,1218.0383604460003,0.00284659955650568,1.0,1.0,1.0,1.0,9.564444444444445e-06,1.03125,0.0,2.0,easy|hard|medium
test,0,9,137,32,0.5322738250033581,73.18991783800448,1218.5712356369986,4.691138747148216e-05,1.0,1.0,1.0,1.0,9.55851851851852e-06,0.90625,0.0,2.0,easy|medium|hard
test,0,9,138,32,0.533973784004047,73.7244443150048,1219.1057621209984,4.4601802073884755e-05,1.0,1.0,1.0,1.0,9.552592592592594e-06,1.09375,0.0,2.0,easy|medium|hard
test,0,9,139,32,0.5333256290032296,74.25824467599887,1219.639562491997,6.944543565623462e-05,1.0,1.0,1.0,1.0,9.546666666666668e-06,0.8125,0.0,2.0,medium|easy|hard
test,0,9,140,32,0.5325962839997374,74.79136721500254,1220.1726850220002,8.59482679516077e-05,1.0,1.0,1.0,1.0,9.540740740740742e-06,1.125,0.0,2.0,hard|medium|easy
test,0,9,141,32,0.534031959999993,75.32585462299903,1220.7071724310008,4.9429141654400155e-05,1.0,1.0,1.0,1.0,9.534814814814816e-06,1.1875,0.0,2.0,medium|hard|easy
test,0,9,142,32,0.5332246839971049,75.85954943700199,1221.240867270004,4.5134300307836384e-05,1.0,1.0,1.0,1.0,9.528888888888889e-06,0.90625,0.0,2.0,easy|medium|hard
test,0,9,143,32,0.5328119039986632,76.39290211300249,1221.7742199319982,4.23108613176737e-05,1.0,1.0,1.0,1.0,9.522962962962963e-06,0.96875,0.0,2.0,hard|easy|medium
test,0,9,144,32,0.5342908419988817,76.927800974001,1222.3091187739992,5.4278509196592495e-05,1.0,1.0,1.0,1.0,9.517037037037037e-06,1.1875,0.0,2.0,hard|medium|easy
test,0,9,145,32,0.5333378510040347,77.46173079800064,1222.843048609,5.775042518507689e-05,1.0,1.0,1.0,1.0,9.511111111111112e-06,0.9375,0.0,2.0,medium|hard|easy
test,0,9,146,32,0.532739207999839,77.9950737600011,1223.3763915149975,4.7127447032835335e-05,1.0,1.0,1.0,1.0,9.505185185185186e-06,1.0625,0.0,2.0,medium|hard|easy
test,0,9,147,32,0.5336777199991047,78.52927424199879,1223.9105919799986,8.402015373576432e-05,1.0,1.0,1.0,1.0,9.49925925925926e-06,1.15625,0.0,2.0,medium|easy|hard
test,0,9,148,32,0.5337234149992582,79.06349817100272,1224.444815900999,5.0926559197250754e-05,1.0,1.0,1.0,1.0,9.493333333333334e-06,1.09375,0.0,2.0,medium|easy|hard
test,0,9,149,32,0.5325966399977915,79.59667070900468,1224.9779885020034,7.578815711895004e-05,1.0,1.0,1.0,1.0,9.487407407407409e-06,0.96875,0.0,2.0,easy|medium|hard
test,0,9,150,32,0.5334646030023578,80.1306740220025,1225.5119918109995,4.6739940444240347e-05,1.0,1.0,1.0,1.0,9.481481481481483e-06,1.03125,0.0,2.0,easy|medium|hard
test,0,9,151,32,0.5335354280032334,80.66465815700212,1226.0459758910001,4.692602306022309e-05,1.0,1.0,1.0,1.0,9.475555555555557e-06,1.125,0.0,2.0,medium|easy|hard
test,0,9,152,32,0.5331154510058695,81.19837756600464,1226.5796953020035,5.168635107111186e-05,1.0,1.0,1.0,1.0,9.469629629629632e-06,0.90625,0.0,2.0,easy|medium|hard
test,0,9,153,32,0.5336028989986517,81.73256952600059,1227.1138872730007,4.3238433136139065e-05,1.0,1.0,1.0,1.0,9.463703703703706e-06,0.96875,0.0,2.0,easy|hard|medium
test,0,9,154,32,0.5333931419954752,82.26654593399871,1227.6478636829997,5.275198054732755e-05,1.0,1.0,1.0,1.0,9.457777777777778e-06,1.125,0.0,2.0,medium|hard|easy
test,0,9,155,32,0.5328460840028129,82.79991952300043,1228.181237347002,4.6047080104472116e-05,1.0,1.0,1.0,1.0,9.451851851851853e-06,1.15625,0.0,2.0,medium|hard|easy
test,0,9,156,32,0.5335727359997691,83.33402421799838,1228.7153419850001,4.3029758671764284e-05,1.0,1.0,1.0,1.0,9.445925925925927e-06,1.0,0.0,2.0,hard|medium|easy
test,0,9,157,32,0.5328372000003583,83.86738506700203,1229.248702812998,4.741767406812869e-05,1.0,1.0,1.0,1.0,9.440000000000001e-06,0.96875,0.0,2.0,hard|medium|easy
test,0,9,158,32,0.5326963129991782,84.40063661699969,1229.7819543709993,4.508604251896031e-05,1.0,1.0,1.0,1.0,9.434074074074074e-06,0.75,0.0,2.0,medium|hard|easy
test,0,9,159,32,0.5337559980034712,84.9348538980048,1230.3161716289978,4.3655421904986724e-05,1.0,1.0,1.0,1.0,9.428148148148148e-06,0.9375,0.0,2.0,easy|hard|medium
test,0,9,160,32,0.5327038339964929,85.46802891300467,1230.8493467180015,5.2993822464486584e-05,1.0,1.0,1.0,1.0,9.422222222222222e-06,0.96875,0.0,2.0,easy|hard|medium
test,0,9,161,32,0.5331600640056422,86.0017911410032,1231.383109012997,5.1910315960412845e-05,1.0,1.0,1.0,1.0,9.416296296296296e-06,1.09375,0.0,2.0,medium|hard|easy
test,0,9,162,32,0.5339193319960032,86.53616716700344,1231.9174849800038,4.6289129386423156e-05,1.0,1.0,1.0,1.0,9.41037037037037e-06,0.96875,0.0,2.0,easy|hard|medium
test,0,9,163,32,0.5334091969998553,87.07005672399828,1232.451374563003,4.1941999370465055e-05,1.0,1.0,1.0,1.0,9.404444444444445e-06,1.125,0.0,2.0,hard|medium|easy
test,0,9,164,32,0.5324419020034838,87.60305733200221,1232.9843750720029,5.015523493057117e-05,1.0,1.0,1.0,1.0,9.39851851851852e-06,1.03125,0.0,2.0,medium|easy|hard
test,0,9,165,32,0.5337162560026627,88.13730965700233,1233.5186274099979,4.210967745166272e-05,1.0,1.0,1.0,1.0,9.392592592592593e-06,0.90625,0.0,2.0,easy|hard|medium
test,0,9,166,32,0.5320399939955678,88.66990379799972,1234.0512215950002,0.0002224362106062472,1.0,1.0,1.0,1.0,9.386666666666668e-06,1.125,0.0,2.0,easy|medium|hard
test,0,9,167,32,0.5322592609954881,89.20283338100126,1234.5841511690014,4.304472531657666e-05,1.0,1.0,1.0,1.0,9.380740740740742e-06,0.96875,0.0,2.0,hard|medium|easy
test,0,9,168,32,0.5336162769963266,89.7370279300012,1235.118345941999,6.516325083794072e-05,1.0,1.0,1.0,1.0,9.374814814814816e-06,0.96875,0.0,2.0,medium|easy|hard
test,0,9,169,32,0.5328944020002382,90.27054925999983,1235.6518670660007,4.969746805727482e-05,1.0,1.0,1.0,1.0,9.368888888888889e-06,0.96875,0.0,2.0,hard|easy|medium
test,0,9,170,32,0.5318238730033045,90.80290747599793,1236.1842252999995,0.00010700287384679541,1.0,1.0,1.0,1.0,9.362962962962963e-06,1.09375,0.0,2.0,medium|hard|easy
test,0,9,171,32,0.5331930510001257,91.33666286800144,1236.7179806869972,4.63708711322397e-05,1.0,1.0,1.0,1.0,9.357037037037037e-06,1.03125,0.0,2.0,hard|medium|easy
test,0,9,172,32,0.5325258140001097,91.86975270900439,1237.2510704550004,4.393501512822695e-05,1.0,1.0,1.0,1.0,9.351111111111112e-06,0.75,0.0,2.0,medium|easy|hard
test,0,9,173,32,0.5319594559987308,92.40235931699863,1237.7836771259972,4.93512416142039e-05,1.0,1.0,1.0,1.0,9.345185185185186e-06,0.90625,0.0,2.0,easy|hard|medium
test,0,9,174,32,0.5336768970009871,92.9365900010016,1238.317908048004,4.785375494975597e-05,1.0,1.0,1.0,1.0,9.33925925925926e-06,1.03125,0.0,2.0,hard|easy|medium
test,0,9,175,32,0.5325189729992417,93.46966400300153,1238.8509818500024,4.9462814786238596e-05,1.0,1.0,1.0,1.0,9.333333333333334e-06,1.0625,0.0,2.0,medium|easy|hard
test,0,9,176,32,0.5321080260036979,94.00236224200489,1239.3836800709978,4.877721949014813e-05,1.0,1.0,1.0,1.0,9.327407407407409e-06,0.96875,0.0,2.0,easy|hard|medium
test,0,9,177,32,0.5336486300002434,94.53657986599865,1239.917897655003,5.064742435934022e-05,1.0,1.0,1.0,1.0,9.321481481481483e-06,1.15625,0.0,2.0,hard|easy|medium
test,0,9,178,32,0.5322821029985789,95.06938977700338,1240.4507077200033,4.68926846224349e-05,1.0,1.0,1.0,1.0,9.315555555555557e-06,1.09375,0.0,2.0,easy|hard|medium
test,0,9,179,32,0.5315402280029957,95.60145671600185,1240.9827745250004,4.5458255044650286e-05,1.0,1.0,1.0,1.0,9.309629629629631e-06,0.9375,0.0,2.0,medium|easy|hard
test,0,9,180,32,0.534077131000231,96.13609275400086,1241.5174105030019,4.0444559999741614e-05,1.0,1.0,1.0,1.0,9.303703703703706e-06,1.21875,0.0,2.0,hard|easy|medium
test,0,9,181,32,0.5329040229989914,96.66961671000172,1242.0509345090031,4.686293686972931e-05,1.0,1.0,1.0,1.0,9.297777777777778e-06,0.9375,0.0,2.0,easy|hard|medium
test,0,9,182,32,0.5314540740000666,97.20167649900395,1242.5829943080025,4.052654549013823e-05,1.0,1.0,1.0,1.0,9.291851851851852e-06,1.0,0.0,2.0,hard|medium|easy
test,0,9,183,32,0.5338723070017295,97.73616847499943,1243.1174862589978,4.3245825509075075e-05,1.0,1.0,1.0,1.0,9.285925925925927e-06,0.96875,0.0,2.0,hard|medium|easy
test,0,9,184,32,0.5325734569996712,98.26923044399882,1243.650548229998,5.467738810693845e-05,1.0,1.0,1.0,1.0,9.280000000000001e-06,0.96875,0.0,2.0,easy|medium|hard
test,0,9,185,32,0.532709667000745,98.80260334099876,1244.1839213720014,4.819160676561296e-05,1.0,1.0,1.0,1.0,9.274074074074075e-06,0.875,0.0,2.0,medium|easy|hard
test,0,9,186,32,0.534003335997113,99.33725862699794,1244.718576430998,4.435201844898984e-05,1.0,1.0,1.0,1.0,9.26814814814815e-06,1.1875,0.0,2.0,hard|medium|easy
test,0,9,187,32,0.5327196700018249,99.87060552799812,1245.251923513999,4.70562772534322e-05,1.0,1.0,1.0,1.0,9.262222222222222e-06,0.875,0.0,2.0,medium|easy|hard
test,0,9,188,32,0.5338871010026196,100.40507365400117,1245.7863914100017,5.3020077757537365e-05,1.0,1.0,1.0,1.0,9.256296296296296e-06,1.09375,0.0,2.0,medium|hard|easy
test,0,9,189,32,0.5338416369995684,100.93951646200003,1246.3208342630023,4.077987250639126e-05,1.0,1.0,1.0,1.0,9.25037037037037e-06,0.90625,0.0,2.0,hard|medium|easy
test,0,9,190,32,0.5322493619969464,101.47234443200432,1246.853662235997,4.657230601878837e-05,1.0,1.0,1.0,1.0,9.244444444444445e-06,1.25,0.0,2.0,medium|hard|easy
test,0,9,191,32,0.5337070069945185,102.00664012099878,1247.387957881001,4.960430305800401e-05,1.0,1.0,1.0,1.0,9.238518518518519e-06,1.5625,0.0,2.0,hard|medium|easy
test,0,9,192,32,0.5335392679990036,102.54073082400282,1247.922048655004,4.3625808757497e-05,1.0,1.0,1.0,1.0,9.232592592592593e-06,1.25,0.0,2.0,hard|easy|medium
test,0,9,193,32,0.5334111519987346,103.0746678659998,1248.4559856819978,5.123665323480964e-05,1.0,1.0,1.0,1.0,9.226666666666668e-06,0.84375,0.0,2.0,easy|medium|hard
test,0,9,194,32,0.533571629996004,103.60881023500406,1248.9901280409977,4.280256689526141e-05,1.0,1.0,1.0,1.0,9.220740740740742e-06,0.78125,0.0,2.0,easy|hard|medium
test,0,9,195,32,0.5336961869979859,104.14311200700467,1249.524429817,4.1144885472022e-05,1.0,1.0,1.0,1.0,9.214814814814816e-06,0.90625,0.0,2.0,easy|medium|hard
test,0,9,196,32,0.5330290109995985,104.67665194399888,1250.0579696889981,4.422554047778249e-05,1.0,1.0,1.0,1.0,9.208888888888889e-06,1.03125,0.0,2.0,hard|medium|easy
test,0,9,197,32,0.533622025999648,105.21085601700179,1250.5921738059988,4.451583663467318e-05,1.0,1.0,1.0,1.0,9.202962962962963e-06,0.90625,0.0,2.0,easy|hard|medium
test,0,9,198,32,0.5332819180039223,105.74460338299832,1251.125921191997,5.6440716434735805e-05,1.0,1.0,1.0,1.0,9.197037037037037e-06,1.15625,0.0,2.0,medium|easy|hard
test,0,9,199,32,0.5324663749997853,106.27768417300103,1251.6590019830037,4.3070751416962594e-05,1.0,1.0,1.0,1.0,9.191111111111111e-06,0.75,0.0,2.0,hard|easy|medium
test,0,9,200,32,0.5337572159987758,106.81196939299844,1252.1932871219979,5.248647721600719e-05,1.0,1.0,1.0,1.0,9.185185185185186e-06,1.125,0.0,2.0,medium|hard|easy
test,0,9,201,32,0.5337058910008636,107.34624900600465,1252.7275667470021,4.336867277743295e-05,1.0,1.0,1.0,1.0,9.17925925925926e-06,1.09375,0.0,2.0,hard|medium|easy
test,0,9,202,32,0.5323957419968792,107.87918986700242,1253.2605076679974,5.1496492233127356e-05,1.0,1.0,1.0,1.0,9.173333333333334e-06,0.75,0.0,2.0,easy|medium|hard
test,0,9,203,32,0.5345190270018065,108.41424686000391,1253.7955646420014,3.880553049384616e-05,1.0,1.0,1.0,1.0,9.167407407407408e-06,1.125,0.0,2.0,hard|easy|medium
test,0,9,204,32,0.533256247996178,108.94803891500487,1254.3293567130022,4.3498959712451324e-05,1.0,1.0,1.0,1.0,9.161481481481483e-06,0.78125,0.0,2.0,easy|medium|hard
test,0,9,205,32,0.5324773149986868,109.48115281399805,1254.862470938002,4.412122507346794e-05,1.0,1.0,1.0,1.0,9.155555555555557e-06,0.90625,0.0,2.0,medium|hard|easy
test,0,9,206,32,0.5335003370055347,110.01517371200316,1255.3964914719982,4.399453246151097e-05,1.0,1.0,1.0,1.0,9.149629629629631e-06,0.8125,0.0,2.0,hard|easy|medium
test,0,9,207,32,0.533501707999676,110.54919362500368,1255.930511356004,4.1122570110019296e-05,1.0,1.0,1.0,1.0,9.143703703703705e-06,0.96875,0.0,2.0,hard|medium|easy
test,0,9,208,32,0.5325233249968733,111.08225767099793,1256.4635754800038,3.644751996034756e-05,1.0,1.0,1.0,1.0,9.137777777777778e-06,1.09375,0.0,2.0,hard|easy|medium
test,0,9,209,32,0.5338996829959797,111.61669929200434,1256.9980170830022,3.6000506952404976e-05,1.0,1.0,1.0,1.0,9.131851851851852e-06,0.9375,0.0,2.0,hard|easy|medium
test,0,9,210,32,0.5331094939974719,112.15044858599867,1257.531766658998,3.9222704799612984e-05,1.0,1.0,1.0,1.0,9.125925925925927e-06,1.0625,0.0,2.0,medium|hard|easy
test,0,9,211,32,0.5319475259966566,112.68288725599996,1258.0642050120005,4.478051414480433e-05,1.0,1.0,1.0,1.0,9.12e-06,0.96875,0.0,2.0,easy|medium|hard
test,0,9,212,32,0.5335010769995279,113.21694250700239,1258.5982602720032,4.4892374717164785e-05,1.0,1.0,1.0,1.0,9.114074074074075e-06,0.84375,0.0,2.0,medium|easy|hard
test,0,9,213,32,0.5336986999973306,113.7511707770027,1259.132488561001,4.3551346607273445e-05,1.0,1.0,1.0,1.0,9.10814814814815e-06,1.0625,0.0,2.0,medium|hard|easy
test,0,9,214,32,0.532094080997922,114.28381054400234,1259.6651283489991,3.788540925597772e-05,1.0,1.0,1.0,1.0,9.102222222222224e-06,0.9375,0.0,2.0,hard|easy|medium
test,0,9,215,32,0.5334812089931802,114.81780955399881,1260.1991273520034,3.883535828208551e-05,1.0,1.0,1.0,1.0,9.096296296296298e-06,1.09375,0.0,2.0,easy|medium|hard
test,0,9,216,32,0.532939072996669,115.35132881100435,1260.7326466209997,4.947196430293843e-05,1.0,1.0,1.0,1.0,9.090370370370372e-06,1.15625,0.0,2.0,medium|hard|easy
test,0,9,217,32,0.5324628480011597,115.88442831500288,1261.2657463299984,4.530209116637707e-05,1.0,1.0,1.0,1.0,9.084444444444446e-06,1.0,0.0,2.0,easy|medium|hard
test,0,9,218,32,0.5334528609964764,116.41842707500473,1261.7997448960014,5.0150949391536415e-05,1.0,1.0,1.0,1.0,9.078518518518519e-06,1.0,0.0,2.0,hard|medium|easy
test,0,9,219,32,0.5337531219993252,116.95279717900121,1262.3341149280022,0.2539624571800232,0.975,0.96875,0.9615384615384616,0.9671794871794872,9.072592592592593e-06,0.96875,0.0,2.0,hard|easy|medium
test,0,9,220,32,0.532527655006561,117.4859224910033,1262.8672402800003,6.098384619690478e-05,1.0,1.0,1.0,1.0,9.066666666666667e-06,0.96875,0.0,2.0,hard|medium|easy
test,0,9,221,32,0.5336849000013899,118.02024415699998,1263.4015619679994,3.974800347350538e-05,1.0,1.0,1.0,1.0,9.060740740740742e-06,1.125,0.0,2.0,medium|hard|easy
test,0,9,222,32,0.5331992889987305,118.55401426600292,1263.935332054003,8.64376561366953e-05,1.0,1.0,1.0,1.0,9.054814814814816e-06,1.0625,0.0,2.0,medium|easy|hard
test,0,9,223,32,0.532440515999042,119.08706238100422,1264.4683801959982,3.673062747111544e-05,1.0,1.0,1.0,1.0,9.048888888888888e-06,1.0,0.0,2.0,medium|easy|hard
test,0,9,224,32,0.5335686870021163,119.62107690999983,1265.002394695999,3.939408634323627e-05,1.0,1.0,1.0,1.0,9.042962962962963e-06,0.78125,0.0,2.0,easy|medium|hard
test,0,9,225,32,0.5326252739978372,120.15433562500402,1265.5356534579987,4.400192483444698e-05,1.0,1.0,1.0,1.0,9.037037037037037e-06,0.9375,0.0,2.0,medium|hard|easy
test,0,9,226,32,0.5316657220027992,120.68648466800369,1266.067802464997,5.220062303123996e-05,1.0,1.0,1.0,1.0,9.031111111111111e-06,0.96875,0.0,2.0,medium|easy|hard
test,0,9,227,32,0.5332255000030273,121.22018576700066,1266.601503553,5.680777030647732e-05,1.0,1.0,1.0,1.0,9.025185185185185e-06,0.625,0.0,2.0,easy|hard|medium
test,0,9,228,32,0.5325920899995253,121.75324874900252,1267.1345665609988,3.91593603126239e-05,1.0,1.0,1.0,1.0,9.01925925925926e-06,1.25,0.0,2.0,medium|easy|hard
test,0,9,229,32,0.5328177490009693,122.28669428200374,1267.6680121169993,4.1062892705667764e-05,1.0,1.0,1.0,1.0,9.013333333333334e-06,0.9375,0.0,2.0,hard|medium|easy
test,0,9,230,32,0.5336122640001122,122.82084391300305,1268.2021617179998,4.188991442788392e-05,1.0,1.0,1.0,1.0,9.007407407407408e-06,1.15625,0.0,2.0,hard|medium|easy
test,0,9,231,32,0.5332258900016313,123.35467676199914,1268.7359945740027,4.65723751403857e-05,1.0,1.0,1.0,1.0,9.001481481481483e-06,0.96875,0.0,2.0,easy|medium|hard
test,0,9,232,32,0.5321987759962212,123.88748148800369,1269.2687992680003,4.824085044674575e-05,1.0,1.0,1.0,1.0,8.995555555555557e-06,1.1875,0.0,2.0,medium|hard|easy
test,0,9,233,32,0.5336202999969828,124.4216492839987,1269.802967315998,4.608786912285723e-05,1.0,1.0,1.0,1.0,8.989629629629631e-06,1.0,0.0,2.0,easy|hard|medium
test,0,9,234,32,0.5329650510029751,124.95517383300466,1270.3364916490027,0.24921828508377075,0.9705882352941176,0.96875,0.96875,0.9687194525904204,8.983703703703705e-06,1.0,0.0,2.0,hard|easy|medium
test,0,9,235,32,0.5328103490028298,125.48853217600117,1270.8698500169994,6.346267036860809e-05,1.0,1.0,1.0,1.0,8.977777777777778e-06,0.96875,0.0,2.0,easy|hard|medium
test,0,9,236,32,0.5336685209986172,126.02278958800161,1271.4041073900007,5.117971159052104e-05,1.0,1.0,1.0,1.0,8.971851851851852e-06,0.8125,0.0,2.0,easy|hard|medium
test,0,9,237,32,0.5330407980000018,126.55640384100116,1271.9377216560024,4.730612272396684e-05,1.0,1.0,1.0,1.0,8.965925925925926e-06,1.125,0.0,2.0,medium|hard|easy
test,0,9,238,32,0.532327658002032,127.0892821669986,1272.4705999700018,5.0441358325770125e-05,1.0,1.0,1.0,1.0,8.96e-06,1.03125,0.0,2.0,medium|easy|hard
test,0,9,239,32,0.5337734630011255,127.62363690599886,1273.0049546860027,4.226988312439062e-05,1.0,1.0,1.0,1.0,8.954074074074075e-06,0.9375,0.0,2.0,easy|medium|hard
test,0,9,240,32,0.5329044070022064,128.15714876600396,1273.5384665770034,7.741295848973095e-05,1.0,1.0,1.0,1.0,8.948148148148149e-06,0.90625,0.0,2.0,easy|hard|medium
test,0,9,241,32,0.5323453759992844,128.6899686340039,1274.0712863790031,3.9949140045791864e-05,1.0,1.0,1.0,1.0,8.942222222222223e-06,0.90625,0.0,2.0,medium|hard|easy
test,0,9,242,32,0.5338039140042383,129.22437423700467,1274.6056923310025,4.169982275925577e-05,1.0,1.0,1.0,1.0,8.936296296296298e-06,1.125,0.0,2.0,medium|hard|easy
test,0,9,243,32,0.5333376080016023,129.75824883599853,1275.1395668330006,6.537727313116193e-05,1.0,1.0,1.0,1.0,8.930370370370372e-06,1.125,0.0,2.0,hard|medium|easy
test,0,9,244,32,0.5311961390034412,130.29000987199834,1275.6713276070004,4.0507889934815466e-05,1.0,1.0,1.0,1.0,8.924444444444446e-06,1.0625,0.0,2.0,hard|medium|easy
test,0,9,245,32,0.5333286009990843,130.82391398899927,1276.2052319979994,4.047437323606573e-05,1.0,1.0,1.0,1.0,8.91851851851852e-06,0.78125,0.0,2.0,easy|hard|medium
test,0,9,246,32,0.5323986989969853,131.35689993200504,1276.738217666003,5.4192747484194115e-05,1.0,1.0,1.0,1.0,8.912592592592593e-06,0.9375,0.0,2.0,easy|medium|hard
test,0,9,247,32,0.5318743929965422,131.8895680850037,1277.270886172002,5.275080184219405e-05,1.0,1.0,1.0,1.0,8.906666666666667e-06,0.6875,0.0,2.0,medium|easy|hard
test,0,9,248,32,0.5337724880009773,132.42379866400006,1277.8051164310018,5.061390402261168e-05,1.0,1.0,1.0,1.0,8.900740740740741e-06,0.875,0.0,2.0,hard|easy|medium
test,0,9,249,32,0.5324048130059964,132.9566815069993,1278.3379992339978,4.6501583710778505e-05,1.0,1.0,1.0,1.0,8.894814814814816e-06,1.03125,0.0,2.0,medium|easy|hard
test,0,9,250,32,0.5319453450065339,133.48914678800065,1278.870464532003,6.446139013860375e-05,1.0,1.0,1.0,1.0,8.888888888888888e-06,0.875,0.0,2.0,medium|easy|hard
test,0,10,1,32,0.5356707699975232,0.6207955009958823,1289.4090437880004,4.29739011451602e-05,1.0,1.0,1.0,1.0,8.882962962962963e-06,0.65625,0.0,2.0,easy|medium|hard
test,0,10,2,32,0.5333330939974985,1.154878829998779,1289.9431271670037,0.000499908986967057,1.0,1.0,1.0,1.0,8.877037037037037e-06,1.28125,0.0,2.0,hard|medium|easy
test,0,10,3,32,0.5343905159970745,1.689884567997069,1290.4781328559984,4.200154944555834e-05,1.0,1.0,1.0,1.0,8.871111111111111e-06,1.125,0.0,2.0,medium|hard|easy
test,0,10,4,32,0.532963005003694,2.223389999999199,1291.0116382870037,4.229959085932933e-05,1.0,1.0,1.0,1.0,8.865185185185185e-06,0.90625,0.0,2.0,hard|easy|medium
test,0,10,5,32,0.5327248929970665,2.7567007039979217,1291.544948984003,4.168504528934136e-05,1.0,1.0,1.0,1.0,8.85925925925926e-06,0.84375,0.0,2.0,easy|hard|medium
test,0,10,6,32,0.5344198620005045,3.291746745999262,1292.0799950880028,4.6479191951220855e-05,1.0,1.0,1.0,1.0,8.853333333333334e-06,0.8125,0.0,2.0,hard|easy|medium
test,0,10,7,32,0.5336349659992266,3.826050153998949,1292.6142984969993,3.790776099776849e-05,1.0,1.0,1.0,1.0,8.847407407407408e-06,0.90625,0.0,2.0,medium|easy|hard
test,0,10,8,32,0.5319879929957096,4.358608770999126,1293.1468570540019,5.582455196417868e-05,1.0,1.0,1.0,1.0,8.841481481481482e-06,0.84375,0.0,2.0,easy|medium|hard
test,0,10,9,32,0.5349599569963175,4.894208184996387,1293.6824565310017,3.766937516047619e-05,1.0,1.0,1.0,1.0,8.835555555555557e-06,0.875,0.0,2.0,easy|medium|hard
test,0,10,10,32,0.5336963969966746,5.428435987996636,1294.216684293002,3.76916941604577e-05,1.0,1.0,1.0,1.0,8.829629629629631e-06,1.34375,0.0,2.0,medium|easy|hard
test,0,10,11,32,0.5327647119993344,5.961798179996549,1294.7500464769983,4.266826726961881e-05,1.0,1.0,1.0,1.0,8.823703703703705e-06,1.0,0.0,2.0,hard|medium|easy
test,0,10,12,32,0.533348943994497,6.495719599995937,1295.2839678879973,4.612528937286697e-05,1.0,1.0,1.0,1.0,8.817777777777778e-06,1.03125,0.0,2.0,hard|medium|easy
test,0,10,13,32,0.5338127089999034,7.030067660998611,1295.818315964003,9.896916162688285e-05,1.0,1.0,1.0,1.0,8.811851851851852e-06,1.0625,0.0,2.0,easy|medium|hard
test,0,10,14,32,0.5324167859944282,7.562945309000497,1296.3511935909992,4.983495455235243e-05,1.0,1.0,1.0,1.0,8.805925925925926e-06,0.84375,0.0,2.0,medium|easy|hard
test,0,10,15,32,0.5336788530039485,8.097174925998843,1296.8854232209997,6.417187978513539e-05,1.0,1.0,1.0,1.0,8.8e-06,1.34375,0.0,2.0,medium|hard|easy
test,0,10,16,32,0.533371593002812,8.631071419993532,1297.419320025001,4.0150320273824036e-05,1.0,1.0,1.0,1.0,8.794074074074075e-06,1.0625,0.0,2.0,hard|medium|easy
test,0,10,17,32,0.532471448997967,9.164144343994849,1297.952392639003,4.096225165994838e-05,1.0,1.0,1.0,1.0,8.788148148148149e-06,0.84375,0.0,2.0,medium|easy|hard
test,0,10,18,32,0.5340927590004867,9.698795397998765,1298.4870437110003,5.145191971678287e-05,1.0,1.0,1.0,1.0,8.782222222222223e-06,0.90625,0.0,2.0,easy|hard|medium
test,0,10,19,32,0.5339090730049065,10.233335478995286,1299.0215837599972,6.666711124125868e-05,1.0,1.0,1.0,1.0,8.776296296296297e-06,1.25,0.0,2.0,hard|easy|medium
test,0,10,20,32,0.5325245639978675,10.766442016996734,1299.5546906410018,3.696157000376843e-05,1.0,1.0,1.0,1.0,8.770370370370372e-06,0.96875,0.0,2.0,easy|hard|medium
test,0,10,21,32,0.5336355120016378,11.300634011000511,1300.0888823060013,8.7561464169994e-05,1.0,1.0,1.0,1.0,8.764444444444446e-06,0.9375,0.0,2.0,hard|medium|easy
test,0,10,22,32,0.5331230189985945,11.834377952000068,1300.6226262389973,8.314439037349075e-05,1.0,1.0,1.0,1.0,8.75851851851852e-06,1.09375,0.0,2.0,medium|easy|hard
test,0,10,23,32,0.5326494269975228,12.367558958998416,1301.1558072510015,4.7636764065828174e-05,1.0,1.0,1.0,1.0,8.752592592592593e-06,1.03125,0.0,2.0,easy|hard|medium
test,0,10,24,32,0.5333190329984063,12.901466625997273,1301.6897149180004,3.972557169618085e-05,1.0,1.0,1.0,1.0,8.746666666666667e-06,0.71875,0.0,2.0,easy|hard|medium
test,0,10,25,32,0.5326034090030589,13.434556681000686,1302.2228049789992,4.420623736223206e-05,1.0,1.0,1.0,1.0,8.740740740740741e-06,0.84375,0.0,2.0,hard|easy|medium
test,0,10,26,32,0.5328337739993003,13.967894178000279,1302.756142473998,3.851496148854494e-05,1.0,1.0,1.0,1.0,8.734814814814816e-06,0.9375,0.0,2.0,hard|medium|easy
test,0,10,27,32,0.5335983089971705,14.502047087000392,1303.2902953809971,3.879063297063112e-05,1.0,1.0,1.0,1.0,8.72888888888889e-06,0.90625,0.0,2.0,medium|hard|easy
test,0,10,28,32,0.5331186610055738,15.035735104000196,1303.8239833940024,3.779230246436782e-05,1.0,1.0,1.0,1.0,8.722962962962964e-06,1.0,0.0,2.0,easy|hard|medium
test,0,10,29,32,0.533102373003203,15.569299778995628,1304.3575480610016,4.0329039620701224e-05,1.0,1.0,1.0,1.0,8.717037037037038e-06,0.90625,0.0,2.0,hard|medium|easy
test,0,10,30,32,0.5334286730067106,16.103322863993526,1304.8915711489972,4.346164132584818e-05,1.0,1.0,1.0,1.0,8.711111111111111e-06,1.0625,0.0,2.0,medium|hard|easy
test,0,10,31,32,0.5327248690009583,16.63664531199902,1305.4248937599987,4.122313839616254e-05,1.0,1.0,1.0,1.0,8.705185185185185e-06,0.96875,0.0,2.0,easy|hard|medium
test,0,10,32,32,0.5333622159960214,17.170598400996823,1305.9588466880014,4.652698407880962e-05,1.0,1.0,1.0,1.0,8.69925925925926e-06,0.9375,0.0,2.0,easy|hard|medium
test,0,10,33,32,0.5337154280059622,17.704910984997696,1306.4931593330039,4.988009459339082e-05,1.0,1.0,1.0,1.0,8.693333333333334e-06,1.15625,0.0,2.0,hard|easy|medium
test,0,10,34,32,0.5330398549995152,18.23855374699633,1307.026802045999,4.115976844332181e-05,1.0,1.0,1.0,1.0,8.687407407407408e-06,0.90625,0.0,2.0,medium|easy|hard
test,0,10,35,32,0.533281429001363,18.772466389993497,1307.560714666004,3.573230787878856e-05,1.0,1.0,1.0,1.0,8.681481481481482e-06,1.15625,0.0,2.0,easy|hard|medium
test,0,10,36,32,0.5338996860009502,19.30689890099893,1308.095147222004,3.605266829254106e-05,1.0,1.0,1.0,1.0,8.675555555555556e-06,1.0625,0.0,2.0,medium|easy|hard
test,0,10,37,32,0.5330726629981655,19.840622237999924,1308.628870663997,3.6000506952404976e-05,1.0,1.0,1.0,1.0,8.66962962962963e-06,1.1875,0.0,2.0,hard|easy|medium
test,0,10,38,32,0.5319642600006773,20.373149830993498,1309.161398119999,4.1766899812500924e-05,1.0,1.0,1.0,1.0,8.663703703703705e-06,0.6875,0.0,2.0,easy|hard|medium
test,0,10,39,32,0.5339727879982092,20.90770015799353,1309.6959484429972,3.9717859181109816e-05,1.0,1.0,1.0,1.0,8.657777777777778e-06,0.84375,0.0,2.0,easy|hard|medium
test,0,10,40,32,0.5326879400017788,21.44093924399931,1310.2291875209994,4.5886539737693965e-05,1.0,1.0,1.0,1.0,8.651851851851852e-06,0.65625,0.0,2.0,medium|easy|hard
test,0,10,41,32,0.5322411129964166,21.973708999998053,1310.7619572969998,5.0625028961803764e-05,1.0,1.0,1.0,1.0,8.645925925925926e-06,0.96875,0.0,2.0,hard|medium|easy
test,0,10,42,32,0.534023280000838,22.50820260999899,1311.296450889,3.980750625487417e-05,1.0,1.0,1.0,1.0,8.64e-06,1.1875,0.0,2.0,hard|easy|medium
test,0,10,43,32,0.532440774004499,23.041136959996948,1311.8293852479983,3.806795575655997e-05,1.0,1.0,1.0,1.0,8.634074074074075e-06,1.0,0.0,2.0,easy|medium|hard
test,0,10,44,32,0.5330491819986491,23.574730723994435,1312.362979038,4.925734901917167e-05,1.0,1.0,1.0,1.0,8.628148148148149e-06,0.96875,0.0,2.0,easy|medium|hard
test,0,10,45,32,0.5339093930015224,24.109199139995326,1312.8974474269999,4.652708594221622e-05,1.0,1.0,1.0,1.0,8.622222222222223e-06,1.125,0.0,2.0,easy|hard|medium
test,0,10,46,32,0.5329213389995857,24.642633242998272,1313.4308818380014,4.9775051593314856e-05,1.0,1.0,1.0,1.0,8.616296296296297e-06,0.84375,0.0,2.0,easy|hard|medium
test,0,10,47,32,0.5338799429955543,25.176961849996587,1313.965210141003,3.850004213745706e-05,1.0,1.0,1.0,1.0,8.610370370370372e-06,1.03125,0.0,2.0,hard|medium|easy
test,0,10,48,32,0.5336865549979848,25.711237645999063,1314.4994862370004,3.9766520785633475e-05,1.0,1.0,1.0,1.0,8.604444444444446e-06,1.3125,0.0,2.0,hard|medium|easy
test,0,10,49,32,0.532990127998346,26.244871127993974,1315.0331198040003,5.030352622270584e-05,1.0,1.0,1.0,1.0,8.59851851851852e-06,1.1875,0.0,2.0,easy|medium|hard
test,0,10,50,32,0.5334074429993052,26.778828049995354,1315.5670764099996,3.845532046398148e-05,1.0,1.0,1.0,1.0,8.592592592592593e-06,1.0625,0.0,2.0,hard|medium|easy
test,0,10,51,32,0.5330875409999862,27.31244825799513,1316.1006965380002,5.029630847275257e-05,1.0,1.0,1.0,1.0,8.586666666666667e-06,1.09375,0.0,2.0,hard|medium|easy
test,0,10,52,32,0.5328220329975011,27.84582977699756,1316.6340780559985,3.951694816350937e-05,1.0,1.0,1.0,1.0,8.580740740740741e-06,1.0625,0.0,2.0,easy|hard|medium
test,0,10,53,32,0.5341974000039045,28.380604676000075,1317.168852969,4.199408067506738e-05,1.0,1.0,1.0,1.0,8.574814814814815e-06,1.0,0.0,2.0,hard|easy|medium
test,0,10,54,32,0.5326411779969931,28.91377458399802,1317.702022874997,3.743838897207752e-05,1.0,1.0,1.0,1.0,8.56888888888889e-06,1.03125,0.0,2.0,easy|medium|hard
test,0,10,55,32,0.5332125869972515,29.447469520993764,1318.235717829004,3.563171412679367e-05,1.0,1.0,1.0,1.0,8.562962962962964e-06,0.8125,0.0,2.0,medium|hard|easy
test,0,10,56,32,0.5343776489971788,29.982435200996406,1318.770683488001,4.873061698162928e-05,1.0,1.0,1.0,1.0,8.557037037037038e-06,1.1875,0.0,2.0,medium|easy|hard
test,0,10,57,32,0.5325711330006015,30.51546474499628,1319.303713039997,5.06678807141725e-05,1.0,1.0,1.0,1.0,8.551111111111112e-06,1.21875,0.0,2.0,medium|hard|easy
test,0,10,58,32,0.5322619920043508,31.04825588399399,1319.836504167004,4.3629464926198125e-05,1.0,1.0,1.0,1.0,8.545185185185187e-06,0.90625,0.0,2.0,medium|easy|hard
test,0,10,59,32,0.5339603839966003,31.582723923995218,1320.3709722139974,4.592772529576905e-05,1.0,1.0,1.0,1.0,8.539259259259261e-06,1.0625,0.0,2.0,medium|easy|hard
test,0,10,60,32,0.5330821259994991,32.116366627997195,1320.9046150240029,3.946480865124613e-05,1.0,1.0,1.0,1.0,8.533333333333335e-06,0.90625,0.0,2.0,medium|easy|hard
test,0,10,61,32,0.5311963880012627,32.648127919994295,1321.4363762069988,4.2269799450878054e-05,1.0,1.0,1.0,1.0,8.527407407407408e-06,1.0,0.0,2.0,medium|easy|hard
test,0,10,62,32,0.5338751420058543,33.18249552799534,1321.9707438059995,0.004246956203132868,1.0,1.0,1.0,1.0,8.521481481481482e-06,1.03125,0.0,2.0,hard|medium|easy
test,0,10,63,32,0.5335112199973082,33.71657854899968,1322.504826819997,3.877198469126597e-05,1.0,1.0,1.0,1.0,8.515555555555556e-06,1.0,0.0,2.0,medium|easy|hard
test,0,10,64,32,0.5321297780028544,34.24926866500027,1323.0375169949984,4.9727183068171144e-05,1.0,1.0,1.0,1.0,8.50962962962963e-06,1.0625,0.0,2.0,medium|hard|easy
test,0,10,65,32,0.5341951139998855,34.783987414994044,1323.5722357999985,4.3349085899535567e-05,1.0,1.0,1.0,1.0,8.503703703703705e-06,1.0625,0.0,2.0,medium|hard|easy
test,0,10,66,32,0.5336116640028195,35.318140241994115,1324.106388578999,0.2365129441022873,0.9722222222222222,0.96875,0.9666666666666667,0.9684729064039409,8.497777777777777e-06,1.21875,0.0,2.0,medium|hard|easy
test,0,10,67,32,0.5323329329985427,35.85107023299497,1324.6393185199995,4.0597231418360025e-05,1.0,1.0,1.0,1.0,8.491851851851852e-06,0.84375,0.0,2.0,easy|medium|hard
test,0,10,68,32,0.5336943740039715,36.385278248999384,1325.1735265539974,3.603776713134721e-05,1.0,1.0,1.0,1.0,8.485925925925926e-06,1.03125,0.0,2.0,easy|medium|hard
test,0,10,69,32,0.533328587996948,36.91920420799579,1325.7074524970012,3.7412235542433336e-05,1.0,1.0,1.0,1.0,8.48e-06,0.875,0.0,2.0,easy|medium|hard
test,0,10,70,32,0.5324293930025306,37.45213097699889,1326.240379267998,3.469297371339053e-05,1.0,1.0,1.0,1.0,8.474074074074074e-06,1.15625,0.0,2.0,medium|easy|hard
test,0,10,71,32,0.5340951989928726,37.98680446099752,1326.775052748002,0.00013502004730980843,1.0,1.0,1.0,1.0,8.468148148148149e-06,1.1875,0.0,2.0,hard|medium|easy
test,0,10,72,32,0.5336165310000069,38.52103869799612,1327.3092870239998,0.00012153822899563238,1.0,1.0,1.0,1.0,8.462222222222223e-06,1.125,0.0,2.0,medium|easy|hard
test,0,10,73,32,0.5326972010007012,39.05436901599751,1327.8426172969994,5.2881514420732856e-05,1.0,1.0,1.0,1.0,8.456296296296297e-06,1.15625,0.0,2.0,easy|medium|hard
test,0,10,74,32,0.5338893469961477,39.58879624599649,1328.3770445359987,4.5462147681973875e-05,1.0,1.0,1.0,1.0,8.450370370370371e-06,1.125,0.0,2.0,easy|medium|hard
test,0,10,75,32,0.5332200970005943,40.122516617993824,1328.9107649090001,5.0884289521491155e-05,1.0,1.0,1.0,1.0,8.444444444444446e-06,1.03125,0.0,2.0,medium|hard|easy
test,0,10,76,32,0.5325601910008118,40.65562005399988,1329.4438683560002,3.715527418535203e-05,1.0,1.0,1.0,1.0,8.43851851851852e-06,0.90625,0.0,2.0,hard|easy|medium
test,0,10,77,32,0.5328439830045681,41.18898973099567,1329.9772380279974,5.0773011025739834e-05,1.0,1.0,1.0,1.0,8.432592592592594e-06,0.875,0.0,2.0,easy|hard|medium
test,0,10,78,32,0.5327637309965212,41.72229702399636,1330.5105453310025,5.5936379794729874e-05,1.0,1.0,1.0,1.0,8.426666666666667e-06,1.03125,0.0,2.0,hard|medium|easy
test,0,10,79,32,0.532680538999557,42.25555804299802,1331.043806337002,3.669707439257763e-05,1.0,1.0,1.0,1.0,8.420740740740741e-06,1.03125,0.0,2.0,easy|hard|medium
test,0,10,80,32,0.5330575049956678,42.789168837000034,1331.5774171509984,3.996772284153849e-05,1.0,1.0,1.0,1.0,8.414814814814815e-06,1.03125,0.0,2.0,hard|medium|easy
test,0,10,81,32,0.5333153739993577,43.32305322499451,1332.1113015200026,4.2314455640735105e-05,1.0,1.0,1.0,1.0,8.40888888888889e-06,1.15625,0.0,2.0,easy|hard|medium
test,0,10,82,32,0.5325931280021905,43.856196521999664,1332.6444448199982,3.91145731555298e-05,1.0,1.0,1.0,1.0,8.402962962962964e-06,1.09375,0.0,2.0,easy|medium|hard
test,0,10,83,32,0.5337844850000693,44.39056126099604,1333.1788095750017,4.127517968299799e-05,1.0,1.0,1.0,1.0,8.397037037037038e-06,1.03125,0.0,2.0,medium|hard|easy
test,0,10,84,32,0.5325687529984862,44.923688236995076,1333.7119365399994,4.574144259095192e-05,1.0,1.0,1.0,1.0,8.391111111111112e-06,0.84375,0.0,2.0,medium|hard|easy
test,0,10,85,32,0.5324414080023416,45.456794629993965,1334.2450432100013,4.009062104159966e-05,1.0,1.0,1.0,1.0,8.385185185185187e-06,1.125,0.0,2.0,hard|medium|easy
test,0,10,86,32,0.5332271779989242,45.990659704999416,1334.7789079930008,4.8393609176855534e-05,1.0,1.0,1.0,1.0,8.37925925925926e-06,0.84375,0.0,2.0,easy|hard|medium
test,0,10,87,32,0.532598487996438,46.52379444200051,1335.3120427250033,3.952067345380783e-05,1.0,1.0,1.0,1.0,8.373333333333335e-06,1.03125,0.0,2.0,hard|easy|medium
test,0,10,88,32,0.533061580004869,47.057355810000445,1335.8456040870005,3.661143273347989e-05,1.0,1.0,1.0,1.0,8.36740740740741e-06,0.9375,0.0,2.0,easy|hard|medium
test,0,10,89,32,0.5333397750000586,47.59128502499516,1336.379533311003,4.2511910578468814e-05,1.0,1.0,1.0,1.0,8.361481481481482e-06,1.1875,0.0,2.0,hard|easy|medium
test,0,10,90,32,0.5330166499988991,48.12483748699742,1336.9130861200028,3.221203951397911e-05,1.0,1.0,1.0,1.0,8.355555555555556e-06,0.75,0.0,2.0,medium|hard|easy
test,0,10,91,32,0.5330756689945702,48.65843567800039,1337.446683962,3.590364212868735e-05,1.0,1.0,1.0,1.0,8.34962962962963e-06,1.03125,0.0,2.0,easy|hard|medium
test,0,10,92,32,0.5336408539951663,49.192710964998696,1337.9809592500023,4.6080418542260304e-05,1.0,1.0,1.0,1.0,8.343703703703705e-06,0.84375,0.0,2.0,easy|hard|medium
test,0,10,93,32,0.5331913330010138,49.726501740995445,1338.514750025999,5.061292904429138e-05,1.0,1.0,1.0,1.0,8.337777777777777e-06,1.09375,0.0,2.0,easy|medium|hard
test,0,10,94,32,0.5327429280005163,50.25971571699483,1339.0479639929981,3.9058759284671396e-05,1.0,1.0,1.0,1.0,8.331851851851851e-06,0.75,0.0,2.0,medium|easy|hard
test,0,10,95,32,0.5332867670003907,50.79357371299557,1339.581822002001,4.526458360487595e-05,1.0,1.0,1.0,1.0,8.325925925925926e-06,0.9375,0.0,2.0,easy|hard|medium
test,0,10,96,32,0.5327760170039255,51.32690612599981,1340.115154416002,4.40015246567782e-05,1.0,1.0,1.0,1.0,8.32e-06,1.0,0.0,2.0,easy|medium|hard
test,0,10,97,32,0.5327594049958861,51.86029144299391,1340.6485397220022,4.4836346205556765e-05,1.0,1.0,1.0,1.0,8.314074074074074e-06,0.96875,0.0,2.0,hard|medium|easy
test,0,10,98,32,0.5333073919973685,52.39410203099396,1341.182350324998,4.465375968720764e-05,1.0,1.0,1.0,1.0,8.308148148148148e-06,1.0625,0.0,2.0,hard|medium|easy
test,0,10,99,32,0.5331000460064388,52.92781184299383,1341.7160604040037,3.9703249058220536e-05,1.0,1.0,1.0,1.0,8.302222222222223e-06,0.96875,0.0,2.0,medium|hard|easy
test,0,10,100,32,0.5327628180020838,53.46113378199516,1342.2493820570016,4.200908733764663e-05,1.0,1.0,1.0,1.0,8.296296296296297e-06,1.0,0.0,2.0,medium|easy|hard
test,0,10,101,32,0.5337235629995121,53.99546042199654,1342.7837087259977,3.643632953753695e-05,1.0,1.0,1.0,1.0,8.290370370370371e-06,1.125,0.0,2.0,medium|hard|easy
test,0,10,102,32,0.5327883209974971,54.528791724995244,1343.317040011003,4.538380017038435e-05,1.0,1.0,1.0,1.0,8.284444444444446e-06,0.9375,0.0,2.0,medium|easy|hard
test,0,10,103,32,0.5317150679984479,55.0610547010001,1343.8493029899983,3.7907644582446665e-05,1.0,1.0,1.0,1.0,8.27851851851852e-06,0.6875,0.0,2.0,medium|easy|hard
test,0,10,104,32,0.5335108380022575,55.59513511700061,1344.3833834260004,4.741404700325802e-05,1.0,1.0,1.0,1.0,8.272592592592594e-06,0.8125,0.0,2.0,hard|medium|easy
test,0,10,105,32,0.532994866000081,56.12874318899412,1344.9169914739978,4.494033782975748e-05,1.0,1.0,1.0,1.0,8.266666666666667e-06,1.1875,0.0,2.0,easy|hard|medium
test,0,10,106,32,0.5318594220007071,56.66122939699562,1345.449477688002,3.911462044925429e-05,1.0,1.0,1.0,1.0,8.26074074074074e-06,1.03125,0.0,2.0,medium|hard|easy
test,0,10,107,32,0.5338709030038444,57.19562670899904,1345.9838749909977,3.527782246237621e-05,1.0,1.0,1.0,1.0,8.254814814814815e-06,1.125,0.0,2.0,easy|hard|medium
test,0,10,108,32,0.533046397002181,57.729182347997266,1346.517430631,4.127893771510571e-05,1.0,1.0,1.0,1.0,8.24888888888889e-06,1.1875,0.0,2.0,easy|medium|hard
test,0,10,109,32,0.5326691520021996,58.2624007609993,1347.050649056,3.826899774139747e-05,1.0,1.0,1.0,1.0,8.242962962962964e-06,1.09375,0.0,2.0,easy|hard|medium
test,0,10,110,32,0.5337213669990888,58.796681460997206,1347.5849297610039,4.391620313981548e-05,1.0,1.0,1.0,1.0,8.237037037037038e-06,0.90625,0.0,2.0,easy|medium|hard
test,0,10,111,32,0.5329380409966689,59.33018502899358,1348.118433319003,3.468179056653753e-05,1.0,1.0,1.0,1.0,8.231111111111112e-06,1.03125,0.0,2.0,easy|medium|hard
test,0,10,112,32,0.5339125030004652,59.86463994099904,1348.6528882170023,3.984465365647338e-05,1.0,1.0,1.0,1.0,8.225185185185186e-06,1.09375,0.0,2.0,hard|medium|easy
test,0,10,113,32,0.5334527800005162,60.39870792500005,1349.1869562170032,3.541561818565242e-05,1.0,1.0,1.0,1.0,8.21925925925926e-06,1.1875,0.0,2.0,medium|hard|easy
test,0,10,114,32,0.5327443439964554,60.932052223994106,1349.7203005379997,3.956151704187505e-05,1.0,1.0,1.0,1.0,8.213333333333335e-06,1.0,0.0,2.0,hard|medium|easy
test,0,10,115,32,0.5334976649974124,61.46613188799529,1350.2543801799984,3.506917710183188e-05,1.0,1.0,1.0,1.0,8.207407407407409e-06,0.96875,0.0,2.0,medium|hard|easy
test,0,10,116,32,0.5331701129980502,61.999849592997634,1350.7880978730027,4.675432501244359e-05,1.0,1.0,1.0,1.0,8.201481481481482e-06,1.15625,0.0,2.0,hard|easy|medium
test,0,10,117,32,0.5330272549981601,62.533484943000076,1351.3217332229979,4.4105130655225366e-05,1.0,1.0,1.0,1.0,8.195555555555556e-06,0.96875,0.0,2.0,hard|easy|medium
test,0,10,118,32,0.5335177430024487,63.067513748996134,1351.855762033003,6.322642730083317e-05,1.0,1.0,1.0,1.0,8.18962962962963e-06,1.0625,0.0,2.0,easy|hard|medium
test,0,10,119,32,0.5330376779966173,63.60115243099426,1352.3894007210038,4.453071960597299e-05,1.0,1.0,1.0,1.0,8.183703703703704e-06,0.84375,0.0,2.0,easy|hard|medium
test,0,10,120,32,0.5333108370032278,64.134997491994,1352.923245803002,4.0656672354089096e-05,1.0,1.0,1.0,1.0,8.177777777777779e-06,0.90625,0.0,2.0,medium|easy|hard
test,0,10,121,32,0.5338234829978319,64.66939397199894,1353.457642248999,3.925992132280953e-05,1.0,1.0,1.0,1.0,8.171851851851853e-06,1.1875,0.0,2.0,hard|easy|medium
test,0,10,122,32,0.5330566609991365,65.20302996499959,1353.9912782579995,4.042219006805681e-05,1.0,1.0,1.0,1.0,8.165925925925927e-06,0.84375,0.0,2.0,hard|easy|medium
test,0,10,123,32,0.5330552300001727,65.73664517699945,1354.5248934650008,3.86378524126485e-05,1.0,1.0,1.0,1.0,8.16e-06,0.875,0.0,2.0,easy|medium|hard
test,0,10,124,32,0.5339712120039621,66.2712447179947,1355.0594930099978,3.6149453080724925e-05,1.0,1.0,1.0,1.0,8.154074074074074e-06,1.0,0.0,2.0,easy|medium|hard
test,0,10,125,32,0.5333253099961439,66.80516765799985,1355.5934159629978,4.920575156575069e-05,1.0,1.0,1.0,1.0,8.148148148148148e-06,1.125,0.0,2.0,medium|hard|easy
test,0,10,126,32,0.5327026529994328,67.33841172899702,1356.126660011003,5.920828698435798e-05,1.0,1.0,1.0,1.0,8.142222222222223e-06,0.875,0.0,2.0,easy|hard|medium
test,0,10,127,32,0.5341785630007507,67.8731831719997,1356.6614314640028,3.515488060656935e-05,1.0,1.0,1.0,1.0,8.136296296296297e-06,1.125,0.0,2.0,medium|hard|easy
test,0,10,128,32,0.5340081589965848,68.40775876399857,1357.1960070690038,4.3892854591831565e-05,1.0,1.0,1.0,1.0,8.130370370370371e-06,1.0625,0.0,2.0,easy|medium|hard
test,0,10,129,32,0.5322922500054119,68.94057230500039,1357.7288206049998,4.389747846289538e-05,1.0,1.0,1.0,1.0,8.124444444444445e-06,0.8125,0.0,2.0,medium|easy|hard
test,0,10,130,32,0.5340928919977159,69.475183388,1358.2634316749973,5.05720054206904e-05,1.0,1.0,1.0,1.0,8.11851851851852e-06,0.96875,0.0,2.0,easy|hard|medium
test,0,10,131,32,0.5336554349996732,70.009395037996,1358.7976433250005,3.667096825665794e-05,1.0,1.0,1.0,1.0,8.112592592592594e-06,0.96875,0.0,2.0,hard|easy|medium
test,0,10,132,32,0.5329892560039298,70.54296738899575,1359.331215682003,3.794113581534475e-05,1.0,1.0,1.0,1.0,8.106666666666666e-06,1.1875,0.0,2.0,easy|medium|hard
test,0,10,133,32,0.5333658710005693,71.0768651019971,1359.8651133919993,4.279469430912286e-05,1.0,1.0,1.0,1.0,8.10074074074074e-06,0.9375,0.0,2.0,hard|medium|easy
test,0,10,134,32,0.5335817230006796,71.6110303539972,1360.3992786360031,3.7110556149855256e-05,1.0,1.0,1.0,1.0,8.094814814814815e-06,0.9375,0.0,2.0,easy|medium|hard
test,0,10,135,32,0.5326613860015641,72.14428369199595,1360.9325319760028,3.724460839293897e-05,1.0,1.0,1.0,1.0,8.08888888888889e-06,1.0625,0.0,2.0,medium|hard|easy
test,0,10,136,32,0.5334828329941956,72.67822180899384,1361.466470088999,4.018373874714598e-05,1.0,1.0,1.0,1.0,8.082962962962963e-06,1.21875,0.0,2.0,easy|hard|medium
test,0,10,137,32,0.5329190150005161,73.21167813699867,1361.999926426004,3.3016658562701195e-05,1.0,1.0,1.0,1.0,8.077037037037038e-06,1.03125,0.0,2.0,hard|medium|easy
test,0,10,138,32,0.5324422379999305,73.74470431499503,1362.5329525929992,3.904736149706878e-05,1.0,1.0,1.0,1.0,8.071111111111112e-06,1.09375,0.0,2.0,hard|medium|easy
test,0,10,139,32,0.5339684589998797,74.27910377999797,1363.0673520780038,3.8779420719947666e-05,1.0,1.0,1.0,1.0,8.065185185185186e-06,1.0,0.0,2.0,easy|hard|medium
test,0,10,140,32,0.5331971470004646,74.81288757499715,1363.6011358769974,3.863780511892401e-05,1.0,1.0,1.0,1.0,8.05925925925926e-06,1.34375,0.0,2.0,hard|easy|medium
test,0,10,141,32,0.5324411269975826,75.34594261399616,1364.134190896002,4.4697670091409236e-05,1.0,1.0,1.0,1.0,8.053333333333335e-06,1.09375,0.0,2.0,easy|hard|medium
test,0,10,142,32,0.5329770399985136,75.87947013899975,1364.6677184400032,4.462758079171181e-05,1.0,1.0,1.0,1.0,8.047407407407409e-06,0.9375,0.0,2.0,hard|easy|medium
test,0,10,143,32,0.5331256479985313,76.41321005099599,1365.201458345,4.099589568795636e-05,1.0,1.0,1.0,1.0,8.041481481481482e-06,1.25,0.0,2.0,medium|hard|easy
test,0,10,144,32,0.5325804960011737,76.94625635799457,1365.7345046440023,3.724469570443034e-05,1.0,1.0,1.0,1.0,8.035555555555556e-06,0.90625,0.0,2.0,medium|hard|easy
test,0,10,145,32,0.5341496109977015,77.48092945599637,1366.269177799004,3.712178295245394e-05,1.0,1.0,1.0,1.0,8.02962962962963e-06,0.9375,0.0,2.0,easy|medium|hard
test,0,10,146,32,0.5327551279988256,78.01414183499583,1366.802390115001,3.895816917065531e-05,1.0,1.0,1.0,1.0,8.023703703703704e-06,0.9375,0.0,2.0,easy|medium|hard
test,0,10,147,32,0.5329966210047132,78.54774629899475,1367.335994633002,2.971988942590542e-05,1.0,1.0,1.0,1.0,8.017777777777779e-06,1.03125,0.0,2.0,medium|easy|hard
test,0,10,148,32,0.5339038900056039,79.08217552399583,1367.8704238080027,3.958386878366582e-05,1.0,1.0,1.0,1.0,8.011851851851853e-06,1.09375,0.0,2.0,hard|medium|easy
test,0,10,149,32,0.5330048159958096,79.61580083199806,1368.4040491210035,7.353781256824732e-05,1.0,1.0,1.0,1.0,8.005925925925927e-06,1.125,0.0,2.0,easy|medium|hard
test,0,10,150,32,0.53271870300523,80.14904840300005,1368.9372967290037,0.00014728674432262778,1.0,1.0,1.0,1.0,8.000000000000001e-06,0.875,0.0,2.0,hard|medium|easy
test,0,10,151,32,0.5333907829990494,80.68293113999971,1369.471179459004,4.619119135895744e-05,1.0,1.0,1.0,1.0,7.994074074074076e-06,1.28125,0.0,2.0,hard|easy|medium
test,0,10,152,32,0.5322844819966122,81.2158282379969,1370.0040765140002,3.631706931628287e-05,1.0,1.0,1.0,1.0,7.98814814814815e-06,0.96875,0.0,2.0,medium|hard|easy
test,0,10,153,32,0.5325215769989882,81.74900697499834,1370.5372552499975,0.00019076908938586712,1.0,1.0,1.0,1.0,7.982222222222224e-06,0.96875,0.0,2.0,hard|easy|medium
test,0,10,154,32,0.5335287199995946,82.2830881359987,1371.0713367110002,0.00022454878489952534,1.0,1.0,1.0,1.0,7.976296296296297e-06,0.875,0.0,2.0,medium|hard|easy
test,0,10,155,32,0.5331927940060268,82.81688107999798,1371.6051293900018,3.287879371782765e-05,1.0,1.0,1.0,1.0,7.970370370370371e-06,0.90625,0.0,2.0,easy|hard|medium
test,0,10,156,32,0.5329790850009886,83.35039122599846,1372.138639511999,3.2975640351651236e-05,1.0,1.0,1.0,1.0,7.964444444444445e-06,0.9375,0.0,2.0,easy|hard|medium
test,0,10,157,32,0.5333901230042102,83.88423947499541,1372.6724877660017,5.7849043514579535e-05,1.0,1.0,1.0,1.0,7.95851851851852e-06,0.78125,0.0,2.0,medium|hard|easy
test,0,10,158,32,0.5325076070002979,84.41730784799438,1373.2055561270026,0.023717185482382774,0.9736842105263157,0.96875,0.9642857142857143,0.967967967967968,7.952592592592594e-06,0.875,0.0,2.0,easy|hard|medium
test,0,10,159,32,0.5327805929991882,84.95061859099951,1373.738866931999,4.2195144487777725e-05,1.0,1.0,1.0,1.0,7.946666666666666e-06,1.15625,0.0,2.0,hard|medium|easy
test,0,10,160,32,0.5350464729999658,85.48617969299812,1374.2744280190018,4.339431325206533e-05,1.0,1.0,1.0,1.0,7.94074074074074e-06,1.09375,0.0,2.0,medium|hard|easy
test,0,10,161,32,0.5334779620025074,86.02030707099766,1374.8085553819983,0.00013175071217119694,1.0,1.0,1.0,1.0,7.934814814814815e-06,0.9375,0.0,2.0,easy|medium|hard
test,0,10,162,32,0.5329110469974694,86.55378513399774,1375.342033451001,3.335937071824446e-05,1.0,1.0,1.0,1.0,7.928888888888889e-06,1.15625,0.0,2.0,hard|medium|easy
test,0,10,163,32,0.5332953960023588,87.08765654099989,1375.8759048459979,5.16448708367534e-05,1.0,1.0,1.0,1.0,7.922962962962963e-06,1.21875,0.0,2.0,hard|medium|easy
test,0,10,164,32,0.533061338996049,87.62121694399684,1376.4094652409985,3.984848808613606e-05,1.0,1.0,1.0,1.0,7.917037037037038e-06,0.9375,0.0,2.0,easy|hard|medium
test,0,10,165,32,0.5335993330008932,88.1553422069992,1376.9435905479986,3.488295624265447e-05,1.0,1.0,1.0,1.0,7.911111111111112e-06,1.0625,0.0,2.0,hard|medium|easy
test,0,10,166,32,0.5340859900024952,88.6899370569954,1377.478185576998,5.5901466112118214e-05,1.0,1.0,1.0,1.0,7.905185185185186e-06,1.0625,0.0,2.0,medium|hard|easy
test,0,10,167,32,0.5328795239984174,89.22338207599387,1378.011630396999,0.00012075448466930538,1.0,1.0,1.0,1.0,7.89925925925926e-06,1.0625,0.0,2.0,medium|hard|easy
test,0,10,168,32,0.5331229440052994,89.75708956799645,1378.5453378509992,4.275375613360666e-05,1.0,1.0,1.0,1.0,7.893333333333335e-06,0.875,0.0,2.0,hard|medium|easy
test,0,10,169,32,0.5330330369979492,90.29070481300005,1379.0789531159971,3.772518539335579e-05,1.0,1.0,1.0,1.0,7.887407407407409e-06,0.90625,0.0,2.0,hard|medium|easy
test,0,10,170,32,0.5328203069948358,90.8240536939993,1379.6123019880033,7.084963726811111e-05,1.0,1.0,1.0,1.0,7.881481481481481e-06,1.03125,0.0,2.0,medium|hard|easy
test,0,10,171,32,0.5338482369988924,91.35846463000053,1380.1467129489974,0.0032539896201342344,1.0,1.0,1.0,1.0,7.875555555555556e-06,1.15625,0.0,2.0,hard|easy|medium
test,0,10,172,32,0.533123462999356,91.8921346789939,1380.680383224004,4.1755691199796274e-05,1.0,1.0,1.0,1.0,7.86962962962963e-06,0.875,0.0,2.0,medium|easy|hard
test,0,10,173,32,0.5332271340012085,92.42588656999578,1381.214134877002,0.2644534409046173,0.9722222222222222,0.96875,0.9666666666666667,0.9684729064039409,7.863703703703704e-06,0.9375,0.0,2.0,hard|easy|medium
test,0,10,174,32,0.5337582319989451,92.96024602800026,1381.7484943349991,3.520314930938184e-05,1.0,1.0,1.0,1.0,7.857777777777778e-06,1.15625,0.0,2.0,medium|hard|easy
test,0,10,175,32,0.5336131440053578,93.49440589499864,1382.2826541719987,3.893177927238867e-05,1.0,1.0,1.0,1.0,7.851851851851853e-06,0.875,0.0,2.0,easy|hard|medium
test,0,10,176,32,0.5330298799963202,94.02800024399767,1382.8162485159992,3.808237670455128e-05,1.0,1.0,1.0,1.0,7.845925925925927e-06,1.0,0.0,2.0,hard|medium|easy
test,0,10,177,32,0.5336466230000951,94.56223576899356,1383.3504840680034,4.898086626781151e-05,1.0,1.0,1.0,1.0,7.840000000000001e-06,0.71875,0.0,2.0,easy|medium|hard
test,0,10,178,32,0.534098702002666,95.09684133499832,1383.885089633004,4.067112604388967e-05,1.0,1.0,1.0,1.0,7.834074074074075e-06,1.1875,0.0,2.0,hard|easy|medium
test,0,10,179,32,0.5324530720026814,95.62982376999571,1384.418072073,4.346900459495373e-05,1.0,1.0,1.0,1.0,7.82814814814815e-06,0.96875,0.0,2.0,medium|easy|hard
test,0,10,180,32,0.5343129679968115,96.16473328499706,1384.952981608003,4.337232167017646e-05,1.0,1.0,1.0,1.0,7.822222222222224e-06,1.09375,0.0,2.0,easy|medium|hard
test,0,10,181,32,0.5337151700005052,96.6990016109994,1385.487249922,3.383617877261713e-05,1.0,1.0,1.0,1.0,7.816296296296298e-06,1.03125,0.0,2.0,easy|hard|medium
test,0,10,182,32,0.5324159299998428,97.23193775799882,1386.020186048001,4.0936174627859145e-05,1.0,1.0,1.0,1.0,7.81037037037037e-06,0.875,0.0,2.0,easy|hard|medium
test,0,10,183,32,0.5340164899971569,97.76653459099907,1386.55478287,3.732659388333559e-05,1.0,1.0,1.0,1.0,7.804444444444445e-06,1.0,0.0,2.0,easy|medium|hard
test,0,10,184,32,0.5336999319988536,98.30067026499455,1387.0889185530032,0.00034830436925403774,1.0,1.0,1.0,1.0,7.79851851851852e-06,1.09375,0.0,2.0,medium|easy|hard
test,0,10,185,32,0.5326706650012056,98.83391461399879,1387.6221629290012,3.661504160845652e-05,1.0,1.0,1.0,1.0,7.792592592592594e-06,0.90625,0.0,2.0,medium|easy|hard
test,0,10,186,32,0.5337658069984172,99.36829469299846,1388.1565430140035,3.811637725448236e-05,1.0,1.0,1.0,1.0,7.786666666666666e-06,1.0,0.0,2.0,hard|medium|easy
test,0,10,187,32,0.5341439290059498,99.90294977499434,1388.6911980759978,3.437631676206365e-05,1.0,1.0,1.0,1.0,7.78074074074074e-06,1.03125,0.0,2.0,hard|easy|medium
test,0,10,188,32,0.532882460996916,100.43641007999395,1389.224658371997,8.666585927130654e-05,1.0,1.0,1.0,1.0,7.774814814814815e-06,1.0,0.0,2.0,medium|easy|hard
test,0,10,189,32,0.5340642309965915,100.97101422899868,1389.7592625469988,4.651593917515129e-05,1.0,1.0,1.0,1.0,7.768888888888889e-06,0.96875,0.0,2.0,hard|easy|medium
test,0,10,190,32,0.5332262269948842,101.5049770839978,1390.293225401998,3.510643364279531e-05,1.0,1.0,1.0,1.0,7.762962962962963e-06,0.75,0.0,2.0,hard|medium|easy
test,0,10,191,32,0.5327797290010494,102.0382970339997,1390.8265453409986,4.188570528640412e-05,1.0,1.0,1.0,1.0,7.757037037037037e-06,1.21875,0.0,2.0,medium|hard|easy
test,0,10,192,32,0.5331109129983815,102.57191282599524,1391.3601614569998,3.6875739169772714e-05,1.0,1.0,1.0,1.0,7.751111111111112e-06,0.875,0.0,2.0,hard|easy|medium
test,0,10,193,32,0.5329760149979847,103.10543168399454,1391.8936799919975,3.566522354958579e-05,1.0,1.0,1.0,1.0,7.745185185185186e-06,1.0,0.0,2.0,easy|medium|hard
test,0,10,194,32,0.5324265240051318,103.6384250619958,1392.4266733679979,3.7881523894611746e-05,1.0,1.0,1.0,1.0,7.73925925925926e-06,0.875,0.0,2.0,hard|easy|medium
test,0,10,195,32,0.5339133800007403,104.17278118199465,1392.9610294660015,3.167188697261736e-05,1.0,1.0,1.0,1.0,7.733333333333334e-06,0.96875,0.0,2.0,easy|medium|hard
test,0,10,196,32,0.5334083969937637,104.70682123299775,1393.4950695139996,3.772885611397214e-05,1.0,1.0,1.0,1.0,7.727407407407409e-06,1.125,0.0,2.0,medium|easy|hard
test,0,10,197,32,0.5324350090013468,105.23973037099495,1394.0279787129984,3.4223605325678363e-05,1.0,1.0,1.0,1.0,7.721481481481481e-06,1.03125,0.0,2.0,medium|hard|easy
test,0,10,198,32,0.5336894169959123,105.77395124999748,1394.5621995530018,3.5441655199974775e-05,1.0,1.0,1.0,1.0,7.715555555555555e-06,0.96875,0.0,2.0,hard|easy|medium
test,0,10,199,32,0.5326164869984495,106.30718928699935,1395.0954375950023,4.692190850619227e-05,1.0,1.0,1.0,1.0,7.70962962962963e-06,0.875,0.0,2.0,hard|easy|medium
test,0,10,200,32,0.532925483006693,106.84070520899695,1395.6289535600008,4.3006992200389504e-05,1.0,1.0,1.0,1.0,7.703703703703704e-06,0.90625,0.0,2.0,easy|medium|hard
test,0,10,201,32,0.5336694610014092,107.37479853599507,1396.1630468540025,2.947775283246301e-05,1.0,1.0,1.0,1.0,7.697777777777778e-06,0.625,0.0,2.0,medium|easy|hard
test,0,10,202,32,0.5325270839966834,107.90790669799753,1396.6961550499982,3.5579556424636394e-05,1.0,1.0,1.0,1.0,7.691851851851852e-06,0.875,0.0,2.0,medium|easy|hard
test,0,10,203,32,0.5325772870055516,108.44104028899892,1397.2292885900024,4.6776818635407835e-05,1.0,1.0,1.0,1.0,7.685925925925927e-06,1.21875,0.0,2.0,hard|medium|easy
test,0,10,204,32,0.5338501070000348,108.97547528599534,1397.7637239280011,4.107406857656315e-05,1.0,1.0,1.0,1.0,7.680000000000001e-06,0.90625,0.0,2.0,hard|easy|medium
test,0,10,205,32,0.5329850269990857,109.50892536399624,1398.297173715997,3.830253263004124e-05,1.0,1.0,1.0,1.0,7.674074074074075e-06,0.96875,0.0,2.0,easy|medium|hard
test,0,10,206,32,0.53313453199371,110.0426421969969,1398.8308904939986,3.4033568226732314e-05,1.0,1.0,1.0,1.0,7.66814814814815e-06,1.0,0.0,2.0,hard|medium|easy
test,0,10,207,32,0.5339836409984855,110.57718175499758,1399.365430054997,3.442842353251763e-05,1.0,1.0,1.0,1.0,7.662222222222224e-06,0.96875,0.0,2.0,easy|medium|hard
test,0,10,208,32,0.5329614599977504,111.11060656599875,1399.8988548670022,3.442849629209377e-05,1.0,1.0,1.0,1.0,7.656296296296298e-06,1.0,0.0,2.0,easy|medium|hard
test,0,10,209,32,0.5319140909996349,111.64305109499401,1400.4312993959975,3.372813807800412e-05,1.0,1.0,1.0,1.0,7.65037037037037e-06,0.6875,0.0,2.0,easy|hard|medium
test,0,10,210,32,0.5337036540004192,112.17733766799938,1400.9655859769991,3.591478889575228e-05,1.0,1.0,1.0,1.0,7.644444444444445e-06,1.0,0.0,2.0,hard|medium|easy
test,0,10,211,32,0.5326408010005252,112.71059468199383,1401.498843004003,4.3803451262647286e-05,1.0,1.0,1.0,1.0,7.638518518518519e-06,0.9375,0.0,2.0,hard|easy|medium
test,0,10,212,32,0.532219789994997,113.24336621299881,1402.031614534004,3.6361816455610096e-05,1.0,1.0,1.0,1.0,7.632592592592593e-06,0.84375,0.0,2.0,easy|medium|hard
test,0,10,213,32,0.5343073649928556,113.77825777399994,1402.5665060609972,5.37218656972982e-05,1.0,1.0,1.0,1.0,7.626666666666668e-06,0.96875,0.0,2.0,hard|easy|medium
test,0,10,214,32,0.5323717800056329,114.31113116699998,1403.099379457999,3.3802585676312447e-05,1.0,1.0,1.0,1.0,7.620740740740742e-06,0.9375,0.0,2.0,medium|easy|hard
test,0,10,215,32,0.5334038700020756,114.84505336899747,1403.633301679998,3.540072066243738e-05,1.0,1.0,1.0,1.0,7.614814814814816e-06,1.21875,0.0,2.0,medium|easy|hard
test,0,10,216,32,0.5337898420038982,115.37938369499898,1404.167632012999,3.636540350271389e-05,1.0,1.0,1.0,1.0,7.608888888888889e-06,1.09375,0.0,2.0,easy|medium|hard
test,0,10,217,32,0.5331652129971189,115.91310472799523,1404.7013530440017,3.430919969105162e-05,1.0,1.0,1.0,1.0,7.602962962962963e-06,1.21875,0.0,2.0,hard|medium|easy
test,0,10,218,32,0.5334594570012996,116.44715497599827,1405.235403298997,4.4335822167340666e-05,1.0,1.0,1.0,1.0,7.597037037037037e-06,0.8125,0.0,2.0,medium|hard|easy
test,0,10,219,32,0.5335506510018604,116.9811831229963,1405.7694314030014,4.0116585296345875e-05,1.0,1.0,1.0,1.0,7.5911111111111115e-06,1.0,0.0,2.0,easy|medium|hard
test,0,10,220,32,0.5331007200002205,117.51480901399918,1406.3030573119977,4.415409057401121e-05,1.0,1.0,1.0,1.0,7.585185185185186e-06,0.875,0.0,2.0,easy|medium|hard
test,0,10,221,32,0.534258198000316,118.04970650199539,1406.8379547980003,3.223436578991823e-05,1.0,1.0,1.0,1.0,7.579259259259259e-06,0.9375,0.0,2.0,easy|hard|medium
test,0,10,222,32,0.5330548089987133,118.58328720399732,1407.3715354980013,3.556451702024788e-05,1.0,1.0,1.0,1.0,7.573333333333333e-06,0.84375,0.0,2.0,hard|easy|medium
test,0,10,223,32,0.53357762300584,119.117299188998,1407.9055474729976,3.319905954413116e-05,1.0,1.0,1.0,1.0,7.567407407407408e-06,1.09375,0.0,2.0,easy|hard|medium
test,0,10,224,32,0.5341703159938334,119.65198116399552,1408.4402294460015,3.88276603189297e-05,1.0,1.0,1.0,1.0,7.561481481481482e-06,1.03125,0.0,2.0,easy|medium|hard
test,0,10,225,32,0.5334820360003505,120.18593978199351,1408.9741881169975,4.266791438567452e-05,1.0,1.0,1.0,1.0,7.555555555555556e-06,0.9375,0.0,2.0,easy|hard|medium
test,0,10,226,32,0.53248655799689,120.71888079199562,1409.5071290859996,3.296073919045739e-05,1.0,1.0,1.0,1.0,7.54962962962963e-06,1.0625,0.0,2.0,medium|hard|easy
test,0,10,227,32,0.5339964589948067,121.25348310199479,1410.041731381003,0.0007317551644518971,1.0,1.0,1.0,1.0,7.543703703703704e-06,1.03125,0.0,2.0,hard|easy|medium
test,0,10,228,32,0.5331586669999524,121.7872339539972,1410.5754822390008,3.54790136043448e-05,1.0,1.0,1.0,1.0,7.537777777777778e-06,0.90625,0.0,2.0,hard|medium|easy
test,0,10,229,32,0.5325702370028012,122.32039196899859,1411.108640257,3.6335710319690406e-05,1.0,1.0,1.0,1.0,7.531851851851852e-06,0.9375,0.0,2.0,medium|hard|easy
test,0,10,230,32,0.5340288919978775,122.85491491399443,1411.643163214001,6.589772965526208e-05,1.0,1.0,1.0,1.0,7.525925925925927e-06,1.0,0.0,2.0,hard|medium|easy
test,0,10,231,32,0.5335491139994701,123.38890324899694,1412.1771515389992,4.209471808280796e-05,1.0,1.0,1.0,1.0,7.520000000000001e-06,0.96875,0.0,2.0,medium|hard|easy
test,0,10,232,32,0.5326094429983641,123.92211913500068,1412.7103674320024,3.492394898785278e-05,1.0,1.0,1.0,1.0,7.514074074074075e-06,0.84375,0.0,2.0,easy|medium|hard
test,0,10,233,32,0.5342340809947927,124.45689060799486,1413.2451392509975,2.9198370611993596e-05,1.0,1.0,1.0,1.0,7.5081481481481485e-06,0.6875,0.0,2.0,medium|easy|hard
test,0,10,234,32,0.533191030001035,124.99067923899565,1413.7789275379982,3.2413187000202015e-05,1.0,1.0,1.0,1.0,7.502222222222223e-06,0.96875,0.0,2.0,medium|hard|easy
test,0,10,235,32,0.5323864400052116,125.52366580799571,1414.3119140889976,3.366852251929231e-05,1.0,1.0,1.0,1.0,7.496296296296297e-06,1.03125,0.0,2.0,hard|easy|medium
test,0,10,236,32,0.5342380580041208,126.05853148299502,1414.846779780004,4.7699119022581726e-05,1.0,1.0,1.0,1.0,7.490370370370371e-06,1.09375,0.0,2.0,easy|medium|hard
test,0,10,237,32,0.533114812002168,126.59226964999834,1415.3805179449992,3.374672451172955e-05,1.0,1.0,1.0,1.0,7.4844444444444455e-06,0.75,0.0,2.0,hard|medium|easy
test,0,10,238,32,0.5323986840012367,127.1252330089992,1415.9134812979974,5.638366565108299e-05,1.0,1.0,1.0,1.0,7.47851851851852e-06,0.96875,0.0,2.0,medium|hard|easy
test,0,10,239,32,0.5336129350034753,127.6593667509951,1416.4476150280025,3.8250389479799196e-05,1.0,1.0,1.0,1.0,7.472592592592593e-06,1.1875,0.0,2.0,hard|easy|medium
test,0,10,240,32,0.5333382000026177,128.19325139899593,1416.9814996839996,8.254920976469293e-05,1.0,1.0,1.0,1.0,7.4666666666666675e-06,0.8125,0.0,2.0,easy|hard|medium
test,0,10,241,32,0.5325762159991427,128.72643360199436,1417.5146818799985,3.703591937664896e-05,1.0,1.0,1.0,1.0,7.460740740740742e-06,1.21875,0.0,2.0,hard|medium|easy
test,0,10,242,32,0.5333690120023675,129.26038510899525,1418.048633422004,3.6569981602951884e-05,1.0,1.0,1.0,1.0,7.454814814814816e-06,0.84375,0.0,2.0,easy|medium|hard
test,0,10,243,32,0.5327879920005216,129.79376756299462,1418.5820158569986,3.321409894851968e-05,1.0,1.0,1.0,1.0,7.44888888888889e-06,1.09375,0.0,2.0,medium|easy|hard
test,0,10,244,32,0.5329369700048119,130.3272584249935,1419.115506713002,0.00012587520177476108,1.0,1.0,1.0,1.0,7.442962962962964e-06,1.03125,0.0,2.0,hard|easy|medium
test,0,10,245,32,0.5333278040052392,130.86109221600054,1419.6493405790025,3.395909516257234e-05,1.0,1.0,1.0,1.0,7.437037037037038e-06,1.125,0.0,2.0,easy|medium|hard
test,0,10,246,32,0.5331586779939244,131.39479133599525,1420.183039622003,3.532989285304211e-05,1.0,1.0,1.0,1.0,7.431111111111111e-06,1.0,0.0,2.0,medium|hard|easy
test,0,10,247,32,0.5327541270016809,131.9283653819948,1420.7166136529995,0.0001292469969484955,1.0,1.0,1.0,1.0,7.4251851851851856e-06,0.9375,0.0,2.0,easy|medium|hard
test,0,10,248,32,0.5335711230000015,132.4623760989998,1421.250624389002,3.331455081934109e-05,1.0,1.0,1.0,1.0,7.419259259259259e-06,1.03125,0.0,2.0,easy|hard|medium
test,0,10,249,32,0.5332357240040437,132.99613396199857,1421.7843822420036,5.491976116900332e-05,1.0,1.0,1.0,1.0,7.413333333333333e-06,1.09375,0.0,2.0,medium|easy|hard
test,0,10,250,32,0.5324091570000746,133.5290062999993,1422.3172545859998,3.385481977602467e-05,1.0,1.0,1.0,1.0,7.4074074074074075e-06,0.78125,0.0,2.0,medium|easy|hard
test,0,11,1,32,0.535122670000419,0.6209876169959898,1432.8672468020013,3.7747304304502904e-05,1.0,1.0,1.0,1.0,7.401481481481482e-06,1.03125,0.0,2.0,hard|medium|easy
test,0,11,2,32,0.5325968059987645,1.1542758979994687,1433.4005350989974,3.13663185806945e-05,1.0,1.0,1.0,1.0,7.395555555555556e-06,0.84375,0.0,2.0,easy|medium|hard
test,0,11,3,32,0.5343848449992947,1.6891589619990555,1433.935418191999,3.832424772554077e-05,1.0,1.0,1.0,1.0,7.38962962962963e-06,1.0625,0.0,2.0,easy|medium|hard
test,0,11,4,32,0.5336995839970768,2.223407479999878,1434.469666652003,3.151542478008196e-05,1.0,1.0,1.0,1.0,7.383703703703704e-06,1.09375,0.0,2.0,hard|easy|medium
test,0,11,5,32,0.5323628319965792,2.7562443619972328,1435.0025035750004,3.128817479591817e-05,1.0,1.0,1.0,1.0,7.377777777777778e-06,1.0625,0.0,2.0,easy|medium|hard
test,0,11,6,32,0.5343687130007311,3.2911881969994283,1435.5374473870033,4.148991502006538e-05,1.0,1.0,1.0,1.0,7.371851851851852e-06,1.0625,0.0,2.0,easy|hard|medium
test,0,11,7,32,0.5337056990028941,3.825457771999936,1436.071716945,3.932654726668261e-05,1.0,1.0,1.0,1.0,7.3659259259259264e-06,0.875,0.0,2.0,hard|easy|medium
test,0,11,8,32,0.5328163839949411,4.35880702999566,1436.6050662120033,3.438746352912858e-05,1.0,1.0,1.0,1.0,7.360000000000001e-06,0.90625,0.0,2.0,medium|easy|hard
test,0,11,9,32,0.5337404599995352,4.893142563996662,1437.139401747001,4.7104353143367916e-05,1.0,1.0,1.0,1.0,7.354074074074075e-06,1.15625,0.0,2.0,hard|easy|medium
test,0,11,10,32,0.53363835500204,5.427353066996147,1437.6736122479997,4.637781239580363e-05,1.0,1.0,1.0,1.0,7.348148148148148e-06,0.90625,0.0,2.0,medium|hard|easy
test,0,11,11,32,0.5328530150000006,5.960658388998127,1438.2069175720026,3.4301796404179186e-05,1.0,1.0,1.0,1.0,7.342222222222223e-06,1.0625,0.0,2.0,easy|medium|hard
test,0,11,12,32,0.5339104419981595,6.495160714999656,1438.7414199449995,4.1423863876843825e-05,1.0,1.0,1.0,1.0,7.336296296296297e-06,1.03125,0.0,2.0,hard|easy|medium
test,0,11,13,32,0.5334536139998818,7.029174956995121,1439.2754341820037,4.2898464016616344e-05,1.0,1.0,1.0,1.0,7.330370370370371e-06,1.125,0.0,2.0,medium|easy|hard
test,0,11,14,32,0.532793304999359,7.562550436996389,1439.8088096150022,3.4759876143652946e-05,1.0,1.0,1.0,1.0,7.324444444444445e-06,0.9375,0.0,2.0,easy|hard|medium
test,0,11,15,32,0.5335640490011428,8.096743685993715,1440.3430028820003,3.215984543203376e-05,1.0,1.0,1.0,1.0,7.31851851851852e-06,0.96875,0.0,2.0,easy|hard|medium
test,0,11,16,32,0.533320899005048,8.630672466999386,1440.8769316620019,3.459228901192546e-05,1.0,1.0,1.0,1.0,7.312592592592593e-06,1.09375,0.0,2.0,easy|medium|hard
test,0,11,17,32,0.5327818820005632,9.163947369997913,1441.4102065519983,7.012538117123768e-05,1.0,1.0,1.0,1.0,7.306666666666667e-06,1.09375,0.0,2.0,medium|easy|hard
test,0,11,18,32,0.5342527120010345,9.6987837869965,1441.945042958003,3.3225271181436256e-05,1.0,1.0,1.0,1.0,7.3007407407407416e-06,1.09375,0.0,2.0,hard|easy|medium
test,0,11,19,32,0.5328172819936299,10.232213892995787,1442.4784730730025,3.2439231290481985e-05,1.0,1.0,1.0,1.0,7.294814814814816e-06,0.9375,0.0,2.0,hard|easy|medium
test,0,11,20,32,0.5330139130019234,10.765802535999683,1443.0120617119974,4.6662411477882415e-05,1.0,1.0,1.0,1.0,7.28888888888889e-06,0.96875,0.0,2.0,medium|hard|easy
test,0,11,21,32,0.5341240900015691,11.300526041995909,1443.546785257,3.137756357318722e-05,1.0,1.0,1.0,1.0,7.282962962962964e-06,1.3125,0.0,2.0,hard|easy|medium
test,0,11,22,32,0.5330403460029629,11.834139845996106,1444.0803990170025,3.126209048787132e-05,1.0,1.0,1.0,1.0,7.277037037037038e-06,1.0,0.0,2.0,easy|medium|hard
test,0,11,23,32,0.5347865730000194,12.369418415997643,1444.6156776330026,4.8683643399272114e-05,1.0,1.0,1.0,1.0,7.271111111111112e-06,0.8125,0.0,2.0,hard|easy|medium
test,0,11,24,32,0.5337496700012707,12.903782140994736,1445.1500413530011,4.499149872572161e-05,1.0,1.0,1.0,1.0,7.265185185185186e-06,1.03125,0.0,2.0,easy|hard|medium
test,0,11,25,32,0.5332350039971061,13.437587247994088,1445.6838464309985,3.101252150372602e-05,1.0,1.0,1.0,1.0,7.2592592592592605e-06,1.0,0.0,2.0,easy|hard|medium
test,0,11,26,32,0.5322174329994596,13.970297387997562,1446.216556598003,0.00018432563228998333,1.0,1.0,1.0,1.0,7.253333333333335e-06,1.3125,0.0,2.0,hard|medium|easy
test,0,11,27,32,0.5337631099973805,14.504620772997441,1446.7508799490024,0.0001236682728631422,1.0,1.0,1.0,1.0,7.247407407407407e-06,1.03125,0.0,2.0,medium|hard|easy
test,0,11,28,32,0.5329359379975358,15.03810846399574,1447.2843676539997,4.184428325970657e-05,1.0,1.0,1.0,1.0,7.2414814814814816e-06,0.8125,0.0,2.0,hard|easy|medium
test,0,11,29,32,0.5322028009977657,15.570779117995698,1447.8170383000033,3.226409899070859e-05,1.0,1.0,1.0,1.0,7.235555555555556e-06,0.96875,0.0,2.0,medium|hard|easy
test,0,11,30,32,0.5344352409956628,16.105871457999456,1448.3521306629991,3.405594907235354e-05,1.0,1.0,1.0,1.0,7.22962962962963e-06,1.09375,0.0,2.0,medium|easy|hard
test,0,11,31,32,0.5332927700001164,16.639785365994612,1448.886044578001,5.606389095191844e-05,1.0,1.0,1.0,1.0,7.2237037037037035e-06,0.75,0.0,2.0,easy|hard|medium
test,0,11,32,32,0.5336706289963331,17.174052857997594,1449.420312125003,2.9816717869834974e-05,1.0,1.0,1.0,1.0,7.217777777777778e-06,0.84375,0.0,2.0,medium|easy|hard
test,0,11,33,32,0.5338570670064655,17.708479627995985,1449.954738817003,5.515979864867404e-05,1.0,1.0,1.0,1.0,7.211851851851852e-06,1.0625,0.0,2.0,hard|easy|medium
test,0,11,34,32,0.5332103300024755,18.242246666995925,1450.488505852998,3.268138971179724e-05,1.0,1.0,1.0,1.0,7.205925925925926e-06,1.1875,0.0,2.0,easy|medium|hard
test,0,11,35,32,0.5338121989989304,18.776588844993967,1451.022848077002,3.3094715035986155e-05,1.0,1.0,1.0,1.0,7.2000000000000005e-06,1.03125,0.0,2.0,easy|hard|medium
test,0,11,36,32,0.5336199770026724,19.31075893999514,1451.5570181240037,3.137010207865387e-05,1.0,1.0,1.0,1.0,7.194074074074075e-06,0.9375,0.0,2.0,easy|hard|medium
test,0,11,37,32,0.5334121650012094,19.844827557993995,1452.0910867249986,0.00010347834177082404,1.0,1.0,1.0,1.0,7.188148148148148e-06,1.03125,0.0,2.0,easy|medium|hard
test,0,11,38,32,0.5335541800013743,20.379018758998427,1452.6252779479983,3.126955562038347e-05,1.0,1.0,1.0,1.0,7.1822222222222224e-06,0.6875,0.0,2.0,easy|medium|hard
test,0,11,39,32,0.5334407949994784,20.913000917993486,1453.159260102002,2.9664010071428493e-05,1.0,1.0,1.0,1.0,7.176296296296297e-06,1.03125,0.0,2.0,medium|easy|hard
test,0,11,40,32,0.5328758870018646,21.446469681999588,1453.6927288560037,3.823460792773403e-05,1.0,1.0,1.0,1.0,7.170370370370371e-06,1.28125,0.0,2.0,easy|hard|medium
test,0,11,41,32,0.5345400520018302,21.981594357996073,1454.227853545999,3.164949521305971e-05,1.0,1.0,1.0,1.0,7.164444444444445e-06,1.03125,0.0,2.0,hard|easy|medium
test,0,11,42,32,0.5340558239986422,22.5162917849957,1454.762551300999,3.40405385941267e-05,1.0,1.0,1.0,1.0,7.1585185185185195e-06,1.0,0.0,2.0,medium|hard|easy
test,0,11,43,32,0.5326788360034698,23.049591126997257,1455.2958503080008,3.348598693264648e-05,1.0,1.0,1.0,1.0,7.152592592592593e-06,1.0,0.0,2.0,hard|easy|medium
test,0,11,44,32,0.5338129289957578,23.583964943994943,1455.8302241290003,0.00033338458160869777,1.0,1.0,1.0,1.0,7.146666666666667e-06,1.0625,0.0,2.0,medium|easy|hard
test,0,11,45,32,0.533168594003655,24.11772846099484,1456.3639877210007,3.1656978535465896e-05,1.0,1.0,1.0,1.0,7.140740740740741e-06,1.0,0.0,2.0,easy|hard|medium
test,0,11,46,32,0.532695658999728,24.650936038997315,1456.897195215999,3.6078712582821026e-05,1.0,1.0,1.0,1.0,7.134814814814816e-06,0.71875,0.0,2.0,hard|easy|medium
test,0,11,47,32,0.5342993039957946,25.18581452199578,1457.432073707998,3.3679549233056605e-05,1.0,1.0,1.0,1.0,7.12888888888889e-06,0.96875,0.0,2.0,easy|medium|hard
test,0,11,48,32,0.5340155500016408,25.720389530993998,1457.9666487029972,3.2022006053011864e-05,1.0,1.0,1.0,1.0,7.122962962962964e-06,1.0,0.0,2.0,easy|medium|hard
test,0,11,49,32,0.5333626959982212,26.254271218000213,1458.5005304270016,3.119501707260497e-05,1.0,1.0,1.0,1.0,7.1170370370370376e-06,1.3125,0.0,2.0,easy|hard|medium
test,0,11,50,32,0.533849478000775,26.78869409499748,1459.034953287999,0.00017321982886642218,1.0,1.0,1.0,1.0,7.111111111111112e-06,1.1875,0.0,2.0,hard|medium|easy
test,0,11,51,32,0.533667568997771,27.322961330995895,1459.5692205399973,3.577686220523901e-05,1.0,1.0,1.0,1.0,7.105185185185186e-06,0.8125,0.0,2.0,hard|medium|easy
test,0,11,52,32,0.5327799149963539,27.856212771999708,1460.1024719720008,3.3005362638505176e-05,1.0,1.0,1.0,1.0,7.09925925925926e-06,1.1875,0.0,2.0,easy|hard|medium
test,0,11,53,32,0.5338963949980098,28.39068930099893,1460.6369484710012,3.3325817639706656e-05,1.0,1.0,1.0,1.0,7.093333333333335e-06,1.1875,0.0,2.0,hard|easy|medium
test,0,11,54,32,0.5337952779955231,28.925051075995725,1461.171310300997,3.3757856726879254e-05,1.0,1.0,1.0,1.0,7.087407407407408e-06,0.90625,0.0,2.0,easy|medium|hard
test,0,11,55,32,0.53295965900179,29.458626292995177,1461.704885510997,3.2610518246656284e-05,1.0,1.0,1.0,1.0,7.081481481481482e-06,1.03125,0.0,2.0,hard|medium|easy
test,0,11,56,32,0.5337527020019479,29.992926186998375,1462.2391854040034,8.614508988102898e-05,1.0,1.0,1.0,1.0,7.0755555555555565e-06,1.0,0.0,2.0,easy|hard|medium
test,0,11,57,32,0.5329629049956566,30.526501375999942,1462.7727605699984,2.8870532332803123e-05,1.0,1.0,1.0,1.0,7.069629629629631e-06,1.09375,0.0,2.0,hard|medium|easy
test,0,11,58,32,0.5328596609979286,31.059927179994702,1463.3061863609983,3.773967910092324e-05,1.0,1.0,1.0,1.0,7.063703703703703e-06,1.03125,0.0,2.0,hard|medium|easy
test,0,11,59,32,0.5338559789961437,31.594408423996356,1463.8406675989972,3.47000386682339e-05,1.0,1.0,1.0,1.0,7.057777777777778e-06,1.0,0.0,2.0,hard|medium|easy
test,0,11,60,32,0.5334904330011341,32.12842162900051,1464.3746808170035,3.139612090308219e-05,1.0,1.0,1.0,1.0,7.051851851851852e-06,0.96875,0.0,2.0,medium|easy|hard
test,0,11,61,32,0.5324475399975199,32.66145739199419,1464.9077165749986,4.586995055433363e-05,1.0,1.0,1.0,1.0,7.045925925925926e-06,1.1875,0.0,2.0,hard|medium|easy
test,0,11,62,32,0.5340510579990223,33.19603678199928,1465.4422959840012,3.798549005296081e-05,1.0,1.0,1.0,1.0,7.04e-06,1.03125,0.0,2.0,hard|medium|easy
test,0,11,63,32,0.5332933649988263,33.729887711997435,1465.9761469040022,2.972356742247939e-05,1.0,1.0,1.0,1.0,7.034074074074075e-06,1.09375,0.0,2.0,hard|medium|easy
test,0,11,64,32,0.5327130330042564,34.263060669996776,1466.509319853998,3.2468913559569046e-05,1.0,1.0,1.0,1.0,7.028148148148148e-06,1.09375,0.0,2.0,medium|hard|easy
test,0,11,65,32,0.5340239189972635,34.79768547399726,1467.0439446829987,2.712716013775207e-05,1.0,1.0,1.0,1.0,7.022222222222222e-06,0.90625,0.0,2.0,hard|easy|medium
test,0,11,66,32,0.5326581639965298,35.33091227899422,1467.5771714669972,3.224152897018939e-05,1.0,1.0,1.0,1.0,7.0162962962962965e-06,0.90625,0.0,2.0,easy|medium|hard
test,0,11,67,32,0.5324730300053488,35.86391388599441,1468.1101730910013,3.0550581868737936e-05,1.0,1.0,1.0,1.0,7.010370370370371e-06,1.1875,0.0,2.0,easy|medium|hard
test,0,11,68,32,0.5342342099975212,36.39874189999682,1468.645001083998,6.5657812228892e-05,1.0,1.0,1.0,1.0,7.004444444444445e-06,1.21875,0.0,2.0,hard|easy|medium
test,0,11,69,32,0.5333740999994916,36.932799980997515,1469.1790591629979,2.942187165899668e-05,1.0,1.0,1.0,1.0,6.998518518518519e-06,0.71875,0.0,2.0,easy|medium|hard
test,0,11,70,32,0.5339882070038584,37.46738481999637,1469.7136440250033,2.8844344342360273e-05,1.0,1.0,1.0,1.0,6.992592592592593e-06,1.09375,0.0,2.0,hard|medium|easy
test,0,11,71,32,0.5340868489947752,38.00204506400041,1470.2483042259992,3.610063868109137e-05,1.0,1.0,1.0,1.0,6.986666666666667e-06,0.9375,0.0,2.0,easy|medium|hard
test,0,11,72,32,0.5330496769965976,38.53567896799359,1470.7819381459994,2.8777403713320382e-05,1.0,1.0,1.0,1.0,6.980740740740741e-06,0.6875,0.0,2.0,medium|easy|hard
test,0,11,73,32,0.5339038759993855,39.07011842899374,1471.316377629002,2.89450581476558e-05,1.0,1.0,1.0,1.0,6.9748148148148155e-06,0.9375,0.0,2.0,medium|hard|easy
test,0,11,74,32,0.5335080930017284,39.604212077996635,1471.8504712979993,3.0595227144658566e-05,1.0,1.0,1.0,1.0,6.96888888888889e-06,1.1875,0.0,2.0,easy|hard|medium
test,0,11,75,32,0.5330672679992858,40.13784767899779,1472.3841068550028,3.623878728831187e-05,1.0,1.0,1.0,1.0,6.962962962962964e-06,0.78125,0.0,2.0,medium|hard|easy
test,0,11,76,32,0.534099201002391,40.67255607099651,1472.918815267003,3.508773079374805e-05,1.0,1.0,1.0,1.0,6.957037037037037e-06,1.125,0.0,2.0,easy|hard|medium
test,0,11,77,32,0.5329003329970874,41.20609114699619,1473.4523503329983,0.0008743081707507372,1.0,1.0,1.0,1.0,6.951111111111112e-06,1.03125,0.0,2.0,medium|easy|hard
test,0,11,78,32,0.5328385600005277,41.73948953999934,1473.9857487580011,3.7083813367644325e-05,1.0,1.0,1.0,1.0,6.945185185185186e-06,0.75,0.0,2.0,easy|medium|hard
test,0,11,79,32,0.5334097120066872,42.27346907500032,1474.5197285350005,0.00015464835450984538,1.0,1.0,1.0,1.0,6.93925925925926e-06,0.75,0.0,2.0,medium|hard|easy
test,0,11,80,32,0.5332607239979552,42.80722529399645,1475.053484492004,2.897855119954329e-05,1.0,1.0,1.0,1.0,6.9333333333333344e-06,1.0,0.0,2.0,easy|hard|medium
test,0,11,81,32,0.5322637990029762,43.34013173899439,1475.586390948003,3.345986260683276e-05,1.0,1.0,1.0,1.0,6.927407407407408e-06,1.0,0.0,2.0,medium|hard|easy
test,0,11,82,32,0.5338858969989815,43.87452469399432,1476.120783956998,0.24627725780010223,0.9782608695652174,0.96875,0.95,0.9625730994152046,6.921481481481482e-06,1.09375,0.0,2.0,medium|easy|hard
test,0,11,83,32,0.5333208250012831,44.40838915799395,1476.654648331998,3.303893026895821e-05,1.0,1.0,1.0,1.0,6.915555555555556e-06,1.0625,0.0,2.0,hard|easy|medium
test,0,11,84,32,0.5328723929997068,44.941819227999076,1477.1880784349996,3.169406045344658e-05,1.0,1.0,1.0,1.0,6.909629629629631e-06,0.71875,0.0,2.0,easy|medium|hard
test,0,11,85,32,0.5342861259996425,45.476669112998934,1477.7229283179986,3.8168032915564254e-05,1.0,1.0,1.0,1.0,6.903703703703705e-06,1.28125,0.0,2.0,easy|hard|medium
test,0,11,86,32,0.5334490690001985,46.010726723994594,1478.2569859310024,3.163827204843983e-05,1.0,1.0,1.0,1.0,6.897777777777779e-06,0.9375,0.0,2.0,easy|hard|medium
test,0,11,87,32,0.5326498900030856,46.54403597799683,1478.7902952000004,2.9246784833958372e-05,1.0,1.0,1.0,1.0,6.8918518518518525e-06,1.15625,0.0,2.0,hard|medium|easy
test,0,11,88,32,0.5344700999994529,47.07926447199861,1479.3255236699988,2.840486922650598e-05,1.0,1.0,1.0,1.0,6.885925925925927e-06,1.03125,0.0,2.0,medium|hard|easy
test,0,11,89,32,0.5334464040060993,47.61326723499951,1479.859526416003,3.129929973511025e-05,1.0,1.0,1.0,1.0,6.88e-06,1.0,0.0,2.0,medium|hard|easy
test,0,11,90,32,0.5328808710037265,48.146727280996856,1480.3929864500024,0.0021039163693785667,1.0,1.0,1.0,1.0,6.8740740740740745e-06,0.875,0.0,2.0,medium|easy|hard
test,0,11,91,32,0.5337966049992247,48.681124804999854,1480.9273839750022,5.821255035698414e-05,1.0,1.0,1.0,1.0,6.868148148148148e-06,1.21875,0.0,2.0,hard|easy|medium
test,0,11,92,32,0.5333823170003598,49.2150885749943,1481.4613477599996,3.8127014704514295e-05,1.0,1.0,1.0,1.0,6.862222222222222e-06,1.03125,0.0,2.0,hard|medium|easy
test,0,11,93,32,0.5327461330016376,49.74845430999994,1481.9947135230032,2.8702857889584266e-05,1.0,1.0,1.0,1.0,6.856296296296296e-06,0.84375,0.0,2.0,easy|medium|hard
test,0,11,94,32,0.533658104002825,50.282636703996104,1482.528895870004,3.1589930586051196e-05,1.0,1.0,1.0,1.0,6.850370370370371e-06,0.84375,0.0,2.0,hard|medium|easy
test,0,11,95,32,0.5333309019988519,50.816541248997964,1483.0628004570026,2.8188798751216382e-05,1.0,1.0,1.0,1.0,6.844444444444445e-06,0.75,0.0,2.0,medium|hard|easy
test,0,11,96,32,0.5328460710006766,51.34994939999888,1483.5962085840001,2.78088882623706e-05,1.0,1.0,1.0,1.0,6.838518518518519e-06,0.9375,0.0,2.0,easy|medium|hard
test,0,11,97,32,0.5335141679970548,51.88400514699606,1484.130264364001,3.05840621876996e-05,1.0,1.0,1.0,1.0,6.8325925925925926e-06,1.03125,0.0,2.0,easy|hard|medium
test,0,11,98,32,0.5344004810031038,52.41890437699476,1484.6651635960006,3.279654629295692e-05,1.0,1.0,1.0,1.0,6.826666666666667e-06,1.0,0.0,2.0,easy|medium|hard
test,0,11,99,32,0.53311684000073,52.952612592998776,1485.198871779001,2.902700362028554e-05,1.0,1.0,1.0,1.0,6.820740740740741e-06,1.0625,0.0,2.0,hard|medium|easy
test,0,11,100,32,0.5336444620043039,53.4867961869968,1485.7330553630018,3.2729603844927624e-05,1.0,1.0,1.0,1.0,6.814814814814815e-06,1.0625,0.0,2.0,easy|medium|hard
test,0,11,101,32,0.5334211070003221,54.020820020996325,1486.2670792159988,3.569110776879825e-05,1.0,1.0,1.0,1.0,6.80888888888889e-06,0.84375,0.0,2.0,hard|easy|medium
test,0,11,102,32,0.5322128530024202,54.553561729997455,1486.7998209360012,3.513974661473185e-05,1.0,1.0,1.0,1.0,6.802962962962964e-06,0.84375,0.0,2.0,easy|medium|hard
test,0,11,103,32,0.5333603580002091,55.08752772799926,1487.333786903997,7.834328425815329e-05,1.0,1.0,1.0,1.0,6.797037037037037e-06,0.9375,0.0,2.0,hard|easy|medium
test,0,11,104,32,0.5329293629984022,55.62098425599834,1487.867243423003,3.23274580296129e-05,1.0,1.0,1.0,1.0,6.7911111111111115e-06,0.90625,0.0,2.0,medium|easy|hard
test,0,11,105,32,0.5330019809989608,56.15460595799959,1488.4008651339973,2.9522321710828692e-05,1.0,1.0,1.0,1.0,6.785185185185186e-06,1.09375,0.0,2.0,medium|easy|hard
test,0,11,106,32,0.5342004839985748,56.689441085,1488.9357002679972,3.0256303944042884e-05,1.0,1.0,1.0,1.0,6.77925925925926e-06,0.90625,0.0,2.0,medium|hard|easy
test,0,11,107,32,0.533169028996781,57.22316805999435,1489.4694272519992,3.45476291840896e-05,1.0,1.0,1.0,1.0,6.773333333333334e-06,0.78125,0.0,2.0,easy|medium|hard
test,0,11,108,32,0.5321418660023483,57.75577855699521,1490.002037751001,4.2209441744489595e-05,1.0,1.0,1.0,1.0,6.767407407407408e-06,0.90625,0.0,2.0,easy|hard|medium
test,0,11,109,32,0.5335926839979948,58.28998015499383,1490.5362393530013,2.8155262043583207e-05,1.0,1.0,1.0,1.0,6.761481481481482e-06,0.90625,0.0,2.0,hard|medium|easy
test,0,11,110,32,0.5330387380017783,58.823590602994955,1491.0698497979974,2.917602250818163e-05,1.0,1.0,1.0,1.0,6.755555555555556e-06,0.9375,0.0,2.0,hard|easy|medium
test,0,11,111,32,0.5322413489993778,59.35639935099607,1491.6026585310028,2.7562989998841658e-05,1.0,1.0,1.0,1.0,6.7496296296296304e-06,0.90625,0.0,2.0,easy|hard|medium
test,0,11,112,32,0.5344626229998539,59.89141147699411,1492.137670917,2.5815908884396777e-05,1.0,1.0,1.0,1.0,6.743703703703705e-06,0.875,0.0,2.0,easy|medium|hard
test,0,11,113,32,0.533329773999867,60.425328302997514,1492.6715875029986,3.3530479413457215e-05,1.0,1.0,1.0,1.0,6.737777777777779e-06,0.96875,0.0,2.0,medium|easy|hard
test,0,11,114,32,0.5341357259967481,60.95998579499428,1493.206245000998,3.964274583267979e-05,1.0,1.0,1.0,1.0,6.731851851851852e-06,1.0625,0.0,2.0,medium|hard|easy
test,0,11,115,32,0.5334973100034404,61.494023699000536,1493.7402829010025,3.0405275538214482e-05,1.0,1.0,1.0,1.0,6.725925925925927e-06,0.90625,0.0,2.0,medium|easy|hard
test,0,11,116,32,0.533457871999417,62.02803246699477,1494.2742916869975,2.9853934393031523e-05,1.0,1.0,1.0,1.0,6.720000000000001e-06,0.9375,0.0,2.0,medium|easy|hard
test,0,11,117,32,0.5335640519988374,62.5621739279959,1494.8084330970014,4.2327716073486954e-05,1.0,1.0,1.0,1.0,6.714074074074075e-06,1.09375,0.0,2.0,easy|medium|hard
test,0,11,118,32,0.5333585249973112,63.09607757599588,1495.34233675,2.8047295927535743e-05,1.0,1.0,1.0,1.0,6.708148148148149e-06,0.90625,0.0,2.0,easy|medium|hard
test,0,11,119,32,0.5331570540001849,63.629854442995565,1495.8761136370013,3.0878371035214514e-05,1.0,1.0,1.0,1.0,6.702222222222224e-06,0.75,0.0,2.0,easy|medium|hard
test,0,11,120,32,0.5341224459989462,64.16457569599879,1496.4108348810041,3.8853024307172745e-05,1.0,1.0,1.0,1.0,6.696296296296296e-06,1.125,0.0,2.0,hard|easy|medium
test,0,11,121,32,0.5336862769981963,64.69878932999563,1496.945048777001,2.7078742277808487e-05,1.0,1.0,1.0,1.0,6.6903703703703705e-06,1.0,0.0,2.0,hard|medium|easy
test,0,11,122,32,0.5325078359965119,65.2318774729938,1497.4781366840034,3.4346405300311744e-05,1.0,1.0,1.0,1.0,6.684444444444445e-06,0.75,0.0,2.0,medium|hard|easy
test,0,11,123,32,0.5336334410021664,65.76610309999523,1498.0123625150009,5.564477760344744e-05,1.0,1.0,1.0,1.0,6.678518518518519e-06,1.125,0.0,2.0,hard|easy|medium
test,0,11,124,32,0.5331239480001386,66.29982909799583,1498.5460882769985,2.8535283490782604e-05,1.0,1.0,1.0,1.0,6.672592592592592e-06,1.03125,0.0,2.0,easy|hard|medium
test,0,11,125,32,0.532393339999544,66.83281154599536,1499.079070726999,3.0312185117509216e-05,1.0,1.0,1.0,1.0,6.666666666666667e-06,0.96875,0.0,2.0,easy|hard|medium
test,0,11,126,32,0.5343760299947462,67.36779571299849,1499.6140549030024,3.388821642147377e-05,1.0,1.0,1.0,1.0,6.660740740740741e-06,1.21875,0.0,2.0,medium|easy|hard
test,0,11,127,32,0.5331550339979003,67.90142104499682,1500.1476802100005,2.940318881883286e-05,1.0,1.0,1.0,1.0,6.654814814814815e-06,1.28125,0.0,2.0,medium|easy|hard
test,0,11,128,32,0.5322864139961894,68.43425888799538,1500.6805180509982,2.9049348086118698e-05,1.0,1.0,1.0,1.0,6.648888888888889e-06,1.09375,0.0,2.0,hard|easy|medium
test,0,11,129,32,0.5338945280018379,68.96870853399741,1501.214967728003,3.1422110623680055e-05,1.0,1.0,1.0,1.0,6.642962962962964e-06,1.03125,0.0,2.0,hard|medium|easy
test,0,11,130,32,0.5334065360002569,69.5026012629969,1501.7488604530008,3.3504085877211764e-05,1.0,1.0,1.0,1.0,6.637037037037037e-06,0.96875,0.0,2.0,easy|medium|hard
test,0,11,131,32,0.5323325290009961,70.0353795819974,1502.281638788998,3.2394484151154757e-05,1.0,1.0,1.0,1.0,6.631111111111111e-06,0.9375,0.0,2.0,easy|medium|hard
test,0,11,132,32,0.5342588179992163,70.57019945600041,1502.816458649002,2.9287728466442786e-05,1.0,1.0,1.0,1.0,6.625185185185186e-06,1.03125,0.0,2.0,hard|easy|medium
test,0,11,133,32,0.5340262719983002,71.10480269599793,1503.3510618889995,3.678149005281739e-05,1.0,1.0,1.0,1.0,6.61925925925926e-06,0.96875,0.0,2.0,easy|medium|hard
test,0,11,134,32,0.5334654239995871,71.6388853449971,1503.8851445309992,0.13758479058742523,0.9736842105263157,0.96875,0.9642857142857143,0.967967967967968,6.613333333333334e-06,1.28125,0.0,2.0,easy|hard|medium
test,0,11,135,32,0.5339149889987311,72.17337760199734,1504.4196367760014,2.7779058655141853e-05,1.0,1.0,1.0,1.0,6.6074074074074075e-06,1.1875,0.0,2.0,easy|medium|hard
test,0,11,136,32,0.5338113570032874,72.70762455899967,1504.9538837389991,2.9105205612722784e-05,1.0,1.0,1.0,1.0,6.601481481481482e-06,1.03125,0.0,2.0,easy|medium|hard
test,0,11,137,32,0.5330096969992155,73.24117386499711,1505.487433041002,3.0379227609955706e-05,1.0,1.0,1.0,1.0,6.595555555555556e-06,0.84375,0.0,2.0,medium|hard|easy
test,0,11,138,32,0.5339174399996409,73.77552008899511,1506.0217792559997,3.0204118957044557e-05,1.0,1.0,1.0,1.0,6.58962962962963e-06,1.1875,0.0,2.0,hard|medium|easy
test,0,11,139,32,0.5332094800032792,74.30924034000054,1506.5554995249986,2.7991412935080007e-05,1.0,1.0,1.0,1.0,6.5837037037037045e-06,0.90625,0.0,2.0,hard|medium|easy
test,0,11,140,32,0.5325987199976225,74.8422733069965,1507.0885324769988,2.9358558094827458e-05,1.0,1.0,1.0,1.0,6.577777777777779e-06,0.78125,0.0,2.0,hard|easy|medium
test,0,11,141,32,0.5338560000018333,75.37673737199657,1507.6229965579987,2.7991402021143585e-05,1.0,1.0,1.0,1.0,6.571851851851852e-06,1.09375,0.0,2.0,easy|hard|medium
test,0,11,142,32,0.5330362710010377,75.91039369299688,1508.1566530950004,2.6255485863657668e-05,1.0,1.0,1.0,1.0,6.5659259259259265e-06,0.9375,0.0,2.0,hard|easy|medium
test,0,11,143,32,0.5324766869962332,76.44346696399589,1508.6897261690028,3.39365033141803e-05,1.0,1.0,1.0,1.0,6.560000000000001e-06,1.03125,0.0,2.0,medium|hard|easy
test,0,11,144,32,0.5336904360010521,76.97769577699364,1509.2239549570004,4.082533996552229e-05,1.0,1.0,1.0,1.0,6.554074074074075e-06,1.09375,0.0,2.0,medium|easy|hard
test,0,11,145,32,0.5329926619961043,77.51130185299553,1509.7575612880028,3.720245149452239e-05,1.0,1.0,1.0,1.0,6.548148148148149e-06,0.9375,0.0,2.0,easy|medium|hard
test,0,11,146,32,0.5328108640023856,78.04465453199373,1510.2909137239985,2.828567085089162e-05,1.0,1.0,1.0,1.0,6.5422222222222235e-06,0.9375,0.0,2.0,easy|medium|hard
test,0,11,147,32,0.5337413519955589,78.57899341199663,1510.8252525749995,3.5396573366597295e-05,1.0,1.0,1.0,1.0,6.536296296296297e-06,1.0,0.0,2.0,easy|hard|medium
test,0,11,148,32,0.5330321340006776,79.11258271299448,1511.3588418979998,3.0241391868912615e-05,1.0,1.0,1.0,1.0,6.530370370370371e-06,1.03125,0.0,2.0,easy|hard|medium
test,0,11,149,32,0.5323719820007682,79.64546871299535,1511.891727922004,2.5234767235815525e-05,1.0,1.0,1.0,1.0,6.524444444444445e-06,1.125,0.0,2.0,hard|medium|easy
test,0,11,150,32,0.5336974449965055,80.17971541999577,1512.4259745969975,8.265124779427424e-05,1.0,1.0,1.0,1.0,6.51851851851852e-06,0.84375,0.0,2.0,easy|hard|medium
test,0,11,151,32,0.5332058009953471,80.71339890099625,1512.9596581579972,3.0624811188317835e-05,1.0,1.0,1.0,1.0,6.512592592592592e-06,1.0625,0.0,2.0,medium|easy|hard
test,0,11,152,32,0.5328642180029419,81.24683528400055,1513.4930945020024,3.10497525788378e-05,1.0,1.0,1.0,1.0,6.5066666666666665e-06,0.875,0.0,2.0,hard|medium|easy
test,0,11,153,32,0.5341181220064755,81.78155223399517,1514.0278114460016,2.7339498046785593e-05,1.0,1.0,1.0,1.0,6.500740740740741e-06,0.9375,0.0,2.0,medium|hard|easy
test,0,11,154,32,0.5328641849991982,82.31497189299989,1514.5612314390019,3.0751703889109194e-05,1.0,1.0,1.0,1.0,6.494814814814815e-06,0.78125,0.0,2.0,medium|easy|hard
test,0,11,155,32,0.5318510380020598,82.84738866499538,1515.0936478560034,2.9216931579867378e-05,1.0,1.0,1.0,1.0,6.488888888888889e-06,1.125,0.0,2.0,easy|hard|medium
test,0,11,156,32,0.5336470539987204,83.38155295799515,1515.6278121409996,2.6024506951216608e-05,1.0,1.0,1.0,1.0,6.4829629629629635e-06,1.125,0.0,2.0,easy|hard|medium
test,0,11,157,32,0.5330004530042061,83.91513777699583,1516.161396989999,2.7060108550358564e-05,1.0,1.0,1.0,1.0,6.477037037037037e-06,1.03125,0.0,2.0,hard|easy|medium
test,0,11,158,32,0.5319285310033592,84.44763118699484,1516.6938903769988,2.7492194931255654e-05,1.0,1.0,1.0,1.0,6.471111111111111e-06,0.90625,0.0,2.0,easy|hard|medium
test,0,11,159,32,0.5344026039965684,84.9825758589941,1517.228835353002,3.078515874221921e-05,1.0,1.0,1.0,1.0,6.4651851851851854e-06,1.15625,0.0,2.0,medium|hard|easy
test,0,11,160,32,0.5335150829996564,85.51663995399576,1517.7628993809994,2.9209517379058525e-05,1.0,1.0,1.0,1.0,6.45925925925926e-06,0.8125,0.0,2.0,easy|medium|hard
test,0,11,161,32,0.53361666300043,86.05085556599806,1518.2971147369972,3.110924444627017e-05,1.0,1.0,1.0,1.0,6.453333333333334e-06,0.875,0.0,2.0,easy|medium|hard
test,0,11,162,32,0.534643013997993,86.58606147399405,1518.8323206630012,0.02697199583053589,0.9583333333333333,0.96875,0.9761904761904762,0.9660657476139979,6.447407407407408e-06,1.0625,0.0,2.0,medium|hard|easy
test,0,11,163,32,0.5333963189987116,87.12003110099613,1519.3662902840006,2.9544793505920097e-05,1.0,1.0,1.0,1.0,6.441481481481482e-06,0.96875,0.0,2.0,easy|hard|medium
test,0,11,164,32,0.533926224001334,87.6544416819961,1519.9007008670014,2.630763265187852e-05,1.0,1.0,1.0,1.0,6.435555555555556e-06,0.9375,0.0,2.0,medium|easy|hard
test,0,11,165,32,0.5334620820067357,88.18851626299875,1520.4347754519986,3.4912049159174785e-05,1.0,1.0,1.0,1.0,6.42962962962963e-06,0.96875,0.0,2.0,hard|easy|medium
test,0,11,166,32,0.533546753002156,88.72260443099367,1520.9688636360006,3.2673422538209707e-05,1.0,1.0,1.0,1.0,6.423703703703704e-06,0.84375,0.0,2.0,easy|medium|hard
test,0,11,167,32,0.533899118003319,89.25712237499829,1521.503381540002,2.837121792254038e-05,1.0,1.0,1.0,1.0,6.417777777777779e-06,1.28125,0.0,2.0,medium|hard|easy
test,0,11,168,32,0.5330213269990054,89.79066703599528,1522.036926218003,2.99284092761809e-05,1.0,1.0,1.0,1.0,6.411851851851852e-06,0.90625,0.0,2.0,easy|medium|hard
test,0,11,169,32,0.5333049330001813,90.32458241399581,1522.570841613997,3.60708509106189e-05,1.0,1.0,1.0,1.0,6.405925925925926e-06,1.03125,0.0,2.0,easy|hard|medium
test,0,11,170,32,0.5335295080003561,90.85859617999813,1523.104855398,3.4558710467536e-05,1.0,1.0,1.0,1.0,6.4000000000000006e-06,0.9375,0.0,2.0,easy|medium|hard
test,0,11,171,32,0.5334538289971533,91.39257060899399,1523.6388298300008,2.8285638109082356e-05,1.0,1.0,1.0,1.0,6.394074074074075e-06,0.96875,0.0,2.0,easy|medium|hard
test,0,11,172,32,0.5322561930006486,91.92532676099654,1524.1715859539981,3.104971983702853e-05,1.0,1.0,1.0,1.0,6.388148148148149e-06,1.09375,0.0,2.0,medium|easy|hard
test,0,11,173,32,0.5338494230018114,92.45975749599893,1524.7060166869996,4.957565397489816e-05,1.0,1.0,1.0,1.0,6.382222222222223e-06,0.9375,0.0,2.0,hard|easy|medium
test,0,11,174,32,0.5332755060007912,92.99356785599957,1525.239827039004,6.020268119755201e-05,1.0,1.0,1.0,1.0,6.376296296296297e-06,0.96875,0.0,2.0,easy|hard|medium
test,0,11,175,32,0.5325530390036874,93.5266830939945,1525.7729422760021,5.0498310883995146e-05,1.0,1.0,1.0,1.0,6.370370370370371e-06,1.15625,0.0,2.0,hard|easy|medium
test,0,11,176,32,0.534055513999192,94.06127584500064,1526.3075350779982,4.470617568586022e-05,1.0,1.0,1.0,1.0,6.364444444444445e-06,0.75,0.0,2.0,medium|easy|hard
test,0,11,177,32,0.5336562800002866,94.59552694000013,1526.8417861799971,3.3619879104662687e-05,1.0,1.0,1.0,1.0,6.3585185185185195e-06,1.0,0.0,2.0,hard|easy|medium
test,0,11,178,32,0.5323221829967224,95.12844282999868,1527.374702027002,6.804659642511979e-05,1.0,1.0,1.0,1.0,6.352592592592594e-06,1.09375,0.0,2.0,hard|medium|easy
test,0,11,179,32,0.5336098580010002,95.6626655229993,1527.9089246930016,2.9719865779043175e-05,1.0,1.0,1.0,1.0,6.346666666666668e-06,1.0,0.0,2.0,medium|hard|easy
test,0,11,180,32,0.5336110650023329,96.19673210499604,1528.442991310003,3.022641067218501e-05,1.0,1.0,1.0,1.0,6.3407407407407414e-06,1.03125,0.0,2.0,hard|easy|medium
test,0,11,181,32,0.5331975820008665,96.7304452449971,1528.9767044300024,2.4489734641974792e-05,1.0,1.0,1.0,1.0,6.334814814814816e-06,0.84375,0.0,2.0,easy|hard|medium
test,0,11,182,32,0.5342164519970538,97.26520103599614,1529.5114604089977,3.159359039273113e-05,1.0,1.0,1.0,1.0,6.328888888888889e-06,1.09375,0.0,2.0,hard|medium|easy
test,0,11,183,32,0.5335547659997246,97.79932799299422,1530.045587269,2.744376251939684e-05,1.0,1.0,1.0,1.0,6.322962962962963e-06,0.90625,0.0,2.0,easy|hard|medium
test,0,11,184,32,0.5327595890048542,98.3325919380004,1530.5788511270002,2.8822090825997293e-05,1.0,1.0,1.0,1.0,6.317037037037037e-06,0.9375,0.0,2.0,easy|medium|hard
test,0,11,185,32,0.5334844640019583,98.86665569799516,1531.1129148850014,2.8725224183290266e-05,1.0,1.0,1.0,1.0,6.311111111111111e-06,1.0625,0.0,2.0,hard|easy|medium
test,0,11,186,32,0.5332919740030775,99.40045278199977,1531.6467119549998,2.8565053071361035e-05,1.0,1.0,1.0,1.0,6.305185185185185e-06,1.0,0.0,2.0,medium|hard|easy
test,0,11,187,32,0.5326382179991924,99.9335191680002,1532.1797783810034,5.881556717213243e-05,1.0,1.0,1.0,1.0,6.2992592592592595e-06,1.25,0.0,2.0,medium|hard|easy
test,0,11,188,32,0.5339285320005729,100.46799097099574,1532.7142501490016,2.6542307750787586e-05,1.0,1.0,1.0,1.0,6.293333333333334e-06,0.90625,0.0,2.0,easy|hard|medium
test,0,11,189,32,0.5337355540032149,101.00235334199533,1533.248612547999,2.8226018912391737e-05,1.0,1.0,1.0,1.0,6.287407407407408e-06,0.90625,0.0,2.0,easy|medium|hard
test,0,11,190,32,0.5326611549971858,101.53549181699782,1533.7817509980014,2.665407009772025e-05,1.0,1.0,1.0,1.0,6.2814814814814814e-06,1.09375,0.0,2.0,hard|medium|easy
test,0,11,191,32,0.5333736649990897,102.06947473000037,1534.3157339289974,4.115790216019377e-05,1.0,1.0,1.0,1.0,6.275555555555556e-06,0.96875,0.0,2.0,medium|hard|easy
test,0,11,192,32,0.5330987319975975,102.60312386399892,1534.8493830529987,2.991351175296586e-05,1.0,1.0,1.0,1.0,6.26962962962963e-06,0.875,0.0,2.0,hard|medium|easy
test,0,11,193,32,0.5328525320001063,103.13655107899831,1535.3828102679981,2.8147849661763757e-05,1.0,1.0,1.0,1.0,6.263703703703704e-06,1.21875,0.0,2.0,easy|medium|hard
test,0,11,194,32,0.5337961759942118,103.67091554499348,1535.9171748480003,3.480767918517813e-05,1.0,1.0,1.0,1.0,6.2577777777777785e-06,0.84375,0.0,2.0,easy|medium|hard
test,0,11,195,32,0.5329334120033309,104.20445758599817,1536.4507167650008,3.0606399377575144e-05,1.0,1.0,1.0,1.0,6.251851851851852e-06,1.0625,0.0,2.0,easy|medium|hard
test,0,11,196,32,0.5323903039970901,104.73737026099843,1536.9836294569977,4.0170260035665706e-05,1.0,1.0,1.0,1.0,6.245925925925926e-06,1.125,0.0,2.0,easy|medium|hard
test,0,11,197,32,0.5335157610024908,105.27147975199478,1537.5177389439996,2.731714994297363e-05,1.0,1.0,1.0,1.0,6.24e-06,1.03125,0.0,2.0,easy|medium|hard
test,0,11,198,32,0.5332547739963047,105.80529985400062,1538.0515590299983,3.843503873213194e-05,1.0,1.0,1.0,1.0,6.234074074074075e-06,1.0,0.0,2.0,medium|hard|easy
test,0,11,199,32,0.5325334860026487,106.33841043899884,1538.5846696209992,3.131035919068381e-05,1.0,1.0,1.0,1.0,6.228148148148149e-06,1.15625,0.0,2.0,hard|easy|medium
test,0,11,200,32,0.5342499799953657,106.87314068200067,1539.1193998750023,0.06256061792373657,0.9736842105263157,0.96875,0.9642857142857143,0.967967967967968,6.222222222222223e-06,1.0,0.0,2.0,medium|hard|easy
test,0,11,201,32,0.5332817579983384,107.40688021899405,1539.6531393920013,2.9116374207660556e-05,1.0,1.0,1.0,1.0,6.2162962962962966e-06,0.96875,0.0,2.0,medium|easy|hard
test,0,11,202,32,0.5322935040021548,107.9397614269983,1540.1860206170022,2.289535586896818e-05,1.0,1.0,1.0,1.0,6.210370370370371e-06,1.21875,0.0,2.0,easy|hard|medium
test,0,11,203,32,0.5339181819945225,108.47416123899893,1540.7204204049995,2.736183705565054e-05,1.0,1.0,1.0,1.0,6.204444444444445e-06,1.0,0.0,2.0,hard|easy|medium
test,0,11,204,32,0.5326865690003615,109.00740982599382,1541.2536690109991,2.7846088414662518e-05,1.0,1.0,1.0,1.0,6.198518518518519e-06,0.875,0.0,2.0,easy|hard|medium
test,0,11,205,32,0.5321732119991793,109.54017811799713,1541.7864372839977,2.8032378395437263e-05,1.0,1.0,1.0,1.0,6.192592592592594e-06,0.8125,0.0,2.0,medium|easy|hard
test,0,11,206,32,0.5342513959985808,110.0749705019989,1542.3212297229984,3.034569635929074e-05,1.0,1.0,1.0,1.0,6.186666666666668e-06,0.75,0.0,2.0,easy|medium|hard
test,0,11,207,32,0.5329745060007554,110.6085365359977,1542.8547957569972,2.8296861273702234e-05,1.0,1.0,1.0,1.0,6.180740740740741e-06,0.84375,0.0,2.0,medium|easy|hard
test,0,11,208,32,0.5335982559990953,111.14269596799568,1543.3889551730026,2.8911479603266343e-05,1.0,1.0,1.0,1.0,6.1748148148148155e-06,0.78125,0.0,2.0,easy|hard|medium
test,0,11,209,32,0.5344098380010109,111.67771338400053,1543.9239725989974,2.891153417294845e-05,1.0,1.0,1.0,1.0,6.16888888888889e-06,0.90625,0.0,2.0,easy|hard|medium
test,0,11,210,32,0.5332739719960955,112.21148771399749,1544.4577468729985,3.560096229193732e-05,1.0,1.0,1.0,1.0,6.162962962962964e-06,1.125,0.0,2.0,easy|hard|medium
test,0,11,211,32,0.5335589880050975,112.74562577899633,1544.9918849599999,3.223783278372139e-05,1.0,1.0,1.0,1.0,6.157037037037038e-06,0.875,0.0,2.0,hard|easy|medium
test,0,11,212,32,0.5330888850003248,113.27928512099606,1545.5255443049973,2.69818956439849e-05,1.0,1.0,1.0,1.0,6.1511111111111125e-06,0.875,0.0,2.0,medium|easy|hard
test,0,11,213,32,0.5335390500040376,113.81342445699556,1546.0596836510013,2.586429036455229e-05,1.0,1.0,1.0,1.0,6.145185185185185e-06,0.8125,0.0,2.0,hard|medium|easy
test,0,11,214,32,0.53423241499695,114.3482440739972,1546.594503266002,2.7246371246292256e-05,1.0,1.0,1.0,1.0,6.139259259259259e-06,0.875,0.0,2.0,easy|medium|hard
test,0,11,215,32,0.533265076999669,114.8820494689935,1547.1283086620024,2.9500029995688237e-05,1.0,1.0,1.0,1.0,6.133333333333334e-06,0.75,0.0,2.0,medium|easy|hard
test,0,11,216,32,0.5330912970021018,115.41572607699345,1547.6619852570002,2.8870519599877298e-05,1.0,1.0,1.0,1.0,6.127407407407408e-06,0.84375,0.0,2.0,easy|medium|hard
test,0,11,217,32,0.5339721900018048,115.95026824999513,1548.1965274600007,2.5860603273031302e-05,1.0,1.0,1.0,1.0,6.121481481481481e-06,1.09375,0.0,2.0,hard|easy|medium
test,0,11,218,32,0.5337417110058595,116.48453612099547,1548.7307955319993,2.5737655960256234e-05,1.0,1.0,1.0,1.0,6.1155555555555555e-06,0.9375,0.0,2.0,easy|hard|medium
test,0,11,219,32,0.5327398890003678,117.01785794799798,1549.2641171459982,2.713461799430661e-05,1.0,1.0,1.0,1.0,6.10962962962963e-06,1.0,0.0,2.0,easy|medium|hard
test,0,11,220,32,0.534573614000692,117.55300942799659,1549.7992686080033,3.1913550628814846e-05,1.0,1.0,1.0,1.0,6.103703703703704e-06,0.875,0.0,2.0,hard|easy|medium
test,0,11,221,32,0.5339108900006977,118.08755232399562,1550.333811548,2.8915188522660173e-05,1.0,1.0,1.0,1.0,6.097777777777778e-06,1.25,0.0,2.0,hard|easy|medium
test,0,11,222,32,0.5323477839992847,118.62046169099631,1550.866720912003,2.9973081836942583e-05,1.0,1.0,1.0,1.0,6.091851851851852e-06,0.875,0.0,2.0,easy|hard|medium
test,0,11,223,32,0.5340200499995262,119.15500299699488,1551.4012624219977,2.6296442229067907e-05,1.0,1.0,1.0,1.0,6.085925925925926e-06,1.0,0.0,2.0,easy|medium|hard
test,0,11,224,32,0.5336188670044066,119.68918337099603,1551.9354428250008,3.697135980473831e-05,1.0,1.0,1.0,1.0,6.08e-06,1.03125,0.0,2.0,medium|easy|hard
test,0,11,225,32,0.5325581989964121,120.22229883899854,1552.468558020002,4.754653127747588e-05,1.0,1.0,1.0,1.0,6.0740740740740745e-06,0.78125,0.0,2.0,medium|easy|hard
test,0,11,226,32,0.5338764170010109,120.7567064689938,1553.002965640997,2.8356429538689554e-05,1.0,1.0,1.0,1.0,6.068148148148149e-06,1.40625,0.0,2.0,medium|hard|easy
test,0,11,227,32,0.5336465669970494,121.29084058699664,1553.5370997680002,2.4761682652751915e-05,1.0,1.0,1.0,1.0,6.062222222222223e-06,1.21875,0.0,2.0,medium|easy|hard
test,0,11,228,32,0.5324618609956815,121.82390127299732,1554.0701604569986,2.5022445697686635e-05,1.0,1.0,1.0,1.0,6.056296296296296e-06,0.90625,0.0,2.0,easy|hard|medium
test,0,11,229,32,0.5330680449987995,122.35750845800067,1554.6037676409978,2.7667298127198592e-05,1.0,1.0,1.0,1.0,6.050370370370371e-06,0.875,0.0,2.0,medium|easy|hard
test,0,11,230,32,0.5350779799991869,122.89306926599966,1555.1393284790029,3.358929097885266e-05,1.0,1.0,1.0,1.0,6.044444444444445e-06,1.125,0.0,2.0,medium|hard|easy
test,0,11,231,32,0.5330702490027761,123.42674700499629,1555.673006195997,3.030838524864521e-05,1.0,1.0,1.0,1.0,6.038518518518519e-06,1.0625,0.0,2.0,easy|medium|hard
test,0,11,232,32,0.5344503869928303,123.96181149599579,1556.2080706699999,2.8505346563179046e-05,1.0,1.0,1.0,1.0,6.0325925925925934e-06,0.875,0.0,2.0,easy|medium|hard
test,0,11,233,32,0.5332619499968132,124.49557341699983,1556.741832617001,2.6866378902923316e-05,1.0,1.0,1.0,1.0,6.026666666666668e-06,1.09375,0.0,2.0,easy|medium|hard
test,0,11,234,32,0.5323916319975979,125.02853306599718,1557.2747922449998,2.5536524844937958e-05,1.0,1.0,1.0,1.0,6.020740740740741e-06,0.9375,0.0,2.0,hard|easy|medium
test,0,11,235,32,0.5338668659969699,125.56305338999664,1557.8093125680025,2.8483020287239924e-05,1.0,1.0,1.0,1.0,6.014814814814815e-06,0.8125,0.0,2.0,easy|hard|medium
test,0,11,236,32,0.5329334550042404,126.09644854199723,1558.3427077399974,2.4672272047610022e-05,1.0,1.0,1.0,1.0,6.00888888888889e-06,0.9375,0.0,2.0,easy|hard|medium
test,0,11,237,32,0.5329186050003045,126.62995215999399,1558.8762113530029,2.7149517336511053e-05,1.0,1.0,1.0,1.0,6.002962962962964e-06,1.0,0.0,2.0,easy|medium|hard
test,0,11,238,32,0.5334381720022066,127.16398609099997,1559.4102452739971,2.676209987839684e-05,1.0,1.0,1.0,1.0,5.997037037037038e-06,1.15625,0.0,2.0,hard|medium|easy
test,0,11,239,32,0.5331542100029765,127.6977337749995,1559.943992966997,2.8047255909768865e-05,1.0,1.0,1.0,1.0,5.991111111111112e-06,1.15625,0.0,2.0,hard|medium|easy
test,0,11,240,32,0.5327537140037748,128.23094898699492,1560.4772081819974,3.1694195058662444e-05,1.0,1.0,1.0,1.0,5.985185185185186e-06,1.21875,0.0,2.0,medium|hard|easy
test,0,11,241,32,0.5339521700007026,128.76549885900022,1561.011758034998,2.776416476990562e-05,1.0,1.0,1.0,1.0,5.97925925925926e-06,0.78125,0.0,2.0,medium|easy|hard
test,0,11,242,32,0.5320923809995293,129.2980481209961,1561.5443073040005,2.9414390155579895e-05,1.0,1.0,1.0,1.0,5.973333333333334e-06,0.96875,0.0,2.0,medium|hard|easy
test,0,11,243,32,0.5325680579990149,129.831156137996,1562.0774153059974,2.7823760319733992e-05,1.0,1.0,1.0,1.0,5.9674074074074086e-06,1.0625,0.0,2.0,medium|hard|easy
test,0,11,244,32,0.5342507650057087,130.36596834299417,1562.6122275239977,3.1958323233993724e-05,1.0,1.0,1.0,1.0,5.961481481481481e-06,1.34375,0.0,2.0,medium|hard|easy
test,0,11,245,32,0.5326143469937961,130.89915347100032,1563.1454126440003,2.8091977583244443e-05,1.0,1.0,1.0,1.0,5.955555555555555e-06,0.96875,0.0,2.0,hard|medium|easy
test,0,11,246,32,0.5327093279993278,131.43246512000042,1563.6787242810024,2.9328399250516668e-05,1.0,1.0,1.0,1.0,5.94962962962963e-06,1.3125,0.0,2.0,easy|hard|medium
test,0,11,247,32,0.534255425001902,131.9675649619967,1564.2138241360008,5.7385434047318995e-05,1.0,1.0,1.0,1.0,5.943703703703704e-06,1.03125,0.0,2.0,hard|easy|medium
test,0,11,248,32,0.5331168919947231,132.50117687799502,1564.7474360440028,2.622193642309867e-05,1.0,1.0,1.0,1.0,5.937777777777778e-06,1.3125,0.0,2.0,medium|hard|easy
test,0,11,249,32,0.5330438629971468,133.03467350299616,1565.2809327369978,2.6627980332705192e-05,1.0,1.0,1.0,1.0,5.9318518518518516e-06,1.125,0.0,2.0,hard|medium|easy
test,0,11,250,32,0.5336289370025042,133.56886381899676,1565.815122992004,3.2397514587501064e-05,1.0,1.0,1.0,1.0,5.925925925925926e-06,0.84375,0.0,2.0,medium|hard|easy
test,0,12,1,32,0.5344612260014401,0.6205671839998104,1576.3686400259976,2.6262890969519503e-05,1.0,1.0,1.0,1.0,5.92e-06,0.96875,0.0,2.0,hard|easy|medium
test,0,12,2,32,0.5336344349998399,1.154950144002214,1576.9030231770012,3.9861937693785876e-05,1.0,1.0,1.0,1.0,5.914074074074074e-06,0.9375,0.0,2.0,easy|hard|medium
test,0,12,3,32,0.5331100059993332,1.6885759989963844,1577.4366488540036,2.605802728794515e-05,1.0,1.0,1.0,1.0,5.908148148148149e-06,0.9375,0.0,2.0,hard|easy|medium
test,0,12,4,32,0.5331642590026604,2.2223060089963838,1577.9703789240011,2.4351860702154227e-05,1.0,1.0,1.0,1.0,5.902222222222223e-06,1.0,0.0,2.0,hard|easy|medium
test,0,12,5,32,0.5333292760042241,2.7562309010027093,1578.5043037540017,2.934352778538596e-05,1.0,1.0,1.0,1.0,5.896296296296296e-06,1.0,0.0,2.0,medium|easy|hard
test,0,12,6,32,0.5332665819951217,3.2900900289969286,1579.0381628890027,2.715320442803204e-05,1.0,1.0,1.0,1.0,5.8903703703703705e-06,0.9375,0.0,2.0,medium|easy|hard
test,0,12,7,32,0.5333576639968669,3.824011637996591,1579.5720844940006,4.5225602661957964e-05,1.0,1.0,1.0,1.0,5.884444444444445e-06,1.0,0.0,2.0,easy|hard|medium
test,0,12,8,32,0.5344462220018613,4.3590215610020095,1580.107094402003,2.692599628062453e-05,1.0,1.0,1.0,1.0,5.878518518518519e-06,0.90625,0.0,2.0,easy|hard|medium
test,0,12,9,32,0.5330726460015285,4.892627376997552,1580.6407002240012,2.4731876692385413e-05,1.0,1.0,1.0,1.0,5.872592592592593e-06,1.15625,0.0,2.0,medium|hard|easy
test,0,12,10,32,0.5324710400018375,5.4255940500006545,1581.173666929004,2.551787838456221e-05,1.0,1.0,1.0,1.0,5.8666666666666675e-06,1.09375,0.0,2.0,easy|hard|medium
test,0,12,11,32,0.5340055390042835,5.960168871002679,1581.7082418950013,2.4765395210124552e-05,1.0,1.0,1.0,1.0,5.860740740740741e-06,0.84375,0.0,2.0,hard|easy|medium
test,0,12,12,32,0.5332085240006563,6.493935389000399,1582.2420085159974,2.7685910026775673e-05,1.0,1.0,1.0,1.0,5.854814814814815e-06,1.3125,0.0,2.0,hard|medium|easy
test,0,12,13,32,0.5338029139966238,7.028244260996871,1582.7763171179977,2.6128822355531156e-05,1.0,1.0,1.0,1.0,5.8488888888888895e-06,1.25,0.0,2.0,medium|hard|easy
test,0,12,14,32,0.53402334900602,7.562843687002896,1583.3109165600035,2.837871215888299e-05,1.0,1.0,1.0,1.0,5.842962962962964e-06,0.875,0.0,2.0,hard|medium|easy
test,0,12,15,32,0.5336307039979147,8.097124499996426,1583.845197376002,2.4124670744640753e-05,1.0,1.0,1.0,1.0,5.837037037037038e-06,0.875,0.0,2.0,hard|medium|easy
test,0,12,16,32,0.5338504510000348,8.631710638997902,1584.3797834959987,2.2545191313838586e-05,1.0,1.0,1.0,1.0,5.831111111111112e-06,1.21875,0.0,2.0,medium|hard|easy
test,0,12,17,32,0.5332641439963481,9.165578378997452,1584.9136512330006,2.6553490897640586e-05,1.0,1.0,1.0,1.0,5.825185185185186e-06,1.21875,0.0,2.0,hard|easy|medium
test,0,12,18,32,0.5337320890030242,9.699877402999846,1585.4479502629983,2.9246622943901457e-05,1.0,1.0,1.0,1.0,5.81925925925926e-06,1.125,0.0,2.0,hard|medium|easy
test,0,12,19,32,0.5341311299998779,10.23458438400121,1585.9826572570018,3.024109173566103e-05,1.0,1.0,1.0,1.0,5.813333333333334e-06,1.0,0.0,2.0,medium|easy|hard
test,0,12,20,32,0.533169034999446,10.768312339998374,1586.5163851850011,2.8159014618722722e-05,1.0,1.0,1.0,1.0,5.807407407407408e-06,0.90625,0.0,2.0,hard|easy|medium
test,0,12,21,32,0.5330034470025566,11.301830495998729,1587.0499033590022,2.6367146347183734e-05,1.0,1.0,1.0,1.0,5.801481481481483e-06,0.6875,0.0,2.0,easy|hard|medium
test,0,12,22,32,0.5340127660019789,11.836316993001674,1587.5843898469975,2.4746776034589857e-05,1.0,1.0,1.0,1.0,5.795555555555557e-06,0.875,0.0,2.0,easy|medium|hard
test,0,12,23,32,0.5333468140015611,12.370232007000595,1588.1183048660023,3.0255992896854877e-05,1.0,1.0,1.0,1.0,5.78962962962963e-06,1.28125,0.0,2.0,medium|easy|hard
test,0,12,24,32,0.5326363830026821,12.903391790998285,1588.6514646549986,6.053761899238452e-05,1.0,1.0,1.0,1.0,5.783703703703705e-06,1.03125,0.0,2.0,hard|easy|medium
test,0,12,25,32,0.5339920039987192,13.437931460000982,1589.1860043190027,2.7492140361573547e-05,1.0,1.0,1.0,1.0,5.777777777777778e-06,0.875,0.0,2.0,easy|medium|hard
test,0,12,26,32,0.5335288220012444,13.972090962997754,1589.7201638230035,2.4415243387920782e-05,1.0,1.0,1.0,1.0,5.771851851851851e-06,0.875,0.0,2.0,hard|medium|easy
test,0,12,27,32,0.5326427640029578,14.5053065050015,1590.2533793580005,2.939573096227832e-05,1.0,1.0,1.0,1.0,5.765925925925926e-06,1.0,0.0,2.0,easy|medium|hard
test,0,12,28,32,0.5341551220044494,15.04004819799593,1590.7881211380009,3.259896038798615e-05,1.0,1.0,1.0,1.0,5.76e-06,1.125,0.0,2.0,hard|medium|easy
test,0,12,29,32,0.5339004830020713,15.574525691001327,1591.3225985539975,4.4866868847748265e-05,1.0,1.0,1.0,1.0,5.754074074074074e-06,0.96875,0.0,2.0,hard|easy|medium
test,0,12,30,32,0.5330493849978666,16.108169086997805,1591.8562419790032,0.0007607578882016242,1.0,1.0,1.0,1.0,5.748148148148148e-06,1.09375,0.0,2.0,medium|hard|easy
test,0,12,31,32,0.5340527689986629,16.642764432996046,1592.3908372980004,2.6788176910486072e-05,1.0,1.0,1.0,1.0,5.742222222222223e-06,0.875,0.0,2.0,medium|easy|hard
test,0,12,32,32,0.5336180919985054,17.176986728001793,1592.925059592002,2.6434227038407698e-05,1.0,1.0,1.0,1.0,5.736296296296296e-06,1.03125,0.0,2.0,medium|easy|hard
test,0,12,33,32,0.5330578490029438,17.710579735001375,1593.4586526130006,2.5629629817558452e-05,1.0,1.0,1.0,1.0,5.73037037037037e-06,1.0625,0.0,2.0,hard|medium|easy
test,0,12,34,32,0.533820675998868,18.244952520995867,1593.9930254249994,2.4847337044775486e-05,1.0,1.0,1.0,1.0,5.724444444444445e-06,1.0,0.0,2.0,easy|hard|medium
test,0,12,35,32,0.5335972019965993,18.77911431699613,1594.527187227999,2.5450823159189895e-05,1.0,1.0,1.0,1.0,5.718518518518519e-06,1.125,0.0,2.0,medium|easy|hard
test,0,12,36,32,0.5327308639971307,19.312425892996544,1595.0604987519982,2.297358150826767e-05,1.0,1.0,1.0,1.0,5.712592592592593e-06,0.9375,0.0,2.0,medium|easy|hard
test,0,12,37,32,0.533804312995926,19.846780266998394,1595.5948531250033,3.8605958252446726e-05,1.0,1.0,1.0,1.0,5.706666666666667e-06,0.8125,0.0,2.0,easy|hard|medium
test,0,12,38,32,0.5329612220011768,20.380358761001844,1596.1284316200035,2.5819592337938957e-05,1.0,1.0,1.0,1.0,5.700740740740741e-06,0.78125,0.0,2.0,medium|easy|hard
test,0,12,39,32,0.5331721330003347,20.914076686000044,1596.662149529002,2.8639547963393852e-05,1.0,1.0,1.0,1.0,5.694814814814815e-06,1.125,0.0,2.0,hard|easy|medium
test,0,12,40,32,0.5336422719992697,21.448272014000395,1597.196344967997,2.6505054847802967e-05,1.0,1.0,1.0,1.0,5.688888888888889e-06,1.09375,0.0,2.0,medium|easy|hard
test,0,12,41,32,0.5328819709975505,21.981740748000448,1597.729813689999,2.550297722336836e-05,1.0,1.0,1.0,1.0,5.6829629629629635e-06,0.9375,0.0,2.0,hard|easy|medium
test,0,12,42,32,0.5327491680000094,22.515141365998716,1598.2632142389994,3.003271558554843e-05,1.0,1.0,1.0,1.0,5.677037037037038e-06,1.0,0.0,2.0,medium|hard|easy
test,0,12,43,32,0.5342084799995064,23.049917208001716,1598.7979901080034,2.636347562656738e-05,1.0,1.0,1.0,1.0,5.671111111111112e-06,0.84375,0.0,2.0,hard|easy|medium
test,0,12,44,32,0.5329327070066938,23.58349124900269,1599.331564453998,2.7749250875785947e-05,1.0,1.0,1.0,1.0,5.6651851851851855e-06,0.71875,0.0,2.0,medium|easy|hard
test,0,12,45,32,0.5327089299971703,24.116768202002277,1599.864841101,2.943662548204884e-05,1.0,1.0,1.0,1.0,5.65925925925926e-06,0.96875,0.0,2.0,medium|hard|easy
test,0,12,46,32,0.534153596003307,24.651500300999032,1600.3995731460018,2.3651560695725493e-05,1.0,1.0,1.0,1.0,5.653333333333334e-06,1.0625,0.0,2.0,medium|hard|easy
test,0,12,47,32,0.5330933540026308,25.185159399996337,1600.933232233001,2.5987261324189603e-05,1.0,1.0,1.0,1.0,5.647407407407408e-06,1.28125,0.0,2.0,medium|hard|easy
test,0,12,48,32,0.5322129580017645,25.717966265998257,1601.4660391830039,2.689985922188498e-05,1.0,1.0,1.0,1.0,5.6414814814814825e-06,1.0,0.0,2.0,medium|hard|easy
test,0,12,49,32,0.5343779670001823,26.252977067997563,1602.0010499769996,6.784886500099674e-05,1.0,1.0,1.0,1.0,5.635555555555557e-06,0.6875,0.0,2.0,medium|easy|hard
test,0,12,50,32,0.5329668480044347,26.786512273996777,1602.534585153,4.0632618038216606e-05,1.0,1.0,1.0,1.0,5.62962962962963e-06,0.90625,0.0,2.0,easy|medium|hard
test,0,12,51,32,0.5328628350034705,27.31995120299689,1603.0680240490037,2.6087847800226882e-05,1.0,1.0,1.0,1.0,5.623703703703704e-06,0.90625,0.0,2.0,medium|hard|easy
test,0,12,52,32,0.5339263970017782,27.85436422999919,1603.6024371050007,2.5100634957198054e-05,1.0,1.0,1.0,1.0,5.617777777777779e-06,0.8125,0.0,2.0,hard|easy|medium
test,0,12,53,32,0.5331138340043253,28.38800089900178,1604.1360737680006,2.7931711883866228e-05,1.0,1.0,1.0,1.0,5.611851851851853e-06,0.84375,0.0,2.0,hard|medium|easy
test,0,12,54,32,0.5338989279989619,28.922524818997772,1604.670597686003,2.476538429618813e-05,1.0,1.0,1.0,1.0,5.605925925925927e-06,1.25,0.0,2.0,medium|hard|easy
test,0,12,55,32,0.5333634710041224,29.456437763001304,1605.2045106419973,2.5149096472887322e-05,1.0,1.0,1.0,1.0,5.600000000000001e-06,0.8125,0.0,2.0,easy|hard|medium
test,0,12,56,32,0.5332808349994593,29.99024941099924,1605.7383222459976,2.5622166504035704e-05,1.0,1.0,1.0,1.0,5.594074074074074e-06,0.9375,0.0,2.0,hard|easy|medium
test,0,12,57,32,0.534156654997787,30.525028192998434,1606.2731010459975,0.0030476078391075134,1.0,1.0,1.0,1.0,5.588148148148148e-06,0.84375,0.0,2.0,medium|easy|hard
test,0,12,58,32,0.533748394002032,31.05937715899927,1606.8074500490038,2.447482074785512e-05,1.0,1.0,1.0,1.0,5.5822222222222225e-06,1.15625,0.0,2.0,hard|medium|easy
test,0,12,59,32,0.5326563599955989,31.59256470100081,1607.3406376440034,2.8732607461279258e-05,1.0,1.0,1.0,1.0,5.576296296296296e-06,0.65625,0.0,2.0,hard|easy|medium
test,0,12,60,32,0.5338073730017641,32.12689253700228,1607.8749653920022,2.5946284949895926e-05,1.0,1.0,1.0,1.0,5.57037037037037e-06,1.0625,0.0,2.0,hard|medium|easy
test,0,12,61,32,0.5334235030022683,32.660894590997486,1608.4089674499992,2.52831814577803e-05,1.0,1.0,1.0,1.0,5.5644444444444444e-06,1.0625,0.0,2.0,hard|easy|medium
test,0,12,62,32,0.5327790800001821,33.19428624700231,1608.942359118002,3.9659993490204215e-05,1.0,1.0,1.0,1.0,5.558518518518519e-06,1.03125,0.0,2.0,easy|hard|medium
test,0,12,63,32,0.5341858969986788,33.72901070900116,1609.4770835689997,2.3942126063047908e-05,1.0,1.0,1.0,1.0,5.552592592592593e-06,0.9375,0.0,2.0,easy|medium|hard
test,0,12,64,32,0.5339049190006335,34.263541852000344,1610.011614740004,2.5119257770711556e-05,1.0,1.0,1.0,1.0,5.546666666666667e-06,1.0,0.0,2.0,easy|hard|medium
test,0,12,65,32,0.5331742009948357,34.797248304996174,1610.5453211450003,2.7078654966317117e-05,1.0,1.0,1.0,1.0,5.540740740740741e-06,1.4375,0.0,2.0,hard|medium|easy
test,0,12,66,32,0.5345804399985354,35.3324678650024,1611.080540738003,2.4959117581602186e-05,1.0,1.0,1.0,1.0,5.534814814814815e-06,1.0625,0.0,2.0,hard|easy|medium
test,0,12,67,32,0.5334047520009335,35.86642182899959,1611.6144946819986,2.5417270080652088e-05,1.0,1.0,1.0,1.0,5.528888888888889e-06,0.96875,0.0,2.0,easy|hard|medium
test,0,12,68,32,0.5321467329995357,36.399140166002326,1612.1472130149996,2.751084502961021e-05,1.0,1.0,1.0,1.0,5.522962962962963e-06,0.90625,0.0,2.0,easy|hard|medium
test,0,12,69,32,0.5332798829986132,36.93300298199756,1612.6810758290012,2.4672273866599426e-05,1.0,1.0,1.0,1.0,5.517037037037038e-06,0.9375,0.0,2.0,medium|hard|easy
test,0,12,70,32,0.5338117420033086,37.46739269600221,1613.215465579,2.5845609343377873e-05,1.0,1.0,1.0,1.0,5.511111111111112e-06,1.0625,0.0,2.0,medium|hard|easy
test,0,12,71,32,0.5328636710037244,38.000805030002084,1613.7488778909974,2.3945864086272195e-05,1.0,1.0,1.0,1.0,5.505185185185185e-06,0.9375,0.0,2.0,easy|hard|medium
test,0,12,72,32,0.5340719919986441,38.53549544799898,1614.2835683049998,4.494455788517371e-05,1.0,1.0,1.0,1.0,5.4992592592592596e-06,1.0625,0.0,2.0,medium|hard|easy
test,0,12,73,32,0.533049295998353,39.06912863499747,1614.817201635,7.654932414880022e-05,1.0,1.0,1.0,1.0,5.493333333333334e-06,0.9375,0.0,2.0,easy|hard|medium
test,0,12,74,32,0.532399819996499,39.60210905999702,1615.3501819259982,2.6218211132800207e-05,1.0,1.0,1.0,1.0,5.487407407407408e-06,1.25,0.0,2.0,medium|easy|hard
test,0,12,75,32,0.5337431509979069,40.13641669500066,1615.8844896189985,2.5949957489501685e-05,1.0,1.0,1.0,1.0,5.481481481481482e-06,1.0625,0.0,2.0,hard|easy|medium
test,0,12,76,32,0.5334385140013183,40.67039538999961,1616.4184682510022,3.976820153184235e-05,1.0,1.0,1.0,1.0,5.475555555555557e-06,0.90625,0.0,2.0,medium|easy|hard
test,0,12,77,32,0.5329353639972396,41.20387791800022,1616.9519508049998,2.8632035537157208e-05,1.0,1.0,1.0,1.0,5.46962962962963e-06,0.84375,0.0,2.0,hard|medium|easy
test,0,12,78,32,0.5338670060009463,41.73836142499931,1617.4864342740038,2.3893691832199693e-05,1.0,1.0,1.0,1.0,5.463703703703704e-06,1.0,0.0,2.0,easy|medium|hard
test,0,12,79,32,0.5336478649987839,42.272544353996636,1618.0206171960017,3.062502946704626e-05,1.0,1.0,1.0,1.0,5.4577777777777785e-06,1.0625,0.0,2.0,easy|medium|hard
test,0,12,80,32,0.5328703120030696,42.805960689998756,1618.554033556,3.71128371625673e-05,1.0,1.0,1.0,1.0,5.451851851851853e-06,0.78125,0.0,2.0,medium|easy|hard
test,0,12,81,32,0.5331459070002893,43.339694944996154,1619.0877677960016,3.201786239515059e-05,1.0,1.0,1.0,1.0,5.445925925925927e-06,0.75,0.0,2.0,easy|medium|hard
test,0,12,82,32,0.5332521929958602,43.873510730001726,1619.6215835809999,2.6080369934788905e-05,1.0,1.0,1.0,1.0,5.4400000000000004e-06,0.84375,0.0,2.0,medium|easy|hard
test,0,12,83,32,0.5327019250034937,44.40676287699898,1620.1548357479987,3.2862422813195735e-05,1.0,1.0,1.0,1.0,5.434074074074075e-06,0.9375,0.0,2.0,hard|medium|easy
test,0,12,84,32,0.5343950919996132,44.941638985998,1620.6897118370034,2.845303970389068e-05,1.0,1.0,1.0,1.0,5.428148148148149e-06,1.28125,0.0,2.0,easy|hard|medium
test,0,12,85,32,0.533677389001241,45.47589311499905,1621.2239659629995,2.2101889044279233e-05,1.0,1.0,1.0,1.0,5.422222222222223e-06,1.21875,0.0,2.0,easy|hard|medium
test,0,12,86,32,0.5327211039984832,46.009149024997896,1621.757221863998,2.545456118241418e-05,1.0,1.0,1.0,1.0,5.4162962962962975e-06,0.9375,0.0,2.0,medium|easy|hard
test,0,12,87,32,0.5337622619990725,46.54346845299733,1622.291541325998,9.257725469069555e-05,1.0,1.0,1.0,1.0,5.41037037037037e-06,1.28125,0.0,2.0,easy|hard|medium
test,0,12,88,32,0.5333172329992522,47.077382618997945,1622.8254555629974,2.391233283560723e-05,1.0,1.0,1.0,1.0,5.404444444444444e-06,0.59375,0.0,2.0,hard|medium|easy
test,0,12,89,32,0.532233684003586,47.61020533699775,1623.358278189,2.5521616407786496e-05,1.0,1.0,1.0,1.0,5.3985185185185185e-06,1.09375,0.0,2.0,easy|hard|medium
test,0,12,90,32,0.5344985400006408,48.145315358000516,1623.8933882290003,2.445620521029923e-05,1.0,1.0,1.0,1.0,5.392592592592593e-06,1.09375,0.0,2.0,medium|easy|hard
test,0,12,91,32,0.5330869039971731,48.67897264900239,1624.4270455160004,2.4120923626469448e-05,1.0,1.0,1.0,1.0,5.386666666666667e-06,0.75,0.0,2.0,medium|easy|hard
test,0,12,92,32,0.5320290359959472,49.21160617900023,1624.959679038002,3.0512881494360045e-05,1.0,1.0,1.0,1.0,5.3807407407407405e-06,1.09375,0.0,2.0,medium|easy|hard
test,0,12,93,32,0.5349195290036732,49.74701467900013,1625.495087547999,2.4232682335423306e-05,1.0,1.0,1.0,1.0,5.374814814814815e-06,1.09375,0.0,2.0,easy|hard|medium
test,0,12,94,32,0.5333426070064888,50.28106437600218,1626.0291373040018,2.201247843913734e-05,1.0,1.0,1.0,1.0,5.368888888888889e-06,0.8125,0.0,2.0,easy|hard|medium
test,0,12,95,32,0.5335163190029562,50.815225671001826,1626.5632987760036,2.9715643904637545e-05,1.0,1.0,1.0,1.0,5.362962962962963e-06,0.90625,0.0,2.0,easy|medium|hard
test,0,12,96,32,0.5340398219996132,51.349792351997166,1627.0978652850026,3.4006723581114784e-05,1.0,1.0,1.0,1.0,5.3570370370370375e-06,1.09375,0.0,2.0,hard|easy|medium
test,0,12,97,32,0.5330838630034123,51.88343754899688,1627.631510387997,2.6091562176588923e-05,1.0,1.0,1.0,1.0,5.351111111111112e-06,1.03125,0.0,2.0,easy|hard|medium
test,0,12,98,32,0.5344131809979444,52.41848693900101,1628.1665597989995,2.5487812308711e-05,1.0,1.0,1.0,1.0,5.345185185185185e-06,1.09375,0.0,2.0,medium|hard|easy
test,0,12,99,32,0.5329116260036244,52.95195825200062,1628.7000310950025,2.7443769795354456e-05,1.0,1.0,1.0,1.0,5.339259259259259e-06,0.8125,0.0,2.0,easy|medium|hard
test,0,12,100,32,0.5332269979990087,53.48578673599695,1629.233859592001,2.4906885300879367e-05,1.0,1.0,1.0,1.0,5.333333333333334e-06,1.1875,0.0,2.0,hard|medium|easy
test,0,12,101,32,0.5337489849989652,54.02016251200257,1629.7682353819982,2.4344415578525513e-05,1.0,1.0,1.0,1.0,5.327407407407408e-06,0.8125,0.0,2.0,easy|medium|hard
test,0,12,102,32,0.5337249069998506,54.554535249000764,1630.3026081220014,2.4139568267855793e-05,1.0,1.0,1.0,1.0,5.321481481481482e-06,1.09375,0.0,2.0,hard|easy|medium
test,0,12,103,32,0.5321995470003458,55.08733891000156,1630.8354117650015,2.5529057893436402e-05,1.0,1.0,1.0,1.0,5.3155555555555564e-06,1.125,0.0,2.0,hard|medium|easy
test,0,12,104,32,0.5342818619974423,55.6222262989977,1631.3702991550017,2.4951641535153612e-05,1.0,1.0,1.0,1.0,5.30962962962963e-06,1.1875,0.0,2.0,medium|hard|easy
test,0,12,105,32,0.5333232330012834,56.156121318999794,1631.9041941640025,2.35993938986212e-05,1.0,1.0,1.0,1.0,5.303703703703704e-06,1.15625,0.0,2.0,easy|medium|hard
test,0,12,106,32,0.5321011619962519,56.68883618900145,1632.4369090429973,2.6050565793411806e-05,1.0,1.0,1.0,1.0,5.297777777777778e-06,0.84375,0.0,2.0,hard|medium|easy
test,0,12,107,32,0.5338938990025781,57.223297926997475,1632.9713707690025,2.3800565031706356e-05,1.0,1.0,1.0,1.0,5.291851851851853e-06,0.96875,0.0,2.0,hard|medium|easy
test,0,12,108,32,0.5332397969978047,57.75711514199793,1633.5051880640021,2.4031516659306362e-05,1.0,1.0,1.0,1.0,5.285925925925927e-06,1.125,0.0,2.0,medium|hard|easy
test,0,12,109,32,0.5328683459956665,58.29057535099855,1634.038648201,2.7458690965431742e-05,1.0,1.0,1.0,1.0,5.28e-06,1.03125,0.0,2.0,easy|medium|hard
test,0,12,110,32,0.5340891950036166,58.82526779999898,1634.5733406450017,2.2489301045425236e-05,1.0,1.0,1.0,1.0,5.2740740740740745e-06,1.125,0.0,2.0,hard|easy|medium
test,0,12,111,32,0.5336552439985098,59.35947371999646,1635.1075466620023,2.3543541828985326e-05,1.0,1.0,1.0,1.0,5.268148148148149e-06,1.0,0.0,2.0,easy|hard|medium
test,0,12,112,32,0.5330998389981687,59.89312007900298,1635.6411932629999,2.654976924532093e-05,1.0,1.0,1.0,1.0,5.262222222222223e-06,1.15625,0.0,2.0,hard|medium|easy
test,0,12,113,32,0.53333948499494,60.4270737629995,1636.1751466200003,2.422150100755971e-05,1.0,1.0,1.0,1.0,5.256296296296297e-06,0.875,0.0,2.0,medium|easy|hard
test,0,12,114,32,0.5337038150028093,60.96138021899969,1636.7094530780014,2.3554710423923098e-05,1.0,1.0,1.0,1.0,5.2503703703703716e-06,1.15625,0.0,2.0,hard|medium|easy
test,0,12,115,32,0.5319474150019232,61.493905912997434,1637.2419787670005,2.4705761461518705e-05,1.0,1.0,1.0,1.0,5.244444444444445e-06,0.875,0.0,2.0,medium|easy|hard
test,0,12,116,32,0.5332240880015888,62.027755477996834,1637.7758283279982,0.00033277299371547997,1.0,1.0,1.0,1.0,5.238518518518519e-06,0.90625,0.0,2.0,medium|easy|hard
test,0,12,117,32,0.5334002250019694,62.56168936299946,1638.3097622030036,2.3893691832199693e-05,1.0,1.0,1.0,1.0,5.2325925925925935e-06,1.0,0.0,2.0,easy|medium|hard
test,0,12,118,32,0.5327040709962603,63.09499381000205,1638.8430666720014,2.3025713744573295e-05,1.0,1.0,1.0,1.0,5.226666666666667e-06,1.0,0.0,2.0,medium|easy|hard
test,0,12,119,32,0.5337473839972517,63.629397365999466,1639.377470530002,0.00043531961273401976,1.0,1.0,1.0,1.0,5.22074074074074e-06,1.03125,0.0,2.0,hard|easy|medium
test,0,12,120,32,0.5339938890028861,64.16400355000223,1639.912076403998,2.3651571609661914e-05,1.0,1.0,1.0,1.0,5.2148148148148145e-06,1.375,0.0,2.0,hard|easy|medium
test,0,12,121,32,0.5328258219960844,64.69746082799975,1640.4455336969986,2.1546815332840197e-05,1.0,1.0,1.0,1.0,5.208888888888889e-06,1.0,0.0,2.0,easy|medium|hard
test,0,12,122,32,0.533666760995402,65.23166154199862,1640.9797343840037,2.8159010980743915e-05,1.0,1.0,1.0,1.0,5.202962962962963e-06,0.9375,0.0,2.0,hard|medium|easy
test,0,12,123,32,0.5329691110018757,65.76516020300187,1641.5132330870038,2.273888821946457e-05,1.0,1.0,1.0,1.0,5.197037037037037e-06,1.40625,0.0,2.0,medium|hard|easy
test,0,12,124,32,0.5333599750010762,66.29912773399701,1642.0472005940028,2.6437950509716757e-05,1.0,1.0,1.0,1.0,5.1911111111111116e-06,1.15625,0.0,2.0,hard|medium|easy
test,0,12,125,32,0.5336870269966312,66.83339211400016,1642.5814649680033,2.25712574319914e-05,1.0,1.0,1.0,1.0,5.185185185185185e-06,0.84375,0.0,2.0,medium|easy|hard
test,0,12,126,32,0.5325072179985,67.36646793199907,1643.114540790004,2.5443332560826093e-05,1.0,1.0,1.0,1.0,5.179259259259259e-06,1.125,0.0,2.0,hard|easy|medium
test,0,12,127,32,0.5326364230058971,67.89967063299991,1643.6477434850021,2.3729793610982597e-05,1.0,1.0,1.0,1.0,5.1733333333333335e-06,1.125,0.0,2.0,easy|medium|hard
test,0,12,128,32,0.5339859849991626,68.43426131099841,1644.1823341540003,2.518237306503579e-05,1.0,1.0,1.0,1.0,5.167407407407408e-06,1.0,0.0,2.0,easy|hard|medium
test,0,12,129,32,0.5328367589972913,68.96767719499621,1644.7157500329995,2.389742985542398e-05,1.0,1.0,1.0,1.0,5.161481481481482e-06,0.96875,0.0,2.0,hard|medium|easy
test,0,12,130,32,0.5330036079976708,69.5012465089967,1645.2493193870032,7.443668437190354e-05,1.0,1.0,1.0,1.0,5.155555555555556e-06,0.9375,0.0,2.0,hard|easy|medium
test,0,12,131,32,0.5342509389956831,70.03607321399613,1645.7841460630007,2.4702068913029507e-05,1.0,1.0,1.0,1.0,5.14962962962963e-06,0.875,0.0,2.0,hard|medium|easy
test,0,12,132,32,0.5329331100001582,70.56962130899774,1646.3176941479978,2.4728138669161126e-05,1.0,1.0,1.0,1.0,5.143703703703704e-06,0.90625,0.0,2.0,medium|easy|hard
test,0,12,133,32,0.5317768270033412,71.1019927840025,1646.850065671002,2.2109339624876156e-05,1.0,1.0,1.0,1.0,5.137777777777778e-06,0.9375,0.0,2.0,easy|hard|medium
test,0,12,134,32,0.5331959320028545,71.63581499500287,1647.3838878410024,3.206296969437972e-05,1.0,1.0,1.0,1.0,5.1318518518518524e-06,0.84375,0.0,2.0,hard|easy|medium
test,0,12,135,32,0.5332885000025271,72.16967720799585,1647.917750091001,2.313004370080307e-05,1.0,1.0,1.0,1.0,5.125925925925927e-06,0.90625,0.0,2.0,medium|hard|easy
test,0,12,136,32,0.5323838840049575,72.70260647300165,1648.4506793269975,2.626657806104049e-05,1.0,1.0,1.0,1.0,5.12e-06,1.15625,0.0,2.0,hard|medium|easy
test,0,12,137,32,0.5339630019952892,73.23713912499807,1648.9852119630013,2.279849832120817e-05,1.0,1.0,1.0,1.0,5.114074074074074e-06,0.96875,0.0,2.0,medium|hard|easy
test,0,12,138,32,0.5327876020019175,73.77052857200033,1649.5186014260034,2.613252217997797e-05,1.0,1.0,1.0,1.0,5.108148148148149e-06,1.125,0.0,2.0,medium|easy|hard
test,0,12,139,32,0.533849391998956,74.30492603700259,1650.0529988889975,2.1870921045774594e-05,1.0,1.0,1.0,1.0,5.102222222222223e-06,0.8125,0.0,2.0,easy|medium|hard
test,0,12,140,32,0.5346938889997546,74.8401843679967,1650.5882572289993,2.341687650186941e-05,1.0,1.0,1.0,1.0,5.096296296296297e-06,1.125,0.0,2.0,hard|medium|easy
test,0,12,141,32,0.5331417510024039,75.37381193500187,1651.1218848060016,2.5193783585564233e-05,1.0,1.0,1.0,1.0,5.090370370370371e-06,0.9375,0.0,2.0,hard|medium|easy
test,0,12,142,32,0.5337697720024153,75.9081285909997,1651.656201468002,2.2206144421943463e-05,1.0,1.0,1.0,1.0,5.084444444444445e-06,1.1875,0.0,2.0,medium|hard|easy
test,0,12,143,32,0.5334855809996952,76.44214077999641,1652.190213658003,2.507831231923774e-05,1.0,1.0,1.0,1.0,5.078518518518519e-06,1.0625,0.0,2.0,hard|easy|medium
test,0,12,144,32,0.5332804270001361,76.97588983699825,1652.723962682001,2.732070061028935e-05,1.0,1.0,1.0,1.0,5.072592592592593e-06,1.28125,0.0,2.0,medium|hard|easy
test,0,12,145,32,0.5343045519985026,77.51077921000251,1653.2588523070008,2.232539736723993e-05,1.0,1.0,1.0,1.0,5.0666666666666676e-06,1.09375,0.0,2.0,hard|medium|easy
test,0,12,146,32,0.5330937709950376,78.04440532300214,1653.7924781949987,2.4683431547600776e-05,1.0,1.0,1.0,1.0,5.060740740740742e-06,0.9375,0.0,2.0,easy|hard|medium
test,0,12,147,32,0.53242382100143,78.5773845750009,1654.3254575480023,2.9462584279826842e-05,1.0,1.0,1.0,1.0,5.054814814814816e-06,0.78125,0.0,2.0,easy|hard|medium
test,0,12,148,32,0.5341745440018713,79.11215916900255,1654.860232095998,2.4329525331268087e-05,1.0,1.0,1.0,1.0,5.0488888888888895e-06,1.03125,0.0,2.0,medium|hard|easy
test,0,12,149,32,0.5330036489976919,79.64567204200284,1655.3937451540041,2.6888606953434646e-05,1.0,1.0,1.0,1.0,5.042962962962963e-06,0.9375,0.0,2.0,easy|hard|medium
test,0,12,150,32,0.5321807810032624,80.1784547290008,1655.926527593001,2.2422253096010536e-05,1.0,1.0,1.0,1.0,5.037037037037037e-06,0.9375,0.0,2.0,medium|hard|easy
test,0,12,151,32,0.533872389998578,80.71285824799997,1656.4609311379972,3.357016248628497e-05,1.0,1.0,1.0,1.0,5.031111111111111e-06,1.0625,0.0,2.0,medium|hard|easy
test,0,12,152,32,0.5334983080028906,81.24697927800298,1656.9950521369974,2.1673487935913727e-05,1.0,1.0,1.0,1.0,5.025185185185185e-06,0.9375,0.0,2.0,easy|medium|hard
test,0,12,153,32,0.5326462890006951,81.78019330000097,1657.528266178997,2.528689947212115e-05,1.0,1.0,1.0,1.0,5.019259259259259e-06,1.09375,0.0,2.0,medium|hard|easy
test,0,12,154,32,0.5344943509990117,82.315228751002,1658.0633015819985,2.6858859200729057e-05,1.0,1.0,1.0,1.0,5.013333333333333e-06,1.34375,0.0,2.0,hard|medium|easy
test,0,12,155,32,0.5335168640012853,82.84928118599782,1658.5973540440027,2.42326786974445e-05,1.0,1.0,1.0,1.0,5.007407407407408e-06,1.15625,0.0,2.0,hard|easy|medium
test,0,12,156,32,0.5323096930005704,83.38220783099678,1659.130280696998,2.5700413971208036e-05,1.0,1.0,1.0,1.0,5.001481481481482e-06,1.0625,0.0,2.0,medium|easy|hard
test,0,12,157,32,0.5341609450042597,83.91693463500269,1659.6650075119978,2.1219013433437794e-05,1.0,1.0,1.0,1.0,4.995555555555556e-06,0.75,0.0,2.0,easy|hard|medium
test,0,12,158,32,0.5333490690027247,84.45080615599727,1660.1988790430041,2.8099346309318207e-05,1.0,1.0,1.0,1.0,4.9896296296296295e-06,1.3125,0.0,2.0,hard|easy|medium
test,0,12,159,32,0.5326189870029339,84.98389158099599,1660.7319644860036,2.7842286726809107e-05,1.0,1.0,1.0,1.0,4.983703703703704e-06,0.78125,0.0,2.0,medium|hard|easy
test,0,12,160,32,0.5338279400020838,85.51819114699902,1661.266264030004,2.444502206344623e-05,1.0,1.0,1.0,1.0,4.977777777777778e-06,1.0,0.0,2.0,easy|hard|medium
test,0,12,161,32,0.5336099170017405,86.05237750500237,1661.8004503519987,2.4202872737077996e-05,1.0,1.0,1.0,1.0,4.971851851851852e-06,1.15625,0.0,2.0,medium|hard|easy
test,0,12,162,32,0.5322116949973861,86.58503546800057,1662.3331083599987,2.1323325199773535e-05,1.0,1.0,1.0,1.0,4.9659259259259265e-06,0.875,0.0,2.0,hard|medium|easy
test,0,12,163,32,0.5338201060003485,87.11944356699678,1662.8675164640008,2.3811731807654724e-05,1.0,1.0,1.0,1.0,4.960000000000001e-06,0.875,0.0,2.0,hard|easy|medium
test,0,12,164,32,0.5335556729987729,87.65358614800061,1663.4016590289975,2.1360572645789944e-05,1.0,1.0,1.0,1.0,4.954074074074074e-06,1.1875,0.0,2.0,easy|medium|hard
test,0,12,165,32,0.5332736389973434,88.18744377399707,1663.935516767,2.8836891942773946e-05,1.0,1.0,1.0,1.0,4.9481481481481485e-06,1.0,0.0,2.0,easy|hard|medium
test,0,12,166,32,0.5336237129959045,88.72151552099967,1664.4695883690001,2.3092776245903224e-05,1.0,1.0,1.0,1.0,4.942222222222223e-06,0.96875,0.0,2.0,easy|hard|medium
test,0,12,167,32,0.5334900070010917,89.25557560299785,1665.0036484739976,2.3998003598535433e-05,1.0,1.0,1.0,1.0,4.936296296296297e-06,1.15625,0.0,2.0,hard|medium|easy
test,0,12,168,32,0.5326046340051107,89.78880060999654,1665.536873459001,2.782349838525988e-05,1.0,1.0,1.0,1.0,4.930370370370371e-06,0.96875,0.0,2.0,easy|medium|hard
test,0,12,169,32,0.5338794720009901,90.32328766700084,1666.0713605130004,2.4519438738934696e-05,1.0,1.0,1.0,1.0,4.924444444444445e-06,0.875,0.0,2.0,easy|hard|medium
test,0,12,170,32,0.5330619739979738,90.85698398500244,1666.6050568380015,2.1870917407795787e-05,1.0,1.0,1.0,1.0,4.918518518518519e-06,0.875,0.0,2.0,easy|hard|medium
test,0,12,171,32,0.5326444470047136,91.39016786200227,1667.1382407400015,2.3573331418447196e-05,1.0,1.0,1.0,1.0,4.912592592592593e-06,0.90625,0.0,2.0,medium|easy|hard
test,0,12,172,32,0.5337377940013539,91.92453018399829,1667.6726030560021,2.5957324396586046e-05,1.0,1.0,1.0,1.0,4.9066666666666666e-06,0.84375,0.0,2.0,easy|hard|medium
test,0,12,173,32,0.5328478930023266,92.45794157199998,1668.2060147669981,2.5026132789207622e-05,1.0,1.0,1.0,1.0,4.900740740740741e-06,0.875,0.0,2.0,easy|medium|hard
test,0,12,174,32,0.5329106130011496,92.99149914799636,1668.7395719880005,2.4623825083835982e-05,1.0,1.0,1.0,1.0,4.894814814814815e-06,1.125,0.0,2.0,hard|easy|medium
test,0,12,175,32,0.5333627760046511,93.52540594799939,1669.273478791998,2.238126762676984e-05,1.0,1.0,1.0,1.0,4.888888888888889e-06,0.84375,0.0,2.0,medium|hard|easy
test,0,12,176,32,0.5331970650004223,94.05928754399793,1669.8073604349993,2.7793808840215206e-05,1.0,1.0,1.0,1.0,4.882962962962964e-06,0.71875,0.0,2.0,medium|easy|hard
test,0,12,177,32,0.533131439005956,94.59291480600223,1670.3409876660007,2.482125819369685e-05,1.0,1.0,1.0,1.0,4.877037037037037e-06,0.9375,0.0,2.0,medium|easy|hard
test,0,12,178,32,0.5341712209992693,95.1276173130027,1670.8756904969996,2.579353349574376e-05,1.0,1.0,1.0,1.0,4.871111111111111e-06,1.09375,0.0,2.0,easy|hard|medium
test,0,12,179,32,0.5333730470010778,95.66155785699812,1671.4096307200016,2.519378722354304e-05,1.0,1.0,1.0,1.0,4.8651851851851855e-06,1.0,0.0,2.0,easy|hard|medium
test,0,12,180,32,0.5324074780000956,96.1945631109993,1671.9426359600038,2.293259785801638e-05,1.0,1.0,1.0,1.0,4.85925925925926e-06,0.9375,0.0,2.0,hard|easy|medium
test,0,12,181,32,0.5340804759980529,96.72914360799768,1672.4772165260001,2.505219163140282e-05,1.0,1.0,1.0,1.0,4.853333333333334e-06,0.78125,0.0,2.0,hard|easy|medium
test,0,12,182,32,0.5328427869972074,97.2625971219968,1673.0106699789976,2.232166298199445e-05,1.0,1.0,1.0,1.0,4.847407407407408e-06,1.25,0.0,2.0,medium|hard|easy
test,0,12,183,32,0.5339555779937655,97.79707897800108,1673.5451518499976,2.5771067157620564e-05,1.0,1.0,1.0,1.0,4.841481481481482e-06,1.1875,0.0,2.0,easy|medium|hard
test,0,12,184,32,0.5342741220010794,98.33188829100254,1674.0799611640032,2.282453715451993e-05,1.0,1.0,1.0,1.0,4.835555555555556e-06,1.1875,0.0,2.0,hard|easy|medium
test,0,12,185,32,0.5332547200014233,98.86565160899772,1674.6137245040009,2.6106445147888735e-05,1.0,1.0,1.0,1.0,4.82962962962963e-06,1.0625,0.0,2.0,medium|easy|hard
test,0,12,186,32,0.534007666996331,99.40025072699791,1675.1483236120039,2.3048083676258102e-05,1.0,1.0,1.0,1.0,4.8237037037037045e-06,0.90625,0.0,2.0,medium|easy|hard
test,0,12,187,32,0.5331026740022935,99.93390341600025,1675.6819762540035,2.6933194021694362e-05,1.0,1.0,1.0,1.0,4.817777777777779e-06,1.25,0.0,2.0,easy|hard|medium
test,0,12,188,32,0.5336130799987586,100.4680920690007,1676.2161649170012,2.4083674361463636e-05,1.0,1.0,1.0,1.0,4.811851851851852e-06,1.125,0.0,2.0,hard|easy|medium
test,0,12,189,32,0.5342255159994238,101.00291528499656,1676.750988132997,2.418424264760688e-05,1.0,1.0,1.0,1.0,4.805925925925926e-06,0.84375,0.0,2.0,easy|medium|hard
test,0,12,190,32,0.5330673409989686,101.53658811999776,1677.2846609800035,2.480263719917275e-05,1.0,1.0,1.0,1.0,4.800000000000001e-06,0.8125,0.0,2.0,medium|easy|hard
test,0,12,191,32,0.5328357960024732,102.07000187700032,1677.8180747229999,2.4530676455469802e-05,1.0,1.0,1.0,1.0,4.794074074074074e-06,0.9375,0.0,2.0,medium|hard|easy
test,0,12,192,32,0.5342644510019454,102.60486059299728,1678.3529336610009,2.4012906578718685e-05,1.0,1.0,1.0,1.0,4.788148148148148e-06,0.96875,0.0,2.0,easy|hard|medium
test,0,12,193,32,0.5331548300018767,103.1385943109999,1678.8866672349977,2.396445779595524e-05,1.0,1.0,1.0,1.0,4.7822222222222226e-06,0.9375,0.0,2.0,medium|easy|hard
test,0,12,194,32,0.5326161120028701,103.6717816599994,1679.4198545140025,2.3577060346724465e-05,1.0,1.0,1.0,1.0,4.776296296296297e-06,1.28125,0.0,2.0,hard|medium|easy
test,0,12,195,32,0.5340591239946662,104.20640363200073,1679.9544764860038,2.5223562261089683e-05,1.0,1.0,1.0,1.0,4.770370370370371e-06,0.90625,0.0,2.0,easy|medium|hard
test,0,12,196,32,0.5335100410011364,104.74056475299585,1680.4886376319992,2.352863157284446e-05,1.0,1.0,1.0,1.0,4.7644444444444445e-06,1.09375,0.0,2.0,easy|hard|medium
test,0,12,197,32,0.5324860740001895,105.27364744499937,1681.0217203420034,2.8274362193769775e-05,1.0,1.0,1.0,1.0,4.758518518518519e-06,0.875,0.0,2.0,easy|medium|hard
test,0,12,198,32,0.5347212830019998,105.80890733999695,1681.5569801770034,2.153938294213731e-05,1.0,1.0,1.0,1.0,4.752592592592593e-06,1.0625,0.0,2.0,hard|medium|easy
test,0,12,199,32,0.5338985080015846,106.3434595180006,1682.0915323689987,2.3182181394076906e-05,1.0,1.0,1.0,1.0,4.746666666666667e-06,0.65625,0.0,2.0,easy|hard|medium
test,0,12,200,32,0.5326875019964064,106.87676136200025,1682.6248344350024,0.013636170886456966,1.0,1.0,1.0,1.0,4.7407407407407415e-06,0.9375,0.0,2.0,easy|medium|hard
test,0,12,201,32,0.5340147650058498,107.41132638700219,1683.1593993360002,2.1733092580689117e-05,1.0,1.0,1.0,1.0,4.734814814814816e-06,0.875,0.0,2.0,medium|easy|hard
test,0,12,202,32,0.533663838999928,107.9455282639974,1683.6936011049984,2.2954947780817747e-05,1.0,1.0,1.0,1.0,4.728888888888889e-06,1.09375,0.0,2.0,hard|easy|medium
test,0,12,203,32,0.5327492590004113,108.47883407399786,1684.2269069230024,2.281710294482764e-05,1.0,1.0,1.0,1.0,4.722962962962963e-06,0.8125,0.0,2.0,easy|hard|medium
test,0,12,204,32,0.5334661480010254,109.01282222400187,1684.7608950860013,2.196777131757699e-05,1.0,1.0,1.0,1.0,4.717037037037037e-06,0.90625,0.0,2.0,hard|easy|medium
test,0,12,205,32,0.533501862999401,109.54687833900243,1685.2949511900006,2.4206579837482423e-05,1.0,1.0,1.0,1.0,4.711111111111111e-06,1.0625,0.0,2.0,hard|medium|easy
test,0,12,206,32,0.5334746320004342,110.08097391299816,1685.8290467460029,2.316356767551042e-05,1.0,1.0,1.0,1.0,4.705185185185185e-06,0.96875,0.0,2.0,medium|easy|hard
test,0,12,207,32,0.5335739479996846,110.6151960060015,1686.363268850997,2.4478531486238353e-05,1.0,1.0,1.0,1.0,4.69925925925926e-06,0.875,0.0,2.0,medium|hard|easy
test,0,12,208,32,0.5328389760034042,111.14857470399875,1686.896647583002,2.525707895983942e-05,1.0,1.0,1.0,1.0,4.693333333333334e-06,0.9375,0.0,2.0,hard|easy|medium
test,0,12,209,32,0.5326330800016876,111.68176574399695,1687.4298388590032,2.1688389097107574e-05,1.0,1.0,1.0,1.0,4.687407407407408e-06,1.0,0.0,2.0,easy|medium|hard
test,0,12,210,32,0.533739118000085,112.21614379800303,1687.9642167100028,2.329020935576409e-05,1.0,1.0,1.0,1.0,4.6814814814814815e-06,0.875,0.0,2.0,medium|hard|easy
test,0,12,211,32,0.5332520070005557,112.7499707800016,1688.4980437659979,2.4292245143442415e-05,1.0,1.0,1.0,1.0,4.675555555555556e-06,0.875,0.0,2.0,hard|medium|easy
test,0,12,212,32,0.5326859089982463,113.2832409879993,1689.0313142669984,2.1058825950603932e-05,1.0,1.0,1.0,1.0,4.66962962962963e-06,1.0625,0.0,2.0,hard|medium|easy
test,0,12,213,32,0.5334198550044675,113.81718870899931,1689.5652616220032,2.266066258016508e-05,1.0,1.0,1.0,1.0,4.663703703703704e-06,1.15625,0.0,2.0,hard|easy|medium
test,0,12,214,32,0.5336084570008097,114.35139391099801,1690.0994667699997,2.097688047797419e-05,1.0,1.0,1.0,1.0,4.6577777777777785e-06,1.09375,0.0,2.0,hard|medium|easy
test,0,12,215,32,0.5332139960009954,114.88517519000015,1690.6332480370038,2.6300131139578298e-05,1.0,1.0,1.0,1.0,4.651851851851853e-06,0.8125,0.0,2.0,easy|medium|hard
test,0,12,216,32,0.5340824630038696,115.41985719499644,1691.167930110998,5.611844244413078e-05,1.0,1.0,1.0,1.0,4.645925925925926e-06,0.78125,0.0,2.0,easy|medium|hard
test,0,12,217,32,0.5330868200035184,115.95352289699804,1691.7015957539988,2.3085340217221528e-05,1.0,1.0,1.0,1.0,4.6400000000000005e-06,0.96875,0.0,2.0,medium|hard|easy
test,0,12,218,32,0.5316746960015735,116.48575024100137,1692.2338231359972,2.4102306269924156e-05,1.0,1.0,1.0,1.0,4.634074074074075e-06,0.90625,0.0,2.0,easy|medium|hard
test,0,12,219,32,0.5339255479993881,117.02023719299905,1692.7683100830036,2.7846021112054586e-05,1.0,1.0,1.0,1.0,4.628148148148148e-06,1.0,0.0,2.0,hard|medium|easy
test,0,12,220,32,0.5325342490032199,117.55338198199752,1693.3014548380015,2.4281071091536433e-05,1.0,1.0,1.0,1.0,4.622222222222222e-06,0.875,0.0,2.0,hard|easy|medium
test,0,12,221,32,0.5322387200067169,118.08618536699942,1693.8342582480036,2.2522823201143183e-05,1.0,1.0,1.0,1.0,4.616296296296297e-06,1.125,0.0,2.0,hard|medium|easy
test,0,12,222,32,0.5340026760022738,118.62072695099778,1694.3687998360037,0.0015849979827180505,1.0,1.0,1.0,1.0,4.610370370370371e-06,1.25,0.0,2.0,medium|hard|easy
test,0,12,223,32,0.5333390230007353,119.15462887899776,1694.9027017249973,2.401287929387763e-05,1.0,1.0,1.0,1.0,4.604444444444444e-06,1.0,0.0,2.0,easy|hard|medium
test,0,12,224,32,0.5338128000003053,119.68897519200254,1695.4370480610014,2.1505853510461748e-05,1.0,1.0,1.0,1.0,4.5985185185185186e-06,1.09375,0.0,2.0,medium|easy|hard
test,0,12,225,32,0.5343740149983205,120.22393055599969,1695.9720034150014,2.325293462490663e-05,1.0,1.0,1.0,1.0,4.592592592592593e-06,1.15625,0.0,2.0,medium|easy|hard
test,0,12,226,32,0.532693349996407,120.75710350699956,1696.5051763579977,2.2425952920457348e-05,1.0,1.0,1.0,1.0,4.586666666666667e-06,1.15625,0.0,2.0,medium|easy|hard
test,0,12,227,32,0.5334169370034942,121.29107733300043,1697.0391501830018,2.3144932129071094e-05,1.0,1.0,1.0,1.0,4.580740740740741e-06,0.96875,0.0,2.0,medium|easy|hard
test,0,12,228,32,0.5333763700036798,121.82503819200065,1697.573111038997,2.0872565073659644e-05,1.0,1.0,1.0,1.0,4.574814814814816e-06,1.21875,0.0,2.0,easy|medium|hard
test,0,12,229,32,0.5330789270010428,122.35868215200026,1698.106755040004,2.3919774321257137e-05,1.0,1.0,1.0,1.0,4.568888888888889e-06,0.96875,0.0,2.0,hard|easy|medium
test,0,12,230,32,0.5333520010026405,122.89258321299712,1698.6406560949981,2.1476053007063456e-05,1.0,1.0,1.0,1.0,4.562962962962963e-06,1.0,0.0,2.0,easy|hard|medium
test,0,12,231,32,0.5335621500053094,123.42662982799811,1699.1747027189995,2.3394517484121025e-05,1.0,1.0,1.0,1.0,4.5570370370370375e-06,0.78125,0.0,2.0,easy|hard|medium
test,0,12,232,32,0.5336338729975978,123.96081743700051,1699.708890382004,2.648631198098883e-05,1.0,1.0,1.0,1.0,4.551111111111112e-06,0.9375,0.0,2.0,easy|hard|medium
test,0,12,233,32,0.5345296899977257,124.49595537099958,1700.2440283140022,2.327529546164442e-05,1.0,1.0,1.0,1.0,4.545185185185186e-06,0.875,0.0,2.0,easy|medium|hard
test,0,12,234,32,0.5344589989981614,125.03089941699727,1700.7789723739988,2.357333869440481e-05,1.0,1.0,1.0,1.0,4.5392592592592594e-06,1.15625,0.0,2.0,medium|easy|hard
test,0,12,235,32,0.5327150209996034,125.56425250699976,1701.3123253540034,3.403826485737227e-05,1.0,1.0,1.0,1.0,4.533333333333334e-06,1.0,0.0,2.0,hard|easy|medium
test,0,12,236,32,0.5338678850021097,126.09867026800202,1701.8467431530007,2.3159833290264942e-05,1.0,1.0,1.0,1.0,4.527407407407408e-06,1.03125,0.0,2.0,hard|medium|easy
test,0,12,237,32,0.5331999560003169,126.63241981699684,1702.3804926649973,2.437049442960415e-05,1.0,1.0,1.0,1.0,4.521481481481481e-06,0.84375,0.0,2.0,easy|hard|medium
test,0,12,238,32,0.5324380269958056,127.16541310199682,1702.913485957004,2.189699443988502e-05,1.0,1.0,1.0,1.0,4.515555555555556e-06,0.75,0.0,2.0,medium|easy|hard
test,0,12,239,32,0.5346783409986529,127.70064876700053,1703.4487216659982,2.164368561352603e-05,1.0,1.0,1.0,1.0,4.50962962962963e-06,1.125,0.0,2.0,hard|medium|easy
test,0,12,240,32,0.533670308002911,128.23480755399942,1703.9828804499994,2.26121956075076e-05,1.0,1.0,1.0,1.0,4.503703703703704e-06,1.15625,0.0,2.0,easy|hard|medium
test,0,12,241,32,0.5332401080013369,128.7685183930007,1704.5165912529992,0.16533374786376953,0.9761904761904762,0.96875,0.9583333333333333,0.9660657476139979,4.497777777777778e-06,0.90625,0.0,2.0,easy|medium|hard
test,0,12,242,32,0.5335280380022596,129.30257647299732,1705.0506493479988,2.2727683244738728e-05,1.0,1.0,1.0,1.0,4.491851851851853e-06,0.84375,0.0,2.0,easy|medium|hard
test,0,12,243,32,0.5335121889947914,129.836667810996,1705.5847406600005,3.920820017810911e-05,1.0,1.0,1.0,1.0,4.485925925925926e-06,0.90625,0.0,2.0,hard|medium|easy
test,0,12,244,32,0.5324894899968058,130.3697459699979,1706.1178188479971,3.132867277599871e-05,1.0,1.0,1.0,1.0,4.48e-06,1.15625,0.0,2.0,hard|medium|easy
test,0,12,245,32,0.5336209050001344,130.90385082099965,1706.651923714002,2.3305103241000324e-05,1.0,1.0,1.0,1.0,4.4740740740740746e-06,0.96875,0.0,2.0,medium|easy|hard
test,0,12,246,32,0.5337770940022892,131.43823986099596,1707.1863127199977,2.278347164974548e-05,1.0,1.0,1.0,1.0,4.468148148148149e-06,1.21875,0.0,2.0,hard|easy|medium
test,0,12,247,32,0.5323949520025053,131.97148202799872,1707.719554946998,2.2917707610758953e-05,1.0,1.0,1.0,1.0,4.462222222222223e-06,1.0,0.0,2.0,medium|easy|hard
test,0,12,248,32,0.5333344730024692,132.50526597200223,1708.2533388119991,2.171818050555885e-05,1.0,1.0,1.0,1.0,4.4562962962962965e-06,0.90625,0.0,2.0,hard|easy|medium
test,0,12,249,32,0.5335198269967805,133.03929495599732,1708.787367814999,2.631127426866442e-05,1.0,1.0,1.0,1.0,4.450370370370371e-06,0.90625,0.0,2.0,easy|hard|medium
test,0,12,250,32,0.5328388049965724,133.5726971990007,1709.3207700409985,2.1058827769593336e-05,1.0,1.0,1.0,1.0,4.444444444444444e-06,1.0625,0.0,2.0,medium|easy|hard
test,0,13,1,32,0.5359224690037081,0.6223874859933858,1719.8616147860012,2.218010922661051e-05,1.0,1.0,1.0,1.0,4.438518518518518e-06,0.90625,0.0,2.0,medium|hard|easy
test,0,13,2,32,0.5332175889998325,1.1562784829948214,1720.3955058560023,2.7041169232688844e-05,1.0,1.0,1.0,1.0,4.432592592592593e-06,0.875,0.0,2.0,easy|hard|medium
test,0,13,3,32,0.5340736500002095,1.6909522139976616,1720.9301795790016,2.3066691937856376e-05,1.0,1.0,1.0,1.0,4.426666666666667e-06,0.875,0.0,2.0,easy|medium|hard
test,0,13,4,32,0.5336455709984875,2.2252010659940424,1721.4644283509988,2.4679713533259928e-05,1.0,1.0,1.0,1.0,4.420740740740741e-06,0.65625,0.0,2.0,easy|medium|hard
test,0,13,5,32,0.5334784209990175,2.7593191739942995,1721.9985464780038,2.9953640478197485e-05,1.0,1.0,1.0,1.0,4.4148148148148154e-06,0.96875,0.0,2.0,medium|hard|easy
test,0,13,6,32,0.5338468569971155,3.2936757919960655,1722.5329031509973,2.3778215108904988e-05,1.0,1.0,1.0,1.0,4.408888888888889e-06,0.78125,0.0,2.0,hard|easy|medium
test,0,13,7,32,0.5336542840013863,3.828013659993303,1723.067241017001,2.2694179278914817e-05,1.0,1.0,1.0,1.0,4.402962962962963e-06,0.96875,0.0,2.0,medium|easy|hard
test,0,13,8,32,0.5329385090008145,4.36153769599332,1723.6007650690008,2.1394087525550276e-05,1.0,1.0,1.0,1.0,4.397037037037037e-06,1.34375,0.0,2.0,hard|easy|medium
test,0,13,9,32,0.5343247839991818,4.896442682998895,1724.1356700090037,2.500377013348043e-05,1.0,1.0,1.0,1.0,4.391111111111112e-06,0.96875,0.0,2.0,medium|hard|easy
test,0,13,10,32,0.5336863699994865,5.430721303993778,1724.6699485979989,2.2016200091456994e-05,1.0,1.0,1.0,1.0,4.385185185185186e-06,1.09375,0.0,2.0,medium|hard|easy
test,0,13,11,32,0.5324888139948598,5.963778786994226,1725.2030061730038,2.1777774236397818e-05,1.0,1.0,1.0,1.0,4.37925925925926e-06,1.0625,0.0,2.0,medium|easy|hard
test,0,13,12,32,0.5343385919986758,6.49871919999714,1725.7379465659978,2.197150570282247e-05,1.0,1.0,1.0,1.0,4.3733333333333335e-06,1.09375,0.0,2.0,medium|easy|hard
test,0,13,13,32,0.5338587580044987,7.033168807996844,1726.2723961759984,2.6791716663865373e-05,1.0,1.0,1.0,1.0,4.367407407407408e-06,1.0,0.0,2.0,hard|easy|medium
test,0,13,14,32,0.5324050959970918,7.56618357199477,1726.8054109619989,2.5625686248531565e-05,1.0,1.0,1.0,1.0,4.361481481481482e-06,0.96875,0.0,2.0,hard|medium|easy
test,0,13,15,32,0.5348299429970211,8.101534273999278,1727.3407615789984,2.2563806851394475e-05,1.0,1.0,1.0,1.0,4.3555555555555555e-06,0.90625,0.0,2.0,easy|medium|hard
test,0,13,16,32,0.5334213180030929,8.635494780995941,1727.8747221130034,2.422894976916723e-05,1.0,1.0,1.0,1.0,4.34962962962963e-06,0.9375,0.0,2.0,hard|medium|easy
test,0,13,17,32,0.5332512330060126,9.169339124993712,1728.4085664790036,2.098431832564529e-05,1.0,1.0,1.0,1.0,4.343703703703704e-06,1.15625,0.0,2.0,medium|hard|easy
test,0,13,18,32,0.533989716997894,9.703908569994383,1728.9431358880029,2.469832543283701e-05,1.0,1.0,1.0,1.0,4.337777777777778e-06,0.90625,0.0,2.0,medium|easy|hard
test,0,13,19,32,0.533513521993882,10.237976286996854,1729.4772036029972,0.009163103066384792,1.0,1.0,1.0,1.0,4.3318518518518525e-06,1.09375,0.0,2.0,hard|medium|easy
test,0,13,20,32,0.5320968320011161,10.7706808169969,1730.0099081040025,2.1826221200171858e-05,1.0,1.0,1.0,1.0,4.325925925925926e-06,1.09375,0.0,2.0,hard|easy|medium
test,0,13,21,32,0.5332296260021394,11.30452755499573,1730.5437548640039,2.0913543266942725e-05,1.0,1.0,1.0,1.0,4.32e-06,1.1875,0.0,2.0,hard|easy|medium
test,0,13,22,32,0.5339076870004646,11.839048231995548,1731.078275617001,2.1341940737329423e-05,1.0,1.0,1.0,1.0,4.314074074074074e-06,1.09375,0.0,2.0,hard|easy|medium
test,0,13,23,32,0.5327462589993956,12.372374812999624,1731.6116021720009,2.1483494492713362e-05,1.0,1.0,1.0,1.0,4.308148148148149e-06,0.96875,0.0,2.0,hard|medium|easy
test,0,13,24,32,0.5340637609988335,12.907037596996815,1732.1462649640016,2.0928444428136572e-05,1.0,1.0,1.0,1.0,4.302222222222223e-06,1.125,0.0,2.0,easy|hard|medium
test,0,13,25,32,0.5328436300042085,13.44038496199937,1732.6796123349995,2.522355134715326e-05,1.0,1.0,1.0,1.0,4.296296296296296e-06,1.0625,0.0,2.0,easy|medium|hard
test,0,13,26,32,0.5328758640025626,13.973818272999779,1733.2130456390005,2.1762880351161584e-05,1.0,1.0,1.0,1.0,4.290370370370371e-06,0.90625,0.0,2.0,medium|hard|easy
test,0,13,27,32,0.5335011040006066,14.507865734994994,1733.7470931030039,2.0939620299031958e-05,1.0,1.0,1.0,1.0,4.284444444444445e-06,1.03125,0.0,2.0,medium|hard|easy
test,0,13,28,32,0.5333959940035129,15.041859454999212,1734.2810868020024,2.2735166567144915e-05,1.0,1.0,1.0,1.0,4.278518518518519e-06,1.03125,0.0,2.0,hard|easy|medium
test,0,13,29,32,0.5328507949961931,15.575292469999113,1734.8145198499988,2.735789712460246e-05,1.0,1.0,1.0,1.0,4.272592592592593e-06,0.84375,0.0,2.0,medium|easy|hard
test,0,13,30,32,0.5331084760036902,16.108963797996694,1735.3481911749986,2.396064519416541e-05,1.0,1.0,1.0,1.0,4.266666666666668e-06,1.21875,0.0,2.0,hard|medium|easy
test,0,13,31,32,0.532707546997699,16.642264240996155,1735.8814915969997,2.4862130885594524e-05,1.0,1.0,1.0,1.0,4.260740740740741e-06,0.65625,0.0,2.0,easy|medium|hard
test,0,13,32,32,0.5331238139988272,17.175834226000006,1736.4150618589993,2.3264105038833804e-05,1.0,1.0,1.0,1.0,4.254814814814815e-06,0.96875,0.0,2.0,hard|easy|medium
test,0,13,33,32,0.5332928720017662,17.709756797994487,1736.948984515002,2.502600909792818e-05,1.0,1.0,1.0,1.0,4.248888888888889e-06,1.0,0.0,2.0,easy|medium|hard
test,0,13,34,32,0.5327971880033147,18.243258793998393,1737.4824861640009,2.167721322621219e-05,1.0,1.0,1.0,1.0,4.242962962962963e-06,1.1875,0.0,2.0,medium|hard|easy
test,0,13,35,32,0.5325828430068213,18.776431475998834,1738.0156587930032,2.2053452994441614e-05,1.0,1.0,1.0,1.0,4.237037037037037e-06,0.9375,0.0,2.0,medium|hard|easy
test,0,13,36,32,0.5336085180024384,19.310615800997766,1738.549843163004,2.188581129303202e-05,1.0,1.0,1.0,1.0,4.2311111111111114e-06,0.875,0.0,2.0,easy|medium|hard
test,0,13,37,32,0.5327454619982745,19.84396267899865,1739.083190047997,2.1733081666752696e-05,1.0,1.0,1.0,1.0,4.225185185185186e-06,0.78125,0.0,2.0,medium|easy|hard
test,0,13,38,32,0.5326316870050505,20.377162934993976,1739.6163902909975,2.2951187929720618e-05,1.0,1.0,1.0,1.0,4.21925925925926e-06,1.125,0.0,2.0,easy|hard|medium
test,0,13,39,32,0.5343767929953174,20.91215730499971,1740.151384687997,1.969167533388827e-05,1.0,1.0,1.0,1.0,4.213333333333333e-06,0.96875,0.0,2.0,hard|easy|medium
test,0,13,40,32,0.5331901919998927,21.44596314199589,1740.6851904970026,2.018338636844419e-05,1.0,1.0,1.0,1.0,4.207407407407408e-06,1.0625,0.0,2.0,easy|medium|hard
test,0,13,41,32,0.5322635430056835,21.978772568996646,1741.2179999569998,2.2779839127906598e-05,1.0,1.0,1.0,1.0,4.201481481481482e-06,0.75,0.0,2.0,easy|medium|hard
test,0,13,42,32,0.5342037009977503,22.51345458599826,1741.7526819440027,2.2642023395746946e-05,1.0,1.0,1.0,1.0,4.195555555555556e-06,0.8125,0.0,2.0,medium|hard|easy
test,0,13,43,32,0.5331203030000324,23.047046540996234,1742.2862739109987,2.2962389266467653e-05,1.0,1.0,1.0,1.0,4.18962962962963e-06,0.9375,0.0,2.0,easy|medium|hard
test,0,13,44,32,0.5335114000044996,23.581152958999155,1742.8203803409997,2.2738890038453974e-05,1.0,1.0,1.0,1.0,4.183703703703705e-06,0.90625,0.0,2.0,hard|easy|medium
test,0,13,45,32,0.5343446249971748,24.1160432819961,1743.3552707999988,1.9997149138362147e-05,1.0,1.0,1.0,1.0,4.177777777777778e-06,0.96875,0.0,2.0,medium|easy|hard
test,0,13,46,32,0.5328247180004837,24.64945656999771,1743.8886838960025,2.6169414923060685e-05,1.0,1.0,1.0,1.0,4.171851851851852e-06,0.8125,0.0,2.0,medium|hard|easy
test,0,13,47,32,0.53395562699734,25.18394665199594,1744.4231740320029,2.4068709535640664e-05,1.0,1.0,1.0,1.0,4.165925925925926e-06,1.0,0.0,2.0,hard|medium|easy
test,0,13,48,32,0.5334847569974954,25.718025524998666,1744.957252885004,2.2154024918563664e-05,1.0,1.0,1.0,1.0,4.16e-06,0.9375,0.0,2.0,hard|easy|medium
test,0,13,49,32,0.5334661349988892,26.252078767996863,1745.4913061339976,2.4035232854657806e-05,1.0,1.0,1.0,1.0,4.154074074074074e-06,1.09375,0.0,2.0,hard|medium|easy
test,0,13,50,32,0.5341475790046388,26.786718998999277,1746.0259463039984,2.2325395548250526e-05,1.0,1.0,1.0,1.0,4.1481481481481485e-06,0.90625,0.0,2.0,hard|easy|medium
test,0,13,51,32,0.5334792730063782,27.320810821998748,1746.560038333002,2.300337473570835e-05,1.0,1.0,1.0,1.0,4.142222222222223e-06,0.9375,0.0,2.0,hard|medium|easy
test,0,13,52,32,0.5326620689957053,27.853976907994365,1747.0932042229979,2.581959415692836e-05,1.0,1.0,1.0,1.0,4.136296296296297e-06,1.0625,0.0,2.0,medium|hard|easy
test,0,13,53,32,0.5348040000026231,28.389375822996954,1747.6286034680015,2.2310487111099064e-05,1.0,1.0,1.0,1.0,4.13037037037037e-06,0.96875,0.0,2.0,medium|hard|easy
test,0,13,54,32,0.5332097569989855,28.923120350998943,1748.1623477149988,2.1356849174480885e-05,1.0,1.0,1.0,1.0,4.124444444444445e-06,0.84375,0.0,2.0,easy|hard|medium
test,0,13,55,32,0.5323877549963072,29.45604760399874,1748.695274960999,0.0009090649546124041,1.0,1.0,1.0,1.0,4.118518518518519e-06,0.9375,0.0,2.0,easy|hard|medium
test,0,13,56,32,0.534107198996935,29.990702901995974,1749.229930278998,2.209442391176708e-05,1.0,1.0,1.0,1.0,4.112592592592593e-06,0.71875,0.0,2.0,medium|easy|hard
test,0,13,57,32,0.5338835949951317,30.52520908099541,1749.764436395999,0.00014041818212717772,1.0,1.0,1.0,1.0,4.1066666666666674e-06,1.09375,0.0,2.0,hard|easy|medium
test,0,13,58,32,0.5327915719972225,31.058547958993586,1750.2977752730003,2.6579315090202726e-05,1.0,1.0,1.0,1.0,4.100740740740741e-06,1.09375,0.0,2.0,medium|hard|easy
test,0,13,59,32,0.5336408099974506,31.592769900998974,1750.831997221001,2.3841543224989437e-05,1.0,1.0,1.0,1.0,4.094814814814815e-06,0.90625,0.0,2.0,easy|medium|hard
test,0,13,60,32,0.5343971159963985,32.127647622997756,1751.3668749749995,1.9319155398989096e-05,1.0,1.0,1.0,1.0,4.088888888888889e-06,0.96875,0.0,2.0,medium|hard|easy
test,0,13,61,32,0.5329736319981748,32.66121720099909,1751.9004445320024,2.1580359316430986e-05,1.0,1.0,1.0,1.0,4.082962962962964e-06,0.9375,0.0,2.0,hard|easy|medium
test,0,13,62,32,0.5343944710039068,33.196111212993856,1752.435338536001,2.0779418264282867e-05,1.0,1.0,1.0,1.0,4.077037037037037e-06,1.0625,0.0,2.0,easy|medium|hard
test,0,13,63,32,0.5338036739995005,33.73045546699723,1752.9696827739972,2.2258336684899405e-05,1.0,1.0,1.0,1.0,4.071111111111111e-06,0.9375,0.0,2.0,medium|hard|easy
test,0,13,64,32,0.5328169249987695,34.26381119299913,1753.5030384990023,2.4661025236127898e-05,1.0,1.0,1.0,1.0,4.0651851851851855e-06,1.0,0.0,2.0,easy|hard|medium
test,0,13,65,32,0.5341511240039836,34.798577851994196,1754.0378051549997,2.2347736376104876e-05,1.0,1.0,1.0,1.0,4.05925925925926e-06,1.0625,0.0,2.0,medium|easy|hard
test,0,13,66,32,0.5329174630023772,35.33205029699457,1754.571277617004,2.4221473722718656e-05,1.0,1.0,1.0,1.0,4.053333333333333e-06,1.0625,0.0,2.0,easy|hard|medium
test,0,13,67,32,0.5327670939950622,35.86543722100032,1755.104664548002,3.0241109925555065e-05,1.0,1.0,1.0,1.0,4.0474074074074075e-06,1.0,0.0,2.0,easy|hard|medium
test,0,13,68,32,0.5334905380004784,36.39948121399357,1755.6387085239985,2.4441264031338505e-05,1.0,1.0,1.0,1.0,4.041481481481482e-06,0.84375,0.0,2.0,hard|easy|medium
test,0,13,69,32,0.5339233869963209,36.93394823899871,1756.1731755740038,1.9565019101719372e-05,1.0,1.0,1.0,1.0,4.035555555555556e-06,1.0625,0.0,2.0,hard|easy|medium
test,0,13,70,32,0.5329940389929106,37.46752094099793,1756.706748288998,1.9505416275933385e-05,1.0,1.0,1.0,1.0,4.02962962962963e-06,0.96875,0.0,2.0,easy|hard|medium
test,0,13,71,32,0.5348621580051258,38.00289791599789,1757.242125233999,2.698156822589226e-05,1.0,1.0,1.0,1.0,4.0237037037037045e-06,1.125,0.0,2.0,hard|easy|medium
test,0,13,72,32,0.5333917620009743,38.53676326399727,1757.7759905600033,0.10157259553670883,0.9736842105263157,0.96875,0.9642857142857143,0.967967967967968,4.017777777777778e-06,1.0625,0.0,2.0,medium|easy|hard
test,0,13,73,32,0.5326057199999923,39.0699308559997,1758.3091581690023,3.802737410296686e-05,1.0,1.0,1.0,1.0,4.011851851851852e-06,1.09375,0.0,2.0,easy|hard|medium
test,0,13,74,32,0.5344211639967398,39.604846613998234,1758.844073926004,2.4623750505270436e-05,1.0,1.0,1.0,1.0,4.005925925925926e-06,1.25,0.0,2.0,hard|easy|medium
test,0,13,75,32,0.5331371070060413,40.13851222399535,1759.3777395479992,2.536881947889924e-05,1.0,1.0,1.0,1.0,4.000000000000001e-06,0.9375,0.0,2.0,hard|medium|easy
test,0,13,76,32,0.5331223039975157,40.67224235199683,1759.9114697370023,2.37260501307901e-05,1.0,1.0,1.0,1.0,3.994074074074075e-06,1.0,0.0,2.0,hard|easy|medium
test,0,13,77,32,0.5341303730019717,41.206851438997546,1760.446078793997,2.225088610430248e-05,1.0,1.0,1.0,1.0,3.988148148148148e-06,1.375,0.0,2.0,hard|medium|easy
test,0,13,78,32,0.5334191389993066,41.74088740899606,1760.9801147420003,2.1014118829043582e-05,1.0,1.0,1.0,1.0,3.982222222222223e-06,1.03125,0.0,2.0,easy|medium|hard
test,0,13,79,32,0.5340122150009847,42.27546759699908,1761.5146949510017,2.1770345483673736e-05,1.0,1.0,1.0,1.0,3.976296296296297e-06,1.09375,0.0,2.0,medium|hard|easy
test,0,13,80,32,0.5336334359963075,42.80962272899342,1762.0488500240026,2.1997577277943492e-05,1.0,1.0,1.0,1.0,3.97037037037037e-06,0.875,0.0,2.0,easy|medium|hard
test,0,13,81,32,0.5333770359939081,43.34357563899539,1762.582802953999,2.0991763449274004e-05,1.0,1.0,1.0,1.0,3.9644444444444445e-06,1.1875,0.0,2.0,hard|medium|easy
test,0,13,82,32,0.5341240359994117,43.878271939000115,1763.1174992399974,2.2735099264536984e-05,1.0,1.0,1.0,1.0,3.958518518518519e-06,1.34375,0.0,2.0,medium|easy|hard
test,0,13,83,32,0.5337546320006368,44.41256169299595,1763.6517890140021,2.359937207074836e-05,1.0,1.0,1.0,1.0,3.952592592592593e-06,0.90625,0.0,2.0,medium|easy|hard
test,0,13,84,32,0.5330222109987517,44.94618157099467,1764.1854089280023,2.0917254005325958e-05,1.0,1.0,1.0,1.0,3.946666666666667e-06,0.90625,0.0,2.0,medium|easy|hard
test,0,13,85,32,0.5343761269978131,45.481164290999004,1764.720391595998,2.001204302359838e-05,1.0,1.0,1.0,1.0,3.940740740740741e-06,0.90625,0.0,2.0,hard|easy|medium
test,0,13,86,32,0.5333933570000227,46.01511594799376,1765.2543432780003,2.437423972878605e-05,1.0,1.0,1.0,1.0,3.934814814814815e-06,0.9375,0.0,2.0,medium|easy|hard
test,0,13,87,32,0.5329289920045994,46.54851576499641,1765.787743134002,2.4385331926168874e-05,1.0,1.0,1.0,1.0,3.928888888888889e-06,1.09375,0.0,2.0,easy|hard|medium
test,0,13,88,32,0.5339459780007019,47.08303204699769,1766.3222594250037,2.2269518012763e-05,1.0,1.0,1.0,1.0,3.9229629629629635e-06,0.71875,0.0,2.0,medium|easy|hard
test,0,13,89,32,0.533604246993491,47.61719108699617,1766.8564184409988,1.9829509255941957e-05,1.0,1.0,1.0,1.0,3.917037037037038e-06,0.9375,0.0,2.0,hard|easy|medium
test,0,13,90,32,0.5326072340030805,48.15037924599892,1767.3896066110028,2.1967764041619375e-05,1.0,1.0,1.0,1.0,3.911111111111112e-06,1.0,0.0,2.0,easy|medium|hard
test,0,13,91,32,0.5340534869974363,48.684993404000124,1767.9242207770003,2.1990121240378357e-05,1.0,1.0,1.0,1.0,3.905185185185185e-06,0.9375,0.0,2.0,hard|medium|easy
test,0,13,92,32,0.5340363780051121,49.219604346995766,1768.458831707998,2.1189169274293818e-05,1.0,1.0,1.0,1.0,3.89925925925926e-06,0.78125,0.0,2.0,hard|easy|medium
test,0,13,93,32,0.5326977650038316,49.75291922399629,1768.9921465970037,2.124881575582549e-05,1.0,1.0,1.0,1.0,3.893333333333333e-06,1.09375,0.0,2.0,hard|medium|easy
test,0,13,94,32,0.5336863300035475,50.28718573599326,1769.5264130939977,2.2213625925360247e-05,1.0,1.0,1.0,1.0,3.887407407407407e-06,1.0625,0.0,2.0,hard|medium|easy
test,0,13,95,32,0.5335660010023275,50.821290060994215,1770.0605174369994,2.7987216526526026e-05,1.0,1.0,1.0,1.0,3.8814814814814816e-06,1.28125,0.0,2.0,hard|easy|medium
test,0,13,96,32,0.5329977380024502,51.35481858999992,1770.594045976999,2.3092761693987995e-05,1.0,1.0,1.0,1.0,3.875555555555556e-06,1.03125,0.0,2.0,medium|hard|easy
test,0,13,97,32,0.5337067279979237,51.889136457997665,1771.1283638399982,2.101412246702239e-05,1.0,1.0,1.0,1.0,3.86962962962963e-06,1.125,0.0,2.0,medium|easy|hard
test,0,13,98,32,0.5338540169977932,52.423563356998784,1771.6627907490038,2.1159405150683597e-05,1.0,1.0,1.0,1.0,3.863703703703704e-06,1.0625,0.0,2.0,medium|easy|hard
test,0,13,99,32,0.5328398819983704,52.956973520995234,1772.1962008940027,2.40536464843899e-05,1.0,1.0,1.0,1.0,3.857777777777778e-06,1.03125,0.0,2.0,easy|medium|hard
test,0,13,100,32,0.5337775360021624,53.491380119994574,1772.730607493002,2.0239280274836347e-05,1.0,1.0,1.0,1.0,3.851851851851852e-06,0.6875,0.0,2.0,medium|easy|hard
test,0,13,101,32,0.5336518659969443,54.0256313869977,1773.2648587599979,2.2548909328179434e-05,1.0,1.0,1.0,1.0,3.845925925925926e-06,1.125,0.0,2.0,medium|easy|hard
test,0,13,102,32,0.5331356769966078,54.55934040599823,1773.7985677690012,2.241104084532708e-05,1.0,1.0,1.0,1.0,3.8400000000000005e-06,1.0,0.0,2.0,hard|medium|easy
test,0,13,103,32,0.5339702009950997,55.093856014995254,1774.3330834090011,2.0835308532696217e-05,1.0,1.0,1.0,1.0,3.834074074074075e-06,1.15625,0.0,2.0,easy|hard|medium
test,0,13,104,32,0.5335322340033599,55.62796226499631,1774.8671899420006,2.2444573914981447e-05,1.0,1.0,1.0,1.0,3.828148148148149e-06,1.28125,0.0,2.0,hard|medium|easy
test,0,13,105,32,0.5331517189988517,56.16168850199756,1775.400915885999,2.214656342403032e-05,1.0,1.0,1.0,1.0,3.8222222222222224e-06,0.90625,0.0,2.0,hard|easy|medium
test,0,13,106,32,0.5338226569947437,56.69606123799895,1775.9352886260021,2.143876554328017e-05,1.0,1.0,1.0,1.0,3.816296296296297e-06,0.90625,0.0,2.0,medium|easy|hard
test,0,13,107,32,0.5330120990038267,57.229674670998065,1776.4689020270016,1.9941247956012376e-05,1.0,1.0,1.0,1.0,3.810370370370371e-06,0.75,0.0,2.0,easy|medium|hard
test,0,13,108,32,0.5326660140053718,57.76293638099742,1777.0021637530008,2.0097730157431215e-05,1.0,1.0,1.0,1.0,3.8044444444444443e-06,0.96875,0.0,2.0,medium|easy|hard
test,0,13,109,32,0.5339760190036031,58.29751936199318,1777.5367467230026,2.6247660571243614e-05,1.0,1.0,1.0,1.0,3.7985185185185186e-06,1.0,0.0,2.0,medium|easy|hard
test,0,13,110,32,0.5329595389994211,58.831011288995796,1778.0702386019984,2.148350358766038e-05,1.0,1.0,1.0,1.0,3.792592592592593e-06,1.03125,0.0,2.0,hard|medium|easy
test,0,13,111,32,0.532400771000539,59.363999939996575,1778.6032272919983,2.086883978336118e-05,1.0,1.0,1.0,1.0,3.7866666666666667e-06,0.875,0.0,2.0,hard|medium|easy
test,0,13,112,32,0.5340172290016199,59.89855158299906,1779.137778934004,2.0392000806168653e-05,1.0,1.0,1.0,1.0,3.780740740740741e-06,1.03125,0.0,2.0,easy|hard|medium
test,0,13,113,32,0.5328651150048245,60.431961708993185,1779.671189009001,2.178148861275986e-05,1.0,1.0,1.0,1.0,3.774814814814815e-06,1.15625,0.0,2.0,hard|medium|easy
test,0,13,114,32,0.5325438949948875,60.965092797996476,1780.2043201030028,1.952776437974535e-05,1.0,1.0,1.0,1.0,3.768888888888889e-06,0.9375,0.0,2.0,easy|hard|medium
test,0,13,115,32,0.5343348589958623,61.50001424499351,1780.7392415700015,2.0552188289002515e-05,1.0,1.0,1.0,1.0,3.7629629629629633e-06,0.96875,0.0,2.0,hard|medium|easy
test,0,13,116,32,0.5334790020060609,62.034027238994895,1781.273254576001,2.0976865926058963e-05,1.0,1.0,1.0,1.0,3.7570370370370376e-06,0.90625,0.0,2.0,medium|hard|easy
test,0,13,117,32,0.533990634001384,62.56865640099568,1781.8078837069988,2.1323314285837114e-05,1.0,1.0,1.0,1.0,3.7511111111111114e-06,1.0,0.0,2.0,easy|medium|hard
test,0,13,118,32,0.5334569079932407,63.102622883998265,1782.341850197001,2.2582429664907977e-05,1.0,1.0,1.0,1.0,3.7451851851851856e-06,0.875,0.0,2.0,hard|easy|medium
test,0,13,119,32,0.5331791909993626,63.636402005999116,1782.8756293219994,1.985930975934025e-05,1.0,1.0,1.0,1.0,3.73925925925926e-06,1.375,0.0,2.0,hard|medium|easy
test,0,13,120,32,0.5342084670046461,64.1711864339959,1783.4104137640024,2.199756636400707e-05,1.0,1.0,1.0,1.0,3.7333333333333337e-06,1.0625,0.0,2.0,medium|easy|hard
test,0,13,121,32,0.5338617689994862,64.70561197200004,1783.9448392880004,2.206088902312331e-05,1.0,1.0,1.0,1.0,3.727407407407408e-06,1.1875,0.0,2.0,hard|easy|medium
test,0,13,122,32,0.5326150490000146,65.23875305599358,1784.477980362004,2.008654519158881e-05,1.0,1.0,1.0,1.0,3.721481481481482e-06,0.875,0.0,2.0,hard|medium|easy
test,0,13,123,32,0.5338594440036104,65.77321484799904,1785.0124422340014,2.0447896531550214e-05,1.0,1.0,1.0,1.0,3.7155555555555557e-06,0.75,0.0,2.0,medium|hard|easy
test,0,13,124,32,0.5333967699989444,66.30719318999763,1785.5464205460012,2.345036409678869e-05,1.0,1.0,1.0,1.0,3.7096296296296295e-06,0.90625,0.0,2.0,hard|medium|easy
test,0,13,125,32,0.5330149680012255,66.840709692995,1786.079937071001,2.1908170310780406e-05,1.0,1.0,1.0,1.0,3.7037037037037037e-06,0.875,0.0,2.0,easy|hard|medium
test,0,13,126,32,0.5341699389973655,67.37545873299678,1786.614686093002,2.058945392491296e-05,1.0,1.0,1.0,1.0,3.697777777777778e-06,0.90625,0.0,2.0,medium|hard|easy
test,0,13,127,32,0.5335030839996762,67.90956582199578,1787.1487932349992,2.74846770480508e-05,1.0,1.0,1.0,1.0,3.691851851851852e-06,1.0,0.0,2.0,medium|easy|hard
test,0,13,128,32,0.5325497539961361,68.44267533299717,1787.6819026820012,2.4936554837040603e-05,1.0,1.0,1.0,1.0,3.685925925925926e-06,1.125,0.0,2.0,hard|easy|medium
test,0,13,129,32,0.534259583997482,68.97739544299839,1788.2166227950001,2.3599390260642394e-05,1.0,1.0,1.0,1.0,3.6800000000000003e-06,1.125,0.0,2.0,hard|medium|easy
test,0,13,130,32,0.5337924790001125,69.51173605099757,1788.7509634259986,2.3554610379505903e-05,1.0,1.0,1.0,1.0,3.674074074074074e-06,1.09375,0.0,2.0,hard|medium|easy
test,0,13,131,32,0.5325001190067269,70.0448029859981,1789.2840303690027,2.2977294065640308e-05,1.0,1.0,1.0,1.0,3.6681481481481484e-06,0.96875,0.0,2.0,medium|hard|easy
test,0,13,132,32,0.5341781259994605,70.57959032899817,1789.818817690997,2.252281592518557e-05,1.0,1.0,1.0,1.0,3.6622222222222227e-06,0.90625,0.0,2.0,easy|medium|hard
test,0,13,133,32,0.5338082239977666,71.11392003599758,1790.3531474109986,2.36515643337043e-05,1.0,1.0,1.0,1.0,3.6562962962962965e-06,1.125,0.0,2.0,hard|easy|medium
test,0,13,134,32,0.5328270150057506,71.64732169099443,1790.886549073999,2.104019222315401e-05,1.0,1.0,1.0,1.0,3.6503703703703708e-06,0.96875,0.0,2.0,hard|medium|easy
test,0,13,135,32,0.5344375380009296,72.18225052699563,1791.421477916003,1.9501685528666712e-05,1.0,1.0,1.0,1.0,3.644444444444445e-06,1.03125,0.0,2.0,hard|medium|easy
test,0,13,136,32,0.5332009370031301,72.71601492199989,1791.9552422780034,2.2452015400631353e-05,1.0,1.0,1.0,1.0,3.638518518518519e-06,0.96875,0.0,2.0,easy|medium|hard
test,0,13,137,32,0.5327024610014632,73.24933308099571,1792.488560507998,2.0295150534366257e-05,1.0,1.0,1.0,1.0,3.632592592592593e-06,0.8125,0.0,2.0,easy|medium|hard
test,0,13,138,32,0.5335261579966755,73.78335492299811,1793.022582274003,2.7525318728294224e-05,1.0,1.0,1.0,1.0,3.6266666666666674e-06,0.9375,0.0,2.0,medium|easy|hard
test,0,13,139,32,0.5336277560054441,74.31755035099923,1793.5567777340038,2.1192927306401543e-05,1.0,1.0,1.0,1.0,3.6207407407407408e-06,0.875,0.0,2.0,hard|easy|medium
test,0,13,140,32,0.5326712370006135,74.85076681699866,1794.089994187998,2.2183841792866588e-05,1.0,1.0,1.0,1.0,3.614814814814815e-06,0.96875,0.0,2.0,medium|easy|hard
test,0,13,141,32,0.5341061290018843,75.38539143199887,1794.6246190910024,2.241848414996639e-05,1.0,1.0,1.0,1.0,3.608888888888889e-06,1.0625,0.0,2.0,hard|easy|medium
test,0,13,142,32,0.5323094459963613,75.91829325499566,1795.157520654997,2.0317498638178222e-05,1.0,1.0,1.0,1.0,3.602962962962963e-06,1.25,0.0,2.0,easy|hard|medium
test,0,13,143,32,0.5325549120025244,76.45140088299377,1795.6906282380005,2.2124220777186565e-05,1.0,1.0,1.0,1.0,3.5970370370370374e-06,1.15625,0.0,2.0,medium|hard|easy
test,0,13,144,32,0.5338055039974279,76.9857904889941,1796.2250179429975,2.0466512069106102e-05,1.0,1.0,1.0,1.0,3.5911111111111112e-06,1.0,0.0,2.0,hard|medium|easy
test,0,13,145,32,0.5333713439977146,77.51975952499924,1796.758987203997,2.3260407033376396e-05,1.0,1.0,1.0,1.0,3.5851851851851855e-06,0.71875,0.0,2.0,easy|medium|hard
test,0,13,146,32,0.5328336989987292,78.05315181199694,1797.2923791590001,1.9378758224775083e-05,1.0,1.0,1.0,1.0,3.5792592592592597e-06,0.875,0.0,2.0,medium|hard|easy
test,0,13,147,32,0.5338856750022387,78.58759342699341,1797.8268207790024,2.5532441213726997e-05,1.0,1.0,1.0,1.0,3.5733333333333336e-06,1.09375,0.0,2.0,medium|hard|easy
test,0,13,148,32,0.5333543599990662,79.12149480599328,1798.3607221639977,2.5391163944732398e-05,1.0,1.0,1.0,1.0,3.567407407407408e-06,0.90625,0.0,2.0,easy|medium|hard
test,0,13,149,32,0.5327083830052288,79.65476981299435,1798.8939971860018,2.0257912183296867e-05,1.0,1.0,1.0,1.0,3.561481481481482e-06,0.84375,0.0,2.0,medium|easy|hard
test,0,13,150,32,0.5340323630007333,80.18940021999879,1799.4286275949999,1.9050943592446856e-05,1.0,1.0,1.0,1.0,3.555555555555556e-06,1.15625,0.0,2.0,medium|easy|hard
test,0,13,151,32,0.5326039739957196,80.72261727799923,1799.9618446320019,2.0760795450769365e-05,1.0,1.0,1.0,1.0,3.54962962962963e-06,0.9375,0.0,2.0,hard|easy|medium
test,0,13,152,32,0.5327673220017459,81.25590312299755,1800.4951304839997,2.278730971738696e-05,1.0,1.0,1.0,1.0,3.543703703703704e-06,1.21875,0.0,2.0,medium|easy|hard
test,0,13,153,32,0.5341790960010258,81.79065975799313,1801.0298871050036,2.289904296048917e-05,1.0,1.0,1.0,1.0,3.5377777777777783e-06,1.03125,0.0,2.0,easy|medium|hard
test,0,13,154,32,0.5334456549971947,82.32475514399994,1801.5639825649996,2.177031637984328e-05,1.0,1.0,1.0,1.0,3.5318518518518517e-06,1.125,0.0,2.0,easy|hard|medium
test,0,13,155,32,0.5324103710008785,82.85768493899377,1802.0969122969982,2.2936335881240666e-05,1.0,1.0,1.0,1.0,3.525925925925926e-06,0.875,0.0,2.0,easy|hard|medium
test,0,13,156,32,0.5342300759948557,83.39243652299774,1802.6316642079983,2.057827623502817e-05,1.0,1.0,1.0,1.0,3.52e-06,1.0,0.0,2.0,hard|medium|easy
test,0,13,157,32,0.5332382990018232,83.92623881399777,1803.1654661770008,2.1867192117497325e-05,1.0,1.0,1.0,1.0,3.514074074074074e-06,0.78125,0.0,2.0,medium|easy|hard
test,0,13,158,32,0.5339823329995852,84.46080110999901,1803.7000288199997,1.961343878065236e-05,1.0,1.0,1.0,1.0,3.5081481481481483e-06,0.8125,0.0,2.0,medium|hard|easy
test,0,13,159,32,0.5336407329959911,84.99506518299313,1804.2342925589983,1.9822058675345033e-05,1.0,1.0,1.0,1.0,3.5022222222222225e-06,0.625,0.0,2.0,easy|medium|hard
test,0,13,160,32,0.5329867210020893,85.52859851199901,1804.7678258790038,2.121153193002101e-05,1.0,1.0,1.0,1.0,3.4962962962962964e-06,1.09375,0.0,2.0,medium|easy|hard
test,0,13,161,32,0.5341436480011907,86.06327812399832,1805.3025054309983,2.4359327653655782e-05,1.0,1.0,1.0,1.0,3.4903703703703706e-06,1.0625,0.0,2.0,medium|hard|easy
test,0,13,162,32,0.5333436009968864,86.59715128199605,1805.8363786420014,2.0261632016627118e-05,1.0,1.0,1.0,1.0,3.484444444444445e-06,0.6875,0.0,2.0,easy|medium|hard
test,0,13,163,32,0.5355360439934884,87.13328090399591,1806.372508266999,2.3144846636569127e-05,1.0,1.0,1.0,1.0,3.4785185185185187e-06,1.125,0.0,2.0,medium|easy|hard
test,0,13,164,32,0.5346417089967872,87.66869164399395,1806.9079190060002,2.4724373361095786e-05,1.0,1.0,1.0,1.0,3.472592592592593e-06,0.90625,0.0,2.0,medium|hard|easy
test,0,13,165,32,0.5339034110002103,88.20317116499791,1807.442398512998,2.131954170181416e-05,1.0,1.0,1.0,1.0,3.4666666666666672e-06,0.96875,0.0,2.0,medium|easy|hard
test,0,13,166,32,0.532847964001121,88.73655809899356,1807.975785454997,2.1751722670160234e-05,1.0,1.0,1.0,1.0,3.460740740740741e-06,0.84375,0.0,2.0,easy|medium|hard
test,0,13,167,32,0.53411285400216,89.27128094899672,1808.5105083029994,4.072950468980707e-05,1.0,1.0,1.0,1.0,3.4548148148148153e-06,0.96875,0.0,2.0,easy|medium|hard
test,0,13,168,32,0.5337374549999367,89.8056163479996,1809.0448437349987,2.5774796085897833e-05,1.0,1.0,1.0,1.0,3.4488888888888896e-06,1.09375,0.0,2.0,easy|medium|hard
test,0,13,169,32,0.5327014080030494,90.3388310779992,1809.5780584289969,2.320453495485708e-05,1.0,1.0,1.0,1.0,3.4429629629629634e-06,1.09375,0.0,2.0,easy|medium|hard
test,0,13,170,32,0.5340880080038914,90.87350529899413,1810.1127326630012,1.9084465748164803e-05,1.0,1.0,1.0,1.0,3.4370370370370372e-06,0.9375,0.0,2.0,easy|hard|medium
test,0,13,171,32,0.5336563419987215,91.40765607899812,1810.6468837799985,1.9270722987130284e-05,1.0,1.0,1.0,1.0,3.431111111111111e-06,1.0,0.0,2.0,easy|hard|medium
test,0,13,172,32,0.5328713249982684,91.94115217199578,1811.1803795450032,2.0392006263136864e-05,1.0,1.0,1.0,1.0,3.4251851851851853e-06,1.125,0.0,2.0,easy|hard|medium
test,0,13,173,32,0.5338102539972169,92.47552879399882,1811.714756417001,2.1725612896261737e-05,1.0,1.0,1.0,1.0,3.4192592592592596e-06,1.0,0.0,2.0,medium|easy|hard
test,0,13,174,32,0.5341112050009542,93.01019523799914,1812.2494225460032,2.1040195861132815e-05,1.0,1.0,1.0,1.0,3.4133333333333334e-06,0.96875,0.0,2.0,medium|hard|easy
test,0,13,175,32,0.5326191890053451,93.54340690999379,1812.7826342120024,2.371484151808545e-05,1.0,1.0,1.0,1.0,3.4074074074074077e-06,1.15625,0.0,2.0,medium|hard|easy
test,0,13,176,32,0.5346034089961904,94.07856179599912,1813.3177891250016,2.1073703464935534e-05,1.0,1.0,1.0,1.0,3.401481481481482e-06,1.03125,0.0,2.0,medium|easy|hard
test,0,13,177,32,0.5329218170008971,94.61200524499873,1813.8512325409974,1.8775273929350078e-05,1.0,1.0,1.0,1.0,3.3955555555555558e-06,1.09375,0.0,2.0,easy|hard|medium
test,0,13,178,32,0.533230162000109,95.14577022699814,1814.3849975260018,2.0641582523239776e-05,1.0,1.0,1.0,1.0,3.38962962962963e-06,0.84375,0.0,2.0,hard|medium|easy
test,0,13,179,32,0.5341433929934283,95.68055674199422,1814.919784122998,2.2995878680376336e-05,1.0,1.0,1.0,1.0,3.383703703703704e-06,0.9375,0.0,2.0,medium|easy|hard
test,0,13,180,32,0.5332004539959598,96.21431090099941,1815.453553610001,2.2783577151130885e-05,1.0,1.0,1.0,1.0,3.377777777777778e-06,0.875,0.0,2.0,medium|easy|hard
test,0,13,181,32,0.532972000000882,96.74788019499829,1815.9871074969997,2.0980576664442196e-05,1.0,1.0,1.0,1.0,3.3718518518518524e-06,0.96875,0.0,2.0,easy|hard|medium
test,0,13,182,32,0.5346516689969576,97.2831007959976,1816.5223281439976,1.978108412004076e-05,1.0,1.0,1.0,1.0,3.365925925925926e-06,1.0625,0.0,2.0,medium|easy|hard
test,0,13,183,32,0.5332116210047388,97.81693649099907,1817.0561637880019,1.963207614608109e-05,1.0,1.0,1.0,1.0,3.3600000000000004e-06,0.75,0.0,2.0,medium|easy|hard
test,0,13,184,32,0.5322339829945122,98.34976252299384,1817.588989814998,2.4061231670202687e-05,1.0,1.0,1.0,1.0,3.3540740740740747e-06,0.78125,0.0,2.0,hard|medium|easy
test,0,13,185,32,0.5337488459990709,98.88411500199436,1818.1233423550002,2.5677692974568345e-05,1.0,1.0,1.0,1.0,3.348148148148148e-06,1.0625,0.0,2.0,hard|medium|easy
test,0,13,186,32,0.532891410002776,99.41758032299549,1818.6568076740004,2.0596893591573462e-05,1.0,1.0,1.0,1.0,3.3422222222222224e-06,1.0625,0.0,2.0,easy|hard|medium
test,0,13,187,32,0.5322155480025685,99.95036409299792,1819.1895914109991,1.9460712792351842e-05,1.0,1.0,1.0,1.0,3.336296296296296e-06,0.84375,0.0,2.0,easy|hard|medium
test,0,13,188,32,0.5339443539996864,100.48487519499758,1819.7241025769981,2.5628969524404965e-05,1.0,1.0,1.0,1.0,3.3303703703703705e-06,1.21875,0.0,2.0,hard|medium|easy
test,0,13,189,32,0.5330243579956004,101.01852498399967,1820.2577523159998,2.2124229872133583e-05,1.0,1.0,1.0,1.0,3.3244444444444447e-06,1.28125,0.0,2.0,hard|easy|medium
test,0,13,190,32,0.5334841059957398,101.55256176099647,1820.791789076,2.092844806611538e-05,1.0,1.0,1.0,1.0,3.3185185185185185e-06,0.84375,0.0,2.0,medium|hard|easy
test,0,13,191,32,0.5346919040021021,102.08777194599679,1821.3269992970017,1.955756488314364e-05,1.0,1.0,1.0,1.0,3.312592592592593e-06,1.0625,0.0,2.0,hard|easy|medium
test,0,13,192,32,0.5340445570036536,102.62234193199401,1821.8615692599997,2.8936658054590225e-05,1.0,1.0,1.0,1.0,3.306666666666667e-06,0.6875,0.0,2.0,easy|hard|medium
test,0,13,193,32,0.5337214329993003,103.15662634299952,1822.3958536499995,2.3074135242495686e-05,1.0,1.0,1.0,1.0,3.300740740740741e-06,0.9375,0.0,2.0,hard|easy|medium
test,0,13,194,32,0.5335966599959647,103.69080764499813,1822.9300349650002,2.186342499044258e-05,1.0,1.0,1.0,1.0,3.294814814814815e-06,0.875,0.0,2.0,hard|easy|medium
test,0,13,195,32,0.5336563029995887,104.22502130700013,1823.4642486180019,2.3804099328117445e-05,1.0,1.0,1.0,1.0,3.2888888888888894e-06,1.125,0.0,2.0,easy|hard|medium
test,0,13,196,32,0.5341261830035364,104.75969344899931,1823.9989207489998,2.5629560695961118e-05,1.0,1.0,1.0,1.0,3.2829629629629632e-06,1.21875,0.0,2.0,hard|medium|easy
test,0,13,197,32,0.5335575720018824,105.29382851699484,1824.533055820997,1.9218574379920028e-05,1.0,1.0,1.0,1.0,3.2770370370370375e-06,1.03125,0.0,2.0,medium|hard|easy
test,0,13,198,32,0.5328274120038259,105.82724185400002,1825.0664691659986,1.87529185495805e-05,1.0,1.0,1.0,1.0,3.2711111111111117e-06,1.28125,0.0,2.0,hard|medium|easy
test,0,13,199,32,0.5343023050008924,106.3621084089973,1825.601335722,2.1449955966090783e-05,1.0,1.0,1.0,1.0,3.2651851851851856e-06,1.03125,0.0,2.0,medium|hard|easy
test,0,13,200,32,0.5336704600049416,106.89629222299845,1826.1355195490032,2.1449915948323905e-05,1.0,1.0,1.0,1.0,3.25925925925926e-06,1.0625,0.0,2.0,hard|easy|medium
test,0,13,201,32,0.5328233489999548,107.42964653299714,1826.668873841998,1.860019074229058e-05,1.0,1.0,1.0,1.0,3.2533333333333332e-06,0.875,0.0,2.0,easy|medium|hard
test,0,13,202,32,0.5341993769980036,107.96445449799648,1827.203681826999,1.840648110373877e-05,1.0,1.0,1.0,1.0,3.2474074074074075e-06,0.90625,0.0,2.0,medium|hard|easy
test,0,13,203,32,0.53346409999358,108.498438953,1827.7376662440001,2.3960685211932287e-05,1.0,1.0,1.0,1.0,3.2414814814814818e-06,1.0,0.0,2.0,medium|hard|easy
test,0,13,204,32,0.5328205770056229,109.03181019600015,1828.2710375009992,2.1099789591971785e-05,1.0,1.0,1.0,1.0,3.2355555555555556e-06,1.03125,0.0,2.0,medium|hard|easy
test,0,13,205,32,0.5343202560034115,109.56671680499858,1828.8059441810037,2.3536016669822857e-05,1.0,1.0,1.0,1.0,3.22962962962963e-06,0.9375,0.0,2.0,easy|medium|hard
test,0,13,206,32,0.5342030510000768,110.10152272599953,1829.340750098003,2.1524447220144793e-05,1.0,1.0,1.0,1.0,3.223703703703704e-06,1.03125,0.0,2.0,medium|hard|easy
test,0,13,207,32,0.5327231439950992,110.63479774299776,1829.8740251069976,2.059689177258406e-05,1.0,1.0,1.0,1.0,3.217777777777778e-06,1.0625,0.0,2.0,hard|medium|easy
test,0,13,208,32,0.5336768749984913,111.1690697429949,1830.4082971259995,1.8808797904057428e-05,1.0,1.0,1.0,1.0,3.211851851851852e-06,1.03125,0.0,2.0,medium|easy|hard
test,0,13,209,32,0.5334053049955401,111.70304195899371,1830.9422693500019,2.03808413061779e-05,1.0,1.0,1.0,1.0,3.205925925925926e-06,0.96875,0.0,2.0,hard|medium|easy
test,0,13,210,32,0.5328033340047114,112.23634354599926,1831.4755708910016,2.003438930842094e-05,1.0,1.0,1.0,1.0,3.2000000000000003e-06,1.125,0.0,2.0,easy|medium|hard
test,0,13,211,32,0.5339406809944194,112.77078140199592,1832.0100087829996,2.0712370314868167e-05,1.0,1.0,1.0,1.0,3.1940740740740745e-06,1.0625,0.0,2.0,hard|easy|medium
test,0,13,212,32,0.5335203360009473,113.30489334099548,1832.544120724997,1.9177601643605158e-05,1.0,1.0,1.0,1.0,3.1881481481481484e-06,1.15625,0.0,2.0,easy|hard|medium
test,0,13,213,32,0.5327000370016322,113.83816922199912,1833.0773966330016,1.934895772137679e-05,1.0,1.0,1.0,1.0,3.1822222222222226e-06,1.03125,0.0,2.0,medium|easy|hard
test,0,13,214,32,0.533630974998232,114.37236258899793,1833.611589952001,2.0250452507752925e-05,1.0,1.0,1.0,1.0,3.176296296296297e-06,1.0625,0.0,2.0,hard|easy|medium
test,0,13,215,32,0.5334177520053345,114.9063800399963,1834.1456074000016,2.1837357053300366e-05,1.0,1.0,1.0,1.0,3.1703703703703707e-06,0.90625,0.0,2.0,hard|medium|easy
test,0,13,216,32,0.5330015360013931,115.439894283998,1834.6791216400015,2.6281410100637004e-05,1.0,1.0,1.0,1.0,3.1644444444444445e-06,1.15625,0.0,2.0,hard|medium|easy
test,0,13,217,32,0.5338343379989965,115.97429423499852,1835.2135216059978,1.98742127395235e-05,1.0,1.0,1.0,1.0,3.1585185185185184e-06,1.03125,0.0,2.0,hard|easy|medium
test,0,13,218,32,0.5329589989996748,116.50780980699346,1835.747037152003,2.0783150830538943e-05,1.0,1.0,1.0,1.0,3.1525925925925926e-06,1.03125,0.0,2.0,medium|hard|easy
test,0,13,219,32,0.5324537139968015,117.04077670799597,1836.2800040930015,2.0228097127983347e-05,1.0,1.0,1.0,1.0,3.146666666666667e-06,1.0625,0.0,2.0,hard|medium|easy
test,0,13,220,32,0.5338358780063572,117.57516772099916,1836.8143950910016,1.8901930161518976e-05,1.0,1.0,1.0,1.0,3.1407407407407407e-06,1.0,0.0,2.0,medium|easy|hard
test,0,13,221,32,0.5330116830009501,118.10880857499433,1837.3480359489986,2.4638298782519996e-05,1.0,1.0,1.0,1.0,3.134814814814815e-06,1.03125,0.0,2.0,hard|medium|easy
test,0,13,222,32,0.5327328419953119,118.642137816998,1837.881365164998,2.184110417147167e-05,1.0,1.0,1.0,1.0,3.1288888888888892e-06,0.96875,0.0,2.0,easy|medium|hard
test,0,13,223,32,0.5344505749962991,119.17711677599436,1838.4163441440032,2.023548586294055e-05,1.0,1.0,1.0,1.0,3.122962962962963e-06,1.09375,0.0,2.0,hard|medium|easy
test,0,13,224,32,0.5330802559983567,119.71075388299505,1838.949981234,2.0552161004161462e-05,1.0,1.0,1.0,1.0,3.1170370370370373e-06,1.0625,0.0,2.0,hard|medium|easy
test,0,13,225,32,0.5322266229995876,120.24359260799974,1839.4828199629992,1.833942224038765e-05,1.0,1.0,1.0,1.0,3.1111111111111116e-06,1.0625,0.0,2.0,medium|hard|easy
test,0,13,226,32,0.534410543004924,120.77856731599604,1840.0177947249977,4.081011866219342e-05,1.0,1.0,1.0,1.0,3.1051851851851854e-06,1.09375,0.0,2.0,medium|easy|hard
test,0,13,227,32,0.532778667002276,121.31192666299467,1840.5511540680018,2.0153594959992915e-05,1.0,1.0,1.0,1.0,3.0992592592592597e-06,1.0,0.0,2.0,medium|hard|easy
test,0,13,228,32,0.5336604340045596,121.84618798999873,1841.0854153589971,1.956502273969818e-05,1.0,1.0,1.0,1.0,3.093333333333334e-06,1.15625,0.0,2.0,hard|medium|easy
test,0,13,229,32,0.5345200649971957,122.38128780999978,1841.6205151760005,2.0581992430379614e-05,1.0,1.0,1.0,1.0,3.0874074074074078e-06,0.96875,0.0,2.0,medium|easy|hard
test,0,13,230,32,0.5333509639967815,122.91522718899796,1842.1544545799989,1.9438364688539878e-05,1.0,1.0,1.0,1.0,3.081481481481482e-06,0.90625,0.0,2.0,medium|easy|hard
test,0,13,231,32,0.5337221910012886,123.449518247995,1842.6887459610007,1.8875858586397953e-05,1.0,1.0,1.0,1.0,3.0755555555555563e-06,0.84375,0.0,2.0,easy|hard|medium
test,0,13,232,32,0.5345689530004165,123.98469328599458,1843.2239206820013,2.4783967091934755e-05,1.0,1.0,1.0,1.0,3.0696296296296297e-06,0.9375,0.0,2.0,medium|easy|hard
test,0,13,233,32,0.5330350109943538,124.51831901399419,1843.7575464280017,2.0976865926058963e-05,1.0,1.0,1.0,1.0,3.063703703703704e-06,1.1875,0.0,2.0,hard|medium|easy
test,0,13,234,32,0.5339129689964466,125.05282321699633,1844.2920505889997,3.1276391382561997e-05,1.0,1.0,1.0,1.0,3.0577777777777778e-06,0.96875,0.0,2.0,medium|hard|easy
test,0,13,235,32,0.5332771980029065,125.58668587399734,1844.825913228,1.8048856873065233e-05,1.0,1.0,1.0,1.0,3.051851851851852e-06,1.0625,0.0,2.0,medium|easy|hard
test,0,13,236,32,0.5324781050003367,126.11976072999823,1845.3589881200023,2.0157320250291377e-05,1.0,1.0,1.0,1.0,3.045925925925926e-06,0.875,0.0,2.0,hard|medium|easy
test,0,13,237,32,0.5342061199989985,126.65453326099669,1845.893760644998,1.9211112885386683e-05,1.0,1.0,1.0,1.0,3.04e-06,0.9375,0.0,2.0,easy|hard|medium
test,0,13,238,32,0.5332174170034705,127.18834543299454,1846.4275728100038,2.1896990801906213e-05,1.0,1.0,1.0,1.0,3.0340740740740744e-06,0.96875,0.0,2.0,medium|easy|hard
test,0,13,239,32,0.5324225249933079,127.72130017299787,1846.9605275420035,2.0324958313722163e-05,1.0,1.0,1.0,1.0,3.028148148148148e-06,1.28125,0.0,2.0,hard|easy|medium
test,0,13,240,32,0.5342290139960824,128.25608145899605,1847.495308810001,1.8283546523889527e-05,1.0,1.0,1.0,1.0,3.0222222222222225e-06,0.96875,0.0,2.0,easy|medium|hard
test,0,13,241,32,0.5336097559993505,128.79029976099991,1848.029527163002,2.482494164723903e-05,1.0,1.0,1.0,1.0,3.0162962962962967e-06,0.875,0.0,2.0,easy|medium|hard
test,0,13,242,32,0.5326646020039334,129.3234908459999,1848.5627182750031,1.8976432329509407e-05,1.0,1.0,1.0,1.0,3.0103703703703706e-06,1.28125,0.0,2.0,easy|medium|hard
test,0,13,243,32,0.5346838429977652,129.85874738599523,1849.0979746820012,1.9132894522044808e-05,1.0,1.0,1.0,1.0,3.004444444444445e-06,0.96875,0.0,2.0,hard|easy|medium
test,0,13,244,32,0.5338702919980278,130.39315495099436,1849.6323823450002,1.8521961465012282e-05,1.0,1.0,1.0,1.0,2.998518518518519e-06,1.03125,0.0,2.0,hard|medium|easy
test,0,13,245,32,0.5325379639980383,130.92617137999332,1850.1653987949976,2.1815030777361244e-05,1.0,1.0,1.0,1.0,2.992592592592593e-06,1.0625,0.0,2.0,hard|easy|medium
test,0,13,246,32,0.5337769469988416,131.46051001899468,1850.6997373859995,1.96693235920975e-05,1.0,1.0,1.0,1.0,2.986666666666667e-06,1.03125,0.0,2.0,medium|easy|hard
test,0,13,247,32,0.5339487789970008,131.99528229799762,1851.2345096729987,2.180757473979611e-05,1.0,1.0,1.0,1.0,2.9807407407407406e-06,0.875,0.0,2.0,hard|medium|easy
test,0,13,248,32,0.5330225380021147,132.52877102899947,1851.767998397001,1.896525645861402e-05,1.0,1.0,1.0,1.0,2.974814814814815e-06,0.96875,0.0,2.0,medium|easy|hard
test,0,13,249,32,0.5345838249995722,133.063863698997,1852.3030913149996,2.0835313989664428e-05,1.0,1.0,1.0,1.0,2.968888888888889e-06,1.1875,0.0,2.0,medium|easy|hard
test,0,13,250,32,0.5328446189960232,133.59721987399826,1852.8364472570029,2.1271163859637454e-05,1.0,1.0,1.0,1.0,2.962962962962963e-06,0.96875,0.0,2.0,hard|easy|medium
test,0,14,1,32,0.5338163729975349,0.6205830480030272,1863.3826006239979,1.9535214960342273e-05,1.0,1.0,1.0,1.0,2.957037037037037e-06,1.09375,0.0,2.0,easy|hard|medium
test,0,14,2,32,0.5337993959983578,1.1551341879967367,1863.9171477690033,3.72788890672382e-05,1.0,1.0,1.0,1.0,2.9511111111111114e-06,0.9375,0.0,2.0,easy|medium|hard
test,0,14,3,32,0.5330347350027296,1.6887653360026889,1864.4507789690033,1.898016307677608e-05,1.0,1.0,1.0,1.0,2.9451851851851853e-06,1.0,0.0,2.0,medium|hard|easy
test,0,14,4,32,0.5344984309995198,2.223864052000863,1864.9858776850015,2.0026931451866403e-05,1.0,1.0,1.0,1.0,2.9392592592592595e-06,1.28125,0.0,2.0,medium|hard|easy
test,0,14,5,32,0.5330681619961979,2.7575243760002195,1865.519538018998,2.038828461081721e-05,1.0,1.0,1.0,1.0,2.9333333333333338e-06,1.1875,0.0,2.0,easy|hard|medium
test,0,14,6,32,0.5326661920043989,3.2907462009970914,1866.0527597839973,2.0153584046056494e-05,1.0,1.0,1.0,1.0,2.9274074074074076e-06,0.96875,0.0,2.0,medium|hard|easy
test,0,14,7,32,0.5342304029982188,3.825433794001583,1866.5874473930016,1.8715667465585284e-05,1.0,1.0,1.0,1.0,2.921481481481482e-06,1.15625,0.0,2.0,hard|easy|medium
test,0,14,8,32,0.5331734020001022,4.359150996999233,1867.1211645820003,2.0414358004927635e-05,1.0,1.0,1.0,1.0,2.915555555555556e-06,0.96875,0.0,2.0,medium|hard|easy
test,0,14,9,32,0.5329241259969422,4.892693139001494,1867.6547067220017,2.128602864104323e-05,1.0,1.0,1.0,1.0,2.90962962962963e-06,1.0,0.0,2.0,easy|medium|hard
test,0,14,10,32,0.5343740169992088,5.427700663996802,1868.1897142610032,3.213901072740555e-05,1.0,1.0,1.0,1.0,2.903703703703704e-06,0.875,0.0,2.0,medium|hard|easy
test,0,14,11,32,0.5342817369964905,5.962596391997067,1868.7246099859985,2.3092747142072767e-05,1.0,1.0,1.0,1.0,2.8977777777777785e-06,1.1875,0.0,2.0,hard|easy|medium
test,0,14,12,32,0.5323839599950588,6.495622538001044,1869.2576361309984,1.9904013242921792e-05,1.0,1.0,1.0,1.0,2.8918518518518523e-06,0.84375,0.0,2.0,easy|medium|hard
test,0,14,13,32,0.5338548739964608,7.030015037002158,1869.7920286299995,6.216772453626618e-05,1.0,1.0,1.0,1.0,2.8859259259259257e-06,1.0,0.0,2.0,easy|hard|medium
test,0,14,14,32,0.5336797109994222,7.564327458996559,1870.3263411130029,1.963577960850671e-05,1.0,1.0,1.0,1.0,2.88e-06,0.84375,0.0,2.0,medium|easy|hard
test,0,14,15,32,0.5325358379996032,8.09741384699737,1870.859427493,2.1490943254320882e-05,1.0,1.0,1.0,1.0,2.874074074074074e-06,0.90625,0.0,2.0,hard|easy|medium
test,0,14,16,32,0.5341527199998382,8.632008669002971,1871.3940222629972,2.0917243091389537e-05,1.0,1.0,1.0,1.0,2.868148148148148e-06,0.84375,0.0,2.0,hard|easy|medium
test,0,14,17,32,0.5346402940049302,9.167216861998895,1871.9292304769988,2.096567550324835e-05,1.0,1.0,1.0,1.0,2.8622222222222223e-06,1.125,0.0,2.0,medium|hard|easy
test,0,14,18,32,0.5329418189940043,9.700889774998359,1872.4629033620004,2.1177944290684536e-05,1.0,1.0,1.0,1.0,2.8562962962962966e-06,1.0,0.0,2.0,easy|hard|medium
test,0,14,19,32,0.5337485249983729,10.23518464499648,1872.9971982839998,1.9565024558687583e-05,1.0,1.0,1.0,1.0,2.8503703703703704e-06,1.125,0.0,2.0,hard|easy|medium
test,0,14,20,32,0.53295274899574,10.768675806997635,1873.5306893950037,2.6136012820643373e-05,1.0,1.0,1.0,1.0,2.8444444444444446e-06,1.125,0.0,2.0,easy|hard|medium
test,0,14,21,32,0.5328140810015611,11.302040249000129,1874.0640538299995,2.0678844521171413e-05,1.0,1.0,1.0,1.0,2.838518518518519e-06,0.875,0.0,2.0,medium|easy|hard
test,0,14,22,32,0.5339700679978705,11.836616467000567,1874.598630212,2.177033275074791e-05,1.0,1.0,1.0,1.0,2.8325925925925927e-06,0.9375,0.0,2.0,easy|medium|hard
test,0,14,23,32,0.5330716590033262,12.370210761997441,1875.1322243960021,6.017739724484272e-05,1.0,1.0,1.0,1.0,2.826666666666667e-06,0.9375,0.0,2.0,medium|easy|hard
test,0,14,24,32,0.5327359840011923,12.903498501000286,1875.665512132,1.968421202036552e-05,1.0,1.0,1.0,1.0,2.8207407407407412e-06,0.96875,0.0,2.0,hard|medium|easy
test,0,14,25,32,0.533953861995542,13.43805604299996,1876.2000697339972,1.953148967004381e-05,1.0,1.0,1.0,1.0,2.814814814814815e-06,0.9375,0.0,2.0,medium|easy|hard
test,0,14,26,32,0.5336749730049632,13.972356507001678,1876.7343701040008,1.9587305359891616e-05,1.0,1.0,1.0,1.0,2.8088888888888893e-06,1.125,0.0,2.0,easy|medium|hard
test,0,14,27,32,0.5332666499962215,14.506208455997694,1877.2682221180003,1.8179238395532593e-05,1.0,1.0,1.0,1.0,2.8029629629629636e-06,1.0625,0.0,2.0,easy|medium|hard
test,0,14,28,32,0.5338640359987039,15.040638386002684,1877.8026520280036,2.0537299860734493e-05,1.0,1.0,1.0,1.0,2.797037037037037e-06,1.0,0.0,2.0,hard|easy|medium
test,0,14,29,32,0.5332610030018259,15.574434529000428,1878.3364481859971,2.267182935611345e-05,1.0,1.0,1.0,1.0,2.7911111111111113e-06,0.90625,0.0,2.0,medium|easy|hard
test,0,14,30,32,0.5325501570041524,16.107572100998368,1878.869585694003,1.998221705434844e-05,1.0,1.0,1.0,1.0,2.785185185185185e-06,1.15625,0.0,2.0,medium|easy|hard
test,0,14,31,32,0.5347033309953986,16.642783144998248,1879.4047967310034,2.65677081188187e-05,1.0,1.0,1.0,1.0,2.7792592592592593e-06,1.25,0.0,2.0,easy|hard|medium
test,0,14,32,32,0.5333668589955778,17.176685737002117,1879.9386993750013,2.1673411538358778e-05,1.0,1.0,1.0,1.0,2.7733333333333336e-06,0.90625,0.0,2.0,medium|easy|hard
test,0,14,33,32,0.5340403060035896,17.711281094001606,1880.4732946910008,1.9337776393513195e-05,1.0,1.0,1.0,1.0,2.7674074074074074e-06,1.09375,0.0,2.0,medium|easy|hard
test,0,14,34,32,0.5340734199999133,18.245935207000002,1881.0079491279976,2.2392294340534136e-05,1.0,1.0,1.0,1.0,2.7614814814814817e-06,1.1875,0.0,2.0,easy|medium|hard
test,0,14,35,32,0.5332003410003381,18.779732347997196,1881.5417460169992,1.843255085987039e-05,1.0,1.0,1.0,1.0,2.755555555555556e-06,0.875,0.0,2.0,hard|easy|medium
test,0,14,36,32,0.5340460459992755,19.314334561997384,1882.0763482289985,2.4571028916398063e-05,1.0,1.0,1.0,1.0,2.7496296296296298e-06,0.9375,0.0,2.0,medium|hard|easy
test,0,14,37,32,0.5338108600044507,19.848674002001644,1882.6106879590006,1.852939385571517e-05,1.0,1.0,1.0,1.0,2.743703703703704e-06,0.9375,0.0,2.0,medium|hard|easy
test,0,14,38,32,0.5332894599996507,20.38257465499919,1883.144588285999,2.3155689632403664e-05,1.0,1.0,1.0,1.0,2.7377777777777783e-06,0.78125,0.0,2.0,easy|hard|medium
test,0,14,39,32,0.5343312460026937,20.917484969002544,1883.6794986489986,1.9196220819139853e-05,1.0,1.0,1.0,1.0,2.731851851851852e-06,0.9375,0.0,2.0,hard|medium|easy
test,0,14,40,32,0.532793271006085,21.450880190001044,1884.2128939039976,2.3152253561420366e-05,1.0,1.0,1.0,1.0,2.7259259259259264e-06,0.90625,0.0,2.0,easy|medium|hard
test,0,14,41,32,0.5318205030052923,21.983248181997624,1884.745261875003,2.153564491891302e-05,1.0,1.0,1.0,1.0,2.7200000000000002e-06,1.1875,0.0,2.0,hard|medium|easy
test,0,14,42,32,0.5345821189985145,22.51842432199919,1885.2804379619993,3.390175334061496e-05,1.0,1.0,1.0,1.0,2.7140740740740745e-06,1.0,0.0,2.0,easy|medium|hard
test,0,14,43,32,0.533224175000214,23.05228082100075,1885.8142944150022,1.9427181541686878e-05,1.0,1.0,1.0,1.0,2.7081481481481487e-06,0.90625,0.0,2.0,medium|hard|easy
test,0,14,44,32,0.5331172910009627,23.585910932000843,1886.3479246060015,1.7773192666936666e-05,1.0,1.0,1.0,1.0,2.702222222222222e-06,0.90625,0.0,2.0,medium|easy|hard
test,0,14,45,32,0.5344981699963682,24.120999093996943,1886.883012678998,1.9024853827431798e-05,1.0,1.0,1.0,1.0,2.6962962962962964e-06,1.09375,0.0,2.0,easy|hard|medium
test,0,14,46,32,0.5343352790005156,24.655859377002344,1887.4178730299973,1.849588079494424e-05,1.0,1.0,1.0,1.0,2.6903703703703702e-06,1.1875,0.0,2.0,medium|hard|easy
test,0,14,47,32,0.5328395429969532,25.18916006800282,1887.9511736560016,2.2988428099779412e-05,1.0,1.0,1.0,1.0,2.6844444444444445e-06,0.84375,0.0,2.0,medium|hard|easy
test,0,14,48,32,0.533905718002643,25.723643678997178,1888.4856572639983,2.0339855836937204e-05,1.0,1.0,1.0,1.0,2.6785185185185187e-06,0.8125,0.0,2.0,hard|medium|easy
test,0,14,49,32,0.5331816320031066,26.257429878001858,1889.0194435060039,2.1964033294352703e-05,1.0,1.0,1.0,1.0,2.6725925925925926e-06,0.96875,0.0,2.0,hard|easy|medium
test,0,14,50,32,0.5331584949963144,26.791160829001456,1889.553174419998,1.8790173271554522e-05,1.0,1.0,1.0,1.0,2.666666666666667e-06,1.09375,0.0,2.0,medium|easy|hard
test,0,14,51,32,0.5338245079983608,27.32560159699642,1890.0876152240016,1.937502747750841e-05,1.0,1.0,1.0,1.0,2.660740740740741e-06,1.21875,0.0,2.0,hard|medium|easy
test,0,14,52,32,0.5334464240004309,27.85954960199888,1890.6215631820014,1.9587367205531336e-05,1.0,1.0,1.0,1.0,2.654814814814815e-06,1.125,0.0,2.0,hard|easy|medium
test,0,14,53,32,0.5328471510001691,28.392912980998517,1891.154926631003,2.1591476979665458e-05,1.0,1.0,1.0,1.0,2.648888888888889e-06,1.03125,0.0,2.0,medium|hard|easy
test,0,14,54,32,0.5336422580003273,28.92713167599868,1891.6891452679993,2.1394071154645644e-05,1.0,1.0,1.0,1.0,2.6429629629629634e-06,1.1875,0.0,2.0,easy|hard|medium
test,0,14,55,32,0.5333272140051122,29.46105992700177,1892.2230735150006,1.9840685126837343e-05,1.0,1.0,1.0,1.0,2.6370370370370373e-06,0.90625,0.0,2.0,medium|hard|easy
test,0,14,56,32,0.5327167069990537,29.99433089899685,1892.7563445060005,1.9658144083223306e-05,1.0,1.0,1.0,1.0,2.6311111111111115e-06,1.0625,0.0,2.0,easy|medium|hard
test,0,14,57,32,0.5342273649948766,30.529131440998754,1893.291145037998,1.653269282542169e-05,1.0,1.0,1.0,1.0,2.6251851851851858e-06,0.9375,0.0,2.0,medium|hard|easy
test,0,14,58,32,0.5335160929971607,31.063307682001323,1893.8253213549979,2.7182020858163014e-05,1.0,1.0,1.0,1.0,2.6192592592592596e-06,1.03125,0.0,2.0,medium|hard|easy
test,0,14,59,32,0.533204145001946,31.597115317003045,1894.3591289019969,2.026535184995737e-05,1.0,1.0,1.0,1.0,2.6133333333333334e-06,1.125,0.0,2.0,easy|medium|hard
test,0,14,60,32,0.5339515230007237,32.131546342003276,1894.8935599239994,2.1367934095906094e-05,1.0,1.0,1.0,1.0,2.6074074074074073e-06,1.25,0.0,2.0,easy|hard|medium
test,0,14,61,32,0.5335566960056894,32.66571926300094,1895.4277329539982,1.840274126152508e-05,1.0,1.0,1.0,1.0,2.6014814814814815e-06,1.15625,0.0,2.0,easy|medium|hard
test,0,14,62,32,0.5326625890011201,33.19900438100012,1895.961017982001,2.451163891237229e-05,1.0,1.0,1.0,1.0,2.5955555555555558e-06,1.0,0.0,2.0,easy|hard|medium
test,0,14,63,32,0.534289691997401,33.73384009500296,1896.4958537769999,2.0820383724640124e-05,1.0,1.0,1.0,1.0,2.5896296296296296e-06,0.9375,0.0,2.0,medium|hard|easy
test,0,14,64,32,0.5330111980001675,34.26745114399819,1897.029464721003,1.9795974367298186e-05,1.0,1.0,1.0,1.0,2.583703703703704e-06,0.6875,0.0,2.0,medium|hard|easy
test,0,14,65,32,0.5326577450032346,34.80068071700225,1897.5626943899988,2.014241908909753e-05,1.0,1.0,1.0,1.0,2.577777777777778e-06,0.90625,0.0,2.0,hard|medium|easy
test,0,14,66,32,0.5347267159959301,35.33597486100189,1898.097988497997,1.8067483324557543e-05,1.0,1.0,1.0,1.0,2.571851851851852e-06,1.0625,0.0,2.0,medium|hard|easy
test,0,14,67,32,0.533290224004304,35.8698717369989,1898.6318853089979,3.784328873734921e-05,1.0,1.0,1.0,1.0,2.5659259259259262e-06,1.28125,0.0,2.0,hard|easy|medium
test,0,14,68,32,0.5339009999952395,36.40432311200129,1899.166336782997,2.0988023607060313e-05,1.0,1.0,1.0,1.0,2.56e-06,1.1875,0.0,2.0,easy|medium|hard
test,0,14,69,32,0.5340438089988311,36.93899474199861,1899.701008324002,1.8521963284001686e-05,1.0,1.0,1.0,1.0,2.5540740740740743e-06,1.15625,0.0,2.0,easy|medium|hard
test,0,14,70,32,0.5326597730017966,37.47231096700125,1900.234324572004,2.072728420898784e-05,1.0,1.0,1.0,1.0,2.5481481481481486e-06,1.0,0.0,2.0,medium|easy|hard
test,0,14,71,32,0.5339676579969819,38.00686926199705,1900.7688828469982,2.0254166884114966e-05,1.0,1.0,1.0,1.0,2.5422222222222224e-06,1.15625,0.0,2.0,easy|hard|medium
test,0,14,72,32,0.5336327819968574,38.54107236099662,1901.3030859400023,1.8480981452739798e-05,1.0,1.0,1.0,1.0,2.5362962962962967e-06,0.875,0.0,2.0,medium|easy|hard
test,0,14,73,32,0.5336619130030158,39.07534830499935,1901.8373618929982,2.1509549696929753e-05,1.0,1.0,1.0,1.0,2.530370370370371e-06,1.03125,0.0,2.0,easy|medium|hard
test,0,14,74,32,0.5343711009991239,39.61028180699941,1902.372295442001,2.288039104314521e-05,1.0,1.0,1.0,1.0,2.5244444444444447e-06,1.25,0.0,2.0,hard|medium|easy
test,0,14,75,32,0.5339934139992693,40.14479713000037,1902.9068107310013,2.0988023607060313e-05,1.0,1.0,1.0,1.0,2.5185185185185186e-06,1.03125,0.0,2.0,medium|hard|easy
test,0,14,76,32,0.5323743330009165,40.67768831799913,1903.4397019410026,1.9635783246485516e-05,1.0,1.0,1.0,1.0,2.5125925925925924e-06,0.9375,0.0,2.0,easy|medium|hard
test,0,14,77,32,0.5342003789992305,41.212435549001384,1903.9744491349993,1.915524626383558e-05,1.0,1.0,1.0,1.0,2.5066666666666667e-06,1.15625,0.0,2.0,hard|easy|medium
test,0,14,78,32,0.5330296579995775,41.745983699001954,1904.507997341003,1.9561290173442103e-05,1.0,1.0,1.0,1.0,2.500740740740741e-06,0.9375,0.0,2.0,easy|medium|hard
test,0,14,79,32,0.5325997569962055,42.27916855899821,1905.0411821450034,2.0518658857326955e-05,1.0,1.0,1.0,1.0,2.4948148148148148e-06,1.03125,0.0,2.0,hard|easy|medium
test,0,14,80,32,0.534148846003518,42.81390931799979,1905.5759231859993,1.819413955672644e-05,1.0,1.0,1.0,1.0,2.488888888888889e-06,1.125,0.0,2.0,hard|medium|easy
test,0,14,81,32,0.5332658609986538,43.34774806499627,1906.109761713,2.5200995878549293e-05,1.0,1.0,1.0,1.0,2.4829629629629633e-06,1.25,0.0,2.0,hard|easy|medium
test,0,14,82,32,0.5330443229977391,43.88128834999952,1906.6433019390024,2.0310046238591895e-05,1.0,1.0,1.0,1.0,2.477037037037037e-06,1.15625,0.0,2.0,hard|easy|medium
test,0,14,83,32,0.5340097439984675,44.415855555002054,1907.1778691930012,2.0127519746893086e-05,1.0,1.0,1.0,1.0,2.4711111111111114e-06,0.84375,0.0,2.0,easy|medium|hard
test,0,14,84,32,0.5338049300044077,44.95028617999924,1907.7122997640035,2.11184196814429e-05,1.0,1.0,1.0,1.0,2.4651851851851856e-06,1.28125,0.0,2.0,easy|hard|medium
test,0,14,85,32,0.5328158940028516,45.483700552998926,1908.2457144459986,1.9881657863152213e-05,1.0,1.0,1.0,1.0,2.4592592592592594e-06,1.03125,0.0,2.0,hard|medium|easy
test,0,14,86,32,0.533888620993821,46.01808178400097,1908.7800954330014,2.1252528313198127e-05,1.0,1.0,1.0,1.0,2.4533333333333333e-06,0.9375,0.0,2.0,medium|easy|hard
test,0,14,87,32,0.5338064609968569,46.55250383599923,1909.3145175169993,1.9635797798400745e-05,1.0,1.0,1.0,1.0,2.4474074074074075e-06,0.96875,0.0,2.0,hard|easy|medium
test,0,14,88,32,0.5329602519996115,47.08608405000268,1909.8480976290011,2.0745908841490746e-05,1.0,1.0,1.0,1.0,2.441481481481482e-06,1.03125,0.0,2.0,medium|hard|easy
test,0,14,89,32,0.5337291570031084,47.62039011399611,1910.3824036900041,2.0812924049096182e-05,1.0,1.0,1.0,1.0,2.4355555555555556e-06,0.9375,0.0,2.0,hard|easy|medium
test,0,14,90,32,0.5335752140017576,48.15454267300083,1910.9165562589988,1.8559212549007498e-05,1.0,1.0,1.0,1.0,2.42962962962963e-06,1.03125,0.0,2.0,medium|hard|easy
test,0,14,91,32,0.5331247039939626,48.68826005700248,1911.4502740180033,2.01535876840353e-05,1.0,1.0,1.0,1.0,2.423703703703704e-06,0.9375,0.0,2.0,easy|medium|hard
test,0,14,92,32,0.5336054380022688,49.222402532999695,1911.9844161220026,2.1055035176686943e-05,1.0,1.0,1.0,1.0,2.417777777777778e-06,0.5,0.0,2.0,hard|easy|medium
test,0,14,93,32,0.5331336259987438,49.75608136200026,1912.518094940002,2.0663937903009355e-05,1.0,1.0,1.0,1.0,2.4118518518518522e-06,0.9375,0.0,2.0,easy|medium|hard
test,0,14,94,32,0.5335263890010538,50.29015463199903,1913.0521682260005,1.7437921997043304e-05,1.0,1.0,1.0,1.0,2.405925925925926e-06,1.1875,0.0,2.0,medium|hard|easy
test,0,14,95,32,0.534581979001814,50.82526411300205,1913.5872777050026,1.952776983671356e-05,1.0,1.0,1.0,1.0,2.4000000000000003e-06,1.0625,0.0,2.0,easy|medium|hard
test,0,14,96,32,0.5330930919953971,51.35895883200283,1914.1209725009976,3.0322782549774274e-05,1.0,1.0,1.0,1.0,2.394074074074074e-06,1.1875,0.0,2.0,medium|hard|easy
test,0,14,97,32,0.5327544920000946,51.89218415399955,1914.654197832002,2.1014126105001196e-05,1.0,1.0,1.0,1.0,2.3881481481481484e-06,0.84375,0.0,2.0,hard|easy|medium
test,0,14,98,32,0.5343612249998841,52.42713633800304,1915.1891499190024,1.985185735975392e-05,1.0,1.0,1.0,1.0,2.3822222222222222e-06,1.03125,0.0,2.0,easy|hard|medium
test,0,14,99,32,0.5329121149989078,52.96062467100273,1915.7226383230009,1.7460273738834076e-05,1.0,1.0,1.0,1.0,2.3762962962962965e-06,1.0625,0.0,2.0,easy|medium|hard
test,0,14,100,32,0.5322273210040294,53.493428939000296,1916.2554425400012,1.9419738237047568e-05,1.0,1.0,1.0,1.0,2.3703703703703707e-06,1.15625,0.0,2.0,easy|hard|medium
test,0,14,101,32,0.5345457220028038,54.02854447400023,1916.7905580630031,1.9814575352938846e-05,1.0,1.0,1.0,1.0,2.3644444444444446e-06,1.0625,0.0,2.0,hard|medium|easy
test,0,14,102,32,0.5331136439999682,54.562218318002124,1917.324231904,1.9147793864249252e-05,1.0,1.0,1.0,1.0,2.3585185185185184e-06,0.9375,0.0,2.0,medium|easy|hard
test,0,14,103,32,0.5333723579969956,55.09612439900229,1917.8581379940006,2.1002935682190582e-05,1.0,1.0,1.0,1.0,2.3525925925925927e-06,0.875,0.0,2.0,medium|hard|easy
test,0,14,104,32,0.5343889340001624,55.63107566299732,1918.3930892520002,2.1949084839434363e-05,1.0,1.0,1.0,1.0,2.346666666666667e-06,0.96875,0.0,2.0,medium|hard|easy
test,0,14,105,32,0.5333468230019207,56.16487161599798,1918.926885255998,2.118919110216666e-05,1.0,1.0,1.0,1.0,2.3407407407407408e-06,0.71875,0.0,2.0,hard|easy|medium
test,0,14,106,32,0.5340982939960668,56.69948158899933,1919.4614952120028,1.7333615687675774e-05,1.0,1.0,1.0,1.0,2.334814814814815e-06,1.0625,0.0,2.0,hard|easy|medium
test,0,14,107,32,0.5334202390004066,57.23351037700195,1919.995524019003,2.2042264390620403e-05,1.0,1.0,1.0,1.0,2.3288888888888893e-06,1.125,0.0,2.0,hard|medium|easy
test,0,14,108,32,0.5333421300019836,57.767447272002755,1920.5294608879994,2.835905979736708e-05,1.0,1.0,1.0,1.0,2.322962962962963e-06,0.90625,0.0,2.0,easy|hard|medium
test,0,14,109,32,0.5340775789954932,58.30206927400286,1921.0640829050026,1.8354323401581496e-05,1.0,1.0,1.0,1.0,2.3170370370370374e-06,0.90625,0.0,2.0,easy|hard|medium
test,0,14,110,32,0.5335449159974814,58.83618150000257,1921.5981950819987,1.977362626348622e-05,1.0,1.0,1.0,1.0,2.311111111111111e-06,1.03125,0.0,2.0,medium|easy|hard
test,0,14,111,32,0.5335284230022808,59.37029712199728,1922.1323107019998,1.9717743271030486e-05,1.0,1.0,1.0,1.0,2.3051851851851855e-06,1.0,0.0,2.0,easy|medium|hard
test,0,14,112,32,0.5342691420009942,59.905072945999564,1922.6670865409978,1.7918475350597873e-05,1.0,1.0,1.0,1.0,2.2992592592592593e-06,1.15625,0.0,2.0,hard|medium|easy
test,0,14,113,32,0.5334347499956493,60.439111927997146,1923.2011255800026,2.1282194211380556e-05,1.0,1.0,1.0,1.0,2.2933333333333335e-06,1.0625,0.0,2.0,hard|easy|medium
test,0,14,114,32,0.5330662170017604,60.972773998000775,1923.734787581001,2.3670090740779415e-05,1.0,1.0,1.0,1.0,2.287407407407408e-06,0.84375,0.0,2.0,easy|medium|hard
test,0,14,115,32,0.5337340550031513,61.507103010997525,1924.2691166119985,1.9445811631157994e-05,1.0,1.0,1.0,1.0,2.2814814814814816e-06,1.0,0.0,2.0,medium|hard|easy
test,0,14,116,32,0.5335985269994126,62.04131315799896,1924.8033267380015,2.00083086383529e-05,1.0,1.0,1.0,1.0,2.275555555555556e-06,1.0,0.0,2.0,hard|easy|medium
test,0,14,117,32,0.5327018950047204,62.574645095999585,1925.3366586909979,1.8279821233591065e-05,1.0,1.0,1.0,1.0,2.2696296296296297e-06,0.875,0.0,2.0,hard|medium|easy
test,0,14,118,32,0.5339029919996392,63.10914037300245,1925.8711540229997,2.137915726052597e-05,1.0,1.0,1.0,1.0,2.263703703703704e-06,0.9375,0.0,2.0,medium|easy|hard
test,0,14,119,32,0.5334697170037543,63.64319360400259,1926.4052071990009,1.756085293891374e-05,1.0,1.0,1.0,1.0,2.257777777777778e-06,0.71875,0.0,2.0,medium|easy|hard
test,0,14,120,32,0.53519082099956,64.17896854400169,1926.9409821450026,1.93265950656496e-05,1.0,1.0,1.0,1.0,2.251851851851852e-06,0.875,0.0,2.0,hard|easy|medium
test,0,14,121,32,0.534158287999162,64.71382882099715,1927.475842451,2.500723894627299e-05,1.0,1.0,1.0,1.0,2.2459259259259263e-06,0.9375,0.0,2.0,hard|medium|easy
test,0,14,122,32,0.5333054340007948,65.24766026099678,1928.0096738499997,1.9509136109263636e-05,1.0,1.0,1.0,1.0,2.24e-06,0.9375,0.0,2.0,hard|medium|easy
test,0,14,123,32,0.5334217949930462,65.78164439099783,1928.543657991002,1.8082377209793776e-05,1.0,1.0,1.0,1.0,2.2340740740740744e-06,0.96875,0.0,2.0,easy|medium|hard
test,0,14,124,32,0.5336587069978123,66.31585048599663,1929.077864083003,1.8246291801915504e-05,1.0,1.0,1.0,1.0,2.2281481481481482e-06,1.125,0.0,2.0,easy|hard|medium
test,0,14,125,32,0.5333506899987697,66.84978812900226,1929.6118017120025,2.3133565264288336e-05,1.0,1.0,1.0,1.0,2.222222222222222e-06,1.03125,0.0,2.0,hard|easy|medium
test,0,14,126,32,0.5331875800038688,67.38352478999877,1930.1455383779976,1.8700764485402033e-05,1.0,1.0,1.0,1.0,2.2162962962962963e-06,1.03125,0.0,2.0,easy|medium|hard
test,0,14,127,32,0.5340329330065288,67.91812254399701,1930.6801362309998,0.001297617331147194,1.0,1.0,1.0,1.0,2.2103703703703706e-06,1.125,0.0,2.0,hard|medium|easy
test,0,14,128,32,0.5329809969989583,68.45170386399695,1931.2137174590025,2.7927053452003747e-05,1.0,1.0,1.0,1.0,2.2044444444444444e-06,0.90625,0.0,2.0,easy|hard|medium
test,0,14,129,32,0.5330423939958564,68.98532742699899,1931.7473410169987,2.0332381609478034e-05,1.0,1.0,1.0,1.0,2.1985185185185187e-06,1.03125,0.0,2.0,easy|medium|hard
test,0,14,130,32,0.5347785499980091,69.52067917399836,1932.2826927700007,1.9978491764049977e-05,1.0,1.0,1.0,1.0,2.192592592592593e-06,1.0,0.0,2.0,easy|hard|medium
test,0,14,131,32,0.5337024850014132,70.05494855299912,1932.8169621609995,2.0138641048106365e-05,1.0,1.0,1.0,1.0,2.1866666666666668e-06,0.9375,0.0,2.0,medium|easy|hard
test,0,14,132,32,0.5321561700038728,70.58759928899963,1933.3496128640036,1.892426735139452e-05,1.0,1.0,1.0,1.0,2.180740740740741e-06,0.875,0.0,2.0,hard|easy|medium
test,0,14,133,32,0.5343853470039903,71.12256508300197,1933.8845786719976,2.3446589693776332e-05,1.0,1.0,1.0,1.0,2.174814814814815e-06,1.15625,0.0,2.0,hard|medium|easy
test,0,14,134,32,0.5331447030039271,71.65622057700239,1934.418234224002,2.1394072973635048e-05,1.0,1.0,1.0,1.0,2.168888888888889e-06,1.03125,0.0,2.0,hard|easy|medium
test,0,14,135,32,0.5337573910001083,72.19060596200143,1934.9526195779981,1.7627904526307248e-05,1.0,1.0,1.0,1.0,2.162962962962963e-06,0.84375,0.0,2.0,medium|easy|hard
test,0,14,136,32,0.5348238100050366,72.72600028399756,1935.488013889997,2.3204440367408097e-05,1.0,1.0,1.0,1.0,2.157037037037037e-06,1.09375,0.0,2.0,hard|easy|medium
test,0,14,137,32,0.5329794329954893,73.25959433699609,1936.0216079200036,1.679718479863368e-05,1.0,1.0,1.0,1.0,2.1511111111111115e-06,0.90625,0.0,2.0,easy|hard|medium
test,0,14,138,32,0.5342602419987088,73.79441977800161,1936.5564336559983,1.977734427782707e-05,1.0,1.0,1.0,1.0,2.1451851851851853e-06,1.0625,0.0,2.0,hard|medium|easy
test,0,14,139,32,0.5337485920026666,74.32875828800024,1937.0907718710005,2.0328667233115993e-05,1.0,1.0,1.0,1.0,2.1392592592592595e-06,1.0625,0.0,2.0,hard|medium|easy
test,0,14,140,32,0.533222233003471,74.8625349799986,1937.624548617001,2.1837346139363945e-05,1.0,1.0,1.0,1.0,2.133333333333334e-06,0.96875,0.0,2.0,medium|hard|easy
test,0,14,141,32,0.5341355450000265,75.39725270799681,1938.1592662920011,2.1133322661626153e-05,1.0,1.0,1.0,1.0,2.1274074074074076e-06,1.21875,0.0,2.0,easy|hard|medium
test,0,14,142,32,0.5335349929955555,75.93137310499878,1938.6933867390035,2.13381845242111e-05,1.0,1.0,1.0,1.0,2.1214814814814815e-06,0.96875,0.0,2.0,medium|easy|hard
test,0,14,143,32,0.5323402779977187,76.46430575299746,1939.2263193519975,1.741928281262517e-05,1.0,1.0,1.0,1.0,2.1155555555555557e-06,0.84375,0.0,2.0,medium|easy|hard
test,0,14,144,32,0.5338656940002693,76.99877344100241,1939.7607871509972,0.011272761039435863,1.0,1.0,1.0,1.0,2.10962962962963e-06,0.96875,0.0,2.0,medium|easy|hard
test,0,14,145,32,0.5337001040024916,77.53308816399658,1940.2951017809974,1.8752922187559307e-05,1.0,1.0,1.0,1.0,2.103703703703704e-06,1.03125,0.0,2.0,easy|hard|medium
test,0,14,146,32,0.5323482589956257,78.06596314199851,1940.827977163004,1.909191814775113e-05,1.0,1.0,1.0,1.0,2.097777777777778e-06,0.78125,0.0,2.0,medium|easy|hard
test,0,14,147,32,0.5342374480023864,78.60077071699925,1941.3627843029972,1.8775281205307692e-05,1.0,1.0,1.0,1.0,2.0918518518518523e-06,0.90625,0.0,2.0,easy|medium|hard
test,0,14,148,32,0.5333195099956356,79.1346753100006,1941.896688961002,1.7832790035754442e-05,1.0,1.0,1.0,1.0,2.085925925925926e-06,0.90625,0.0,2.0,easy|hard|medium
test,0,14,149,32,0.5327239750040462,79.66790444799699,1942.429918034999,2.36140640481608e-05,1.0,1.0,1.0,1.0,2.08e-06,1.21875,0.0,2.0,hard|medium|easy
test,0,14,150,32,0.5342662869952619,80.20269917399855,1942.9647127600037,2.0365916498121805e-05,1.0,1.0,1.0,1.0,2.0740740740740742e-06,0.96875,0.0,2.0,hard|medium|easy
test,0,14,151,32,0.5342594489993644,80.73753978699824,1943.4995533730034,1.9337787307449616e-05,1.0,1.0,1.0,1.0,2.0681481481481485e-06,0.9375,0.0,2.0,medium|hard|easy
test,0,14,152,32,0.5325315890004276,81.2706015770018,1944.0326152359994,2.214652886323165e-05,1.0,1.0,1.0,1.0,2.0622222222222223e-06,0.8125,0.0,2.0,medium|easy|hard
test,0,14,153,32,0.5335538389990688,81.8047178880006,1944.5667314629973,0.004002544563263655,1.0,1.0,1.0,1.0,2.0562962962962966e-06,0.875,0.0,2.0,hard|medium|easy
test,0,14,154,32,0.5335742600000231,82.33882446800271,1945.1008380650019,1.841765333665535e-05,1.0,1.0,1.0,1.0,2.0503703703703704e-06,1.0,0.0,2.0,easy|hard|medium
test,0,14,155,32,0.5327157970023109,82.87203228799626,1945.6340458920022,2.029514689638745e-05,1.0,1.0,1.0,1.0,2.0444444444444447e-06,0.8125,0.0,2.0,hard|medium|easy
test,0,14,156,32,0.5333894810028141,83.40600812999764,1946.168021728001,2.1449966880027205e-05,1.0,1.0,1.0,1.0,2.0385185185185185e-06,1.03125,0.0,2.0,hard|medium|easy
test,0,14,157,32,0.5339491060003638,83.94054272500216,1946.7025564849973,1.876407623058185e-05,1.0,1.0,1.0,1.0,2.0325925925925928e-06,0.9375,0.0,2.0,hard|medium|easy
test,0,14,158,32,0.5324824569979683,84.47354072499729,1947.2355543189988,2.0134966689511202e-05,1.0,1.0,1.0,1.0,2.0266666666666666e-06,1.15625,0.0,2.0,easy|medium|hard
test,0,14,159,32,0.5336438039958011,85.00775384999724,1947.7697678370023,1.924836942635011e-05,1.0,1.0,1.0,1.0,2.020740740740741e-06,1.03125,0.0,2.0,hard|medium|easy
test,0,14,160,32,0.5330143069950282,85.54133072800323,1948.303344316002,0.19245682656764984,0.96875,0.96875,0.9705882352941176,0.9687194525904204,2.014814814814815e-06,0.75,0.0,2.0,hard|medium|easy
test,0,14,161,32,0.5334146010063705,86.07525812499807,1948.8372717210004,1.8652339349500835e-05,1.0,1.0,1.0,1.0,2.008888888888889e-06,0.9375,0.0,2.0,easy|hard|medium
test,0,14,162,32,0.5335068170024897,86.60935574799805,1949.3713693750033,1.6938738554017618e-05,1.0,1.0,1.0,1.0,2.002962962962963e-06,1.0,0.0,2.0,medium|hard|easy
test,0,14,163,32,0.5329822150015389,87.14296317999833,1949.9049770970014,2.358073106734082e-05,1.0,1.0,1.0,1.0,1.9970370370370375e-06,1.0,0.0,2.0,hard|medium|easy
test,0,14,164,32,0.5326129380046041,87.6761123690012,1950.4381260489972,2.08762867259793e-05,1.0,1.0,1.0,1.0,1.9911111111111113e-06,1.03125,0.0,2.0,easy|medium|hard
test,0,14,165,32,0.5333469350007363,88.20996577599726,1950.9719793730037,2.077937824651599e-05,1.0,1.0,1.0,1.0,1.985185185185185e-06,0.8125,0.0,2.0,easy|medium|hard
test,0,14,166,32,0.5329235039971536,88.74344406300224,1951.5054577409974,2.2463154891738668e-05,1.0,1.0,1.0,1.0,1.9792592592592594e-06,0.8125,0.0,2.0,easy|medium|hard
test,0,14,167,32,0.53255776300648,89.27645480199863,1952.038468396,2.091352507704869e-05,1.0,1.0,1.0,1.0,1.9733333333333336e-06,1.0,0.0,2.0,easy|hard|medium
test,0,14,168,32,0.5342531590067665,89.81121413000074,1952.5732277319985,1.800415338948369e-05,1.0,1.0,1.0,1.0,1.9674074074074075e-06,1.21875,0.0,2.0,hard|medium|easy
test,0,14,169,32,0.5328359100021771,90.344575025003,1953.106588790004,0.015922993421554565,1.0,1.0,1.0,1.0,1.9614814814814817e-06,1.09375,0.0,2.0,medium|easy|hard
test,0,14,170,32,0.5326005189999705,90.87775349200092,1953.6397670700026,2.248912278446369e-05,1.0,1.0,1.0,1.0,1.955555555555556e-06,1.03125,0.0,2.0,medium|easy|hard
test,0,14,171,32,0.5339349350033444,91.41228679999767,1954.1743004119999,2.104764098476153e-05,1.0,1.0,1.0,1.0,1.94962962962963e-06,1.15625,0.0,2.0,easy|medium|hard
test,0,14,172,32,0.5334661619999679,91.94629255499603,1954.7083061759986,1.9728926417883486e-05,1.0,1.0,1.0,1.0,1.9437037037037037e-06,1.21875,0.0,2.0,hard|medium|easy
test,0,14,173,32,0.5324749459978193,92.47927658499975,1955.2412901869975,1.8086091586155817e-05,1.0,1.0,1.0,1.0,1.937777777777778e-06,1.0,0.0,2.0,easy|hard|medium
test,0,14,174,32,0.5336915379957645,93.01354856100079,1955.7755621550023,1.9933795556426048e-05,1.0,1.0,1.0,1.0,1.931851851851852e-06,1.0625,0.0,2.0,easy|hard|medium
test,0,14,175,32,0.5328684380001505,93.54702085600002,1956.309034439997,1.828354288591072e-05,1.0,1.0,1.0,1.0,1.925925925925926e-06,1.03125,0.0,2.0,hard|medium|easy
test,0,14,176,32,0.5324256460007746,94.07996782400005,1956.8419814020017,2.0179650164209306e-05,1.0,1.0,1.0,1.0,1.9200000000000003e-06,1.0,0.0,2.0,easy|medium|hard
test,0,14,177,32,0.5344685390009545,94.61503268499655,1957.3770463580004,1.94420699699549e-05,1.0,1.0,1.0,1.0,1.9140740740740745e-06,0.625,0.0,2.0,medium|hard|easy
test,0,14,178,32,0.5338479100028053,95.14949665099994,1957.9115102420037,2.130840948666446e-05,1.0,1.0,1.0,1.0,1.9081481481481483e-06,1.09375,0.0,2.0,medium|hard|easy
test,0,14,179,32,0.5340506469947286,95.68411184300203,1958.4461254670023,1.8853497749660164e-05,1.0,1.0,1.0,1.0,1.9022222222222222e-06,0.78125,0.0,2.0,hard|medium|easy
test,0,14,180,32,0.5338272150038392,96.21851514500304,1958.980528754997,2.108115040755365e-05,1.0,1.0,1.0,1.0,1.8962962962962964e-06,0.75,0.0,2.0,easy|medium|hard
test,0,14,181,32,0.5329490820004139,96.7520076619985,1959.514021294999,1.979971057153307e-05,1.0,1.0,1.0,1.0,1.8903703703703705e-06,0.78125,0.0,2.0,medium|hard|easy
test,0,14,182,32,0.5336452800038387,97.28621679999924,1960.048230405002,2.2582356905331835e-05,1.0,1.0,1.0,1.0,1.8844444444444445e-06,0.6875,0.0,2.0,easy|medium|hard
test,0,14,183,32,0.5336636569991242,97.82041869599925,1960.5824322810004,2.1732997993240133e-05,1.0,1.0,1.0,1.0,1.8785185185185188e-06,1.15625,0.0,2.0,easy|hard|medium
test,0,14,184,32,0.5335541109961923,98.354520521003,1961.1165341250016,1.99300775420852e-05,1.0,1.0,1.0,1.0,1.8725925925925928e-06,1.0625,0.0,2.0,medium|hard|easy
test,0,14,185,32,0.533649206001428,98.88869613099814,1961.6507097100039,1.818296550482046e-05,1.0,1.0,1.0,1.0,1.8666666666666669e-06,1.03125,0.0,2.0,hard|easy|medium
test,0,14,186,32,0.5331616089970339,99.42240115599998,1962.1844147640004,1.756457277224399e-05,1.0,1.0,1.0,1.0,1.860740740740741e-06,0.90625,0.0,2.0,hard|easy|medium
test,0,14,187,32,0.5333697469977778,99.95632129599835,1962.7183348929975,1.91701328731142e-05,1.0,1.0,1.0,1.0,1.8548148148148147e-06,1.09375,0.0,2.0,hard|medium|easy
test,0,14,188,32,0.5339790299985907,100.49081717700028,1963.2528308210021,5.0044684030581266e-05,1.0,1.0,1.0,1.0,1.848888888888889e-06,1.0625,0.0,2.0,hard|medium|easy
test,0,14,189,32,0.5332947809947655,101.02465527800086,1963.7866689090006,2.0373381630633958e-05,1.0,1.0,1.0,1.0,1.842962962962963e-06,1.03125,0.0,2.0,easy|medium|hard
test,0,14,190,32,0.5327048899998772,101.55794234399946,1964.3199559299974,1.8112186808139086e-05,1.0,1.0,1.0,1.0,1.837037037037037e-06,0.90625,0.0,2.0,hard|medium|easy
test,0,14,191,32,0.5337380660057534,102.09221759300272,1964.8542311769997,2.018339728238061e-05,1.0,1.0,1.0,1.0,1.8311111111111113e-06,1.25,0.0,2.0,hard|easy|medium
test,0,14,192,32,0.5334336209998582,102.62622872599604,1965.3882423230025,2.0537225282168947e-05,1.0,1.0,1.0,1.0,1.8251851851851854e-06,0.9375,0.0,2.0,hard|medium|easy
test,0,14,193,32,0.533055478001188,103.15984984699753,1965.9218634900026,1.9524013623595238e-05,1.0,1.0,1.0,1.0,1.8192592592592594e-06,1.0,0.0,2.0,easy|hard|medium
test,0,14,194,32,0.5337616149990936,103.69414372900064,1966.4561573190003,2.440759453747887e-05,1.0,1.0,1.0,1.0,1.8133333333333337e-06,1.0,0.0,2.0,medium|easy|hard
test,0,14,195,32,0.5334869849975803,104.22819072400307,1966.9902043289985,2.1479740098584443e-05,1.0,1.0,1.0,1.0,1.8074074074074075e-06,1.0625,0.0,2.0,easy|hard|medium
test,0,14,196,32,0.5329045179969398,104.7616963670007,1967.523710006004,1.989655902434606e-05,1.0,1.0,1.0,1.0,1.8014814814814816e-06,1.09375,0.0,2.0,hard|easy|medium
test,0,14,197,32,0.5332487509949715,105.29549303399835,1968.0575066149977,1.9933762814616784e-05,1.0,1.0,1.0,1.0,1.7955555555555556e-06,1.125,0.0,2.0,medium|easy|hard
test,0,14,198,32,0.5335527130009723,105.8296227259998,1968.5916363060023,1.9382478058105335e-05,1.0,1.0,1.0,1.0,1.7896296296296299e-06,0.90625,0.0,2.0,medium|easy|hard
test,0,14,199,32,0.532696454996767,106.36291430900019,1969.1249279850017,2.129348649759777e-05,1.0,1.0,1.0,1.0,1.783703703703704e-06,0.8125,0.0,2.0,medium|hard|easy
test,0,14,200,32,0.5336118659979547,106.89713022700016,1969.6591439699987,1.8458609702065587e-05,1.0,1.0,1.0,1.0,1.777777777777778e-06,0.875,0.0,2.0,medium|hard|easy
test,0,14,201,32,0.533572266002011,107.43133574500098,1970.1933493280012,1.8879578419728205e-05,1.0,1.0,1.0,1.0,1.771851851851852e-06,1.25,0.0,2.0,hard|medium|easy
test,0,14,202,32,0.5329434360028245,107.96484544499981,1970.7268590250023,1.850332409958355e-05,1.0,1.0,1.0,1.0,1.7659259259259258e-06,1.09375,0.0,2.0,hard|easy|medium
test,0,14,203,32,0.5337839229978272,108.49918463399808,1971.2611982119997,1.9296792743261904e-05,1.0,1.0,1.0,1.0,1.76e-06,1.21875,0.0,2.0,hard|medium|easy
test,0,14,204,32,0.5338828970052418,109.0336491459966,1971.795662730001,2.0678855435107835e-05,1.0,1.0,1.0,1.0,1.7540740740740741e-06,1.0625,0.0,2.0,easy|hard|medium
test,0,14,205,32,0.5329230819988879,109.56717493799806,1972.329188527001,2.5707409804454073e-05,1.0,1.0,1.0,1.0,1.7481481481481482e-06,0.90625,0.0,2.0,easy|medium|hard
test,0,14,206,32,0.5335940130025847,110.10131600600289,1972.8633296400003,1.8849779735319316e-05,1.0,1.0,1.0,1.0,1.7422222222222224e-06,0.875,0.0,2.0,hard|easy|medium
test,0,14,207,32,0.5339422749966616,110.63589726899954,1973.397910906002,1.9393657566979527e-05,1.0,1.0,1.0,1.0,1.7362962962962965e-06,0.8125,0.0,2.0,medium|easy|hard
test,0,14,208,32,0.5332394469951396,111.16979078199802,1973.9318043750027,2.054101787507534e-05,1.0,1.0,1.0,1.0,1.7303703703703705e-06,1.15625,0.0,2.0,easy|medium|hard
test,0,14,209,32,0.5337453449974419,111.7040602470006,1974.4660738300008,1.925209471664857e-05,1.0,1.0,1.0,1.0,1.7244444444444448e-06,1.09375,0.0,2.0,easy|medium|hard
test,0,14,210,32,0.5328985939995619,112.23756221000076,1974.9995757939978,2.0347228200989775e-05,1.0,1.0,1.0,1.0,1.7185185185185186e-06,1.03125,0.0,2.0,hard|easy|medium
test,0,14,211,32,0.5327105809992645,112.77085164799792,1975.5328652320022,1.9233464627177455e-05,1.0,1.0,1.0,1.0,1.7125925925925927e-06,0.75,0.0,2.0,medium|hard|easy
test,0,14,212,32,0.5337703900004271,113.3051403779973,1976.0671540149997,1.9144055841024965e-05,1.0,1.0,1.0,1.0,1.7066666666666667e-06,0.9375,0.0,2.0,easy|medium|hard
test,0,14,213,32,0.5330465539955185,113.83875920099672,1976.6007727800024,2.339784987270832e-05,1.0,1.0,1.0,1.0,1.700740740740741e-06,0.875,0.0,2.0,hard|easy|medium
test,0,14,214,32,0.5351856720008072,114.3745460220016,1977.1365597420008,1.849959880928509e-05,1.0,1.0,1.0,1.0,1.694814814814815e-06,1.0625,0.0,2.0,hard|medium|easy
test,0,14,215,32,0.5344242709979881,114.90961097599939,1977.671624581999,2.0064191630808637e-05,1.0,1.0,1.0,1.0,1.688888888888889e-06,0.96875,0.0,2.0,hard|easy|medium
test,0,14,216,32,0.5327542439990793,115.44297792400175,1978.204991521001,1.88087833521422e-05,1.0,1.0,1.0,1.0,1.682962962962963e-06,0.875,0.0,2.0,hard|easy|medium
test,0,14,217,32,0.5338135249985498,115.97740682899894,1978.7394204340017,1.81010109372437e-05,1.0,1.0,1.0,1.0,1.6770370370370373e-06,0.90625,0.0,2.0,easy|hard|medium
test,0,14,218,32,0.5334090440010186,116.51136261800275,1979.2733762580028,1.8261200239066966e-05,1.0,1.0,1.0,1.0,1.6711111111111112e-06,0.90625,0.0,2.0,easy|hard|medium
test,0,14,219,32,0.532923535000009,117.04483501199866,1979.806848596003,1.824627906898968e-05,1.0,1.0,1.0,1.0,1.6651851851851852e-06,1.09375,0.0,2.0,medium|hard|easy
test,0,14,220,32,0.5337070870009484,117.57908541100187,1980.3410990729972,1.769494338077493e-05,1.0,1.0,1.0,1.0,1.6592592592592593e-06,1.15625,0.0,2.0,hard|easy|medium
test,0,14,221,32,0.5334313339990331,118.11309554799664,1980.8751092189996,1.9378758224775083e-05,1.0,1.0,1.0,1.0,1.6533333333333335e-06,0.9375,0.0,2.0,medium|hard|easy
test,0,14,222,32,0.5331363969962695,118.64680735900038,1981.4088210339978,2.2217191144591197e-05,1.0,1.0,1.0,1.0,1.6474074074074076e-06,1.125,0.0,2.0,easy|hard|medium
test,0,14,223,32,0.5342000590026146,119.18157803099893,1981.9435916069997,1.8745466149994172e-05,1.0,1.0,1.0,1.0,1.6414814814814816e-06,0.78125,0.0,2.0,easy|hard|medium
test,0,14,224,32,0.5331270169990603,119.71525709499838,1982.477270674004,2.2075777451391332e-05,1.0,1.0,1.0,1.0,1.6355555555555559e-06,0.8125,0.0,2.0,medium|easy|hard
test,0,14,225,32,0.5330959200000507,120.24892300699867,1983.010936642997,1.9363837054697797e-05,1.0,1.0,1.0,1.0,1.62962962962963e-06,0.96875,0.0,2.0,medium|easy|hard
test,0,14,226,32,0.534350492998783,120.78386996700283,1983.5458837510014,1.9170145606040023e-05,1.0,1.0,1.0,1.0,1.6237037037037037e-06,1.03125,0.0,2.0,easy|medium|hard
test,0,14,227,32,0.533439623999584,121.31783564399666,1984.0798493170005,1.8514510884415358e-05,1.0,1.0,1.0,1.0,1.6177777777777778e-06,0.65625,0.0,2.0,hard|easy|medium
test,0,14,228,32,0.5322258420055732,121.85060807700211,1984.612621680004,1.8957805878017098e-05,1.0,1.0,1.0,1.0,1.611851851851852e-06,0.84375,0.0,2.0,easy|medium|hard
test,0,14,229,32,0.5343925829947693,122.3855184080021,1985.1475319969977,1.849960972322151e-05,1.0,1.0,1.0,1.0,1.605925925925926e-06,0.90625,0.0,2.0,easy|medium|hard
test,0,14,230,32,0.5337177449982846,122.91972184900078,1985.6817355149979,1.9270712073193863e-05,1.0,1.0,1.0,1.0,1.6000000000000001e-06,1.1875,0.0,2.0,hard|easy|medium
test,0,14,231,32,0.53289544400468,123.45313732900104,1986.2151510050026,2.1297233615769073e-05,1.0,1.0,1.0,1.0,1.5940740740740742e-06,1.1875,0.0,2.0,hard|medium|easy
test,0,14,232,32,0.5346807270034333,123.98834706599882,1986.750360733,1.9442082702880725e-05,1.0,1.0,1.0,1.0,1.5881481481481484e-06,0.75,0.0,2.0,medium|easy|hard
test,0,14,233,32,0.5333738019980956,124.5222940340027,1987.2843076749996,2.118538395734504e-05,1.0,1.0,1.0,1.0,1.5822222222222223e-06,0.96875,0.0,2.0,hard|easy|medium
test,0,14,234,32,0.5325315849986509,125.05540059300256,1987.817414281999,1.8343143892707303e-05,1.0,1.0,1.0,1.0,1.5762962962962963e-06,1.0625,0.0,2.0,medium|easy|hard
test,0,14,235,32,0.5341354139964096,125.59011016199656,1988.3521238070025,1.7735937944962643e-05,1.0,1.0,1.0,1.0,1.5703703703703704e-06,0.84375,0.0,2.0,hard|medium|easy
test,0,14,236,32,0.5339670520043001,126.12464547799755,1988.8866591260012,3.614427987486124e-05,1.0,1.0,1.0,1.0,1.5644444444444446e-06,1.0,0.0,2.0,hard|easy|medium
test,0,14,237,32,0.5326252200029558,126.65781510499801,1989.419828707003,1.990772580029443e-05,1.0,1.0,1.0,1.0,1.5585185185185187e-06,1.03125,0.0,2.0,hard|medium|easy
test,0,14,238,32,0.5333709059996181,127.19173318600224,1989.953746776002,2.00679169211071e-05,1.0,1.0,1.0,1.0,1.5525925925925927e-06,1.125,0.0,2.0,easy|hard|medium
test,0,14,239,32,0.533522053003253,127.72577246199944,1990.4877860530032,1.902113581309095e-05,1.0,1.0,1.0,1.0,1.546666666666667e-06,1.15625,0.0,2.0,hard|easy|medium
test,0,14,240,32,0.5327236520024599,128.25904344500304,1991.0210570409981,0.17937006056308746,0.9705882352941176,0.96875,0.96875,0.9687194525904204,1.540740740740741e-06,1.03125,0.0,2.0,hard|easy|medium
test,0,14,241,32,0.5336109549971297,128.79317509399698,1991.5551887670008,2.1159374227863736e-05,1.0,1.0,1.0,1.0,1.5348148148148148e-06,0.8125,0.0,2.0,hard|easy|medium
test,0,14,242,32,0.5334775390001596,129.3272547259985,1992.0892683170023,1.8250006178277545e-05,1.0,1.0,1.0,1.0,1.5288888888888889e-06,0.9375,0.0,2.0,easy|hard|medium
test,0,14,243,32,0.5333734289961285,129.86117211099918,1992.6231857180028,1.9147795683238655e-05,1.0,1.0,1.0,1.0,1.522962962962963e-06,1.25,0.0,2.0,easy|medium|hard
test,0,14,244,32,0.5338482549996115,130.39561344200047,1993.1576270369987,2.088374094455503e-05,1.0,1.0,1.0,1.0,1.5170370370370372e-06,1.25,0.0,2.0,medium|hard|easy
test,0,14,245,32,0.5334342920032213,130.92958568500035,1993.6915993279981,1.9464427168713883e-05,1.0,1.0,1.0,1.0,1.5111111111111112e-06,0.90625,0.0,2.0,easy|hard|medium
test,0,14,246,32,0.5327707679971354,131.4629098869991,1994.2249234710034,2.1330615709302947e-05,1.0,1.0,1.0,1.0,1.5051851851851853e-06,1.0625,0.0,2.0,medium|easy|hard
test,0,14,247,32,0.5336256810041959,131.997275720998,1994.7592893010005,2.028392736974638e-05,1.0,1.0,1.0,1.0,1.4992592592592595e-06,1.125,0.0,2.0,hard|medium|easy
test,0,14,248,32,0.5333116480032913,132.53126659499685,1995.293280193,2.461259464325849e-05,1.0,1.0,1.0,1.0,1.4933333333333336e-06,1.0625,0.0,2.0,medium|easy|hard
test,0,14,249,32,0.5326263769966317,133.0643692779995,1995.8263828999989,1.690521094133146e-05,1.0,1.0,1.0,1.0,1.4874074074074074e-06,0.8125,0.0,2.0,easy|hard|medium
test,0,14,250,32,0.5341135819980991,133.59896530900005,1996.360978978999,2.4526623747078702e-05,1.0,1.0,1.0,1.0,1.4814814814814815e-06,0.75,0.0,2.0,medium|easy|hard
test,0,15,1,32,0.5356769249992794,0.6219973949991981,2006.9021405940002,1.6495436284458265e-05,1.0,1.0,1.0,1.0,1.4755555555555557e-06,1.1875,0.0,2.0,medium|easy|hard
test,0,15,2,32,0.5348902299956535,1.1576741870012484,2007.437817349004,2.1356750949053094e-05,1.0,1.0,1.0,1.0,1.4696296296296298e-06,1.09375,0.0,2.0,easy|medium|hard
test,0,15,3,32,0.5332054579994292,1.691395037996699,2007.9715382430004,2.102528014802374e-05,1.0,1.0,1.0,1.0,1.4637037037037038e-06,1.0625,0.0,2.0,easy|hard|medium
test,0,15,4,32,0.5329980149981566,2.2249393870006315,2008.5050826139995,1.8745467968983576e-05,1.0,1.0,1.0,1.0,1.457777777777778e-06,0.9375,0.0,2.0,hard|easy|medium
test,0,15,5,32,0.5339392460009549,2.7594711060010013,2009.0396143210019,1.992264333239291e-05,1.0,1.0,1.0,1.0,1.451851851851852e-06,0.96875,0.0,2.0,easy|medium|hard
test,0,15,6,32,0.533708310998918,3.293784414003312,2009.5739276399981,1.911052459036e-05,1.0,1.0,1.0,1.0,1.4459259259259261e-06,0.84375,0.0,2.0,easy|medium|hard
test,0,15,7,32,0.5329395959997782,3.8273429589971784,2010.1074862129972,1.803022314561531e-05,1.0,1.0,1.0,1.0,1.44e-06,1.21875,0.0,2.0,hard|easy|medium
test,0,15,8,32,0.5342065209988505,4.362045422996744,2010.642188621001,1.6916390450205654e-05,1.0,1.0,1.0,1.0,1.434074074074074e-06,0.9375,0.0,2.0,medium|easy|hard
test,0,15,9,32,0.5333080740019795,4.8958325190033065,2011.1759757239997,1.902485928440001e-05,1.0,1.0,1.0,1.0,1.4281481481481483e-06,0.875,0.0,2.0,easy|hard|medium
test,0,15,10,32,0.5325498320016777,5.428985847996955,2011.7091290379976,2.116312680300325e-05,1.0,1.0,1.0,1.0,1.4222222222222223e-06,1.0,0.0,2.0,medium|easy|hard
test,0,15,11,32,0.5335104820042034,5.963115787999413,2012.2432590020035,1.9084462110185996e-05,1.0,1.0,1.0,1.0,1.4162962962962964e-06,0.78125,0.0,2.0,medium|easy|hard
test,0,15,12,32,0.5335836919985013,6.497305689998029,2012.7774489189978,1.9743827579077333e-05,1.0,1.0,1.0,1.0,1.4103703703703706e-06,1.15625,0.0,2.0,easy|hard|medium
test,0,15,13,32,0.5329796119985986,7.030762636997679,2013.3109057859983,1.799669917090796e-05,1.0,1.0,1.0,1.0,1.4044444444444447e-06,1.0,0.0,2.0,easy|hard|medium
test,0,15,14,32,0.5340876740010572,7.565519524003321,2013.845662738997,2.0786848835996352e-05,1.0,1.0,1.0,1.0,1.3985185185185185e-06,1.0,0.0,2.0,easy|hard|medium
test,0,15,15,32,0.5338047569966875,8.09989935500198,2014.3800425520021,2.335348654014524e-05,1.0,1.0,1.0,1.0,1.3925925925925925e-06,0.96875,0.0,2.0,medium|hard|easy
test,0,15,16,32,0.5325154919992201,8.633042130000831,2014.9131853229992,6.347423186525702e-05,1.0,1.0,1.0,1.0,1.3866666666666668e-06,0.90625,0.0,2.0,easy|medium|hard
test,0,15,17,32,0.534081783000147,9.16767019299732,2015.447813398001,1.886467362055555e-05,1.0,1.0,1.0,1.0,1.3807407407407408e-06,1.0,0.0,2.0,hard|easy|medium
test,0,15,18,32,0.5328232119936729,9.70110014200327,2015.9812433339976,1.9639501260826364e-05,1.0,1.0,1.0,1.0,1.3748148148148149e-06,0.90625,0.0,2.0,hard|medium|easy
test,0,15,19,32,0.533555570000317,10.235228502002428,2016.515371665002,1.8819962861016393e-05,1.0,1.0,1.0,1.0,1.3688888888888891e-06,1.46875,0.0,2.0,hard|medium|easy
test,0,15,20,32,0.5336224880011287,10.769386325002415,2017.0495297860034,1.8805070794769563e-05,1.0,1.0,1.0,1.0,1.3629629629629632e-06,0.9375,0.0,2.0,hard|easy|medium
test,0,15,21,32,0.5333851899995352,11.303339359998063,2017.5834825659986,2.304424560861662e-05,1.0,1.0,1.0,1.0,1.3570370370370372e-06,1.125,0.0,2.0,hard|medium|easy
test,0,15,22,32,0.5331662200042047,11.837090467997768,2018.1172336849995,2.4932876840466633e-05,1.0,1.0,1.0,1.0,1.351111111111111e-06,1.09375,0.0,2.0,medium|hard|easy
test,0,15,23,32,0.534506952004449,12.372065975003352,2018.6522091890001,1.7482623661635444e-05,1.0,1.0,1.0,1.0,1.3451851851851851e-06,0.71875,0.0,2.0,medium|easy|hard
test,0,15,24,32,0.5333331570000155,12.905986022000434,2019.1861292300018,2.1993819245835766e-05,1.0,1.0,1.0,1.0,1.3392592592592594e-06,0.8125,0.0,2.0,medium|easy|hard
test,0,15,25,32,0.5322104539955035,13.43880522299878,2019.7189484150003,1.9624620108515956e-05,1.0,1.0,1.0,1.0,1.3333333333333334e-06,0.96875,0.0,2.0,easy|medium|hard
test,0,15,26,32,0.5341090830042958,13.973595900999499,2020.253739093001,1.9754981622099876e-05,1.0,1.0,1.0,1.0,1.3274074074074075e-06,1.25,0.0,2.0,medium|hard|easy
test,0,15,27,32,0.5328917459992226,14.507017103998805,2020.787160312997,2.058197424048558e-05,1.0,1.0,1.0,1.0,1.3214814814814817e-06,0.84375,0.0,2.0,easy|hard|medium
test,0,15,28,32,0.5319804469982046,15.039619837996725,2021.31976305,2.1058782294858247e-05,1.0,1.0,1.0,1.0,1.3155555555555558e-06,1.03125,0.0,2.0,hard|easy|medium
test,0,15,29,32,0.5346035170005052,15.574690052999358,2021.8548332639984,1.875292400654871e-05,1.0,1.0,1.0,1.0,1.3096296296296298e-06,1.15625,0.0,2.0,medium|easy|hard
test,0,15,30,32,0.5333631809990038,16.108639149999362,2022.3887826249993,1.9114249880658463e-05,1.0,1.0,1.0,1.0,1.3037037037037036e-06,1.09375,0.0,2.0,hard|medium|easy
test,0,15,31,32,0.5345014170015929,16.643685114999244,2022.9238283230006,1.986671850318089e-05,1.0,1.0,1.0,1.0,1.2977777777777779e-06,1.09375,0.0,2.0,easy|hard|medium
test,0,15,32,32,0.533890557999257,17.178135636997467,2023.458278858001,1.962832175195217e-05,1.0,1.0,1.0,1.0,1.291851851851852e-06,0.96875,0.0,2.0,hard|medium|easy
test,0,15,33,32,0.5336386380004114,17.7123511030004,2023.9924943130027,1.970655648619868e-05,1.0,1.0,1.0,1.0,1.285925925925926e-06,1.09375,0.0,2.0,easy|hard|medium
test,0,15,34,32,0.534284449997358,18.247213175003708,2024.527356393999,2.002693508984521e-05,1.0,1.0,1.0,1.0,1.28e-06,1.15625,0.0,2.0,medium|hard|easy
test,0,15,35,32,0.5339460410032189,18.78175823100173,2025.0619013929972,1.993380101339426e-05,1.0,1.0,1.0,1.0,1.2740740740740743e-06,0.875,0.0,2.0,medium|hard|easy
test,0,15,36,32,0.5334804599988274,19.315886297998077,2025.5960295100012,1.827982305258047e-05,1.0,1.0,1.0,1.0,1.2681481481481483e-06,0.75,0.0,2.0,easy|hard|medium
test,0,15,37,32,0.5341337710051448,19.85055345800356,2026.130696660999,2.240352660010103e-05,1.0,1.0,1.0,1.0,1.2622222222222224e-06,0.90625,0.0,2.0,easy|hard|medium
test,0,15,38,32,0.5335751499951584,20.384699962000013,2026.6648434719973,1.9471794075798243e-05,1.0,1.0,1.0,1.0,1.2562962962962962e-06,0.875,0.0,2.0,medium|hard|easy
test,0,15,39,32,0.5323980829998618,20.9176585660025,2027.1978017930014,1.8402737623546273e-05,1.0,1.0,1.0,1.0,1.2503703703703705e-06,1.03125,0.0,2.0,easy|medium|hard
test,0,15,40,32,0.5345400459991652,21.452772787997674,2027.732916009998,1.7110100088757463e-05,1.0,1.0,1.0,1.0,1.2444444444444445e-06,0.90625,0.0,2.0,easy|medium|hard
test,0,15,41,32,0.5336371849989519,21.986978710003314,2028.267121910998,9.860630962066352e-05,1.0,1.0,1.0,1.0,1.2385185185185186e-06,1.03125,0.0,2.0,medium|hard|easy
test,0,15,42,32,0.5328690929964068,22.52043105100165,2028.8005742599998,2.0261615645722486e-05,1.0,1.0,1.0,1.0,1.2325925925925928e-06,0.96875,0.0,2.0,medium|easy|hard
test,0,15,43,32,0.5345383930034586,23.055565369999385,2029.3357085829994,3.630618084571324e-05,1.0,1.0,1.0,1.0,1.2266666666666666e-06,0.9375,0.0,2.0,hard|easy|medium
test,0,15,44,32,0.5337576099991566,23.5898867720025,2029.870029974998,1.9047212845180184e-05,1.0,1.0,1.0,1.0,1.220740740740741e-06,1.125,0.0,2.0,hard|medium|easy
test,0,15,45,32,0.533246978004172,24.1237506030011,2030.4038938070007,1.8190406990470365e-05,1.0,1.0,1.0,1.0,1.214814814814815e-06,0.96875,0.0,2.0,medium|easy|hard
test,0,15,46,32,0.533669454001938,24.657947314997728,2030.938090540003,1.835059629229363e-05,1.0,1.0,1.0,1.0,1.208888888888889e-06,1.0,0.0,2.0,easy|medium|hard
test,0,15,47,32,0.5333067819956341,25.191905455998494,2031.4720486669976,2.171438973164186e-05,1.0,1.0,1.0,1.0,1.202962962962963e-06,0.90625,0.0,2.0,hard|medium|easy
test,0,15,48,32,0.5327927300022566,25.7253094589978,2032.0054526730019,4.102947059436701e-05,1.0,1.0,1.0,1.0,1.197037037037037e-06,0.84375,0.0,2.0,hard|medium|easy
test,0,15,49,32,0.5338651659985771,26.25970657000289,2032.5398497630013,2.1695796021958813e-05,1.0,1.0,1.0,1.0,1.1911111111111111e-06,1.125,0.0,2.0,easy|hard|medium
test,0,15,50,32,0.5342535470044822,26.794561287999386,2033.0747044849995,1.793709998310078e-05,1.0,1.0,1.0,1.0,1.1851851851851854e-06,0.96875,0.0,2.0,medium|hard|easy
test,0,15,51,32,0.5326604110014159,27.327743971000018,2033.6078871830032,4.304714093450457e-05,1.0,1.0,1.0,1.0,1.1792592592592592e-06,0.84375,0.0,2.0,easy|hard|medium
test,0,15,52,32,0.5342914729990298,27.862599626998417,2034.142742832002,1.693502053967677e-05,1.0,1.0,1.0,1.0,1.1733333333333335e-06,0.875,0.0,2.0,easy|hard|medium
test,0,15,53,32,0.5339010259995121,28.39706937399751,2034.6772125920033,1.918873022077605e-05,1.0,1.0,1.0,1.0,1.1674074074074075e-06,1.125,0.0,2.0,hard|medium|easy
test,0,15,54,32,0.5329058979987167,28.930606278001505,2035.210749470003,1.7162257790914737e-05,1.0,1.0,1.0,1.0,1.1614814814814816e-06,1.0,0.0,2.0,easy|hard|medium
test,0,15,55,32,0.5340530309986207,29.465183952997904,2035.745327194003,4.722794619738124e-05,1.0,1.0,1.0,1.0,1.1555555555555556e-06,1.09375,0.0,2.0,medium|easy|hard
test,0,15,56,32,0.5328094939977746,29.998582341002475,2036.2787255410003,0.17052362859249115,0.9666666666666667,0.96875,0.9722222222222222,0.9684729064039409,1.1496296296296296e-06,1.03125,0.0,2.0,easy|medium|hard
test,0,15,57,32,0.5334108290044242,30.53248146700207,2036.8126246110041,1.810098547139205e-05,1.0,1.0,1.0,1.0,1.143703703703704e-06,1.0,0.0,2.0,medium|easy|hard
test,0,15,58,32,0.5342140329958056,31.06730967600015,2037.347452916998,1.956499181687832e-05,1.0,1.0,1.0,1.0,1.137777777777778e-06,0.84375,0.0,2.0,easy|hard|medium
test,0,15,59,32,0.5330851479957346,31.600926949002314,2037.8810703080017,2.7524805773282424e-05,1.0,1.0,1.0,1.0,1.131851851851852e-06,0.96875,0.0,2.0,medium|hard|easy
test,0,15,60,32,0.5325550609995844,32.13410933099658,2038.4142525319985,2.0880004740320146e-05,1.0,1.0,1.0,1.0,1.125925925925926e-06,0.84375,0.0,2.0,medium|easy|hard
test,0,15,61,32,0.534234288999869,32.66890319099912,2038.949046392001,1.8108450603904203e-05,1.0,1.0,1.0,1.0,1.12e-06,0.875,0.0,2.0,medium|hard|easy
test,0,15,62,32,0.5333170040030382,33.202682645001914,2039.4828258609996,1.8149436073144898e-05,1.0,1.0,1.0,1.0,1.1140740740740741e-06,0.9375,0.0,2.0,easy|medium|hard
test,0,15,63,32,0.5338213130016811,33.737052885000594,2040.017196089997,1.9933797375415452e-05,1.0,1.0,1.0,1.0,1.1081481481481482e-06,1.09375,0.0,2.0,hard|medium|easy
test,0,15,64,32,0.534143403005146,34.271824176001246,2040.5519674009993,1.7423020835849456e-05,1.0,1.0,1.0,1.0,1.1022222222222222e-06,1.03125,0.0,2.0,hard|easy|medium
test,0,15,65,32,0.533206563006388,34.80559588399774,2041.085739078997,2.1032594304415397e-05,1.0,1.0,1.0,1.0,1.0962962962962965e-06,0.875,0.0,2.0,hard|medium|easy
test,0,15,66,32,0.5341045260065584,35.34029554299923,2041.6204387489997,1.8939168512588367e-05,1.0,1.0,1.0,1.0,1.0903703703703705e-06,0.78125,0.0,2.0,easy|hard|medium
test,0,15,67,32,0.5338263759986148,35.874603365999064,2042.154746567001,2.0131234123255126e-05,1.0,1.0,1.0,1.0,1.0844444444444446e-06,1.0,0.0,2.0,easy|hard|medium
test,0,15,68,32,0.5332295440020971,36.40837947300315,2042.6885226759987,1.7449090591981076e-05,1.0,1.0,1.0,1.0,1.0785185185185186e-06,0.71875,0.0,2.0,easy|hard|medium
test,0,15,69,32,0.5342308730032528,36.94320132899884,2043.223344746999,1.9535185856511816e-05,1.0,1.0,1.0,1.0,1.0725925925925926e-06,1.125,0.0,2.0,hard|easy|medium
test,0,15,70,32,0.5336375150000094,37.4774699519985,2043.7576131559981,1.929678546730429e-05,1.0,1.0,1.0,1.0,1.066666666666667e-06,1.125,0.0,2.0,medium|hard|easy
test,0,15,71,32,0.5329008609987795,38.01097110700357,2044.291114329004,1.851078195613809e-05,1.0,1.0,1.0,1.0,1.0607407407407407e-06,1.25,0.0,2.0,medium|hard|easy
test,0,15,72,32,0.534519034998084,38.54608605500107,2044.826229256003,1.839902688516304e-05,1.0,1.0,1.0,1.0,1.054814814814815e-06,0.6875,0.0,2.0,medium|easy|hard
test,0,15,73,32,0.5337375739982235,39.080425954998645,2045.3605691609991,2.290637348778546e-05,1.0,1.0,1.0,1.0,1.048888888888889e-06,1.1875,0.0,2.0,medium|easy|hard
test,0,15,74,32,0.5330180859964457,39.614009023003746,2045.8941522340028,1.8320784874958917e-05,1.0,1.0,1.0,1.0,1.042962962962963e-06,1.03125,0.0,2.0,medium|easy|hard
test,0,15,75,32,0.5348080000039772,40.14934965699649,2046.4294928559975,1.786259417713154e-05,1.0,1.0,1.0,1.0,1.0370370370370371e-06,1.0,0.0,2.0,hard|easy|medium
test,0,15,76,32,0.5339742389987805,40.68390090700268,2046.964044127999,2.3129830879042856e-05,1.0,1.0,1.0,1.0,1.0311111111111112e-06,0.90625,0.0,2.0,hard|medium|easy
test,0,15,77,32,0.535893489002774,41.22039968200261,2047.5005429110024,2.124879574694205e-05,1.0,1.0,1.0,1.0,1.0251851851851852e-06,0.5625,0.0,2.0,medium|easy|hard
test,0,15,78,32,0.5347439509932883,41.75584108500334,2048.035984291004,5.0424685468897223e-05,1.0,1.0,1.0,1.0,1.0192592592592593e-06,1.0,0.0,2.0,easy|hard|medium
test,0,15,79,32,0.5337475129999802,42.290177584996854,2048.570320783001,1.9132892703055404e-05,1.0,1.0,1.0,1.0,1.0133333333333333e-06,0.9375,0.0,2.0,hard|medium|easy
test,0,15,80,32,0.5331904019985814,42.82383591600228,2049.103979129999,1.675993189564906e-05,1.0,1.0,1.0,1.0,1.0074074074074076e-06,0.84375,0.0,2.0,medium|hard|easy
test,0,15,81,32,0.5340076680004131,43.35841977199743,2049.6385629860015,1.8968978110933676e-05,1.0,1.0,1.0,1.0,1.0014814814814816e-06,1.03125,0.0,2.0,hard|medium|easy
test,0,15,82,32,0.5332619350010646,43.89230101800058,2050.1724441609986,1.915150642162189e-05,1.0,1.0,1.0,1.0,9.955555555555556e-07,1.125,0.0,2.0,medium|easy|hard
test,0,15,83,32,0.5326497770001879,44.42550160900282,2050.7056447659998,1.7404388927388936e-05,1.0,1.0,1.0,1.0,9.896296296296297e-07,0.90625,0.0,2.0,easy|hard|medium
test,0,15,84,32,0.5338702720036963,44.960006068999064,2051.240149268,1.7549671611050144e-05,1.0,1.0,1.0,1.0,9.837037037037037e-07,0.9375,0.0,2.0,easy|hard|medium
test,0,15,85,32,0.5330219000024954,45.49362713199662,2051.7737703329985,1.902859003166668e-05,1.0,1.0,1.0,1.0,9.77777777777778e-07,1.03125,0.0,2.0,easy|hard|medium
test,0,15,86,32,0.5327394109990564,46.02698514400254,2052.3071283530007,1.67562066053506e-05,1.0,1.0,1.0,1.0,9.718518518518518e-07,0.90625,0.0,2.0,hard|easy|medium
test,0,15,87,32,0.5338924289972056,46.56147453300218,2052.841617680002,1.8868398910854012e-05,1.0,1.0,1.0,1.0,9.65925925925926e-07,0.90625,0.0,2.0,medium|hard|easy
test,0,15,88,32,0.5334135869998136,47.09542585800227,2053.3755690129983,2.498835965525359e-05,1.0,1.0,1.0,1.0,9.600000000000001e-07,0.8125,0.0,2.0,easy|hard|medium
test,0,15,89,32,0.5325763270011521,47.62860306700168,2053.908746465997,1.8212758732261136e-05,1.0,1.0,1.0,1.0,9.540740740740742e-07,0.90625,0.0,2.0,hard|easy|medium
test,0,15,90,32,0.5347042510038591,48.16393974899984,2054.4440832050022,1.9881652406184003e-05,1.0,1.0,1.0,1.0,9.481481481481482e-07,0.9375,0.0,2.0,easy|medium|hard
test,0,15,91,32,0.5331687729994883,48.69776331700268,2054.9779065129987,1.8656059182831086e-05,1.0,1.0,1.0,1.0,9.422222222222223e-07,0.8125,0.0,2.0,easy|medium|hard
test,0,15,92,32,0.5340202790030162,49.232369438002934,2055.512512633002,2.174045039282646e-05,1.0,1.0,1.0,1.0,9.362962962962964e-07,1.0,0.0,2.0,medium|easy|hard
test,0,15,93,32,0.534027159003017,49.76688569399994,2056.047028891997,2.3975422664079815e-05,1.0,1.0,1.0,1.0,9.303703703703705e-07,1.125,0.0,2.0,medium|easy|hard
test,0,15,94,32,0.533047639997676,50.30054204499902,2056.580685275003,3.098087108810432e-05,1.0,1.0,1.0,1.0,9.244444444444445e-07,1.03125,0.0,2.0,easy|hard|medium
test,0,15,95,32,0.5341158209994319,50.835158492998744,2057.115301717,1.7016973288264126e-05,1.0,1.0,1.0,1.0,9.185185185185185e-07,0.9375,0.0,2.0,easy|medium|hard
test,0,15,96,32,0.533617826004047,51.36934584299888,2057.649489055002,1.9393646653043106e-05,1.0,1.0,1.0,1.0,9.125925925925927e-07,0.96875,0.0,2.0,hard|medium|easy
test,0,15,97,32,0.5328989169938723,51.902773009001976,2058.182916486003,2.0567080355249345e-05,1.0,1.0,1.0,1.0,9.066666666666668e-07,0.90625,0.0,2.0,easy|medium|hard
test,0,15,98,32,0.5338951369994902,52.43712218300061,2058.7172653669986,2.2872956833452918e-05,1.0,1.0,1.0,1.0,9.007407407407408e-07,1.125,0.0,2.0,medium|hard|easy
test,0,15,99,32,0.5337862579981447,52.9714634760021,2059.2516066940007,1.874918962130323e-05,1.0,1.0,1.0,1.0,8.948148148148149e-07,0.8125,0.0,2.0,easy|medium|hard
test,0,15,100,32,0.5328782760043396,53.50490079500014,2059.7850439989998,1.765770502970554e-05,1.0,1.0,1.0,1.0,8.88888888888889e-07,1.03125,0.0,2.0,medium|easy|hard
test,0,15,101,32,0.5348918059971766,54.040387601002294,2060.3205308120014,1.7903568732435815e-05,1.0,1.0,1.0,1.0,8.829629629629629e-07,1.09375,0.0,2.0,easy|hard|medium
test,0,15,102,32,0.5335518439969746,54.57454749900353,2060.8546907100026,2.117057010764256e-05,1.0,1.0,1.0,1.0,8.770370370370371e-07,1.25,0.0,2.0,medium|easy|hard
test,0,15,103,32,0.5329581469995901,55.10796641599882,2061.388109628002,1.9743827579077333e-05,1.0,1.0,1.0,1.0,8.711111111111112e-07,0.84375,0.0,2.0,hard|easy|medium
test,0,15,104,32,0.5345566480027628,55.643095450002875,2061.923238659001,2.007534567383118e-05,1.0,1.0,1.0,1.0,8.651851851851853e-07,0.8125,0.0,2.0,easy|hard|medium
test,0,15,105,32,0.5336450329996296,56.17733055900317,2062.457473763003,1.9088174667558633e-05,1.0,1.0,1.0,1.0,8.592592592592593e-07,1.0,0.0,2.0,medium|easy|hard
test,0,15,106,32,0.5328929809984402,56.71082657000079,2062.990969767001,1.955755942617543e-05,1.0,1.0,1.0,1.0,8.533333333333334e-07,1.1875,0.0,2.0,hard|easy|medium
test,0,15,107,32,0.5341924899985315,57.245543290999194,2063.525686490997,2.1155619833734818e-05,1.0,1.0,1.0,1.0,8.474074074074075e-07,1.25,0.0,2.0,medium|hard|easy
test,0,15,108,32,0.5341462889991817,57.78015181700175,2064.060295028001,2.0183326341793872e-05,1.0,1.0,1.0,1.0,8.414814814814815e-07,0.84375,0.0,2.0,hard|easy|medium
test,0,15,109,32,0.5328626010013977,58.31356903899723,2064.593712275004,2.0362211216706783e-05,1.0,1.0,1.0,1.0,8.355555555555556e-07,0.96875,0.0,2.0,hard|easy|medium
test,0,15,110,32,0.5335660199998529,58.8476905360003,2065.127833972001,2.0067920559085906e-05,1.0,1.0,1.0,1.0,8.296296296296296e-07,0.84375,0.0,2.0,medium|easy|hard
test,0,15,111,32,0.5345486229998642,59.38275628499832,2065.662899474999,2.004183261306025e-05,1.0,1.0,1.0,1.0,8.237037037037038e-07,0.96875,0.0,2.0,easy|medium|hard
test,0,15,112,32,0.5332249690036406,59.91664713600039,2066.1967903490004,1.843628160713706e-05,1.0,1.0,1.0,1.0,8.177777777777779e-07,0.90625,0.0,2.0,hard|medium|easy
test,0,15,113,32,0.5339272129931487,60.45113132100232,2066.7312745259987,1.7318699974566698e-05,1.0,1.0,1.0,1.0,8.118518518518519e-07,1.125,0.0,2.0,hard|easy|medium
test,0,15,114,32,0.5330791450032848,60.984850765999,2067.264994006,1.7165975805255584e-05,1.0,1.0,1.0,1.0,8.05925925925926e-07,1.125,0.0,2.0,hard|medium|easy
test,0,15,115,32,0.5328389499991317,61.51835136199952,2067.7984945760036,2.054098149528727e-05,1.0,1.0,1.0,1.0,8.000000000000001e-07,1.15625,0.0,2.0,easy|medium|hard
test,0,15,116,32,0.534187319004559,62.053084801002115,2068.3332279980023,4.289683420211077e-05,1.0,1.0,1.0,1.0,7.940740740740742e-07,1.15625,0.0,2.0,hard|easy|medium
test,0,15,117,32,0.5333802909954102,62.586989615003404,2068.8671328249984,1.9561277440516278e-05,1.0,1.0,1.0,1.0,7.881481481481482e-07,0.875,0.0,2.0,easy|hard|medium
test,0,15,118,32,0.5325406209958601,63.12013667300198,2069.400279872003,1.814943243516609e-05,1.0,1.0,1.0,1.0,7.822222222222223e-07,0.8125,0.0,2.0,hard|easy|medium
test,0,15,119,32,0.5340932859980967,63.654778470001474,2069.9349216819974,1.8019058188656345e-05,1.0,1.0,1.0,1.0,7.762962962962964e-07,0.875,0.0,2.0,easy|medium|hard
test,0,15,120,32,0.5331918090014369,64.18861164800182,2070.4687548540023,2.054844662779942e-05,1.0,1.0,1.0,1.0,7.703703703703705e-07,0.6875,0.0,2.0,hard|medium|easy
test,0,15,121,32,0.5321987240022281,64.72128898499795,2071.0014322019997,1.948676617757883e-05,1.0,1.0,1.0,1.0,7.644444444444444e-07,0.9375,0.0,2.0,easy|medium|hard
test,0,15,122,32,0.5338503210005001,65.25574572900223,2071.535888930004,1.9855562641168945e-05,1.0,1.0,1.0,1.0,7.585185185185186e-07,1.03125,0.0,2.0,hard|medium|easy
test,0,15,123,32,0.5330457730015041,65.78937578600016,2072.069519001998,2.409812805126421e-05,1.0,1.0,1.0,1.0,7.525925925925926e-07,0.875,0.0,2.0,easy|medium|hard
test,0,15,124,32,0.5329137440057821,66.3227951000008,2072.6029383010027,1.707657429506071e-05,1.0,1.0,1.0,1.0,7.466666666666668e-07,1.09375,0.0,2.0,easy|hard|medium
test,0,15,125,32,0.5344878070027335,66.85776988999714,2073.137913095001,1.8380396795691922e-05,1.0,1.0,1.0,1.0,7.407407407407407e-07,1.09375,0.0,2.0,medium|hard|easy
test,0,15,126,32,0.5336189199952059,67.39195855199796,2073.6721017689997,1.798553239495959e-05,1.0,1.0,1.0,1.0,7.348148148148149e-07,1.28125,0.0,2.0,hard|medium|easy
test,0,15,127,32,0.5342135929968208,67.92678892600088,2074.206932139001,1.7452821339247748e-05,1.0,1.0,1.0,1.0,7.28888888888889e-07,0.9375,0.0,2.0,hard|easy|medium
test,0,15,128,32,0.5336931500060018,68.46099051000056,2074.7411337220037,1.6610920283710584e-05,1.0,1.0,1.0,1.0,7.229629629629631e-07,0.90625,0.0,2.0,easy|medium|hard
test,0,15,129,32,0.532967072998872,68.99459056300111,2075.274733764003,1.7534770449856296e-05,1.0,1.0,1.0,1.0,7.17037037037037e-07,1.03125,0.0,2.0,hard|easy|medium
test,0,15,130,32,0.5343890069998452,69.52956743999675,2075.809710638001,1.7087750165956095e-05,1.0,1.0,1.0,1.0,7.111111111111112e-07,1.1875,0.0,2.0,hard|medium|easy
test,0,15,131,32,0.5331740500041633,70.06328727299842,2076.3434308029973,2.84894194919616e-05,1.0,1.0,1.0,1.0,7.051851851851853e-07,1.1875,0.0,2.0,easy|medium|hard
test,0,15,132,32,0.5331098289971123,70.59701135200157,2076.877154556001,1.7519876564620063e-05,1.0,1.0,1.0,1.0,6.992592592592593e-07,1.0625,0.0,2.0,easy|hard|medium
test,0,15,133,32,0.5337083220001659,71.13129398199817,2077.4114371940013,1.8331968021811917e-05,1.0,1.0,1.0,1.0,6.933333333333334e-07,1.0,0.0,2.0,hard|medium|easy
test,0,15,134,32,0.5334775630035438,71.66525373300101,2077.9453969520036,1.800042446120642e-05,1.0,1.0,1.0,1.0,6.874074074074074e-07,1.15625,0.0,2.0,medium|hard|easy
test,0,15,135,32,0.5329911130029359,72.19877677500335,2078.478919975998,1.773966505425051e-05,1.0,1.0,1.0,1.0,6.814814814814816e-07,0.75,0.0,2.0,easy|medium|hard
test,0,15,136,32,0.5339638759978698,72.73338630000217,2079.0135295229993,2.2276934032561257e-05,1.0,1.0,1.0,1.0,6.755555555555555e-07,1.03125,0.0,2.0,medium|easy|hard
test,0,15,137,32,0.5335119820010732,73.26737054700061,2079.547513726,1.7694961570668966e-05,1.0,1.0,1.0,1.0,6.696296296296297e-07,1.03125,0.0,2.0,medium|easy|hard
test,0,15,138,32,0.5329628199979197,73.80085673899885,2080.080999890997,1.8272356101078913e-05,1.0,1.0,1.0,1.0,6.637037037037037e-07,1.0,0.0,2.0,easy|hard|medium
test,0,15,139,32,0.5339689980028197,74.33536535200255,2080.6155085670034,2.1539366571232677e-05,1.0,1.0,1.0,1.0,6.577777777777779e-07,0.90625,0.0,2.0,easy|medium|hard
test,0,15,140,32,0.5336501080018934,74.86956258099963,2081.149705789001,1.788866939023137e-05,1.0,1.0,1.0,1.0,6.518518518518518e-07,1.15625,0.0,2.0,easy|hard|medium
test,0,15,141,32,0.5324853819984128,75.40258469700348,2081.6827278920027,1.7579470295459032e-05,1.0,1.0,1.0,1.0,6.45925925925926e-07,0.9375,0.0,2.0,medium|easy|hard
test,0,15,142,32,0.534404234997055,75.93760558500071,2082.217748793999,4.203727439744398e-05,1.0,1.0,1.0,1.0,6.4e-07,0.9375,0.0,2.0,hard|medium|easy
test,0,15,143,32,0.5334793180009001,76.47162801199738,2082.751771219002,1.8644886949914508e-05,1.0,1.0,1.0,1.0,6.340740740740742e-07,1.09375,0.0,2.0,easy|medium|hard
test,0,15,144,32,0.5330922770008328,77.00532923299761,2083.285472445001,1.950167461473029e-05,1.0,1.0,1.0,1.0,6.281481481481481e-07,1.0,0.0,2.0,hard|easy|medium
test,0,15,145,32,0.534184134005045,77.54005139799847,2083.8201949110007,2.0783099898835644e-05,1.0,1.0,1.0,1.0,6.222222222222223e-07,1.0,0.0,2.0,easy|medium|hard
test,0,15,146,32,0.5335318770012236,78.07417422899744,2084.3543174259976,2.3189295461634174e-05,1.0,1.0,1.0,1.0,6.162962962962964e-07,0.96875,0.0,2.0,medium|hard|easy
test,0,15,147,32,0.5329565430001821,78.60759784300171,2084.8877414450035,1.646563396207057e-05,1.0,1.0,1.0,1.0,6.103703703703704e-07,1.125,0.0,2.0,medium|easy|hard
test,0,15,148,32,0.5341330829978688,79.14235760000156,2085.4225008020003,1.7851412849267945e-05,1.0,1.0,1.0,1.0,6.044444444444445e-07,1.0625,0.0,2.0,medium|hard|easy
test,0,15,149,32,0.5332761229947209,79.67618198599666,2085.956325213003,1.9207389414077625e-05,1.0,1.0,1.0,1.0,5.985185185185185e-07,1.125,0.0,2.0,hard|easy|medium
test,0,15,150,32,0.5330266339951777,80.20972551900195,2086.489868732002,1.929679638124071e-05,1.0,1.0,1.0,1.0,5.925925925925927e-07,0.84375,0.0,2.0,easy|medium|hard
test,0,15,151,32,0.5338325839984464,80.74413765400095,2087.0242808609983,1.698717096587643e-05,1.0,1.0,1.0,1.0,5.866666666666667e-07,1.125,0.0,2.0,hard|easy|medium
test,0,15,152,32,0.5337119049945613,81.27842029900057,2087.558563601,2.0142340872553177e-05,1.0,1.0,1.0,1.0,5.807407407407408e-07,1.1875,0.0,2.0,hard|medium|easy
test,0,15,153,32,0.5334486209976603,81.81232413300313,2088.092467672999,1.6860505638760515e-05,1.0,1.0,1.0,1.0,5.748148148148148e-07,1.1875,0.0,2.0,easy|hard|medium
test,0,15,154,32,0.533931065001525,82.34680293400015,2088.6269461379998,1.8730564988800324e-05,1.0,1.0,1.0,1.0,5.68888888888889e-07,1.03125,0.0,2.0,hard|medium|easy
test,0,15,155,32,0.5343089190064347,82.88165082100022,2089.1617940319993,1.877899921964854e-05,1.0,1.0,1.0,1.0,5.62962962962963e-07,1.0625,0.0,2.0,easy|hard|medium
test,0,15,156,32,0.5327072099971701,83.41494389400032,2089.695087054002,1.893917578854598e-05,1.0,1.0,1.0,1.0,5.570370370370371e-07,0.9375,0.0,2.0,medium|easy|hard
test,0,15,157,32,0.5345163360034348,83.950071321,2090.2302145290014,2.013497578445822e-05,1.0,1.0,1.0,1.0,5.511111111111111e-07,1.09375,0.0,2.0,easy|hard|medium
test,0,15,158,32,0.5337502980037243,84.4843838750021,2090.7645270830035,1.8991337128682062e-05,1.0,1.0,1.0,1.0,5.451851851851853e-07,1.34375,0.0,2.0,hard|easy|medium
test,0,15,159,32,0.5339230760000646,85.01889775600284,2091.299040965998,1.7862595996120945e-05,1.0,1.0,1.0,1.0,5.392592592592593e-07,0.78125,0.0,2.0,hard|medium|easy
test,0,15,160,32,0.5343504959964775,85.55382221499895,2091.833965411999,2.325637251487933e-05,1.0,1.0,1.0,1.0,5.333333333333335e-07,1.0,0.0,2.0,hard|easy|medium
test,0,15,161,32,0.5336724630033132,86.08807562899892,2092.368218841999,1.9471872292342596e-05,1.0,1.0,1.0,1.0,5.274074074074075e-07,0.8125,0.0,2.0,hard|medium|easy
test,0,15,162,32,0.5338904419986648,86.62255717899825,2092.9027004309974,2.2604657715419307e-05,1.0,1.0,1.0,1.0,5.214814814814815e-07,1.09375,0.0,2.0,hard|medium|easy
test,0,15,163,32,0.5340043780015549,87.15714433899848,2093.437287558001,2.111842331942171e-05,1.0,1.0,1.0,1.0,5.155555555555556e-07,1.0,0.0,2.0,hard|medium|easy
test,0,15,164,32,0.5328609669959405,87.69053002299916,2093.9706731650003,2.028395283559803e-05,1.0,1.0,1.0,1.0,5.096296296296296e-07,0.875,0.0,2.0,medium|easy|hard
test,0,15,165,32,0.5344828059969586,88.2256306729978,2094.5057738739997,1.8443723092786968e-05,1.0,1.0,1.0,1.0,5.037037037037038e-07,0.90625,0.0,2.0,medium|hard|easy
test,0,15,166,32,0.5331992190040182,88.759408316997,2095.039551517002,2.2310421627480537e-05,1.0,1.0,1.0,1.0,4.977777777777778e-07,0.84375,0.0,2.0,easy|hard|medium
test,0,15,167,32,0.5332097110003815,89.29322740500356,2095.5733708940024,1.8894479580922052e-05,1.0,1.0,1.0,1.0,4.918518518518519e-07,1.125,0.0,2.0,hard|medium|easy
test,0,15,168,32,0.5336949890042888,89.827385194003,2096.107528403998,2.222472903667949e-05,1.0,1.0,1.0,1.0,4.859259259259259e-07,0.90625,0.0,2.0,easy|medium|hard
test,0,15,169,32,0.5339876359939808,90.36192239700176,2096.642065608001,0.00013864981883671135,1.0,1.0,1.0,1.0,4.800000000000001e-07,1.46875,0.0,2.0,hard|medium|easy
test,0,15,170,32,0.5329351079999469,90.8954572579969,2097.1756004650015,1.8331971659790725e-05,1.0,1.0,1.0,1.0,4.740740740740741e-07,1.25,0.0,2.0,hard|easy|medium
test,0,15,171,32,0.5354956299997866,91.43154078399675,2097.711683993999,1.6949921700870618e-05,1.0,1.0,1.0,1.0,4.681481481481482e-07,1.0,0.0,2.0,medium|easy|hard
test,0,15,172,32,0.5338423610010068,91.96593985999789,2098.2460830670025,2.167713682865724e-05,1.0,1.0,1.0,1.0,4.6222222222222225e-07,0.9375,0.0,2.0,easy|medium|hard
test,0,15,173,32,0.5331707590012229,92.4997183230007,2098.7798615479987,1.9270719349151477e-05,1.0,1.0,1.0,1.0,4.5629629629629635e-07,1.28125,0.0,2.0,easy|hard|medium
test,0,15,174,32,0.5337887360001332,93.03421627399803,2099.314359475,1.864861769718118e-05,1.0,1.0,1.0,1.0,4.503703703703704e-07,1.03125,0.0,2.0,hard|medium|easy
test,0,15,175,32,0.5339447459991788,93.56872912400286,2099.8488723129994,1.8488430214347318e-05,1.0,1.0,1.0,1.0,4.444444444444445e-07,1.0,0.0,2.0,medium|hard|easy
test,0,15,176,32,0.5325436450002599,94.10189056699892,2100.382033782,1.9240924302721396e-05,1.0,1.0,1.0,1.0,4.3851851851851853e-07,1.0625,0.0,2.0,medium|easy|hard
test,0,15,177,32,0.5342422199973953,94.63672762000351,2100.916870834997,1.974010228877887e-05,1.0,1.0,1.0,1.0,4.3259259259259263e-07,0.875,0.0,2.0,easy|medium|hard
test,0,15,178,32,0.5334919029992307,95.17078745699837,2101.450930674997,1.8425096641294658e-05,1.0,1.0,1.0,1.0,4.266666666666667e-07,0.65625,0.0,2.0,hard|medium|easy
test,0,15,179,32,0.5327112710001529,95.70410353699845,2101.9842467229973,1.854803485912271e-05,1.0,1.0,1.0,1.0,4.2074074074074077e-07,0.84375,0.0,2.0,easy|medium|hard
test,0,15,180,32,0.5338026440003887,96.23848480499873,2102.518628003003,1.822021476982627e-05,1.0,1.0,1.0,1.0,4.148148148148148e-07,0.96875,0.0,2.0,hard|easy|medium
test,0,15,181,32,0.5337555879959837,96.77270382799907,2103.052847031002,3.704596383613534e-05,1.0,1.0,1.0,1.0,4.0888888888888897e-07,1.125,0.0,2.0,hard|medium|easy
test,0,15,182,32,0.5333825140041881,97.30677268499858,2103.586915906002,1.833568785514217e-05,1.0,1.0,1.0,1.0,4.02962962962963e-07,1.34375,0.0,2.0,easy|hard|medium
test,0,15,183,32,0.5340286930004368,97.84127545099909,2104.121418654002,1.9363857063581236e-05,1.0,1.0,1.0,1.0,3.970370370370371e-07,1.125,0.0,2.0,easy|hard|medium
test,0,15,184,32,0.5332020630012266,98.37504981300299,2104.655193013001,1.8674683815333992e-05,1.0,1.0,1.0,1.0,3.9111111111111115e-07,1.03125,0.0,2.0,hard|medium|easy
test,0,15,185,32,0.5326159199976246,98.90822444899823,2105.1883679439998,1.970281300600618e-05,1.0,1.0,1.0,1.0,3.8518518518518525e-07,0.96875,0.0,2.0,medium|easy|hard
test,0,15,186,32,0.5337796530002379,99.44257571399794,2105.722718916004,1.8067483324557543e-05,1.0,1.0,1.0,1.0,3.792592592592593e-07,1.09375,0.0,2.0,medium|easy|hard
test,0,15,187,32,0.5326637410034891,99.9758286810029,2106.2559718850025,1.862997487478424e-05,1.0,1.0,1.0,1.0,3.733333333333334e-07,0.9375,0.0,2.0,medium|easy|hard
test,0,15,188,32,0.5323072920000413,100.50867701900279,2106.7888202190006,1.8670965800993145e-05,1.0,1.0,1.0,1.0,3.6740740740740744e-07,1.09375,0.0,2.0,medium|hard|easy
test,0,15,189,32,0.5338639019973925,101.04313340900262,2107.323276602998,1.8685848772292957e-05,1.0,1.0,1.0,1.0,3.6148148148148154e-07,1.0,0.0,2.0,hard|medium|easy
test,0,15,190,32,0.5331642719975207,101.57690680799715,2107.8570500200003,1.974010228877887e-05,1.0,1.0,1.0,1.0,3.555555555555556e-07,1.03125,0.0,2.0,hard|easy|medium
test,0,15,191,32,0.5323537739968742,102.10974417199759,2108.389887464,2.049245267699007e-05,1.0,1.0,1.0,1.0,3.496296296296296e-07,1.0625,0.0,2.0,hard|easy|medium
test,0,15,192,32,0.5343396399985068,102.64471395000146,2108.924857154998,1.7300077161053196e-05,1.0,1.0,1.0,1.0,3.437037037037037e-07,1.03125,0.0,2.0,hard|easy|medium
test,0,15,193,32,0.533359503999236,103.17871214300249,2109.4588553400026,1.901738505694084e-05,1.0,1.0,1.0,1.0,3.3777777777777777e-07,1.25,0.0,2.0,easy|hard|medium
test,0,15,194,32,0.5336390510055935,103.71291303200269,2109.993056243002,1.8939172150567174e-05,1.0,1.0,1.0,1.0,3.3185185185185186e-07,0.96875,0.0,2.0,easy|medium|hard
test,0,15,195,32,0.5342328930055373,104.2476886489967,2110.5278318810015,1.9997147319372743e-05,1.0,1.0,1.0,1.0,3.259259259259259e-07,1.0625,0.0,2.0,medium|hard|easy
test,0,15,196,32,0.5327226969966432,104.78095636099897,2111.06109956,2.3151969799073413e-05,1.0,1.0,1.0,1.0,3.2e-07,1.03125,0.0,2.0,medium|hard|easy
test,0,15,197,32,0.5336675970029319,105.31519840699912,2111.595341617998,1.9896555386367254e-05,1.0,1.0,1.0,1.0,3.1407407407407405e-07,0.90625,0.0,2.0,easy|hard|medium
test,0,15,198,32,0.5335347279979032,105.84929145599745,2112.129434665003,0.2325146496295929,0.975,0.96875,0.9615384615384616,0.9671794871794872,3.081481481481482e-07,0.65625,0.0,2.0,easy|medium|hard
test,0,15,199,32,0.5330022199996165,106.38282400299795,2112.6629672350027,1.6953639715211466e-05,1.0,1.0,1.0,1.0,3.0222222222222225e-07,1.15625,0.0,2.0,medium|hard|easy
test,0,15,200,32,0.5338541969977086,106.91723523999826,2113.197378388999,2.2079462723922916e-05,1.0,1.0,1.0,1.0,2.9629629629629634e-07,1.09375,0.0,2.0,easy|hard|medium
test,0,15,201,32,0.5327010859982693,107.45049710300373,2113.73064034,1.8469796486897394e-05,1.0,1.0,1.0,1.0,2.903703703703704e-07,0.90625,0.0,2.0,easy|hard|medium
test,0,15,202,32,0.532808912001201,107.98388801499823,2114.264031216,2.1036405087215826e-05,1.0,1.0,1.0,1.0,2.844444444444445e-07,0.875,0.0,2.0,medium|hard|easy
test,0,15,203,32,0.5339040939943516,108.51837198500289,2114.7985152010006,1.7318712707492523e-05,1.0,1.0,1.0,1.0,2.7851851851851853e-07,1.0625,0.0,2.0,medium|hard|easy
test,0,15,204,32,0.5339911710034357,109.05294977800077,2115.3330929950025,1.9516588508849964e-05,1.0,1.0,1.0,1.0,2.7259259259259263e-07,1.125,0.0,2.0,hard|medium|easy
test,0,15,205,32,0.5321838919990114,109.58560267400026,2115.8657458649977,1.9199931557523087e-05,1.0,1.0,1.0,1.0,2.666666666666667e-07,1.0625,0.0,2.0,hard|easy|medium
test,0,15,206,32,0.5340014760004124,110.12020290699729,2116.4003461309985,1.7292622942477465e-05,1.0,1.0,1.0,1.0,2.6074074074074077e-07,1.0,0.0,2.0,hard|medium|easy
test,0,15,207,32,0.5334391910000704,110.65423080699838,2116.9343740170007,2.487690289854072e-05,1.0,1.0,1.0,1.0,2.548148148148148e-07,1.125,0.0,2.0,hard|medium|easy
test,0,15,208,32,0.5325842290039873,111.18743224199716,2117.467575446004,2.2459376850747503e-05,1.0,1.0,1.0,1.0,2.488888888888889e-07,1.3125,0.0,2.0,hard|medium|easy
test,0,15,209,32,0.5339483400020981,111.72191611200105,2118.0020593419977,2.1468578779604286e-05,1.0,1.0,1.0,1.0,2.4296296296296296e-07,0.9375,0.0,2.0,hard|medium|easy
test,0,15,210,32,0.5337476210042951,112.2561402220017,2118.536283412999,1.955755942617543e-05,1.0,1.0,1.0,1.0,2.3703703703703705e-07,0.78125,0.0,2.0,easy|hard|medium
test,0,15,211,32,0.5321146889982629,112.78870429199742,2119.068847501003,1.8842310964828357e-05,1.0,1.0,1.0,1.0,2.3111111111111112e-07,1.0,0.0,2.0,easy|hard|medium
test,0,15,212,32,0.5341094920004252,113.32340217100136,2119.603545361002,2.151699663954787e-05,1.0,1.0,1.0,1.0,2.251851851851852e-07,0.625,0.0,2.0,easy|medium|hard
test,0,15,213,32,0.533258923998801,113.8572479459981,2120.1373911499977,1.8436274331179447e-05,1.0,1.0,1.0,1.0,2.1925925925925927e-07,1.125,0.0,2.0,medium|hard|easy
test,0,15,214,32,0.5324330939984065,114.39022237499739,2120.6703656180034,1.7992973880609497e-05,1.0,1.0,1.0,1.0,2.1333333333333334e-07,1.125,0.0,2.0,easy|hard|medium
test,0,15,215,32,0.5330536840046989,114.92386934800015,2121.204012551003,1.8607637684908696e-05,1.0,1.0,1.0,1.0,2.074074074074074e-07,0.875,0.0,2.0,hard|medium|easy
test,0,15,216,32,0.5338738150021527,115.45833835400117,2121.738481565997,2.189315273426473e-05,1.0,1.0,1.0,1.0,2.014814814814815e-07,1.0625,0.0,2.0,easy|medium|hard
test,0,15,217,32,0.5322743789947708,115.9911815029991,2122.271324717003,1.8834873117157258e-05,1.0,1.0,1.0,1.0,1.9555555555555558e-07,0.84375,0.0,2.0,medium|hard|easy
test,0,15,218,32,0.5345693609997397,116.52633336299914,2122.8064765579984,2.0291430701036006e-05,1.0,1.0,1.0,1.0,1.8962962962962965e-07,0.84375,0.0,2.0,hard|easy|medium
test,0,15,219,32,0.5330437369993888,117.05993023900373,2123.3400734430033,0.2380853295326233,0.9666666666666667,0.96875,0.9722222222222222,0.9684729064039409,1.8370370370370372e-07,0.90625,0.0,2.0,easy|hard|medium
test,0,15,220,32,0.5329817430028925,117.59348196400242,2123.873625170003,1.793337651179172e-05,1.0,1.0,1.0,1.0,1.777777777777778e-07,0.71875,0.0,2.0,medium|hard|easy
test,0,15,221,32,0.5334323569986736,118.12749539699871,2124.407638607001,2.1248788470984437e-05,1.0,1.0,1.0,1.0,1.7185185185185186e-07,1.0,0.0,2.0,hard|easy|medium
test,0,15,222,32,0.5342234650015598,118.66217458600295,2124.9423178139987,1.929307109094225e-05,1.0,1.0,1.0,1.0,1.6592592592592593e-07,0.96875,0.0,2.0,easy|medium|hard
test,0,15,223,32,0.5325367309997091,119.19531439599814,2125.4754575929983,1.7985519662033767e-05,1.0,1.0,1.0,1.0,1.6e-07,1.0,0.0,2.0,hard|medium|easy
test,0,15,224,32,0.5341151870015892,119.73003787200287,2126.010181071004,1.6990892618196085e-05,1.0,1.0,1.0,1.0,1.540740740740741e-07,1.1875,0.0,2.0,easy|medium|hard
test,0,15,225,32,0.5328284309944138,120.26343087499845,2126.543574083,1.9974788301624358e-05,1.0,1.0,1.0,1.0,1.4814814814814817e-07,0.9375,0.0,2.0,medium|easy|hard
test,0,15,226,32,0.5328110999980709,120.79680462500255,2127.076947829999,2.0541014237096533e-05,1.0,1.0,1.0,1.0,1.4222222222222224e-07,1.0625,0.0,2.0,hard|easy|medium
test,0,15,227,32,0.5337944320053793,121.33114985899738,2127.611293079004,1.884978155430872e-05,1.0,1.0,1.0,1.0,1.3629629629629631e-07,1.1875,0.0,2.0,medium|easy|hard
test,0,15,228,32,0.5331044499980635,121.86476479099656,2128.1449080059974,1.7624184692976996e-05,1.0,1.0,1.0,1.0,1.3037037037037038e-07,1.03125,0.0,2.0,hard|easy|medium
test,0,15,229,32,0.533228031003091,122.39860598900123,2128.6787491840005,1.5817451640032232e-05,1.0,1.0,1.0,1.0,1.2444444444444446e-07,1.1875,0.0,2.0,hard|medium|easy
test,0,15,230,32,0.5335963259931304,122.9328212870023,2129.212964503,1.7247930372832343e-05,1.0,1.0,1.0,1.0,1.1851851851851853e-07,1.125,0.0,2.0,medium|easy|hard
test,0,15,231,32,0.533150900999317,123.46644154599926,2129.7465847450003,1.8637427274370566e-05,1.0,1.0,1.0,1.0,1.125925925925926e-07,1.09375,0.0,2.0,easy|hard|medium
test,0,15,232,32,0.5323556319999625,123.99933364400204,2130.279476882002,1.727400922391098e-05,1.0,1.0,1.0,1.0,1.0666666666666667e-07,1.28125,0.0,2.0,hard|easy|medium
test,0,15,233,32,0.5340030489969649,124.53385380800319,2130.813997024001,1.9192488252883777e-05,1.0,1.0,1.0,1.0,1.0074074074074075e-07,0.8125,0.0,2.0,hard|easy|medium
test,0,15,234,32,0.5331925290010986,125.06757552100316,2131.347718734003,1.9147792045259848e-05,1.0,1.0,1.0,1.0,9.481481481481482e-08,1.03125,0.0,2.0,hard|medium|easy
test,0,15,235,32,0.5318700249990798,125.60001066500263,2131.8801538810003,1.9918901671189815e-05,1.0,1.0,1.0,1.0,8.88888888888889e-08,1.0625,0.0,2.0,hard|medium|easy
test,0,15,236,32,0.5332929580035852,126.13392033599666,2132.4140635500007,1.8596438167151064e-05,1.0,1.0,1.0,1.0,8.296296296296297e-08,0.84375,0.0,2.0,easy|medium|hard
test,0,15,237,32,0.5333100969946827,126.66782608399808,2132.947969583998,1.8484694010112435e-05,1.0,1.0,1.0,1.0,7.703703703703705e-08,1.0,0.0,2.0,medium|easy|hard
test,0,15,238,32,0.5314746639996883,127.1998978929987,2133.480041036004,1.8689581338549033e-05,1.0,1.0,1.0,1.0,7.111111111111112e-08,1.125,0.0,2.0,medium|easy|hard
test,0,15,239,32,0.53367277700454,127.73410985899682,2134.014253059002,2.0131181372562423e-05,1.0,1.0,1.0,1.0,6.518518518518519e-08,0.90625,0.0,2.0,easy|hard|medium
test,0,15,240,32,0.5324334040051326,128.26709768699948,2134.5472408999995,1.9188757505617104e-05,1.0,1.0,1.0,1.0,5.9259259259259263e-08,1.0625,0.0,2.0,easy|medium|hard
test,0,15,241,32,0.5317222310040961,128.7993610620033,2135.0795042669997,1.7128721083281562e-05,1.0,1.0,1.0,1.0,5.3333333333333334e-08,0.90625,0.0,2.0,easy|medium|hard
test,0,15,242,32,0.5334263219992863,129.33338152799843,2135.6135247380007,1.8335696950089186e-05,1.0,1.0,1.0,1.0,4.740740740740741e-08,0.90625,0.0,2.0,easy|hard|medium
test,0,15,243,32,0.5327330540021649,129.86661566900148,2136.1467588800006,1.911426443257369e-05,1.0,1.0,1.0,1.0,4.148148148148148e-08,1.3125,0.0,2.0,medium|hard|easy
test,0,15,244,32,0.5320694640031434,130.39923162900232,2136.6793748540003,1.7504971765447408e-05,1.0,1.0,1.0,1.0,3.555555555555556e-08,0.96875,0.0,2.0,medium|hard|easy
test,0,15,245,32,0.5335523230023682,130.93333422599972,2137.213477432997,1.958363463927526e-05,1.0,1.0,1.0,1.0,2.9629629629629632e-08,0.75,0.0,2.0,easy|medium|hard
test,0,15,246,32,0.5328898589941673,131.46682089599926,2137.7469641240023,1.8950338926515542e-05,1.0,1.0,1.0,1.0,2.3703703703703706e-08,0.8125,0.0,2.0,easy|medium|hard
test,0,15,247,32,0.5316995870016399,131.99932648999675,2138.2794696909987,2.0246692656655796e-05,1.0,1.0,1.0,1.0,1.777777777777778e-08,0.875,0.0,2.0,hard|easy|medium
test,0,15,248,32,0.5339331420036615,132.53371362199687,2138.813857086003,1.703186717350036e-05,1.0,1.0,1.0,1.0,1.1851851851851853e-08,0.90625,0.0,2.0,easy|medium|hard
test,0,15,249,32,0.5321697099934681,133.06635758800257,2139.3465008260027,1.8711929442360997e-05,1.0,1.0,1.0,1.0,5.9259259259259265e-09,1.09375,0.0,2.0,easy|hard|medium
test,0,15,250,32,0.5315220069969655,133.59834633099672,2139.878489513998,1.7732210835674778e-05,1.0,1.0,1.0,1.0,0.0,0.78125,0.0,2.0,medium|easy|hard
