split,fold,epoch,batch,batch_size,batch_time_seconds,epoch_accumulated_time_seconds,total_accumulated_time_seconds,loss,precision,accuracy,recall,f1,learning_rate,difficulty_mean,difficulty_min,difficulty_max,difficulty_labels
test,0,1,1,32,0.7743900759996905,0.8338124549991335,0.8343925059998583,0.692638635635376,0.25806451612903225,0.5,0.47058823529411764,0.3333333333333333,3.125e-07,0.71875,0.0,2.0,easy|hard|medium
test,0,1,2,32,0.526204190999124,1.382172277999416,1.3827523399995698,0.6964640617370605,0.5,0.5,0.5,0.3816425120772947,6.25e-07,0.84375,0.0,2.0,easy|medium|hard
test,0,1,3,32,0.5298066409995954,1.912435126998389,1.9130151839999598,0.6508352756500244,0.8225806451612903,0.65625,0.5416666666666666,0.46907993966817496,9.375000000000001e-07,0.875,0.0,2.0,medium|easy|hard
test,0,1,4,32,0.5291429040007642,2.442204220998974,2.442784311999276,0.7094459533691406,0.7666666666666666,0.5625,0.5625,0.45893719806763283,1.25e-06,0.9375,0.0,2.0,easy|medium|hard
test,0,1,5,32,0.5291253099985624,2.971799151999221,2.9723792309996497,0.6970573663711548,0.265625,0.53125,0.5,0.3469387755102041,1.5625e-06,0.8125,0.0,2.0,hard|easy|medium
test,0,1,6,32,0.5299147779987834,3.502348420999624,3.502928489999249,0.7229618430137634,0.22580645161290322,0.4375,0.4666666666666667,0.30434782608695654,1.8750000000000003e-06,1.09375,0.0,2.0,medium|hard|easy
test,0,1,7,32,0.5305459160008468,4.033505633999084,4.034085703000528,0.7073652744293213,0.48333333333333334,0.46875,0.49607843137254903,0.36374269005847953,2.1875000000000002e-06,0.96875,0.0,2.0,hard|easy|medium
test,0,1,8,32,0.5283424059998652,4.5624611169987475,4.56304117900072,0.7013746500015259,0.6428571428571428,0.5625,0.5625,0.49090909090909085,2.5e-06,0.90625,0.0,2.0,medium|easy|hard
test,0,1,9,32,0.5312622829987959,5.094298656998944,5.09487867200005,0.6451023817062378,0.6166666666666667,0.71875,0.533816425120773,0.5060034305317325,2.8125e-06,1.15625,0.0,2.0,hard|medium|easy
test,0,1,10,32,0.5304408219999459,5.625345580998328,5.625925611000639,0.6651449799537659,0.45977011494252873,0.5625,0.4858299595141701,0.4166666666666667,3.125e-06,0.9375,0.0,2.0,easy|hard|medium
test,0,1,11,32,0.5307061619987508,6.156671027998527,6.157251038999675,0.6984694004058838,0.25806451612903225,0.5,0.47058823529411764,0.3333333333333333,3.4375e-06,0.875,0.0,2.0,hard|easy|medium
test,0,1,12,32,0.5305743910012097,6.68768634999833,6.688266379000197,0.7583752870559692,0.13333333333333333,0.25,0.4,0.2,3.7500000000000005e-06,0.875,0.0,2.0,easy|hard|medium
test,0,1,13,32,0.5309067019989016,7.219168512998294,7.2197485260003305,0.6823936104774475,0.5857142857142856,0.59375,0.5595238095238095,0.539313399778516,4.0625000000000005e-06,0.875,0.0,2.0,easy|hard|medium
test,0,1,14,32,0.5304264179994789,7.750156222999067,7.750736240999686,0.6768089532852173,0.5971428571428572,0.53125,0.5674603174603174,0.5076923076923077,4.3750000000000005e-06,0.71875,0.0,2.0,hard|easy|medium
test,0,1,15,32,0.5292689060006524,8.279962141999931,8.280542173000867,0.705085039138794,0.6071428571428572,0.5,0.5476190476190477,0.4458874458874459,4.6875000000000004e-06,0.84375,0.0,2.0,easy|medium|hard
test,0,1,16,32,0.5311823950014514,8.811652139998841,8.812232214000687,0.7031618356704712,0.375,0.46875,0.44509803921568625,0.36374269005847953,5e-06,1.0,0.0,2.0,medium|hard|easy
test,0,1,17,32,0.5302278609997302,9.342443227998956,9.343023254999935,0.7137091159820557,0.5,0.5,0.5,0.3816425120772947,5.3125e-06,0.96875,0.0,2.0,easy|medium|hard
test,0,1,18,32,0.530134630998873,9.873127986998952,9.873707996999656,0.6926604509353638,0.5333333333333333,0.5625,0.5079365079365079,0.4166666666666667,5.625e-06,1.03125,0.0,2.0,hard|medium|easy
test,0,1,19,32,0.530754010000237,10.40442222099955,10.405002262999915,0.6989038586616516,0.5,0.5,0.5,0.4181818181818182,5.9375e-06,0.90625,0.0,2.0,easy|medium|hard
test,0,1,20,32,0.5309603649984638,10.935899252999661,10.936479285999667,0.7028073072433472,0.4542857142857143,0.46875,0.46875,0.4231177094379639,6.25e-06,1.03125,0.0,2.0,easy|hard|medium
test,0,1,21,32,0.5298366860006354,11.466254600998582,11.466834619999645,0.7137420177459717,0.5,0.4375,0.5,0.4285714285714286,6.5625e-06,0.8125,0.0,2.0,easy|hard|medium
test,0,1,22,32,0.5313939589996153,11.99807477899958,11.998654794999311,0.6958816051483154,0.5192307692307692,0.53125,0.5117647058823529,0.4684385382059801,6.875e-06,0.90625,0.0,2.0,hard|easy|medium
test,0,1,23,32,0.5303663490012696,12.528944416999366,12.529524441999456,0.6907692551612854,0.5,0.5,0.5,0.4920634920634921,7.1875e-06,0.8125,0.0,2.0,easy|medium|hard
test,0,1,24,32,0.5298407469999802,13.059335242998714,13.059915260999333,0.667441189289093,0.532051282051282,0.65625,0.5241545893719807,0.5210884353741496,7.500000000000001e-06,1.25,0.0,2.0,medium|hard|easy
test,0,1,25,32,0.5332076670001697,13.593065591998311,13.59364561700022,0.6906335353851318,0.4107142857142857,0.53125,0.4595141700404858,0.3992490613266583,7.8125e-06,1.03125,0.0,2.0,hard|medium|easy
test,0,1,26,32,0.531951367000147,14.125577138998779,14.126157198999863,0.6951435804367065,0.6428571428571428,0.5625,0.5625,0.49090909090909085,8.125000000000001e-06,1.0,0.0,2.0,hard|easy|medium
test,0,1,27,32,0.5322045950015308,14.658328263998555,14.658908256000359,0.6943000555038452,0.39743589743589747,0.4375,0.4375,0.37662337662337664,8.4375e-06,0.90625,0.0,2.0,easy|hard|medium
test,0,1,28,32,0.5331832009997015,15.192096891998517,15.192676933000257,0.6863861083984375,0.5747126436781609,0.5,0.5254901960784314,0.4181818181818182,8.750000000000001e-06,0.84375,0.0,2.0,hard|medium|easy
test,0,1,29,32,0.5323713329999009,15.725012810999033,15.725592830000096,0.689156711101532,0.4107142857142857,0.53125,0.4595141700404858,0.3992490613266583,9.0625e-06,0.96875,0.0,2.0,easy|medium|hard
test,0,1,30,32,0.532399648000137,16.257977083998412,16.258557114000723,0.6925784349441528,0.47101449275362317,0.53125,0.475,0.4684385382059801,9.375000000000001e-06,0.875,0.0,2.0,medium|easy|hard
test,0,1,31,32,0.5331929799995123,16.791615267999077,16.792195276999337,0.6857630014419556,0.41025641025641024,0.5625,0.43636363636363634,0.4166666666666667,9.6875e-06,1.0625,0.0,2.0,hard|easy|medium
test,0,1,32,32,0.5320942110010947,17.32424065699888,17.32482067300043,0.670917809009552,0.5148148148148148,0.59375,0.5083333333333333,0.4793491864831039,1e-05,0.90625,0.0,2.0,easy|medium|hard
test,0,1,33,32,0.5321064569998271,17.856879553999534,17.857459594999455,0.6973509192466736,0.3908045977011494,0.4375,0.4627450980392157,0.34545454545454546,1.0312500000000002e-05,0.96875,0.0,2.0,easy|hard|medium
test,0,1,34,32,0.5335214959995938,18.39085933699971,18.391439369999716,0.6861342191696167,0.5166666666666666,0.53125,0.503921568627451,0.3992490613266583,1.0625e-05,0.84375,0.0,2.0,medium|easy|hard
test,0,1,35,32,0.5325583659996482,18.92395906999991,18.924539064000783,0.7233609557151794,0.3214285714285714,0.375,0.42063492063492064,0.3073593073593074,1.0937500000000002e-05,1.03125,0.0,2.0,hard|medium|easy
test,0,1,36,32,0.5320219709992671,19.456545540999286,19.457125640999948,0.6925333738327026,0.44252873563218387,0.53125,0.4801587301587301,0.3992490613266583,1.125e-05,1.0,0.0,2.0,medium|hard|easy
test,0,1,37,32,0.5329518879989337,19.99002197199843,19.9906020060007,0.6892927885055542,0.55,0.59375,0.5121457489878543,0.4340136054421769,1.1562500000000002e-05,0.625,0.0,2.0,easy|medium|hard
test,0,1,38,32,0.5326599959989835,20.523234138998305,20.523814140999093,0.6816867589950562,0.7666666666666666,0.5625,0.5625,0.45893719806763283,1.1875e-05,1.09375,0.0,2.0,hard|medium|easy
test,0,1,39,32,0.532332889000827,21.05613612599882,21.056716204000622,0.6763485670089722,0.7586206896551724,0.5625,0.5882352941176471,0.49090909090909085,1.2187500000000001e-05,0.875,0.0,2.0,easy|medium|hard
test,0,1,40,32,0.5335289149988967,21.59017754099841,21.590757574000236,0.6753215789794922,0.7333333333333334,0.5,0.5555555555555556,0.4181818181818182,1.25e-05,1.09375,0.0,2.0,medium|hard|easy
test,0,1,41,32,0.5324732659992151,22.12318987799881,22.123769960999198,0.7282211780548096,0.1724137931034483,0.3125,0.38461538461538464,0.23809523809523808,1.2812500000000001e-05,0.8125,0.0,2.0,medium|easy|hard
test,0,1,42,32,0.5316024099993228,22.655359490998308,22.65593960700062,0.6999436616897583,0.4222222222222222,0.4375,0.45882352941176474,0.37662337662337664,1.3125e-05,1.03125,0.0,2.0,medium|easy|hard
test,0,1,43,32,0.5334763390001172,23.189425561999087,23.190005628999643,0.6723250150680542,0.6609195402298851,0.65625,0.5583333333333333,0.5210884353741496,1.3437500000000001e-05,0.96875,0.0,2.0,easy|hard|medium
test,0,1,44,32,0.532432666999739,23.722421417998703,23.723001468000803,0.6797677278518677,0.2833333333333333,0.53125,0.4473684210526316,0.3469387755102041,1.375e-05,1.03125,0.0,2.0,hard|easy|medium
test,0,1,45,32,0.5325124230002984,24.255611007998596,24.256191038999532,0.6732386350631714,0.6594202898550725,0.65625,0.6309523809523809,0.6267232237539766,1.4062500000000001e-05,1.0,0.0,2.0,medium|hard|easy
test,0,1,46,32,0.5334583029998612,24.78965081199931,24.790230853999674,0.7008764147758484,0.5037037037037037,0.4375,0.5020242914979757,0.4,1.4375e-05,0.9375,0.0,2.0,easy|hard|medium
test,0,1,47,32,0.5327611309985514,25.322990439999558,25.323570455000663,0.6953537464141846,0.33974358974358976,0.34375,0.39878542510121456,0.3107692307692308,1.4687500000000001e-05,0.875,0.0,2.0,medium|hard|easy
test,0,1,48,32,0.5326380739988963,25.856201285998395,25.85678137600007,0.6792306303977966,0.6264367816091954,0.59375,0.5436507936507936,0.4793491864831039,1.5000000000000002e-05,1.09375,0.0,2.0,easy|hard|medium
test,0,1,49,32,0.5339221829999587,26.390665903998524,26.391245922999587,0.672366738319397,0.6862348178137652,0.65625,0.6916666666666667,0.6559139784946236,1.5312500000000003e-05,0.78125,0.0,2.0,hard|easy|medium
test,0,1,50,32,0.5332180850000441,26.92446032099906,26.925040480999087,0.6691874265670776,0.6753246753246753,0.6875,0.6639676113360324,0.6666666666666667,1.5625e-05,0.8125,0.0,2.0,medium|easy|hard
test,0,1,51,32,0.531428741000127,27.456427787999928,27.45700781300002,0.6858032941818237,0.6706349206349207,0.65625,0.6740890688259109,0.6559139784946236,1.59375e-05,0.75,0.0,2.0,easy|hard|medium
test,0,1,52,32,0.5335478960005275,27.990482363999035,27.991062406999845,0.6845256090164185,0.44372294372294374,0.46875,0.44841269841269843,0.4420512820512821,1.6250000000000002e-05,1.0625,0.0,2.0,medium|easy|hard
test,0,1,53,32,0.5332851389994175,28.52426875599849,28.524848777000443,0.6535820960998535,0.7619047619047619,0.75,0.7619047619047619,0.75,1.6562500000000003e-05,0.875,0.0,2.0,easy|hard|medium
test,0,1,54,32,0.5318812169989542,29.05668829499882,29.057268308000857,0.628635048866272,0.7896825396825397,0.78125,0.7862745098039217,0.7810361681329423,1.6875e-05,0.84375,0.0,2.0,easy|hard|medium
test,0,1,55,32,0.533092146000854,29.590305069999886,29.590885093999532,0.6146519184112549,0.9087301587301587,0.90625,0.903921568627451,0.9054187192118226,1.71875e-05,0.875,0.0,2.0,medium|hard|easy
test,0,1,56,32,0.5328586910000013,30.123808269998335,30.124388288000773,0.5936324596405029,0.8411764705882353,0.84375,0.8452380952380952,0.8423645320197044,1.7500000000000002e-05,0.9375,0.0,2.0,hard|medium|easy
test,0,1,57,32,0.5319104739992326,30.65624968999873,30.65682978299992,0.595595121383667,0.9,0.875,0.875,0.873015873015873,1.7812500000000003e-05,0.96875,0.0,2.0,medium|hard|easy
test,0,1,58,32,0.5334151899987774,31.190238239998507,31.190818261999084,0.4856216311454773,0.8704453441295547,0.875,0.8704453441295547,0.8704453441295547,1.8125e-05,0.75,0.0,2.0,hard|easy|medium
test,0,1,59,32,0.5326579070006119,31.723414906999096,31.723994939000477,0.5046567916870117,0.7182539682539683,0.71875,0.7156862745098038,0.716256157635468,1.84375e-05,0.96875,0.0,2.0,medium|easy|hard
test,0,1,60,32,0.5318527529998391,32.255950401999144,32.25653049600078,0.3732161819934845,0.9285714285714286,0.90625,0.8928571428571428,0.9015384615384616,1.8750000000000002e-05,0.84375,0.0,2.0,easy|medium|hard
test,0,1,61,32,0.5337309739988996,32.79014111499964,32.790721142999246,0.39199745655059814,0.8888888888888888,0.875,0.8888888888888888,0.875,1.9062500000000003e-05,0.90625,0.0,2.0,easy|medium|hard
test,0,1,62,32,0.5333807569986675,33.32396998999866,33.324550074999934,0.2890471816062927,0.9333333333333333,0.9375,0.9473684210526316,0.9365079365079365,1.9375e-05,0.75,0.0,2.0,easy|medium|hard
test,0,1,63,32,0.5325660899998184,33.856991898999695,33.85757197999919,0.6522066593170166,0.8461538461538461,0.75,0.7142857142857143,0.7090909090909091,1.96875e-05,0.75,0.0,2.0,easy|medium|hard
test,0,1,64,20,0.36479483699986304,34.22222970899929,34.22280974900059,0.544974148273468,0.75,0.75,0.7525252525252526,0.7493734335839599,2e-05,0.8500000238418579,0.0,2.0,easy|medium|hard
test,0,2,1,32,0.5345061919997534,0.6123947550004232,37.47060469200005,0.28251445293426514,0.9083333333333333,0.90625,0.8967611336032388,0.9015384615384616,1.996527777777778e-05,0.84375,0.0,2.0,hard|medium|easy
test,0,2,2,32,0.5334712129988475,1.1465771889997995,38.00478715799909,0.3906294107437134,0.8441295546558705,0.84375,0.8373015873015872,0.8398398398398399,1.9930555555555556e-05,1.09375,0.0,2.0,medium|easy|hard
test,0,2,3,32,0.5330147120002948,1.680094843999541,38.538304805000735,0.2146637886762619,0.9523809523809523,0.9375,0.9230769230769231,0.9333333333333333,1.9895833333333334e-05,1.03125,0.0,2.0,medium|hard|easy
test,0,2,4,32,0.5322582029984915,2.212940687999435,39.07115066699953,0.2578924298286438,0.9117647058823529,0.90625,0.9166666666666667,0.906158357771261,1.9861111111111114e-05,0.78125,0.0,2.0,medium|hard|easy
test,0,2,5,32,0.5330707689990959,2.746579176000523,39.60478908299956,0.3069378435611725,0.925,0.90625,0.9,0.9039039039039038,1.982638888888889e-05,0.90625,0.0,2.0,medium|hard|easy
test,0,2,6,32,0.5331691920000594,3.280312020000565,40.13852198300083,0.4048672914505005,0.8809523809523809,0.84375,0.84375,0.8398398398398399,1.979166666666667e-05,0.96875,0.0,2.0,medium|hard|easy
test,0,2,7,32,0.5322392380003294,3.8131403799998225,40.67135027900076,0.3011108934879303,0.90625,0.90625,0.907843137254902,0.906158357771261,1.9756944444444446e-05,1.125,0.0,2.0,hard|medium|easy
test,0,2,8,32,0.5330934229987179,4.346808061000047,41.20501802199942,0.614228367805481,0.7862745098039217,0.78125,0.7896825396825397,0.7810361681329423,1.9722222222222224e-05,1.03125,0.0,2.0,medium|easy|hard
test,0,2,9,32,0.5324232610000763,4.879812819999643,41.73802271999921,0.3335452079772949,0.9117647058823529,0.90625,0.9166666666666667,0.906158357771261,1.96875e-05,1.125,0.0,2.0,easy|medium|hard
test,0,2,10,32,0.5329314889986563,5.413212137000301,42.271422036999866,0.2686760723590851,0.9365079365079365,0.9375,0.9365079365079365,0.9365079365079365,1.9652777777777778e-05,0.96875,0.0,2.0,easy|hard|medium
test,0,2,11,32,0.5339238880005723,5.94758453599934,42.80579454200051,0.32796746492385864,0.8411764705882353,0.84375,0.8452380952380952,0.8423645320197044,1.961805555555556e-05,1.125,0.0,2.0,medium|easy|hard
test,0,2,12,32,0.5335851060008281,6.481706607999513,43.33991661300024,0.30622297525405884,0.9047619047619048,0.875,0.8666666666666667,0.8704453441295547,1.9583333333333333e-05,1.15625,0.0,2.0,medium|hard|easy
test,0,2,13,32,0.532210841000051,7.01445678699929,43.87266677799926,0.40999114513397217,0.9,0.84375,0.7916666666666667,0.8128654970760234,1.9548611111111113e-05,1.125,0.0,2.0,easy|hard|medium
test,0,2,14,32,0.5336674779991881,7.548684413999581,44.406894640000246,0.3719235360622406,0.8636363636363636,0.8125,0.8125,0.8056680161943319,1.951388888888889e-05,0.90625,0.0,2.0,hard|easy|medium
test,0,2,15,32,0.5326759099989431,8.08186653499979,44.94007648799925,0.36399585008621216,0.8831168831168831,0.875,0.8582995951417004,0.8666666666666667,1.9479166666666668e-05,0.75,0.0,2.0,easy|hard|medium
test,0,2,16,32,0.5318865019999066,8.61429225000029,45.47250259700013,0.320659875869751,0.9069264069264069,0.90625,0.8916666666666666,0.8981972428419936,1.9444444444444445e-05,1.125,0.0,2.0,medium|hard|easy
test,0,2,17,32,0.5338521339999716,9.148718533000647,46.006928516999324,0.1379711627960205,0.975,0.96875,0.9615384615384616,0.9671794871794872,1.9409722222222226e-05,1.0625,0.0,2.0,easy|hard|medium
test,0,2,18,32,0.5330446099997062,9.682376770999326,46.540586731000076,0.35480791330337524,0.8831168831168831,0.875,0.8582995951417004,0.8666666666666667,1.9375e-05,0.9375,0.0,2.0,easy|medium|hard
test,0,2,19,32,0.5338300109997363,10.216756908999741,47.074966942000174,0.500291645526886,0.8125,0.8125,0.8125,0.8125,1.9340277777777777e-05,1.125,0.0,2.0,medium|hard|easy
test,0,2,20,32,0.5338913579998916,10.751194489999762,47.60940441999992,0.3638995289802551,0.84375,0.84375,0.8450980392156863,0.8435972629521017,1.9305555555555558e-05,0.78125,0.0,2.0,hard|medium|easy
test,0,2,21,32,0.5333601499987708,11.285078467999483,48.14328844100055,0.17050832509994507,0.9722222222222222,0.96875,0.9666666666666667,0.9684729064039409,1.9270833333333335e-05,0.96875,0.0,2.0,medium|easy|hard
test,0,2,22,32,0.534095189999789,11.819622815000912,48.67783276699993,0.2081717997789383,0.9352226720647774,0.9375,0.9352226720647774,0.9352226720647774,1.9236111111111113e-05,0.875,0.0,2.0,easy|medium|hard
test,0,2,23,32,0.5336446609999257,12.353851511999892,49.2120614359992,0.23545168340206146,0.95,0.9375,0.9285714285714286,0.9352226720647774,1.920138888888889e-05,0.84375,0.0,2.0,medium|easy|hard
test,0,2,24,32,0.5324611889991502,12.886897861999387,49.745107840000856,0.346041202545166,0.8823529411764706,0.875,0.8947368421052632,0.8745098039215686,1.916666666666667e-05,1.0,0.0,2.0,hard|easy|medium
test,0,2,25,32,0.5335195269999531,13.420901867999419,50.27911217899964,0.4821581244468689,0.8125,0.8125,0.8636363636363636,0.8056680161943319,1.9131944444444445e-05,0.90625,0.0,2.0,hard|medium|easy
test,0,2,26,32,0.5339989229996718,13.955473518000872,50.81368343599934,0.2590353488922119,0.875,0.875,0.875,0.875,1.9097222222222225e-05,1.0625,0.0,2.0,easy|hard|medium
test,0,2,27,32,0.5329350849988259,14.488942252000925,51.34715223499916,0.21215957403182983,0.9007936507936507,0.90625,0.9089068825910931,0.9039039039039038,1.9062500000000003e-05,0.78125,0.0,2.0,easy|medium|hard
test,0,2,28,32,0.5340373670005647,15.023483255999963,51.88169351999932,0.2178863286972046,0.9352226720647774,0.9375,0.9352226720647774,0.9352226720647774,1.902777777777778e-05,0.96875,0.0,2.0,easy|hard|medium
test,0,2,29,32,0.5331744909999543,15.557176362000973,52.415386414999375,0.3850289583206177,0.84375,0.84375,0.8450980392156863,0.8435972629521017,1.8993055555555557e-05,0.90625,0.0,2.0,medium|hard|easy
test,0,2,30,32,0.533055776000765,16.090787742999964,52.94899783999972,0.5882485508918762,0.7662337662337663,0.75,0.7411764705882353,0.7408906882591093,1.8958333333333334e-05,1.15625,0.0,2.0,medium|easy|hard
test,0,2,31,32,0.533727011999872,16.625069928000812,53.48328007599957,0.43814975023269653,0.8529411764705883,0.84375,0.875,0.8423645320197044,1.8923611111111112e-05,0.90625,0.0,2.0,medium|easy|hard
test,0,2,32,32,0.5334666680009832,17.158988220000538,54.017198228999405,0.603667676448822,0.8260869565217391,0.75,0.7647058823529411,0.7408906882591093,1.888888888888889e-05,1.03125,0.0,2.0,hard|easy|medium
test,0,2,33,32,0.532635499999742,17.692176689999542,54.550386783999784,0.4154055714607239,0.8695652173913043,0.8125,0.8,0.8,1.885416666666667e-05,0.875,0.0,2.0,easy|medium|hard
test,0,2,34,32,0.533771792999687,18.226451283999268,55.08466126100029,0.46825075149536133,0.8125,0.8125,0.8333333333333333,0.8095238095238095,1.8819444444444447e-05,0.96875,0.0,2.0,hard|easy|medium
test,0,2,35,32,0.5330289570010791,18.760019863999332,55.61822985700019,0.18237978219985962,0.9736842105263157,0.96875,0.9642857142857143,0.967967967967968,1.8784722222222224e-05,0.78125,0.0,2.0,easy|medium|hard
test,0,2,36,32,0.5325724900012574,19.29310220499974,56.15131249799924,0.1848948895931244,0.9352226720647774,0.9375,0.9352226720647774,0.9352226720647774,1.8750000000000002e-05,1.15625,0.0,2.0,medium|hard|easy
test,0,2,37,32,0.5338934190003783,19.827530263999506,56.685740241999156,0.2255088984966278,0.9365079365079365,0.9375,0.9365079365079365,0.9365079365079365,1.871527777777778e-05,0.71875,0.0,2.0,easy|medium|hard
test,0,2,38,32,0.533037813998817,20.36111125500065,57.219321251999645,0.35568732023239136,0.8809523809523809,0.875,0.875,0.8745098039215686,1.8680555555555556e-05,0.8125,0.0,2.0,medium|easy|hard
test,0,2,39,32,0.5324896269994497,20.89412825600084,57.75233815200045,0.3201950788497925,0.8825910931174089,0.875,0.8705882352941177,0.873015873015873,1.8645833333333334e-05,0.53125,0.0,2.0,hard|easy|medium
test,0,2,40,32,0.5336280920000718,21.428289677000066,58.28649968100035,0.5419989824295044,0.7640692640692641,0.71875,0.7420634920634921,0.716256157635468,1.8611111111111114e-05,0.6875,0.0,2.0,easy|hard|medium
test,0,2,41,32,0.5334328299995832,21.962338351000653,58.82054824700026,0.2093578428030014,0.907843137254902,0.90625,0.90625,0.906158357771261,1.8576388888888888e-05,0.8125,0.0,2.0,medium|easy|hard
test,0,2,42,32,0.5325403299993923,22.495387860000847,59.35359785400033,0.24257762730121613,0.8666666666666667,0.875,0.8666666666666667,0.8666666666666667,1.854166666666667e-05,0.71875,0.0,2.0,easy|medium|hard
test,0,2,43,32,0.5335823740006163,23.02942655700099,59.88763651199952,0.18833842873573303,0.9411764705882353,0.9375,0.9411764705882353,0.9375,1.8506944444444446e-05,0.875,0.0,2.0,easy|hard|medium
test,0,2,44,32,0.5327557010004966,23.56268096200074,60.42089094599942,0.1835540384054184,0.9473684210526316,0.9375,0.9333333333333333,0.9365079365079365,1.8472222222222224e-05,0.78125,0.0,2.0,easy|medium|hard
test,0,2,45,32,0.5322220610014483,24.0954888870001,60.9536988079999,0.13508830964565277,0.9372549019607843,0.9375,0.9372549019607843,0.9372549019607843,1.84375e-05,1.0,0.0,2.0,medium|easy|hard
test,0,2,46,32,0.533732930000042,24.629737290000776,61.487947268000426,0.2986380159854889,0.9087301587301587,0.90625,0.903921568627451,0.9054187192118226,1.8402777777777778e-05,0.71875,0.0,2.0,easy|hard|medium
test,0,2,47,32,0.5333494049991714,25.163575403999857,62.021785429000374,0.31308454275131226,0.8611111111111112,0.84375,0.868421052631579,0.8435972629521017,1.836805555555556e-05,0.8125,0.0,2.0,medium|easy|hard
test,0,2,48,32,0.5325124749997485,25.696531761999722,62.55474179799967,0.3477713465690613,0.8809523809523809,0.84375,0.84375,0.8398398398398399,1.8333333333333333e-05,0.875,0.0,2.0,easy|medium|hard
test,0,2,49,32,0.5333521100001235,26.23033429899988,63.0885442079998,0.20661482214927673,0.95,0.9375,0.9285714285714286,0.9352226720647774,1.8298611111111114e-05,0.8125,0.0,2.0,medium|easy|hard
test,0,2,50,32,0.5337653660008073,26.764532888999383,63.62274288399931,0.24747999012470245,0.90625,0.90625,0.907843137254902,0.906158357771261,1.826388888888889e-05,0.78125,0.0,2.0,easy|hard|medium
test,0,2,51,32,0.5328154369999538,27.297884198000247,64.1560941280004,0.0685546025633812,1.0,1.0,1.0,1.0,1.8229166666666668e-05,0.875,0.0,2.0,medium|hard|easy
test,0,2,52,32,0.5337009639988537,27.8321385069994,64.69034847699913,0.29564857482910156,0.8562753036437247,0.84375,0.84375,0.8423645320197044,1.8194444444444445e-05,0.90625,0.0,2.0,medium|hard|easy
test,0,2,53,32,0.5334828459999699,28.366175567000028,65.22438553699976,0.34840553998947144,0.8562753036437247,0.84375,0.84375,0.8423645320197044,1.8159722222222226e-05,1.21875,0.0,2.0,medium|hard|easy
test,0,2,54,32,0.5325896670001384,28.899330984999324,65.7575409609999,0.2385539561510086,0.8809523809523809,0.875,0.875,0.8745098039215686,1.8125e-05,0.65625,0.0,2.0,medium|easy|hard
test,0,2,55,32,0.5342286610011797,29.434120272000655,66.2923302349991,0.1418115198612213,0.9352226720647774,0.9375,0.9352226720647774,0.9352226720647774,1.8090277777777777e-05,1.09375,0.0,2.0,easy|medium|hard
test,0,2,56,32,0.5336606300006679,29.968352812000376,66.82656278700051,0.13655178248882294,0.903921568627451,0.90625,0.9087301587301587,0.9054187192118226,1.8055555555555558e-05,0.65625,0.0,2.0,easy|medium|hard
test,0,2,57,32,0.5324393499995494,30.5013140810006,67.35952405600074,0.07859928905963898,1.0,1.0,1.0,1.0,1.8020833333333335e-05,1.0,0.0,2.0,medium|hard|easy
test,0,2,58,32,0.5333907740005088,31.035254585000075,67.89346459099943,0.32039910554885864,0.8888888888888888,0.875,0.8888888888888888,0.875,1.7986111111111113e-05,0.84375,0.0,2.0,medium|easy|hard
test,0,2,59,32,0.5334512099998392,31.569234561000485,68.42744447699988,0.28474101424217224,0.9318181818181819,0.90625,0.8846153846153846,0.8981972428419936,1.795138888888889e-05,0.90625,0.0,2.0,hard|easy|medium
test,0,2,60,32,0.5328803909997077,32.102693983999416,68.96090397400076,0.09854427725076675,1.0,1.0,1.0,1.0,1.7916666666666667e-05,1.1875,0.0,2.0,hard|easy|medium
test,0,2,61,32,0.5335888780009554,32.63671330800025,69.49492326700056,0.09652337431907654,0.9545454545454546,0.9375,0.9166666666666667,0.9307359307359306,1.7881944444444445e-05,0.90625,0.0,2.0,easy|hard|medium
test,0,2,62,32,0.533008169999448,33.170138912000766,70.02834896700006,0.11417008936405182,0.9375,0.9375,0.9444444444444444,0.9372549019607843,1.7847222222222225e-05,0.71875,0.0,2.0,hard|easy|medium
test,0,2,63,32,0.5325982199992723,33.70320218000052,70.56141216200012,0.3396875858306885,0.9090909090909092,0.875,0.8571428571428572,0.8666666666666667,1.7812500000000003e-05,0.875,0.0,2.0,medium|easy|hard
test,0,2,64,20,0.36440992600000754,34.06809489000079,70.92630488100076,0.1733897179365158,0.9375,0.95,0.9615384615384616,0.9466666666666667,1.7777777777777777e-05,0.800000011920929,0.0,2.0,medium|easy|hard
test,0,3,1,32,0.5361511230003089,0.6147821429985925,74.20207587199911,0.08249202370643616,0.96875,0.96875,0.9705882352941176,0.9687194525904204,1.7743055555555557e-05,0.875,0.0,2.0,easy|hard|medium
test,0,3,2,32,0.5332278699988819,1.148733154999718,74.73602689499967,0.10382138192653656,0.9444444444444444,0.9375,0.9375,0.9372549019607843,1.7708333333333335e-05,1.1875,0.0,2.0,medium|hard|easy
test,0,3,3,32,0.5338601090006705,1.6832230929994694,75.27051680899967,0.235835999250412,0.925,0.90625,0.9,0.9039039039039038,1.7673611111111112e-05,0.90625,0.0,2.0,easy|medium|hard
test,0,3,4,32,0.5334184220009774,2.217194163999011,75.80448791600065,0.20032304525375366,0.8916666666666666,0.90625,0.9069264069264069,0.8981972428419936,1.763888888888889e-05,0.84375,0.0,2.0,easy|hard|medium
test,0,3,5,32,0.5336139159990125,2.7513010729999223,76.33859509499962,0.09383019059896469,0.9375,0.9375,0.9444444444444444,0.9372549019607843,1.760416666666667e-05,0.75,0.0,2.0,medium|easy|hard
test,0,3,6,32,0.5344551960006356,3.286279375999584,76.87357314300061,0.045061782002449036,1.0,1.0,1.0,1.0,1.7569444444444447e-05,1.0,0.0,2.0,easy|hard|medium
test,0,3,7,32,0.5333789989999786,3.820210906998909,77.4075046300004,0.1025475487112999,0.9642857142857143,0.96875,0.9736842105263157,0.967967967967968,1.7534722222222225e-05,0.875,0.0,2.0,easy|medium|hard
test,0,3,8,32,0.5323456160003843,4.353086637998786,77.94038035999984,0.04864990711212158,1.0,1.0,1.0,1.0,1.7500000000000002e-05,0.90625,0.0,2.0,medium|easy|hard
test,0,3,9,32,0.5342065829991043,4.887863472999015,78.47515720900083,0.040651943534612656,1.0,1.0,1.0,1.0,1.746527777777778e-05,0.9375,0.0,2.0,easy|medium|hard
test,0,3,10,32,0.5332548009992024,5.421721510998395,79.00901523299945,0.2962297201156616,0.8373015873015872,0.84375,0.8441295546558705,0.8398398398398399,1.7430555555555556e-05,0.90625,0.0,2.0,easy|medium|hard
test,0,3,11,32,0.5324348060003103,5.954747927999051,79.54204166599993,0.06520296633243561,1.0,1.0,1.0,1.0,1.7395833333333334e-05,0.9375,0.0,2.0,easy|hard|medium
test,0,3,12,32,0.53411543799848,6.489456378998511,80.07675015300083,0.10476697236299515,0.96875,0.96875,0.9705882352941176,0.9687194525904204,1.7361111111111114e-05,0.96875,0.0,2.0,hard|medium|easy
test,0,3,13,32,0.533715719000611,7.023668611998801,80.61096235600053,0.08033613860607147,0.9545454545454546,0.96875,0.9772727272727273,0.964562569213732,1.732638888888889e-05,0.78125,0.0,2.0,medium|hard|easy
test,0,3,14,32,0.5327139050004916,7.55690038299872,81.14419419099977,0.18484178185462952,0.975,0.96875,0.9615384615384616,0.9671794871794872,1.729166666666667e-05,0.78125,0.0,2.0,medium|easy|hard
test,0,3,15,32,0.5337456389988802,8.09123181799987,81.67852554599995,0.04480794072151184,1.0,1.0,1.0,1.0,1.7256944444444446e-05,0.84375,0.0,2.0,easy|hard|medium
test,0,3,16,32,0.5334843319997162,8.625249747999987,82.21254347099966,0.09528690576553345,0.96875,0.96875,0.9705882352941176,0.9687194525904204,1.7222222222222224e-05,0.8125,0.0,2.0,hard|easy|medium
test,0,3,17,32,0.5330570109999826,9.158770800999264,82.74606455399953,0.4155375361442566,0.8562753036437247,0.84375,0.84375,0.8423645320197044,1.71875e-05,0.84375,0.0,2.0,easy|medium|hard
test,0,3,18,32,0.5345534190000762,9.693837563998386,83.28113129200028,0.12403304874897003,0.9722222222222222,0.96875,0.9666666666666667,0.9684729064039409,1.715277777777778e-05,0.9375,0.0,2.0,easy|medium|hard
test,0,3,19,32,0.5334695460005605,10.227906541998891,83.81520027599981,0.24440665543079376,0.9307359307359306,0.9375,0.9307359307359306,0.9307359307359306,1.7118055555555556e-05,0.75,0.0,2.0,easy|medium|hard
test,0,3,20,32,0.5332391949996236,10.76170565099892,84.34899971499908,0.10126236826181412,0.9333333333333333,0.9375,0.9473684210526316,0.9365079365079365,1.7083333333333333e-05,1.0,0.0,2.0,easy|hard|medium
test,0,3,21,32,0.5336949640004605,11.29595372499898,84.8832477649994,0.10873565077781677,0.9722222222222222,0.96875,0.9666666666666667,0.9684729064039409,1.7048611111111114e-05,1.03125,0.0,2.0,medium|hard|easy
test,0,3,22,32,0.5338494820007327,11.83037251299902,85.4176662789996,0.200754314661026,0.90625,0.90625,0.9210526315789473,0.9054187192118226,1.701388888888889e-05,0.96875,0.0,2.0,medium|easy|hard
test,0,3,23,32,0.5329280349997134,12.363821130998986,85.95111487400027,0.18811587989330292,0.9285714285714286,0.9375,0.95,0.9352226720647774,1.6979166666666668e-05,1.09375,0.0,2.0,easy|hard|medium
test,0,3,24,32,0.5340939340003388,12.898458301999199,86.48575203700057,0.1492178738117218,0.9375,0.9375,0.9444444444444444,0.9372549019607843,1.6944444444444446e-05,1.0,0.0,2.0,medium|easy|hard
test,0,3,25,32,0.5333242420001625,13.432313486999192,87.01960720900024,0.04076904430985451,0.9736842105263157,0.96875,0.9642857142857143,0.967967967967968,1.6909722222222223e-05,0.875,0.0,2.0,medium|hard|easy
test,0,3,26,32,0.5325500250000914,13.965323411999634,87.55261712399988,0.2762589156627655,0.9375,0.9375,0.9375,0.9375,1.6875e-05,0.84375,0.0,2.0,easy|medium|hard
test,0,3,27,32,0.533242027999222,14.499089332999574,88.08638317000077,0.18012091517448425,0.9705882352941176,0.96875,0.96875,0.9687194525904204,1.6840277777777778e-05,0.9375,0.0,2.0,hard|medium|easy
test,0,3,28,32,0.5338404240010277,15.03337293199911,88.62066678200063,0.13801734149456024,0.9705882352941176,0.96875,0.96875,0.9687194525904204,1.6805555555555558e-05,0.90625,0.0,2.0,medium|hard|easy
test,0,3,29,32,0.5327160580000054,15.566605976999199,89.15389974699974,0.0469445139169693,1.0,1.0,1.0,1.0,1.6770833333333336e-05,0.96875,0.0,2.0,easy|hard|medium
test,0,3,30,32,0.5334023390005314,16.100642535999214,89.68793629200081,0.2846362590789795,0.9318181818181819,0.90625,0.8846153846153846,0.8981972428419936,1.6736111111111113e-05,0.8125,0.0,2.0,medium|easy|hard
test,0,3,31,32,0.5332059760003176,16.634412731998964,90.22170649100008,0.28298282623291016,0.9,0.90625,0.925,0.9039039039039038,1.670138888888889e-05,1.0,0.0,2.0,easy|medium|hard
test,0,3,32,32,0.5332311929996649,17.168211406999035,90.7555051269992,0.3661934733390808,0.8490196078431372,0.84375,0.8531746031746033,0.8435972629521017,1.6666666666666667e-05,1.03125,0.0,2.0,medium|hard|easy
test,0,3,33,32,0.5339987100014696,17.70273854199877,91.29003226699933,0.06576605886220932,0.9705882352941176,0.96875,0.96875,0.9687194525904204,1.6631944444444445e-05,0.875,0.0,2.0,medium|hard|easy
test,0,3,34,32,0.5327324879999651,18.235972720000063,91.82326646000001,0.11111670732498169,0.9705882352941176,0.96875,0.96875,0.9687194525904204,1.6597222222222225e-05,0.90625,0.0,2.0,easy|medium|hard
test,0,3,35,32,0.5324655439999333,18.769026721000046,92.35632045000057,0.09464186429977417,0.9444444444444444,0.9375,0.9375,0.9372549019607843,1.6562500000000003e-05,1.0,0.0,2.0,medium|hard|easy
test,0,3,36,32,0.5340883709995978,19.303644187999453,92.89093795500048,0.2634170651435852,0.875,0.875,0.8809523809523809,0.8745098039215686,1.6527777777777777e-05,0.75,0.0,2.0,easy|medium|hard
test,0,3,37,32,0.53278962100012,19.836878504998822,93.42417224400015,0.06622179597616196,1.0,1.0,1.0,1.0,1.6493055555555557e-05,0.84375,0.0,2.0,hard|easy|medium
test,0,3,38,32,0.5324687459997222,20.369888096000068,93.95718181700067,0.18075236678123474,0.9375,0.9375,0.9444444444444444,0.9372549019607843,1.6458333333333335e-05,1.03125,0.0,2.0,hard|easy|medium
test,0,3,39,32,0.5347996489999787,20.90525106699897,94.49254483699951,0.06739389896392822,1.0,1.0,1.0,1.0,1.6423611111111112e-05,0.78125,0.0,2.0,easy|medium|hard
test,0,3,40,32,0.5330467439998756,21.438752340000065,95.02604615000018,0.11728666722774506,0.9615384615384616,0.96875,0.975,0.9671794871794872,1.638888888888889e-05,0.90625,0.0,2.0,easy|medium|hard
test,0,3,41,32,0.533880904000398,21.973208660998353,95.56050238500029,0.17034360766410828,0.9375,0.9375,0.9444444444444444,0.9372549019607843,1.635416666666667e-05,1.0,0.0,2.0,medium|hard|easy
test,0,3,42,32,0.5338564319990837,22.50762020899856,96.09491394200086,0.10936849564313889,0.9375,0.9375,0.9375,0.9375,1.6319444444444444e-05,0.8125,0.0,2.0,hard|easy|medium
test,0,3,43,32,0.5330319200002123,23.04117683000004,96.62847064800008,0.09302250295877457,0.96875,0.96875,0.9705882352941176,0.9687194525904204,1.6284722222222225e-05,1.03125,0.0,2.0,easy|hard|medium
test,0,3,44,32,0.5337792680002167,23.57545150599981,97.16274523100037,0.13015559315681458,0.9782608695652174,0.96875,0.95,0.9625730994152046,1.6250000000000002e-05,0.875,0.0,2.0,easy|medium|hard
test,0,3,45,32,0.5338288279999688,24.109805907999544,97.69709967400013,0.09638795256614685,0.96875,0.96875,0.9705882352941176,0.9687194525904204,1.621527777777778e-05,1.15625,0.0,2.0,easy|hard|medium
test,0,3,46,32,0.532905051999478,24.643249970999022,98.23054369000056,0.19081509113311768,0.9352226720647774,0.9375,0.9352226720647774,0.9352226720647774,1.6180555555555557e-05,0.9375,0.0,2.0,easy|medium|hard
test,0,3,47,32,0.5337054650008213,25.177412380999158,98.76470614299978,0.12423311173915863,0.96875,0.96875,0.9705882352941176,0.9687194525904204,1.6145833333333334e-05,0.6875,0.0,2.0,medium|easy|hard
test,0,3,48,32,0.5334731549992284,25.711414823999803,99.29870855899935,0.19923028349876404,0.9365079365079365,0.9375,0.9365079365079365,0.9365079365079365,1.6111111111111115e-05,1.125,0.0,2.0,easy|medium|hard
test,0,3,49,32,0.5330535430002783,26.245016917999237,99.83231072499984,0.04645080864429474,1.0,1.0,1.0,1.0,1.607638888888889e-05,0.8125,0.0,2.0,medium|easy|hard
test,0,3,50,32,0.5344403449998936,26.7799709789997,100.36726473199997,0.020664136856794357,1.0,1.0,1.0,1.0,1.604166666666667e-05,0.9375,0.0,2.0,medium|easy|hard
test,0,3,51,32,0.5335957289989892,27.31406781899932,100.90136163900024,0.1831570267677307,0.9307359307359306,0.9375,0.9307359307359306,0.9307359307359306,1.6006944444444447e-05,0.75,0.0,2.0,medium|easy|hard
test,0,3,52,32,0.5320783850002044,27.846589182998287,101.43388293499993,0.14009785652160645,0.9666666666666667,0.96875,0.9722222222222222,0.9684729064039409,1.5972222222222224e-05,1.15625,0.0,2.0,hard|easy|medium
test,0,3,53,32,0.5344696450010815,28.38157342699924,101.96886716799963,0.131631001830101,0.9375,0.9375,0.9375,0.9375,1.59375e-05,1.125,0.0,2.0,medium|hard|easy
test,0,3,54,32,0.5339514919996873,28.916018065998287,102.50331181600086,0.08366499841213226,0.9705882352941176,0.96875,0.96875,0.9687194525904204,1.590277777777778e-05,1.1875,0.0,2.0,hard|medium|easy
test,0,3,55,32,0.5329708529989148,29.44946687799893,103.03676059799909,0.012152750045061111,1.0,1.0,1.0,1.0,1.5868055555555556e-05,1.0,0.0,2.0,hard|easy|medium
test,0,3,56,32,0.5339506099990103,29.983979913999065,103.57127369400041,0.2884993553161621,0.8529411764705883,0.84375,0.875,0.8423645320197044,1.5833333333333333e-05,0.71875,0.0,2.0,hard|easy|medium
test,0,3,57,32,0.534000173000095,30.5184883059992,104.10578203499972,0.40632256865501404,0.9009661835748792,0.90625,0.8772727272727273,0.887719298245614,1.5798611111111114e-05,0.90625,0.0,2.0,hard|medium|easy
test,0,3,58,32,0.5328160439985368,31.051868509999622,104.6391622730007,0.5504836440086365,0.8562753036437247,0.84375,0.84375,0.8423645320197044,1.576388888888889e-05,0.875,0.0,2.0,medium|easy|hard
test,0,3,59,32,0.5345063919994573,31.58693755799868,105.17423127999973,0.08335884660482407,0.96875,0.96875,0.9705882352941176,0.9687194525904204,1.572916666666667e-05,0.8125,0.0,2.0,easy|hard|medium
test,0,3,60,32,0.5338316150009632,32.121379242998955,105.70867305200045,0.1809283047914505,0.9722222222222222,0.96875,0.9666666666666667,0.9684729064039409,1.5694444444444446e-05,0.96875,0.0,2.0,hard|easy|medium
test,0,3,61,32,0.5329378030000953,32.654770704999464,106.24206443900039,0.17534422874450684,0.9615384615384616,0.96875,0.975,0.9671794871794872,1.5659722222222223e-05,0.90625,0.0,2.0,easy|hard|medium
test,0,3,62,32,0.5336734350003098,33.18891668699871,106.77621042700048,0.203094482421875,0.9411764705882353,0.9375,0.9411764705882353,0.9375,1.5625e-05,0.71875,0.0,2.0,medium|easy|hard
test,0,3,63,32,0.5334023220002564,33.72278507499868,107.31007888699969,0.13511893153190613,0.873015873015873,0.875,0.873015873015873,0.873015873015873,1.5590277777777778e-05,1.0,0.0,2.0,easy|hard|medium
test,0,3,64,20,0.36397230900001887,34.08722815699912,107.67452187600065,0.08194895088672638,0.9545454545454546,0.95,0.95,0.949874686716792,1.555555555555556e-05,0.8500000238418579,0.0,2.0,hard|easy|medium
test,0,4,1,32,0.5343211159997736,0.6141684020003595,110.94196717100021,0.09627915173768997,0.9642857142857143,0.96875,0.9736842105263157,0.967967967967968,1.5520833333333332e-05,1.125,0.0,2.0,hard|easy|medium
test,0,4,2,32,0.5348765649996494,1.1496626020016265,111.47745968299932,0.07088346779346466,0.9642857142857143,0.96875,0.9736842105263157,0.967967967967968,1.5486111111111113e-05,0.78125,0.0,2.0,hard|medium|easy
test,0,4,3,32,0.5327044240002579,1.6829325320013595,112.01072965800086,0.015540847554802895,1.0,1.0,1.0,1.0,1.545138888888889e-05,0.78125,0.0,2.0,hard|medium|easy
test,0,4,4,32,0.5329805099991063,2.216420284999913,112.54421751299924,0.014790919609367847,1.0,1.0,1.0,1.0,1.5416666666666668e-05,0.71875,0.0,2.0,hard|medium|easy
test,0,4,5,32,0.5340139529998851,2.7509899480010063,113.07878707700002,0.01699058711528778,1.0,1.0,1.0,1.0,1.5381944444444445e-05,0.71875,0.0,2.0,medium|easy|hard
test,0,4,6,32,0.5339473809999618,3.285470961000101,113.61326804999953,0.10877110064029694,0.96875,0.96875,0.9705882352941176,0.9687194525904204,1.5347222222222226e-05,1.0,0.0,2.0,hard|easy|medium
test,0,4,7,32,0.5332769079996069,3.8192573160013126,114.1470544570002,0.08781743049621582,0.9705882352941176,0.96875,0.96875,0.9687194525904204,1.5312500000000003e-05,0.71875,0.0,2.0,easy|medium|hard
test,0,4,8,32,0.5344677040011447,4.354305144001046,114.68210229299984,0.13978058099746704,0.9666666666666667,0.96875,0.9722222222222222,0.9684729064039409,1.5277777777777777e-05,1.1875,0.0,2.0,medium|easy|hard
test,0,4,9,32,0.5328429539986246,4.8877295370002685,115.21552662800059,0.0254235677421093,1.0,1.0,1.0,1.0,1.5243055555555558e-05,0.8125,0.0,2.0,medium|easy|hard
test,0,4,10,32,0.5325767759986775,5.42086177300007,115.74865887700071,0.012190064415335655,1.0,1.0,1.0,1.0,1.5208333333333333e-05,0.96875,0.0,2.0,hard|medium|easy
test,0,4,11,32,0.5345085530007054,5.955790039000931,116.28358712299996,0.010478518903255463,1.0,1.0,1.0,1.0,1.5173611111111112e-05,0.84375,0.0,2.0,easy|medium|hard
test,0,4,12,32,0.5332219219999388,6.489601074001257,116.81739828900027,0.16473089158535004,0.96875,0.96875,0.9705882352941176,0.9687194525904204,1.513888888888889e-05,0.75,0.0,2.0,easy|hard|medium
test,0,4,13,32,0.534422976001224,7.0245557080015715,117.35235278999971,0.05723622441291809,0.9411764705882353,0.9375,0.9411764705882353,0.9375,1.5104166666666668e-05,1.09375,0.0,2.0,easy|hard|medium
test,0,4,14,32,0.5338335090000328,7.5589063269999315,117.88670354799979,0.02287720888853073,1.0,1.0,1.0,1.0,1.5069444444444446e-05,0.96875,0.0,2.0,easy|hard|medium
test,0,4,15,32,0.5337052279992349,8.09318192000137,118.42097918900072,0.1980452835559845,0.9411764705882353,0.9375,0.9411764705882353,0.9375,1.5034722222222225e-05,1.09375,0.0,2.0,easy|hard|medium
test,0,4,16,32,0.5340294340003311,8.627785720000247,118.95558287300082,0.16578309237957,0.9736842105263157,0.96875,0.9642857142857143,0.967967967967968,1.5000000000000002e-05,0.875,0.0,2.0,hard|easy|medium
test,0,4,17,32,0.5330534719996649,9.161278979001509,119.48907611499999,0.22133071720600128,0.9473684210526316,0.9375,0.9333333333333333,0.9365079365079365,1.4965277777777778e-05,0.96875,0.0,2.0,hard|easy|medium
test,0,4,18,32,0.5334720339997148,9.695340971000405,120.0231380869991,0.01004180870950222,1.0,1.0,1.0,1.0,1.4930555555555557e-05,0.65625,0.0,2.0,hard|medium|easy
test,0,4,19,32,0.5341808880002645,10.230056852000416,120.55785394399936,0.008160993456840515,1.0,1.0,1.0,1.0,1.4895833333333334e-05,1.1875,0.0,2.0,medium|hard|easy
test,0,4,20,32,0.5333081270000548,10.763850900000762,121.09164800299914,0.42691299319267273,0.8745098039215686,0.875,0.8745098039215686,0.8745098039215686,1.4861111111111113e-05,0.8125,0.0,2.0,medium|easy|hard
test,0,4,21,32,0.5327763760014932,11.297186338000756,121.62498349400084,0.007596605457365513,1.0,1.0,1.0,1.0,1.482638888888889e-05,0.84375,0.0,2.0,hard|easy|medium
test,0,4,22,32,0.5339771769995423,11.831748876000347,122.15954602700003,0.005892985034734011,1.0,1.0,1.0,1.0,1.479166666666667e-05,0.75,0.0,2.0,hard|easy|medium
test,0,4,23,32,0.533509930000946,12.365703942999971,122.69350107900027,0.03872198238968849,0.9642857142857143,0.96875,0.9736842105263157,0.967967967967968,1.4756944444444445e-05,0.75,0.0,2.0,easy|medium|hard
test,0,4,24,32,0.5328004910006712,12.899098441001115,123.22689587899913,0.006477572955191135,1.0,1.0,1.0,1.0,1.4722222222222224e-05,1.15625,0.0,2.0,medium|hard|easy
test,0,4,25,32,0.5341904979995888,13.433857781999905,123.76165493400003,0.12962765991687775,0.9411764705882353,0.9375,0.9411764705882353,0.9375,1.4687500000000001e-05,0.875,0.0,2.0,medium|easy|hard
test,0,4,26,32,0.5336069519999,13.967900387000554,124.2956975369998,0.02237853966653347,1.0,1.0,1.0,1.0,1.4652777777777779e-05,1.0,0.0,2.0,medium|easy|hard
test,0,4,27,32,0.5328691380000237,14.501312682001299,124.82910985300077,0.004769777879118919,1.0,1.0,1.0,1.0,1.4618055555555558e-05,0.875,0.0,2.0,easy|medium|hard
test,0,4,28,32,0.5345641789990623,15.036349250000058,125.36414647799938,0.1052619069814682,0.975,0.96875,0.9615384615384616,0.9671794871794872,1.4583333333333333e-05,1.0,0.0,2.0,easy|medium|hard
test,0,4,29,32,0.533506320000015,15.570403069001259,125.89820021599917,0.008491485379636288,1.0,1.0,1.0,1.0,1.4548611111111112e-05,1.0,0.0,2.0,hard|easy|medium
test,0,4,30,32,0.5332492199995613,16.10425514600138,126.43205226099963,0.0057780928909778595,1.0,1.0,1.0,1.0,1.451388888888889e-05,0.84375,0.0,2.0,hard|easy|medium
test,0,4,31,32,0.5339883630003897,16.63881356800084,126.9666108879992,0.4404600262641907,0.925,0.90625,0.9,0.9039039039039038,1.4479166666666669e-05,0.9375,0.0,2.0,easy|hard|medium
test,0,4,32,32,0.5334590429993114,17.172882329001368,127.50067947199932,0.1651051789522171,0.9736842105263157,0.96875,0.9642857142857143,0.967967967967968,1.4444444444444446e-05,0.71875,0.0,2.0,hard|easy|medium
test,0,4,33,32,0.5333857139994507,17.706758869000623,128.03455613199912,0.2363269329071045,0.9333333333333333,0.9375,0.9333333333333333,0.9333333333333333,1.4409722222222225e-05,1.21875,0.0,2.0,medium|easy|hard
test,0,4,34,32,0.5342289019990858,18.241541865001636,128.56933908000065,0.2000652253627777,0.96875,0.96875,0.9705882352941176,0.9687194525904204,1.4375e-05,0.96875,0.0,2.0,medium|easy|hard
test,0,4,35,32,0.5333230570013257,18.775362793001477,129.10315993699987,0.15460410714149475,0.9642857142857143,0.96875,0.9736842105263157,0.967967967967968,1.4340277777777778e-05,0.96875,0.0,2.0,easy|medium|hard
test,0,4,36,32,0.53355498000019,19.309525814000153,129.6373230400004,0.025938108563423157,1.0,1.0,1.0,1.0,1.4305555555555557e-05,0.84375,0.0,2.0,easy|hard|medium
test,0,4,37,32,0.5342883390003408,19.84433007000007,130.17212720399948,0.6012860536575317,0.8650793650793651,0.875,0.8833333333333333,0.8704453441295547,1.4270833333333334e-05,1.0625,0.0,2.0,hard|medium|easy
test,0,4,38,32,0.5332562509993295,20.378151273000185,130.70594842100036,0.024611711502075195,1.0,1.0,1.0,1.0,1.4236111111111113e-05,0.84375,0.0,2.0,easy|medium|hard
test,0,4,39,32,0.532632611999361,20.911375880001287,131.2391729739993,0.41164934635162354,0.9,0.90625,0.925,0.9039039039039038,1.420138888888889e-05,0.90625,0.0,2.0,easy|hard|medium
test,0,4,40,32,0.5337748940000893,21.44577197900071,131.77356907399917,0.004938788712024689,1.0,1.0,1.0,1.0,1.416666666666667e-05,0.71875,0.0,2.0,medium|easy|hard
test,0,4,41,32,0.5330904270012979,21.97935803800101,132.30715518800025,0.004428436979651451,1.0,1.0,1.0,1.0,1.4131944444444445e-05,0.71875,0.0,2.0,medium|easy|hard
test,0,4,42,32,0.5326425679995737,22.51258030900135,132.84037738699953,0.2951201796531677,0.9375,0.9375,0.9444444444444444,0.9372549019607843,1.4097222222222224e-05,0.9375,0.0,2.0,medium|hard|easy
test,0,4,43,32,0.5342398110005888,23.047323970000434,133.37512106299982,0.04742814972996712,0.95,0.96875,0.9782608695652174,0.9625730994152046,1.4062500000000001e-05,0.78125,0.0,2.0,easy|medium|hard
test,0,4,44,32,0.5335803470006795,23.58134001700091,133.9091371249997,0.00821575615555048,1.0,1.0,1.0,1.0,1.4027777777777779e-05,1.125,0.0,2.0,medium|easy|hard
test,0,4,45,32,0.5325969080004143,24.11450573700131,134.4423028729998,0.006922075059264898,1.0,1.0,1.0,1.0,1.3993055555555558e-05,1.09375,0.0,2.0,hard|medium|easy
test,0,4,46,32,0.5345507599995472,24.64963722200082,134.97743434699987,0.12069754302501678,0.9722222222222222,0.96875,0.9666666666666667,0.9684729064039409,1.3958333333333333e-05,0.875,0.0,2.0,hard|easy|medium
test,0,4,47,32,0.5330563850002363,25.18311909300064,135.51091627499954,0.032542090862989426,0.975,0.96875,0.9615384615384616,0.9671794871794872,1.3923611111111112e-05,0.875,0.0,2.0,medium|easy|hard
test,0,4,48,32,0.5333703100004641,25.71703209500083,136.04482923700016,0.01783539168536663,1.0,1.0,1.0,1.0,1.388888888888889e-05,0.75,0.0,2.0,medium|easy|hard
test,0,4,49,32,0.5341174549994321,26.251639228001295,136.5794363540008,0.15824876725673676,0.9736842105263157,0.96875,0.9642857142857143,0.967967967967968,1.3854166666666669e-05,0.78125,0.0,2.0,easy|medium|hard
test,0,4,50,32,0.5330290289984987,26.78522727300151,137.113024708,0.15563146770000458,0.95,0.96875,0.9782608695652174,0.9625730994152046,1.3819444444444446e-05,1.15625,0.0,2.0,medium|hard|easy
test,0,4,51,32,0.5338858029990661,27.31970565100164,137.6475028069999,0.0552583746612072,0.9705882352941176,0.96875,0.96875,0.9687194525904204,1.3784722222222225e-05,1.03125,0.0,2.0,easy|hard|medium
test,0,4,52,32,0.5329626630009443,27.853188557000976,138.18098586999986,0.1667594462633133,0.96875,0.96875,0.9705882352941176,0.9687194525904204,1.375e-05,1.25,0.0,2.0,hard|medium|easy
test,0,4,53,32,0.5331307479991665,28.3868927550011,138.7146899140007,0.009538840502500534,1.0,1.0,1.0,1.0,1.3715277777777778e-05,1.0,0.0,2.0,easy|medium|hard
test,0,4,54,32,0.5339447059996019,28.92136012300034,139.24915726200015,0.00870257243514061,1.0,1.0,1.0,1.0,1.3680555555555557e-05,0.625,0.0,2.0,medium|easy|hard
test,0,4,55,32,0.5335555319998093,29.45547418100068,139.7832712670006,0.0055356258526444435,1.0,1.0,1.0,1.0,1.3645833333333334e-05,0.6875,0.0,2.0,easy|medium|hard
test,0,4,56,32,0.5333707760000834,29.989384586000597,140.31718209599967,0.1817728728055954,0.975,0.96875,0.9615384615384616,0.9671794871794872,1.3611111111111113e-05,0.96875,0.0,2.0,easy|medium|hard
test,0,4,57,32,0.5343858400010504,30.524310196000442,140.85210734000066,0.0651257261633873,0.9666666666666667,0.96875,0.9722222222222222,0.9684729064039409,1.3576388888888889e-05,1.03125,0.0,2.0,hard|medium|easy
test,0,4,58,32,0.5336888729998464,31.05856579400097,141.38636329899964,0.010867476463317871,1.0,1.0,1.0,1.0,1.3541666666666668e-05,1.0625,0.0,2.0,medium|easy|hard
test,0,4,59,32,0.5320970169996144,31.59122088500044,141.91901804000008,0.1622896045446396,0.9705882352941176,0.96875,0.96875,0.9687194525904204,1.3506944444444445e-05,0.59375,0.0,2.0,medium|easy|hard
test,0,4,60,32,0.534116721000828,32.12591110500034,142.45370824900056,0.018202127888798714,1.0,1.0,1.0,1.0,1.3472222222222224e-05,0.875,0.0,2.0,medium|hard|easy
test,0,4,61,32,0.5335523489993648,32.65993569700004,142.98773284399977,0.07777146995067596,0.9772727272727273,0.96875,0.9545454545454546,0.964562569213732,1.3437500000000001e-05,1.03125,0.0,2.0,easy|hard|medium
test,0,4,62,32,0.5323887670001568,33.192737568000666,143.52053471600084,0.1801120638847351,0.9705882352941176,0.96875,0.96875,0.9687194525904204,1.3402777777777779e-05,0.9375,0.0,2.0,medium|easy|hard
test,0,4,63,32,0.5340842129990051,33.727280301000064,144.05507747800038,0.14397774636745453,0.975,0.96875,0.9615384615384616,0.9671794871794872,1.3368055555555558e-05,1.15625,0.0,2.0,medium|hard|easy
test,0,4,64,20,0.3645716770006402,34.092291422000926,144.42008856400025,0.19137366116046906,0.95,0.95,0.9545454545454546,0.949874686716792,1.3333333333333333e-05,1.2000000476837158,0.0,2.0,hard|easy|medium
test,0,5,1,32,0.5330802130010852,0.6135524599994824,147.6902594000003,0.08263245224952698,0.9666666666666667,0.96875,0.9722222222222222,0.9684729064039409,1.3298611111111112e-05,1.0,0.0,2.0,medium|easy|hard
test,0,5,2,32,0.5328117210010532,1.1470451339991996,148.22375207000005,0.07382701337337494,0.9761904761904762,0.96875,0.9583333333333333,0.9660657476139979,1.326388888888889e-05,1.03125,0.0,2.0,hard|easy|medium
test,0,5,3,32,0.5344625959987752,1.6820129789994098,148.75871997099966,0.011573988944292068,1.0,1.0,1.0,1.0,1.3229166666666669e-05,0.90625,0.0,2.0,easy|hard|medium
test,0,5,4,32,0.53398425100022,2.2164425259998097,149.29314945700025,0.021860748529434204,1.0,1.0,1.0,1.0,1.3194444444444446e-05,1.09375,0.0,2.0,medium|easy|hard
test,0,5,5,32,0.5326735050002753,2.74963949999983,149.82634642999983,0.03573713079094887,0.9642857142857143,0.96875,0.9736842105263157,0.967967967967968,1.3159722222222225e-05,0.875,0.0,2.0,hard|medium|easy
test,0,5,6,32,0.5342238619996351,3.2843803239993576,150.3610872749996,0.009274240583181381,1.0,1.0,1.0,1.0,1.3125e-05,0.9375,0.0,2.0,medium|easy|hard
test,0,5,7,32,0.5335719559989229,3.818528289999449,150.89523521400042,0.00908181443810463,1.0,1.0,1.0,1.0,1.3090277777777778e-05,0.8125,0.0,2.0,hard|medium|easy
test,0,5,8,32,0.5327222529995197,4.3518338139983825,151.4285409719996,0.03322431817650795,1.0,1.0,1.0,1.0,1.3055555555555557e-05,1.21875,0.0,2.0,medium|easy|hard
test,0,5,9,32,0.5338542459994642,4.88620556099886,151.96291260200087,0.02318359911441803,1.0,1.0,1.0,1.0,1.3020833333333334e-05,0.8125,0.0,2.0,easy|medium|hard
test,0,5,10,32,0.5336178859997744,5.4203690019985515,152.49707591900005,0.007143356837332249,1.0,1.0,1.0,1.0,1.2986111111111113e-05,1.0625,0.0,2.0,hard|medium|easy
test,0,5,11,32,0.532767557000625,5.953735287999734,153.03044222300014,0.00539784412831068,1.0,1.0,1.0,1.0,1.2951388888888889e-05,0.84375,0.0,2.0,easy|medium|hard
test,0,5,12,32,0.5340624309992563,6.4883540049995645,153.56506095300028,0.07500085234642029,0.96875,0.96875,0.9705882352941176,0.9687194525904204,1.2916666666666668e-05,0.78125,0.0,2.0,medium|easy|hard
test,0,5,13,32,0.5332211530003406,7.022021473998393,154.0987285049996,0.00384080340154469,1.0,1.0,1.0,1.0,1.2881944444444445e-05,0.75,0.0,2.0,hard|easy|medium
test,0,5,14,32,0.5327852070004155,7.555266812998525,154.63197371500064,0.15377357602119446,0.9705882352941176,0.96875,0.96875,0.9687194525904204,1.2847222222222224e-05,0.9375,0.0,2.0,easy|medium|hard
test,0,5,15,32,0.5335211109995726,8.089344591999179,155.1660515349995,0.022433532401919365,1.0,1.0,1.0,1.0,1.2812500000000001e-05,0.90625,0.0,2.0,medium|hard|easy
test,0,5,16,32,0.5332514220008306,8.623170223998386,155.69987713699993,0.003663252107799053,1.0,1.0,1.0,1.0,1.2777777777777777e-05,1.0625,0.0,2.0,easy|medium|hard
test,0,5,17,32,0.5325657860012143,9.156305503998738,156.23301242600064,0.0030240274500101805,1.0,1.0,1.0,1.0,1.2743055555555556e-05,0.5625,0.0,2.0,easy|hard|medium
test,0,5,18,32,0.5348190499989869,9.691728936999425,156.76843587000076,0.19687128067016602,0.9642857142857143,0.96875,0.9736842105263157,0.967967967967968,1.2708333333333333e-05,1.1875,0.0,2.0,hard|medium|easy
test,0,5,19,32,0.5327226529989275,10.224911198998598,157.3016181189996,0.003010666463524103,1.0,1.0,1.0,1.0,1.2673611111111112e-05,0.9375,0.0,2.0,easy|hard|medium
test,0,5,20,32,0.5318455190008535,10.757277380998858,157.83398430499983,0.002782244235277176,1.0,1.0,1.0,1.0,1.263888888888889e-05,1.03125,0.0,2.0,hard|easy|medium
test,0,5,21,32,0.5339888790003897,11.291828171999441,158.3685350880005,0.003758869832381606,1.0,1.0,1.0,1.0,1.2604166666666669e-05,0.6875,0.0,2.0,easy|hard|medium
test,0,5,22,32,0.5329406069995457,11.825314924999475,158.9020218429996,0.002992094960063696,1.0,1.0,1.0,1.0,1.2569444444444446e-05,0.84375,0.0,2.0,medium|hard|easy
test,0,5,23,32,0.5321107660001871,12.358013164999647,159.43472009499965,0.17227454483509064,0.9736842105263157,0.96875,0.9642857142857143,0.967967967967968,1.2534722222222225e-05,0.59375,0.0,2.0,easy|hard|medium
test,0,5,24,32,0.5341244770006597,12.892731547999574,159.96943854200072,0.0022867012303322554,1.0,1.0,1.0,1.0,1.25e-05,1.09375,0.0,2.0,easy|hard|medium
test,0,5,25,32,0.5331313570004568,13.426347038999666,160.50305396899967,0.0025743211153894663,1.0,1.0,1.0,1.0,1.2465277777777778e-05,0.96875,0.0,2.0,easy|medium|hard
test,0,5,26,32,0.5339419629999611,13.960789450999073,161.0374963510003,0.008627250790596008,1.0,1.0,1.0,1.0,1.2430555555555557e-05,0.84375,0.0,2.0,medium|easy|hard
test,0,5,27,32,0.5343656740005827,14.495639273000052,161.5723461990001,0.011550324968993664,1.0,1.0,1.0,1.0,1.2395833333333334e-05,1.0,0.0,2.0,easy|hard|medium
test,0,5,28,32,0.5333517819999543,15.029493251999156,162.1062001499995,0.002530586440116167,1.0,1.0,1.0,1.0,1.2361111111111113e-05,0.90625,0.0,2.0,easy|hard|medium
test,0,5,29,32,0.5339331140003196,15.563958025999455,162.64066496600026,0.0026807282119989395,1.0,1.0,1.0,1.0,1.2326388888888889e-05,0.75,0.0,2.0,easy|medium|hard
test,0,5,30,32,0.5335877800007438,16.098070768999605,163.1747776810007,0.011091985739767551,1.0,1.0,1.0,1.0,1.2291666666666668e-05,1.09375,0.0,2.0,hard|medium|easy
test,0,5,31,32,0.5332761600002414,16.631892954999785,163.70859986699907,0.13479754328727722,0.96875,0.96875,0.9705882352941176,0.9687194525904204,1.2256944444444445e-05,0.84375,0.0,2.0,easy|medium|hard
test,0,5,32,32,0.5341327369987994,17.166558897999494,164.24326592999932,0.0016855713911354542,1.0,1.0,1.0,1.0,1.2222222222222224e-05,0.78125,0.0,2.0,medium|hard|easy
test,0,5,33,32,0.5334478189997753,17.700588429999698,164.77729542999987,0.0027615686412900686,1.0,1.0,1.0,1.0,1.2187500000000001e-05,0.78125,0.0,2.0,easy|hard|medium
test,0,5,34,32,0.532617766999465,18.233757396999863,165.31046461000005,0.23789004981517792,0.9333333333333333,0.9375,0.9333333333333333,0.9333333333333333,1.2152777777777777e-05,1.09375,0.0,2.0,hard|medium|easy
test,0,5,35,32,0.5339821719990141,18.768352616998527,165.8450595409995,0.002541538327932358,1.0,1.0,1.0,1.0,1.2118055555555556e-05,0.75,0.0,2.0,medium|hard|easy
test,0,5,36,32,0.5330808830003662,19.302003784998305,166.37871070099936,0.0015050368383526802,1.0,1.0,1.0,1.0,1.2083333333333333e-05,1.03125,0.0,2.0,medium|easy|hard
test,0,5,37,32,0.5330882179987384,19.835592473998986,166.91229940300036,0.001654694089666009,1.0,1.0,1.0,1.0,1.2048611111111112e-05,1.09375,0.0,2.0,hard|medium|easy
test,0,5,38,32,0.5338491299989983,20.37002361299892,167.44673054300074,0.14051346480846405,0.9722222222222222,0.96875,0.9666666666666667,0.9684729064039409,1.201388888888889e-05,0.875,0.0,2.0,easy|hard|medium
test,0,5,39,32,0.5334990249994007,20.904031151998424,167.98073815799944,0.018018504604697227,1.0,1.0,1.0,1.0,1.1979166666666669e-05,1.0625,0.0,2.0,medium|easy|hard
test,0,5,40,32,0.5322317400004977,21.436820285000067,168.51352719500028,0.0027252419386059046,1.0,1.0,1.0,1.0,1.1944444444444444e-05,0.875,0.0,2.0,medium|easy|hard
test,0,5,41,32,0.5343414870003471,21.971710995998365,169.04841795600078,0.0019286982715129852,1.0,1.0,1.0,1.0,1.1909722222222223e-05,0.625,0.0,2.0,easy|hard|medium
test,0,5,42,32,0.5338419529998646,22.506107216999226,169.58281414299927,0.001670715631917119,1.0,1.0,1.0,1.0,1.1875e-05,0.9375,0.0,2.0,easy|medium|hard
test,0,5,43,32,0.533063704999222,23.039772192998498,170.11647909800013,0.4194639325141907,0.9365079365079365,0.9375,0.9365079365079365,0.9365079365079365,1.1840277777777778e-05,0.78125,0.0,2.0,easy|medium|hard
test,0,5,44,32,0.5333703470005275,23.573739353998462,170.65044628299984,0.002151886001229286,1.0,1.0,1.0,1.0,1.1805555555555557e-05,0.75,0.0,2.0,easy|medium|hard
test,0,5,45,32,0.5346971449998819,24.109010026999385,171.1857170910007,0.06879609823226929,0.9722222222222222,0.96875,0.9666666666666667,0.9684729064039409,1.1770833333333334e-05,1.0625,0.0,2.0,hard|easy|medium
test,0,5,46,32,0.5329323989990371,24.642524119999507,171.719231047,0.0016457290621474385,1.0,1.0,1.0,1.0,1.1736111111111113e-05,1.03125,0.0,2.0,medium|easy|hard
test,0,5,47,32,0.5337804999999207,25.176886653998736,172.25359359700087,0.14643682539463043,0.9736842105263157,0.96875,0.9642857142857143,0.967967967967968,1.1701388888888889e-05,0.9375,0.0,2.0,medium|hard|easy
test,0,5,48,32,0.5330491679997067,25.710508378999293,172.7872153820008,0.19406720995903015,0.9666666666666667,0.96875,0.9722222222222222,0.9684729064039409,1.1666666666666668e-05,0.96875,0.0,2.0,easy|medium|hard
test,0,5,49,32,0.5332720639999025,26.24436918199899,173.32107610099956,0.0048135872930288315,1.0,1.0,1.0,1.0,1.1631944444444445e-05,1.0,0.0,2.0,hard|medium|easy
test,0,5,50,32,0.5339430849999189,26.778790692998882,173.8554977519998,0.1817571520805359,0.9722222222222222,0.96875,0.9666666666666667,0.9684729064039409,1.1597222222222224e-05,0.875,0.0,2.0,easy|hard|medium
test,0,5,51,32,0.5331123070009198,27.312444362998576,174.38915129499946,0.0020466165151447058,1.0,1.0,1.0,1.0,1.1562500000000002e-05,0.75,0.0,2.0,medium|easy|hard
test,0,5,52,32,0.5330026499996166,27.84600622399921,174.92271314999925,0.21847470104694366,0.9705882352941176,0.96875,0.96875,0.9687194525904204,1.1527777777777777e-05,0.9375,0.0,2.0,easy|hard|medium
test,0,5,53,32,0.5338123139990785,28.38033189899943,175.45703919699918,0.0067153205163776875,1.0,1.0,1.0,1.0,1.1493055555555556e-05,0.84375,0.0,2.0,hard|easy|medium
test,0,5,54,32,0.5332290320002357,28.914064455999323,175.9907714109995,0.003257663454860449,1.0,1.0,1.0,1.0,1.1458333333333333e-05,0.9375,0.0,2.0,medium|hard|easy
test,0,5,55,32,0.532833526000104,29.447326086999965,176.52403299800062,0.22472849488258362,0.9285714285714286,0.9375,0.95,0.9352226720647774,1.1423611111111112e-05,1.09375,0.0,2.0,easy|hard|medium
test,0,5,56,32,0.5335636470008467,29.981472211999062,177.05817914100044,0.002564286347478628,1.0,1.0,1.0,1.0,1.138888888888889e-05,0.78125,0.0,2.0,easy|medium|hard
test,0,5,57,32,0.5332084689998737,30.515275263998774,177.59198218100028,0.04306242614984512,0.96875,0.96875,0.9705882352941176,0.9687194525904204,1.1354166666666669e-05,1.0625,0.0,2.0,hard|medium|easy
test,0,5,58,32,0.533462794001025,31.049337199998263,178.12604409699998,0.0027309274300932884,1.0,1.0,1.0,1.0,1.1319444444444444e-05,1.0,0.0,2.0,medium|hard|easy
test,0,5,59,32,0.5341222639999614,31.584050225999817,178.66075712699967,0.0026795752346515656,1.0,1.0,1.0,1.0,1.1284722222222223e-05,0.84375,0.0,2.0,easy|hard|medium
test,0,5,60,32,0.5328595130013127,32.11748497799999,179.19419193800059,0.002842643531039357,1.0,1.0,1.0,1.0,1.125e-05,0.875,0.0,2.0,hard|easy|medium
test,0,5,61,32,0.5324682140017103,32.650423675999264,179.7271305890008,0.19645783305168152,0.9705882352941176,0.96875,0.96875,0.9687194525904204,1.1215277777777778e-05,0.9375,0.0,2.0,easy|hard|medium
test,0,5,62,32,0.5334150760008924,33.18430478799928,180.26101167900015,0.1488853245973587,0.9736842105263157,0.96875,0.9642857142857143,0.967967967967968,1.1180555555555557e-05,0.875,0.0,2.0,hard|medium|easy
test,0,5,63,32,0.5327988279987039,33.71760636899853,180.7943132950004,0.008305185474455357,1.0,1.0,1.0,1.0,1.1145833333333334e-05,1.28125,0.0,2.0,hard|easy|medium
test,0,5,64,20,0.3630067700014479,34.08106244499868,181.15776936600014,0.004701125901192427,1.0,1.0,1.0,1.0,1.1111111111111113e-05,0.8500000238418579,0.0,2.0,easy|hard|medium
test,0,6,1,32,0.5351166399996146,0.6155365489994438,184.41841723799917,0.008869022130966187,1.0,1.0,1.0,1.0,1.1076388888888889e-05,1.03125,0.0,2.0,hard|medium|easy
test,0,6,2,32,0.5335642900008679,1.1496978420000232,184.95257832099924,0.13513818383216858,0.96875,0.96875,0.9705882352941176,0.9687194525904204,1.1041666666666668e-05,0.96875,0.0,2.0,hard|medium|easy
test,0,6,3,32,0.5333232560005854,1.6835649049990025,185.48644538500048,0.03079371340572834,0.96875,0.96875,0.9705882352941176,0.9687194525904204,1.1006944444444445e-05,1.0,0.0,2.0,medium|easy|hard
test,0,6,4,32,0.5326904880002985,2.216752390999318,186.01963287500075,0.004581085406243801,1.0,1.0,1.0,1.0,1.0972222222222224e-05,0.96875,0.0,2.0,medium|hard|easy
test,0,6,5,32,0.5332939659983822,2.7505283979990054,186.5534088889999,0.057183992117643356,0.9615384615384616,0.96875,0.975,0.9671794871794872,1.0937500000000002e-05,1.0,0.0,2.0,medium|hard|easy
test,0,6,6,32,0.5327283160004299,3.283725407998645,187.08660588400016,0.0037150480784475803,1.0,1.0,1.0,1.0,1.0902777777777777e-05,0.96875,0.0,2.0,easy|hard|medium
test,0,6,7,32,0.532857148000403,3.8171154979991115,187.61999598299917,0.004596602637320757,1.0,1.0,1.0,1.0,1.0868055555555556e-05,0.84375,0.0,2.0,medium|hard|easy
test,0,6,8,32,0.5338654329989367,4.3515616579989,188.15444213500086,0.004408089444041252,1.0,1.0,1.0,1.0,1.0833333333333334e-05,0.8125,0.0,2.0,easy|medium|hard
test,0,6,9,32,0.5330589329987561,4.885164512999836,188.6880449830005,0.0058740051463246346,1.0,1.0,1.0,1.0,1.0798611111111113e-05,0.9375,0.0,2.0,hard|medium|easy
test,0,6,10,32,0.5327712609996524,5.418523899999855,189.22140437899907,0.26466718316078186,0.9375,0.9375,0.9444444444444444,0.9372549019607843,1.076388888888889e-05,0.96875,0.0,2.0,hard|medium|easy
test,0,6,11,32,0.5339031960011198,5.9530056759995205,189.75588615000015,0.0037802213337272406,1.0,1.0,1.0,1.0,1.0729166666666669e-05,0.71875,0.0,2.0,medium|easy|hard
test,0,6,12,32,0.5334753580009419,6.487035700998604,190.28991619800036,0.003879463765770197,1.0,1.0,1.0,1.0,1.0694444444444444e-05,0.78125,0.0,2.0,medium|easy|hard
test,0,6,13,32,0.532588220999969,7.020175000998279,190.82305549199918,0.002693191636353731,1.0,1.0,1.0,1.0,1.0659722222222223e-05,0.84375,0.0,2.0,easy|hard|medium
test,0,6,14,32,0.5336028179990535,7.554260348999378,191.35714088200075,0.0024503483437001705,1.0,1.0,1.0,1.0,1.0625e-05,0.96875,0.0,2.0,easy|medium|hard
test,0,6,15,32,0.5325390369998786,8.087381140998332,191.89026161199945,0.13236941397190094,0.9736842105263157,0.96875,0.9642857142857143,0.967967967967968,1.0590277777777778e-05,0.9375,0.0,2.0,easy|hard|medium
test,0,6,16,32,0.5331614179995086,8.621127560998502,192.42400836200068,0.0025773397646844387,1.0,1.0,1.0,1.0,1.0555555555555557e-05,0.90625,0.0,2.0,medium|hard|easy
test,0,6,17,32,0.5342698120002751,9.155866262999552,192.9587467429992,0.0019950594287365675,1.0,1.0,1.0,1.0,1.0520833333333333e-05,0.9375,0.0,2.0,medium|hard|easy
test,0,6,18,32,0.5329530640010489,9.689355832999354,193.49223630199958,0.002391014015302062,1.0,1.0,1.0,1.0,1.0486111111111112e-05,0.875,0.0,2.0,easy|medium|hard
test,0,6,19,32,0.5339506020009139,10.22391071399943,194.0267911939991,0.047951988875865936,0.9705882352941176,0.96875,0.96875,0.9687194525904204,1.0451388888888889e-05,0.96875,0.0,2.0,easy|medium|hard
test,0,6,20,32,0.5341978169999493,10.758669344999362,194.5615498269999,0.0020331009291112423,1.0,1.0,1.0,1.0,1.0416666666666668e-05,0.78125,0.0,2.0,hard|medium|easy
test,0,6,21,32,0.5330834819997108,11.292245554999681,195.09512605000054,0.0017461858224123716,1.0,1.0,1.0,1.0,1.0381944444444445e-05,0.9375,0.0,2.0,medium|hard|easy
test,0,6,22,32,0.5342742680004449,11.827021924998917,195.6299024100008,0.03336825594305992,0.9722222222222222,0.96875,0.9666666666666667,0.9684729064039409,1.0347222222222224e-05,0.84375,0.0,2.0,hard|easy|medium
test,0,6,23,32,0.5330484119986068,12.360509554999226,196.16339003999929,0.0698477253317833,0.975,0.96875,0.9615384615384616,0.9671794871794872,1.0312500000000002e-05,1.0,0.0,2.0,easy|medium|hard
test,0,6,24,32,0.5331823849992361,12.894255911998698,196.69713642399984,0.001444955705665052,1.0,1.0,1.0,1.0,1.0277777777777777e-05,0.84375,0.0,2.0,easy|hard|medium
test,0,6,25,32,0.534124914000131,13.428954798999257,197.2318353999999,0.0016707907197996974,1.0,1.0,1.0,1.0,1.0243055555555556e-05,0.9375,0.0,2.0,medium|easy|hard
test,0,6,26,32,0.5331474899994646,13.96264969999902,197.76553017200058,0.001221913960762322,1.0,1.0,1.0,1.0,1.0208333333333334e-05,0.8125,0.0,2.0,easy|hard|medium
test,0,6,27,32,0.5330456909996428,14.496258503999343,198.29913898499944,0.003992246929556131,1.0,1.0,1.0,1.0,1.0173611111111113e-05,1.09375,0.0,2.0,medium|hard|easy
test,0,6,28,32,0.5342757859998528,15.031087351999304,198.83396784999968,0.0016977691557258368,1.0,1.0,1.0,1.0,1.013888888888889e-05,0.96875,0.0,2.0,easy|hard|medium
test,0,6,29,32,0.5332720419992256,15.564917140000034,199.3677976149993,0.0015007390175014734,1.0,1.0,1.0,1.0,1.0104166666666669e-05,0.875,0.0,2.0,hard|easy|medium
test,0,6,30,32,0.5325286269999197,16.098037758998544,199.90091824699994,0.0015855840174481273,1.0,1.0,1.0,1.0,1.0069444444444445e-05,0.90625,0.0,2.0,easy|hard|medium
test,0,6,31,32,0.5341267570001946,16.63263768699835,200.43551816900072,0.0013251443160697818,1.0,1.0,1.0,1.0,1.0034722222222224e-05,1.0625,0.0,2.0,easy|medium|hard
test,0,6,32,32,0.5333945340007631,17.166581234998375,200.9694617240002,0.24392199516296387,0.9372549019607843,0.9375,0.9372549019607843,0.9372549019607843,1e-05,0.96875,0.0,2.0,hard|easy|medium
test,0,6,33,32,0.5325032310011011,17.699661165999714,201.5025417300003,0.10775747150182724,0.975,0.96875,0.9615384615384616,0.9671794871794872,9.965277777777778e-06,1.1875,0.0,2.0,medium|easy|hard
test,0,6,34,32,0.534562773998914,18.23475087099905,202.0376313559991,0.009438314475119114,1.0,1.0,1.0,1.0,9.930555555555557e-06,1.0,0.0,2.0,hard|easy|medium
test,0,6,35,32,0.5338738210011797,18.769167779999407,202.57204829299917,0.0012496892595663667,1.0,1.0,1.0,1.0,9.895833333333334e-06,0.90625,0.0,2.0,medium|hard|easy
test,0,6,36,32,0.5320822769990627,19.30180503599877,203.10468551300073,0.0012863765005022287,1.0,1.0,1.0,1.0,9.861111111111112e-06,0.65625,0.0,2.0,easy|medium|hard
test,0,6,37,32,0.534521842999311,19.836843026998395,203.63972351700068,0.030238186940550804,0.9722222222222222,0.96875,0.9666666666666667,0.9684729064039409,9.826388888888889e-06,0.78125,0.0,2.0,medium|hard|easy
test,0,6,38,32,0.5338027559992042,20.371181017999334,204.1740614850005,0.0015440104762092233,1.0,1.0,1.0,1.0,9.791666666666666e-06,0.9375,0.0,2.0,medium|easy|hard
test,0,6,39,32,0.5321133870002086,20.90379780099829,204.7066782870006,0.0030386331491172314,1.0,1.0,1.0,1.0,9.756944444444445e-06,0.65625,0.0,2.0,hard|easy|medium
test,0,6,40,32,0.5337663129994326,21.438111932999163,205.24099248399943,0.0013341928133741021,1.0,1.0,1.0,1.0,9.722222222222223e-06,0.96875,0.0,2.0,easy|hard|medium
test,0,6,41,32,0.5331286000000546,21.971787169999516,205.77466765899953,0.3300734758377075,0.9307359307359306,0.9375,0.9307359307359306,0.9307359307359306,9.6875e-06,0.96875,0.0,2.0,medium|hard|easy
test,0,6,42,32,0.5330083490007382,22.505378103998737,206.3082586090004,0.002271643839776516,1.0,1.0,1.0,1.0,9.652777777777779e-06,1.1875,0.0,2.0,hard|easy|medium
test,0,6,43,32,0.5341146450009546,23.04003585099963,206.84291633000066,0.0011430311715230346,1.0,1.0,1.0,1.0,9.618055555555556e-06,0.9375,0.0,2.0,easy|medium|hard
test,0,6,44,32,0.533014736000041,23.573636998999064,207.3765174729997,0.13739798963069916,0.9666666666666667,0.96875,0.9722222222222222,0.9684729064039409,9.583333333333335e-06,1.0,0.0,2.0,medium|hard|easy
test,0,6,45,32,0.53284721899945,24.107032762998642,207.9099132449992,0.0009896567789837718,1.0,1.0,1.0,1.0,9.548611111111113e-06,0.75,0.0,2.0,easy|hard|medium
test,0,6,46,32,0.5330855039992457,24.640658679998523,208.44353915399915,0.0010596055071800947,1.0,1.0,1.0,1.0,9.51388888888889e-06,1.09375,0.0,2.0,hard|easy|medium
test,0,6,47,32,0.532868607000637,25.17409347299872,208.97697396399963,0.0013534961035475135,1.0,1.0,1.0,1.0,9.479166666666667e-06,0.8125,0.0,2.0,medium|easy|hard
test,0,6,48,32,0.5326158450006915,25.707169147999593,209.5100496390005,0.0009279310470446944,1.0,1.0,1.0,1.0,9.444444444444445e-06,0.71875,0.0,2.0,hard|easy|medium
test,0,6,49,32,0.5333716940003796,26.241103522999765,210.0439842979995,0.0010293792001903057,1.0,1.0,1.0,1.0,9.409722222222224e-06,1.03125,0.0,2.0,hard|easy|medium
test,0,6,50,32,0.5325381839993497,26.7741997739995,210.57708026299952,0.0012856399407610297,1.0,1.0,1.0,1.0,9.375000000000001e-06,0.75,0.0,2.0,easy|hard|medium
test,0,6,51,32,0.5322708580006292,27.307000473998414,211.1098809539999,0.00426435424014926,1.0,1.0,1.0,1.0,9.340277777777778e-06,0.9375,0.0,2.0,hard|medium|easy
test,0,6,52,32,0.533715255000061,27.841336946999945,211.64421742299965,0.0008370517753064632,1.0,1.0,1.0,1.0,9.305555555555557e-06,0.84375,0.0,2.0,easy|medium|hard
test,0,6,53,32,0.5333220810007333,28.375252956999248,212.17813351199948,0.0010295934043824673,1.0,1.0,1.0,1.0,9.270833333333334e-06,1.0,0.0,2.0,easy|hard|medium
test,0,6,54,32,0.5329624339992733,28.908752523999283,212.71163301200068,0.20498783886432648,0.9722222222222222,0.96875,0.9666666666666667,0.9684729064039409,9.236111111111112e-06,0.71875,0.0,2.0,easy|hard|medium
test,0,6,55,32,0.5339027270001679,29.443155334998664,213.24603580499934,0.0008519974071532488,1.0,1.0,1.0,1.0,9.201388888888889e-06,0.875,0.0,2.0,hard|easy|medium
test,0,6,56,32,0.532617286000459,29.976348502999826,213.7792289709996,0.0010061436332762241,1.0,1.0,1.0,1.0,9.166666666666666e-06,0.96875,0.0,2.0,easy|hard|medium
test,0,6,57,32,0.5326357440007996,30.50950486900001,214.31238534300064,0.21807676553726196,0.9722222222222222,0.96875,0.9666666666666667,0.9684729064039409,9.131944444444445e-06,0.9375,0.0,2.0,easy|medium|hard
test,0,6,58,32,0.5333694250002736,31.043459502998303,214.84634005000044,0.0008778988849371672,1.0,1.0,1.0,1.0,9.097222222222223e-06,0.78125,0.0,2.0,medium|easy|hard
test,0,6,59,32,0.5329319869997562,31.576883805999387,215.3797642770005,0.0014515656512230635,1.0,1.0,1.0,1.0,9.0625e-06,0.90625,0.0,2.0,easy|medium|hard
test,0,6,60,32,0.5329899400003342,32.11057828799858,215.91345876800005,0.0019608275033533573,1.0,1.0,1.0,1.0,9.027777777777779e-06,1.03125,0.0,2.0,hard|easy|medium
test,0,6,61,32,0.5335684880010376,32.644676905998494,216.44755740300025,0.001150011201389134,1.0,1.0,1.0,1.0,8.993055555555556e-06,1.0,0.0,2.0,easy|hard|medium
test,0,6,62,32,0.5337636479998764,33.17888643399965,216.98176692199922,0.001220988342538476,1.0,1.0,1.0,1.0,8.958333333333334e-06,1.03125,0.0,2.0,hard|easy|medium
test,0,6,63,32,0.5320718200000556,33.71147102199939,217.51435157500055,0.0019525573588907719,1.0,1.0,1.0,1.0,8.923611111111113e-06,0.90625,0.0,2.0,easy|medium|hard
test,0,6,64,20,0.36442744899977697,34.07636714,217.87924764200034,0.0012227041879668832,1.0,1.0,1.0,1.0,8.888888888888888e-06,1.100000023841858,0.0,2.0,medium|easy|hard
test,0,7,1,32,0.5359177489990543,0.6144698170010088,221.1522081359999,0.0012564030475914478,1.0,1.0,1.0,1.0,8.854166666666667e-06,1.0,0.0,2.0,easy|hard|medium
test,0,7,2,32,0.5330702970004495,1.148252503000549,221.68599075699967,0.09058106690645218,0.9666666666666667,0.96875,0.9722222222222222,0.9684729064039409,8.819444444444445e-06,1.15625,0.0,2.0,medium|hard|easy
test,0,7,3,32,0.5340442739998252,1.6829089780003414,222.22064729900012,0.0010743255261331797,1.0,1.0,1.0,1.0,8.784722222222224e-06,0.90625,0.0,2.0,hard|easy|medium
test,0,7,4,32,0.5330803220003872,2.2165716330000578,222.75430988299922,0.006225475110113621,1.0,1.0,1.0,1.0,8.750000000000001e-06,0.96875,0.0,2.0,hard|medium|easy
test,0,7,5,32,0.53317609899932,2.7502941270013253,223.28803242100003,0.0012761412654072046,1.0,1.0,1.0,1.0,8.715277777777778e-06,0.96875,0.0,2.0,medium|easy|hard
test,0,7,6,32,0.533868860999064,3.2847442840011354,223.8224826000005,0.0012240889482200146,1.0,1.0,1.0,1.0,8.680555555555557e-06,0.65625,0.0,2.0,hard|medium|easy
test,0,7,7,32,0.5333912860005512,3.8186378610007523,224.3563763029997,0.0011036678915843368,1.0,1.0,1.0,1.0,8.645833333333335e-06,0.9375,0.0,2.0,medium|hard|easy
test,0,7,8,32,0.5327412099995854,4.351988763000918,224.88972706499953,0.0010937326587736607,1.0,1.0,1.0,1.0,8.611111111111112e-06,0.84375,0.0,2.0,easy|medium|hard
test,0,7,9,32,0.5341197090001515,4.8866698809997615,225.4244082490004,0.0010391229297965765,1.0,1.0,1.0,1.0,8.57638888888889e-06,0.8125,0.0,2.0,medium|easy|hard
test,0,7,10,32,0.532862613999896,5.420068346000335,225.9578066970007,0.0011368459090590477,1.0,1.0,1.0,1.0,8.541666666666666e-06,1.15625,0.0,2.0,hard|easy|medium
test,0,7,11,32,0.5317831749998732,5.952365852001094,226.4901042750007,0.0011470387689769268,1.0,1.0,1.0,1.0,8.506944444444445e-06,1.0,0.0,2.0,easy|medium|hard
test,0,7,12,32,0.5343899419985974,6.487336723001135,227.02507503599918,0.0013705255696550012,1.0,1.0,1.0,1.0,8.472222222222223e-06,1.15625,0.0,2.0,easy|hard|medium
test,0,7,13,32,0.5331971010000416,7.021084473000883,227.5588227419994,0.006167168729007244,1.0,1.0,1.0,1.0,8.4375e-06,0.6875,0.0,2.0,easy|medium|hard
test,0,7,14,32,0.5324732110002515,7.553991652001059,228.09172998199938,0.0012252817396074533,1.0,1.0,1.0,1.0,8.402777777777779e-06,0.8125,0.0,2.0,easy|medium|hard
test,0,7,15,32,0.5345231880000938,8.089074523000818,228.6268128339998,0.001208227826282382,1.0,1.0,1.0,1.0,8.368055555555556e-06,1.1875,0.0,2.0,medium|hard|easy
test,0,7,16,32,0.5336993149994669,8.62329718500041,229.16103551800006,0.0034702839329838753,1.0,1.0,1.0,1.0,8.333333333333334e-06,1.3125,0.0,2.0,hard|easy|medium
test,0,7,17,32,0.5328730669989454,9.156678561001172,229.69441688500046,0.17946888506412506,0.9666666666666667,0.96875,0.9722222222222222,0.9684729064039409,8.298611111111113e-06,1.1875,0.0,2.0,medium|easy|hard
test,0,7,18,32,0.5341455699999642,9.691375063001033,230.22911337199912,0.0009903849568217993,1.0,1.0,1.0,1.0,8.263888888888888e-06,0.90625,0.0,2.0,hard|easy|medium
test,0,7,19,32,0.5323814780003886,10.224376254000163,230.76211456199962,0.001915197935886681,1.0,1.0,1.0,1.0,8.229166666666667e-06,0.84375,0.0,2.0,hard|medium|easy
test,0,7,20,32,0.5327775240002666,10.757708588000241,231.29544695799996,0.0010245486628264189,1.0,1.0,1.0,1.0,8.194444444444445e-06,0.90625,0.0,2.0,easy|medium|hard
test,0,7,21,32,0.533478961999208,11.291742663999685,231.82948097500048,0.001266342937014997,1.0,1.0,1.0,1.0,8.159722222222222e-06,0.75,0.0,2.0,easy|hard|medium
test,0,7,22,32,0.5338428880004358,11.82617308600129,232.36391141199965,0.0008792799199000001,1.0,1.0,1.0,1.0,8.125000000000001e-06,0.8125,0.0,2.0,hard|medium|easy
test,0,7,23,32,0.5324385299991263,12.359091895001256,232.89683024499936,0.0006948364898562431,1.0,1.0,1.0,1.0,8.090277777777778e-06,0.875,0.0,2.0,easy|hard|medium
test,0,7,24,32,0.5340184090000548,12.893756339000902,233.43149470000026,0.004183127079159021,1.0,1.0,1.0,1.0,8.055555555555557e-06,0.875,0.0,2.0,easy|medium|hard
test,0,7,25,32,0.533371930998328,13.427567431999705,233.96530576000077,0.0016096996841952205,1.0,1.0,1.0,1.0,8.020833333333335e-06,0.59375,0.0,2.0,easy|medium|hard
test,0,7,26,32,0.5325960860009218,13.96064330900117,234.49838163800086,0.1962696760892868,0.9473684210526316,0.9375,0.9333333333333333,0.9365079365079365,7.986111111111112e-06,0.9375,0.0,2.0,medium|easy|hard
test,0,7,27,32,0.5335642010013544,14.494705962000808,235.0324442889996,0.0007947629783302546,1.0,1.0,1.0,1.0,7.95138888888889e-06,0.78125,0.0,2.0,easy|hard|medium
test,0,7,28,32,0.5340085759999056,15.029269525000927,235.56700782199914,0.0008057790109887719,1.0,1.0,1.0,1.0,7.916666666666667e-06,0.96875,0.0,2.0,easy|hard|medium
test,0,7,29,32,0.5321227209988137,15.561998426999708,236.0997368440003,0.0008006748976185918,1.0,1.0,1.0,1.0,7.881944444444446e-06,0.96875,0.0,2.0,medium|easy|hard
test,0,7,30,32,0.5332292610000877,16.09574387199973,236.63348211999983,0.0008902254048734903,1.0,1.0,1.0,1.0,7.847222222222223e-06,0.78125,0.0,2.0,medium|easy|hard
test,0,7,31,32,0.5333066029998008,16.629493561000345,237.16723186499985,0.001481793588027358,1.0,1.0,1.0,1.0,7.8125e-06,0.875,0.0,2.0,medium|hard|easy
test,0,7,32,32,0.5319656939991546,17.16200541299986,237.6997437200007,0.030737033113837242,0.9705882352941176,0.96875,0.96875,0.9687194525904204,7.77777777777778e-06,0.78125,0.0,2.0,medium|easy|hard
test,0,7,33,32,0.5330043869998917,17.695476368000527,238.23321472099997,0.000812732963822782,1.0,1.0,1.0,1.0,7.743055555555556e-06,0.8125,0.0,2.0,medium|hard|easy
test,0,7,34,32,0.5330388860002131,18.229057025000657,238.7667953300006,0.17842672765254974,0.9615384615384616,0.96875,0.975,0.9671794871794872,7.708333333333334e-06,0.875,0.0,2.0,medium|hard|easy
test,0,7,35,32,0.5330671739993704,18.76272021099976,239.3004585489998,0.0009791930206120014,1.0,1.0,1.0,1.0,7.673611111111113e-06,0.5,0.0,2.0,easy|medium|hard
test,0,7,36,32,0.5345226589997765,19.297983546000978,239.83572187999926,0.0007192379562184215,1.0,1.0,1.0,1.0,7.638888888888888e-06,0.84375,0.0,2.0,easy|hard|medium
test,0,7,37,32,0.5327231009996467,19.83128984799987,240.3690281550007,0.0008506110170856118,1.0,1.0,1.0,1.0,7.6041666666666666e-06,1.0,0.0,2.0,hard|medium|easy
test,0,7,38,32,0.5326790689996415,20.364549627000088,240.90228797700001,0.0035923446994274855,1.0,1.0,1.0,1.0,7.569444444444445e-06,1.09375,0.0,2.0,easy|hard|medium
test,0,7,39,32,0.5335708650000015,20.89869085800092,241.4364292070004,0.0021828263998031616,1.0,1.0,1.0,1.0,7.534722222222223e-06,1.1875,0.0,2.0,hard|medium|easy
test,0,7,40,32,0.5324785329994484,21.431753644999844,241.96949196099922,0.0012575194705277681,1.0,1.0,1.0,1.0,7.500000000000001e-06,1.0,0.0,2.0,medium|easy|hard
test,0,7,41,32,0.5323630569982924,21.964626869999847,242.5023652079999,0.0008991092909127474,1.0,1.0,1.0,1.0,7.465277777777778e-06,1.0,0.0,2.0,medium|easy|hard
test,0,7,42,32,0.5336656220006262,22.49884981499963,243.03658813699985,0.0007072234875522554,1.0,1.0,1.0,1.0,7.4305555555555565e-06,1.0,0.0,2.0,easy|hard|medium
test,0,7,43,32,0.5324131289999059,23.031809262000024,243.56954764500006,0.0007879295153543353,1.0,1.0,1.0,1.0,7.395833333333335e-06,0.96875,0.0,2.0,easy|hard|medium
test,0,7,44,32,0.5325468220016774,23.56491057200037,244.1026492130004,0.000848309020511806,1.0,1.0,1.0,1.0,7.361111111111112e-06,0.78125,0.0,2.0,medium|easy|hard
test,0,7,45,32,0.5338499549998232,24.099213827001222,244.6369521939996,0.0006678360514342785,1.0,1.0,1.0,1.0,7.326388888888889e-06,0.96875,0.0,2.0,medium|hard|easy
test,0,7,46,32,0.5324286079994636,24.632161777000874,245.16990011000053,0.0007798575679771602,1.0,1.0,1.0,1.0,7.291666666666667e-06,0.875,0.0,2.0,easy|medium|hard
test,0,7,47,32,0.5319440189996385,25.16464184400138,245.7023801710002,0.0008441159734502435,1.0,1.0,1.0,1.0,7.256944444444445e-06,1.03125,0.0,2.0,medium|hard|easy
test,0,7,48,32,0.5335448660007387,25.698703027999727,246.23644133800008,0.0010387168731540442,1.0,1.0,1.0,1.0,7.222222222222223e-06,1.125,0.0,2.0,hard|medium|easy
test,0,7,49,32,0.5327300650005782,26.231951604000642,246.76968990100067,0.0006118345190770924,1.0,1.0,1.0,1.0,7.1875e-06,0.9375,0.0,2.0,medium|hard|easy
test,0,7,50,32,0.5324621879990445,26.76489958000093,247.30263788699995,0.0008005311246961355,1.0,1.0,1.0,1.0,7.152777777777778e-06,1.03125,0.0,2.0,easy|hard|medium
test,0,7,51,32,0.5330154330004007,27.298461573000168,247.83619989900035,0.0010032318532466888,1.0,1.0,1.0,1.0,7.1180555555555565e-06,0.90625,0.0,2.0,medium|easy|hard
test,0,7,52,32,0.5324865080001473,27.831537805999687,248.36927612,0.0008335057646036148,1.0,1.0,1.0,1.0,7.083333333333335e-06,0.75,0.0,2.0,medium|easy|hard
test,0,7,53,32,0.5319516639992798,28.363984903000528,248.9017231710004,0.0008025626884773374,1.0,1.0,1.0,1.0,7.048611111111112e-06,0.84375,0.0,2.0,hard|easy|medium
test,0,7,54,32,0.5337291920004645,28.898266316000445,249.43600466499993,0.0007989660371094942,1.0,1.0,1.0,1.0,7.013888888888889e-06,0.84375,0.0,2.0,easy|medium|hard
test,0,7,55,32,0.5327347759994154,29.431566430999737,249.96930473999964,0.0015271843876689672,1.0,1.0,1.0,1.0,6.979166666666667e-06,0.8125,0.0,2.0,easy|medium|hard
test,0,7,56,32,0.5318783229995461,29.96398654100085,250.50172488099997,0.0008023982518352568,1.0,1.0,1.0,1.0,6.944444444444445e-06,0.875,0.0,2.0,medium|easy|hard
test,0,7,57,32,0.5334650149998197,30.497975270000097,251.03571362000002,0.0006396678509190679,1.0,1.0,1.0,1.0,6.909722222222223e-06,0.65625,0.0,2.0,easy|medium|hard
test,0,7,58,32,0.5323322329986695,31.03086204400097,251.56860038299965,0.0012224902166053653,1.0,1.0,1.0,1.0,6.875e-06,1.0,0.0,2.0,easy|medium|hard
test,0,7,59,32,0.5322180330003903,31.563610629000323,252.10134893800023,0.0006145375082269311,1.0,1.0,1.0,1.0,6.840277777777778e-06,0.875,0.0,2.0,easy|hard|medium
test,0,7,60,32,0.5333285899996554,32.0975183419996,252.6352566780006,0.0030311313457787037,1.0,1.0,1.0,1.0,6.8055555555555566e-06,0.875,0.0,2.0,medium|easy|hard
test,0,7,61,32,0.5327022599994962,32.63065729400114,253.168395617,0.0005532891373150051,1.0,1.0,1.0,1.0,6.770833333333334e-06,0.875,0.0,2.0,medium|easy|hard
test,0,7,62,32,0.5315081410008133,33.162604277000355,253.70034259800013,0.0006785697769373655,1.0,1.0,1.0,1.0,6.736111111111112e-06,0.9375,0.0,2.0,easy|hard|medium
test,0,7,63,32,0.5340112289995886,33.69712541999979,254.234863787,0.000956119445618242,1.0,1.0,1.0,1.0,6.701388888888889e-06,0.96875,0.0,2.0,medium|hard|easy
test,0,7,64,20,0.36365692599974864,34.06123943300008,254.5989778380008,0.0006098786252550781,1.0,1.0,1.0,1.0,6.666666666666667e-06,1.25,0.0,2.0,hard|medium|easy
test,0,8,1,32,0.5338922129994899,0.6129631370004063,257.8619988449991,0.0006860487628728151,1.0,1.0,1.0,1.0,6.631944444444445e-06,1.125,0.0,2.0,medium|hard|easy
test,0,8,2,32,0.5322025319983368,1.1458736580007098,258.3949093459996,0.20299017429351807,0.9615384615384616,0.96875,0.975,0.9671794871794872,6.597222222222223e-06,1.0,0.0,2.0,medium|hard|easy
test,0,8,3,32,0.5328266600008646,1.67935520500032,258.9283908819998,0.0007315687835216522,1.0,1.0,1.0,1.0,6.5625e-06,0.78125,0.0,2.0,medium|easy|hard
test,0,8,4,32,0.5329955300003348,2.212852472999657,259.46188821299984,0.0014638514257967472,1.0,1.0,1.0,1.0,6.5277777777777784e-06,0.8125,0.0,2.0,medium|easy|hard
test,0,8,5,32,0.5321170290008013,2.745476038000561,259.9945117370007,0.0006608432158827782,1.0,1.0,1.0,1.0,6.493055555555557e-06,0.75,0.0,2.0,easy|hard|medium
test,0,8,6,32,0.5329061160009587,3.2789024289995723,260.52793813599965,0.0005732749705202878,1.0,1.0,1.0,1.0,6.458333333333334e-06,0.875,0.0,2.0,medium|easy|hard
test,0,8,7,32,0.5321910310012754,3.8116268729991134,261.0606625679993,0.0007128509460017085,1.0,1.0,1.0,1.0,6.423611111111112e-06,1.0,0.0,2.0,medium|hard|easy
test,0,8,8,32,0.5326094530009868,4.344774008999593,261.5938097369999,0.1458820402622223,0.9761904761904762,0.96875,0.9583333333333333,0.9660657476139979,6.3888888888888885e-06,0.875,0.0,2.0,medium|hard|easy
test,0,8,9,32,0.5333201590001408,4.878631056999438,262.1276667809998,0.00058636290486902,1.0,1.0,1.0,1.0,6.354166666666667e-06,0.96875,0.0,2.0,medium|hard|easy
test,0,8,10,32,0.5325587379993522,5.411624861999371,262.66066058899924,0.0005598368588835001,1.0,1.0,1.0,1.0,6.319444444444445e-06,0.90625,0.0,2.0,medium|easy|hard
test,0,8,11,32,0.5321041200004402,5.944309103000705,263.1933448769996,0.0006287182914093137,1.0,1.0,1.0,1.0,6.284722222222223e-06,0.96875,0.0,2.0,hard|easy|medium
test,0,8,12,32,0.5329835489992547,6.4778291919992625,263.72686490900014,0.0006694790790788829,1.0,1.0,1.0,1.0,6.25e-06,0.96875,0.0,2.0,easy|medium|hard
test,0,8,13,32,0.5328445879986248,7.011262772999544,264.26029845499943,0.0005796701880171895,1.0,1.0,1.0,1.0,6.2152777777777785e-06,1.125,0.0,2.0,hard|medium|easy
test,0,8,14,32,0.5317770620004012,7.543620581000141,264.792656349,0.0005612089298665524,1.0,1.0,1.0,1.0,6.180555555555557e-06,1.03125,0.0,2.0,hard|easy|medium
test,0,8,15,32,0.5331243609998637,8.077294180000536,265.32632985300006,0.20319749414920807,0.96875,0.96875,0.9705882352941176,0.9687194525904204,6.145833333333334e-06,0.875,0.0,2.0,hard|medium|easy
test,0,8,16,32,0.5324801220012887,8.610303211999053,265.8593389279995,0.0007137515349313617,1.0,1.0,1.0,1.0,6.111111111111112e-06,1.21875,0.0,2.0,medium|hard|easy
test,0,8,17,32,0.5322595200013893,9.143120796999938,266.3921565210003,0.0005400372901931405,1.0,1.0,1.0,1.0,6.0763888888888885e-06,0.96875,0.0,2.0,medium|easy|hard
test,0,8,18,32,0.5328650769988599,9.676515388000553,266.9255510849998,0.0005878505762666464,1.0,1.0,1.0,1.0,6.041666666666667e-06,1.0625,0.0,2.0,easy|hard|medium
test,0,8,19,32,0.5327583489997778,10.209747758999583,267.458783434,0.0005861802492290735,1.0,1.0,1.0,1.0,6.006944444444445e-06,0.84375,0.0,2.0,hard|easy|medium
test,0,8,20,32,0.5323017430000618,10.742558780000763,267.9915944509994,0.0005817470955662429,1.0,1.0,1.0,1.0,5.972222222222222e-06,0.875,0.0,2.0,easy|medium|hard
test,0,8,21,32,0.5331878119995963,11.276242857000398,268.52527856800043,0.02162657305598259,1.0,1.0,1.0,1.0,5.9375e-06,1.15625,0.0,2.0,medium|easy|hard
test,0,8,22,32,0.5326935239991144,11.80946152099932,269.0584972479992,0.0008543205913156271,1.0,1.0,1.0,1.0,5.9027777777777785e-06,0.875,0.0,2.0,medium|easy|hard
test,0,8,23,32,0.5321764320015063,12.342186179999771,269.5912218760004,0.0017596136312931776,1.0,1.0,1.0,1.0,5.868055555555557e-06,0.65625,0.0,2.0,medium|easy|hard
test,0,8,24,32,0.5332222279994312,12.875855337999383,270.1248910710001,0.0005456008948385715,1.0,1.0,1.0,1.0,5.833333333333334e-06,0.875,0.0,2.0,easy|medium|hard
test,0,8,25,32,0.5324295320006058,13.408708490000208,270.6577442159996,0.0004970547743141651,1.0,1.0,1.0,1.0,5.798611111111112e-06,0.6875,0.0,2.0,medium|hard|easy
test,0,8,26,32,0.5321163919998071,13.941357268999127,271.19039294899994,0.15131138265132904,0.9736842105263157,0.96875,0.9642857142857143,0.967967967967968,5.7638888888888886e-06,1.09375,0.0,2.0,medium|hard|easy
test,0,8,27,32,0.5333093559984263,14.475194090999139,271.7242297800003,0.0005409593577496707,1.0,1.0,1.0,1.0,5.729166666666667e-06,1.15625,0.0,2.0,easy|medium|hard
test,0,8,28,32,0.5325746900016384,15.0083037280001,272.2573394209994,0.0005766008398495615,1.0,1.0,1.0,1.0,5.694444444444445e-06,0.9375,0.0,2.0,medium|easy|hard
test,0,8,29,32,0.5322082460006641,15.54101860999981,272.79005430600046,0.0006346945883706212,1.0,1.0,1.0,1.0,5.659722222222222e-06,0.78125,0.0,2.0,medium|easy|hard
test,0,8,30,32,0.533171785000377,16.074642534000304,273.3236782639997,0.0005382682429626584,1.0,1.0,1.0,1.0,5.625e-06,0.8125,0.0,2.0,hard|easy|medium
test,0,8,31,32,0.5321078920005675,16.607218928000293,273.85625464499935,0.00055908621288836,1.0,1.0,1.0,1.0,5.5902777777777785e-06,0.90625,0.0,2.0,medium|hard|easy
test,0,8,32,32,0.5323698360007256,17.14010296699962,274.38913867799965,0.08858916163444519,0.9666666666666667,0.96875,0.9722222222222222,0.9684729064039409,5.555555555555557e-06,1.09375,0.0,2.0,easy|hard|medium
test,0,8,33,32,0.5330242140007613,17.673733431000073,274.9227691550004,0.000550290395040065,1.0,1.0,1.0,1.0,5.520833333333334e-06,0.9375,0.0,2.0,medium|easy|hard
test,0,8,34,32,0.5329279210000095,18.207113787999333,275.4561495220005,0.00048297393368557096,1.0,1.0,1.0,1.0,5.486111111111112e-06,0.78125,0.0,2.0,hard|easy|medium
test,0,8,35,32,0.5320347589986341,18.739725161000024,275.98876087700046,0.0005291006527841091,1.0,1.0,1.0,1.0,5.451388888888889e-06,0.65625,0.0,2.0,easy|medium|hard
test,0,8,36,32,0.532867083000383,19.27309220799907,276.52212795599917,0.0005433015758171678,1.0,1.0,1.0,1.0,5.416666666666667e-06,0.90625,0.0,2.0,easy|hard|medium
test,0,8,37,32,0.5324931489994924,19.806118657999832,277.05515438899965,0.0004518693604040891,1.0,1.0,1.0,1.0,5.381944444444445e-06,0.875,0.0,2.0,hard|easy|medium
test,0,8,38,32,0.5326888830004464,20.339387964999332,277.5884236940001,0.16237862408161163,0.9705882352941176,0.96875,0.96875,0.9687194525904204,5.347222222222222e-06,1.0,0.0,2.0,hard|easy|medium
test,0,8,39,32,0.5327862760004791,20.87274939999952,278.1217851300007,0.0004728638450615108,1.0,1.0,1.0,1.0,5.3125e-06,0.71875,0.0,2.0,easy|medium|hard
test,0,8,40,32,0.5323639350008307,21.4055789239992,278.6546146769997,0.0006923128385096788,1.0,1.0,1.0,1.0,5.2777777777777785e-06,0.9375,0.0,2.0,hard|easy|medium
test,0,8,41,32,0.5318697769998835,21.93797376799921,279.1870094879996,0.0005233855335973203,1.0,1.0,1.0,1.0,5.243055555555556e-06,1.0,0.0,2.0,hard|medium|easy
test,0,8,42,32,0.5334773240010691,22.472062286000437,279.7210980050004,0.0004675774835050106,1.0,1.0,1.0,1.0,5.208333333333334e-06,0.90625,0.0,2.0,easy|hard|medium
test,0,8,43,32,0.532878691001315,23.005395226000473,280.2544309450004,0.0006425773026421666,1.0,1.0,1.0,1.0,5.173611111111112e-06,1.09375,0.0,2.0,easy|medium|hard
test,0,8,44,32,0.5322113370002626,23.53817095299928,280.7872066380005,0.0005152591620571911,1.0,1.0,1.0,1.0,5.138888888888889e-06,1.15625,0.0,2.0,easy|hard|medium
test,0,8,45,32,0.5329540420007106,24.071683524000036,281.32071930299935,0.00778914475813508,1.0,1.0,1.0,1.0,5.104166666666667e-06,1.0625,0.0,2.0,hard|easy|medium
test,0,8,46,32,0.5325128719996428,24.60467616599999,281.8537118410004,0.00046761264093220234,1.0,1.0,1.0,1.0,5.069444444444445e-06,0.9375,0.0,2.0,easy|medium|hard
test,0,8,47,32,0.5321890659997734,25.137372780000078,282.3864084599991,0.0005391746526584029,1.0,1.0,1.0,1.0,5.034722222222222e-06,1.0625,0.0,2.0,hard|easy|medium
test,0,8,48,32,0.5330915279992041,25.670989947000635,282.9200259499994,0.0005056343507021666,1.0,1.0,1.0,1.0,5e-06,1.0,0.0,2.0,medium|hard|easy
test,0,8,49,32,0.5328548100005719,26.204425313000684,283.45346100799907,0.0004615427169483155,1.0,1.0,1.0,1.0,4.9652777777777786e-06,1.0,0.0,2.0,medium|hard|easy
test,0,8,50,32,0.5326430500008428,26.737606307000533,283.9866420319995,0.0004923061351291835,1.0,1.0,1.0,1.0,4.930555555555556e-06,0.90625,0.0,2.0,medium|easy|hard
test,0,8,51,32,0.5333347559990216,27.271499775999473,284.5205354970003,0.020520884543657303,1.0,1.0,1.0,1.0,4.895833333333333e-06,0.71875,0.0,2.0,easy|medium|hard
test,0,8,52,32,0.5325794079999469,27.804569513000388,285.0536052419993,0.0004664903390221298,1.0,1.0,1.0,1.0,4.861111111111111e-06,0.5625,0.0,2.0,easy|medium|hard
test,0,8,53,32,0.5323767500012764,28.337510221999764,285.5865459359993,0.010969148948788643,1.0,1.0,1.0,1.0,4.8263888888888895e-06,0.875,0.0,2.0,medium|easy|hard
test,0,8,54,32,0.5330189570013317,28.87110329999996,286.1201390389997,0.00042609157389961183,1.0,1.0,1.0,1.0,4.791666666666668e-06,0.875,0.0,2.0,hard|easy|medium
test,0,8,55,32,0.5322140999996918,29.403809776000344,286.65284546300063,0.12381492555141449,0.9761904761904762,0.96875,0.9583333333333333,0.9660657476139979,4.756944444444445e-06,0.8125,0.0,2.0,hard|easy|medium
test,0,8,56,32,0.5317295120003109,29.936094053999113,287.18512974400073,0.0004809676029253751,1.0,1.0,1.0,1.0,4.722222222222222e-06,0.78125,0.0,2.0,medium|easy|hard
test,0,8,57,32,0.5331285119991662,30.469827185999748,287.7188628900003,0.0004621956904884428,1.0,1.0,1.0,1.0,4.6875000000000004e-06,0.90625,0.0,2.0,hard|easy|medium
test,0,8,58,32,0.5324148889994831,31.00269471499996,288.2517304230005,0.0004547251737676561,1.0,1.0,1.0,1.0,4.652777777777779e-06,1.15625,0.0,2.0,medium|hard|easy
test,0,8,59,32,0.5320394919999671,31.53524780800035,288.78428352800074,0.0005794019671157002,1.0,1.0,1.0,1.0,4.618055555555556e-06,0.65625,0.0,2.0,medium|hard|easy
test,0,8,60,32,0.5332298110006377,32.069150960000115,289.31818668599954,0.0005560789140872657,1.0,1.0,1.0,1.0,4.583333333333333e-06,0.9375,0.0,2.0,easy|medium|hard
test,0,8,61,32,0.5322145860009186,32.60180943600062,289.85084512700087,0.0004857282619923353,1.0,1.0,1.0,1.0,4.548611111111111e-06,0.875,0.0,2.0,hard|medium|easy
test,0,8,62,32,0.53223271600109,33.134487342000284,290.3835230299992,0.0005096382228657603,1.0,1.0,1.0,1.0,4.5138888888888895e-06,1.0,0.0,2.0,easy|medium|hard
test,0,8,63,32,0.5333465750009054,33.668247543999314,290.91728322400013,0.00041401543421670794,1.0,1.0,1.0,1.0,4.479166666666667e-06,0.8125,0.0,2.0,easy|medium|hard
test,0,8,64,20,0.3632931069987535,34.03200895199916,291.28104463099953,0.00041744476766325533,1.0,1.0,1.0,1.0,4.444444444444444e-06,0.75,0.0,2.0,medium|hard|easy
test,0,9,1,32,0.5337663150003209,0.6125755069988372,294.5485718830005,0.0005068432074040174,1.0,1.0,1.0,1.0,4.409722222222222e-06,0.71875,0.0,2.0,hard|medium|easy
test,0,9,2,32,0.5329838840007142,1.146262353999191,295.0822566280003,0.00043353025102987885,1.0,1.0,1.0,1.0,4.3750000000000005e-06,1.03125,0.0,2.0,medium|hard|easy
test,0,9,3,32,0.5340736960006325,1.6808811529990635,295.6168754480004,0.000414364505559206,1.0,1.0,1.0,1.0,4.340277777777779e-06,0.96875,0.0,2.0,easy|hard|medium
test,0,9,4,32,0.5330252700005076,2.2144183499985957,296.15041260200087,0.0009475017432123423,1.0,1.0,1.0,1.0,4.305555555555556e-06,0.84375,0.0,2.0,easy|medium|hard
test,0,9,5,32,0.5332596919997741,2.748191933000271,296.68418624100013,0.00045780910295434296,1.0,1.0,1.0,1.0,4.270833333333333e-06,0.96875,0.0,2.0,easy|hard|medium
test,0,9,6,32,0.5336325320004107,3.2822780339993187,297.2182723400001,0.00040332876960746944,1.0,1.0,1.0,1.0,4.236111111111111e-06,0.96875,0.0,2.0,easy|hard|medium
test,0,9,7,32,0.5334364129994356,3.816267104999497,297.75226136700076,0.05278729274868965,0.9666666666666667,0.96875,0.9722222222222222,0.9684729064039409,4.2013888888888896e-06,0.9375,0.0,2.0,hard|medium|easy
test,0,9,8,32,0.5327390090005792,4.349466282999856,298.28546055900006,0.0005346732796169817,1.0,1.0,1.0,1.0,4.166666666666667e-06,1.03125,0.0,2.0,medium|hard|easy
test,0,9,9,32,0.5339981879988045,4.884006448999571,298.8200007279993,0.0004132812609896064,1.0,1.0,1.0,1.0,4.131944444444444e-06,0.71875,0.0,2.0,medium|easy|hard
test,0,9,10,32,0.5324640380003984,5.4170146209999075,299.3530088869993,0.00042591182864271104,1.0,1.0,1.0,1.0,4.097222222222222e-06,0.84375,0.0,2.0,hard|medium|easy
test,0,9,11,32,0.5322276630013221,5.949818749999395,299.88581303200044,0.0004267763579264283,1.0,1.0,1.0,1.0,4.0625000000000005e-06,1.21875,0.0,2.0,hard|easy|medium
test,0,9,12,32,0.5339023840006121,6.484290688000328,300.42028509400006,0.0990806445479393,0.9705882352941176,0.96875,0.96875,0.9687194525904204,4.027777777777779e-06,0.84375,0.0,2.0,hard|easy|medium
test,0,9,13,32,0.5329514299992297,7.0177129809999315,300.95370743999956,0.00047524733236059546,1.0,1.0,1.0,1.0,3.993055555555556e-06,0.59375,0.0,2.0,medium|easy|hard
test,0,9,14,32,0.5321406149996619,7.550428839000233,301.4864231699994,0.003573999973013997,1.0,1.0,1.0,1.0,3.958333333333333e-06,0.71875,0.0,2.0,easy|medium|hard
test,0,9,15,32,0.5340897650003171,8.085061846999452,302.02105612000014,0.0004505587858147919,1.0,1.0,1.0,1.0,3.9236111111111114e-06,1.09375,0.0,2.0,medium|hard|easy
test,0,9,16,32,0.5325828539989743,8.618192025998724,302.5541863090002,0.0004856391460634768,1.0,1.0,1.0,1.0,3.88888888888889e-06,1.03125,0.0,2.0,hard|medium|easy
test,0,9,17,32,0.5334015500011446,9.152160956999069,303.08815522999976,0.0004063062369823456,1.0,1.0,1.0,1.0,3.854166666666667e-06,1.0625,0.0,2.0,medium|easy|hard
test,0,9,18,32,0.5342007309991459,9.686932331000207,303.6229266270002,0.00041330771637149155,1.0,1.0,1.0,1.0,3.819444444444444e-06,0.96875,0.0,2.0,medium|hard|easy
test,0,9,19,32,0.533725574001437,10.221208033999574,304.15720230199986,0.0004782276228070259,1.0,1.0,1.0,1.0,3.7847222222222224e-06,0.84375,0.0,2.0,medium|hard|easy
test,0,9,20,32,0.5332100279993028,10.754914369999824,304.6909086270007,0.0006109524401836097,1.0,1.0,1.0,1.0,3.7500000000000005e-06,1.0625,0.0,2.0,medium|hard|easy
test,0,9,21,32,0.5333207029998448,11.288850920000186,305.22484519200043,0.0004720314173027873,1.0,1.0,1.0,1.0,3.7152777777777783e-06,0.96875,0.0,2.0,easy|medium|hard
test,0,9,22,32,0.5331434509989776,11.822633849998965,305.75862810999934,0.0004471881256904453,1.0,1.0,1.0,1.0,3.680555555555556e-06,0.96875,0.0,2.0,easy|hard|medium
test,0,9,23,32,0.5337984639991191,12.356956534000346,306.29295081499913,0.00043566504609771073,1.0,1.0,1.0,1.0,3.6458333333333333e-06,0.78125,0.0,2.0,medium|easy|hard
test,0,9,24,32,0.5331615079994663,12.890643953998733,306.8266382359998,0.0004628316964954138,1.0,1.0,1.0,1.0,3.6111111111111115e-06,0.9375,0.0,2.0,easy|medium|hard
test,0,9,25,32,0.5347137989992916,13.425903633999042,307.3618979010007,0.0003804444568231702,1.0,1.0,1.0,1.0,3.576388888888889e-06,1.15625,0.0,2.0,easy|hard|medium
test,0,9,26,32,0.5345055590005359,13.960999666000134,307.8969939430008,0.0004469796549528837,1.0,1.0,1.0,1.0,3.5416666666666673e-06,0.71875,0.0,2.0,medium|easy|hard
test,0,9,27,32,0.5336565379984677,14.495260319999943,308.43125458100076,0.0003854843380395323,1.0,1.0,1.0,1.0,3.5069444444444447e-06,0.9375,0.0,2.0,easy|medium|hard
test,0,9,28,32,0.5323722340017412,15.028238726999916,308.96423304699965,0.0004914281889796257,1.0,1.0,1.0,1.0,3.4722222222222224e-06,0.90625,0.0,2.0,easy|hard|medium
test,0,9,29,32,0.534567896000226,15.563357064000229,309.49935135099986,0.0004694417002610862,1.0,1.0,1.0,1.0,3.4375e-06,0.84375,0.0,2.0,medium|easy|hard
test,0,9,30,32,0.533505540999613,16.097445731000334,310.03344017199925,0.00044073365279473364,1.0,1.0,1.0,1.0,3.4027777777777783e-06,1.0625,0.0,2.0,easy|hard|medium
test,0,9,31,32,0.5328907349994552,16.630803834999824,310.56679813700066,0.0004324891197029501,1.0,1.0,1.0,1.0,3.368055555555556e-06,1.15625,0.0,2.0,hard|medium|easy
test,0,9,32,32,0.5345189660001779,17.16586270500011,311.1018569879998,0.00037439059815369546,1.0,1.0,1.0,1.0,3.3333333333333333e-06,0.84375,0.0,2.0,easy|medium|hard
test,0,9,33,32,0.5338195320000523,17.70022390399936,311.6362181959994,0.0005355722969397902,1.0,1.0,1.0,1.0,3.2986111111111115e-06,0.875,0.0,2.0,easy|hard|medium
test,0,9,34,32,0.5328053530010948,18.233606832000078,312.1696011029999,0.0005159226129762828,1.0,1.0,1.0,1.0,3.2638888888888892e-06,1.25,0.0,2.0,hard|medium|easy
test,0,9,35,32,0.5339716559992667,18.768126142000256,312.7041204149991,0.000525670824572444,1.0,1.0,1.0,1.0,3.229166666666667e-06,0.875,0.0,2.0,medium|easy|hard
test,0,9,36,32,0.5337329810008669,19.302391809000255,313.2383861319995,0.00044483382953330874,1.0,1.0,1.0,1.0,3.1944444444444443e-06,0.8125,0.0,2.0,medium|easy|hard
test,0,9,37,32,0.5333562969990453,19.83629295799983,313.77228724499946,0.00038392067654058337,1.0,1.0,1.0,1.0,3.1597222222222224e-06,0.84375,0.0,2.0,medium|hard|easy
test,0,9,38,32,0.533821020000687,20.37075046300015,314.30674472600003,0.0003944822819903493,1.0,1.0,1.0,1.0,3.125e-06,0.71875,0.0,2.0,hard|medium|easy
test,0,9,39,32,0.533557202999873,20.904829246999725,314.8408235099996,0.0004936704644933343,1.0,1.0,1.0,1.0,3.0902777777777783e-06,0.8125,0.0,2.0,hard|easy|medium
test,0,9,40,32,0.5327551009995659,21.438158525999825,315.37415279999914,0.0003734396887011826,1.0,1.0,1.0,1.0,3.055555555555556e-06,1.1875,0.0,2.0,medium|hard|easy
test,0,9,41,32,0.5336864620003325,21.972370208999564,315.9083644759994,0.00041547647560946643,1.0,1.0,1.0,1.0,3.0208333333333334e-06,0.875,0.0,2.0,easy|hard|medium
test,0,9,42,32,0.532757564998974,22.50565512999856,316.4416493959998,0.0004729459760710597,1.0,1.0,1.0,1.0,2.986111111111111e-06,0.78125,0.0,2.0,medium|easy|hard
test,0,9,43,32,0.5329468599993561,23.0391432969991,316.9751375750002,0.00038409369881264865,1.0,1.0,1.0,1.0,2.9513888888888892e-06,0.84375,0.0,2.0,easy|hard|medium
test,0,9,44,32,0.5336939059998258,23.57333387899962,317.5093281369991,0.00039826083229854703,1.0,1.0,1.0,1.0,2.916666666666667e-06,0.78125,0.0,2.0,medium|hard|easy
test,0,9,45,32,0.5331876849995751,24.106972985999164,318.04296726100074,0.00039571625529788435,1.0,1.0,1.0,1.0,2.8819444444444443e-06,0.875,0.0,2.0,hard|easy|medium
test,0,9,46,32,0.532452542000101,24.639874339000016,318.57586862300013,0.0005374922184273601,1.0,1.0,1.0,1.0,2.8472222222222224e-06,0.6875,0.0,2.0,hard|easy|medium
test,0,9,47,32,0.5338748669983033,25.174350290999428,319.11034456000016,0.0004898247425444424,1.0,1.0,1.0,1.0,2.8125e-06,0.84375,0.0,2.0,hard|easy|medium
test,0,9,48,32,0.533175623999341,25.70808559499892,319.6440798749991,0.000379558012355119,1.0,1.0,1.0,1.0,2.7777777777777783e-06,1.03125,0.0,2.0,easy|medium|hard
test,0,9,49,32,0.5330748760006827,26.241757039999356,320.1777513069992,0.0005145217292010784,1.0,1.0,1.0,1.0,2.743055555555556e-06,0.875,0.0,2.0,easy|medium|hard
test,0,9,50,32,0.5339516059993912,26.77628371799983,320.7122780089994,0.0004744497127830982,1.0,1.0,1.0,1.0,2.7083333333333334e-06,0.625,0.0,2.0,medium|hard|easy
test,0,9,51,32,0.5329062159999012,27.30976439999904,321.24575876999916,0.0003968598903156817,1.0,1.0,1.0,1.0,2.673611111111111e-06,0.9375,0.0,2.0,medium|hard|easy
test,0,9,52,32,0.532118596998771,27.84245041699978,321.7784446940004,0.049382276833057404,0.96875,0.96875,0.9705882352941176,0.9687194525904204,2.6388888888888893e-06,0.9375,0.0,2.0,medium|easy|hard
test,0,9,53,32,0.5339562730005127,28.376964223998584,322.3129585019997,0.00039254711009562016,1.0,1.0,1.0,1.0,2.604166666666667e-06,0.96875,0.0,2.0,easy|medium|hard
test,0,9,54,32,0.5324507810000796,28.90993442599938,322.84592902000077,0.00039877445669844747,1.0,1.0,1.0,1.0,2.5694444444444443e-06,0.5625,0.0,2.0,easy|hard|medium
test,0,9,55,32,0.5326725300001272,29.44315034399915,323.37914461699984,0.0003671919694170356,1.0,1.0,1.0,1.0,2.5347222222222225e-06,1.03125,0.0,2.0,easy|hard|medium
test,0,9,56,32,0.5333608539986017,29.97703051999997,323.91302478800026,0.0005407767021097243,1.0,1.0,1.0,1.0,2.5e-06,0.96875,0.0,2.0,medium|easy|hard
test,0,9,57,32,0.5330808029993932,30.51062157999877,324.44661586499933,0.0004320107400417328,1.0,1.0,1.0,1.0,2.465277777777778e-06,0.9375,0.0,2.0,easy|hard|medium
test,0,9,58,32,0.5315344310001819,31.042733733000205,324.97872799700053,0.00038691068766638637,1.0,1.0,1.0,1.0,2.4305555555555557e-06,0.9375,0.0,2.0,easy|medium|hard
test,0,9,59,32,0.5340660749989183,31.57731037600024,325.51330464199964,0.025915950536727905,0.96875,0.96875,0.9705882352941176,0.9687194525904204,2.395833333333334e-06,0.9375,0.0,2.0,hard|medium|easy
test,0,9,60,32,0.5324172929995257,32.11040562599919,326.04640014100005,0.00045475520892068744,1.0,1.0,1.0,1.0,2.361111111111111e-06,0.8125,0.0,2.0,medium|hard|easy
test,0,9,61,32,0.5319722410004033,32.64282157699927,326.57881593099955,0.0004177920345682651,1.0,1.0,1.0,1.0,2.3263888888888893e-06,1.15625,0.0,2.0,hard|medium|easy
test,0,9,62,32,0.5343341989992041,33.17765491699902,327.11364919399966,0.00046527007361873984,1.0,1.0,1.0,1.0,2.2916666666666666e-06,1.0625,0.0,2.0,hard|medium|easy
test,0,9,63,32,0.5329345720001584,33.71106843300004,327.6470627010003,0.003343872958794236,1.0,1.0,1.0,1.0,2.2569444444444448e-06,1.34375,0.0,2.0,easy|hard|medium
test,0,9,64,20,0.3642399269992893,34.075762594999105,328.01175687700015,0.00039339446811936796,1.0,1.0,1.0,1.0,2.222222222222222e-06,0.800000011920929,0.0,2.0,hard|easy|medium
test,0,10,1,32,0.5359536010000738,0.6163026000012906,331.2822753849996,0.0004743914760183543,1.0,1.0,1.0,1.0,2.1875000000000002e-06,0.8125,0.0,2.0,medium|hard|easy
test,0,10,2,32,0.5321139249990665,1.1491659140010597,331.81513699400057,0.0004775645793415606,1.0,1.0,1.0,1.0,2.152777777777778e-06,0.90625,0.0,2.0,hard|easy|medium
test,0,10,3,32,0.5318301770003018,1.6815820400006487,332.3475530729993,0.000485141557874158,1.0,1.0,1.0,1.0,2.1180555555555557e-06,0.75,0.0,2.0,medium|easy|hard
test,0,10,4,32,0.5329775189984503,2.2151142860002437,332.88108528299927,0.0003926884091924876,1.0,1.0,1.0,1.0,2.0833333333333334e-06,0.90625,0.0,2.0,hard|easy|medium
test,0,10,5,32,0.5328947319994768,2.7485847429998103,333.41455581300033,0.0003972734557464719,1.0,1.0,1.0,1.0,2.048611111111111e-06,1.15625,0.0,2.0,hard|easy|medium
test,0,10,6,32,0.532535115000428,3.2816931620000105,333.947664198,0.0003603597288019955,1.0,1.0,1.0,1.0,2.0138888888888893e-06,0.84375,0.0,2.0,medium|easy|hard
test,0,10,7,32,0.5332192139994731,3.8154418710000755,334.48141285900056,0.0003790213377214968,1.0,1.0,1.0,1.0,1.9791666666666666e-06,0.96875,0.0,2.0,medium|easy|hard
test,0,10,8,32,0.5324641080005676,4.3484495829998195,335.014420554,0.0004268269403837621,1.0,1.0,1.0,1.0,1.944444444444445e-06,0.96875,0.0,2.0,easy|medium|hard
test,0,10,9,32,0.5323985630002426,4.881338851000692,335.5473098479997,0.0004166795697528869,1.0,1.0,1.0,1.0,1.909722222222222e-06,0.71875,0.0,2.0,easy|medium|hard
test,0,10,10,32,0.5338362059992505,5.415793341000608,336.08176433600056,0.00040593225276097655,1.0,1.0,1.0,1.0,1.8750000000000003e-06,1.21875,0.0,2.0,hard|medium|easy
test,0,10,11,32,0.5324438989991904,5.9487424030012335,336.61471345300015,0.006270337384194136,1.0,1.0,1.0,1.0,1.840277777777778e-06,0.96875,0.0,2.0,hard|easy|medium
test,0,10,12,32,0.5328965770004288,6.482148645000052,337.1481197430003,0.00034954340662807226,1.0,1.0,1.0,1.0,1.8055555555555557e-06,0.96875,0.0,2.0,hard|easy|medium
test,0,10,13,32,0.5332220210002561,7.015874734001045,337.6818458100006,0.0005506977322511375,1.0,1.0,1.0,1.0,1.7708333333333337e-06,1.0625,0.0,2.0,easy|medium|hard
test,0,10,14,32,0.5321733429991582,7.548585264001304,338.2145563289996,0.00035825904342345893,1.0,1.0,1.0,1.0,1.7361111111111112e-06,0.6875,0.0,2.0,medium|easy|hard
test,0,10,15,32,0.5323760800001764,8.081469808999827,338.7474408599992,0.000416019291151315,1.0,1.0,1.0,1.0,1.7013888888888891e-06,0.90625,0.0,2.0,medium|hard|easy
test,0,10,16,32,0.5334424860011495,8.615457216999857,339.28142831200057,0.00039017945528030396,1.0,1.0,1.0,1.0,1.6666666666666667e-06,1.28125,0.0,2.0,easy|medium|hard
test,0,10,17,32,0.534080173001712,9.150053362000108,339.81602452600055,0.0026725742500275373,1.0,1.0,1.0,1.0,1.6319444444444446e-06,0.875,0.0,2.0,medium|easy|hard
test,0,10,18,32,0.5333636530012882,9.684517102999962,340.3504880830005,0.00044282840099185705,1.0,1.0,1.0,1.0,1.5972222222222221e-06,0.875,0.0,2.0,medium|easy|hard
test,0,10,19,32,0.5332599929988646,10.218316933000096,340.8842879139993,0.0006856247782707214,1.0,1.0,1.0,1.0,1.5625e-06,0.90625,0.0,2.0,easy|hard|medium
test,0,10,20,32,0.5326197239992325,10.751451107000321,341.417422085,0.0004712313530035317,1.0,1.0,1.0,1.0,1.527777777777778e-06,0.84375,0.0,2.0,medium|hard|easy
test,0,10,21,32,0.5324354360000143,11.284389223001199,341.95036021099986,0.0004192756023257971,1.0,1.0,1.0,1.0,1.4930555555555555e-06,1.09375,0.0,2.0,easy|hard|medium
test,0,10,22,32,0.5331490170010511,11.818029903000934,342.4840009290001,0.00041597342351451516,1.0,1.0,1.0,1.0,1.4583333333333335e-06,0.6875,0.0,2.0,medium|hard|easy
test,0,10,23,32,0.5324168299994199,12.351048403999812,343.01701937100006,0.00039576596464030445,1.0,1.0,1.0,1.0,1.4236111111111112e-06,1.1875,0.0,2.0,medium|hard|easy
test,0,10,24,32,0.5330587939988618,12.884548549000101,343.55051953099974,0.0003328642051201314,1.0,1.0,1.0,1.0,1.3888888888888892e-06,1.09375,0.0,2.0,medium|hard|easy
test,0,10,25,32,0.5339882820007915,13.419111966000855,344.08508294400053,0.00039240409387275577,1.0,1.0,1.0,1.0,1.3541666666666667e-06,0.90625,0.0,2.0,medium|hard|easy
test,0,10,26,32,0.5327391299997544,13.952404917999957,344.6183758970001,0.00041406002128496766,1.0,1.0,1.0,1.0,1.3194444444444446e-06,0.84375,0.0,2.0,medium|easy|hard
test,0,10,27,32,0.531678302999353,14.484662218999802,345.1506331979999,0.0009505703346803784,1.0,1.0,1.0,1.0,1.2847222222222222e-06,0.90625,0.0,2.0,easy|medium|hard
test,0,10,28,32,0.5334333460014022,15.018666341000426,345.6846373589997,0.0004979335935786366,1.0,1.0,1.0,1.0,1.25e-06,0.90625,0.0,2.0,medium|easy|hard
test,0,10,29,32,0.5331280090013024,15.552368165001099,346.2183391409999,0.0004010955453850329,1.0,1.0,1.0,1.0,1.2152777777777778e-06,1.125,0.0,2.0,medium|hard|easy
test,0,10,30,32,0.5321932150000066,16.08501035900008,346.7509813559991,0.0004755721311084926,1.0,1.0,1.0,1.0,1.1805555555555556e-06,0.9375,0.0,2.0,hard|medium|easy
test,0,10,31,32,0.5338284259996726,16.619433421001304,347.2854043970001,0.0003631966537795961,1.0,1.0,1.0,1.0,1.1458333333333333e-06,1.09375,0.0,2.0,hard|medium|easy
test,0,10,32,32,0.5326664109998092,17.15269987099964,347.8186708360008,0.000481640687212348,1.0,1.0,1.0,1.0,1.111111111111111e-06,0.65625,0.0,2.0,easy|hard|medium
test,0,10,33,32,0.5317515570004616,17.685061228999984,348.35103220199926,0.00037034854176454246,1.0,1.0,1.0,1.0,1.076388888888889e-06,0.84375,0.0,2.0,easy|hard|medium
test,0,10,34,32,0.5335218449999957,18.219151620000048,348.88512264199926,0.00044068804709240794,1.0,1.0,1.0,1.0,1.0416666666666667e-06,0.75,0.0,2.0,medium|easy|hard
test,0,10,35,32,0.5328069899987895,18.752471158000844,349.41844214699995,0.0007276505348272622,1.0,1.0,1.0,1.0,1.0069444444444447e-06,0.75,0.0,2.0,medium|easy|hard
test,0,10,36,32,0.5326997169995593,19.285711825001272,349.95168283900057,0.00035388791002333164,1.0,1.0,1.0,1.0,9.722222222222224e-07,1.0,0.0,2.0,easy|hard|medium
test,0,10,37,32,0.5335117890008405,19.819737496000016,350.48570847500014,0.00040172028820961714,1.0,1.0,1.0,1.0,9.375000000000001e-07,0.9375,0.0,2.0,medium|easy|hard
test,0,10,38,32,0.5325748239993118,20.35277625300114,351.0187472260004,0.0004072783049196005,1.0,1.0,1.0,1.0,9.027777777777779e-07,1.09375,0.0,2.0,medium|hard|easy
test,0,10,39,32,0.5320575450004981,20.88541415600048,351.55138546799935,0.00041609862819314003,1.0,1.0,1.0,1.0,8.680555555555556e-07,1.0625,0.0,2.0,hard|medium|easy
test,0,10,40,32,0.5338554800000566,21.419847705001303,352.08581870300077,0.00045253755524754524,1.0,1.0,1.0,1.0,8.333333333333333e-07,0.65625,0.0,2.0,medium|easy|hard
test,0,10,41,32,0.532448691999889,21.952817003000746,352.61878803000036,0.0005156851839274168,1.0,1.0,1.0,1.0,7.986111111111111e-07,1.09375,0.0,2.0,medium|hard|easy
test,0,10,42,32,0.5318228979995183,22.485205541999676,353.1511765129999,0.00034139695344492793,1.0,1.0,1.0,1.0,7.63888888888889e-07,0.9375,0.0,2.0,medium|hard|easy
test,0,10,43,32,0.5332598940003663,23.01902560400049,353.6849966259997,0.0003811302303802222,1.0,1.0,1.0,1.0,7.291666666666667e-07,0.75,0.0,2.0,hard|easy|medium
test,0,10,44,32,0.533000245999574,23.552537104000294,354.21850812199955,0.00041777995647862554,1.0,1.0,1.0,1.0,6.944444444444446e-07,1.125,0.0,2.0,easy|hard|medium
test,0,10,45,32,0.5321164460001455,24.085219178001353,354.7511901449998,0.00041826817323453724,1.0,1.0,1.0,1.0,6.597222222222223e-07,0.9375,0.0,2.0,hard|easy|medium
test,0,10,46,32,0.5335749829991983,24.619256427000437,355.2852274149991,0.00038218620466068387,1.0,1.0,1.0,1.0,6.25e-07,0.84375,0.0,2.0,easy|medium|hard
test,0,10,47,32,0.5330654110002797,25.15290315600032,355.8188744250001,0.000795210711658001,1.0,1.0,1.0,1.0,5.902777777777778e-07,0.875,0.0,2.0,medium|hard|easy
test,0,10,48,32,0.5320952630008833,25.68556974800049,356.35154072300065,0.0004731128574348986,1.0,1.0,1.0,1.0,5.555555555555555e-07,0.6875,0.0,2.0,easy|hard|medium
test,0,10,49,32,0.5345649900009448,26.220720380000785,356.88669143900006,0.00047198470565490425,1.0,1.0,1.0,1.0,5.208333333333334e-07,1.09375,0.0,2.0,hard|easy|medium
test,0,10,50,32,0.5334808309999062,26.754740911001136,357.42071188299997,0.00036256969906389713,1.0,1.0,1.0,1.0,4.861111111111112e-07,1.0625,0.0,2.0,medium|hard|easy
test,0,10,51,32,0.5320834539998032,27.287334984001063,357.9533059580008,0.0004363436601124704,1.0,1.0,1.0,1.0,4.5138888888888893e-07,0.8125,0.0,2.0,medium|easy|hard
test,0,10,52,32,0.5335972650009353,27.821494816000268,358.48746579900035,0.0003082032490056008,1.0,1.0,1.0,1.0,4.1666666666666667e-07,1.0625,0.0,2.0,hard|medium|easy
test,0,10,53,32,0.5329148729997542,28.35486350700012,359.0208344719995,0.0004027231188956648,1.0,1.0,1.0,1.0,3.819444444444445e-07,0.9375,0.0,2.0,easy|hard|medium
test,0,10,54,32,0.531472966000365,28.886882066000908,359.55285306800033,0.00036683009238913655,1.0,1.0,1.0,1.0,3.472222222222223e-07,0.90625,0.0,2.0,hard|easy|medium
test,0,10,55,32,0.5332026740015863,29.42063888099983,360.0866098669994,0.00034836085978895426,1.0,1.0,1.0,1.0,3.125e-07,1.15625,0.0,2.0,hard|easy|medium
test,0,10,56,32,0.5330407370001922,29.954180444001395,360.6201514389995,0.00033042352879419923,1.0,1.0,1.0,1.0,2.7777777777777776e-07,0.75,0.0,2.0,easy|medium|hard
test,0,10,57,32,0.53197984200051,30.486742184000832,361.15271320399916,0.0003584430960472673,1.0,1.0,1.0,1.0,2.430555555555556e-07,0.9375,0.0,2.0,medium|hard|easy
test,0,10,58,32,0.5326783300006355,31.019922719000533,361.68589369099936,0.00043440639274194837,1.0,1.0,1.0,1.0,2.0833333333333333e-07,0.8125,0.0,2.0,easy|hard|medium
test,0,10,59,32,0.5327996239993809,31.55322562299989,362.2191966419996,0.00036798324435949326,1.0,1.0,1.0,1.0,1.7361111111111115e-07,0.6875,0.0,2.0,easy|hard|medium
test,0,10,60,32,0.5318260380008724,32.08561408300011,362.75158509299945,0.0003334805660415441,1.0,1.0,1.0,1.0,1.3888888888888888e-07,0.75,0.0,2.0,easy|medium|hard
test,0,10,61,32,0.53326055099933,32.61929640699964,363.2852673769994,0.00034373137168586254,1.0,1.0,1.0,1.0,1.0416666666666667e-07,1.0,0.0,2.0,hard|easy|medium
test,0,10,62,32,0.5327997210006288,33.15256273900013,363.81853371800025,0.000442363292677328,1.0,1.0,1.0,1.0,6.944444444444444e-08,0.96875,0.0,2.0,medium|hard|easy
test,0,10,63,32,0.5323240870002337,33.6853166410001,364.3512876799996,0.00036612473195418715,1.0,1.0,1.0,1.0,3.472222222222222e-08,0.625,0.0,2.0,easy|medium|hard
test,0,10,64,20,0.36471273500137613,34.05055005400027,364.71652107500086,0.00036329333670437336,1.0,1.0,1.0,1.0,0.0,0.75,0.0,2.0,medium|easy|hard
