split,fold,epoch,batch,batch_size,batch_time_seconds,epoch_accumulated_time_seconds,total_accumulated_time_seconds,loss,precision,accuracy,recall,f1,learning_rate,difficulty_mean,difficulty_min,difficulty_max,difficulty_labels
test,0,1,1,32,0.7732161390013061,0.8361967109958641,0.8368021710048197,0.6668034791946411,0.3333333333333333,0.625,0.45454545454545453,0.38461538461538464,7.490636704119851e-08,0.84375,0.0,2.0,easy|hard|medium
test,0,1,2,32,0.5269075179967331,1.3844719969929429,1.3850774739985354,0.6574618220329285,0.4770114942528736,0.59375,0.4916666666666667,0.4340136054421769,1.4981273408239702e-07,0.6875,0.0,2.0,easy|hard|medium
test,0,1,3,32,0.5275519810093101,1.9125136789953103,1.9131191710039275,0.6993129253387451,0.22580645161290322,0.4375,0.4666666666666667,0.30434782608695654,2.247191011235955e-07,1.125,0.0,2.0,hard|easy|medium
test,0,1,4,32,0.5279037730069831,2.441001585990307,2.441607054002816,0.7054129838943481,0.24193548387096775,0.46875,0.46875,0.3191489361702128,2.9962546816479403e-07,0.84375,0.0,2.0,hard|medium|easy
test,0,1,5,32,0.5295865969965234,2.9711885059950873,2.9717939910042332,0.70744788646698,0.7419354838709677,0.5,0.5294117647058824,0.3816425120772947,3.7453183520599253e-07,1.125,0.0,2.0,medium|hard|easy
test,0,1,6,32,0.5282337960088626,3.5000920399907045,3.5006975100113777,0.6855159997940063,0.265625,0.53125,0.5,0.3469387755102041,4.49438202247191e-07,0.9375,0.0,2.0,hard|medium|easy
test,0,1,7,32,0.5281328410055721,4.028723479990731,4.029328953009099,0.7396908402442932,0.6612903225806451,0.34375,0.5227272727272727,0.2873806998939554,5.243445692883896e-07,0.75,0.0,2.0,easy|medium|hard
test,0,1,8,32,0.5295364920020802,4.558806818997255,4.559412318005343,0.689142644405365,0.7258064516129032,0.46875,0.5277777777777778,0.36374269005847953,5.992509363295881e-07,1.0625,0.0,2.0,easy|hard|medium
test,0,1,9,32,0.5309881900029723,5.090401559995371,5.091006971008028,0.7157900333404541,0.25,0.5,0.5,0.3333333333333333,6.741573033707865e-07,1.0,0.0,2.0,easy|hard|medium
test,0,1,10,32,0.5304406249924796,5.621455153988791,5.622060583002167,0.7043945789337158,0.7419354838709677,0.5,0.5294117647058824,0.3816425120772947,7.490636704119851e-07,1.09375,0.0,2.0,easy|hard|medium
test,0,1,11,32,0.5298438970057759,6.1518814169976395,6.152487077008118,0.7162572145462036,0.7419354838709677,0.5,0.5294117647058824,0.3816425120772947,8.239700374531835e-07,0.78125,0.0,2.0,medium|easy|hard
test,0,1,12,32,0.5311423739913153,6.683586407001712,6.6841918639984215,0.712097704410553,0.21875,0.4375,0.5,0.30434782608695654,8.98876404494382e-07,1.125,0.0,2.0,medium|hard|easy
test,0,1,13,32,0.5302151549985865,7.214338994992431,7.21494443800475,0.6979444026947021,0.7333333333333334,0.5,0.5555555555555556,0.4181818181818182,9.737827715355806e-07,1.0,0.0,2.0,medium|hard|easy
test,0,1,14,32,0.5301713410008233,7.745113073993707,7.745718803998898,0.7087110280990601,0.5,0.5,0.5,0.4181818181818182,1.0486891385767792e-06,1.21875,0.0,2.0,medium|hard|easy
test,0,1,15,32,0.5332849309925223,8.278952934997506,8.279558406007709,0.7047526836395264,0.5919540229885057,0.53125,0.53125,0.43859649122807015,1.1235955056179777e-06,0.875,0.0,2.0,medium|hard|easy
test,0,1,16,32,0.5314236580015859,8.811179896991234,8.81178533101047,0.7180330157279968,0.3735632183908046,0.40625,0.45634920634920634,0.3266888150609081,1.1985018726591761e-06,0.9375,0.0,2.0,medium|easy|hard
test,0,1,17,32,0.530123520991765,9.341817107997485,9.342422547997558,0.7380388975143433,0.20967741935483872,0.40625,0.4642857142857143,0.28888888888888886,1.2734082397003748e-06,1.1875,0.0,2.0,easy|medium|hard
test,0,1,18,32,0.5309609109972371,9.873291141993832,9.873896532997605,0.6613101363182068,0.296875,0.59375,0.5,0.37254901960784315,1.348314606741573e-06,1.25,0.0,2.0,hard|easy|medium
test,0,1,19,32,0.5313591370068025,10.405129021994071,10.40573451500677,0.6955899000167847,0.6428571428571428,0.5625,0.5625,0.49090909090909085,1.4232209737827715e-06,0.875,0.0,2.0,easy|hard|medium
test,0,1,20,32,0.5301718549890211,10.935765046000597,10.936370478011668,0.695609986782074,0.44252873563218387,0.53125,0.4801587301587301,0.3992490613266583,1.4981273408239701e-06,0.875,0.0,2.0,hard|easy|medium
test,0,1,21,32,0.5316972989967326,11.468052129988791,11.468657596007688,0.6707929372787476,0.6436781609195402,0.625,0.5506072874493927,0.5,1.5730337078651686e-06,0.8125,0.0,2.0,easy|hard|medium
test,0,1,22,32,0.5308552780043101,11.999490450994927,12.000095827999758,0.6831108331680298,0.25806451612903225,0.5,0.47058823529411764,0.3333333333333333,1.647940074906367e-06,0.90625,0.0,2.0,hard|easy|medium
test,0,1,23,32,0.5309041360014817,12.53095778998977,12.531563259006361,0.7085224986076355,0.5641025641025641,0.5,0.5396825396825397,0.4666666666666667,1.7228464419475657e-06,1.0,0.0,2.0,hard|medium|easy
test,0,1,24,32,0.5320186720055062,13.063576221000403,13.064181641006144,0.680185079574585,0.7666666666666666,0.5625,0.5625,0.45893719806763283,1.797752808988764e-06,1.09375,0.0,2.0,medium|hard|easy
test,0,1,25,32,0.5311375360033708,13.595259576992248,13.59586505300831,0.7221859693527222,0.7419354838709677,0.5,0.5294117647058824,0.3816425120772947,1.8726591760299627e-06,0.96875,0.0,2.0,hard|medium|easy
test,0,1,26,32,0.5309702119993744,14.126823124999646,14.127428557010717,0.6791782975196838,0.45977011494252873,0.5625,0.4858299595141701,0.4166666666666667,1.947565543071161e-06,0.78125,0.0,2.0,easy|medium|hard
test,0,1,27,32,0.5315340870001819,14.658928534001461,14.659533985002781,0.7593494653701782,0.41666666666666663,0.34375,0.4783549783549783,0.2873806998939554,2.02247191011236e-06,0.96875,0.0,2.0,medium|hard|easy
test,0,1,28,32,0.5317467419954482,15.19114011900092,15.191745507006999,0.7295441627502441,0.1935483870967742,0.375,0.46153846153846156,0.2727272727272727,2.0973782771535585e-06,1.0,0.0,2.0,easy|hard|medium
test,0,1,29,32,0.5309879619890125,15.722668069996871,15.723273520998191,0.6910623908042908,0.7666666666666666,0.5625,0.5625,0.45893719806763283,2.1722846441947567e-06,1.0625,0.0,2.0,hard|medium|easy
test,0,1,30,32,0.5317481179954484,16.25489129399648,16.255496728001162,0.6815824508666992,0.5821256038647343,0.59375,0.5674603174603174,0.5588547189819725,2.2471910112359554e-06,0.78125,0.0,2.0,medium|easy|hard
test,0,1,31,32,0.5319080299959751,16.787295293994248,16.787900855008047,0.6927596926689148,0.5747126436781609,0.5,0.5254901960784314,0.4181818181818182,2.322097378277154e-06,0.96875,0.0,2.0,medium|easy|hard
test,0,1,32,32,0.5314075350033818,17.319265030993847,17.31987049500458,0.6995869278907776,0.2833333333333333,0.53125,0.4473684210526316,0.3469387755102041,2.3970037453183523e-06,1.0625,0.0,2.0,medium|hard|easy
test,0,1,33,32,0.5302440189989284,17.85000652699091,17.8506119090016,0.7086930274963379,0.24193548387096775,0.46875,0.46875,0.3191489361702128,2.4719101123595505e-06,1.125,0.0,2.0,medium|easy|hard
test,0,1,34,32,0.5315892969956622,18.382127175995265,18.38273264700547,0.7063531875610352,0.26666666666666666,0.5,0.4444444444444444,0.3333333333333333,2.5468164794007496e-06,1.0625,0.0,2.0,medium|easy|hard
test,0,1,35,32,0.5313291820057202,18.913977104995865,18.914582741010236,0.6967114806175232,0.45977011494252873,0.5625,0.4858299595141701,0.4166666666666667,2.6217228464419474e-06,0.8125,0.0,2.0,easy|hard|medium
test,0,1,36,32,0.531184231993393,19.445726133999415,19.44633177900687,0.714463472366333,0.5402298850574713,0.4375,0.51417004048583,0.37662337662337664,2.696629213483146e-06,0.90625,0.0,2.0,easy|medium|hard
test,0,1,37,32,0.5319627989956643,19.97828196999035,19.978887361998204,0.6803373098373413,0.55,0.59375,0.5121457489878543,0.4340136054421769,2.771535580524345e-06,0.90625,0.0,2.0,medium|hard|easy
test,0,1,38,32,0.531060265013366,20.50978861299518,20.51039414999832,0.7258952856063843,0.20967741935483872,0.40625,0.4642857142857143,0.28888888888888886,2.846441947565543e-06,1.15625,0.0,2.0,hard|medium|easy
test,0,1,39,32,0.5308870489971014,21.04123411299952,21.041839580997475,0.6761903762817383,0.4107142857142857,0.53125,0.4595141700404858,0.3992490613266583,2.9213483146067416e-06,0.90625,0.0,2.0,hard|easy|medium
test,0,1,40,32,0.5320145459991181,21.57384894999268,21.57445467400248,0.7138502597808838,0.21666666666666667,0.40625,0.43333333333333335,0.28888888888888886,2.9962546816479402e-06,0.96875,0.0,2.0,easy|medium|hard
test,0,1,41,32,0.5318238710024161,22.10622590398998,22.106831327997497,0.6972389221191406,0.5747126436781609,0.5,0.5254901960784314,0.4181818181818182,3.0711610486891385e-06,0.78125,0.0,2.0,easy|medium|hard
test,0,1,42,32,0.5307827979995636,22.63745903299423,22.638064659011434,0.7127276062965393,0.5222222222222221,0.46875,0.5119047619047619,0.4231177094379639,3.146067415730337e-06,1.40625,0.0,2.0,hard|medium|easy
test,0,1,43,32,0.5312840190017596,23.169340622989694,23.169946105001145,0.6903018951416016,0.5,0.5,0.5,0.3816425120772947,3.2209737827715358e-06,0.5625,0.0,2.0,medium|easy|hard
test,0,1,44,32,0.5317566610028734,23.70162608199462,23.702231529998244,0.6874963045120239,0.7666666666666666,0.5625,0.5625,0.45893719806763283,3.295880149812734e-06,0.96875,0.0,2.0,easy|medium|hard
test,0,1,45,32,0.5306220600032248,24.232849508989602,24.233454986999277,0.7257693409919739,0.3037037037037037,0.375,0.396078431372549,0.3073593073593074,3.3707865168539327e-06,1.125,0.0,2.0,medium|hard|easy
test,0,1,46,32,0.5325588050036458,24.76595957898826,24.76656504800485,0.6994659900665283,0.5407407407407407,0.5,0.5215686274509804,0.4458874458874459,3.4456928838951313e-06,1.0625,0.0,2.0,hard|medium|easy
test,0,1,47,32,0.5319461460021557,25.298475917996257,25.299081399003626,0.7234393954277039,0.48518518518518516,0.40625,0.4916666666666667,0.3764102564102564,3.52059925093633e-06,1.15625,0.0,2.0,hard|easy|medium
test,0,1,48,32,0.5309171349945245,25.8299255919992,25.83053103199927,0.6728787422180176,0.7833333333333333,0.59375,0.5666666666666667,0.4793491864831039,3.595505617977528e-06,1.0,0.0,2.0,hard|easy|medium
test,0,1,49,32,0.5323691270023119,26.362835095991613,26.363440535002155,0.6643373370170593,0.6609195402298851,0.65625,0.5583333333333333,0.5210884353741496,3.670411985018727e-06,1.0625,0.0,2.0,easy|medium|hard
test,0,1,50,32,0.5314587689936161,26.8948443900008,26.895449861011002,0.6677855253219604,0.6602564102564102,0.65625,0.6012145748987854,0.5883040935672514,3.7453183520599255e-06,1.28125,0.0,2.0,medium|easy|hard
test,0,1,51,32,0.5312174040009268,27.426608222987852,27.427213661998394,0.6910955905914307,0.2833333333333333,0.53125,0.4473684210526316,0.3469387755102041,3.820224719101124e-06,1.125,0.0,2.0,medium|hard|easy
test,0,1,52,32,0.5324719929922139,27.959673698002007,27.96027908399992,0.6882021427154541,0.6407407407407407,0.53125,0.5753968253968254,0.4909862142099682,3.895131086142322e-06,1.0,0.0,2.0,easy|hard|medium
test,0,1,53,32,0.5317298299924005,28.491959696999402,28.492565143998945,0.6888006329536438,0.6428571428571428,0.5625,0.5625,0.49090909090909085,3.970037453183521e-06,0.78125,0.0,2.0,medium|easy|hard
test,0,1,54,32,0.5310894860012922,29.023514560991316,29.024120002010022,0.6975697875022888,0.3333333333333333,0.4375,0.3968253968253968,0.34545454545454546,4.04494382022472e-06,1.03125,0.0,2.0,easy|medium|hard
test,0,1,55,32,0.532296106001013,29.556276229996,29.556881672004238,0.6972798705101013,0.4222222222222222,0.4375,0.45882352941176474,0.37662337662337664,4.119850187265918e-06,0.96875,0.0,2.0,medium|easy|hard
test,0,1,56,32,0.5311332839919487,30.08798205399944,30.088587420003023,0.7111549377441406,0.3390804597701149,0.34375,0.4416666666666667,0.2873806998939554,4.194756554307117e-06,0.84375,0.0,2.0,easy|medium|hard
test,0,1,57,32,0.5314591320056934,30.619988936989103,30.620594430001802,0.6919641494750977,0.5625,0.53125,0.5470588235294118,0.5076923076923077,4.269662921348315e-06,0.9375,0.0,2.0,easy|hard|medium
test,0,1,58,32,0.5326412650028942,31.153199779000715,31.153805259004002,0.7059608697891235,0.4252873563218391,0.5,0.4745098039215686,0.3816425120772947,4.3445692883895135e-06,1.125,0.0,2.0,medium|hard|easy
test,0,1,59,32,0.5325567740073893,31.686447433996364,31.68705290601065,0.69785475730896,0.47916666666666663,0.46875,0.484313725490196,0.4420512820512821,4.419475655430712e-06,0.96875,0.0,2.0,medium|easy|hard
test,0,1,60,32,0.5314089650055394,32.21846663299948,32.21907208500488,0.6892697811126709,0.5448717948717948,0.46875,0.5283400809716599,0.4420512820512821,4.494382022471911e-06,0.9375,0.0,2.0,hard|easy|medium
test,0,1,61,32,0.5325952599960146,32.751538771000924,32.752144247002434,0.71064293384552,0.4818181818181818,0.4375,0.4833333333333333,0.43529411764705883,4.569288389513109e-06,0.9375,0.0,2.0,easy|hard|medium
test,0,1,62,32,0.5325917489972198,33.28465602999495,33.28526147600496,0.6899651885032654,0.40285714285714286,0.46875,0.43253968253968256,0.39756367663344405,4.644194756554308e-06,0.78125,0.0,2.0,easy|medium|hard
test,0,1,63,32,0.5317335760046262,33.81693562900182,33.817541089010774,0.6893951892852783,0.6407407407407407,0.53125,0.5753968253968254,0.4909862142099682,4.719101123595506e-06,1.21875,0.0,2.0,medium|hard|easy
test,0,1,64,32,0.5325755460071377,34.35003549899557,34.35064093999972,0.6859585046768188,0.5,0.5,0.5,0.4666666666666667,4.7940074906367045e-06,1.15625,0.0,2.0,hard|medium|easy
test,0,1,65,32,0.5326198379916605,34.88312474299164,34.88373019300343,0.6877421140670776,0.3958333333333333,0.46875,0.4190283400809717,0.39756367663344405,4.868913857677903e-06,0.9375,0.0,2.0,medium|easy|hard
test,0,1,66,32,0.5313551909930538,35.41503169199859,35.41563713700452,0.6928564310073853,0.35256410256410253,0.46875,0.4068825910931174,0.36374269005847953,4.943820224719101e-06,0.90625,0.0,2.0,easy|medium|hard
test,0,1,67,32,0.5305941859987797,35.946168758993736,35.946774135009036,0.6932792663574219,0.39743589743589747,0.4375,0.4375,0.37662337662337664,5.0187265917603005e-06,1.09375,0.0,2.0,hard|easy|medium
test,0,1,68,32,0.5324717390030855,36.479160744987894,36.479766208998626,0.6832143068313599,0.538647342995169,0.53125,0.53125,0.5076923076923077,5.093632958801499e-06,0.9375,0.0,2.0,hard|medium|easy
test,0,1,69,32,0.5316924879880389,37.011444068994024,37.01204951600812,0.694665789604187,0.3628571428571429,0.40625,0.40625,0.3552492046659597,5.168539325842698e-06,0.84375,0.0,2.0,medium|hard|easy
test,0,1,70,32,0.5308034110057633,37.54282377198979,37.54342920400086,0.6883808374404907,0.6458333333333333,0.59375,0.6098039215686275,0.5733333333333333,5.243445692883895e-06,0.8125,0.0,2.0,easy|medium|hard
test,0,1,71,32,0.5319019860035041,38.075302453988115,38.07590790500399,0.6955438852310181,0.41666666666666663,0.46875,0.4490196078431372,0.39756367663344405,5.318352059925093e-06,0.84375,0.0,2.0,medium|easy|hard
test,0,1,72,32,0.5319384580070619,38.60771987699263,38.608325334003894,0.6962696313858032,0.38405797101449274,0.40625,0.40625,0.3764102564102564,5.393258426966292e-06,1.1875,0.0,2.0,medium|easy|hard
test,0,1,73,32,0.5312627210078062,39.139522195997415,39.14012765100051,0.6795812845230103,0.5603864734299517,0.5625,0.5490196078431372,0.5333333333333333,5.468164794007491e-06,1.25,0.0,2.0,hard|medium|easy
test,0,1,74,32,0.5323592349886894,39.672466496995185,39.67307194499881,0.7001716494560242,0.5727272727272728,0.5625,0.5625,0.5465587044534412,5.54307116104869e-06,1.0,0.0,2.0,easy|hard|medium
test,0,1,75,32,0.5309964839980239,40.20404262100055,40.20464799500769,0.7005024552345276,0.36231884057971014,0.375,0.38823529411764707,0.3522267206477733,5.617977528089889e-06,0.75,0.0,2.0,medium|easy|hard
test,0,1,76,32,0.5314624770107912,40.736075192995486,40.73668062800425,0.6917253732681274,0.5545454545454546,0.5,0.55,0.4980392156862745,5.692883895131086e-06,1.15625,0.0,2.0,hard|easy|medium
test,0,1,77,32,0.5325568260013824,41.269220311995014,41.26982577700983,0.6912330389022827,0.4954545454545455,0.53125,0.4959514170040486,0.4909862142099682,5.7677902621722845e-06,1.125,0.0,2.0,hard|medium|easy
test,0,1,78,32,0.5319329030025983,41.801769904996036,41.80237532900355,0.70140540599823,0.4149797570850202,0.40625,0.41666666666666663,0.4056695992179863,5.842696629213483e-06,0.8125,0.0,2.0,hard|easy|medium
test,0,1,79,32,0.531722849002108,42.3340382269962,42.33464366800035,0.6906057000160217,0.6400966183574879,0.53125,0.6318181818181818,0.530791788856305,5.917602996254682e-06,1.125,0.0,2.0,hard|easy|medium
test,0,1,80,32,0.5322978170006536,42.86692596199282,42.86753141399822,0.6819082498550415,0.5753968253968254,0.59375,0.5822510822510822,0.5733333333333333,5.9925093632958805e-06,1.0625,0.0,2.0,hard|easy|medium
test,0,1,81,32,0.5322572209988721,43.39962006099813,43.40022550499998,0.6781960725784302,0.6666666666666667,0.625,0.625,0.6,6.06741573033708e-06,1.125,0.0,2.0,hard|easy|medium
test,0,1,82,32,0.5311987399909412,43.93139797198819,43.93200344299839,0.6984095573425293,0.48917748917748916,0.5,0.4901960784313726,0.4817813765182186,6.142322097378277e-06,0.875,0.0,2.0,hard|medium|easy
test,0,1,83,32,0.5323974399943836,44.46424827199371,44.46485371000017,0.689480721950531,0.4916666666666667,0.53125,0.49134199134199136,0.4909862142099682,6.2172284644194756e-06,0.875,0.0,2.0,easy|medium|hard
test,0,1,84,32,0.5320999699906679,44.996941151999636,44.997546583006624,0.697407603263855,0.5634920634920635,0.5625,0.5625,0.5607843137254902,6.292134831460674e-06,1.21875,0.0,2.0,medium|hard|easy
test,0,1,85,32,0.5312857160024578,45.52876980599831,45.52937524599838,0.7016494274139404,0.4959514170040486,0.53125,0.4954545454545455,0.4909862142099682,6.367041198501873e-06,1.3125,0.0,2.0,medium|hard|easy
test,0,1,86,32,0.5323327350051841,46.06164039998839,46.06224582499999,0.6867866516113281,0.6082251082251082,0.65625,0.6136363636363636,0.6101882613510521,6.4419475655430715e-06,0.96875,0.0,2.0,medium|easy|hard
test,0,1,87,32,0.5324331269948743,46.59464549999393,46.59525093800039,0.6792120337486267,0.6038647342995169,0.625,0.5870445344129555,0.5844155844155844,6.51685393258427e-06,1.09375,0.0,2.0,hard|medium|easy
test,0,1,88,32,0.5316649890010012,47.12687186698895,47.12747731000127,0.6703894138336182,0.6731601731601732,0.65625,0.65625,0.6476476476476476,6.591760299625468e-06,0.71875,0.0,2.0,hard|easy|medium
test,0,1,89,32,0.5330018579988973,47.66040200499992,47.66100743399875,0.6905245780944824,0.5465587044534412,0.5625,0.5465587044534412,0.5465587044534412,6.666666666666667e-06,1.25,0.0,2.0,hard|easy|medium
test,0,1,90,32,0.5323825850064168,48.1933695209882,48.19397517800098,0.6839441061019897,0.5850202429149798,0.59375,0.5833333333333333,0.5835835835835836,6.741573033707865e-06,1.1875,0.0,2.0,hard|easy|medium
test,0,1,91,32,0.5312765260023298,48.725219856001786,48.72582532100205,0.7033072113990784,0.47916666666666663,0.46875,0.484313725490196,0.4420512820512821,6.816479400749064e-06,1.09375,0.0,2.0,medium|hard|easy
test,0,1,92,32,0.5338812390109524,49.259714118990814,49.26031954601058,0.6862771511077881,0.572463768115942,0.53125,0.5595238095238095,0.5195195195195195,6.891385767790263e-06,1.25,0.0,2.0,easy|hard|medium
test,0,1,93,32,0.5321382590045687,49.792438455988304,49.79304384300485,0.6668778657913208,0.6041666666666667,0.59375,0.5784313725490196,0.5588547189819725,6.966292134831461e-06,1.125,0.0,2.0,hard|medium|easy
test,0,1,94,32,0.5320190320053371,50.325022222998086,50.32562768200296,0.6568691730499268,0.6862348178137652,0.65625,0.6916666666666667,0.6559139784946236,7.04119850187266e-06,1.09375,0.0,2.0,hard|easy|medium
test,0,1,95,32,0.5336854570050491,50.85923915299645,50.8598445969983,0.6618306636810303,0.6153846153846154,0.6875,0.5818181818181818,0.5833333333333333,7.116104868913858e-06,1.0625,0.0,2.0,hard|easy|medium
test,0,1,96,32,0.5327187499933643,51.39256152699818,51.3931670160091,0.6377514600753784,0.7705314009661836,0.71875,0.71875,0.7046153846153846,7.191011235955056e-06,1.0,0.0,2.0,medium|hard|easy
test,0,1,97,32,0.5314451410085894,51.92456646999926,51.92517189800856,0.6427680253982544,0.611764705882353,0.625,0.6376811594202898,0.6,7.265917602996255e-06,0.90625,0.0,2.0,easy|hard|medium
test,0,1,98,32,0.533620130008785,52.458705771001405,52.45931120500609,0.6083228588104248,0.9069264069264069,0.90625,0.8916666666666666,0.8981972428419936,7.340823970037454e-06,1.15625,0.0,2.0,easy|hard|medium
test,0,1,99,32,0.532290811999701,52.991531186999055,52.99213662200782,0.5692070722579956,0.857487922705314,0.84375,0.8083333333333333,0.82281284606866,7.415730337078652e-06,1.125,0.0,2.0,easy|hard|medium
test,0,1,100,32,0.5316234740021173,53.52370356999745,53.52430902799824,0.5193554162979126,0.8745098039215686,0.875,0.8745098039215686,0.8745098039215686,7.490636704119851e-06,1.125,0.0,2.0,medium|hard|easy
test,0,1,101,32,0.5329356739966897,54.057203017990105,54.05780845601112,0.5707803964614868,0.7388663967611335,0.71875,0.7341269841269842,0.718475073313783,7.565543071161049e-06,0.8125,0.0,2.0,easy|hard|medium
test,0,1,102,32,0.5324932649964467,54.59026884799823,54.590874294997775,0.6420273780822754,0.6681818181818182,0.65625,0.6450980392156862,0.6389743589743591,7.640449438202247e-06,1.1875,0.0,2.0,hard|medium|easy
test,0,1,103,32,0.5312736769992625,55.12215226898843,55.122757647011895,0.4457811117172241,0.8745098039215686,0.875,0.8745098039215686,0.8745098039215686,7.715355805243446e-06,1.0,0.0,2.0,hard|medium|easy
test,0,1,104,32,0.5335755020059878,55.65621386098792,55.65681934999884,0.5397912263870239,0.7640692640692641,0.71875,0.7420634920634921,0.716256157635468,7.790262172284645e-06,1.3125,0.0,2.0,easy|medium|hard
test,0,1,105,32,0.532269704999635,56.18910728099581,56.18971272101044,0.38529136776924133,0.8809523809523809,0.875,0.875,0.8745098039215686,7.865168539325843e-06,1.21875,0.0,2.0,medium|hard|easy
test,0,1,106,32,0.5319869790109806,56.7216673429939,56.72227298900543,0.5187733173370361,0.7490196078431373,0.75,0.7490196078431373,0.7490196078431373,7.940074906367042e-06,1.125,0.0,2.0,easy|hard|medium
test,0,1,107,32,0.5327952150109923,57.25503340100113,57.255639123002766,0.34675878286361694,0.84375,0.84375,0.8562753036437247,0.8423645320197044,8.01498127340824e-06,0.96875,0.0,2.0,hard|medium|easy
test,0,1,108,32,0.5323696639970876,57.78798307699617,57.78858882300847,0.5382271409034729,0.7090909090909091,0.75,0.7090909090909091,0.7090909090909091,8.08988764044944e-06,1.0,0.0,2.0,medium|easy|hard
test,0,1,109,32,0.530901474005077,58.319442941996385,58.320048579000286,0.5384572744369507,0.7662337662337663,0.75,0.7411764705882353,0.7408906882591093,8.164794007490638e-06,1.0625,0.0,2.0,hard|medium|easy
test,0,1,110,32,0.5333109219936887,58.85329547399306,58.853900928006624,0.33302557468414307,0.9007936507936507,0.90625,0.9089068825910931,0.9039039039039038,8.239700374531837e-06,1.25,0.0,2.0,medium|hard|easy
test,0,1,111,32,0.5318864160071826,59.38573852699483,59.38634391401138,0.6371452212333679,0.7708333333333333,0.71875,0.7039215686274509,0.694591728525981,8.314606741573035e-06,1.1875,0.0,2.0,easy|hard|medium
test,0,1,112,32,0.5317780240002321,59.91808217699872,59.91868756400072,0.6351193189620972,0.723529411764706,0.71875,0.7261904761904762,0.718475073313783,8.389513108614234e-06,1.34375,0.0,2.0,hard|medium|easy
test,0,1,113,32,0.5328296560037415,60.45143170400115,60.45203715399839,0.37087565660476685,0.8441295546558705,0.84375,0.8373015873015872,0.8398398398398399,8.464419475655431e-06,1.09375,0.0,2.0,hard|easy|medium
test,0,1,114,32,0.5324241689959308,60.984326202000375,60.984931925006094,0.37237054109573364,0.84375,0.84375,0.8562753036437247,0.8423645320197044,8.53932584269663e-06,0.71875,0.0,2.0,easy|hard|medium
test,0,1,115,32,0.531029200006742,61.51594174199272,61.5165471900109,0.29530027508735657,0.9352226720647774,0.9375,0.9352226720647774,0.9352226720647774,8.614232209737828e-06,0.84375,0.0,2.0,easy|medium|hard
test,0,1,116,32,0.5328817089903168,62.049349736000295,62.04995517000498,0.291451096534729,0.9365079365079365,0.9375,0.9365079365079365,0.9365079365079365,8.689138576779027e-06,1.1875,0.0,2.0,hard|easy|medium
test,0,1,117,32,0.5324856709921733,62.582367876995704,62.58297351500369,0.5538171529769897,0.7619047619047619,0.75,0.7619047619047619,0.75,8.764044943820226e-06,1.125,0.0,2.0,medium|hard|easy
test,0,1,118,32,0.531576755005517,63.11452713099425,63.11513257600018,0.5507227182388306,0.7640692640692641,0.71875,0.7420634920634921,0.716256157635468,8.838951310861424e-06,0.84375,0.0,2.0,medium|hard|easy
test,0,1,119,32,0.5326997150114039,63.64777559498907,63.64838103399961,0.6278190612792969,0.7156862745098038,0.71875,0.7182539682539683,0.716256157635468,8.913857677902621e-06,0.9375,0.0,2.0,easy|hard|medium
test,0,1,120,32,0.5324973590031732,64.18084977999388,64.18145523000567,0.4714759588241577,0.8450980392156863,0.84375,0.84375,0.8435972629521017,8.988764044943822e-06,0.71875,0.0,2.0,hard|medium|easy
test,0,1,121,32,0.5315704929962521,64.71295039299002,64.7135558220034,0.41124027967453003,0.8833333333333333,0.875,0.8650793650793651,0.8704453441295547,9.06367041198502e-06,0.9375,0.0,2.0,hard|medium|easy
test,0,1,122,32,0.5329555710050045,65.246373846996,65.24697925501096,0.5019924640655518,0.8333333333333333,0.8125,0.8125,0.8095238095238095,9.138576779026219e-06,1.0625,0.0,2.0,easy|medium|hard
test,0,1,123,32,0.532314005002263,65.77927556699433,65.77988103299867,0.3898290991783142,0.8529411764705883,0.84375,0.875,0.8423645320197044,9.213483146067417e-06,0.96875,0.0,2.0,hard|medium|easy
test,0,1,124,32,0.531883571005892,66.31178256899875,66.31238802000007,0.7866983413696289,0.8,0.6875,0.7058823529411764,0.6666666666666667,9.288389513108616e-06,0.9375,0.0,2.0,easy|medium|hard
test,0,1,125,32,0.5325352069921792,66.84486202099652,66.84546746400883,0.3425446152687073,0.9130434782608696,0.875,0.8461538461538461,0.8614718614718615,9.363295880149813e-06,0.8125,0.0,2.0,easy|medium|hard
test,0,1,126,32,0.532068475993583,67.3774532929965,67.3780587479996,0.85126793384552,0.7053140096618358,0.625,0.6720647773279352,0.6190476190476191,9.438202247191012e-06,1.15625,0.0,2.0,medium|hard|easy
test,0,1,127,32,0.5321751299925381,67.91020294198825,67.91080853600579,0.37169867753982544,0.8571428571428572,0.8125,0.8235294117647058,0.8095238095238095,9.51310861423221e-06,1.0625,0.0,2.0,easy|medium|hard
test,0,1,128,32,0.5328114250005456,68.44353620799666,68.44414167200739,0.318200945854187,0.8784313725490196,0.875,0.8784313725490196,0.875,9.588014981273409e-06,1.1875,0.0,2.0,medium|easy|hard
test,0,1,129,32,0.53222069000185,68.97633027700067,68.97693573200377,0.7071002721786499,0.688259109311741,0.6875,0.6823529411764706,0.6825396825396826,9.662921348314608e-06,1.03125,0.0,2.0,hard|easy|medium
test,0,1,130,32,0.5319722130079754,69.50876705399423,69.50937282100494,0.47252199053764343,0.7738095238095238,0.78125,0.7793522267206479,0.7757757757757757,9.737827715355806e-06,1.09375,0.0,2.0,medium|easy|hard
test,0,1,131,32,0.5329583359998651,70.04238294299284,70.04298871400533,0.2142702341079712,0.9722222222222222,0.96875,0.9666666666666667,0.9684729064039409,9.812734082397003e-06,1.09375,0.0,2.0,medium|hard|easy
test,0,1,132,32,0.5319632290047593,70.57490481599234,70.57551047000743,0.6613837480545044,0.7584541062801933,0.75,0.7165991902834008,0.722943722943723,9.887640449438202e-06,1.28125,0.0,2.0,hard|easy|medium
test,0,1,133,32,0.5317335779982386,71.10719991699443,71.10780535799859,0.36639663577079773,0.8705882352941177,0.875,0.8825910931174089,0.873015873015873,9.9625468164794e-06,0.96875,0.0,2.0,medium|easy|hard
test,0,1,134,32,0.5331924899946898,71.6408551200002,71.6414605720056,0.42556944489479065,0.7817460317460317,0.78125,0.7784313725490195,0.7793103448275862,1.0037453183520601e-05,1.25,0.0,2.0,hard|medium|easy
test,0,1,135,32,0.5319235550123267,72.17332643400005,72.17393187900598,0.37015998363494873,0.9069264069264069,0.90625,0.8916666666666666,0.8981972428419936,1.01123595505618e-05,1.03125,0.0,2.0,medium|hard|easy
test,0,1,136,32,0.5322799870045856,72.7061581559974,72.70676359500794,0.519711971282959,0.7885714285714285,0.75,0.7044534412955465,0.7090909090909091,1.0187265917602998e-05,1.09375,0.0,2.0,medium|hard|easy
test,0,1,137,32,0.5326736659917515,73.2393651070015,73.23997057200177,0.43693917989730835,0.8636363636363636,0.8125,0.8125,0.8056680161943319,1.0262172284644197e-05,1.03125,0.0,2.0,easy|hard|medium
test,0,1,138,32,0.5323586059967056,73.77229405500111,73.77289985200332,0.28759849071502686,0.9,0.875,0.875,0.873015873015873,1.0337078651685396e-05,1.09375,0.0,2.0,easy|hard|medium
test,0,1,139,32,0.5318069790082518,74.30466751298809,74.30527297200751,0.34737250208854675,0.8833333333333333,0.875,0.8650793650793651,0.8704453441295547,1.0411985018726594e-05,0.9375,0.0,2.0,hard|easy|medium
test,0,1,140,32,0.5328196750051575,74.83807654099655,74.83868203200109,0.3963956832885742,0.8833333333333333,0.875,0.8650793650793651,0.8704453441295547,1.048689138576779e-05,0.875,0.0,2.0,hard|easy|medium
test,0,1,141,32,0.5329514040058712,75.37154877898865,75.37215422700683,0.29844868183135986,0.9210526315789473,0.90625,0.90625,0.9054187192118226,1.0561797752808988e-05,1.125,0.0,2.0,hard|medium|easy
test,0,1,142,32,0.5320374040020397,75.90419139400183,75.9047968310042,0.26154622435569763,0.9333333333333333,0.9375,0.9333333333333333,0.9333333333333333,1.0636704119850187e-05,0.875,0.0,2.0,medium|hard|easy
test,0,1,143,32,0.5329780030006077,76.43767061700055,76.43827607900312,0.40865838527679443,0.8416666666666667,0.84375,0.8319838056680162,0.8358974358974359,1.0711610486891385e-05,1.03125,0.0,2.0,easy|hard|medium
test,0,1,144,32,0.5330234900029609,76.97119487199234,76.97180035201018,0.34958434104919434,0.9210526315789473,0.90625,0.90625,0.9054187192118226,1.0786516853932584e-05,0.78125,0.0,2.0,easy|hard|medium
test,0,1,145,32,0.5320776589942398,77.50384097298956,77.50444667300326,0.4670253396034241,0.7823529411764706,0.78125,0.78125,0.7810361681329423,1.0861423220973783e-05,1.125,0.0,2.0,medium|hard|easy
test,0,1,146,32,0.5326104470004793,78.03702177699597,78.03762721001112,0.43978410959243774,0.8583333333333334,0.84375,0.8372549019607842,0.8398398398398399,1.0936329588014981e-05,1.09375,0.0,2.0,hard|easy|medium
test,0,1,147,32,0.5344811459945049,78.57194528199034,78.57255108500249,0.4015057682991028,0.8490196078431372,0.84375,0.8531746031746033,0.8435972629521017,1.101123595505618e-05,0.9375,0.0,2.0,medium|hard|easy
test,0,1,148,32,0.5319253649940947,79.1046041239897,79.10520981400623,0.2647719979286194,0.9285714285714286,0.9375,0.95,0.9352226720647774,1.108614232209738e-05,0.78125,0.0,2.0,easy|hard|medium
test,0,1,149,32,0.5326522879913682,79.63779421699292,79.63839964600629,0.3078746199607849,0.8115942028985508,0.875,0.8685714285714285,0.8333333333333333,1.1161048689138579e-05,1.15625,0.0,2.0,hard|medium|easy
test,0,1,150,32,0.5321281299984548,80.17048578200047,80.1710912270064,0.42267125844955444,0.8253968253968254,0.8125,0.8253968253968254,0.8125,1.1235955056179778e-05,0.9375,0.0,2.0,medium|easy|hard
test,0,1,151,32,0.5318796179926721,80.70285030899686,80.7034557529987,0.2616974413394928,0.8745098039215686,0.875,0.8745098039215686,0.8745098039215686,1.1310861423220976e-05,1.0625,0.0,2.0,medium|hard|easy
test,0,1,152,32,0.5328608069976326,81.23628895900038,81.23689440100861,0.2714172303676605,0.9069264069264069,0.90625,0.8916666666666666,0.8981972428419936,1.1385767790262172e-05,0.9375,0.0,2.0,hard|medium|easy
test,0,1,153,32,0.532647393993102,81.769414090988,81.77001952800492,0.3505539894104004,0.8452380952380952,0.84375,0.8411764705882353,0.8423645320197044,1.146067415730337e-05,1.15625,0.0,2.0,easy|hard|medium
test,0,1,154,32,0.5316529529955005,82.30165582899645,82.30226133399992,0.3863031566143036,0.8562753036437247,0.84375,0.84375,0.8423645320197044,1.1535580524344569e-05,0.90625,0.0,2.0,easy|hard|medium
test,0,1,155,32,0.532894623989705,82.83512353299011,82.83572929100774,0.4606955647468567,0.8117647058823529,0.8125,0.8117647058823529,0.8117647058823529,1.1610486891385768e-05,1.1875,0.0,2.0,hard|medium|easy
test,0,1,156,32,0.533102133005741,83.3687153889914,83.36932087699824,0.4013458490371704,0.7333333333333334,0.75,0.7333333333333334,0.7333333333333334,1.1685393258426966e-05,1.15625,0.0,2.0,hard|medium|easy
test,0,1,157,32,0.5325678819936002,83.90176824700029,83.90237368999806,0.3281717896461487,0.9117647058823529,0.90625,0.9166666666666667,0.906158357771261,1.1760299625468165e-05,0.75,0.0,2.0,easy|hard|medium
test,0,1,158,32,0.5326998800010188,84.43496533299913,84.43557100799808,0.27352654933929443,0.9069264069264069,0.90625,0.8916666666666666,0.8981972428419936,1.1835205992509364e-05,1.0,0.0,2.0,hard|medium|easy
test,0,1,159,32,0.5325491039984627,84.96806963499694,84.96867506000854,0.4113614559173584,0.8253968253968254,0.8125,0.8253968253968254,0.8125,1.1910112359550562e-05,0.78125,0.0,2.0,easy|medium|hard
test,0,1,160,32,0.5318676239985507,85.50053547100106,85.50114094599849,0.2880827784538269,0.903921568627451,0.90625,0.9087301587301587,0.9054187192118226,1.1985018726591761e-05,1.125,0.0,2.0,easy|hard|medium
test,0,1,161,32,0.5327297409967287,86.03372401099477,86.03432944900123,0.3909059762954712,0.7901960784313726,0.78125,0.8083333333333333,0.7793103448275862,1.205992509363296e-05,1.1875,0.0,2.0,hard|easy|medium
test,0,1,162,32,0.5331548770045629,86.56748266099021,86.56808810299844,0.41943609714508057,0.8650793650793651,0.875,0.8833333333333333,0.8704453441295547,1.213483146067416e-05,0.8125,0.0,2.0,medium|easy|hard
test,0,1,163,32,0.5323087409924483,87.10035103499831,87.10095647600247,0.4804982542991638,0.7909090909090909,0.75,0.75,0.7408906882591093,1.2209737827715359e-05,1.0625,0.0,2.0,easy|medium|hard
test,0,1,164,32,0.5331422460003523,87.63409758399939,87.63470303099893,0.40679389238357544,0.8357487922705313,0.8125,0.7813765182186234,0.7922077922077921,1.2284644194756554e-05,1.03125,0.0,2.0,hard|easy|medium
test,0,1,165,32,0.532588645000942,88.1672501849971,88.16785561200231,0.625997006893158,0.714574898785425,0.71875,0.7103174603174603,0.7117117117117118,1.2359550561797752e-05,0.84375,0.0,2.0,easy|medium|hard
test,0,1,166,32,0.5324541650043102,88.70027501099685,88.70088045700686,0.35611873865127563,0.8441295546558705,0.84375,0.8373015873015872,0.8398398398398399,1.2434456928838951e-05,1.03125,0.0,2.0,medium|hard|easy
test,0,1,167,32,0.5329118739900878,89.23375843599206,89.23436386699905,0.42542052268981934,0.740909090909091,0.71875,0.7078431372549019,0.7046153846153846,1.250936329588015e-05,1.15625,0.0,2.0,easy|medium|hard
test,0,1,168,32,0.5324674089933978,89.76679345199955,89.76739892399928,0.5799407958984375,0.6372549019607843,0.65625,0.7243589743589745,0.6101882613510521,1.2584269662921348e-05,1.09375,0.0,2.0,hard|medium|easy
test,0,1,169,32,0.5320449079881655,90.29936935698788,90.29997473000549,0.3182203769683838,0.7681159420289855,0.8125,0.7681159420289855,0.7681159420289855,1.2659176029962547e-05,1.09375,0.0,2.0,medium|hard|easy
test,0,1,170,32,0.5330728879926028,90.83300919199246,90.83361465101189,0.496913880109787,0.7976190476190477,0.78125,0.8036437246963564,0.7810361681329423,1.2734082397003746e-05,1.3125,0.0,2.0,hard|medium|easy
test,0,1,171,32,0.5333205109927803,91.36689143799595,91.3674968819978,0.568647027015686,0.75,0.75,0.753968253968254,0.7490196078431373,1.2808988764044944e-05,0.9375,0.0,2.0,hard|easy|medium
test,0,1,172,32,0.531760502999532,91.89918560699152,91.89979104600206,0.4399746060371399,0.8411764705882353,0.84375,0.8452380952380952,0.8423645320197044,1.2883895131086143e-05,1.125,0.0,2.0,medium|hard|easy
test,0,1,173,32,0.533015359993442,92.43273301399313,92.43333844700828,0.41797471046447754,0.803921568627451,0.8125,0.8354978354978355,0.8056680161943319,1.2958801498127342e-05,0.9375,0.0,2.0,medium|easy|hard
test,0,1,174,32,0.5320810900011566,92.96537609199004,92.96598153001105,0.29499614238739014,0.8373015873015872,0.84375,0.8441295546558705,0.8398398398398399,1.303370786516854e-05,1.0625,0.0,2.0,hard|easy|medium
test,0,1,175,32,0.5323534030030714,93.49828454699309,93.4988900180033,0.32555586099624634,0.8441295546558705,0.84375,0.8373015873015872,0.8398398398398399,1.3108614232209739e-05,0.875,0.0,2.0,easy|medium|hard
test,0,1,176,32,0.5326970620080829,94.03156100599153,94.03216643900669,0.3614984452724457,0.8571428571428572,0.8125,0.8235294117647058,0.8095238095238095,1.3183520599250936e-05,1.125,0.0,2.0,easy|medium|hard
test,0,1,177,32,0.5326854669983732,94.56480163399829,94.5654070770106,0.48140987753868103,0.8809523809523809,0.875,0.875,0.8745098039215686,1.3258426966292135e-05,1.125,0.0,2.0,hard|medium|easy
test,0,1,178,32,0.5320727979997173,95.09741677499551,95.09802220900019,0.25638896226882935,0.90625,0.90625,0.907843137254902,0.906158357771261,1.3333333333333333e-05,1.09375,0.0,2.0,hard|medium|easy
test,0,1,179,32,0.5322252210025908,95.6301814049948,95.63078685800429,0.6262401342391968,0.7922705314009661,0.75,0.7372549019607844,0.7333333333333334,1.3408239700374532e-05,1.0,0.0,2.0,hard|medium|easy
test,0,1,180,32,0.5328725359868258,96.16370862298936,96.16431406600168,0.5381495356559753,0.7450980392156863,0.75,0.7530364372469636,0.746031746031746,1.348314606741573e-05,0.9375,0.0,2.0,hard|easy|medium
test,0,1,181,32,0.5318287929985672,96.69601994298864,96.69662538100965,0.29564711451530457,0.8846153846153846,0.90625,0.9318181818181819,0.8981972428419936,1.355805243445693e-05,0.84375,0.0,2.0,medium|hard|easy
test,0,1,182,32,0.5328240890084999,97.2294752309972,97.23008067700721,0.2964623272418976,0.8174603174603174,0.8125,0.8125,0.8117647058823529,1.3632958801498128e-05,0.96875,0.0,2.0,easy|medium|hard
test,0,1,183,32,0.5327826810098486,97.7628017399984,97.76340718500433,0.33587646484375,0.7489177489177489,0.8125,0.8285714285714285,0.7681159420289855,1.3707865168539327e-05,0.625,0.0,2.0,medium|easy|hard
test,0,1,184,32,0.5318700450006872,98.2952596769901,98.29586512201058,0.40875980257987976,0.7943722943722944,0.84375,0.8541666666666667,0.8128654970760234,1.3782771535580525e-05,1.0625,0.0,2.0,easy|hard|medium
test,0,1,185,32,0.5323676010011695,98.82816202599497,98.8287677890039,0.19712407886981964,0.9545454545454546,0.9375,0.9166666666666667,0.9307359307359306,1.3857677902621724e-05,0.9375,0.0,2.0,hard|medium|easy
test,0,1,186,32,0.5334508910018485,99.36213651498838,99.36274197600142,0.3870847821235657,0.8156862745098039,0.8125,0.8156862745098039,0.8125,1.3932584269662923e-05,1.03125,0.0,2.0,medium|easy|hard
test,0,1,187,32,0.5321167340007378,99.89482717200008,99.89543255700846,0.4358457922935486,0.8,0.8125,0.8,0.8,1.4007490636704121e-05,0.75,0.0,2.0,medium|hard|easy
test,0,1,188,32,0.5325096580054378,100.42782640899532,100.4284318590071,0.3120807707309723,0.8450980392156863,0.84375,0.84375,0.8435972629521017,1.408239700374532e-05,0.78125,0.0,2.0,easy|medium|hard
test,0,1,189,32,0.5329747429932468,100.96130990699749,100.96191534900572,0.5105193853378296,0.8571428571428572,0.8125,0.8235294117647058,0.8095238095238095,1.4157303370786517e-05,0.84375,0.0,2.0,medium|easy|hard
test,0,1,190,32,0.5319252830086043,101.49383993099036,101.49444537500676,0.2593488395214081,0.8784313725490196,0.875,0.8784313725490196,0.875,1.4232209737827715e-05,0.8125,0.0,2.0,easy|medium|hard
test,0,1,191,32,0.531777376003447,102.02614691399503,102.02675235700735,0.31263986229896545,0.8809523809523809,0.875,0.875,0.8745098039215686,1.4307116104868914e-05,1.28125,0.0,2.0,easy|medium|hard
test,0,1,192,32,0.5326183819997823,102.55926273399382,102.55986818100791,0.3958743214607239,0.8745098039215686,0.875,0.8745098039215686,0.8745098039215686,1.4382022471910113e-05,0.96875,0.0,2.0,medium|hard|easy
test,0,1,193,32,0.5319991319993278,103.09177079399524,103.09237623400986,0.5743628740310669,0.7186147186147187,0.6875,0.6980392156862745,0.6825396825396826,1.4456928838951311e-05,0.9375,0.0,2.0,hard|medium|easy
test,0,1,194,32,0.5309217610047199,103.62322587499511,103.62383131901152,0.4550512731075287,0.775,0.78125,0.7672064777327935,0.7702564102564102,1.453183520599251e-05,1.03125,0.0,2.0,medium|hard|easy
test,0,1,195,32,0.5330674839933636,104.15686786799051,104.15747329599981,0.4201902747154236,0.7313725490196079,0.71875,0.7681818181818182,0.7117117117117118,1.4606741573033709e-05,1.03125,0.0,2.0,medium|easy|hard
test,0,1,196,32,0.5320556290098466,104.68947396399744,104.69007941600285,0.2983003258705139,0.8831168831168831,0.875,0.8582995951417004,0.8666666666666667,1.4681647940074907e-05,1.09375,0.0,2.0,hard|easy|medium
test,0,1,197,32,0.531393700002809,105.22144917798869,105.22205456900701,0.5817459225654602,0.7510121457489879,0.71875,0.7583333333333333,0.718475073313783,1.4756554307116106e-05,0.875,0.0,2.0,medium|hard|easy
test,0,1,198,32,0.532984667996061,105.7549667479907,105.7555721860117,0.5760560631752014,0.7916666666666667,0.78125,0.7745098039215685,0.7757757757757757,1.4831460674157305e-05,1.0625,0.0,2.0,easy|hard|medium
test,0,1,199,32,0.5316878659941722,106.28726032299164,106.28786575900449,0.32267338037490845,0.9411764705882353,0.9375,0.9411764705882353,0.9375,1.4906367041198503e-05,0.875,0.0,2.0,easy|medium|hard
test,0,1,200,32,0.531596692992025,106.81944125299924,106.82004669200978,0.25678086280822754,0.90625,0.90625,0.907843137254902,0.906158357771261,1.4981273408239702e-05,0.8125,0.0,2.0,medium|easy|hard
test,0,1,201,32,0.532891919996473,107.35292451099667,107.35352997900918,0.48751431703567505,0.825,0.78125,0.8157894736842105,0.7810361681329423,1.5056179775280899e-05,0.84375,0.0,2.0,medium|easy|hard
test,0,1,202,32,0.5314304170024116,107.88490422199538,107.88550966100593,0.30377137660980225,0.9045454545454545,0.90625,0.8852813852813852,0.893687707641196,1.5131086142322098e-05,0.90625,0.0,2.0,easy|hard|medium
test,0,1,203,32,0.5316466810036218,108.41699156600225,108.41759700101102,0.378246545791626,0.8036437246963564,0.78125,0.7976190476190477,0.7810361681329423,1.5205992509363296e-05,0.8125,0.0,2.0,easy|medium|hard
test,0,1,204,32,0.5326201150019187,108.9501460659958,108.95075150800403,0.33451908826828003,0.8704453441295547,0.875,0.8704453441295547,0.8704453441295547,1.5280898876404495e-05,0.75,0.0,2.0,easy|hard|medium
test,0,1,205,32,0.5318903959996533,109.48261386599916,109.48321931700048,0.37061646580696106,0.875,0.84375,0.8529411764705883,0.8423645320197044,1.5355805243445695e-05,0.84375,0.0,2.0,hard|easy|medium
test,0,1,206,32,0.531330371988588,110.0145050239953,110.01511048400425,0.3167746067047119,0.9130434782608696,0.875,0.8461538461538461,0.8614718614718615,1.5430711610486892e-05,1.15625,0.0,2.0,easy|hard|medium
test,0,1,207,32,0.5322307880123844,110.54727199899207,110.54787771801057,0.37598171830177307,0.8319838056680162,0.84375,0.8416666666666667,0.8358974358974359,1.5505617977528093e-05,0.96875,0.0,2.0,medium|easy|hard
test,0,1,208,32,0.5320292819960741,111.0798021399969,111.08040757900744,0.23764801025390625,0.903921568627451,0.90625,0.9087301587301587,0.9054187192118226,1.558052434456929e-05,1.15625,0.0,2.0,hard|medium|easy
test,0,1,209,32,0.5316738190012984,111.61201807598991,111.61262353000348,0.4524521231651306,0.8156862745098039,0.8125,0.8156862745098039,0.8125,1.565543071161049e-05,1.09375,0.0,2.0,hard|easy|medium
test,0,1,210,32,0.5326154909998877,112.14521954499651,112.14582499599783,0.3774765133857727,0.8590909090909091,0.84375,0.819838056680162,0.8303287380699894,1.5730337078651687e-05,0.96875,0.0,2.0,easy|hard|medium
test,0,1,211,32,0.532014911994338,112.67767668099259,112.67828210500011,0.46388790011405945,0.7976190476190477,0.78125,0.8036437246963564,0.7810361681329423,1.5805243445692887e-05,1.0625,0.0,2.0,hard|easy|medium
test,0,1,212,32,0.5310542899969732,113.20930825299001,113.20991369101102,0.4014303982257843,0.8593073593073592,0.84375,0.8293650793650793,0.8358974358974359,1.5880149812734084e-05,1.125,0.0,2.0,easy|hard|medium
test,0,1,213,32,0.5324268240074161,113.74227406799037,113.7428795050073,0.3054973781108856,0.9,0.875,0.875,0.873015873015873,1.595505617977528e-05,0.90625,0.0,2.0,medium|easy|hard
test,0,1,214,32,0.5326849550037878,114.27544214899535,114.27604758900998,0.4009993374347687,0.8705882352941177,0.875,0.8825910931174089,0.873015873015873,1.602996254681648e-05,0.6875,0.0,2.0,medium|easy|hard
test,0,1,215,32,0.5312651639978867,114.80726320100075,114.80786862901004,0.3615644872188568,0.8196078431372549,0.8125,0.8299595141700404,0.8117647058823529,1.610486891385768e-05,0.9375,0.0,2.0,easy|medium|hard
test,0,1,216,32,0.5325998379994417,115.34039036599279,115.3409958150005,0.19238173961639404,0.9722222222222222,0.96875,0.9666666666666667,0.9684729064039409,1.617977528089888e-05,0.90625,0.0,2.0,easy|medium|hard
test,0,1,217,32,0.5324013930076035,115.87339297999279,115.87399843100866,0.3317227065563202,0.875,0.875,0.9,0.873015873015873,1.6254681647940076e-05,1.0625,0.0,2.0,medium|hard|easy
test,0,1,218,32,0.531628960990929,116.40561283798888,116.40621828500298,0.3027086555957794,0.8823529411764706,0.875,0.8947368421052632,0.8745098039215686,1.6329588014981276e-05,1.125,0.0,2.0,easy|medium|hard
test,0,1,219,32,0.5329960859962739,116.93908725799702,116.93969269000809,0.2058696448802948,0.9365079365079365,0.9375,0.9365079365079365,0.9365079365079365,1.6404494382022473e-05,0.90625,0.0,2.0,medium|easy|hard
test,0,1,220,32,0.5323030310100876,117.47196117999556,117.47256662500149,0.10566501319408417,1.0,1.0,1.0,1.0,1.6479400749063673e-05,0.625,0.0,2.0,easy|medium|hard
test,0,1,221,32,0.5314122640120331,118.0039454200014,118.00455086299917,0.3726855516433716,0.8704453441295547,0.875,0.8704453441295547,0.8704453441295547,1.655430711610487e-05,1.0,0.0,2.0,hard|medium|easy
test,0,1,222,32,0.5328081490006298,118.53728912500083,118.53789456799859,0.3742319941520691,0.8809523809523809,0.875,0.875,0.8745098039215686,1.662921348314607e-05,0.75,0.0,2.0,easy|medium|hard
test,0,1,223,32,0.5324580589949619,119.07031316499342,119.07091861100344,0.4793015718460083,0.8958333333333333,0.84375,0.8076923076923077,0.82281284606866,1.6704119850187268e-05,1.125,0.0,2.0,hard|easy|medium
test,0,1,224,32,0.5315971989912214,119.60251544800121,119.60312122400501,0.49458062648773193,0.8015873015873016,0.8125,0.8166666666666667,0.8056680161943319,1.6779026217228468e-05,0.9375,0.0,2.0,medium|easy|hard
test,0,1,225,32,0.5333998819987755,120.13651945399761,120.13712489200407,0.5432578921318054,0.7550607287449393,0.78125,0.7863636363636364,0.7624602332979851,1.6853932584269665e-05,1.09375,0.0,2.0,hard|easy|medium
test,0,1,226,32,0.5322986450046301,120.6693603140011,120.66996576100064,0.45064669847488403,0.78125,0.78125,0.8116883116883117,0.7757757757757757,1.6928838951310862e-05,1.09375,0.0,2.0,medium|easy|hard
test,0,1,227,32,0.5306565039936686,121.20057500500116,121.20118043500406,0.3953176438808441,0.8695652173913043,0.8125,0.8,0.8,1.7003745318352062e-05,0.78125,0.0,2.0,easy|hard|medium
test,0,1,228,32,0.5332260209979722,121.73428629498812,121.73489173100097,0.36831381916999817,0.8095238095238095,0.8125,0.8095238095238095,0.8095238095238095,1.707865168539326e-05,0.75,0.0,2.0,easy|hard|medium
test,0,1,229,32,0.5320192399958614,122.2668787589937,122.26748420100193,0.7209242582321167,0.746031746031746,0.75,0.746031746031746,0.746031746031746,1.715355805243446e-05,1.0625,0.0,2.0,hard|medium|easy
test,0,1,230,32,0.5315464020095533,122.79899982499774,122.79960526400828,0.41268762946128845,0.8372549019607842,0.84375,0.8583333333333334,0.8398398398398399,1.7228464419475657e-05,1.0,0.0,2.0,hard|easy|medium
test,0,1,231,32,0.5330309279961511,123.33259613798873,123.33320159300638,0.22046667337417603,0.9473684210526316,0.9375,0.9333333333333333,0.9365079365079365,1.7303370786516857e-05,0.90625,0.0,2.0,medium|easy|hard
test,0,1,232,32,0.5323805529915262,123.86554805000196,123.86615348800842,0.28739380836486816,0.8792270531400965,0.875,0.8398268398268398,0.8545454545454545,1.7378277153558054e-05,0.96875,0.0,2.0,hard|medium|easy
test,0,1,233,32,0.5312487749906722,124.3973553419928,124.39796077400388,0.28234192728996277,0.875,0.875,0.8809523809523809,0.8745098039215686,1.7453183520599254e-05,1.0625,0.0,2.0,hard|medium|easy
test,0,1,234,32,0.5331071939872345,124.9310187529918,124.93162419300643,0.30489516258239746,0.875,0.875,0.9,0.873015873015873,1.752808988764045e-05,0.78125,0.0,2.0,hard|medium|easy
test,0,1,235,32,0.5322592019947479,125.46381183199992,125.46441729800426,0.4048203229904175,0.8562753036437247,0.84375,0.84375,0.8423645320197044,1.760299625468165e-05,0.96875,0.0,2.0,medium|easy|hard
test,0,1,236,32,0.5311666880006669,125.99542212300003,125.99602756999957,0.3451954126358032,0.9007936507936507,0.90625,0.9089068825910931,0.9039039039039038,1.767790262172285e-05,1.0625,0.0,2.0,easy|hard|medium
test,0,1,237,32,0.5330864260031376,126.52905614599877,126.52966158599884,0.3483007550239563,0.8116883116883117,0.78125,0.78125,0.7757757757757757,1.7752808988764045e-05,0.78125,0.0,2.0,easy|medium|hard
test,0,1,238,32,0.5327092880033888,127.06230406599934,127.06290950300172,0.31440022587776184,0.8809523809523809,0.875,0.875,0.8745098039215686,1.7827715355805242e-05,0.78125,0.0,2.0,easy|hard|medium
test,0,1,239,32,0.5315143890038598,127.59440345199255,127.59500888400362,0.6263434886932373,0.71875,0.71875,0.7196078431372549,0.718475073313783,1.7902621722846443e-05,1.15625,0.0,2.0,medium|hard|easy
test,0,1,240,32,0.5330749130080221,128.128028015999,128.12863348300743,0.3615278899669647,0.8416666666666667,0.84375,0.8319838056680162,0.8358974358974359,1.7977528089887643e-05,0.96875,0.0,2.0,hard|easy|medium
test,0,1,241,32,0.5321707620023517,128.66075251498842,128.6613579600089,0.3397579789161682,0.9090909090909092,0.9375,0.9565217391304348,0.9272727272727272,1.805243445692884e-05,0.78125,0.0,2.0,medium|easy|hard
test,0,1,242,32,0.5318065710016526,129.1931223069987,129.19372774699877,0.4283299744129181,0.8095238095238095,0.8125,0.8095238095238095,0.8095238095238095,1.812734082397004e-05,0.96875,0.0,2.0,easy|medium|hard
test,0,1,243,32,0.533235433002119,129.7269544479932,129.72755988199788,0.32041239738464355,0.8809523809523809,0.875,0.875,0.8745098039215686,1.8202247191011237e-05,1.09375,0.0,2.0,easy|hard|medium
test,0,1,244,32,0.5326048700080719,130.26014423099696,130.2607496700075,0.3125402331352234,0.875,0.875,0.8809523809523809,0.8745098039215686,1.8277153558052438e-05,1.03125,0.0,2.0,hard|easy|medium
test,0,1,245,32,0.5321405660070013,130.7928197579895,130.79342520600767,0.20350125432014465,0.9642857142857143,0.96875,0.9736842105263157,0.967967967967968,1.8352059925093635e-05,0.9375,0.0,2.0,hard|easy|medium
test,0,1,246,32,0.5331316379888449,131.32648537699424,131.3270908179984,0.2766793370246887,0.9087301587301587,0.90625,0.903921568627451,0.9054187192118226,1.8426966292134835e-05,1.03125,0.0,2.0,hard|easy|medium
test,0,1,247,32,0.5324627559893997,131.85947550499986,131.86008094000863,0.4002365469932556,0.8583333333333334,0.84375,0.8372549019607842,0.8398398398398399,1.8501872659176032e-05,1.21875,0.0,2.0,medium|easy|hard
test,0,1,248,32,0.5321532560046762,132.39220248498896,132.39280792600766,0.19689883291721344,0.9375,0.9375,0.9444444444444444,0.9372549019607843,1.8576779026217232e-05,1.15625,0.0,2.0,medium|easy|hard
test,0,1,249,32,0.5331556969904341,132.92591072799405,132.92651617500815,0.29748159646987915,0.8745098039215686,0.875,0.8745098039215686,0.8745098039215686,1.8651685393258426e-05,0.84375,0.0,2.0,easy|medium|hard
test,0,1,250,32,0.5325132300058613,133.45896788498794,133.4595733640017,0.42443373799324036,0.84375,0.84375,0.8450980392156863,0.8435972629521017,1.8726591760299626e-05,1.03125,0.0,2.0,hard|medium|easy
test,0,1,251,32,0.5319727339956444,133.99150335599552,133.9921087820112,0.2873725891113281,0.8967611336032388,0.90625,0.9083333333333333,0.9015384615384616,1.8801498127340823e-05,0.90625,0.0,2.0,medium|easy|hard
test,0,1,252,32,0.5336751589929918,134.52572195600078,134.52632739000546,0.33704322576522827,0.9,0.875,0.875,0.873015873015873,1.8876404494382024e-05,1.09375,0.0,2.0,easy|hard|medium
test,0,1,253,32,0.5328272290062159,135.05908296999405,135.05968842600123,0.3158816695213318,0.9087301587301587,0.90625,0.903921568627451,0.9054187192118226,1.8951310861423224e-05,0.96875,0.0,2.0,easy|hard|medium
test,0,1,254,32,0.5320207570039202,135.59165454299364,135.59225998701004,0.3382054567337036,0.8373015873015872,0.84375,0.8441295546558705,0.8398398398398399,1.902621722846442e-05,1.03125,0.0,2.0,hard|easy|medium
test,0,1,255,32,0.5329418649926083,136.12515668399283,136.1257621219993,0.12701840698719025,0.975,0.96875,0.9615384615384616,0.9671794871794872,1.910112359550562e-05,0.8125,0.0,2.0,hard|easy|medium
test,0,1,256,32,0.5325564130034763,136.6582468629931,136.6588523149985,0.3939962387084961,0.8299595141700404,0.8125,0.8196078431372549,0.8117647058823529,1.9176029962546818e-05,1.25,0.0,2.0,medium|easy|hard
test,0,1,257,32,0.5318641560006654,137.1905865449953,137.1911919980048,0.3038085103034973,0.903921568627451,0.90625,0.9087301587301587,0.9054187192118226,1.925093632958802e-05,1.03125,0.0,2.0,medium|easy|hard
test,0,1,258,32,0.5328706750005949,137.72402989199327,137.72463557400624,0.2729162871837616,0.9352226720647774,0.9375,0.9352226720647774,0.9352226720647774,1.9325842696629215e-05,0.8125,0.0,2.0,easy|medium|hard
test,0,1,259,32,0.5324020209955052,138.256935323996,138.25754076300655,0.31475985050201416,0.8928571428571428,0.90625,0.9285714285714286,0.9015384615384616,1.9400749063670416e-05,1.0,0.0,2.0,medium|easy|hard
test,0,1,260,32,0.5317036909982562,138.78920033299073,138.78980577400944,0.1762273758649826,0.9365079365079365,0.9375,0.9365079365079365,0.9365079365079365,1.9475655430711613e-05,1.1875,0.0,2.0,hard|easy|medium
test,0,1,261,32,0.5329603779973695,139.32271927798865,139.32332472100097,0.5169063806533813,0.8421052631578947,0.8125,0.8421052631578947,0.8125,1.955056179775281e-05,0.6875,0.0,2.0,medium|easy|hard
test,0,1,262,32,0.5321443520078901,139.8554419419961,139.85604736200185,0.3335098624229431,0.8411764705882353,0.84375,0.8452380952380952,0.8423645320197044,1.9625468164794007e-05,1.03125,0.0,2.0,medium|easy|hard
test,0,1,263,32,0.5319093559955945,140.38818532000005,140.38879077200545,0.26081499457359314,0.873015873015873,0.875,0.873015873015873,0.873015873015873,1.9700374531835207e-05,0.8125,0.0,2.0,easy|medium|hard
test,0,1,264,32,0.5331173739978112,140.92175852500077,140.92236395900545,0.3488895893096924,0.875,0.875,0.8809523809523809,0.8745098039215686,1.9775280898876404e-05,0.71875,0.0,2.0,easy|medium|hard
test,0,1,265,32,0.5322548419935629,141.45449100299447,141.45509645499988,0.47341153025627136,0.8178137651821862,0.8125,0.807843137254902,0.8095238095238095,1.9850187265917604e-05,0.9375,0.0,2.0,easy|hard|medium
test,0,1,266,32,0.5324342499952763,141.98745876399335,141.98806419799803,0.42609262466430664,0.7705882352941176,0.78125,0.8136363636363637,0.7702564102564102,1.99250936329588e-05,1.125,0.0,2.0,medium|hard|easy
test,0,1,267,17,0.32083363200945314,142.30878017199575,142.3093856080086,0.30883491039276123,0.8,0.7647058823529411,0.8181818181818181,0.7638888888888888,2e-05,1.058823585510254,0.0,2.0,hard|medium|easy
test,0,2,1,32,0.5350513750017853,0.6205361960019218,153.46240429900354,0.2521529793739319,0.8825910931174089,0.875,0.8705882352941177,0.873015873015873,1.9991677070328757e-05,1.21875,0.0,2.0,medium|hard|easy
test,0,2,2,32,0.5318301820079796,1.1531384370027808,153.9950065650046,0.20837359130382538,0.8636363636363636,0.90625,0.9375,0.887719298245614,1.9983354140657515e-05,0.78125,0.0,2.0,medium|easy|hard
test,0,2,3,32,0.5329958579968661,1.6867513640027028,154.52861948699865,0.2456490844488144,0.8809523809523809,0.875,0.875,0.8745098039215686,1.9975031210986267e-05,0.96875,0.0,2.0,medium|hard|easy
test,0,2,4,32,0.5327579520089785,2.220031268996536,155.06189940100012,0.36336976289749146,0.873015873015873,0.875,0.873015873015873,0.873015873015873,1.9966708281315022e-05,1.09375,0.0,2.0,hard|medium|easy
test,0,2,5,32,0.5318059770070249,2.752484901997377,155.59435329100234,0.2167971432209015,0.9166666666666667,0.90625,0.9117647058823529,0.906158357771261,1.995838535164378e-05,1.03125,0.0,2.0,easy|medium|hard
test,0,2,6,32,0.5324722730001668,3.285514297996997,156.12738241499756,0.14753620326519012,0.9761904761904762,0.96875,0.9583333333333333,0.9660657476139979,1.9950062421972536e-05,0.96875,0.0,2.0,hard|medium|easy
test,0,2,7,32,0.5322885030036559,3.818350139001268,156.66021827999793,0.46050313115119934,0.8825910931174089,0.875,0.8705882352941177,0.873015873015873,1.994173949230129e-05,1.28125,0.0,2.0,hard|medium|easy
test,0,2,8,32,0.5318606540095061,4.350779339001747,157.19264744700922,0.18000879883766174,0.9087301587301587,0.90625,0.903921568627451,0.9054187192118226,1.993341656263005e-05,1.0625,0.0,2.0,hard|medium|easy
test,0,2,9,32,0.5332219039992196,4.8845687819994055,157.72643690400582,0.2622491121292114,0.8809523809523809,0.875,0.875,0.8745098039215686,1.99250936329588e-05,0.71875,0.0,2.0,easy|hard|medium
test,0,2,10,32,0.5326692669914337,5.417794492997928,158.25966261600843,0.15657386183738708,0.9083333333333333,0.90625,0.8967611336032388,0.9015384615384616,1.9916770703287556e-05,1.09375,0.0,2.0,easy|hard|medium
test,0,2,11,32,0.5315557840076508,5.949915990000591,158.7917843460018,0.29921430349349976,0.875,0.875,0.9,0.873015873015873,1.9908447773616315e-05,0.8125,0.0,2.0,easy|medium|hard
test,0,2,12,32,0.5334803139994619,6.483977752999635,159.3258458909986,0.17543333768844604,0.9375,0.9375,0.9375,0.9375,1.990012484394507e-05,1.125,0.0,2.0,hard|easy|medium
test,0,2,13,32,0.5328233510081191,7.017430159001378,159.85929827101063,0.2936890721321106,0.9117647058823529,0.90625,0.9166666666666667,0.906158357771261,1.9891801914273825e-05,0.96875,0.0,2.0,easy|hard|medium
test,0,2,14,32,0.5316356180119328,7.549638477998087,160.3915065980109,0.36746880412101746,0.8373015873015872,0.84375,0.8441295546558705,0.8398398398398399,1.9883478984602584e-05,0.9375,0.0,2.0,medium|hard|easy
test,0,2,15,32,0.5328936949954368,8.083074089008733,160.92494249800802,0.2913103699684143,0.873015873015873,0.875,0.873015873015873,0.873015873015873,1.9875156054931336e-05,0.90625,0.0,2.0,medium|hard|easy
test,0,2,16,32,0.5327444739959901,8.616422824008623,161.45829097100068,0.390278160572052,0.9047619047619048,0.875,0.8666666666666667,0.8704453441295547,1.986683312526009e-05,0.84375,0.0,2.0,easy|hard|medium
test,0,2,17,32,0.5318558760045562,9.148804494005162,161.99067261100572,0.2841789722442627,0.9117647058823529,0.90625,0.9166666666666667,0.906158357771261,1.985851019558885e-05,1.1875,0.0,2.0,hard|medium|easy
test,0,2,18,32,0.5332421290077036,9.68263461200695,162.524502707005,0.3324373960494995,0.8745098039215686,0.875,0.8745098039215686,0.8745098039215686,1.9850187265917604e-05,0.8125,0.0,2.0,hard|easy|medium
test,0,2,19,32,0.5332771110115573,10.216487263009185,163.05835538200336,0.383730947971344,0.8441295546558705,0.84375,0.8373015873015872,0.8398398398398399,1.9841864336246363e-05,1.09375,0.0,2.0,easy|medium|hard
test,0,2,20,32,0.5317164189909818,10.748760529007996,163.59062892700604,0.28972482681274414,0.9166666666666667,0.90625,0.9117647058823529,0.906158357771261,1.9833541406575118e-05,1.0,0.0,2.0,easy|medium|hard
test,0,2,21,32,0.5333697030000621,11.282720214003348,164.12458833600977,0.6064364910125732,0.7738095238095238,0.78125,0.7793522267206479,0.7757757757757757,1.982521847690387e-05,1.125,0.0,2.0,easy|hard|medium
test,0,2,22,32,0.53265878399543,11.815921323999646,164.6577894820075,0.4355648159980774,0.8373015873015872,0.84375,0.8441295546558705,0.8398398398398399,1.9816895547232628e-05,1.0625,0.0,2.0,medium|hard|easy
test,0,2,23,32,0.5319175409968011,12.348386441008188,165.19025449900073,0.1812441647052765,0.9352226720647774,0.9375,0.9352226720647774,0.9352226720647774,1.9808572617561383e-05,1.21875,0.0,2.0,medium|easy|hard
test,0,2,24,32,0.5330664430075558,12.88199905800866,165.7238671649975,0.24769872426986694,0.9375,0.9375,0.9444444444444444,0.9372549019607843,1.980024968789014e-05,0.96875,0.0,2.0,easy|hard|medium
test,0,2,25,32,0.5326309530064464,13.415225460004876,166.257093748005,0.16952872276306152,0.9722222222222222,0.96875,0.9666666666666667,0.9684729064039409,1.9791926758218897e-05,1.15625,0.0,2.0,hard|medium|easy
test,0,2,26,32,0.5320388910040492,13.947798109002179,166.7896662139974,0.2931632399559021,0.9007936507936507,0.90625,0.9089068825910931,0.9039039039039038,1.9783603828547652e-05,0.84375,0.0,2.0,easy|hard|medium
test,0,2,27,32,0.5330951670039212,14.481429339997703,167.3232974600105,0.2844970226287842,0.907843137254902,0.90625,0.90625,0.906158357771261,1.9775280898876404e-05,0.8125,0.0,2.0,medium|easy|hard
test,0,2,28,32,0.5331069130043034,15.015060774996527,167.85692889599886,0.3166221082210541,0.875,0.875,0.875,0.875,1.9766957969205163e-05,0.96875,0.0,2.0,medium|hard|easy
test,0,2,29,32,0.5316392080130754,15.547336843999801,168.38920491399767,0.1765427589416504,0.9352226720647774,0.9375,0.9352226720647774,0.9352226720647774,1.9758635039533918e-05,1.0625,0.0,2.0,medium|easy|hard
test,0,2,30,32,0.5333021409896901,16.081208857998718,168.9230769650021,0.17791849374771118,0.9365079365079365,0.9375,0.9365079365079365,0.9365079365079365,1.9750312109862673e-05,1.03125,0.0,2.0,easy|medium|hard
test,0,2,31,32,0.5334687849972397,16.61525170900859,169.45711982301145,0.17269745469093323,0.9642857142857143,0.96875,0.9736842105263157,0.967967967967968,1.974198918019143e-05,1.21875,0.0,2.0,hard|easy|medium
test,0,2,32,32,0.5319467649969738,17.147815710006398,169.98968376799894,0.2603408396244049,0.9045454545454545,0.90625,0.8852813852813852,0.893687707641196,1.9733666250520186e-05,1.03125,0.0,2.0,medium|hard|easy
test,0,2,33,32,0.5332252959924517,17.681614815010107,170.52348326500214,0.3154982924461365,0.84375,0.84375,0.8562753036437247,0.8423645320197044,1.9725343320848938e-05,1.15625,0.0,2.0,medium|hard|easy
test,0,2,34,32,0.5331080150062917,18.21524675200635,171.0571148809977,0.21819034218788147,0.873015873015873,0.875,0.873015873015873,0.873015873015873,1.9717020391177697e-05,1.09375,0.0,2.0,medium|easy|hard
test,0,2,35,32,0.5315298459900077,18.74736002199643,171.5892281270062,0.13795813918113708,0.9666666666666667,0.96875,0.9722222222222222,0.9684729064039409,1.9708697461506452e-05,0.875,0.0,2.0,easy|medium|hard
test,0,2,36,32,0.5330408749869093,19.28092540000216,172.12279351599864,0.2048015296459198,0.9117647058823529,0.90625,0.9166666666666667,0.906158357771261,1.9700374531835207e-05,0.875,0.0,2.0,hard|easy|medium
test,0,2,37,32,0.5323228009947343,19.813867297008983,172.655735428998,0.36385947465896606,0.8784313725490196,0.875,0.8784313725490196,0.875,1.9692051602163966e-05,1.21875,0.0,2.0,easy|medium|hard
test,0,2,38,32,0.5319652159960242,20.34639315500681,173.18826128200453,0.06063441187143326,1.0,1.0,1.0,1.0,1.968372867249272e-05,1.0,0.0,2.0,medium|hard|easy
test,0,2,39,32,0.5329163600108586,20.879818561006687,173.72168667700316,0.4661869704723358,0.8125,0.8125,0.8333333333333333,0.8095238095238095,1.9675405742821472e-05,0.9375,0.0,2.0,medium|hard|easy
test,0,2,40,32,0.5329684769967571,21.413305385009153,174.2551734860026,0.09242797642946243,0.9666666666666667,0.96875,0.9722222222222222,0.9684729064039409,1.966708281315023e-05,1.21875,0.0,2.0,hard|medium|easy
test,0,2,41,32,0.531249530002242,21.94508626300376,174.7869543889974,0.28336960077285767,0.9365079365079365,0.9375,0.9365079365079365,0.9365079365079365,1.9658759883478986e-05,0.9375,0.0,2.0,hard|easy|medium
test,0,2,42,32,0.5333522840082878,22.478994944001897,175.3208630480076,0.07057221233844757,0.9666666666666667,0.96875,0.9722222222222222,0.9684729064039409,1.965043695380774e-05,0.84375,0.0,2.0,hard|easy|medium
test,0,2,43,32,0.5329971669998486,23.012563962009153,175.85443209200457,0.3042106628417969,0.8784313725490196,0.875,0.8784313725490196,0.875,1.96421140241365e-05,0.90625,0.0,2.0,hard|medium|easy
test,0,2,44,32,0.5320164430013392,23.545122609008104,176.3869907150074,0.3001607656478882,0.8967611336032388,0.90625,0.9083333333333333,0.9015384615384616,1.963379109446525e-05,1.125,0.0,2.0,easy|medium|hard
test,0,2,45,32,0.5332457330077887,24.078943897999125,176.92081227000745,0.34197238087654114,0.925,0.90625,0.9,0.9039039039039038,1.9625468164794007e-05,1.125,0.0,2.0,medium|hard|easy
test,0,2,46,32,0.533334856008878,24.612882348010316,177.45475047500804,0.6019341945648193,0.6784313725490196,0.6875,0.696969696969697,0.6761133603238867,1.9617145235122765e-05,1.28125,0.0,2.0,hard|medium|easy
test,0,2,47,32,0.5317592409992358,25.14516790700145,177.98703601400484,0.5054092407226562,0.8125,0.8125,0.8125,0.8125,1.960882230545152e-05,0.6875,0.0,2.0,hard|easy|medium
test,0,2,48,32,0.5333806830021786,25.679109924007207,178.5209780389996,0.11411060392856598,0.96875,0.96875,0.9705882352941176,0.9687194525904204,1.9600499375780275e-05,0.9375,0.0,2.0,easy|hard|medium
test,0,2,49,32,0.5328048619994661,26.212418677008827,179.05428679801116,0.15411517024040222,0.9705882352941176,0.96875,0.96875,0.9687194525904204,1.9592176446109034e-05,1.125,0.0,2.0,medium|hard|easy
test,0,2,50,32,0.5317857439949876,26.744824395005708,179.5866925240116,0.34605616331100464,0.9083333333333333,0.90625,0.8967611336032388,0.9015384615384616,1.9583853516437786e-05,0.90625,0.0,2.0,medium|easy|hard
test,0,2,51,32,0.5328806440084008,27.278247787005967,180.12011589801114,0.11029273271560669,0.9615384615384616,0.96875,0.975,0.9671794871794872,1.957553058676654e-05,1.0625,0.0,2.0,hard|easy|medium
test,0,2,52,32,0.532566014007898,27.81137658499938,180.65324463399884,0.10909125953912735,0.9705882352941176,0.96875,0.96875,0.9687194525904204,1.95672076570953e-05,0.96875,0.0,2.0,medium|easy|hard
test,0,2,53,32,0.5311173729860457,28.343087408007705,181.18495551600063,0.280009388923645,0.8809523809523809,0.875,0.875,0.8745098039215686,1.9558884727424055e-05,0.8125,0.0,2.0,easy|medium|hard
test,0,2,54,32,0.5335711049992824,28.87723923100566,181.71910736800055,0.320604532957077,0.873015873015873,0.875,0.873015873015873,0.873015873015873,1.955056179775281e-05,0.875,0.0,2.0,easy|hard|medium
test,0,2,55,32,0.5329036059993086,29.410758058002102,182.25262617399858,0.21045219898223877,0.9333333333333333,0.9375,0.9473684210526316,0.9365079365079365,1.9542238868081568e-05,0.84375,0.0,2.0,hard|medium|easy
test,0,2,56,32,0.5315307900018524,29.942847687998437,182.78471580600308,0.26961567997932434,0.9444444444444444,0.9375,0.9375,0.9372549019607843,1.953391593841032e-05,1.0625,0.0,2.0,medium|easy|hard
test,0,2,57,32,0.5330352950113593,30.476371463009855,183.31823951900878,0.23228886723518372,0.907843137254902,0.90625,0.90625,0.906158357771261,1.952559300873908e-05,0.875,0.0,2.0,easy|hard|medium
test,0,2,58,32,0.5324362130049849,31.00933975400403,183.8512078650092,0.2616671323776245,0.907843137254902,0.90625,0.90625,0.906158357771261,1.9517270079067834e-05,0.84375,0.0,2.0,hard|medium|easy
test,0,2,59,32,0.5317884620017139,31.541676976004965,184.38354510400677,0.2016809731721878,0.9352226720647774,0.9375,0.9352226720647774,0.9352226720647774,1.950894714939659e-05,0.96875,0.0,2.0,hard|medium|easy
test,0,2,60,32,0.532906111999182,32.07516350100923,184.91703163100465,0.17186254262924194,0.9722222222222222,0.96875,0.9666666666666667,0.9684729064039409,1.9500624219725347e-05,0.96875,0.0,2.0,medium|hard|easy
test,0,2,61,32,0.5324368839937961,32.6081792699988,185.45004740000877,0.31393545866012573,0.8452380952380952,0.84375,0.8411764705882353,0.8423645320197044,1.9492301290054102e-05,0.84375,0.0,2.0,easy|hard|medium
test,0,2,62,32,0.5312726330012083,33.13995478099969,185.98182291501143,0.10439318418502808,0.9761904761904762,0.96875,0.9583333333333333,0.9660657476139979,1.9483978360382854e-05,0.96875,0.0,2.0,medium|easy|hard
test,0,2,63,32,0.5329343409975991,33.67340853100177,186.51527664699825,0.2889278531074524,0.8928571428571428,0.90625,0.9285714285714286,0.9015384615384616,1.9475655430711613e-05,0.90625,0.0,2.0,hard|easy|medium
test,0,2,64,32,0.5320315489952918,34.206030993009335,187.04789910100226,0.09452255815267563,0.9666666666666667,0.96875,0.9722222222222222,0.9684729064039409,1.9467332501040368e-05,0.71875,0.0,2.0,medium|hard|easy
test,0,2,65,32,0.5310031980043277,34.7375882010092,187.57945656099764,0.4911496341228485,0.8,0.8125,0.8,0.8,1.9459009571369123e-05,0.96875,0.0,2.0,easy|hard|medium
test,0,2,66,32,0.5329709020006703,35.27113968800404,188.11300779800513,0.4487594962120056,0.8117647058823529,0.8125,0.8117647058823529,0.8117647058823529,1.945068664169788e-05,1.03125,0.0,2.0,easy|medium|hard
test,0,2,67,32,0.53215190199262,35.803859584004385,188.64572802100156,0.35773178935050964,0.8863636363636364,0.84375,0.8333333333333333,0.8358974358974359,1.9442363712026637e-05,1.09375,0.0,2.0,easy|hard|medium
test,0,2,68,32,0.5313903599890182,36.33578996300639,189.1776580279984,0.3252018094062805,0.8529411764705883,0.84375,0.875,0.8423645320197044,1.943404078235539e-05,1.09375,0.0,2.0,medium|hard|easy
test,0,2,69,32,0.533249309999519,36.869589257999905,189.711457316007,0.3635600507259369,0.8863636363636364,0.84375,0.8333333333333333,0.8358974358974359,1.9425717852684147e-05,0.9375,0.0,2.0,medium|hard|easy
test,0,2,70,32,0.5322300620027818,37.402375069999835,190.24424319399986,0.1727915108203888,0.9545454545454546,0.9375,0.9166666666666667,0.9307359307359306,1.9417394923012902e-05,1.03125,0.0,2.0,hard|easy|medium
test,0,2,71,32,0.5314082030090503,37.934334036006476,190.77620216200012,0.15875771641731262,0.9210526315789473,0.90625,0.90625,0.9054187192118226,1.9409071993341657e-05,0.9375,0.0,2.0,hard|easy|medium
test,0,2,72,32,0.5329152750055073,38.467848282001796,191.30971640899952,0.23303326964378357,0.9210526315789473,0.90625,0.90625,0.9054187192118226,1.9400749063670416e-05,1.0,0.0,2.0,hard|medium|easy
test,0,2,73,32,0.533143148990348,39.00152383699606,191.84339193699998,0.2801188826560974,0.9007936507936507,0.90625,0.9089068825910931,0.9039039039039038,1.939242613399917e-05,1.25,0.0,2.0,medium|hard|easy
test,0,2,74,32,0.531217715004459,39.533218251002836,192.3750865910115,0.30557894706726074,0.875,0.875,0.9,0.873015873015873,1.9384103204327923e-05,1.125,0.0,2.0,hard|medium|easy
test,0,2,75,32,0.5333412760082865,40.06711371100391,192.9089818479988,0.2018105685710907,0.9089068825910931,0.90625,0.9007936507936507,0.9039039039039038,1.937578027465668e-05,0.9375,0.0,2.0,hard|medium|easy
test,0,2,76,32,0.5322526240051957,40.59994412800006,193.44181224700878,0.2104107290506363,0.9166666666666667,0.90625,0.9117647058823529,0.906158357771261,1.9367457344985436e-05,1.1875,0.0,2.0,medium|hard|easy
test,0,2,77,32,0.531590700004017,41.13209397700848,193.97396203799872,0.46836137771606445,0.6875,0.6875,0.6904761904761905,0.6862745098039216,1.935913441531419e-05,1.0,0.0,2.0,easy|medium|hard
test,0,2,78,32,0.5334060749883065,41.66611983500479,194.50798797101015,0.15346676111221313,0.9372549019607843,0.9375,0.9372549019607843,0.9372549019607843,1.935081148564295e-05,1.15625,0.0,2.0,easy|medium|hard
test,0,2,79,32,0.5324669390101917,42.199120097007835,195.0409882170061,0.1607537865638733,0.9722222222222222,0.96875,0.9666666666666667,0.9684729064039409,1.9342488555971705e-05,1.09375,0.0,2.0,hard|easy|medium
test,0,2,80,32,0.5319049039972015,42.73157206700125,195.57344019701122,0.3956466317176819,0.7916666666666667,0.78125,0.7745098039215685,0.7757757757757757,1.9334165626300457e-05,1.03125,0.0,2.0,medium|easy|hard
test,0,2,81,32,0.5333510500058765,43.26546980300918,196.10733784901095,0.4334632456302643,0.78125,0.78125,0.791497975708502,0.7793103448275862,1.9325842696629215e-05,0.96875,0.0,2.0,easy|hard|medium
test,0,2,82,32,0.5321148240036564,43.79815527900064,196.64002339800936,0.16672880947589874,0.9705882352941176,0.96875,0.96875,0.9687194525904204,1.931751976695797e-05,1.15625,0.0,2.0,hard|medium|easy
test,0,2,83,32,0.5318833549972624,44.33062257000711,197.17249080100737,0.20281431078910828,0.9365079365079365,0.9375,0.9365079365079365,0.9365079365079365,1.9309196837286726e-05,1.125,0.0,2.0,hard|easy|medium
test,0,2,84,32,0.5329561640101019,44.864143793005496,197.7060119210073,0.185520201921463,0.9365079365079365,0.9375,0.9365079365079365,0.9365079365079365,1.9300873907615484e-05,0.96875,0.0,2.0,easy|medium|hard
test,0,2,85,32,0.5325656799977878,45.3972924460104,198.23916051600827,0.21865975856781006,0.90625,0.90625,0.907843137254902,0.906158357771261,1.929255097794424e-05,1.21875,0.0,2.0,hard|easy|medium
test,0,2,86,32,0.5320330609974917,45.929885174002266,198.77175330600585,0.18875589966773987,0.96875,0.96875,0.9705882352941176,0.9687194525904204,1.928422804827299e-05,0.875,0.0,2.0,easy|medium|hard
test,0,2,87,32,0.5336689739924623,46.464150275001884,199.30601838600705,0.3166571855545044,0.8967611336032388,0.90625,0.9083333333333333,0.9015384615384616,1.927590511860175e-05,0.9375,0.0,2.0,hard|easy|medium
test,0,2,88,32,0.532459015987115,46.997208868997404,199.8390771340055,0.2730809450149536,0.8916666666666666,0.90625,0.9069264069264069,0.8981972428419936,1.9267582188930505e-05,1.21875,0.0,2.0,medium|easy|hard
test,0,2,89,32,0.5321154840057716,47.52992828800052,200.37179640600516,0.43251579999923706,0.875,0.875,0.9,0.873015873015873,1.925925925925926e-05,0.625,0.0,2.0,easy|medium|hard
test,0,2,90,32,0.5333437660010532,48.06381918799889,200.90568732500833,0.2075963020324707,0.9666666666666667,0.96875,0.9722222222222222,0.9684729064039409,1.925093632958802e-05,0.8125,0.0,2.0,medium|hard|easy
test,0,2,91,32,0.5325067210069392,48.59690603300987,201.4387740940001,0.22764235734939575,0.9473684210526316,0.9375,0.9333333333333333,0.9365079365079365,1.924261339991677e-05,1.09375,0.0,2.0,medium|easy|hard
test,0,2,92,32,0.5324174819979817,49.12980505899759,201.97167318800348,0.3035821318626404,0.8967611336032388,0.90625,0.9083333333333333,0.9015384615384616,1.923429047024553e-05,1.0,0.0,2.0,easy|medium|hard
test,0,2,93,32,0.5332805619982537,49.66362408999703,202.50549220600806,0.2941646873950958,0.8809523809523809,0.875,0.875,0.8745098039215686,1.9225967540574284e-05,1.0625,0.0,2.0,medium|hard|easy
test,0,2,94,32,0.5320989269966958,50.19629225000972,203.03816035800264,0.2006203532218933,0.9307359307359306,0.9375,0.9307359307359306,0.9307359307359306,1.921764461090304e-05,0.71875,0.0,2.0,easy|hard|medium
test,0,2,95,32,0.5314392180007417,50.72825372000807,203.57012183000916,0.12947987020015717,0.9444444444444444,0.9375,0.9375,0.9372549019607843,1.9209321681231798e-05,1.0625,0.0,2.0,hard|easy|medium
test,0,2,96,32,0.5331470980017912,51.26192334199732,204.10379146201012,0.46299201250076294,0.803921568627451,0.8125,0.8354978354978355,0.8056680161943319,1.9200998751560553e-05,1.25,0.0,2.0,medium|hard|easy
test,0,2,97,32,0.5325039830058813,51.794977304001804,204.63684544200078,0.24968183040618896,0.9007936507936507,0.90625,0.9089068825910931,0.9039039039039038,1.9192675821889304e-05,1.15625,0.0,2.0,hard|medium|easy
test,0,2,98,32,0.5318939789867727,52.32745598600013,205.16932421800448,0.43663012981414795,0.7813765182186234,0.8125,0.8357487922705313,0.7922077922077921,1.9184352892218063e-05,1.03125,0.0,2.0,hard|easy|medium
test,0,2,99,32,0.5334001849987544,52.86138599200058,205.70325412201055,0.15768173336982727,0.95,0.9375,0.9285714285714286,0.9352226720647774,1.9176029962546818e-05,1.0625,0.0,2.0,medium|easy|hard
test,0,2,100,32,0.5326303960027872,53.39458807899791,206.23645622000913,0.3395059406757355,0.8833333333333333,0.875,0.8650793650793651,0.8704453441295547,1.9167707032875573e-05,1.1875,0.0,2.0,hard|medium|easy
test,0,2,101,32,0.5321228020038689,53.92726875899825,206.76913686300395,0.30042827129364014,0.90625,0.90625,0.9210526315789473,0.9054187192118226,1.9159384103204332e-05,0.71875,0.0,2.0,easy|medium|hard
test,0,2,102,32,0.5330209040112095,54.46091924799839,207.30278735600587,0.3526286482810974,0.8636363636363636,0.8125,0.8125,0.8056680161943319,1.9151061173533087e-05,1.0625,0.0,2.0,easy|medium|hard
test,0,2,103,32,0.5325444269983564,54.994049917004304,207.835918028999,0.11720280349254608,0.9642857142857143,0.96875,0.9736842105263157,0.967967967967968,1.914273824386184e-05,0.9375,0.0,2.0,medium|easy|hard
test,0,2,104,32,0.5320939540106338,55.52675861099851,208.3686266660079,0.31928467750549316,0.9166666666666667,0.90625,0.9117647058823529,0.906158357771261,1.9134415314190597e-05,1.0,0.0,2.0,hard|easy|medium
test,0,2,105,32,0.5329793620039709,56.060284626000794,208.90215273101057,0.219196617603302,0.903921568627451,0.90625,0.9087301587301587,0.9054187192118226,1.9126092384519352e-05,0.875,0.0,2.0,medium|easy|hard
test,0,2,106,32,0.5317210939974757,56.59259532300348,209.43446342401148,0.4829258918762207,0.78125,0.78125,0.7823529411764706,0.7810361681329423,1.9117769454848108e-05,1.1875,0.0,2.0,medium|hard|easy
test,0,2,107,32,0.5320993939967593,57.125295461009955,209.96716357400874,0.2543543577194214,0.8784313725490196,0.875,0.8784313725490196,0.875,1.9109446525176866e-05,1.21875,0.0,2.0,hard|medium|easy
test,0,2,108,32,0.533165689004818,57.65905021200888,210.5009183479997,0.34994208812713623,0.8611111111111112,0.84375,0.868421052631579,0.8435972629521017,1.910112359550562e-05,0.90625,0.0,2.0,hard|easy|medium
test,0,2,109,32,0.5326104790001409,58.19222805299796,211.03409616000135,0.25858163833618164,0.90625,0.90625,0.907843137254902,0.906158357771261,1.9092800665834373e-05,1.125,0.0,2.0,hard|easy|medium
test,0,2,110,32,0.5329177870007697,58.72573789001035,211.56760600001144,0.2590028941631317,0.9069264069264069,0.90625,0.8916666666666666,0.8981972428419936,1.908447773616313e-05,1.1875,0.0,2.0,medium|hard|easy
test,0,2,111,32,0.53337037799065,59.25965745499707,212.10152560200368,0.3282344937324524,0.8809523809523809,0.875,0.875,0.8745098039215686,1.9076154806491887e-05,0.96875,0.0,2.0,easy|medium|hard
test,0,2,112,32,0.532324960004189,59.79250288300682,212.634371017004,0.46585196256637573,0.84375,0.84375,0.8450980392156863,0.8435972629521017,1.9067831876820642e-05,1.125,0.0,2.0,easy|hard|medium
test,0,2,113,32,0.5322100880002836,60.32528937900497,213.16715745600231,0.22909075021743774,0.9722222222222222,0.96875,0.9666666666666667,0.9684729064039409,1.90595089471494e-05,0.9375,0.0,2.0,hard|medium|easy
test,0,2,114,32,0.5331712529878132,60.85906103200978,213.70092914400448,0.2227364182472229,0.90625,0.90625,0.907843137254902,0.906158357771261,1.9051186017478155e-05,1.15625,0.0,2.0,medium|easy|hard
test,0,2,115,32,0.5323505599953933,61.39200015401002,214.2338684580027,0.43279707431793213,0.8441295546558705,0.84375,0.8373015873015872,0.8398398398398399,1.9042863087806907e-05,1.0625,0.0,2.0,medium|easy|hard
test,0,2,116,32,0.5320698269933928,61.924599963007495,214.7664680290036,0.3842180669307709,0.8450980392156863,0.84375,0.84375,0.8435972629521017,1.9034540158135666e-05,1.0,0.0,2.0,hard|easy|medium
test,0,2,117,32,0.5331651379965479,62.45834864600329,215.300216773001,0.14740553498268127,0.9523809523809523,0.9375,0.9230769230769231,0.9333333333333333,1.902621722846442e-05,1.0625,0.0,2.0,medium|easy|hard
test,0,2,118,32,0.5318780270026764,62.99068590500974,215.832554025008,0.3762015104293823,0.875,0.875,0.8809523809523809,0.8745098039215686,1.9017894298793176e-05,1.0,0.0,2.0,easy|medium|hard
test,0,2,119,32,0.5323620359995402,63.52362411400827,216.3654922709975,0.3206328749656677,0.8166666666666667,0.8125,0.8015873015873016,0.8056680161943319,1.9009571369121934e-05,0.96875,0.0,2.0,hard|easy|medium
test,0,2,120,32,0.5328912769909948,64.05702388800273,216.89889202000631,0.3481575846672058,0.8117647058823529,0.8125,0.8117647058823529,0.8117647058823529,1.900124843945069e-05,1.03125,0.0,2.0,medium|easy|hard
test,0,2,121,32,0.5325261139951181,64.59016725000401,217.43203539600654,0.28979453444480896,0.8745098039215686,0.875,0.8745098039215686,0.8745098039215686,1.899292550977944e-05,1.15625,0.0,2.0,medium|hard|easy
test,0,2,122,32,0.5319754609954543,65.12261409200437,217.96448221099854,0.3137279748916626,0.8833333333333333,0.875,0.8650793650793651,0.8704453441295547,1.89846025801082e-05,0.96875,0.0,2.0,medium|easy|hard
test,0,2,123,32,0.5333454700012226,65.65655274399614,218.49842087300203,0.31557390093803406,0.9087301587301587,0.90625,0.903921568627451,0.9054187192118226,1.8976279650436955e-05,0.96875,0.0,2.0,hard|medium|easy
test,0,2,124,32,0.5322512539860327,66.18940335600928,219.0312714669999,0.3185303509235382,0.925,0.90625,0.9,0.9039039039039038,1.896795672076571e-05,1.0,0.0,2.0,easy|medium|hard
test,0,2,125,32,0.5322606950066984,66.722214540001,219.56408266200742,0.2664102017879486,0.8562753036437247,0.84375,0.84375,0.8423645320197044,1.895963379109447e-05,0.90625,0.0,2.0,easy|hard|medium
test,0,2,126,32,0.5334214279864682,67.25617801099725,220.09804614901077,0.15843848884105682,0.975,0.96875,0.9615384615384616,0.9671794871794872,1.8951310861423224e-05,0.875,0.0,2.0,hard|easy|medium
test,0,2,127,32,0.5326041590014938,67.78934696900251,220.63121509899793,0.11889819800853729,0.9722222222222222,0.96875,0.9666666666666667,0.9684729064039409,1.8942987931751976e-05,0.78125,0.0,2.0,easy|medium|hard
test,0,2,128,32,0.532208233998972,68.32218677199853,221.1640548990108,0.18593481183052063,0.9230769230769231,0.9375,0.9523809523809523,0.9333333333333333,1.8934665002080734e-05,0.96875,0.0,2.0,easy|hard|medium
test,0,2,129,32,0.5327403550036252,68.85544514699723,221.6973132530111,0.12674011290073395,0.9736842105263157,0.96875,0.9642857142857143,0.967967967967968,1.892634207240949e-05,1.0,0.0,2.0,easy|medium|hard
test,0,2,130,32,0.5326794810098363,69.38869410500047,222.23056224100583,0.18934956192970276,0.8704453441295547,0.875,0.8704453441295547,0.8704453441295547,1.8918019142738248e-05,0.8125,0.0,2.0,medium|easy|hard
test,0,2,131,32,0.532549341005506,69.92180689300585,222.76367499600747,0.40030691027641296,0.9117647058823529,0.90625,0.9166666666666667,0.906158357771261,1.8909696213067003e-05,0.8125,0.0,2.0,easy|medium|hard
test,0,2,132,32,0.5327466690068832,70.45508340800006,223.29695151200576,0.30463215708732605,0.8809523809523809,0.875,0.875,0.8745098039215686,1.8901373283395755e-05,0.90625,0.0,2.0,medium|easy|hard
test,0,2,133,32,0.532478285007528,70.98813225999766,223.83000036800513,0.18864580988883972,0.903921568627451,0.90625,0.9087301587301587,0.9054187192118226,1.8893050353724513e-05,1.34375,0.0,2.0,hard|medium|easy
test,0,2,134,32,0.5322179859940661,71.52095759400981,224.36282570799813,0.11071643978357315,0.9761904761904762,0.96875,0.9583333333333333,0.9660657476139979,1.888472742405327e-05,0.96875,0.0,2.0,easy|medium|hard
test,0,2,135,32,0.5327520639984868,72.05430837100721,224.89617647499836,0.36840200424194336,0.8833333333333333,0.875,0.8650793650793651,0.8704453441295547,1.8876404494382024e-05,0.6875,0.0,2.0,hard|medium|easy
test,0,2,136,32,0.532000381994294,72.58691179000016,225.42877990900888,0.19661085307598114,0.90625,0.90625,0.907843137254902,0.906158357771261,1.8868081564710782e-05,1.1875,0.0,2.0,medium|easy|hard
test,0,2,137,32,0.5320905410044361,73.11955883899645,225.96142695500748,0.14429520070552826,0.90625,0.90625,0.907843137254902,0.906158357771261,1.8859758635039537e-05,0.96875,0.0,2.0,medium|hard|easy
test,0,2,138,32,0.5330643499910366,73.65320915500342,226.49507727700984,0.3614586293697357,0.8705882352941177,0.875,0.8825910931174089,0.873015873015873,1.885143570536829e-05,1.15625,0.0,2.0,hard|easy|medium
test,0,2,139,32,0.5319473749987083,74.185713511004,227.027581568007,0.4277111291885376,0.8888888888888888,0.875,0.8888888888888888,0.875,1.8843112775697047e-05,0.875,0.0,2.0,medium|easy|hard
test,0,2,140,32,0.5317740350001259,74.71807547399658,227.5599435930053,0.5881698727607727,0.807843137254902,0.8125,0.8178137651821862,0.8095238095238095,1.8834789846025803e-05,1.15625,0.0,2.0,hard|medium|easy
test,0,2,141,32,0.5328229720034869,75.25144691200694,228.0933149880002,0.19234251976013184,0.9473684210526316,0.9375,0.9333333333333333,0.9365079365079365,1.8826466916354558e-05,1.03125,0.0,2.0,hard|medium|easy
test,0,2,142,32,0.5321528170024976,75.78416881800513,228.62603691800905,0.21842820942401886,0.9375,0.9375,0.9375,0.9375,1.8818143986683316e-05,0.9375,0.0,2.0,medium|hard|easy
test,0,2,143,32,0.5319581090006977,76.3167014119972,229.15856953100592,0.2843917906284332,0.875,0.875,0.8809523809523809,0.8745098039215686,1.880982105701207e-05,0.96875,0.0,2.0,medium|hard|easy
test,0,2,144,32,0.5327372820029268,76.84999453699857,229.6918626560073,0.34509944915771484,0.8450980392156863,0.84375,0.84375,0.8435972629521017,1.8801498127340823e-05,1.0625,0.0,2.0,hard|medium|easy
test,0,2,145,32,0.5324931359937182,77.38307982400875,230.22494795100647,0.31580179929733276,0.9090909090909092,0.875,0.8571428571428572,0.8666666666666667,1.8793175197669582e-05,0.96875,0.0,2.0,hard|medium|easy
test,0,2,146,32,0.5319051459955517,77.91561067700968,230.75747881901043,0.2907142639160156,0.8705882352941177,0.875,0.8825910931174089,0.873015873015873,1.8784852267998337e-05,1.1875,0.0,2.0,medium|hard|easy
test,0,2,147,32,0.5326250969956163,78.44882288300141,231.29069100999914,0.24576249718666077,0.9372549019607843,0.9375,0.9372549019607843,0.9372549019607843,1.8776529338327092e-05,0.90625,0.0,2.0,hard|medium|easy
test,0,2,148,32,0.5324643189960625,78.98182430300221,231.82369243900757,0.2545904517173767,0.8650793650793651,0.875,0.8833333333333333,0.8704453441295547,1.876820640865585e-05,0.96875,0.0,2.0,medium|hard|easy
test,0,2,149,32,0.5321426630107453,79.51450930901046,232.35637742100516,0.23022246360778809,0.875,0.875,0.8809523809523809,0.8745098039215686,1.8759883478984606e-05,1.0625,0.0,2.0,easy|hard|medium
test,0,2,150,32,0.5329530710005201,80.04807080900355,232.88993895601016,0.410703182220459,0.8583333333333334,0.84375,0.8372549019607842,0.8398398398398399,1.8751560549313357e-05,1.0,0.0,2.0,easy|medium|hard
test,0,2,151,32,0.5327505520108389,80.58149427799799,233.4233623820037,0.4315505027770996,0.7738095238095238,0.78125,0.7793522267206479,0.7757757757757757,1.8743237619642116e-05,0.96875,0.0,2.0,hard|easy|medium
test,0,2,152,32,0.5319826759950956,81.11396473900822,233.95583286500187,0.2808825671672821,0.875,0.875,0.875,0.875,1.873491468997087e-05,1.0625,0.0,2.0,easy|hard|medium
test,0,2,153,32,0.5337145419907756,81.64823891600827,234.49010703001113,0.34884023666381836,0.8583333333333334,0.84375,0.8372549019607842,0.8398398398398399,1.8726591760299626e-05,1.125,0.0,2.0,medium|easy|hard
test,0,2,154,32,0.5323486770066665,82.18118360600783,235.02305167500162,0.20120683312416077,0.9333333333333333,0.9375,0.9333333333333333,0.9333333333333333,1.8718268830628385e-05,0.96875,0.0,2.0,easy|medium|hard
test,0,2,155,32,0.5318383390113013,82.71363161099725,235.55549972099834,0.24171826243400574,0.9473684210526316,0.9375,0.9333333333333333,0.9365079365079365,1.870994590095714e-05,0.96875,0.0,2.0,easy|hard|medium
test,0,2,156,32,0.5331174849998206,83.24722396000288,236.08909208100522,0.13595432043075562,1.0,1.0,1.0,1.0,1.870162297128589e-05,1.0625,0.0,2.0,hard|easy|medium
test,0,2,157,32,0.5328219220100436,83.78067893401021,236.6225470520003,0.4788491129875183,0.7568627450980392,0.75,0.7651821862348178,0.7490196078431373,1.869330004161465e-05,0.78125,0.0,2.0,easy|medium|hard
test,0,2,158,32,0.5317209490021924,84.3129959700018,237.15486409601,0.3164304494857788,0.8411764705882353,0.84375,0.8452380952380952,0.8423645320197044,1.8684977111943405e-05,1.0625,0.0,2.0,medium|easy|hard
test,0,2,159,32,0.5329745850031031,84.84646443500242,237.68833254900528,0.27942609786987305,0.8745098039215686,0.875,0.8745098039215686,0.8745098039215686,1.867665418227216e-05,0.90625,0.0,2.0,easy|hard|medium
test,0,2,160,32,0.5325818770070327,85.37955997500103,238.22142805100884,0.33392801880836487,0.90625,0.90625,0.907843137254902,0.906158357771261,1.866833125260092e-05,1.1875,0.0,2.0,hard|easy|medium
test,0,2,161,32,0.5319496269949013,85.9120771989983,238.75394531599886,0.22962933778762817,0.9523809523809523,0.9375,0.9230769230769231,0.9333333333333333,1.8660008322929674e-05,1.0625,0.0,2.0,hard|easy|medium
test,0,2,162,32,0.5330244870128809,86.44557999300014,239.28744804700546,0.31021931767463684,0.8809523809523809,0.875,0.875,0.8745098039215686,1.8651685393258426e-05,1.03125,0.0,2.0,medium|hard|easy
test,0,2,163,32,0.5335222680005245,86.97962736799673,239.82149551600742,0.14361390471458435,0.9333333333333333,0.9375,0.9473684210526316,0.9365079365079365,1.8643362463587184e-05,1.125,0.0,2.0,hard|easy|medium
test,0,2,164,32,0.5320919060031883,87.51219941700401,240.35406753100688,0.2140352725982666,0.8705882352941177,0.875,0.8825910931174089,0.873015873015873,1.863503953391594e-05,1.21875,0.0,2.0,hard|easy|medium
test,0,2,165,32,0.5327902479912154,88.04556312900968,240.88743128700298,0.1901189386844635,0.9347826086956521,0.90625,0.875,0.893687707641196,1.8626716604244698e-05,0.71875,0.0,2.0,medium|easy|hard
test,0,2,166,32,0.5328954029973829,88.57900752100977,241.42087564300164,0.2710380554199219,0.9,0.875,0.875,0.873015873015873,1.8618393674573453e-05,1.09375,0.0,2.0,medium|hard|easy
test,0,2,167,32,0.5317933589976747,89.11127806900186,241.95314617799886,0.13500626385211945,0.9523809523809523,0.9375,0.9230769230769231,0.9333333333333333,1.861007074490221e-05,0.9375,0.0,2.0,medium|easy|hard
test,0,2,168,32,0.5328633720055223,89.6447311110096,242.48659921500075,0.14380629360675812,0.9130434782608696,0.875,0.8461538461538461,0.8614718614718615,1.8601747815230963e-05,0.78125,0.0,2.0,easy|medium|hard
test,0,2,169,32,0.5330484629957937,90.17831461700553,243.02018273400608,0.1899629682302475,0.907843137254902,0.90625,0.90625,0.906158357771261,1.859342488555972e-05,1.125,0.0,2.0,medium|hard|easy
test,0,2,170,32,0.5322795990068698,90.71108748100232,243.55295560399827,0.7399439215660095,0.6875,0.6875,0.6875,0.6875,1.8585101955888474e-05,1.21875,0.0,2.0,hard|easy|medium
test,0,2,171,32,0.5328144149971195,91.24447930500901,244.08634735400847,0.2436443567276001,0.90625,0.90625,0.907843137254902,0.906158357771261,1.8576779026217232e-05,1.125,0.0,2.0,hard|easy|medium
test,0,2,172,32,0.5328372150106588,91.77789115800988,244.61975928601169,0.07783159613609314,0.9705882352941176,0.96875,0.96875,0.9687194525904204,1.8568456096545987e-05,0.90625,0.0,2.0,hard|easy|medium
test,0,2,173,32,0.5319769000052474,92.31041835100041,245.15228651301004,0.49465224146842957,0.8333333333333333,0.8125,0.85,0.8117647058823529,1.856013316687474e-05,0.875,0.0,2.0,hard|easy|medium
test,0,2,174,32,0.5329778270097449,92.84399927299819,245.6858673740062,0.2151428908109665,0.9166666666666667,0.90625,0.9117647058823529,0.906158357771261,1.8551810237203498e-05,1.03125,0.0,2.0,hard|medium|easy
test,0,2,175,32,0.5325286449951818,93.37704179099819,246.2189099440002,0.20773129165172577,0.8452380952380952,0.84375,0.8411764705882353,0.8423645320197044,1.8543487307532253e-05,0.90625,0.0,2.0,hard|easy|medium
test,0,2,176,32,0.5322176610061433,93.90986682500807,246.75173515100323,0.19537103176116943,0.9411764705882353,0.9375,0.9411764705882353,0.9375,1.8535164377861008e-05,1.28125,0.0,2.0,hard|medium|easy
test,0,2,177,32,0.5328895690036006,94.44330125700799,247.28516941600537,0.21491031348705292,0.9473684210526316,0.9375,0.9333333333333333,0.9365079365079365,1.8526841448189767e-05,1.03125,0.0,2.0,hard|medium|easy
test,0,2,178,32,0.5325126749958145,94.9763188430079,247.81818699299765,0.32183587551116943,0.8562753036437247,0.84375,0.84375,0.8423645320197044,1.851851851851852e-05,0.90625,0.0,2.0,medium|easy|hard
test,0,2,179,32,0.5319651249883464,95.50884082600533,248.3507089420018,0.4668866693973541,0.8196078431372549,0.8125,0.8299595141700404,0.8117647058823529,1.8510195588847273e-05,1.0625,0.0,2.0,easy|hard|medium
test,0,2,180,32,0.5327888430038001,96.04218705600942,248.88405543600675,0.2964823246002197,0.8784313725490196,0.875,0.8784313725490196,0.875,1.8501872659176032e-05,1.0625,0.0,2.0,medium|hard|easy
test,0,2,181,32,0.5365989540005103,96.57939349999651,249.42126169000403,0.13715748488903046,0.9736842105263157,0.96875,0.9642857142857143,0.967967967967968,1.8493549729504787e-05,1.03125,0.0,2.0,easy|hard|medium
test,0,2,182,32,0.532190479003475,97.11230307701044,249.95417124900268,0.4131515622138977,0.7408906882591093,0.75,0.7408906882591093,0.7408906882591093,1.8485226799833542e-05,1.0625,0.0,2.0,medium|easy|hard
test,0,2,183,32,0.5333765169925755,97.64628924700082,250.48815738099802,0.32435142993927,0.875,0.875,0.8809523809523809,0.8745098039215686,1.84769038701623e-05,0.84375,0.0,2.0,medium|easy|hard
test,0,2,184,32,0.5323937130015111,98.17931618100556,251.02118429599795,0.12649127840995789,0.9722222222222222,0.96875,0.9666666666666667,0.9684729064039409,1.8468580940491056e-05,1.0,0.0,2.0,hard|medium|easy
test,0,2,185,32,0.5320855219906662,98.71197881200351,251.55384693900123,0.2582012712955475,0.8441295546558705,0.84375,0.8373015873015872,0.8398398398398399,1.8460258010819808e-05,1.125,0.0,2.0,medium|hard|easy
test,0,2,186,32,0.5328395160031505,99.24539039201045,252.0872584690078,0.3920084834098816,0.8156862745098039,0.8125,0.8156862745098039,0.8125,1.8451935081148566e-05,0.96875,0.0,2.0,easy|medium|hard
test,0,2,187,32,0.5319777230033651,99.77791418800189,252.61978228700173,0.3380277752876282,0.875,0.875,0.8272727272727273,0.8454106280193237,1.844361215147732e-05,0.9375,0.0,2.0,easy|hard|medium
test,0,2,188,32,0.5317580819973955,100.31023036199622,253.15209848299855,0.10899916291236877,0.9666666666666667,0.96875,0.9722222222222222,0.9684729064039409,1.8435289221806076e-05,0.9375,0.0,2.0,easy|medium|hard
test,0,2,189,32,0.5328563779912656,100.84361614400405,253.68548429899965,0.17933107912540436,0.9352226720647774,0.9375,0.9352226720647774,0.9352226720647774,1.8426966292134835e-05,1.09375,0.0,2.0,easy|medium|hard
test,0,2,190,32,0.5316529749979964,101.3758513250068,254.2177194340038,0.3473820090293884,0.9210526315789473,0.90625,0.90625,0.9054187192118226,1.841864336246359e-05,1.09375,0.0,2.0,easy|medium|hard
test,0,2,191,32,0.5317029909929261,101.90808773100434,254.74995585699799,0.24306903779506683,0.903921568627451,0.90625,0.9087301587301587,0.9054187192118226,1.8410320432792342e-05,1.09375,0.0,2.0,hard|easy|medium
test,0,2,192,32,0.5326504359982209,102.4413082050014,255.28317631701066,0.10998746007680893,0.9365079365079365,0.9375,0.9365079365079365,0.9365079365079365,1.84019975031211e-05,1.0,0.0,2.0,medium|hard|easy
test,0,2,193,32,0.5325251569884131,102.97435821000545,255.8162263359991,0.17955905199050903,0.95,0.9375,0.9285714285714286,0.9352226720647774,1.8393674573449856e-05,0.96875,0.0,2.0,easy|medium|hard
test,0,2,194,32,0.532276287995046,103.50726407300681,256.34913219600276,0.2651338279247284,0.9210526315789473,0.90625,0.90625,0.9054187192118226,1.838535164377861e-05,0.78125,0.0,2.0,easy|hard|medium
test,0,2,195,32,0.5328273000050103,104.0405824269983,256.882450546007,0.23741136491298676,0.8704453441295547,0.875,0.8704453441295547,0.8704453441295547,1.837702871410737e-05,1.03125,0.0,2.0,easy|hard|medium
test,0,2,196,32,0.5326276190025965,104.57378958300978,257.4156578580005,0.19238069653511047,0.9333333333333333,0.9375,0.9333333333333333,0.9333333333333333,1.8368705784436124e-05,0.78125,0.0,2.0,medium|hard|easy
test,0,2,197,32,0.5316905489889905,105.10600164200878,257.94786975999887,0.2858315408229828,0.8166666666666667,0.8125,0.8015873015873016,0.8056680161943319,1.8360382854764876e-05,0.78125,0.0,2.0,medium|hard|easy
test,0,2,198,32,0.5327100079884985,105.63922502400237,258.4810931460088,0.2275117039680481,0.8916666666666666,0.90625,0.9069264069264069,0.8981972428419936,1.8352059925093635e-05,1.125,0.0,2.0,hard|easy|medium
test,0,2,199,32,0.5328075480065309,106.17260780801007,259.01447590799944,0.17621883749961853,0.9722222222222222,0.96875,0.9666666666666667,0.9684729064039409,1.834373699542239e-05,0.8125,0.0,2.0,easy|medium|hard
test,0,2,200,32,0.5319815889961319,106.70513252700039,259.54700064200733,0.4118092656135559,0.825,0.84375,0.8376623376623377,0.8303287380699894,1.8335414065751145e-05,1.25,0.0,2.0,easy|hard|medium
test,0,2,201,32,0.5329086529964115,107.23851509600354,260.0803832189995,0.509303629398346,0.84375,0.84375,0.8450980392156863,0.8435972629521017,1.8327091136079903e-05,1.0625,0.0,2.0,medium|hard|easy
test,0,2,202,32,0.5323720250016777,107.77141661499627,260.6132847270055,0.2118472158908844,0.9318181818181819,0.90625,0.8846153846153846,0.8981972428419936,1.831876820640866e-05,0.625,0.0,2.0,medium|easy|hard
test,0,2,203,32,0.5317911479942268,108.30372654100938,261.1455946720089,0.15692715346813202,0.95,0.9375,0.9285714285714286,0.9352226720647774,1.8310445276737414e-05,0.78125,0.0,2.0,medium|easy|hard
test,0,2,204,32,0.5312853140057996,108.83560070500243,261.677468822003,0.3484131097793579,0.8831168831168831,0.875,0.8582995951417004,0.8666666666666667,1.830212234706617e-05,1.03125,0.0,2.0,hard|easy|medium
test,0,2,205,32,0.5326202800060855,109.36876154900528,262.2106296999991,0.2695922255516052,0.9083333333333333,0.90625,0.8967611336032388,0.9015384615384616,1.8293799417394924e-05,0.9375,0.0,2.0,medium|easy|hard
test,0,2,206,32,0.5318753879982978,109.90121829501004,262.74308642600954,0.2458713799715042,0.9444444444444444,0.9375,0.9375,0.9372549019607843,1.8285476487723683e-05,0.84375,0.0,2.0,easy|hard|medium
test,0,2,207,32,0.5308820989885135,110.4326757240051,263.27454381700954,0.2135050892829895,0.9473684210526316,0.9375,0.9333333333333333,0.9365079365079365,1.8277153558052438e-05,1.09375,0.0,2.0,hard|medium|easy
test,0,2,208,32,0.5326491209998494,110.96590069599915,263.80776880899793,0.25121647119522095,0.9333333333333333,0.9375,0.9473684210526316,0.9365079365079365,1.8268830628381193e-05,1.0,0.0,2.0,easy|hard|medium
test,0,2,209,32,0.5318591590039432,111.49827018500946,264.3401382890006,0.20060458779335022,0.95,0.9375,0.9285714285714286,0.9352226720647774,1.8260507698709948e-05,0.96875,0.0,2.0,medium|easy|hard
test,0,2,210,32,0.5313732439972227,112.03019572100311,264.87206384001183,0.4623545706272125,0.8253968253968254,0.8125,0.8253968253968254,0.8125,1.8252184769038703e-05,0.71875,0.0,2.0,easy|medium|hard
test,0,2,211,32,0.5325814289972186,112.56332532700617,265.40519339300226,0.19599613547325134,0.90625,0.90625,0.9210526315789473,0.9054187192118226,1.8243861839367458e-05,0.78125,0.0,2.0,medium|easy|hard
test,0,2,212,32,0.5321260580094531,113.09599168300338,265.93785979300446,0.1775709092617035,0.96875,0.96875,0.9705882352941176,0.9687194525904204,1.8235538909696217e-05,1.0625,0.0,2.0,hard|medium|easy
test,0,2,213,32,0.5315830609906698,113.62816380700679,266.47003192300326,0.23402971029281616,0.9375,0.9375,0.9444444444444444,0.9372549019607843,1.8227215980024972e-05,1.09375,0.0,2.0,medium|hard|easy
test,0,2,214,32,0.5322654490009882,114.16097368999908,267.0028418090078,0.19371025264263153,0.9444444444444444,0.9375,0.9375,0.9372549019607843,1.8218893050353724e-05,0.9375,0.0,2.0,medium|hard|easy
test,0,2,215,32,0.5321331429877318,114.69361247200868,267.5354805500101,0.18952159583568573,0.9166666666666667,0.9375,0.9545454545454546,0.9307359307359306,1.8210570120682482e-05,1.0,0.0,2.0,hard|medium|easy
test,0,2,216,32,0.5315653949946864,115.22570857600658,268.06757664000907,0.1681613028049469,0.8833333333333333,0.875,0.8650793650793651,0.8704453441295547,1.8202247191011237e-05,1.09375,0.0,2.0,medium|easy|hard
test,0,2,217,32,0.5323563540005125,115.75855145799869,268.60041956600617,0.4167238473892212,0.9090909090909092,0.875,0.8571428571428572,0.8666666666666667,1.8193924261339992e-05,0.65625,0.0,2.0,hard|easy|medium
test,0,2,218,32,0.5316717859968776,116.29076047299895,269.13262853700144,0.5021071434020996,0.8253968253968254,0.8125,0.8253968253968254,0.8125,1.818560133166875e-05,1.40625,0.0,2.0,hard|medium|easy
test,0,2,219,32,0.5318103510071523,116.82310702100222,269.66497514200455,0.25366392731666565,0.9083333333333333,0.90625,0.8967611336032388,0.9015384615384616,1.8177278401997506e-05,0.90625,0.0,2.0,hard|easy|medium
test,0,2,220,32,0.5322774319938617,117.35584776400356,270.19771589800075,0.13132363557815552,0.9473684210526316,0.9375,0.9333333333333333,0.9365079365079365,1.8168955472326258e-05,0.78125,0.0,2.0,easy|medium|hard
test,0,2,221,32,0.5323850470012985,117.8887796390045,270.73064776000683,0.2411792129278183,0.8705882352941177,0.875,0.8825910931174089,0.873015873015873,1.8160632542655016e-05,1.09375,0.0,2.0,easy|medium|hard
test,0,2,222,32,0.5308593580120942,118.42017214500811,271.26204020100704,0.0635707825422287,0.9642857142857143,0.96875,0.9736842105263157,0.967967967967968,1.815230961298377e-05,1.125,0.0,2.0,easy|hard|medium
test,0,2,223,32,0.5322851660021115,118.95304431099794,271.7949126690073,0.7158886194229126,0.7270531400966183,0.65625,0.6865079365079365,0.6476476476476476,1.8143986683312527e-05,1.0625,0.0,2.0,medium|easy|hard
test,0,2,224,32,0.5329427789984038,119.48659622699779,272.32846433600935,0.2483888566493988,0.9523809523809523,0.9375,0.9230769230769231,0.9333333333333333,1.8135663753641285e-05,1.0,0.0,2.0,medium|easy|hard
test,0,2,225,32,0.5315174679999473,120.0187067079969,272.86057500100287,0.426545113325119,0.9089068825910931,0.90625,0.9007936507936507,0.9039039039039038,1.812734082397004e-05,1.0,0.0,2.0,hard|medium|easy
test,0,2,226,32,0.5326873129961314,120.5519443910016,273.39381252400926,0.16061174869537354,0.96,0.9375,0.8888888888888888,0.9166666666666667,1.8119017894298792e-05,0.96875,0.0,2.0,easy|hard|medium
test,0,2,227,32,0.5319409730000189,121.08446482600993,273.9263332920091,0.6238735318183899,0.7833333333333333,0.75,0.7698412698412699,0.7490196078431373,1.811069496462755e-05,0.9375,0.0,2.0,hard|easy|medium
test,0,2,228,32,0.5312718579953071,121.6162825729989,274.4581506950053,0.4606649875640869,0.84375,0.84375,0.8809523809523809,0.8398398398398399,1.8102372034956306e-05,0.96875,0.0,2.0,hard|easy|medium
test,0,2,229,32,0.5330506389873335,122.14989711300586,274.99176522200287,0.36635786294937134,0.8452380952380952,0.84375,0.8411764705882353,0.8423645320197044,1.809404910528506e-05,0.71875,0.0,2.0,easy|medium|hard
test,0,2,230,32,0.5326858420012286,122.68304338600137,275.52491149900015,0.08124836534261703,0.975,0.96875,0.9615384615384616,0.9671794871794872,1.808572617561382e-05,1.0,0.0,2.0,medium|hard|easy
test,0,2,231,32,0.5314671449887101,123.21513393199712,276.0570020400046,0.19403211772441864,0.9333333333333333,0.9375,0.9473684210526316,0.9365079365079365,1.8077403245942575e-05,0.90625,0.0,2.0,hard|medium|easy
test,0,2,232,32,0.5327074189990526,123.7484152649995,276.5902834180015,0.16186407208442688,0.96875,0.96875,0.9705882352941176,0.9687194525904204,1.8069080316271326e-05,1.34375,0.0,2.0,hard|easy|medium
test,0,2,233,32,0.5318777229986154,124.28089777199784,277.1227658709977,0.35988283157348633,0.8373015873015872,0.84375,0.8441295546558705,0.8398398398398399,1.8060757386600085e-05,1.0,0.0,2.0,medium|hard|easy
test,0,2,234,32,0.5315027059987187,124.81292193901027,277.654790066008,0.1401209831237793,0.96875,0.96875,0.9705882352941176,0.9687194525904204,1.805243445692884e-05,1.28125,0.0,2.0,hard|medium|easy
test,0,2,235,32,0.5327922930009663,125.34627339700819,278.18814149200625,0.21268022060394287,0.95,0.9375,0.9285714285714286,0.9352226720647774,1.8044111527257595e-05,1.03125,0.0,2.0,easy|hard|medium
test,0,2,236,32,0.5320107050065417,125.87882090100902,278.72068900600425,0.07635878026485443,0.9772727272727273,0.96875,0.9545454545454546,0.964562569213732,1.8035788597586354e-05,0.71875,0.0,2.0,easy|medium|hard
test,0,2,237,32,0.5309932800009847,126.41033052300918,279.25219863600796,0.178913876414299,0.9333333333333333,0.9375,0.9333333333333333,0.9333333333333333,1.802746566791511e-05,1.125,0.0,2.0,easy|medium|hard
test,0,2,238,32,0.532816452003317,126.94371632700495,279.7855844170117,0.14258146286010742,0.96875,0.96875,0.9705882352941176,0.9687194525904204,1.8019142738243864e-05,0.96875,0.0,2.0,easy|hard|medium
test,0,2,239,32,0.5318077779957093,127.4760944340087,280.3179625500052,0.523043155670166,0.857487922705314,0.84375,0.8083333333333333,0.82281284606866,1.801081980857262e-05,0.96875,0.0,2.0,medium|easy|hard
test,0,2,240,32,0.5313095669989707,128.00794905400835,280.849817180002,0.15144051611423492,0.9307359307359306,0.9375,0.9307359307359306,0.9307359307359306,1.8002496878901374e-05,1.0625,0.0,2.0,medium|easy|hard
test,0,2,241,32,0.5328740229888353,128.54143918299815,281.3833072640118,0.17092865705490112,0.9473684210526316,0.9375,0.9333333333333333,0.9365079365079365,1.7994173949230133e-05,0.78125,0.0,2.0,medium|hard|easy
test,0,2,242,32,0.5318588269874454,129.07377149700187,281.91563961000065,0.2463468760251999,0.9087301587301587,0.90625,0.903921568627451,0.9054187192118226,1.7985851019558888e-05,1.03125,0.0,2.0,hard|easy|medium
test,0,2,243,32,0.5318564400076866,129.60620690400538,282.44807497500733,0.1942405253648758,0.9089068825910931,0.90625,0.9007936507936507,0.9039039039039038,1.7977528089887643e-05,0.875,0.0,2.0,easy|hard|medium
test,0,2,244,32,0.533060358997318,130.13974173700262,282.9816098480078,0.1634734570980072,0.9545454545454546,0.9375,0.9166666666666667,0.9307359307359306,1.7969205160216398e-05,1.0625,0.0,2.0,medium|easy|hard
test,0,2,245,32,0.5318759540095925,130.67206915200222,283.51393727400864,0.44068533182144165,0.8166666666666667,0.8125,0.8015873015873016,0.8056680161943319,1.7960882230545153e-05,0.875,0.0,2.0,medium|hard|easy
test,0,2,246,32,0.5315040470013628,131.20412981799745,284.045997934998,0.4142380952835083,0.8947368421052632,0.875,0.8823529411764706,0.8745098039215686,1.795255930087391e-05,1.15625,0.0,2.0,medium|hard|easy
test,0,2,247,32,0.5327365489938529,131.73746846200083,284.57933658400725,0.5024641752243042,0.8166666666666667,0.8125,0.8015873015873016,0.8056680161943319,1.7944236371202667e-05,1.0,0.0,2.0,hard|easy|medium
test,0,2,248,32,0.5321260269993218,132.27022374600347,285.1120918150118,0.3420071601867676,0.8947368421052632,0.875,0.8823529411764706,0.8745098039215686,1.7935913441531422e-05,0.9375,0.0,2.0,medium|easy|hard
test,0,2,249,32,0.532158536996576,132.8029683670029,285.64483681099955,0.2781390845775604,0.8809523809523809,0.875,0.875,0.8745098039215686,1.7927590511860177e-05,0.78125,0.0,2.0,medium|hard|easy
test,0,2,250,32,0.5326084779953817,133.33603188200505,286.1778999980015,0.3439668118953705,0.8373015873015872,0.84375,0.8441295546558705,0.8398398398398399,1.7919267582188932e-05,0.875,0.0,2.0,medium|hard|easy
test,0,2,251,32,0.5318358750082552,133.8685002160055,286.71036833499966,0.1958368867635727,0.9411764705882353,0.9375,0.9411764705882353,0.9375,1.7910944652517688e-05,0.96875,0.0,2.0,hard|easy|medium
test,0,2,252,32,0.5315941860026214,134.4006816559995,287.24254977000237,0.10850931704044342,0.9705882352941176,0.96875,0.96875,0.9687194525904204,1.7902621722846443e-05,0.75,0.0,2.0,easy|hard|medium
test,0,2,253,32,0.5328692099865293,134.93404710800678,287.7759154509986,0.4977608025074005,0.875,0.875,0.875,0.875,1.78942987931752e-05,1.09375,0.0,2.0,easy|hard|medium
test,0,2,254,32,0.531950324002537,135.46661990600114,288.30848805200367,0.18713350594043732,0.903921568627451,0.90625,0.9087301587301587,0.9054187192118226,1.7885975863503956e-05,0.8125,0.0,2.0,easy|hard|medium
test,0,2,255,32,0.531090595992282,135.99828507800703,288.8401533510041,0.30867433547973633,0.9,0.90625,0.925,0.9039039039039038,1.787765293383271e-05,0.84375,0.0,2.0,easy|medium|hard
test,0,2,256,32,0.532227186995442,136.53108769500977,289.37295581000217,0.23601749539375305,0.8582995951417004,0.875,0.8831168831168831,0.8666666666666667,1.7869330004161467e-05,1.03125,0.0,2.0,easy|medium|hard
test,0,2,257,32,0.5325520809856243,137.06425249199674,289.90612063300796,0.24321776628494263,0.8809523809523809,0.875,0.875,0.8745098039215686,1.7861007074490222e-05,1.03125,0.0,2.0,easy|medium|hard
test,0,2,258,32,0.5323263269965537,137.5970465470018,290.43891461800376,0.24403460323810577,0.925,0.90625,0.9,0.9039039039039038,1.7852684144818977e-05,1.03125,0.0,2.0,medium|easy|hard
test,0,2,259,32,0.5324923399894033,138.1301160860021,290.97198420600034,0.47176361083984375,0.8166666666666667,0.8125,0.8015873015873016,0.8056680161943319,1.7844361215147735e-05,1.125,0.0,2.0,easy|hard|medium
test,0,2,260,32,0.5330605130002368,138.6638144699973,291.5056825530046,0.2934544086456299,0.8809523809523809,0.875,0.875,0.8745098039215686,1.783603828547649e-05,0.90625,0.0,2.0,easy|hard|medium
test,0,2,261,32,0.5323876920010662,139.19674552200013,292.03861362399766,0.39783942699432373,0.7922077922077921,0.8125,0.7922077922077921,0.7922077922077921,1.7827715355805242e-05,0.96875,0.0,2.0,hard|easy|medium
test,0,2,262,32,0.5332979829981923,139.73063881399867,292.57250690300134,0.16471658647060394,0.9444444444444444,0.9375,0.9375,0.9372549019607843,1.7819392426134e-05,1.03125,0.0,2.0,hard|easy|medium
test,0,2,263,32,0.532545800000662,140.26400455900875,293.10587269600364,0.24559900164604187,0.9166666666666667,0.90625,0.9117647058823529,0.906158357771261,1.7811069496462756e-05,0.90625,0.0,2.0,easy|medium|hard
test,0,2,264,32,0.5314476329949684,140.79591863800306,293.6377867580013,0.3835207223892212,0.8452380952380952,0.84375,0.8411764705882353,0.8423645320197044,1.780274656679151e-05,0.9375,0.0,2.0,easy|medium|hard
test,0,2,265,32,0.5328156909963582,141.32919703400694,294.1710650950117,0.26233023405075073,0.8772727272727273,0.90625,0.9009661835748792,0.887719298245614,1.779442363712027e-05,0.96875,0.0,2.0,hard|medium|easy
test,0,2,266,32,0.5331977229943732,141.8628844400082,294.70475255401107,0.2149788737297058,0.903921568627451,0.90625,0.9087301587301587,0.9054187192118226,1.7786100707449025e-05,1.03125,0.0,2.0,hard|medium|easy
test,0,2,267,17,0.3201728409912903,142.18352786700416,295.02539598599833,0.16986426711082458,0.95,0.9411764705882353,0.9375,0.9403508771929825,1.7777777777777777e-05,1.0,0.0,2.0,hard|easy|medium
test,0,3,1,32,0.5341029700066429,0.6185220719926292,306.19328849200974,0.32640665769577026,0.8809523809523809,0.875,0.875,0.8745098039215686,1.7769454848106535e-05,0.84375,0.0,2.0,hard|medium|easy
test,0,3,2,32,0.5322253499907674,1.1513932950037997,306.72615619499993,0.11738818883895874,0.9666666666666667,0.96875,0.9722222222222222,0.9684729064039409,1.776113191843529e-05,1.0,0.0,2.0,hard|medium|easy
test,0,3,3,32,0.5319473049894441,1.6839281449938426,307.25869104400044,0.04108284041285515,1.0,1.0,1.0,1.0,1.7752808988764045e-05,1.15625,0.0,2.0,medium|hard|easy
test,0,3,4,32,0.5330494560039369,2.2174166879995028,307.7921795940056,0.0698426216840744,0.9722222222222222,0.96875,0.9666666666666667,0.9684729064039409,1.7744486059092804e-05,1.125,0.0,2.0,medium|hard|easy
test,0,3,5,32,0.5320045669941464,2.750003655004548,308.3247665579984,0.08287359774112701,0.9615384615384616,0.96875,0.975,0.9671794871794872,1.773616312942156e-05,0.875,0.0,2.0,hard|easy|medium
test,0,3,6,32,0.531823979006731,3.282407720995252,308.8571706340008,0.2636423408985138,0.9089068825910931,0.90625,0.9007936507936507,0.9039039039039038,1.772784019975031e-05,0.9375,0.0,2.0,easy|hard|medium
test,0,3,7,32,0.5321461190033006,3.815100628999062,309.3898635410005,0.39237409830093384,0.8833333333333333,0.875,0.8650793650793651,0.8704453441295547,1.771951727007907e-05,0.6875,0.0,2.0,easy|medium|hard
test,0,3,8,32,0.5318937650008593,4.347558644993114,309.9223216250102,0.27739256620407104,0.9444444444444444,0.9375,0.9375,0.9372549019607843,1.7711194340407824e-05,1.09375,0.0,2.0,hard|medium|easy
test,0,3,9,32,0.5313405000051716,4.879486657999223,310.454249567003,0.2647896707057953,0.9089068825910931,0.90625,0.9007936507936507,0.9039039039039038,1.7702871410736583e-05,0.8125,0.0,2.0,easy|hard|medium
test,0,3,10,32,0.5327116020052927,5.412775700999191,310.9875386460044,0.038121890276670456,1.0,1.0,1.0,1.0,1.7694548481065338e-05,1.0625,0.0,2.0,easy|medium|hard
test,0,3,11,32,0.5314988479949534,5.944900119997328,311.5196631279978,0.18920409679412842,0.9372549019607843,0.9375,0.9372549019607843,0.9372549019607843,1.7686225551394093e-05,1.03125,0.0,2.0,hard|easy|medium
test,0,3,12,32,0.531904717994621,6.477360652992502,312.0521236140048,0.3720510005950928,0.9047619047619048,0.875,0.8666666666666667,0.8704453441295547,1.767790262172285e-05,1.125,0.0,2.0,hard|medium|easy
test,0,3,13,32,0.5330001279944554,7.010918343003141,312.58568165500765,0.40124422311782837,0.903921568627451,0.90625,0.9087301587301587,0.9054187192118226,1.7669579692051604e-05,0.875,0.0,2.0,medium|easy|hard
test,0,3,14,32,0.5324252809950849,7.543906689999858,313.1186698130041,0.29779499769210815,0.9007936507936507,0.90625,0.9089068825910931,0.9039039039039038,1.766125676238036e-05,0.6875,0.0,2.0,hard|easy|medium
test,0,3,15,32,0.531626038995455,8.076140906996443,313.65090392599814,0.2595297396183014,0.9365079365079365,0.9375,0.9365079365079365,0.9365079365079365,1.7652933832709117e-05,0.84375,0.0,2.0,easy|hard|medium
test,0,3,16,32,0.532463891999214,8.6091169440042,314.1838798579993,0.05086301639676094,1.0,1.0,1.0,1.0,1.7644610903037872e-05,0.875,0.0,2.0,medium|easy|hard
test,0,3,17,32,0.5326800769980764,9.14230822600075,314.7170711380022,0.1901501715183258,0.9666666666666667,0.96875,0.9722222222222222,0.9684729064039409,1.7636287973366628e-05,1.09375,0.0,2.0,hard|medium|easy
test,0,3,18,32,0.5315825730067445,9.674467924996861,315.24923082100577,0.1283489465713501,0.9722222222222222,0.96875,0.9666666666666667,0.9684729064039409,1.7627965043695383e-05,0.96875,0.0,2.0,hard|easy|medium
test,0,3,19,32,0.5321046630124329,10.207041918998584,315.7818048240006,0.10831773281097412,0.8928571428571428,0.90625,0.9285714285714286,0.9015384615384616,1.7619642114024138e-05,1.03125,0.0,2.0,hard|medium|easy
test,0,3,20,32,0.5317572380008642,10.739272753999103,316.31403566400695,0.12082017213106155,0.9523809523809523,0.9375,0.9230769230769231,0.9333333333333333,1.7611319184352893e-05,0.75,0.0,2.0,easy|medium|hard
test,0,3,21,32,0.5310344799945597,11.270932343002642,316.84569524400285,0.05086160823702812,0.9722222222222222,0.96875,0.9666666666666667,0.9684729064039409,1.760299625468165e-05,0.9375,0.0,2.0,hard|easy|medium
test,0,3,22,32,0.5327338729985058,11.804171173003851,317.3789340920048,0.06175079569220543,0.9545454545454546,0.96875,0.9772727272727273,0.964562569213732,1.7594673325010407e-05,1.25,0.0,2.0,hard|easy|medium
test,0,3,23,32,0.5326597810053499,12.33731357299257,317.91207647300325,0.04938066005706787,1.0,1.0,1.0,1.0,1.7586350395339162e-05,1.15625,0.0,2.0,medium|hard|easy
test,0,3,24,32,0.5313225619902369,12.869228330993792,318.44399123999756,0.21554896235466003,0.9352226720647774,0.9375,0.9352226720647774,0.9352226720647774,1.7578027465667917e-05,0.875,0.0,2.0,medium|easy|hard
test,0,3,25,32,0.5329358960007085,13.40271522400144,318.9774781400047,0.13956724107265472,0.9705882352941176,0.96875,0.96875,0.9687194525904204,1.7569704535996672e-05,1.03125,0.0,2.0,easy|medium|hard
test,0,3,26,32,0.5323275050031953,13.935564262996195,319.5103272520064,0.3317415118217468,0.90625,0.90625,0.907843137254902,0.906158357771261,1.7561381606325427e-05,0.90625,0.0,2.0,easy|hard|medium
test,0,3,27,32,0.5315045219904277,14.467661928996677,320.0424249159987,0.08344019204378128,0.9705882352941176,0.96875,0.96875,0.9687194525904204,1.7553058676654186e-05,1.03125,0.0,2.0,easy|medium|hard
test,0,3,28,32,0.5343092149996664,15.002548178003053,320.5773111840099,0.22432321310043335,0.9375,0.9375,0.9444444444444444,0.9372549019607843,1.754473574698294e-05,1.0625,0.0,2.0,medium|hard|easy
test,0,3,29,32,0.531924529990647,15.534963683996466,321.10972664901055,0.20916935801506042,0.903921568627451,0.90625,0.9087301587301587,0.9054187192118226,1.7536412817311696e-05,0.75,0.0,2.0,easy|hard|medium
test,0,3,30,32,0.5313168459979352,16.066906769992784,321.64166967100755,0.0793752521276474,0.9666666666666667,0.96875,0.9722222222222222,0.9684729064039409,1.752808988764045e-05,0.90625,0.0,2.0,hard|medium|easy
test,0,3,31,32,0.5328032139950665,16.600243808992673,322.17500671499874,0.0411340594291687,1.0,1.0,1.0,1.0,1.7519766957969206e-05,1.09375,0.0,2.0,hard|easy|medium
test,0,3,32,32,0.532739098998718,17.133523078999133,322.7082860619994,0.12785232067108154,0.9372549019607843,0.9375,0.9372549019607843,0.9372549019607843,1.751144402829796e-05,1.03125,0.0,2.0,easy|medium|hard
test,0,3,33,32,0.5310416190040996,17.66502952699375,323.2397924800025,0.06012166291475296,1.0,1.0,1.0,1.0,1.750312109862672e-05,0.78125,0.0,2.0,easy|medium|hard
test,0,3,34,32,0.5328919189923909,18.19846784499532,323.7732308340055,0.02899055741727352,1.0,1.0,1.0,1.0,1.7494798168955475e-05,0.84375,0.0,2.0,medium|easy|hard
test,0,3,35,32,0.5320238099957351,18.731055386000662,324.30581837700447,0.3215247392654419,0.875,0.875,0.8809523809523809,0.8745098039215686,1.7486475239284227e-05,1.0625,0.0,2.0,medium|hard|easy
test,0,3,36,32,0.5312618619936984,19.262878487003036,324.8376413799997,0.03222149237990379,1.0,1.0,1.0,1.0,1.7478152309612985e-05,0.84375,0.0,2.0,easy|hard|medium
test,0,3,37,32,0.5328471700049704,19.79632600900368,325.37108898800216,0.27292218804359436,0.9444444444444444,0.9375,0.9375,0.9372549019607843,1.746982937994174e-05,1.0625,0.0,2.0,easy|hard|medium
test,0,3,38,32,0.5324616930010961,20.32936674800294,325.90412974200444,0.10354721546173096,0.9705882352941176,0.96875,0.96875,0.9687194525904204,1.7461506450270496e-05,1.0625,0.0,2.0,hard|medium|easy
test,0,3,39,32,0.5312662710057339,20.861257933996967,326.436020854002,0.27766716480255127,0.8947368421052632,0.875,0.8823529411764706,0.8745098039215686,1.7453183520599254e-05,1.0625,0.0,2.0,hard|medium|easy
test,0,3,40,32,0.5328329490002943,21.394640376995085,326.96940328300116,0.24069003760814667,0.9583333333333333,0.9375,0.9,0.9227053140096618,1.744486059092801e-05,1.0625,0.0,2.0,hard|medium|easy
test,0,3,41,32,0.5321167609945405,21.927383381000254,327.5021463770099,0.18196523189544678,0.9352226720647774,0.9375,0.9352226720647774,0.9352226720647774,1.743653766125676e-05,0.65625,0.0,2.0,hard|easy|medium
test,0,3,42,32,0.5320311709947418,22.460000584993395,328.0347635340004,0.046241097152233124,0.9736842105263157,0.96875,0.9642857142857143,0.967967967967968,1.742821473158552e-05,1.0625,0.0,2.0,medium|hard|easy
test,0,3,43,32,0.5328269470046507,22.9935123979958,328.56827539800724,0.34759417176246643,0.8967611336032388,0.90625,0.9083333333333333,0.9015384615384616,1.7419891801914275e-05,1.0625,0.0,2.0,easy|medium|hard
test,0,3,44,32,0.53178583800036,23.52586537899333,329.10062834600103,0.013266441412270069,1.0,1.0,1.0,1.0,1.7411568872243033e-05,1.03125,0.0,2.0,medium|hard|easy
test,0,3,45,32,0.5321694619924529,24.05859469799907,329.63335769900004,0.17970895767211914,0.9761904761904762,0.96875,0.9583333333333333,0.9660657476139979,1.740324594257179e-05,1.125,0.0,2.0,medium|hard|easy
test,0,3,46,32,0.5330792559980182,24.592218028992647,330.16698103300587,0.15101715922355652,0.9705882352941176,0.96875,0.96875,0.9687194525904204,1.7394923012900544e-05,1.03125,0.0,2.0,easy|medium|hard
test,0,3,47,32,0.5325473750126548,25.12537932799023,330.70014232600806,0.4576534926891327,0.8650793650793651,0.875,0.8833333333333333,0.8704453441295547,1.73866000832293e-05,0.84375,0.0,2.0,easy|hard|medium
test,0,3,48,32,0.532159894995857,25.6580870859907,331.2328500000003,0.32590556144714355,0.8916666666666666,0.90625,0.9069264069264069,0.8981972428419936,1.7378277153558054e-05,0.90625,0.0,2.0,medium|easy|hard
test,0,3,49,32,0.5333229140087496,26.191976563990465,331.76673952600686,0.129160538315773,0.9333333333333333,0.9375,0.9473684210526316,0.9365079365079365,1.736995422388681e-05,0.78125,0.0,2.0,easy|medium|hard
test,0,3,50,32,0.5323130689939717,26.72481719199277,332.2995800970093,0.1734299212694168,0.9736842105263157,0.96875,0.9642857142857143,0.967967967967968,1.7361631294215567e-05,1.15625,0.0,2.0,easy|hard|medium
test,0,3,51,32,0.5320703350007534,27.257413106999593,332.8321761039988,0.24282744526863098,0.9333333333333333,0.9375,0.9473684210526316,0.9365079365079365,1.7353308364544323e-05,0.9375,0.0,2.0,medium|easy|hard
test,0,3,52,32,0.5326982270053122,27.790638587001013,333.3654014909989,0.08048106729984283,0.9666666666666667,0.96875,0.9722222222222222,0.9684729064039409,1.7344985434873078e-05,1.0,0.0,2.0,medium|hard|easy
test,0,3,53,32,0.5328187190025346,28.32399392199295,333.8987568260054,0.4558677673339844,0.8531746031746033,0.84375,0.8490196078431372,0.8435972629521017,1.7336662505201833e-05,1.125,0.0,2.0,hard|medium|easy
test,0,3,54,32,0.5320293029944878,28.856536092993338,334.4312990879989,0.5946895480155945,0.8541666666666667,0.78125,0.7666666666666666,0.7624602332979851,1.7328339575530588e-05,1.0,0.0,2.0,medium|easy|hard
test,0,3,55,32,0.5333743289957056,29.39051136399212,334.96527426900866,0.35633161664009094,0.9089068825910931,0.90625,0.9007936507936507,0.9039039039039038,1.7320016645859343e-05,1.03125,0.0,2.0,easy|hard|medium
test,0,3,56,32,0.5323048499994911,29.923363217996666,335.4981261810026,0.1887345314025879,0.9642857142857143,0.96875,0.9736842105263157,0.967967967967968,1.7311693716188102e-05,0.9375,0.0,2.0,hard|medium|easy
test,0,3,57,32,0.5320348630048102,30.455861002003076,336.03062398200564,0.14940322935581207,0.9523809523809523,0.9375,0.9230769230769231,0.9333333333333333,1.7303370786516857e-05,1.09375,0.0,2.0,hard|easy|medium
test,0,3,58,32,0.5328019579901593,30.98922753399529,336.5639904310083,0.1138276532292366,0.9473684210526316,0.9375,0.9333333333333333,0.9365079365079365,1.7295047856845612e-05,0.875,0.0,2.0,hard|easy|medium
test,0,3,59,32,0.5320931030000793,31.521927448993665,337.0966904119996,0.09888507425785065,0.9642857142857143,0.96875,0.9736842105263157,0.967967967967968,1.7286724927174367e-05,1.1875,0.0,2.0,hard|easy|medium
test,0,3,60,32,0.5325666069984436,32.055052903990145,337.6298158080026,0.09145254641771317,1.0,1.0,1.0,1.0,1.7278401997503122e-05,0.9375,0.0,2.0,easy|medium|hard
test,0,3,61,32,0.5330739469936816,32.58871129799809,338.16347425000276,0.162031888961792,0.8928571428571428,0.90625,0.9285714285714286,0.9015384615384616,1.7270079067831877e-05,0.90625,0.0,2.0,medium|easy|hard
test,0,3,62,32,0.5321255150047364,33.121362890000455,338.69612585700816,0.21463355422019958,0.9375,0.9375,0.9444444444444444,0.9372549019607843,1.7261756138160636e-05,1.09375,0.0,2.0,hard|easy|medium
test,0,3,63,32,0.5326222800067626,33.65449350999552,339.2292564130039,0.07290837913751602,1.0,1.0,1.0,1.0,1.725343320848939e-05,0.84375,0.0,2.0,hard|easy|medium
test,0,3,64,32,0.5325280630058842,34.18764782299695,339.7624108230084,0.2135290801525116,0.8376623376623377,0.84375,0.825,0.8303287380699894,1.7245110278818146e-05,1.25,0.0,2.0,hard|medium|easy
test,0,3,65,32,0.5321713610028382,34.72032755499822,340.2950905379985,0.24482858180999756,0.903921568627451,0.90625,0.9087301587301587,0.9054187192118226,1.72367873491469e-05,1.28125,0.0,2.0,medium|hard|easy
test,0,3,66,32,0.5318229080003221,35.25274054799229,340.8275035310071,0.25299525260925293,0.9473684210526316,0.9375,0.9333333333333333,0.9365079365079365,1.7228464419475657e-05,1.09375,0.0,2.0,easy|hard|medium
test,0,3,67,32,0.5326737199939089,35.78595961400424,341.360722575002,0.24868783354759216,0.9087301587301587,0.90625,0.903921568627451,0.9054187192118226,1.722014148980441e-05,1.25,0.0,2.0,medium|hard|easy
test,0,3,68,32,0.5320528849988477,36.318461757997284,341.8932247519988,0.19043545424938202,0.9352226720647774,0.9375,0.9352226720647774,0.9352226720647774,1.721181856013317e-05,1.09375,0.0,2.0,hard|medium|easy
test,0,3,69,32,0.5316101770004025,36.850625473991386,342.425388372998,0.10954193770885468,0.9736842105263157,0.96875,0.9642857142857143,0.967967967967968,1.7203495630461925e-05,1.03125,0.0,2.0,easy|hard|medium
test,0,3,70,32,0.5326806580123957,37.383834367996315,342.95859736901184,0.1562902331352234,0.9705882352941176,0.96875,0.96875,0.9687194525904204,1.719517270079068e-05,0.9375,0.0,2.0,medium|hard|easy
test,0,3,71,32,0.5323519779922208,37.91664932400454,343.49141222200706,0.04994397610425949,1.0,1.0,1.0,1.0,1.7186849771119436e-05,1.09375,0.0,2.0,medium|easy|hard
test,0,3,72,32,0.531420077997609,38.448570332999225,344.0233332810021,0.10431268811225891,1.0,1.0,1.0,1.0,1.717852684144819e-05,1.0625,0.0,2.0,easy|medium|hard
test,0,3,73,32,0.5327709020057227,38.981924355000956,344.55668730899924,0.18593287467956543,0.875,0.875,0.8809523809523809,0.8745098039215686,1.7170203911776946e-05,1.03125,0.0,2.0,medium|easy|hard
test,0,3,74,32,0.532634089991916,39.5150778459938,345.08984080499795,0.16687490046024323,0.9705882352941176,0.96875,0.96875,0.9687194525904204,1.7161880982105704e-05,1.1875,0.0,2.0,medium|hard|easy
test,0,3,75,32,0.5320676620031008,40.04766419599764,345.62242718700145,0.24900883436203003,0.875,0.875,0.875,0.875,1.715355805243446e-05,0.96875,0.0,2.0,easy|medium|hard
test,0,3,76,32,0.5328849910001736,40.581022161000874,346.1557851060061,0.16331453621387482,0.9352226720647774,0.9375,0.9352226720647774,0.9352226720647774,1.714523512276321e-05,0.96875,0.0,2.0,hard|medium|easy
test,0,3,77,32,0.5332360169995809,41.11476126399066,346.6895242390019,0.03116963803768158,1.0,1.0,1.0,1.0,1.713691219309197e-05,0.90625,0.0,2.0,easy|medium|hard
test,0,3,78,32,0.5321929470082978,41.647489732000395,347.22225269299815,0.07100899517536163,1.0,1.0,1.0,1.0,1.7128589263420725e-05,0.84375,0.0,2.0,medium|easy|hard
test,0,3,79,32,0.5327490950003266,42.18069550099608,347.7554584820027,0.21124067902565002,0.9444444444444444,0.9375,0.9375,0.9372549019607843,1.7120266333749484e-05,0.78125,0.0,2.0,medium|easy|hard
test,0,3,80,32,0.5325330220075557,42.713806920000934,348.288569893004,0.4922530949115753,0.9047619047619048,0.875,0.8666666666666667,0.8704453441295547,1.711194340407824e-05,1.09375,0.0,2.0,easy|medium|hard
test,0,3,81,32,0.5316841729945736,43.24606737199065,348.82083033400704,0.3816799223423004,0.903921568627451,0.90625,0.9087301587301587,0.9054187192118226,1.7103620474406994e-05,0.71875,0.0,2.0,easy|medium|hard
test,0,3,82,32,0.5329468069976429,43.77961538199452,349.3543783310015,0.23308679461479187,0.9333333333333333,0.9375,0.9333333333333333,0.9333333333333333,1.709529754473575e-05,1.15625,0.0,2.0,medium|easy|hard
test,0,3,83,32,0.5334417580015725,44.313653242003056,349.88841631299874,0.20389775931835175,0.9372549019607843,0.9375,0.9372549019607843,0.9372549019607843,1.7086974615064504e-05,1.0625,0.0,2.0,hard|medium|easy
test,0,3,84,32,0.5321727340051439,44.846546820001095,350.4213098290056,0.09707142412662506,0.96875,0.96875,0.9705882352941176,0.9687194525904204,1.707865168539326e-05,1.09375,0.0,2.0,hard|easy|medium
test,0,3,85,32,0.532446177006932,45.379548245997285,350.9543112370011,0.3007759153842926,0.9333333333333333,0.9375,0.9473684210526316,0.9365079365079365,1.7070328755722018e-05,1.0,0.0,2.0,easy|hard|medium
test,0,3,86,32,0.5326205590099562,45.91275727600441,351.48752026799775,0.348944753408432,0.90625,0.90625,0.9210526315789473,0.9054187192118226,1.7062005826050773e-05,0.6875,0.0,2.0,easy|hard|medium
test,0,3,87,32,0.5316627519932808,46.44497822900303,352.0197412030102,0.19226770102977753,0.9007936507936507,0.90625,0.9089068825910931,0.9039039039039038,1.7053682896379528e-05,1.09375,0.0,2.0,medium|easy|hard
test,0,3,88,32,0.5324511880025966,46.97799261499313,352.5527555130102,0.14288470149040222,0.9089068825910931,0.90625,0.9007936507936507,0.9039039039039038,1.7045359966708283e-05,0.9375,0.0,2.0,medium|hard|easy
test,0,3,89,32,0.5323788710084045,47.510957192993374,353.0857205150096,0.2548285126686096,0.9083333333333333,0.90625,0.8967611336032388,0.9015384615384616,1.7037037037037038e-05,1.09375,0.0,2.0,medium|hard|easy
test,0,3,90,32,0.5319064180075657,48.04349150999042,353.618254519999,0.09909942746162415,0.9642857142857143,0.96875,0.9736842105263157,0.967967967967968,1.7028714107365793e-05,1.0625,0.0,2.0,medium|hard|easy
test,0,3,91,32,0.5321615189895965,48.57624145699083,354.1510044190072,0.3437612056732178,0.925,0.90625,0.9,0.9039039039039038,1.7020391177694552e-05,1.03125,0.0,2.0,medium|easy|hard
test,0,3,92,32,0.5331017389980843,49.1098377439921,354.6846007300046,0.18399140238761902,0.907843137254902,0.90625,0.90625,0.906158357771261,1.7012068248023307e-05,1.03125,0.0,2.0,easy|hard|medium
test,0,3,93,32,0.5312849690089934,49.641670147990226,355.2164330500091,0.24726583063602448,0.9210526315789473,0.90625,0.90625,0.9054187192118226,1.7003745318352062e-05,0.9375,0.0,2.0,easy|medium|hard
test,0,3,94,32,0.5310265360021731,50.17325596099545,355.7480189600028,0.254233717918396,0.907843137254902,0.90625,0.90625,0.906158357771261,1.6995422388680817e-05,0.8125,0.0,2.0,hard|easy|medium
test,0,3,95,32,0.5325811779912328,50.7063888929988,356.2811518880044,0.39328086376190186,0.8531746031746033,0.84375,0.8490196078431372,0.8435972629521017,1.6987099459009573e-05,0.8125,0.0,2.0,easy|hard|medium
test,0,3,96,32,0.5317164299922297,51.238652931991965,356.81341591601085,0.16385161876678467,0.9333333333333333,0.9375,0.9473684210526316,0.9365079365079365,1.6978776529338328e-05,0.90625,0.0,2.0,easy|hard|medium
test,0,3,97,32,0.5312863200088032,51.770463523003855,357.34522647201084,0.2422185093164444,0.9166666666666667,0.875,0.8333333333333333,0.8545454545454545,1.6970453599667086e-05,1.09375,0.0,2.0,medium|easy|hard
test,0,3,98,32,0.5325726010050857,52.3035675430001,357.87833045500156,0.17632916569709778,0.9045454545454545,0.90625,0.8852813852813852,0.893687707641196,1.696213066999584e-05,1.375,0.0,2.0,hard|medium|easy
test,0,3,99,32,0.5319562960066833,52.83602543199959,358.4107883590041,0.2291920930147171,0.9333333333333333,0.9375,0.9333333333333333,0.9333333333333333,1.6953807740324596e-05,1.0,0.0,2.0,easy|hard|medium
test,0,3,100,32,0.5309814069914864,53.36756556099863,358.94232852700225,0.26972049474716187,0.8831168831168831,0.875,0.8582995951417004,0.8666666666666667,1.694548481065335e-05,0.8125,0.0,2.0,hard|easy|medium
test,0,3,101,32,0.5322141850047046,53.90040253799816,359.47516552700836,0.10858529806137085,0.9722222222222222,0.96875,0.9666666666666667,0.9684729064039409,1.6937161880982107e-05,0.90625,0.0,2.0,easy|hard|medium
test,0,3,102,32,0.531803140998818,54.43277624799521,360.00753924201126,0.2170863300561905,0.9523809523809523,0.9375,0.9230769230769231,0.9333333333333333,1.6928838951310862e-05,0.96875,0.0,2.0,hard|easy|medium
test,0,3,103,32,0.5315053960075602,54.96485605199996,360.5396190370084,0.1031138226389885,0.9736842105263157,0.96875,0.9642857142857143,0.967967967967968,1.692051602163962e-05,1.0625,0.0,2.0,medium|easy|hard
test,0,3,104,32,0.5325832219969016,55.49796163699648,361.0727246130118,0.12784281373023987,0.95,0.9375,0.9285714285714286,0.9352226720647774,1.6912193091968376e-05,0.9375,0.0,2.0,hard|medium|easy
test,0,3,105,32,0.5318775079940679,56.030457820990705,361.60522072600725,0.20451030135154724,0.9411764705882353,0.9375,0.9411764705882353,0.9375,1.690387016229713e-05,1.15625,0.0,2.0,easy|hard|medium
test,0,3,106,32,0.5315380289976019,56.56256879300054,362.13733178300026,0.09427692741155624,0.9615384615384616,0.96875,0.975,0.9671794871794872,1.6895547232625886e-05,0.9375,0.0,2.0,hard|medium|easy
test,0,3,107,32,0.5322464180062525,57.09541568199347,362.67017867100367,0.23028120398521423,0.9333333333333333,0.9375,0.9473684210526316,0.9365079365079365,1.688722430295464e-05,1.0625,0.0,2.0,easy|hard|medium
test,0,3,108,32,0.5319688079907792,57.627940366990515,363.2027033280028,0.07067283987998962,1.0,1.0,1.0,1.0,1.6878901373283396e-05,1.125,0.0,2.0,medium|hard|easy
test,0,3,109,32,0.5316411180101568,58.16021411000111,363.7349771070003,0.2399369329214096,0.9117647058823529,0.90625,0.9166666666666667,0.906158357771261,1.6870578443612155e-05,1.0,0.0,2.0,medium|hard|easy
test,0,3,110,32,0.5326488919963595,58.693430291998084,364.26819327000703,0.43518760800361633,0.8490196078431372,0.84375,0.8531746031746033,0.8435972629521017,1.686225551394091e-05,0.78125,0.0,2.0,easy|hard|medium
test,0,3,111,32,0.532540872998652,59.22650565000367,364.80126860400196,0.3918169140815735,0.8947368421052632,0.875,0.8823529411764706,0.8745098039215686,1.6853932584269665e-05,0.96875,0.0,2.0,easy|medium|hard
test,0,3,112,32,0.5315183909988264,59.75856137499795,365.3333243750094,0.16361822187900543,0.9,0.90625,0.925,0.9039039039039038,1.684560965459842e-05,0.875,0.0,2.0,medium|hard|easy
test,0,3,113,32,0.5326310880045639,60.291691559992614,365.86645456400583,0.05064357444643974,1.0,1.0,1.0,1.0,1.6837286724927175e-05,0.9375,0.0,2.0,easy|medium|hard
test,0,3,114,32,0.5322964890074218,60.82453510799678,366.3992980949988,0.20277799665927887,0.925,0.90625,0.9,0.9039039039039038,1.682896379525593e-05,1.03125,0.0,2.0,hard|medium|easy
test,0,3,115,32,0.5309046049951576,61.35597321900423,366.93073621000804,0.23453687131404877,0.9285714285714286,0.9375,0.95,0.9352226720647774,1.682064086558469e-05,0.84375,0.0,2.0,easy|hard|medium
test,0,3,116,32,0.5325060090108309,61.88902744099323,367.4637903950061,0.262998104095459,0.9285714285714286,0.90625,0.8928571428571428,0.9015384615384616,1.6812317935913444e-05,1.125,0.0,2.0,hard|medium|easy
test,0,3,117,32,0.5322533690050477,62.421834166991175,367.9965971220081,0.18550622463226318,0.907843137254902,0.90625,0.90625,0.906158357771261,1.68039950062422e-05,1.0625,0.0,2.0,medium|hard|easy
test,0,3,118,32,0.5315488880005432,62.953941828003735,368.5287047400052,0.22258760035037994,0.9166666666666667,0.90625,0.9117647058823529,0.906158357771261,1.6795672076570954e-05,0.875,0.0,2.0,hard|easy|medium
test,0,3,119,32,0.5330107869958738,63.48752671899274,369.0622897190042,0.2752910256385803,0.9117647058823529,0.90625,0.9166666666666667,0.906158357771261,1.678734914689971e-05,0.96875,0.0,2.0,hard|medium|easy
test,0,3,120,32,0.5318332680035383,64.01992392199463,369.5946868809988,0.03135199844837189,1.0,1.0,1.0,1.0,1.6779026217228468e-05,0.78125,0.0,2.0,easy|hard|medium
test,0,3,121,32,0.5316981479991227,64.5521581810026,370.12692116299877,0.03159961849451065,1.0,1.0,1.0,1.0,1.6770703287557223e-05,1.25,0.0,2.0,hard|easy|medium
test,0,3,122,32,0.5333471820049454,65.08614696399309,370.6609099479974,0.2398684024810791,0.903921568627451,0.90625,0.9087301587301587,0.9054187192118226,1.6762380357885978e-05,1.0625,0.0,2.0,hard|medium|easy
test,0,3,123,32,0.5321101360023022,65.618884978001,371.19364798101014,0.41091760993003845,0.8916666666666666,0.90625,0.9069264069264069,0.8981972428419936,1.6754057428214733e-05,0.96875,0.0,2.0,medium|easy|hard
test,0,3,124,32,0.5319761919963639,66.15140026599693,371.7261632560112,0.281516432762146,0.8745098039215686,0.875,0.8745098039215686,0.8745098039215686,1.674573449854349e-05,1.15625,0.0,2.0,hard|medium|easy
test,0,3,125,32,0.5329457300103968,66.68489763900288,372.2596606310108,0.13098102807998657,0.9318181818181819,0.90625,0.8846153846153846,0.8981972428419936,1.6737411568872244e-05,1.125,0.0,2.0,hard|easy|medium
test,0,3,126,32,0.5322175939945737,67.21768839099968,372.79245168500347,0.2772313356399536,0.9047619047619048,0.875,0.8666666666666667,0.8704453441295547,1.6729088639201002e-05,1.09375,0.0,2.0,medium|hard|easy
test,0,3,127,32,0.5315554309927393,67.74982389199431,373.3245868790109,0.06678332388401031,0.9736842105263157,0.96875,0.9642857142857143,0.967967967967968,1.6720765709529757e-05,0.9375,0.0,2.0,medium|easy|hard
test,0,3,128,32,0.532880890998058,68.28327488299692,373.85803794200183,0.16297972202301025,0.9736842105263157,0.96875,0.9642857142857143,0.967967967967968,1.6712442779858512e-05,0.71875,0.0,2.0,hard|easy|medium
test,0,3,129,32,0.5322042509942548,68.8160046760022,374.39076766200014,0.3133630156517029,0.9210526315789473,0.90625,0.90625,0.9054187192118226,1.6704119850187268e-05,1.3125,0.0,2.0,easy|hard|medium
test,0,3,130,32,0.5308264559862437,69.34740160200454,374.9221645840007,0.2084256410598755,0.9285714285714286,0.9375,0.95,0.9352226720647774,1.6695796920516023e-05,1.0625,0.0,2.0,medium|easy|hard
test,0,3,131,32,0.532829182993737,69.88078459800454,375.45554750000883,0.1594722867012024,0.9642857142857143,0.96875,0.9736842105263157,0.967967967967968,1.6687473990844778e-05,1.0625,0.0,2.0,hard|medium|easy
test,0,3,132,32,0.532256207006867,70.41358189099992,375.9883450979978,0.08847981691360474,0.9545454545454546,0.96875,0.9772727272727273,0.964562569213732,1.6679151061173536e-05,1.0,0.0,2.0,medium|easy|hard
test,0,3,133,32,0.5312293469905853,70.94529924899689,376.520062222,0.20633938908576965,0.9444444444444444,0.9375,0.9375,0.9372549019607843,1.667082813150229e-05,0.90625,0.0,2.0,hard|medium|easy
test,0,3,134,32,0.5328221719973953,71.47865933900175,377.0534223400027,0.3044903874397278,0.903921568627451,0.90625,0.9087301587301587,0.9054187192118226,1.6662505201831047e-05,1.15625,0.0,2.0,hard|medium|easy
test,0,3,135,32,0.5322485960059566,72.01137350600038,377.5861364099983,0.3538523316383362,0.9,0.90625,0.925,0.9039039039039038,1.6654182272159802e-05,0.84375,0.0,2.0,easy|medium|hard
test,0,3,136,32,0.5319944660004694,72.5439168610028,378.11867984100536,0.323336660861969,0.9333333333333333,0.9375,0.9473684210526316,0.9365079365079365,1.6645859342488557e-05,1.0625,0.0,2.0,medium|hard|easy
test,0,3,137,32,0.533019880997017,73.07752147100109,378.65228444901004,0.44968417286872864,0.875,0.84375,0.8529411764705883,0.8423645320197044,1.6637536412817312e-05,0.6875,0.0,2.0,hard|easy|medium
test,0,3,138,32,0.5324892540083965,73.61056434299098,379.18532730800507,0.29551681876182556,0.9166666666666667,0.90625,0.9117647058823529,0.906158357771261,1.662921348314607e-05,0.9375,0.0,2.0,hard|easy|medium
test,0,3,139,32,0.5322017710132059,74.14335584999935,379.7181188300019,0.34980764985084534,0.8650793650793651,0.875,0.8833333333333333,0.8704453441295547,1.6620890553474826e-05,1.0625,0.0,2.0,easy|hard|medium
test,0,3,140,32,0.5333699460024945,74.6772791419935,380.25204209900403,0.05891910195350647,1.0,1.0,1.0,1.0,1.661256762380358e-05,1.28125,0.0,2.0,medium|hard|easy
test,0,3,141,32,0.5326141380064655,75.21050758899946,380.7852705940022,0.12481126934289932,0.95,0.9375,0.9285714285714286,0.9352226720647774,1.6604244694132336e-05,1.0,0.0,2.0,easy|hard|medium
test,0,3,142,32,0.5312918300041929,75.74237614899175,381.31713913800195,0.17481952905654907,0.9705882352941176,0.96875,0.96875,0.9687194525904204,1.659592176446109e-05,0.90625,0.0,2.0,hard|medium|easy
test,0,3,143,32,0.532977455004584,76.27587668999331,381.8506395870063,0.49517548084259033,0.8299595141700404,0.8125,0.8196078431372549,0.8117647058823529,1.6587598834789846e-05,0.90625,0.0,2.0,easy|medium|hard
test,0,3,144,32,0.531994835997466,76.808452828991,382.3832158190053,0.1590716689825058,0.9230769230769231,0.9375,0.9523809523809523,0.9333333333333333,1.6579275905118605e-05,1.09375,0.0,2.0,hard|medium|easy
test,0,3,145,32,0.5324262840003939,77.34144476499932,382.91620772400347,0.11746448278427124,0.95,0.9375,0.9285714285714286,0.9352226720647774,1.657095297544736e-05,1.0625,0.0,2.0,medium|hard|easy
test,0,3,146,32,0.5329876199975843,77.87500750899198,383.44977052600007,0.231204092502594,0.875,0.875,0.8809523809523809,0.8745098039215686,1.6562630045776115e-05,1.0,0.0,2.0,hard|easy|medium
test,0,3,147,32,0.5325503010099055,78.40817671499099,383.98293975200795,0.12300116568803787,0.9473684210526316,0.9375,0.9333333333333333,0.9365079365079365,1.655430711610487e-05,1.0,0.0,2.0,easy|medium|hard
test,0,3,148,32,0.5320809640106745,78.94085720799922,384.51562019500125,0.38394230604171753,0.8333333333333333,0.8125,0.7666666666666666,0.7818181818181817,1.6545984186433625e-05,0.96875,0.0,2.0,medium|hard|easy
test,0,3,149,32,0.5326456589973532,79.4740793039964,385.04884229099844,0.2995843291282654,0.9045454545454545,0.90625,0.8852813852813852,0.893687707641196,1.653766125676238e-05,0.84375,0.0,2.0,hard|easy|medium
test,0,3,150,32,0.5320655979885487,80.00675484399835,385.58151783200447,0.05533313751220703,1.0,1.0,1.0,1.0,1.652933832709114e-05,0.78125,0.0,2.0,easy|hard|medium
test,0,3,151,32,0.5325098659959622,80.53986054999405,386.11462351999944,0.1867503821849823,0.8373015873015872,0.84375,0.8441295546558705,0.8398398398398399,1.6521015397419894e-05,1.0,0.0,2.0,medium|hard|easy
test,0,3,152,32,0.5331940049945842,81.07363022999198,386.6483932190022,0.20133450627326965,0.8825910931174089,0.875,0.8705882352941177,0.873015873015873,1.651269246774865e-05,1.21875,0.0,2.0,hard|medium|easy
test,0,3,153,32,0.5320178149995627,81.60620707100315,387.1809700360027,0.249726802110672,0.9285714285714286,0.9375,0.95,0.9352226720647774,1.6504369538077405e-05,0.96875,0.0,2.0,hard|easy|medium
test,0,3,154,32,0.5322247099975357,82.13903284499247,387.7137958329986,0.19645702838897705,0.9210526315789473,0.90625,0.90625,0.9054187192118226,1.649604660840616e-05,1.125,0.0,2.0,easy|medium|hard
test,0,3,155,32,0.5326715170085663,82.67232313100249,388.2470861269976,0.3104053735733032,0.875,0.875,0.9,0.873015873015873,1.6487723678734918e-05,0.90625,0.0,2.0,easy|hard|medium
test,0,3,156,32,0.5320996549999109,83.204951651991,388.7797146420053,0.060909148305654526,1.0,1.0,1.0,1.0,1.6479400749063673e-05,1.1875,0.0,2.0,easy|hard|medium
test,0,3,157,32,0.5317195279931184,83.73717342599411,389.311936402999,0.07631465792655945,0.9642857142857143,0.96875,0.9736842105263157,0.967967967967968,1.647107781939243e-05,1.125,0.0,2.0,hard|easy|medium
test,0,3,158,32,0.5326259529974777,84.27037782699335,389.84514081300586,0.1445283442735672,0.9722222222222222,0.96875,0.9666666666666667,0.9684729064039409,1.6462754889721184e-05,0.96875,0.0,2.0,easy|hard|medium
test,0,3,159,32,0.5316689580067759,84.80258813500404,390.37735110100766,0.22528475522994995,0.9333333333333333,0.9375,0.9473684210526316,0.9365079365079365,1.645443196004994e-05,1.03125,0.0,2.0,easy|hard|medium
test,0,3,160,32,0.5318871950003086,85.33505131899437,390.90981431200635,0.3446202874183655,0.9166666666666667,0.90625,0.9117647058823529,0.906158357771261,1.6446109030378694e-05,1.0625,0.0,2.0,easy|hard|medium
test,0,3,161,32,0.5334123000066029,85.86893351699109,391.4436964260094,0.20280064642429352,0.95,0.9375,0.9285714285714286,0.9352226720647774,1.6437786100707452e-05,0.90625,0.0,2.0,easy|hard|medium
test,0,3,162,32,0.5326029900024878,86.40207667299546,391.97683971500373,0.2606237530708313,0.8916666666666666,0.90625,0.9069264069264069,0.8981972428419936,1.6429463171036208e-05,1.09375,0.0,2.0,easy|medium|hard
test,0,3,163,32,0.5318203229981009,86.93442527399748,392.5091882560082,0.20738421380519867,0.9411764705882353,0.9375,0.9411764705882353,0.9375,1.6421140241364963e-05,0.875,0.0,2.0,medium|easy|hard
test,0,3,164,32,0.5328544490039349,87.4678317670041,393.0425947600015,0.0954936072230339,1.0,1.0,1.0,1.0,1.6412817311693718e-05,0.96875,0.0,2.0,hard|medium|easy
test,0,3,165,32,0.5324599480081815,88.00085463699361,393.5756179290038,0.13551707565784454,0.95,0.9375,0.9285714285714286,0.9352226720647774,1.6404494382022473e-05,0.71875,0.0,2.0,easy|medium|hard
test,0,3,166,32,0.5315704430104233,88.53303466999205,394.107797632998,0.04088282212615013,1.0,1.0,1.0,1.0,1.6396171452351228e-05,0.9375,0.0,2.0,easy|medium|hard
test,0,3,167,32,0.5331188880081754,89.0667779219948,394.6415409150068,0.08659574389457703,0.96875,0.96875,0.9705882352941176,0.9687194525904204,1.6387848522679987e-05,1.125,0.0,2.0,easy|hard|medium
test,0,3,168,32,0.5330064260051586,89.60032913299801,395.1750920390041,0.08288966119289398,0.9705882352941176,0.96875,0.96875,0.9687194525904204,1.6379525593008742e-05,1.3125,0.0,2.0,hard|easy|medium
test,0,3,169,32,0.5318480319983792,90.13265155399858,395.7074145270017,0.2355528622865677,0.9375,0.9375,0.9444444444444444,0.9372549019607843,1.6371202663337497e-05,1.28125,0.0,2.0,hard|easy|medium
test,0,3,170,32,0.5329426069947658,90.66621622299135,396.2409791969985,0.26044443249702454,0.9230769230769231,0.9375,0.9523809523809523,0.9333333333333333,1.6362879733666252e-05,0.84375,0.0,2.0,medium|easy|hard
test,0,3,171,32,0.5325678040098865,91.19926728399878,396.77403023700754,0.32327091693878174,0.873015873015873,0.875,0.873015873015873,0.873015873015873,1.6354556803995007e-05,1.1875,0.0,2.0,easy|hard|medium
test,0,3,172,32,0.5319556159956846,91.73181003899663,397.30657302500913,0.18323343992233276,0.9087301587301587,0.90625,0.903921568627451,0.9054187192118226,1.6346233874323762e-05,1.0,0.0,2.0,hard|easy|medium
test,0,3,173,32,0.53282302399748,92.26519630500115,397.83995929300727,0.7162742614746094,0.75,0.75,0.753968253968254,0.7490196078431373,1.633791094465252e-05,0.9375,0.0,2.0,hard|easy|medium
test,0,3,174,32,0.5327488180046203,92.79854748799698,398.37331047801126,0.45294085144996643,0.903921568627451,0.90625,0.9087301587301587,0.9054187192118226,1.6329588014981276e-05,1.125,0.0,2.0,medium|easy|hard
test,0,3,175,32,0.531884528012597,93.33101719200204,398.9057801739982,0.030927635729312897,1.0,1.0,1.0,1.0,1.632126508531003e-05,1.1875,0.0,2.0,medium|easy|hard
test,0,3,176,32,0.5331573000003118,93.86463975299557,399.4394026680093,0.19953413307666779,0.9333333333333333,0.9375,0.9333333333333333,0.9333333333333333,1.6312942155638786e-05,0.9375,0.0,2.0,medium|hard|easy
test,0,3,177,32,0.5329777729930356,94.39818342399667,399.9729463750118,0.2061048150062561,0.9087301587301587,0.90625,0.903921568627451,0.9054187192118226,1.630461922596754e-05,1.375,0.0,2.0,hard|medium|easy
test,0,3,178,32,0.5322019869927317,94.93097951699747,400.505742541005,0.13599485158920288,0.9372549019607843,0.9375,0.9372549019607843,0.9372549019607843,1.6296296296296297e-05,1.15625,0.0,2.0,medium|hard|easy
test,0,3,179,32,0.5326350739924237,95.46418434999941,401.0389472550014,0.10105118155479431,0.9333333333333333,0.9375,0.9333333333333333,0.9333333333333333,1.6287973366625055e-05,0.71875,0.0,2.0,medium|easy|hard
test,0,3,180,32,0.5328144100058125,95.99748390899913,401.5722468400054,0.16739892959594727,0.9372549019607843,0.9375,0.9372549019607843,0.9372549019607843,1.627965043695381e-05,0.78125,0.0,2.0,easy|hard|medium
test,0,3,181,32,0.5322147870028857,96.53026583699102,402.105028830003,0.14550389349460602,0.975,0.96875,0.9615384615384616,0.9671794871794872,1.6271327507282565e-05,0.875,0.0,2.0,easy|hard|medium
test,0,3,182,32,0.5325699469976826,97.06343948100402,402.6382024860068,0.07303782552480698,0.9736842105263157,0.96875,0.9642857142857143,0.967967967967968,1.626300457761132e-05,0.5625,0.0,2.0,easy|hard|medium
test,0,3,183,32,0.5332262200099649,97.59726187300112,403.1720248640049,0.16279242932796478,0.9285714285714286,0.90625,0.8928571428571428,0.9015384615384616,1.6254681647940076e-05,0.96875,0.0,2.0,medium|hard|easy
test,0,3,184,32,0.531664478010498,98.12956818500243,403.70433140000387,0.14746427536010742,0.96875,0.96875,0.9705882352941176,0.9687194525904204,1.624635871826883e-05,1.0,0.0,2.0,medium|hard|easy
test,0,3,185,32,0.5326509959995747,98.66268164099893,404.2374446120084,0.1421770602464676,0.9615384615384616,0.96875,0.975,0.9671794871794872,1.623803578859759e-05,1.125,0.0,2.0,medium|hard|easy
test,0,3,186,32,0.5328471520042513,99.19603753100091,404.77080051800294,0.28297579288482666,0.9352226720647774,0.9375,0.9352226720647774,0.9352226720647774,1.6229712858926345e-05,1.09375,0.0,2.0,easy|hard|medium
test,0,3,187,32,0.5319354590028524,99.7285553959955,405.30333075500675,0.28434669971466064,0.875,0.875,0.875,0.875,1.62213899292551e-05,1.0,0.0,2.0,easy|hard|medium
test,0,3,188,32,0.5333838719961932,100.26248002100328,405.8372430180025,0.268967866897583,0.8809523809523809,0.875,0.875,0.8745098039215686,1.6213066999583855e-05,0.8125,0.0,2.0,medium|easy|hard
test,0,3,189,32,0.5332213999936357,100.79617899400182,406.37094194100064,0.07141612470149994,1.0,1.0,1.0,1.0,1.620474406991261e-05,1.125,0.0,2.0,easy|medium|hard
test,0,3,190,32,0.5320188009936828,101.32878625800367,406.9035492920084,0.26687437295913696,0.9,0.90625,0.925,0.9039039039039038,1.619642114024137e-05,1.03125,0.0,2.0,easy|hard|medium
test,0,3,191,32,0.5320569470059127,101.86141806100204,407.4361810560076,0.086277537047863,0.9722222222222222,0.96875,0.9666666666666667,0.9684729064039409,1.6188098210570124e-05,0.90625,0.0,2.0,easy|medium|hard
test,0,3,192,32,0.5325885210040724,102.39457178200246,407.9693347459979,0.0984647274017334,0.9615384615384616,0.96875,0.975,0.9671794871794872,1.617977528089888e-05,1.09375,0.0,2.0,easy|medium|hard
test,0,3,193,32,0.531716259996756,102.9269217819965,408.5016847490042,0.07497141510248184,0.9722222222222222,0.96875,0.9666666666666667,0.9684729064039409,1.6171452351227634e-05,0.875,0.0,2.0,medium|hard|easy
test,0,3,194,32,0.5326917200000025,103.4601619719906,409.0349249740102,0.11112064868211746,0.96875,0.96875,0.9705882352941176,0.9687194525904204,1.616312942155639e-05,1.03125,0.0,2.0,medium|hard|easy
test,0,3,195,32,0.533165510991239,103.99391572999593,409.56867872099974,0.13814404606819153,0.9444444444444444,0.9375,0.9375,0.9372549019607843,1.6154806491885144e-05,1.0625,0.0,2.0,medium|easy|hard
test,0,3,196,32,0.5321446819871198,104.52656226500403,410.1013252539997,0.08849509805440903,0.9615384615384616,0.96875,0.975,0.9671794871794872,1.6146483562213903e-05,0.96875,0.0,2.0,easy|medium|hard
test,0,3,197,32,0.5319991230062442,105.05910259499797,410.63386556500336,0.2476578950881958,0.8888888888888888,0.875,0.8888888888888888,0.875,1.6138160632542658e-05,1.0625,0.0,2.0,hard|easy|medium
test,0,3,198,32,0.5329951829917263,105.59268634399632,411.16744935000315,0.14499220252037048,0.903921568627451,0.90625,0.9087301587301587,0.9054187192118226,1.6129837702871413e-05,1.3125,0.0,2.0,easy|hard|medium
test,0,3,199,32,0.5313426880020415,106.1245619669935,411.6993251370004,0.1465820074081421,0.9375,0.9375,0.9375,0.9375,1.6121514773200168e-05,1.15625,0.0,2.0,hard|medium|easy
test,0,3,200,32,0.5308845340041444,106.65596670599189,412.2307296110084,0.11972703784704208,0.9761904761904762,0.96875,0.9583333333333333,0.9660657476139979,1.6113191843528923e-05,1.21875,0.0,2.0,easy|hard|medium
test,0,3,201,32,0.53258972200274,107.18908992299112,412.76385292000487,0.13599570095539093,0.9411764705882353,0.9375,0.9411764705882353,0.9375,1.610486891385768e-05,1.1875,0.0,2.0,medium|easy|hard
test,0,3,202,32,0.5319906960066874,107.72163561200432,413.2963986120012,0.08506374061107635,0.9736842105263157,0.96875,0.9642857142857143,0.967967967967968,1.6096545984186437e-05,0.96875,0.0,2.0,hard|easy|medium
test,0,3,203,32,0.5317607699980726,108.25396699199337,413.82872998400126,0.06109921634197235,0.96875,0.96875,0.9705882352941176,0.9687194525904204,1.6088223054515192e-05,0.90625,0.0,2.0,hard|easy|medium
test,0,3,204,32,0.5325013170077,108.787027133003,414.3617901210091,0.1185314804315567,0.9545454545454546,0.9375,0.9166666666666667,0.9307359307359306,1.6079900124843947e-05,0.78125,0.0,2.0,medium|easy|hard
test,0,3,205,32,0.5322882979962742,109.3197683049948,414.8945312950091,0.11362193524837494,0.9722222222222222,0.96875,0.9666666666666667,0.9684729064039409,1.6071577195172702e-05,1.03125,0.0,2.0,easy|medium|hard
test,0,3,206,32,0.5316182960086735,109.85191594000207,415.42667892000463,0.08476390689611435,0.9642857142857143,0.96875,0.9736842105263157,0.967967967967968,1.6063254265501457e-05,1.0625,0.0,2.0,easy|hard|medium
test,0,3,207,32,0.5326460119977128,110.38511458800349,415.9598775850027,0.14876937866210938,0.903921568627451,0.90625,0.9087301587301587,0.9054187192118226,1.6054931335830213e-05,1.125,0.0,2.0,medium|hard|easy
test,0,3,208,32,0.531776550997165,110.91746606299421,416.4922290609975,0.1253540962934494,0.9642857142857143,0.96875,0.9736842105263157,0.967967967967968,1.604660840615897e-05,0.84375,0.0,2.0,medium|easy|hard
test,0,3,209,32,0.5319576670008246,111.44996198899753,417.0247249439999,0.32298699021339417,0.9089068825910931,0.90625,0.9007936507936507,0.9039039039039038,1.6038285476487726e-05,1.15625,0.0,2.0,medium|easy|hard
test,0,3,210,32,0.532719670998631,111.98325681999268,417.5580197980016,0.24427059292793274,0.9087301587301587,0.90625,0.903921568627451,0.9054187192118226,1.602996254681648e-05,0.90625,0.0,2.0,medium|hard|easy
test,0,3,211,32,0.5319775289972313,112.51582826700178,418.0905913809984,0.41297316551208496,0.8531746031746033,0.84375,0.8490196078431372,0.8435972629521017,1.6021639617145237e-05,1.28125,0.0,2.0,easy|hard|medium
test,0,3,212,32,0.5317614399973536,113.04819314899214,418.6229561220098,0.2134738266468048,0.9372549019607843,0.9375,0.9372549019607843,0.9372549019607843,1.6013316687473992e-05,1.15625,0.0,2.0,medium|hard|easy
test,0,3,213,32,0.5329363880009623,113.58166945399716,419.15643235300377,0.11858990043401718,0.9307359307359306,0.9375,0.9307359307359306,0.9307359307359306,1.6004993757802747e-05,0.84375,0.0,2.0,hard|medium|easy
test,0,3,214,32,0.5312893599912059,114.11349103499379,419.68825402800576,0.21754220128059387,0.9375,0.9375,0.9375,0.9375,1.5996670828131505e-05,1.25,0.0,2.0,hard|easy|medium
test,0,3,215,32,0.5330227139929775,114.64702008299355,420.22178308700677,0.4320186972618103,0.8531746031746033,0.84375,0.8490196078431372,0.8435972629521017,1.598834789846026e-05,1.25,0.0,2.0,hard|easy|medium
test,0,3,216,32,0.5332035440078471,115.18090060599206,420.75566357700154,0.11130695044994354,0.9666666666666667,0.96875,0.9722222222222222,0.9684729064039409,1.5980024968789016e-05,0.8125,0.0,2.0,easy|medium|hard
test,0,3,217,32,0.5316644859994994,115.71313994699449,421.2879029379983,0.22085757553577423,0.8967611336032388,0.90625,0.9083333333333333,0.9015384615384616,1.597170203911777e-05,1.125,0.0,2.0,easy|hard|medium
test,0,3,218,32,0.5316893790004542,116.24541463099013,421.8201776120113,0.18562909960746765,0.903921568627451,0.90625,0.9087301587301587,0.9054187192118226,1.5963379109446526e-05,0.96875,0.0,2.0,medium|easy|hard
test,0,3,219,32,0.5325969319965225,116.77864369399322,422.3534065999993,0.2781160771846771,0.9007936507936507,0.90625,0.9089068825910931,0.9039039039039038,1.595505617977528e-05,1.125,0.0,2.0,hard|easy|medium
test,0,3,220,32,0.5320626239990816,117.31123925899738,422.88600220999797,0.15346962213516235,0.9372549019607843,0.9375,0.9372549019607843,0.9372549019607843,1.594673325010404e-05,1.0,0.0,2.0,easy|medium|hard
test,0,3,221,32,0.531729077003547,117.84354164499382,423.41830462400685,0.10226409137248993,0.9166666666666667,0.9375,0.9545454545454546,0.9307359307359306,1.5938410320432795e-05,0.9375,0.0,2.0,easy|hard|medium
test,0,3,222,32,0.5325930119870463,118.37670092500048,423.9514639550034,0.17923951148986816,0.9087301587301587,0.90625,0.903921568627451,0.9054187192118226,1.593008739076155e-05,0.75,0.0,2.0,easy|medium|hard
test,0,3,223,32,0.5322206679993542,118.9094967419951,424.484259734003,0.17552894353866577,0.9375,0.9375,0.9444444444444444,0.9372549019607843,1.5921764461090305e-05,1.25,0.0,2.0,easy|hard|medium
test,0,3,224,32,0.5312614169961307,119.44131356199796,425.016076608008,0.16015875339508057,0.9210526315789473,0.90625,0.90625,0.9054187192118226,1.591344153141906e-05,0.875,0.0,2.0,hard|medium|easy
test,0,3,225,32,0.5319751310016727,119.97388714300178,425.54865013500967,0.3636719286441803,0.84375,0.84375,0.8450980392156863,0.8435972629521017,1.590511860174782e-05,1.03125,0.0,2.0,hard|easy|medium
test,0,3,226,32,0.5320552320044953,120.50649006999447,426.0812530510011,0.3062881529331207,0.8441295546558705,0.84375,0.8373015873015872,0.8398398398398399,1.5896795672076574e-05,1.125,0.0,2.0,easy|hard|medium
test,0,3,227,32,0.5309987130021909,121.03807325199887,426.61283624400676,0.12519121170043945,1.0,1.0,1.0,1.0,1.588847274240533e-05,0.9375,0.0,2.0,easy|hard|medium
test,0,3,228,32,0.5327656399895204,121.57140896299097,427.1461719650106,0.05887854844331741,1.0,1.0,1.0,1.0,1.5880149812734084e-05,0.78125,0.0,2.0,medium|easy|hard
test,0,3,229,32,0.5324637110024923,122.10445029799303,427.6792132499977,0.3011435866355896,0.875,0.875,0.8809523809523809,0.8745098039215686,1.587182688306284e-05,0.84375,0.0,2.0,easy|hard|medium
test,0,3,230,32,0.5314578730030917,122.63646722999692,428.2112301980087,0.32108649611473083,0.8888888888888888,0.875,0.8888888888888888,0.875,1.5863503953391594e-05,0.78125,0.0,2.0,hard|easy|medium
test,0,3,231,32,0.5325078860041685,123.16949399799341,428.7442569880077,0.10927324742078781,0.9565217391304348,0.9375,0.9090909090909092,0.9272727272727272,1.5855181023720353e-05,0.8125,0.0,2.0,medium|hard|easy
test,0,3,232,32,0.5323201759892981,123.70232253299037,429.2770855179988,0.1416562795639038,0.9761904761904762,0.96875,0.9583333333333333,0.9660657476139979,1.5846858094049108e-05,0.9375,0.0,2.0,medium|easy|hard
test,0,3,233,32,0.5314147580065764,124.23424096699455,429.80900397100777,0.10412539541721344,0.9705882352941176,0.96875,0.96875,0.9687194525904204,1.5838535164377863e-05,1.1875,0.0,2.0,easy|hard|medium
test,0,3,234,32,0.5337087789957877,124.76841045499896,430.34317345599993,0.2093365639448166,0.9333333333333333,0.9375,0.9473684210526316,0.9365079365079365,1.583021223470662e-05,0.9375,0.0,2.0,easy|medium|hard
test,0,3,235,32,0.5326654609962134,125.30156231299043,430.8763253049983,0.07728360593318939,0.9722222222222222,0.96875,0.9666666666666667,0.9684729064039409,1.5821889305035374e-05,0.9375,0.0,2.0,medium|hard|easy
test,0,3,236,32,0.5313422229955904,125.83338364599331,431.40814655100985,0.10539714992046356,0.9782608695652174,0.96875,0.95,0.9625730994152046,1.581356637536413e-05,1.15625,0.0,2.0,hard|easy|medium
test,0,3,237,32,0.5329070379957557,126.36691831999633,431.94168123501004,0.10997545719146729,0.9736842105263157,0.96875,0.9642857142857143,0.967967967967968,1.5805243445692887e-05,0.9375,0.0,2.0,easy|medium|hard
test,0,3,238,32,0.5325752930075396,126.90000655100448,432.4747695650003,0.15414202213287354,0.96875,0.96875,0.9705882352941176,0.9687194525904204,1.5796920516021642e-05,0.75,0.0,2.0,easy|medium|hard
test,0,3,239,32,0.5320223669987172,127.43258517699724,433.00734816200566,0.23370152711868286,0.9444444444444444,0.9375,0.9375,0.9372549019607843,1.5788597586350397e-05,1.0625,0.0,2.0,easy|hard|medium
test,0,3,240,32,0.5330054359947098,127.96618103899527,433.5409440000076,0.11720658838748932,0.9642857142857143,0.96875,0.9736842105263157,0.967967967967968,1.5780274656679153e-05,1.0,0.0,2.0,hard|medium|easy
test,0,3,241,32,0.5319339879933977,128.4987343279936,434.07349729401176,0.18096214532852173,0.907843137254902,0.90625,0.90625,0.906158357771261,1.5771951727007908e-05,0.8125,0.0,2.0,medium|easy|hard
test,0,3,242,32,0.5309627929964336,129.03027889400255,434.60504188601044,0.24607215821743011,0.9372549019607843,0.9375,0.9372549019607843,0.9372549019607843,1.5763628797336663e-05,1.09375,0.0,2.0,easy|hard|medium
test,0,3,243,32,0.5330786090053152,129.56393692299025,435.13869984500343,0.16306258738040924,0.9352226720647774,0.9375,0.9352226720647774,0.9352226720647774,1.575530586766542e-05,1.15625,0.0,2.0,medium|easy|hard
test,0,3,244,32,0.5320603180007311,130.09657011200034,435.6713332720101,0.06707310676574707,0.9705882352941176,0.96875,0.96875,0.9687194525904204,1.5746982937994177e-05,0.9375,0.0,2.0,medium|easy|hard
test,0,3,245,32,0.530718006004463,130.62783757600118,436.20260057100677,0.2609947919845581,0.8666666666666667,0.875,0.8666666666666667,0.8666666666666667,1.573866000832293e-05,0.875,0.0,2.0,easy|hard|medium
test,0,3,246,32,0.5327618269948289,131.16114604899485,436.7359090480022,0.11560436338186264,0.9736842105263157,0.96875,0.9642857142857143,0.967967967967968,1.5730337078651687e-05,0.84375,0.0,2.0,medium|easy|hard
test,0,3,247,32,0.5324602360051358,131.69409990900022,437.2688628390024,0.041257452219724655,1.0,1.0,1.0,1.0,1.5722014148980442e-05,1.15625,0.0,2.0,hard|easy|medium
test,0,3,248,32,0.5317281650059158,132.22635586299293,437.80111877500894,0.28832733631134033,0.9087301587301587,0.90625,0.903921568627451,0.9054187192118226,1.5713691219309197e-05,1.0625,0.0,2.0,easy|medium|hard
test,0,3,249,32,0.5327841729886131,132.7595985569933,438.3343614680052,0.21031227707862854,0.90625,0.90625,0.9210526315789473,0.9054187192118226,1.5705368289637956e-05,1.0,0.0,2.0,easy|medium|hard
test,0,3,250,32,0.5322507160017267,133.2924064109975,438.8671694119985,0.033499788492918015,1.0,1.0,1.0,1.0,1.569704535996671e-05,0.84375,0.0,2.0,hard|medium|easy
test,0,3,251,32,0.5318788620061241,133.8248949379922,439.3996579290106,0.12901422381401062,0.96875,0.96875,0.9705882352941176,0.9687194525904204,1.5688722430295466e-05,0.96875,0.0,2.0,hard|easy|medium
test,0,3,252,32,0.5328604149981402,134.35833874499076,439.9331017030054,0.1795736700296402,0.9705882352941176,0.96875,0.96875,0.9687194525904204,1.568039950062422e-05,0.8125,0.0,2.0,medium|easy|hard
test,0,3,253,32,0.5322629169968423,134.89106564199028,440.46582895300526,0.04524746537208557,0.9761904761904762,0.96875,0.9583333333333333,0.9660657476139979,1.5672076570952976e-05,0.84375,0.0,2.0,hard|easy|medium
test,0,3,254,32,0.5320068250002805,135.42360977600038,440.99837274900347,0.25955381989479065,0.9333333333333333,0.9375,0.9473684210526316,0.9365079365079365,1.566375364128173e-05,1.25,0.0,2.0,hard|easy|medium
test,0,3,255,32,0.5326243150047958,135.95679467599257,441.5315575830027,0.17121945321559906,0.8967611336032388,0.90625,0.9083333333333333,0.9015384615384616,1.565543071161049e-05,0.96875,0.0,2.0,medium|hard|easy
test,0,3,256,32,0.5324035480007296,136.48973440399277,442.06449739899836,0.21459107100963593,0.95,0.9375,0.9285714285714286,0.9352226720647774,1.5647107781939245e-05,0.71875,0.0,2.0,easy|medium|hard
test,0,3,257,32,0.5325704949937062,137.02292691299226,442.59768987700227,0.030547969043254852,1.0,1.0,1.0,1.0,1.5638784852268e-05,1.03125,0.0,2.0,hard|easy|medium
test,0,3,258,32,0.5331660019874107,137.55664828899899,443.13141119699867,0.047239676117897034,0.9736842105263157,0.96875,0.9642857142857143,0.967967967967968,1.5630461922596755e-05,0.96875,0.0,2.0,easy|medium|hard
test,0,3,259,32,0.5323173290089471,138.08950525800174,443.6642682630045,0.07857321947813034,1.0,1.0,1.0,1.0,1.562213899292551e-05,0.875,0.0,2.0,easy|medium|hard
test,0,3,260,32,0.5322672170004807,138.6223309479974,444.1970939190069,0.25020545721054077,0.875,0.875,0.8809523809523809,0.8745098039215686,1.5613816063254266e-05,0.75,0.0,2.0,easy|medium|hard
test,0,3,261,32,0.5330052589997649,139.15594905099715,444.7307120100013,0.11433549225330353,0.9666666666666667,0.96875,0.9722222222222222,0.9684729064039409,1.5605493133583024e-05,0.875,0.0,2.0,medium|hard|easy
test,0,3,262,32,0.5323178170074243,139.6887929099903,445.26355586400314,0.1684916764497757,0.8704453441295547,0.875,0.8704453441295547,0.8704453441295547,1.559717020391178e-05,1.09375,0.0,2.0,medium|hard|easy
test,0,3,263,32,0.5324578610016033,140.2221108550002,445.7968738500058,0.020257119089365005,1.0,1.0,1.0,1.0,1.5588847274240534e-05,1.21875,0.0,2.0,hard|easy|medium
test,0,3,264,32,0.5326353130076313,140.75525998299418,446.33002289199794,0.41111814975738525,0.873015873015873,0.875,0.873015873015873,0.873015873015873,1.558052434456929e-05,0.78125,0.0,2.0,easy|medium|hard
test,0,3,265,32,0.5320829109987244,141.2877972330025,446.86256019800203,0.08283635228872299,0.9642857142857143,0.96875,0.9736842105263157,0.967967967967968,1.5572201414898045e-05,1.1875,0.0,2.0,hard|easy|medium
test,0,3,266,32,0.5314805620000698,141.81976834399393,447.3945313360018,0.3403216004371643,0.903921568627451,0.90625,0.9087301587301587,0.9054187192118226,1.5563878485226803e-05,1.0625,0.0,2.0,easy|medium|hard
test,0,3,267,17,0.32049239600019064,142.14070592999633,447.7154689290037,0.12813517451286316,0.9375,0.9411764705882353,0.95,0.9403508771929825,1.555555555555556e-05,1.3529411554336548,0.0,2.0,hard|easy|medium
test,0,4,1,32,0.5348897990043042,0.6196740099985618,458.88595023800735,0.027302412316203117,1.0,1.0,1.0,1.0,1.5547232625884313e-05,1.09375,0.0,2.0,medium|easy|hard
test,0,4,2,32,0.5325526369997533,1.1529330759949517,459.41920597200806,0.04038741812109947,1.0,1.0,1.0,1.0,1.553890969621307e-05,1.03125,0.0,2.0,medium|easy|hard
test,0,4,3,32,0.5333215790014947,1.6868165049963864,459.9530894510099,0.3491964042186737,0.907843137254902,0.90625,0.90625,0.906158357771261,1.5530586766541824e-05,0.875,0.0,2.0,medium|hard|easy
test,0,4,4,32,0.532084937003674,2.219431862991769,460.4857047480036,0.2343870997428894,0.907843137254902,0.90625,0.90625,0.906158357771261,1.552226383687058e-05,0.90625,0.0,2.0,medium|hard|easy
test,0,4,5,32,0.5336124490131624,2.7535846889950335,461.01985759100353,0.1949574500322342,0.9411764705882353,0.9375,0.9411764705882353,0.9375,1.5513940907199337e-05,1.0,0.0,2.0,hard|medium|easy
test,0,4,6,32,0.5328546809905674,3.286986517996411,461.5532594469987,0.028979972004890442,1.0,1.0,1.0,1.0,1.5505617977528093e-05,1.03125,0.0,2.0,easy|hard|medium
test,0,4,7,32,0.532246775997919,3.819801958001335,462.0860748319974,0.10222987830638885,0.9642857142857143,0.96875,0.9736842105263157,0.967967967967968,1.5497295047856848e-05,1.03125,0.0,2.0,easy|medium|hard
test,0,4,8,32,0.5327938119880855,4.353200974990614,462.619473853003,0.07328954339027405,0.9722222222222222,0.96875,0.9666666666666667,0.9684729064039409,1.5488972118185603e-05,1.0,0.0,2.0,medium|hard|easy
test,0,4,9,32,0.5334005219920073,4.88718740499462,463.15346030300134,0.013866668567061424,1.0,1.0,1.0,1.0,1.5480649188514358e-05,0.96875,0.0,2.0,easy|medium|hard
test,0,4,10,32,0.5323463780077873,5.420089150997228,463.6863620390068,0.1476328819990158,0.9352226720647774,0.9375,0.9352226720647774,0.9352226720647774,1.5472326258843113e-05,1.03125,0.0,2.0,medium|hard|easy
test,0,4,11,32,0.5334660799999256,5.954073027998675,464.22034625400556,0.17810872197151184,0.907843137254902,0.90625,0.90625,0.906158357771261,1.546400332917187e-05,0.8125,0.0,2.0,medium|easy|hard
test,0,4,12,32,0.5324733120069141,6.487092434996157,464.7533653060091,0.011262106709182262,1.0,1.0,1.0,1.0,1.5455680399500627e-05,1.09375,0.0,2.0,medium|hard|easy
test,0,4,13,32,0.5324363059917232,7.020067509001819,465.2863404050004,0.11574998497962952,0.9705882352941176,0.96875,0.96875,0.9687194525904204,1.5447357469829382e-05,1.15625,0.0,2.0,medium|easy|hard
test,0,4,14,32,0.532846479996806,7.553491883998504,465.8197647659981,0.060032933950424194,0.9736842105263157,0.96875,0.9642857142857143,0.967967967967968,1.5439034540158137e-05,1.1875,0.0,2.0,hard|easy|medium
test,0,4,15,32,0.5329661900032079,8.087037409990444,466.35331037700234,0.1614208221435547,0.9642857142857143,0.96875,0.9736842105263157,0.967967967967968,1.5430711610486892e-05,0.78125,0.0,2.0,medium|easy|hard
test,0,4,16,32,0.5319407410133863,8.61952741999994,466.88580044099945,0.12906554341316223,0.96875,0.96875,0.9705882352941176,0.9687194525904204,1.5422388680815647e-05,1.15625,0.0,2.0,medium|hard|easy
test,0,4,17,32,0.5332716999982949,9.153401390998624,467.41967440101143,0.14370448887348175,0.9722222222222222,0.96875,0.9666666666666667,0.9684729064039409,1.5414065751144406e-05,0.9375,0.0,2.0,hard|medium|easy
test,0,4,18,32,0.5329096060013399,9.6868704459921,467.9531433270022,0.12437191605567932,0.9736842105263157,0.96875,0.9642857142857143,0.967967967967968,1.540574282147316e-05,0.90625,0.0,2.0,medium|easy|hard
test,0,4,19,32,0.5318384130077902,10.219314866000786,468.4855877509981,0.10560308396816254,0.9372549019607843,0.9375,0.9372549019607843,0.9372549019607843,1.5397419891801916e-05,1.0,0.0,2.0,hard|easy|medium
test,0,4,20,32,0.5328233859909233,10.752696163996006,469.0189690450061,0.014493847265839577,1.0,1.0,1.0,1.0,1.538909696213067e-05,0.9375,0.0,2.0,medium|easy|hard
test,0,4,21,32,0.5329711659869645,11.286292486998718,469.55256536100933,0.1845792531967163,0.9642857142857143,0.96875,0.9736842105263157,0.967967967967968,1.5380774032459426e-05,0.84375,0.0,2.0,easy|medium|hard
test,0,4,22,32,0.5315400610124925,11.818368478998309,470.0846414240077,0.04046730324625969,0.975,0.96875,0.9615384615384616,0.9671794871794872,1.537245110278818e-05,0.96875,0.0,2.0,medium|hard|easy
test,0,4,23,32,0.533290303996182,12.352208284995868,470.6184812950087,0.024777593091130257,1.0,1.0,1.0,1.0,1.536412817311694e-05,0.84375,0.0,2.0,medium|hard|easy
test,0,4,24,32,0.5328457209980115,12.88558478699997,471.15185779400053,0.0966036319732666,0.9615384615384616,0.96875,0.975,0.9671794871794872,1.5355805243445695e-05,1.03125,0.0,2.0,hard|easy|medium
test,0,4,25,32,0.5321636949956883,13.418248375994153,471.6845213120105,0.023420024663209915,1.0,1.0,1.0,1.0,1.534748231377445e-05,1.125,0.0,2.0,easy|hard|medium
test,0,4,26,32,0.5328645949921338,13.951639355000225,472.2179123030073,0.16681301593780518,0.96875,0.96875,0.9705882352941176,0.9687194525904204,1.5339159384103206e-05,1.09375,0.0,2.0,medium|hard|easy
test,0,4,27,32,0.5327459570107749,14.484954486993956,472.7512274830078,0.07001090794801712,0.9705882352941176,0.96875,0.96875,0.9687194525904204,1.533083645443196e-05,1.0625,0.0,2.0,easy|medium|hard
test,0,4,28,32,0.5317108890012605,15.017237036998267,473.2835099470103,0.04902593791484833,0.9705882352941176,0.96875,0.96875,0.9687194525904204,1.5322513524760716e-05,1.25,0.0,2.0,hard|easy|medium
test,0,4,29,32,0.5333534689998487,15.5511593179981,473.81743223300145,0.377104789018631,0.9372549019607843,0.9375,0.9372549019607843,0.9372549019607843,1.5314190595089474e-05,0.9375,0.0,2.0,medium|easy|hard
test,0,4,30,32,0.5323745549976593,16.084086518996628,474.35035945700656,0.038191959261894226,1.0,1.0,1.0,1.0,1.530586766541823e-05,0.78125,0.0,2.0,hard|easy|medium
test,0,4,31,32,0.5324468529870501,16.617094079003436,474.8833669779997,0.2792287766933441,0.9411764705882353,0.9375,0.9411764705882353,0.9375,1.5297544735746985e-05,0.875,0.0,2.0,medium|easy|hard
test,0,4,32,32,0.5327933820080943,17.15040354899247,475.4166765359987,0.11878199875354767,0.9615384615384616,0.96875,0.975,0.9671794871794872,1.528922180607574e-05,0.96875,0.0,2.0,medium|hard|easy
test,0,4,33,32,0.5333865469874581,17.684318368992535,475.9505914449983,0.28439271450042725,0.8947368421052632,0.875,0.8823529411764706,0.8745098039215686,1.5280898876404495e-05,1.1875,0.0,2.0,hard|medium|easy
test,0,4,34,32,0.5316910160036059,18.21653628499189,476.4828092530079,0.21881569921970367,0.9352226720647774,0.9375,0.9352226720647774,0.9352226720647774,1.5272575946733253e-05,0.96875,0.0,2.0,hard|medium|easy
test,0,4,35,32,0.5331798730039736,18.750348763991497,477.01662174399826,0.14450351893901825,0.9761904761904762,0.96875,0.9583333333333333,0.9660657476139979,1.526425301706201e-05,0.8125,0.0,2.0,medium|hard|easy
test,0,4,36,32,0.532529007003177,19.283419111990952,477.5496920410078,0.07329114526510239,0.9375,0.9375,0.9444444444444444,0.9372549019607843,1.5255930087390762e-05,1.09375,0.0,2.0,easy|medium|hard
test,0,4,37,32,0.5320689820073312,19.816000503997202,478.0822734270041,0.06812302768230438,0.9666666666666667,0.96875,0.9722222222222222,0.9684729064039409,1.5247607157719519e-05,1.0625,0.0,2.0,medium|easy|hard
test,0,4,38,32,0.5326531769969733,20.34923326400167,478.6155062070029,0.1096716821193695,0.95,0.9375,0.9285714285714286,0.9352226720647774,1.5239284228048274e-05,0.875,0.0,2.0,hard|easy|medium
test,0,4,39,32,0.5326823310024338,20.882430504992954,479.148703482002,0.01198955625295639,1.0,1.0,1.0,1.0,1.5230961298377029e-05,1.0625,0.0,2.0,hard|easy|medium
test,0,4,40,32,0.5317093819903675,21.41470463600126,479.6809775069996,0.34776026010513306,0.907843137254902,0.90625,0.90625,0.906158357771261,1.5222638368705786e-05,0.8125,0.0,2.0,easy|hard|medium
test,0,4,41,32,0.5328292010090081,21.948074403990177,480.21434735400544,0.04436464607715607,0.9705882352941176,0.96875,0.96875,0.9687194525904204,1.5214315439034541e-05,1.09375,0.0,2.0,medium|easy|hard
test,0,4,42,32,0.5330921430140734,22.481729851002456,480.7480027929996,0.10051462799310684,0.95,0.9375,0.9285714285714286,0.9352226720647774,1.5205992509363296e-05,1.40625,0.0,2.0,easy|medium|hard
test,0,4,43,32,0.532401161006419,23.014734315991518,481.28100727200217,0.0725211650133133,0.9615384615384616,0.96875,0.975,0.9671794871794872,1.5197669579692053e-05,1.25,0.0,2.0,easy|medium|hard
test,0,4,44,32,0.5328615530015668,23.54821223199542,481.8144852330006,0.1844177097082138,0.9365079365079365,0.9375,0.9365079365079365,0.9365079365079365,1.5189346650020808e-05,1.15625,0.0,2.0,medium|hard|easy
test,0,4,45,32,0.532585613997071,24.081382933989516,482.3476558780094,0.014266131445765495,1.0,1.0,1.0,1.0,1.5181023720349563e-05,0.75,0.0,2.0,medium|hard|easy
test,0,4,46,32,0.5318506330077071,24.61377547099255,482.8800484670064,0.3473013937473297,0.8704453441295547,0.875,0.8704453441295547,0.8704453441295547,1.517270079067832e-05,1.0625,0.0,2.0,hard|easy|medium
test,0,4,47,32,0.5330619129963452,25.147418177992222,483.413691173002,0.09374018758535385,0.96875,0.96875,0.9705882352941176,0.9687194525904204,1.5164377861007075e-05,1.3125,0.0,2.0,hard|medium|easy
test,0,4,48,32,0.5331064149941085,25.681108787000994,483.9473817570106,0.17387880384922028,0.9761904761904762,0.96875,0.9583333333333333,0.9660657476139979,1.515605493133583e-05,1.03125,0.0,2.0,medium|easy|hard
test,0,4,49,32,0.5318427980091656,26.213502746002632,484.47977573600656,0.09933464974164963,0.9736842105263157,0.96875,0.9642857142857143,0.967967967967968,1.5147732001664587e-05,0.8125,0.0,2.0,easy|hard|medium
test,0,4,50,32,0.5325581490033073,26.746654513990507,485.01292740499775,0.12588416039943695,0.907843137254902,0.90625,0.90625,0.906158357771261,1.5139409071993342e-05,1.28125,0.0,2.0,medium|hard|easy
test,0,4,51,32,0.5340431039949181,27.28119735699147,485.54747042599774,0.017305318266153336,1.0,1.0,1.0,1.0,1.5131086142322098e-05,1.21875,0.0,2.0,hard|medium|easy
test,0,4,52,32,0.5316839550068835,27.813443118997384,486.0797160410002,0.047999307513237,0.9545454545454546,0.96875,0.9772727272727273,0.964562569213732,1.5122763212650854e-05,1.15625,0.0,2.0,medium|hard|easy
test,0,4,53,32,0.5326848109980347,28.346749307995196,486.61302226100815,0.20770743489265442,0.8967611336032388,0.90625,0.9083333333333333,0.9015384615384616,1.511444028297961e-05,1.0,0.0,2.0,medium|hard|easy
test,0,4,54,32,0.5326458570052637,28.879958666002494,487.14623156300513,0.011647570878267288,1.0,1.0,1.0,1.0,1.5106117353308365e-05,1.0625,0.0,2.0,medium|easy|hard
test,0,4,55,32,0.532218930995441,29.412662030998035,487.67893497600744,0.16889315843582153,0.9210526315789473,0.90625,0.90625,0.9054187192118226,1.5097794423637122e-05,1.125,0.0,2.0,medium|easy|hard
test,0,4,56,32,0.5327554929972393,29.94596797900158,488.21224098899984,0.07580722123384476,1.0,1.0,1.0,1.0,1.5089471493965877e-05,1.1875,0.0,2.0,medium|hard|easy
test,0,4,57,32,0.5331180159992073,30.479678044997854,488.74595106100605,0.016734056174755096,1.0,1.0,1.0,1.0,1.5081148564294632e-05,1.0625,0.0,2.0,medium|hard|easy
test,0,4,58,32,0.5320724460034398,31.012270721999812,489.27854368100816,0.39180564880371094,0.903921568627451,0.90625,0.9087301587301587,0.9054187192118226,1.5072825634623389e-05,1.03125,0.0,2.0,easy|hard|medium
test,0,4,59,32,0.5329514769982779,31.545725568998023,489.81199858100445,0.20833560824394226,0.90625,0.90625,0.907843137254902,0.906158357771261,1.5064502704952144e-05,0.90625,0.0,2.0,easy|hard|medium
test,0,4,60,32,0.532728002013755,32.07897829198919,490.3452511869982,0.08009935915470123,0.9722222222222222,0.96875,0.9666666666666667,0.9684729064039409,1.5056179775280899e-05,1.1875,0.0,2.0,easy|hard|medium
test,0,4,61,32,0.532260210995446,32.61174044899235,490.8780133550026,0.06300567090511322,0.9722222222222222,0.96875,0.9666666666666667,0.9684729064039409,1.5047856845609656e-05,0.75,0.0,2.0,medium|easy|hard
test,0,4,62,32,0.5328571749996627,33.14517267799238,491.4114455740055,0.41833043098449707,0.9089068825910931,0.90625,0.9007936507936507,0.9039039039039038,1.5039533915938411e-05,1.0,0.0,2.0,medium|easy|hard
test,0,4,63,32,0.5326756709982874,33.67842349500279,491.94469645600475,0.1714082658290863,0.9375,0.9375,0.9375,0.9375,1.5031210986267166e-05,0.78125,0.0,2.0,easy|hard|medium
test,0,4,64,32,0.5318301429942949,34.21081979900191,492.47709274000954,0.13708803057670593,0.9666666666666667,0.96875,0.9722222222222222,0.9684729064039409,1.5022888056595923e-05,1.1875,0.0,2.0,medium|hard|easy
test,0,4,65,32,0.5331700019887649,34.744558752994635,493.01083170100173,0.016980690881609917,1.0,1.0,1.0,1.0,1.5014565126924678e-05,1.03125,0.0,2.0,hard|easy|medium
test,0,4,66,32,0.5332995989883784,35.27845840300142,493.54473136200977,0.13537155091762543,0.9372549019607843,0.9375,0.9372549019607843,0.9372549019607843,1.5006242197253433e-05,1.03125,0.0,2.0,hard|medium|easy
test,0,4,67,32,0.5320265969930915,35.810967586992774,494.0772404800082,0.18927666544914246,0.96875,0.96875,0.9705882352941176,0.9687194525904204,1.499791926758219e-05,1.15625,0.0,2.0,hard|easy|medium
test,0,4,68,32,0.5329962559917476,36.344550583991804,494.61082347200136,0.09923320263624191,0.9705882352941176,0.96875,0.96875,0.9687194525904204,1.4989596337910945e-05,1.09375,0.0,2.0,medium|easy|hard
test,0,4,69,32,0.5327087309997296,36.87786451399734,495.1441375459981,0.03507556766271591,0.9722222222222222,0.96875,0.9666666666666667,0.9684729064039409,1.4981273408239702e-05,1.125,0.0,2.0,easy|hard|medium
test,0,4,70,32,0.5319775899988599,37.41049241399742,495.67676532400947,0.03651474788784981,1.0,1.0,1.0,1.0,1.4972950478568457e-05,0.96875,0.0,2.0,medium|easy|hard
test,0,4,71,32,0.5328322459972696,37.94382133799081,496.2100945310085,0.06229115277528763,0.975,0.96875,0.9615384615384616,0.9671794871794872,1.4964627548897212e-05,1.15625,0.0,2.0,medium|hard|easy
test,0,4,72,32,0.5330442720005522,38.4774184699927,496.74369174400636,0.03337755426764488,1.0,1.0,1.0,1.0,1.4956304619225969e-05,0.8125,0.0,2.0,hard|medium|easy
test,0,4,73,32,0.5320976210059598,39.01004587399075,497.2763188070094,0.3184047043323517,0.9089068825910931,0.90625,0.9007936507936507,0.9039039039039038,1.4947981689554724e-05,1.09375,0.0,2.0,easy|medium|hard
test,0,4,74,32,0.5329426520038396,39.543479614003445,497.80975256100646,0.07760341465473175,0.9666666666666667,0.96875,0.9722222222222222,0.9684729064039409,1.493965875988348e-05,0.9375,0.0,2.0,hard|medium|easy
test,0,4,75,32,0.5326658410049276,40.07668482999725,498.3429577220086,0.09031064808368683,0.9615384615384616,0.96875,0.975,0.9671794871794872,1.4931335830212236e-05,0.9375,0.0,2.0,hard|medium|easy
test,0,4,76,32,0.5321049619960831,40.60931293599424,498.8755858759978,0.161258727312088,0.9411764705882353,0.9375,0.9411764705882353,0.9375,1.4923012900540991e-05,0.8125,0.0,2.0,easy|medium|hard
test,0,4,77,32,0.5327154580008937,41.14247651500045,499.4087494080013,0.01418767124414444,1.0,1.0,1.0,1.0,1.4914689970869746e-05,0.8125,0.0,2.0,medium|hard|easy
test,0,4,78,32,0.5330911540077068,41.67609972099308,499.942372636011,0.15635286271572113,0.9772727272727273,0.96875,0.9545454545454546,0.964562569213732,1.4906367041198503e-05,1.15625,0.0,2.0,hard|easy|medium
test,0,4,79,32,0.5319118030020036,42.208573498995975,500.47484640999755,0.15193669497966766,0.9722222222222222,0.96875,0.9666666666666667,0.9684729064039409,1.4898044111527258e-05,0.9375,0.0,2.0,hard|medium|easy
test,0,4,80,32,0.5322672159963986,42.74142601899803,501.00769896300335,0.009159203618764877,1.0,1.0,1.0,1.0,1.4889721181856014e-05,0.96875,0.0,2.0,medium|easy|hard
test,0,4,81,32,0.5329187460010871,43.27490870100155,501.5411815960106,0.008877790533006191,1.0,1.0,1.0,1.0,1.488139825218477e-05,0.96875,0.0,2.0,hard|medium|easy
test,0,4,82,32,0.5319059570028912,43.8073496040015,502.07362249700236,0.18866729736328125,0.96875,0.96875,0.9705882352941176,0.9687194525904204,1.4873075322513526e-05,0.78125,0.0,2.0,easy|medium|hard
test,0,4,83,32,0.5328062339976896,44.340717660001246,502.6069906019984,0.06665320694446564,0.9583333333333333,0.96875,0.9761904761904762,0.9660657476139979,1.486475239284228e-05,1.15625,0.0,2.0,hard|medium|easy
test,0,4,84,32,0.5323083950061118,44.873609186994145,503.1398820940085,0.42929524183273315,0.90625,0.90625,0.9210526315789473,0.9054187192118226,1.4856429463171038e-05,1.125,0.0,2.0,hard|easy|medium
test,0,4,85,32,0.5313163160026306,45.40543193600024,503.6717048249993,0.07128588110208511,0.96875,0.96875,0.9705882352941176,0.9687194525904204,1.4848106533499793e-05,0.96875,0.0,2.0,medium|hard|easy
test,0,4,86,32,0.5306589980027638,45.93665160999808,504.2029245099984,0.19787511229515076,0.9642857142857143,0.96875,0.9736842105263157,0.967967967967968,1.4839783603828548e-05,1.25,0.0,2.0,hard|medium|easy
test,0,4,87,32,0.5328279819950694,46.47008071000164,504.73635375600134,0.2601217031478882,0.9352226720647774,0.9375,0.9352226720647774,0.9352226720647774,1.4831460674157305e-05,1.125,0.0,2.0,medium|hard|easy
test,0,4,88,32,0.5321137810096843,47.00279834699177,505.2690713000047,0.2094990462064743,0.95,0.9375,0.9285714285714286,0.9352226720647774,1.482313774448606e-05,1.125,0.0,2.0,hard|easy|medium
test,0,4,89,32,0.5311360550113022,47.53451770100219,505.80079065600876,0.17757824063301086,0.9583333333333333,0.96875,0.9761904761904762,0.9660657476139979,1.4814814814814815e-05,1.0,0.0,2.0,easy|medium|hard
test,0,4,90,32,0.5325781210121932,48.06777178599441,506.3340446759976,0.05577674135565758,0.975,0.96875,0.9615384615384616,0.9671794871794872,1.4806491885143572e-05,1.0,0.0,2.0,easy|medium|hard
test,0,4,91,32,0.5321138449944556,48.60046778799733,506.8667407419998,0.1857333779335022,0.9372549019607843,0.9375,0.9372549019607843,0.9372549019607843,1.4798168955472327e-05,1.09375,0.0,2.0,hard|medium|easy
test,0,4,92,32,0.5310575549956411,49.13213326699042,507.39840618000017,0.025960687547922134,0.9722222222222222,0.96875,0.9666666666666667,0.9684729064039409,1.4789846025801082e-05,0.875,0.0,2.0,easy|medium|hard
test,0,4,93,32,0.5325516480079386,49.66526408700156,507.93153704699944,0.05648129805922508,0.96875,0.96875,0.9705882352941176,0.9687194525904204,1.4781523096129839e-05,0.96875,0.0,2.0,hard|easy|medium
test,0,4,94,32,0.5314799349871464,50.197245250994456,508.4635182260099,0.37186309695243835,0.925,0.90625,0.9,0.9039039039039038,1.4773200166458594e-05,1.0625,0.0,2.0,hard|easy|medium
test,0,4,95,32,0.5313374020042829,50.72911235099309,508.99538537301123,0.20302364230155945,0.9365079365079365,0.9375,0.9365079365079365,0.9365079365079365,1.476487723678735e-05,1.21875,0.0,2.0,medium|hard|easy
test,0,4,96,32,0.5324756059999345,51.2621682369936,509.52844153800106,0.14049552381038666,0.9736842105263157,0.96875,0.9642857142857143,0.967967967967968,1.4756554307116106e-05,1.21875,0.0,2.0,hard|medium|easy
test,0,4,97,32,0.5314662579912692,51.79415301900008,510.0604259590036,0.04071994125843048,0.9736842105263157,0.96875,0.9642857142857143,0.967967967967968,1.4748231377444861e-05,1.1875,0.0,2.0,medium|easy|hard
test,0,4,98,32,0.5317891640006565,52.326531496000825,510.5928045059991,0.005354404915124178,1.0,1.0,1.0,1.0,1.4739908447773616e-05,0.9375,0.0,2.0,medium|easy|hard
test,0,4,99,32,0.5330168750078883,52.86017647299741,511.1264495630021,0.12522946298122406,0.9375,0.9375,0.9444444444444444,0.9372549019607843,1.4731585518102373e-05,1.25,0.0,2.0,hard|easy|medium
test,0,4,100,32,0.5318627670058049,53.39260002000083,511.6588729119976,0.10546781122684479,0.9705882352941176,0.96875,0.96875,0.9687194525904204,1.4723262588431128e-05,0.9375,0.0,2.0,easy|hard|medium
test,0,4,101,32,0.5314887209970038,53.92471681899042,512.1909897160076,0.0636211410164833,0.975,0.96875,0.9615384615384616,0.9671794871794872,1.4714939658759883e-05,0.96875,0.0,2.0,medium|hard|easy
test,0,4,102,32,0.5327821820101235,54.45816286299669,512.7244357500022,0.19883768260478973,0.9411764705882353,0.9375,0.9411764705882353,0.9375,1.470661672908864e-05,1.125,0.0,2.0,hard|easy|medium
test,0,4,103,32,0.5320724890043493,54.990724124989356,513.2569970080076,0.1715143620967865,0.9444444444444444,0.9375,0.9375,0.9372549019607843,1.4698293799417395e-05,1.0625,0.0,2.0,hard|easy|medium
test,0,4,104,32,0.5314263959880918,55.52273517999856,513.7890082130034,0.018836496397852898,1.0,1.0,1.0,1.0,1.4689970869746152e-05,1.09375,0.0,2.0,easy|medium|hard
test,0,4,105,32,0.5331312920025084,56.05644928099355,514.3227221720008,0.1900426149368286,0.9372549019607843,0.9375,0.9372549019607843,0.9372549019607843,1.4681647940074907e-05,0.84375,0.0,2.0,hard|easy|medium
test,0,4,106,32,0.532588931004284,56.5895804289903,514.8558535570046,0.2525831460952759,0.9411764705882353,0.9375,0.9411764705882353,0.9375,1.4673325010403663e-05,1.0,0.0,2.0,medium|hard|easy
test,0,4,107,32,0.531432481991942,57.121613775001606,515.3878867700114,0.14540331065654755,0.9705882352941176,0.96875,0.96875,0.9687194525904204,1.466500208073242e-05,0.90625,0.0,2.0,hard|medium|easy
test,0,4,108,32,0.5323263250029413,57.65445280399581,515.920725805001,0.05438513681292534,0.9722222222222222,0.96875,0.9666666666666667,0.9684729064039409,1.4656679151061174e-05,0.71875,0.0,2.0,hard|easy|medium
test,0,4,109,32,0.532848318995093,58.18789611099055,516.4541690640035,0.19325661659240723,0.9166666666666667,0.90625,0.9117647058823529,0.906158357771261,1.464835622138993e-05,1.09375,0.0,2.0,easy|medium|hard
test,0,4,110,32,0.531184484003461,58.719612610002514,516.9858856120118,0.09251255542039871,0.9642857142857143,0.96875,0.9736842105263157,0.967967967967968,1.4640033291718686e-05,0.90625,0.0,2.0,medium|hard|easy
test,0,4,111,32,0.5323379239998758,59.252475139001035,517.5187481629982,0.12441647797822952,0.9372549019607843,0.9375,0.9372549019607843,0.9372549019607843,1.4631710362047442e-05,1.09375,0.0,2.0,medium|hard|easy
test,0,4,112,32,0.532326035987353,59.78538522699091,518.0516582929995,0.02019675262272358,1.0,1.0,1.0,1.0,1.4623387432376197e-05,1.0,0.0,2.0,hard|easy|medium
test,0,4,113,32,0.5314226640039124,60.31729979100055,518.583572745003,0.15531548857688904,0.9411764705882353,0.9375,0.9411764705882353,0.9375,1.4615064502704954e-05,1.25,0.0,2.0,hard|easy|medium
test,0,4,114,32,0.5327269609988434,60.850568298992584,519.1168412560073,0.0544809028506279,0.9761904761904762,0.96875,0.9583333333333333,0.9660657476139979,1.4606741573033709e-05,0.71875,0.0,2.0,medium|easy|hard
test,0,4,115,32,0.5322687439911533,61.38335644299514,519.6496293480013,0.014455006457865238,1.0,1.0,1.0,1.0,1.4598418643362464e-05,1.1875,0.0,2.0,easy|medium|hard
test,0,4,116,32,0.531260621995898,61.9151484729955,520.1814214150072,0.07735533267259598,0.9352226720647774,0.9375,0.9352226720647774,0.9352226720647774,1.459009571369122e-05,1.15625,0.0,2.0,hard|easy|medium
test,0,4,117,32,0.5336135999968974,62.44934000099602,520.715612947999,0.098831906914711,0.9791666666666667,0.96875,0.9444444444444444,0.9599499374217773,1.4581772784019976e-05,1.03125,0.0,2.0,easy|medium|hard
test,0,4,118,32,0.5323749039962422,62.98225961100252,521.2485326070018,0.16330324113368988,0.9087301587301587,0.90625,0.903921568627451,0.9054187192118226,1.4573449854348731e-05,1.1875,0.0,2.0,hard|easy|medium
test,0,4,119,32,0.5315674589946866,63.51434962300118,521.7806226820103,0.16656655073165894,0.9089068825910931,0.90625,0.9007936507936507,0.9039039039039038,1.4565126924677488e-05,0.90625,0.0,2.0,medium|hard|easy
test,0,4,120,32,0.5333642670011614,64.04830803099321,522.3145812570001,0.12475180625915527,0.9722222222222222,0.96875,0.9666666666666667,0.9684729064039409,1.4556803995006243e-05,0.875,0.0,2.0,hard|medium|easy
test,0,4,121,32,0.5325680050009396,64.58144864799397,522.8477216430038,0.13875649869441986,0.8823529411764706,0.875,0.8947368421052632,0.8745098039215686,1.4548481065334998e-05,0.8125,0.0,2.0,easy|hard|medium
test,0,4,122,32,0.5318742119998205,65.11388512399571,523.3801581380103,0.12585195899009705,0.9722222222222222,0.96875,0.9666666666666667,0.9684729064039409,1.4540158135663755e-05,1.3125,0.0,2.0,hard|easy|medium
test,0,4,123,32,0.5339204449992394,65.6484693789971,523.9147423380055,0.03354866802692413,1.0,1.0,1.0,1.0,1.453183520599251e-05,0.9375,0.0,2.0,easy|medium|hard
test,0,4,124,32,0.5323178810067475,66.18136957999377,524.4476426019974,0.05878455936908722,0.96875,0.96875,0.9705882352941176,0.9687194525904204,1.4523512276321265e-05,0.875,0.0,2.0,hard|medium|easy
test,0,4,125,32,0.5309091459930642,66.71283649699762,524.9791094440006,0.04031119868159294,1.0,1.0,1.0,1.0,1.4515189346650022e-05,1.15625,0.0,2.0,easy|medium|hard
test,0,4,126,32,0.5328105179942213,67.24617728400335,525.512450181006,0.21240060031414032,0.9375,0.9375,0.9444444444444444,0.9372549019607843,1.4506866416978777e-05,0.96875,0.0,2.0,medium|hard|easy
test,0,4,127,32,0.5318856720114127,67.77861588798987,526.0448887719976,0.21714451909065247,0.9375,0.9375,0.9375,0.9375,1.4498543487307532e-05,0.84375,0.0,2.0,hard|medium|easy
test,0,4,128,32,0.5313264319993323,68.31052294999245,526.5767958990036,0.010975789278745651,1.0,1.0,1.0,1.0,1.449022055763629e-05,1.1875,0.0,2.0,medium|easy|hard
test,0,4,129,32,0.5327591929963091,68.84377691800182,527.1100498640008,0.05683557689189911,1.0,1.0,1.0,1.0,1.4481897627965044e-05,0.6875,0.0,2.0,easy|hard|medium
test,0,4,130,32,0.5320617120014504,69.37643026399019,527.6427031760104,0.033772747963666916,1.0,1.0,1.0,1.0,1.44735746982938e-05,1.0625,0.0,2.0,medium|hard|easy
test,0,4,131,32,0.5311258139990969,69.9080968049966,528.1743698580103,0.31577005982398987,0.9365079365079365,0.9375,0.9365079365079365,0.9365079365079365,1.4465251768622556e-05,0.625,0.0,2.0,easy|medium|hard
test,0,4,132,32,0.5331336290109903,70.44180264598981,528.7080755570059,0.2764306962490082,0.9565217391304348,0.9375,0.9090909090909092,0.9272727272727272,1.4456928838951311e-05,1.15625,0.0,2.0,hard|medium|easy
test,0,4,133,32,0.5320407959952718,70.97443762999319,529.2407105890015,0.1825229972600937,0.95,0.96875,0.9782608695652174,0.9625730994152046,1.4448605909280067e-05,0.78125,0.0,2.0,medium|easy|hard
test,0,4,134,32,0.5321877509995829,71.50721079199866,529.7734837470052,0.31252241134643555,0.903921568627451,0.90625,0.9087301587301587,0.9054187192118226,1.4440282979608823e-05,1.21875,0.0,2.0,hard|medium|easy
test,0,4,135,32,0.5327125930052716,72.04048279399285,530.3067558190087,0.027013462036848068,1.0,1.0,1.0,1.0,1.4431960049937579e-05,0.96875,0.0,2.0,hard|easy|medium
test,0,4,136,32,0.5322657220094698,72.57331679000345,530.8395897980081,0.029940467327833176,1.0,1.0,1.0,1.0,1.4423637120266334e-05,1.1875,0.0,2.0,hard|easy|medium
test,0,4,137,32,0.531809924999834,73.10565481799131,531.3719277030032,0.008455583825707436,1.0,1.0,1.0,1.0,1.441531419059509e-05,1.15625,0.0,2.0,easy|medium|hard
test,0,4,138,32,0.5327926360041602,73.63902333698934,531.905296285011,0.050943467766046524,0.96875,0.96875,0.9705882352941176,0.9687194525904204,1.4406991260923846e-05,0.75,0.0,2.0,hard|easy|medium
test,0,4,139,32,0.5316110459971242,74.1711574929941,532.4374303960067,0.00768626993522048,1.0,1.0,1.0,1.0,1.43986683312526e-05,1.0,0.0,2.0,hard|easy|medium
test,0,4,140,32,0.5319038449961226,74.70360922299733,532.9698821280035,0.00755157507956028,1.0,1.0,1.0,1.0,1.4390345401581358e-05,0.71875,0.0,2.0,medium|easy|hard
test,0,4,141,32,0.532698385999538,75.23694998100109,533.5032229909993,0.1982814371585846,0.8916666666666666,0.90625,0.9069264069264069,0.8981972428419936,1.4382022471910113e-05,1.09375,0.0,2.0,easy|medium|hard
test,0,4,142,32,0.5322816900006728,75.7697868940013,534.0360598560073,0.32128632068634033,0.8784313725490196,0.875,0.8784313725490196,0.875,1.437369954223887e-05,1.21875,0.0,2.0,hard|easy|medium
test,0,4,143,32,0.5315427290042862,76.30187590100104,534.5681488720002,0.017351346090435982,1.0,1.0,1.0,1.0,1.4365376612567625e-05,1.0,0.0,2.0,hard|medium|easy
test,0,4,144,32,0.5325063499913085,76.83494892899762,535.1012218780088,0.169870525598526,0.9583333333333333,0.96875,0.9761904761904762,0.9660657476139979,1.435705368289638e-05,0.84375,0.0,2.0,medium|easy|hard
test,0,4,145,32,0.5323985330032883,77.36793014299474,535.6342032009998,0.008636394515633583,1.0,1.0,1.0,1.0,1.4348730753225137e-05,1.03125,0.0,2.0,medium|hard|easy
test,0,4,146,32,0.531481983998674,77.89994744399155,536.166220596002,0.5286251902580261,0.90625,0.90625,0.907843137254902,0.906158357771261,1.4340407823553892e-05,1.0,0.0,2.0,medium|easy|hard
test,0,4,147,32,0.5323411979916273,78.4328781899967,536.6991510880034,0.25847333669662476,0.9090909090909092,0.9375,0.9565217391304348,0.9272727272727272,1.4332084893882647e-05,0.9375,0.0,2.0,hard|easy|medium
test,0,4,148,32,0.5323795559961582,78.96583047999593,537.2321033699991,0.14662562310695648,0.96875,0.96875,0.9705882352941176,0.9687194525904204,1.4323761964211404e-05,0.8125,0.0,2.0,hard|medium|easy
test,0,4,149,32,0.531723564999993,79.49814345499908,537.7644163410005,0.006500975228846073,1.0,1.0,1.0,1.0,1.4315439034540159e-05,1.125,0.0,2.0,hard|easy|medium
test,0,4,150,32,0.5326125680003315,80.03136083300342,538.2976337459986,0.14137285947799683,0.9411764705882353,0.9375,0.9411764705882353,0.9375,1.4307116104868914e-05,1.0,0.0,2.0,easy|medium|hard
test,0,4,151,32,0.5328386620094534,80.56473812799959,538.8310110620077,0.045475877821445465,1.0,1.0,1.0,1.0,1.4298793175197671e-05,1.15625,0.0,2.0,hard|medium|easy
test,0,4,152,32,0.5316595439944649,81.09693250399141,539.3632055120106,0.133815199136734,0.9642857142857143,0.96875,0.9736842105263157,0.967967967967968,1.4290470245526426e-05,0.875,0.0,2.0,easy|medium|hard
test,0,4,153,32,0.5328727449959842,81.63034917598998,539.8966221800074,0.2906626760959625,0.873015873015873,0.875,0.873015873015873,0.873015873015873,1.4282147315855181e-05,1.15625,0.0,2.0,hard|medium|easy
test,0,4,154,32,0.5328726669977186,82.16374646099575,540.4300193530071,0.1619841456413269,0.96875,0.96875,0.9705882352941176,0.9687194525904204,1.4273824386183938e-05,0.84375,0.0,2.0,medium|hard|easy
test,0,4,155,32,0.5323215949902078,82.69661251899379,540.9628856010095,0.18520475924015045,0.9365079365079365,0.9375,0.9365079365079365,0.9365079365079365,1.4265501456512693e-05,1.28125,0.0,2.0,medium|hard|easy
test,0,4,156,32,0.5327301350043854,83.22995312599232,541.4962260750035,0.11082708090543747,0.9411764705882353,0.9375,0.9411764705882353,0.9375,1.4257178526841448e-05,1.1875,0.0,2.0,medium|easy|hard
test,0,4,157,32,0.532682189004845,83.76324505799857,542.029518055002,0.033146392554044724,1.0,1.0,1.0,1.0,1.4248855597170205e-05,1.125,0.0,2.0,medium|easy|hard
test,0,4,158,32,0.5317593179934192,84.2955770779954,542.5618500870041,0.15774226188659668,0.9411764705882353,0.9375,0.9411764705882353,0.9375,1.424053266749896e-05,1.25,0.0,2.0,hard|medium|easy
test,0,4,159,32,0.5325789410126163,84.82875666199834,543.0950296939991,0.30932122468948364,0.9007936507936507,0.90625,0.9089068825910931,0.9039039039039038,1.4232209737827715e-05,0.96875,0.0,2.0,easy|medium|hard
test,0,4,160,32,0.532747745004599,85.36201207299018,543.6282850740099,0.23219552636146545,0.9473684210526316,0.9375,0.9333333333333333,0.9365079365079365,1.4223886808156472e-05,1.0625,0.0,2.0,medium|hard|easy
test,0,4,161,32,0.5319649290031521,85.89451509500213,544.1607880490046,0.05201468616724014,0.9583333333333333,0.96875,0.9761904761904762,0.9660657476139979,1.4215563878485227e-05,0.8125,0.0,2.0,easy|hard|medium
test,0,4,162,32,0.5323776599980192,86.42735414700292,544.6936272220046,0.08660709112882614,0.9307359307359306,0.9375,0.9307359307359306,0.9307359307359306,1.4207240948813983e-05,0.65625,0.0,2.0,easy|hard|medium
test,0,4,163,32,0.532769372992334,86.96066296398931,545.2269360619975,0.03963198512792587,1.0,1.0,1.0,1.0,1.419891801914274e-05,0.9375,0.0,2.0,easy|medium|hard
test,0,4,164,32,0.5317283530021086,87.49289356499503,545.7591664490028,0.059576794505119324,0.9666666666666667,0.96875,0.9722222222222222,0.9684729064039409,1.4190595089471495e-05,1.09375,0.0,2.0,easy|medium|hard
test,0,4,165,32,0.5319052239938173,88.02541125800053,546.2916842170089,0.022159188985824585,1.0,1.0,1.0,1.0,1.418227215980025e-05,0.84375,0.0,2.0,easy|medium|hard
test,0,4,166,32,0.5330396369972732,88.55901646299753,546.8252893840108,0.06011410802602768,0.9705882352941176,0.96875,0.96875,0.9687194525904204,1.4173949230129007e-05,0.9375,0.0,2.0,hard|easy|medium
test,0,4,167,32,0.5319176070042886,89.0913939329912,547.3576668270107,0.2370302528142929,0.9333333333333333,0.9375,0.9473684210526316,0.9365079365079365,1.4165626300457762e-05,1.09375,0.0,2.0,medium|hard|easy
test,0,4,168,32,0.5312587920052465,89.62321863599936,547.8894916100107,0.17764897644519806,0.9565217391304348,0.9375,0.9090909090909092,0.9272727272727272,1.4157303370786517e-05,1.09375,0.0,2.0,easy|hard|medium
test,0,4,169,32,0.5326717179996194,90.15649392799241,548.4227668860112,0.14571180939674377,0.9285714285714286,0.9375,0.95,0.9352226720647774,1.4148980441115274e-05,0.75,0.0,2.0,easy|medium|hard
test,0,4,170,32,0.5319979890045943,90.6890638229961,548.9553367269982,0.07989571243524551,0.96875,0.96875,0.9705882352941176,0.9687194525904204,1.4140657511444029e-05,0.875,0.0,2.0,easy|medium|hard
test,0,4,171,32,0.5312008219916606,91.22086881099676,549.487141717007,0.16140274703502655,0.9642857142857143,0.96875,0.9736842105263157,0.967967967967968,1.4132334581772784e-05,1.1875,0.0,2.0,medium|easy|hard
test,0,4,172,32,0.5328012780082645,91.7542557370034,550.0205287550052,0.0954374372959137,0.96875,0.96875,0.9705882352941176,0.9687194525904204,1.412401165210154e-05,0.78125,0.0,2.0,easy|medium|hard
test,0,4,173,32,0.5318823400011752,92.28672378900228,550.5529967750044,0.07590040564537048,0.9285714285714286,0.9375,0.95,0.9352226720647774,1.4115688722430296e-05,0.9375,0.0,2.0,easy|hard|medium
test,0,4,174,32,0.5315141330065671,92.81884857099794,551.0851215340081,0.05633675307035446,0.9761904761904762,0.96875,0.9583333333333333,0.9660657476139979,1.4107365792759051e-05,1.15625,0.0,2.0,easy|hard|medium
test,0,4,175,32,0.5328696600045078,93.35233240100206,551.6186052980047,0.11217562854290009,0.9722222222222222,0.96875,0.9666666666666667,0.9684729064039409,1.4099042863087808e-05,0.9375,0.0,2.0,hard|easy|medium
test,0,4,176,32,0.53200673100946,93.88489177799784,552.1511646610015,0.09557981789112091,0.9722222222222222,0.96875,0.9666666666666667,0.9684729064039409,1.4090719933416563e-05,1.09375,0.0,2.0,easy|medium|hard
test,0,4,177,32,0.5310695319931256,94.4165523769916,552.68282528501,0.1764179915189743,0.9352226720647774,0.9375,0.9352226720647774,0.9352226720647774,1.408239700374532e-05,0.84375,0.0,2.0,hard|easy|medium
test,0,4,178,32,0.5323448099952657,94.94951049299561,553.2157834310055,0.15046584606170654,0.95,0.9375,0.9285714285714286,0.9352226720647774,1.4074074074074075e-05,0.96875,0.0,2.0,hard|easy|medium
test,0,4,179,32,0.5317460520018358,95.48189883399755,553.7481718360068,0.2078189104795456,0.9411764705882353,0.9375,0.9411764705882353,0.9375,1.406575114440283e-05,0.90625,0.0,2.0,easy|medium|hard
test,0,4,180,32,0.5312105880002491,96.01361327499035,554.2798862150084,0.03632088378071785,1.0,1.0,1.0,1.0,1.4057428214731587e-05,1.125,0.0,2.0,easy|hard|medium
test,0,4,181,32,0.5327766400005203,96.54690485799802,554.8131781100092,0.18120117485523224,0.9615384615384616,0.96875,0.975,0.9671794871794872,1.4049105285060342e-05,0.96875,0.0,2.0,medium|easy|hard
test,0,4,182,32,0.5319331040082034,97.07946324099612,555.3457362570043,0.06951919198036194,0.9642857142857143,0.96875,0.9736842105263157,0.967967967967968,1.4040782355389097e-05,0.96875,0.0,2.0,easy|medium|hard
test,0,4,183,32,0.5313858610024909,97.61145718699845,555.8777301970113,0.211961567401886,0.9210526315789473,0.90625,0.90625,0.9054187192118226,1.4032459425717854e-05,0.78125,0.0,2.0,hard|medium|easy
test,0,4,184,32,0.5323518240038538,98.14439471899823,556.4106676660012,0.050018202513456345,0.9583333333333333,0.96875,0.9761904761904762,0.9660657476139979,1.402413649604661e-05,0.71875,0.0,2.0,medium|hard|easy
test,0,4,185,32,0.5321775210031774,98.67713618799462,556.943409177009,0.1711987853050232,0.9736842105263157,0.96875,0.9642857142857143,0.967967967967968,1.4015813566375364e-05,0.9375,0.0,2.0,hard|medium|easy
test,0,4,186,32,0.5314561029954348,99.20917641300184,557.4754493780056,0.17901623249053955,0.9365079365079365,0.9375,0.9365079365079365,0.9365079365079365,1.4007490636704121e-05,1.09375,0.0,2.0,hard|medium|easy
test,0,4,187,32,0.532123284006957,99.74184913099452,558.0081221520086,0.17186035215854645,0.9705882352941176,0.96875,0.96875,0.9687194525904204,1.3999167707032876e-05,0.96875,0.0,2.0,easy|hard|medium
test,0,4,188,32,0.5319486040098127,100.27439781599969,558.5406707930088,0.09026892483234406,0.9722222222222222,0.96875,0.9666666666666667,0.9684729064039409,1.3990844777361631e-05,0.84375,0.0,2.0,hard|medium|easy
test,0,4,189,32,0.5311926620051963,100.80612939200364,559.072402329999,0.046195633709430695,1.0,1.0,1.0,1.0,1.3982521847690388e-05,0.90625,0.0,2.0,hard|easy|medium
test,0,4,190,32,0.5325378429988632,101.3392469620012,559.6055199560069,0.022620931267738342,1.0,1.0,1.0,1.0,1.3974198918019143e-05,0.78125,0.0,2.0,easy|hard|medium
test,0,4,191,32,0.5321123730100226,101.87189553800272,560.1381684799999,0.03010793775320053,1.0,1.0,1.0,1.0,1.3965875988347899e-05,0.84375,0.0,2.0,easy|medium|hard
test,0,4,192,32,0.5313416900025913,102.40381667199836,560.6700895670074,0.01826297864317894,1.0,1.0,1.0,1.0,1.3957553058676655e-05,0.875,0.0,2.0,medium|easy|hard
test,0,4,193,32,0.5329281110025477,102.93730644699826,561.2035795400006,0.15767601132392883,0.9352226720647774,0.9375,0.9352226720647774,0.9352226720647774,1.394923012900541e-05,0.6875,0.0,2.0,hard|easy|medium
test,0,4,194,32,0.5320139810064575,103.46989976600162,561.7361726590025,0.13979363441467285,0.975,0.96875,0.9615384615384616,0.9671794871794872,1.3940907199334166e-05,0.71875,0.0,2.0,easy|medium|hard
test,0,4,195,32,0.530968273000326,104.00144192599691,562.2677149380033,0.2460564225912094,0.9210526315789473,0.90625,0.90625,0.9054187192118226,1.3932584269662923e-05,0.78125,0.0,2.0,easy|medium|hard
test,0,4,196,32,0.5332608410099056,104.53527187799045,562.8015450509993,0.15177021920681,0.9372549019607843,0.9375,0.9372549019607843,0.9372549019607843,1.3924261339991678e-05,0.875,0.0,2.0,easy|hard|medium
test,0,4,197,32,0.5317777120071696,105.06758108899521,563.3338540260011,0.11039809137582779,0.9372549019607843,0.9375,0.9372549019607843,0.9372549019607843,1.3915938410320433e-05,0.9375,0.0,2.0,medium|easy|hard
test,0,4,198,32,0.5311582160065882,105.59932656699675,563.8655995180015,0.08957817405462265,0.9615384615384616,0.96875,0.975,0.9671794871794872,1.390761548064919e-05,0.65625,0.0,2.0,medium|easy|hard
test,0,4,199,32,0.533006543002557,106.13289745998918,564.3991704299988,0.08493510633707047,0.96875,0.96875,0.9705882352941176,0.9687194525904204,1.3899292550977945e-05,0.625,0.0,2.0,hard|medium|easy
test,0,4,200,32,0.5322674229973927,106.6657698630006,564.9320428619976,0.13092704117298126,0.9705882352941176,0.96875,0.96875,0.9687194525904204,1.38909696213067e-05,0.9375,0.0,2.0,hard|medium|easy
test,0,4,201,32,0.5313204129924998,107.19755275000352,565.4638256870094,0.02371092140674591,1.0,1.0,1.0,1.0,1.3882646691635457e-05,0.875,0.0,2.0,medium|hard|easy
test,0,4,202,32,0.5330156969866948,107.73113107199606,565.9974039640074,0.016354773193597794,1.0,1.0,1.0,1.0,1.3874323761964212e-05,0.71875,0.0,2.0,easy|medium|hard
test,0,4,203,32,0.5319338480039733,108.26366108699585,566.5299340510101,0.02889268845319748,1.0,1.0,1.0,1.0,1.3866000832292967e-05,1.125,0.0,2.0,medium|hard|easy
test,0,4,204,32,0.5313081519998377,108.79559282799892,567.0618658260064,0.04217471182346344,1.0,1.0,1.0,1.0,1.3857677902621724e-05,1.09375,0.0,2.0,medium|hard|easy
test,0,4,205,32,0.532672506000381,109.32880154899613,567.5950744889997,0.2235548347234726,0.9166666666666667,0.9375,0.9545454545454546,0.9307359307359306,1.3849354972950479e-05,0.84375,0.0,2.0,easy|medium|hard
test,0,4,206,32,0.5322900409955764,109.8615415910026,568.127814550011,0.0067616733722388744,1.0,1.0,1.0,1.0,1.3841032043279234e-05,0.78125,0.0,2.0,hard|medium|easy
test,0,4,207,32,0.5319666029972723,110.39408832399931,568.6603612750041,0.3313390016555786,0.9372549019607843,0.9375,0.9372549019607843,0.9372549019607843,1.3832709113607991e-05,1.03125,0.0,2.0,easy|hard|medium
test,0,4,208,32,0.533000600989908,110.9276102570002,569.1938832560118,0.019516754895448685,1.0,1.0,1.0,1.0,1.3824386183936746e-05,0.9375,0.0,2.0,hard|medium|easy
test,0,4,209,32,0.5320886940025957,111.46019303899084,569.72646604701,0.1143253743648529,0.9523809523809523,0.9375,0.9230769230769231,0.9333333333333333,1.3816063254265501e-05,0.96875,0.0,2.0,easy|medium|hard
test,0,4,210,32,0.5318298539932584,111.99261445099546,570.2588875040092,0.17919760942459106,0.9372549019607843,0.9375,0.9372549019607843,0.9372549019607843,1.3807740324594258e-05,0.875,0.0,2.0,medium|hard|easy
test,0,4,211,32,0.5328442809986882,112.52596164098941,570.792234515,0.3070096969604492,0.9333333333333333,0.9375,0.9333333333333333,0.9333333333333333,1.3799417394923013e-05,1.0,0.0,2.0,hard|easy|medium
test,0,4,212,32,0.5320902149978792,113.0586232279893,571.324896310005,0.008589010685682297,1.0,1.0,1.0,1.0,1.3791094465251768e-05,0.96875,0.0,2.0,medium|easy|hard
test,0,4,213,32,0.5327123759925598,113.59190912899794,571.8581820670079,0.14961886405944824,0.9411764705882353,0.9375,0.9411764705882353,0.9375,1.3782771535580525e-05,1.0625,0.0,2.0,hard|easy|medium
test,0,4,214,32,0.5326065070112236,114.12514709599782,572.3914199970022,0.019608071073889732,1.0,1.0,1.0,1.0,1.377444860590928e-05,1.09375,0.0,2.0,easy|hard|medium
test,0,4,215,32,0.5318145649944199,114.65752641198924,572.9237993870047,0.05375219136476517,0.9666666666666667,0.96875,0.9722222222222222,0.9684729064039409,1.3766125676238037e-05,0.9375,0.0,2.0,hard|medium|easy
test,0,4,216,32,0.5316378720017383,115.18967918599083,573.4559521360061,0.00915251113474369,1.0,1.0,1.0,1.0,1.3757802746566792e-05,0.96875,0.0,2.0,medium|easy|hard
test,0,4,217,32,0.5331393349915743,115.72336276499846,573.9896357230027,0.18646331131458282,0.9722222222222222,0.96875,0.9666666666666667,0.9684729064039409,1.3749479816895547e-05,0.9375,0.0,2.0,medium|hard|easy
test,0,4,218,32,0.5320307700021658,116.25592656699882,574.5221994970052,0.20024673640727997,0.9352226720647774,0.9375,0.9352226720647774,0.9352226720647774,1.3741156887224304e-05,0.90625,0.0,2.0,hard|easy|medium
test,0,4,219,32,0.532221916000708,116.78872620499169,575.0549991540029,0.4513362944126129,0.9,0.875,0.875,0.873015873015873,1.373283395755306e-05,1.21875,0.0,2.0,hard|easy|medium
test,0,4,220,32,0.5326685830077622,117.32200827599445,575.5882812640048,0.03481700271368027,1.0,1.0,1.0,1.0,1.3724511027881815e-05,0.875,0.0,2.0,hard|medium|easy
test,0,4,221,32,0.5323400190100074,117.85490861500148,576.1211815200077,0.10621671378612518,0.9372549019607843,0.9375,0.9372549019607843,0.9372549019607843,1.3716188098210571e-05,0.875,0.0,2.0,easy|hard|medium
test,0,4,222,32,0.5313661109976238,118.38685102699674,576.6531239370088,0.10639528185129166,0.9736842105263157,0.96875,0.9642857142857143,0.967967967967968,1.3707865168539327e-05,1.0625,0.0,2.0,hard|medium|easy
test,0,4,223,32,0.5325928399979603,118.91997281600197,577.1862457020034,0.03213339298963547,1.0,1.0,1.0,1.0,1.3699542238868082e-05,0.96875,0.0,2.0,easy|hard|medium
test,0,4,224,32,0.5324412930058315,119.45302377200278,577.719296670999,0.20988872647285461,0.9642857142857143,0.96875,0.9736842105263157,0.967967967967968,1.3691219309196839e-05,1.03125,0.0,2.0,easy|hard|medium
test,0,4,225,32,0.5317750359972706,119.98532360300305,578.2515966570063,0.17194724082946777,0.9615384615384616,0.96875,0.975,0.9671794871794872,1.3682896379525594e-05,0.875,0.0,2.0,hard|easy|medium
test,0,4,226,32,0.5326206199970329,120.51850244899106,578.7847753280075,0.1065358966588974,0.9666666666666667,0.96875,0.9722222222222222,0.9684729064039409,1.3674573449854349e-05,1.03125,0.0,2.0,hard|easy|medium
test,0,4,227,32,0.5327645219949773,121.05182901999797,579.3181019540061,0.025683989748358727,1.0,1.0,1.0,1.0,1.3666250520183106e-05,1.21875,0.0,2.0,hard|easy|medium
test,0,4,228,32,0.5321134569967398,121.58454822200292,579.8508212450106,0.030208049342036247,1.0,1.0,1.0,1.0,1.365792759051186e-05,1.0625,0.0,2.0,medium|easy|hard
test,0,4,229,32,0.5325071539991768,122.11765456599824,580.3839275799983,0.10180699825286865,0.9642857142857143,0.96875,0.9736842105263157,0.967967967967968,1.3649604660840616e-05,1.1875,0.0,2.0,hard|easy|medium
test,0,4,230,32,0.5346132489939919,122.65287028100283,580.9191433320084,0.09795963019132614,0.9736842105263157,0.96875,0.9642857142857143,0.967967967967968,1.3641281731169373e-05,1.21875,0.0,2.0,medium|easy|hard
test,0,4,231,32,0.5316512029967271,123.18519994500093,581.4514729660004,0.012039595283567905,1.0,1.0,1.0,1.0,1.3632958801498128e-05,0.90625,0.0,2.0,hard|easy|medium
test,0,4,232,32,0.5324223119969247,123.71816749099526,581.9844404430041,0.008307340554893017,1.0,1.0,1.0,1.0,1.3624635871826883e-05,0.75,0.0,2.0,easy|hard|medium
test,0,4,233,32,0.532572259005974,124.25119589699898,582.5174690319982,0.29239460825920105,0.9375,0.9375,0.9375,0.9375,1.361631294215564e-05,1.21875,0.0,2.0,medium|hard|easy
test,0,4,234,32,0.5317831619904609,124.78352223300317,583.0497951220023,0.1419253647327423,0.9666666666666667,0.96875,0.9722222222222222,0.9684729064039409,1.3607990012484395e-05,1.15625,0.0,2.0,easy|hard|medium
test,0,4,235,32,0.5325383349991171,125.31667036800354,583.5829432600003,0.22061584889888763,0.9210526315789473,0.90625,0.90625,0.9054187192118226,1.359966708281315e-05,1.0625,0.0,2.0,easy|hard|medium
test,0,4,236,32,0.5335196069936501,125.85075893100293,584.1170318860095,0.1474234163761139,0.96875,0.96875,0.9705882352941176,0.9687194525904204,1.3591344153141907e-05,1.40625,0.0,2.0,hard|easy|medium
test,0,4,237,32,0.5318719609931577,126.3832194939896,584.64949251301,0.009136136621236801,1.0,1.0,1.0,1.0,1.3583021223470662e-05,1.0,0.0,2.0,hard|medium|easy
test,0,4,238,32,0.5330628009978682,126.91688771700137,585.1831606930064,0.24540959298610687,0.9372549019607843,0.9375,0.9372549019607843,0.9372549019607843,1.3574698293799417e-05,1.15625,0.0,2.0,easy|hard|medium
test,0,4,239,32,0.5334913819970097,127.45091890399635,585.7171917899977,0.06591640412807465,0.9705882352941176,0.96875,0.96875,0.9687194525904204,1.3566375364128174e-05,1.03125,0.0,2.0,medium|easy|hard
test,0,4,240,32,0.5319757260003826,127.98346715599473,586.249740158004,0.1619037389755249,0.9444444444444444,0.9375,0.9375,0.9372549019607843,1.355805243445693e-05,1.03125,0.0,2.0,medium|easy|hard
test,0,4,241,32,0.5328681289975066,128.51693139100098,586.783204293999,0.023164087906479836,1.0,1.0,1.0,1.0,1.3549729504785684e-05,0.78125,0.0,2.0,hard|easy|medium
test,0,4,242,32,0.5324576050043106,129.04989695799304,587.316169963,0.013725503347814083,1.0,1.0,1.0,1.0,1.3541406575114441e-05,1.1875,0.0,2.0,easy|medium|hard
test,0,4,243,32,0.5319781910075108,129.58245454500138,587.8487275600055,0.08643845468759537,0.9772727272727273,0.96875,0.9545454545454546,0.964562569213732,1.3533083645443196e-05,0.625,0.0,2.0,easy|medium|hard
test,0,4,244,32,0.5326668350026011,130.11566240400134,588.3819353080034,0.026732370257377625,1.0,1.0,1.0,1.0,1.3524760715771952e-05,0.96875,0.0,2.0,easy|medium|hard
test,0,4,245,32,0.5327060370036634,130.6489745699946,588.9152474639995,0.030486488714814186,0.9666666666666667,0.96875,0.9722222222222222,0.9684729064039409,1.3516437786100708e-05,0.78125,0.0,2.0,easy|medium|hard
test,0,4,246,32,0.5320525610004552,131.1815846959944,589.4478576530091,0.13736116886138916,0.96875,0.96875,0.9705882352941176,0.9687194525904204,1.3508114856429463e-05,1.0,0.0,2.0,hard|easy|medium
test,0,4,247,32,0.5329051369917579,131.7151153099985,589.981388337008,0.17591945827007294,0.9411764705882353,0.9375,0.9411764705882353,0.9375,1.3499791926758219e-05,0.875,0.0,2.0,hard|easy|medium
test,0,4,248,32,0.5327686590026133,132.24845710099908,590.5147304050042,0.13161541521549225,0.96875,0.96875,0.9705882352941176,0.9687194525904204,1.3491468997086975e-05,0.84375,0.0,2.0,medium|easy|hard
test,0,4,249,32,0.531954311998561,132.78097977899597,591.0472527340025,0.007332934066653252,1.0,1.0,1.0,1.0,1.348314606741573e-05,1.09375,0.0,2.0,hard|easy|medium
test,0,4,250,32,0.5327662690106081,133.31436576199485,591.5806386860058,0.055887866765260696,0.9642857142857143,0.96875,0.9736842105263157,0.967967967967968,1.3474823137744487e-05,0.875,0.0,2.0,easy|medium|hard
test,0,4,251,32,0.5326432930014562,133.84747389898985,592.1137469030073,0.267328679561615,0.9333333333333333,0.9375,0.9473684210526316,0.9365079365079365,1.3466500208073243e-05,1.03125,0.0,2.0,hard|easy|medium
test,0,4,252,32,0.5320209499914199,134.38004442300007,592.6463173049997,0.27018919587135315,0.907843137254902,0.90625,0.90625,0.906158357771261,1.3458177278401998e-05,1.0625,0.0,2.0,hard|easy|medium
test,0,4,253,32,0.5326206689933315,134.91320638799516,593.1794792750006,0.010049983859062195,1.0,1.0,1.0,1.0,1.3449854348730755e-05,1.0625,0.0,2.0,easy|hard|medium
test,0,4,254,32,0.5331003890023567,135.44683585999883,593.7131088180031,0.012725917622447014,1.0,1.0,1.0,1.0,1.344153141905951e-05,1.125,0.0,2.0,easy|medium|hard
test,0,4,255,32,0.5322084590006853,135.97956943399913,594.2458424030046,0.1349775195121765,0.9722222222222222,0.96875,0.9666666666666667,0.9684729064039409,1.3433208489388265e-05,1.09375,0.0,2.0,medium|easy|hard
test,0,4,256,32,0.5326638459955575,136.51280083200254,594.7790737670002,0.16218584775924683,0.9285714285714286,0.9375,0.95,0.9352226720647774,1.3424885559717022e-05,1.09375,0.0,2.0,medium|hard|easy
test,0,4,257,32,0.5329878899938194,137.04638299198996,595.3126560189994,0.016372280195355415,1.0,1.0,1.0,1.0,1.3416562630045777e-05,1.0625,0.0,2.0,medium|easy|hard
test,0,4,258,32,0.5323523730039597,137.57931641300092,595.8455893150094,0.10233061015605927,0.95,0.9375,0.9285714285714286,0.9352226720647774,1.3408239700374532e-05,1.03125,0.0,2.0,medium|easy|hard
test,0,4,259,32,0.5331438739958685,138.11299552400305,596.379268759003,0.03730829805135727,1.0,1.0,1.0,1.0,1.3399916770703289e-05,1.03125,0.0,2.0,hard|medium|easy
test,0,4,260,32,0.5328203130047768,138.64642452899716,596.9126974170067,0.010928880423307419,1.0,1.0,1.0,1.0,1.3391593841032044e-05,1.09375,0.0,2.0,hard|easy|medium
test,0,4,261,32,0.531867849000264,139.17876200699538,597.445034910008,0.11086439341306686,0.9705882352941176,0.96875,0.96875,0.9687194525904204,1.3383270911360799e-05,1.09375,0.0,2.0,medium|easy|hard
test,0,4,262,32,0.5322700340038864,139.71162729499338,597.9779003099975,0.008416447788476944,1.0,1.0,1.0,1.0,1.3374947981689556e-05,0.78125,0.0,2.0,easy|medium|hard
test,0,4,263,32,0.5326645580062177,140.24516821799625,598.511441227005,0.08808908611536026,0.9666666666666667,0.96875,0.9722222222222222,0.9684729064039409,1.3366625052018311e-05,0.96875,0.0,2.0,hard|medium|easy
test,0,4,264,32,0.5318598919984652,140.7774668839993,599.0437399140064,0.01028733141720295,1.0,1.0,1.0,1.0,1.3358302122347066e-05,1.25,0.0,2.0,hard|medium|easy
test,0,4,265,32,0.532559051993303,141.31051720200048,599.5767900860083,0.03156880661845207,1.0,1.0,1.0,1.0,1.3349979192675823e-05,0.9375,0.0,2.0,hard|easy|medium
test,0,4,266,32,0.5328809549973812,141.84383120699204,600.1101041580114,0.016014069318771362,1.0,1.0,1.0,1.0,1.3341656263004578e-05,0.9375,0.0,2.0,medium|easy|hard
test,0,4,267,17,0.3198599129973445,142.16417871699377,600.430451608001,0.004765350837260485,1.0,1.0,1.0,1.0,1.3333333333333333e-05,0.6470588445663452,0.0,2.0,easy|hard|medium
test,0,5,1,32,0.5361244430096122,0.6249016640067566,611.5975095150061,0.016087615862488747,1.0,1.0,1.0,1.0,1.332501040366209e-05,1.09375,0.0,2.0,medium|easy|hard
test,0,5,2,32,0.5315859129914315,1.157226150011411,612.1298338670022,0.2112654596567154,0.96875,0.96875,0.9705882352941176,0.9687194525904204,1.3316687473990845e-05,1.0625,0.0,2.0,hard|easy|medium
test,0,5,3,32,0.5313837209978374,1.6892605610046303,612.6618681550026,0.12516441941261292,0.9736842105263157,0.96875,0.9642857142857143,0.967967967967968,1.33083645443196e-05,1.03125,0.0,2.0,medium|hard|easy
test,0,5,4,32,0.5329154549981467,2.2226773940055864,613.1952850829985,0.3750806450843811,0.9210526315789473,0.90625,0.90625,0.9054187192118226,1.3300041614648357e-05,1.0625,0.0,2.0,medium|hard|easy
test,0,5,5,32,0.5321833210036857,2.755420187007985,613.728027892008,0.003365691751241684,1.0,1.0,1.0,1.0,1.3291718684977112e-05,1.03125,0.0,2.0,easy|medium|hard
test,0,5,6,32,0.5322626370034413,3.2882878910022555,614.2608955760079,0.08953435719013214,0.9615384615384616,0.96875,0.975,0.9671794871794872,1.3283395755305868e-05,1.0,0.0,2.0,easy|medium|hard
test,0,5,7,32,0.5329908410058124,3.8218985850107856,614.7945062689978,0.23346731066703796,0.95,0.9375,0.9285714285714286,0.9352226720647774,1.3275072825634624e-05,0.84375,0.0,2.0,hard|easy|medium
test,0,5,8,32,0.5316449709935114,4.354095235001296,615.3267029160052,0.052939027547836304,0.96875,0.96875,0.9705882352941176,0.9687194525904204,1.326674989596338e-05,1.09375,0.0,2.0,easy|hard|medium
test,0,5,9,32,0.5318690919957589,4.886515528007294,615.8591231540049,0.25020506978034973,0.9009661835748792,0.90625,0.8772727272727273,0.887719298245614,1.3258426966292135e-05,0.90625,0.0,2.0,easy|medium|hard
test,0,5,10,32,0.5324046409950824,5.419487424005638,616.3920951239998,0.20024845004081726,0.9523809523809523,0.9375,0.9230769230769231,0.9333333333333333,1.3250104036620891e-05,1.03125,0.0,2.0,hard|medium|easy
test,0,5,11,32,0.5321622600022238,5.952229722999618,616.924837426006,0.061151597648859024,0.9722222222222222,0.96875,0.9666666666666667,0.9684729064039409,1.3241781106949647e-05,1.0,0.0,2.0,medium|hard|easy
test,0,5,12,32,0.5308759879990248,6.483625357010169,617.4562330350018,0.006908446550369263,1.0,1.0,1.0,1.0,1.3233458177278402e-05,1.0,0.0,2.0,hard|easy|medium
test,0,5,13,32,0.5325301750126528,7.016739615006372,617.9893473170087,0.03159790858626366,1.0,1.0,1.0,1.0,1.3225135247607159e-05,1.0,0.0,2.0,medium|hard|easy
test,0,5,14,32,0.5324940090067685,7.549828110000817,618.522435715,0.007231384981423616,1.0,1.0,1.0,1.0,1.3216812317935914e-05,0.875,0.0,2.0,hard|easy|medium
test,0,5,15,32,0.5316399110015482,8.08201572400867,619.0546234130015,0.02985037863254547,1.0,1.0,1.0,1.0,1.3208489388264669e-05,0.9375,0.0,2.0,easy|medium|hard
test,0,5,16,32,0.532588570000371,8.615191196004162,619.5877988569991,0.04104195535182953,0.95,0.96875,0.9782608695652174,0.9625730994152046,1.3200166458593426e-05,0.9375,0.0,2.0,hard|medium|easy
test,0,5,17,32,0.5324232760031009,9.14821070000471,620.1208183859999,0.007278955075889826,1.0,1.0,1.0,1.0,1.319184352892218e-05,1.3125,0.0,2.0,hard|easy|medium
test,0,5,18,32,0.5312386069999775,9.680066972010536,620.6526745800074,0.009463654831051826,1.0,1.0,1.0,1.0,1.3183520599250936e-05,1.0,0.0,2.0,medium|hard|easy
test,0,5,19,32,0.5329784559871769,10.213779352008714,621.1863870410016,0.01280427910387516,1.0,1.0,1.0,1.0,1.3175197669579693e-05,1.09375,0.0,2.0,hard|easy|medium
test,0,5,20,32,0.5327048210019711,10.747023806005018,621.7196314280009,0.06030825898051262,0.9722222222222222,0.96875,0.9666666666666667,0.9684729064039409,1.3166874739908448e-05,0.90625,0.0,2.0,medium|hard|easy
test,0,5,21,32,0.5312437460088404,11.278835990000516,622.2514436620113,0.037981729954481125,0.975,0.96875,0.9615384615384616,0.9671794871794872,1.3158551810237205e-05,0.71875,0.0,2.0,easy|medium|hard
test,0,5,22,32,0.5325293700007023,11.811936474012327,622.7845440960082,0.003881561104208231,1.0,1.0,1.0,1.0,1.315022888056596e-05,1.09375,0.0,2.0,hard|medium|easy
test,0,5,23,32,0.5322016150021227,12.344637992006028,623.3172456620086,0.04030461981892586,0.9666666666666667,0.96875,0.9722222222222222,0.9684729064039409,1.3141905950894715e-05,1.03125,0.0,2.0,medium|easy|hard
test,0,5,24,32,0.5313770619977731,12.876686470001005,623.8492940730066,0.003083876334130764,1.0,1.0,1.0,1.0,1.3133583021223472e-05,1.21875,0.0,2.0,hard|easy|medium
test,0,5,25,32,0.5324158489966067,13.409687082006712,624.3822947580047,0.19097670912742615,0.975,0.96875,0.9615384615384616,0.9671794871794872,1.3125260091552227e-05,0.5625,0.0,2.0,easy|hard|medium
test,0,5,26,32,0.5323502140090568,13.942634145001648,624.9152418110025,0.006465892307460308,1.0,1.0,1.0,1.0,1.3116937161880982e-05,1.125,0.0,2.0,hard|easy|medium
test,0,5,27,32,0.5312843179999618,14.474436981006875,625.4470446089981,0.0037532688584178686,1.0,1.0,1.0,1.0,1.3108614232209739e-05,0.96875,0.0,2.0,medium|hard|easy
test,0,5,28,32,0.5331780410051579,15.008214493005653,625.9808220940031,0.0022159854415804148,1.0,1.0,1.0,1.0,1.3100291302538494e-05,1.0,0.0,2.0,medium|easy|hard
test,0,5,29,32,0.5319545660022413,15.540639258004376,626.5132469500095,0.002622073981910944,1.0,1.0,1.0,1.0,1.309196837286725e-05,0.875,0.0,2.0,medium|easy|hard
test,0,5,30,32,0.5307839199958835,16.07205885500298,627.0446665470081,0.05986113101243973,0.95,0.96875,0.9782608695652174,0.9625730994152046,1.3083645443196006e-05,1.1875,0.0,2.0,hard|easy|medium
test,0,5,31,32,0.5331745900039095,16.605832177010598,627.5784398469987,0.0024324588011950254,1.0,1.0,1.0,1.0,1.3075322513524761e-05,1.15625,0.0,2.0,easy|hard|medium
test,0,5,32,32,0.5324454049987253,17.138847192007233,628.1114547879988,0.005204018671065569,1.0,1.0,1.0,1.0,1.3066999583853516e-05,1.40625,0.0,2.0,easy|hard|medium
test,0,5,33,32,0.5314183909940766,17.670737581007415,628.6433452540077,0.04433286935091019,0.9666666666666667,0.96875,0.9722222222222222,0.9684729064039409,1.3058676654182273e-05,1.15625,0.0,2.0,hard|easy|medium
test,0,5,34,32,0.5330233389977366,18.20424608500616,629.1768537760072,0.4055202007293701,0.9473684210526316,0.9375,0.9333333333333333,0.9365079365079365,1.3050353724511028e-05,0.65625,0.0,2.0,medium|easy|hard
test,0,5,35,32,0.5322060699982103,18.737043248998816,629.709650898003,0.1805310994386673,0.9642857142857143,0.96875,0.9736842105263157,0.967967967967968,1.3042030794839784e-05,1.21875,0.0,2.0,hard|easy|medium
test,0,5,36,32,0.5318636709998827,19.26946635200875,630.2420739810041,0.0035958336666226387,1.0,1.0,1.0,1.0,1.303370786516854e-05,1.03125,0.0,2.0,hard|medium|easy
test,0,5,37,32,0.5330878149979981,19.80315908000921,630.7757668970007,0.07016194611787796,0.9761904761904762,0.96875,0.9583333333333333,0.9660657476139979,1.3025384935497296e-05,0.875,0.0,2.0,medium|hard|easy
test,0,5,38,32,0.5323548229935113,20.336090209006215,631.3086979170039,0.003770110895857215,1.0,1.0,1.0,1.0,1.301706200582605e-05,1.21875,0.0,2.0,hard|medium|easy
test,0,5,39,32,0.5319115879974561,20.868564529009745,631.8411721770099,0.16435660421848297,0.9642857142857143,0.96875,0.9736842105263157,0.967967967967968,1.3008739076154807e-05,1.03125,0.0,2.0,hard|medium|easy
test,0,5,40,32,0.5334840010036714,21.40262419200735,632.3752318870102,0.01428796723484993,1.0,1.0,1.0,1.0,1.3000416146483563e-05,0.96875,0.0,2.0,medium|easy|hard
test,0,5,41,32,0.5325941659975797,21.935743872003513,632.9083515600068,0.28456154465675354,0.9333333333333333,0.9375,0.9333333333333333,0.9333333333333333,1.2992093216812318e-05,1.125,0.0,2.0,easy|hard|medium
test,0,5,42,32,0.5311541239934741,22.467435414000647,633.4400430770038,0.005621711257845163,1.0,1.0,1.0,1.0,1.2983770287141075e-05,0.90625,0.0,2.0,easy|hard|medium
test,0,5,43,32,0.5330766510014655,23.001094460007153,633.9737021080073,0.12491634488105774,0.96875,0.96875,0.9705882352941176,0.9687194525904204,1.297544735746983e-05,0.9375,0.0,2.0,hard|easy|medium
test,0,5,44,32,0.5321555160044227,23.533841855009086,634.506449804001,0.14710186421871185,0.96875,0.96875,0.9705882352941176,0.9687194525904204,1.2967124427798585e-05,0.90625,0.0,2.0,hard|easy|medium
test,0,5,45,32,0.5320300860039424,24.066428937003366,635.0390366100037,0.1782570481300354,0.9722222222222222,0.96875,0.9666666666666667,0.9684729064039409,1.2958801498127342e-05,0.96875,0.0,2.0,hard|easy|medium
test,0,5,46,32,0.5330828079895582,24.600117469002726,635.5727251580101,0.02757364697754383,1.0,1.0,1.0,1.0,1.2950478568456097e-05,1.0,0.0,2.0,medium|easy|hard
test,0,5,47,32,0.5322200029913802,25.13291179900989,636.105519610006,0.012593450024724007,1.0,1.0,1.0,1.0,1.2942155638784852e-05,1.0,0.0,2.0,easy|hard|medium
test,0,5,48,32,0.5321424139983719,25.66563471101108,636.638242386005,0.009954903274774551,1.0,1.0,1.0,1.0,1.2933832709113609e-05,1.09375,0.0,2.0,hard|easy|medium
test,0,5,49,32,0.5328567170072347,26.199002785011544,637.1716104730003,0.0126524418592453,1.0,1.0,1.0,1.0,1.2925509779442364e-05,0.6875,0.0,2.0,easy|medium|hard
test,0,5,50,32,0.532101190998219,26.731638676006696,637.7042463570106,0.11842304468154907,0.9761904761904762,0.96875,0.9583333333333333,0.9660657476139979,1.2917186849771119e-05,1.03125,0.0,2.0,hard|easy|medium
test,0,5,51,32,0.5318940880097216,27.26406184201187,638.236669586011,0.1546269953250885,0.96875,0.96875,0.9705882352941176,0.9687194525904204,1.2908863920099876e-05,0.875,0.0,2.0,medium|easy|hard
test,0,5,52,32,0.5328585839888547,27.797494975005975,638.7701026590075,0.2504812180995941,0.9372549019607843,0.9375,0.9372549019607843,0.9372549019607843,1.2900540990428631e-05,0.9375,0.0,2.0,easy|hard|medium
test,0,5,53,32,0.5314517980004894,28.32949403800012,639.3021017350111,0.1422678679227829,0.9722222222222222,0.96875,0.9666666666666667,0.9684729064039409,1.2892218060757386e-05,1.09375,0.0,2.0,easy|hard|medium
test,0,5,54,32,0.5319628550059861,28.862041839005542,639.8346495290025,0.44843679666519165,0.868421052631579,0.84375,0.8611111111111112,0.8435972629521017,1.2883895131086143e-05,1.0,0.0,2.0,hard|medium|easy
test,0,5,55,32,0.5327587439969648,29.39532869499817,640.3679363990086,0.14416727423667908,0.9666666666666667,0.96875,0.9722222222222222,0.9684729064039409,1.2875572201414898e-05,0.9375,0.0,2.0,easy|hard|medium
test,0,5,56,32,0.5318917730037356,29.927828067011433,640.9004357490048,0.2143859565258026,0.90625,0.90625,0.907843137254902,0.906158357771261,1.2867249271743657e-05,0.71875,0.0,2.0,medium|easy|hard
test,0,5,57,32,0.531771313995705,30.460075773007702,641.4326834320091,0.1639968305826187,0.9166666666666667,0.9375,0.9545454545454546,0.9307359307359306,1.285892634207241e-05,1.03125,0.0,2.0,hard|medium|easy
test,0,5,58,32,0.5329325560014695,30.993587075005053,641.966194749999,0.11664139479398727,0.975,0.96875,0.9615384615384616,0.9671794871794872,1.2850603412401165e-05,0.9375,0.0,2.0,easy|hard|medium
test,0,5,59,32,0.5325328580074711,31.526584357008687,642.499192037998,0.07347936928272247,0.9772727272727273,0.96875,0.9545454545454546,0.964562569213732,1.2842280482729924e-05,0.78125,0.0,2.0,hard|medium|easy
test,0,5,60,32,0.5318900109996321,32.058977956010494,643.0315856210073,0.09002435952425003,0.96875,0.96875,0.9705882352941176,0.9687194525904204,1.2833957553058677e-05,0.96875,0.0,2.0,easy|medium|hard
test,0,5,61,32,0.5328552249993663,32.59233365600812,643.5649413380015,0.13008294999599457,0.9365079365079365,0.9375,0.9365079365079365,0.9365079365079365,1.2825634623387432e-05,1.03125,0.0,2.0,medium|hard|easy
test,0,5,62,32,0.5322349810012383,33.125111586006824,644.0977192749997,0.011475777253508568,1.0,1.0,1.0,1.0,1.281731169371619e-05,0.96875,0.0,2.0,hard|medium|easy
test,0,5,63,32,0.5330305289971875,33.65871647599852,644.6313242460019,0.01726657524704933,1.0,1.0,1.0,1.0,1.2808988764044944e-05,1.09375,0.0,2.0,easy|hard|medium
test,0,5,64,32,0.5330824220000068,34.192562577009085,645.1651702770032,0.08027291297912598,0.9642857142857143,0.96875,0.9736842105263157,0.967967967967968,1.28006658343737e-05,1.0625,0.0,2.0,hard|easy|medium
test,0,5,65,32,0.5326800789916888,34.725816239006235,645.6984238570003,0.15919806063175201,0.9411764705882353,0.9375,0.9411764705882353,0.9375,1.2792342904702456e-05,1.09375,0.0,2.0,easy|medium|hard
test,0,5,66,32,0.5313347909977892,35.25769907201175,646.2303066780005,0.06256717443466187,0.9307359307359306,0.9375,0.9307359307359306,0.9307359307359306,1.2784019975031212e-05,0.90625,0.0,2.0,easy|hard|medium
test,0,5,67,32,0.5328503180062398,35.79112397501012,646.7637316390028,0.16980695724487305,0.9365079365079365,0.9375,0.9365079365079365,0.9365079365079365,1.2775697045359967e-05,0.9375,0.0,2.0,hard|medium|easy
test,0,5,68,32,0.5325735350052128,36.32429201900959,647.2968996590062,0.015412956476211548,1.0,1.0,1.0,1.0,1.2767374115688724e-05,0.75,0.0,2.0,easy|medium|hard
test,0,5,69,32,0.5319805379986065,36.85683309100568,647.8294406900095,0.016657434403896332,1.0,1.0,1.0,1.0,1.2759051186017479e-05,0.78125,0.0,2.0,easy|medium|hard
test,0,5,70,32,0.5326025799877243,37.389885445998516,648.3624931350059,0.010272938758134842,1.0,1.0,1.0,1.0,1.2750728256346234e-05,0.9375,0.0,2.0,hard|medium|easy
test,0,5,71,32,0.5330018130043754,37.92349360600929,648.8961012820073,0.03306737169623375,0.975,0.96875,0.9615384615384616,0.9671794871794872,1.274240532667499e-05,1.1875,0.0,2.0,easy|hard|medium
test,0,5,72,32,0.5319875290006166,38.456061151009635,649.4286688540014,0.012576439417898655,1.0,1.0,1.0,1.0,1.2734082397003746e-05,0.9375,0.0,2.0,easy|medium|hard
test,0,5,73,32,0.5324084330059122,38.98908691800898,649.9616946110036,0.013353738933801651,1.0,1.0,1.0,1.0,1.2725759467332501e-05,0.90625,0.0,2.0,hard|easy|medium
test,0,5,74,32,0.532572481999523,39.52222723601153,650.4948349280021,0.38041195273399353,0.907843137254902,0.90625,0.90625,0.906158357771261,1.2717436537661258e-05,1.0625,0.0,2.0,medium|easy|hard
test,0,5,75,32,0.5316016370052239,40.0544421490049,651.0270498419995,0.10321168601512909,0.9285714285714286,0.9375,0.95,0.9352226720647774,1.2709113607990013e-05,0.90625,0.0,2.0,easy|medium|hard
test,0,5,76,32,0.5323268439969979,40.58737046600436,651.5599781670026,0.07228566706180573,0.96875,0.96875,0.9705882352941176,0.9687194525904204,1.2700790678318768e-05,1.03125,0.0,2.0,easy|hard|medium
test,0,5,77,32,0.533118804989499,41.121099331008736,652.0937070280052,0.0943085104227066,0.9642857142857143,0.96875,0.9736842105263157,0.967967967967968,1.2692467748647525e-05,1.09375,0.0,2.0,medium|hard|easy
test,0,5,78,32,0.5313798179995501,41.65304888700484,652.6256565530057,0.1791563630104065,0.9722222222222222,0.96875,0.9666666666666667,0.9684729064039409,1.268414481897628e-05,0.90625,0.0,2.0,medium|easy|hard
test,0,5,79,32,0.5306971009995323,42.18430674800766,653.156914414998,0.13245856761932373,0.9285714285714286,0.9375,0.95,0.9352226720647774,1.2675821889305035e-05,1.03125,0.0,2.0,hard|medium|easy
test,0,5,80,32,0.5326567080046516,42.71755545500491,653.6901631350047,0.004584459587931633,1.0,1.0,1.0,1.0,1.2667498959633792e-05,0.78125,0.0,2.0,hard|medium|easy
test,0,5,81,32,0.5321280579955783,43.25017702000332,654.2227850159979,0.07236044108867645,0.975,0.96875,0.9615384615384616,0.9671794871794872,1.2659176029962547e-05,1.0625,0.0,2.0,medium|easy|hard
test,0,5,82,32,0.5315111289964989,43.78233650000766,654.7549442230084,0.19094425439834595,0.9444444444444444,0.9375,0.9375,0.9372549019607843,1.2650853100291302e-05,1.0625,0.0,2.0,easy|medium|hard
test,0,5,83,32,0.5331154449959286,44.316003009007545,655.2886107020022,0.09609116613864899,0.9761904761904762,0.96875,0.9583333333333333,0.9660657476139979,1.2642530170620059e-05,1.0625,0.0,2.0,hard|easy|medium
test,0,5,84,32,0.5325347519974457,44.84910227599903,655.8217099660105,0.09900479018688202,0.95,0.9375,0.9285714285714286,0.9352226720647774,1.2634207240948814e-05,1.03125,0.0,2.0,hard|easy|medium
test,0,5,85,32,0.531381754000904,45.38095221000549,656.3535598880117,0.007359204813838005,1.0,1.0,1.0,1.0,1.262588431127757e-05,0.71875,0.0,2.0,easy|medium|hard
test,0,5,86,32,0.533525919992826,45.9150208820065,656.8876286130107,0.16124162077903748,0.9761904761904762,0.96875,0.9583333333333333,0.9660657476139979,1.2617561381606326e-05,1.09375,0.0,2.0,medium|easy|hard
test,0,5,87,32,0.5318053689989028,46.44737017501029,657.4199778490001,0.32361477613449097,0.8947368421052632,0.875,0.8823529411764706,0.8745098039215686,1.2609238451935081e-05,0.78125,0.0,2.0,hard|medium|easy
test,0,5,88,32,0.5314111820043763,46.97938008701021,657.9519878130086,0.013877203688025475,1.0,1.0,1.0,1.0,1.2600915522263836e-05,0.875,0.0,2.0,medium|easy|hard
test,0,5,89,32,0.5329057549970457,47.512876181004685,658.485483869008,0.19651804864406586,0.95,0.96875,0.9782608695652174,0.9625730994152046,1.2592592592592593e-05,1.03125,0.0,2.0,easy|hard|medium
test,0,5,90,32,0.5324464340083068,48.04583183499926,659.0184395160031,0.09234745055437088,0.9772727272727273,0.96875,0.9545454545454546,0.964562569213732,1.2584269662921348e-05,1.0,0.0,2.0,easy|hard|medium
test,0,5,91,32,0.5316960649943212,48.57810392801184,659.5507116360095,0.004874447826296091,1.0,1.0,1.0,1.0,1.2575946733250104e-05,0.71875,0.0,2.0,hard|easy|medium
test,0,5,92,32,0.5329165989969624,49.11159497201152,660.0842026370083,0.1493937224149704,0.9372549019607843,0.9375,0.9372549019607843,0.9372549019607843,1.256762380357886e-05,1.03125,0.0,2.0,medium|easy|hard
test,0,5,93,32,0.5314386679965537,49.64367239399871,660.6162800830061,0.22868558764457703,0.9307359307359306,0.9375,0.9307359307359306,0.9307359307359306,1.2559300873907616e-05,0.96875,0.0,2.0,medium|hard|easy
test,0,5,94,32,0.5323761280014878,50.17662279801152,661.1492305060092,0.10449625551700592,0.90625,0.90625,0.907843137254902,0.906158357771261,1.2550977944236374e-05,0.9375,0.0,2.0,hard|easy|medium
test,0,5,95,32,0.5326822000060929,50.709896407002816,661.6825041120028,0.0033463158179074526,1.0,1.0,1.0,1.0,1.2542655014565128e-05,1.0625,0.0,2.0,hard|easy|medium
test,0,5,96,32,0.5317654329992365,51.24225544300862,662.214863109999,0.1658923178911209,0.9444444444444444,0.9375,0.9375,0.9372549019607843,1.2534332084893883e-05,1.125,0.0,2.0,medium|hard|easy
test,0,5,97,32,0.5315547640057048,51.77444658000604,662.747054285006,0.14464522898197174,0.9285714285714286,0.9375,0.95,0.9352226720647774,1.2526009155222641e-05,1.25,0.0,2.0,medium|hard|easy
test,0,5,98,32,0.5326751169923227,52.30760390900832,663.2802115840022,0.024918723851442337,1.0,1.0,1.0,1.0,1.2517686225551395e-05,0.875,0.0,2.0,hard|medium|easy
test,0,5,99,32,0.5312461659923429,52.839447302001645,663.8120549739979,0.0033683825749903917,1.0,1.0,1.0,1.0,1.250936329588015e-05,0.96875,0.0,2.0,easy|hard|medium
test,0,5,100,32,0.5315653169964207,53.371600944010424,664.3442085980059,0.007913106121122837,1.0,1.0,1.0,1.0,1.2501040366208908e-05,1.0625,0.0,2.0,medium|hard|easy
test,0,5,101,32,0.5333480319968658,53.90555369800131,664.8781614050095,0.2997134029865265,0.9087301587301587,0.90625,0.903921568627451,0.9054187192118226,1.2492717436537662e-05,1.0625,0.0,2.0,hard|medium|easy
test,0,5,102,32,0.5327794309996534,54.43881130700174,665.411418980002,0.020277218893170357,1.0,1.0,1.0,1.0,1.2484394506866417e-05,1.15625,0.0,2.0,hard|medium|easy
test,0,5,103,32,0.5319489850080572,54.97126361900882,665.9438712310075,0.003552493639290333,1.0,1.0,1.0,1.0,1.2476071577195174e-05,1.09375,0.0,2.0,medium|hard|easy
test,0,5,104,32,0.5325959600013448,55.504340305007645,666.4769479630049,0.08972983807325363,0.9642857142857143,0.96875,0.9736842105263157,0.967967967967968,1.2467748647523929e-05,0.75,0.0,2.0,easy|medium|hard
test,0,5,105,32,0.5318994779954664,56.036811049998505,667.0094187270006,0.1711864322423935,0.96875,0.96875,0.9705882352941176,0.9687194525904204,1.2459425717852684e-05,0.8125,0.0,2.0,easy|hard|medium
test,0,5,106,32,0.5313658399973065,56.56876284901227,667.5413705539977,0.1597958654165268,0.975,0.96875,0.9615384615384616,0.9671794871794872,1.2451102788181441e-05,0.875,0.0,2.0,medium|hard|easy
test,0,5,107,32,0.5328718800010392,57.10219259100268,668.074800250004,0.011253423057496548,1.0,1.0,1.0,1.0,1.2442779858510196e-05,1.03125,0.0,2.0,medium|easy|hard
test,0,5,108,32,0.5323563479905715,57.63512203800201,668.6077297050069,0.11314830929040909,0.975,0.96875,0.9615384615384616,0.9671794871794872,1.2434456928838951e-05,1.0,0.0,2.0,medium|hard|easy
test,0,5,109,32,0.531296201996156,58.16699663200416,669.1396043069981,0.4215756058692932,0.8928571428571428,0.90625,0.9285714285714286,0.9015384615384616,1.2426133999167708e-05,1.1875,0.0,2.0,medium|easy|hard
test,0,5,110,32,0.5321038630063413,58.699696734009194,669.6723044130049,0.012328025884926319,1.0,1.0,1.0,1.0,1.2417811069496463e-05,0.78125,0.0,2.0,easy|medium|hard
test,0,5,111,32,0.5325224550033454,59.232789131012396,670.2053968140099,0.10445399582386017,0.975,0.96875,0.9615384615384616,0.9671794871794872,1.2409488139825218e-05,0.96875,0.0,2.0,hard|easy|medium
test,0,5,112,32,0.5319388120115036,59.765320849008276,670.7379288009979,0.04017754644155502,0.9736842105263157,0.96875,0.9642857142857143,0.967967967967968,1.2401165210153975e-05,1.15625,0.0,2.0,hard|medium|easy
test,0,5,113,32,0.5325707099982537,60.29844252600742,671.271050210009,0.11751954257488251,0.9365079365079365,0.9375,0.9365079365079365,0.9365079365079365,1.239284228048273e-05,1.0625,0.0,2.0,medium|easy|hard
test,0,5,114,32,0.532859692000784,60.83190934600134,671.8045172840066,0.019922031089663506,1.0,1.0,1.0,1.0,1.2384519350811485e-05,0.90625,0.0,2.0,easy|medium|hard
test,0,5,115,32,0.531655907005188,61.3641714000114,672.3367790880002,0.03535279631614685,0.9545454545454546,0.96875,0.9772727272727273,0.964562569213732,1.2376196421140242e-05,1.0,0.0,2.0,hard|medium|easy
test,0,5,116,32,0.5323222819861257,61.897108168006525,672.8697158499999,0.022997695952653885,1.0,1.0,1.0,1.0,1.2367873491468997e-05,1.09375,0.0,2.0,hard|medium|easy
test,0,5,117,32,0.5327095789980376,62.43029575700348,673.4029034050036,0.005983442533761263,1.0,1.0,1.0,1.0,1.2359550561797752e-05,0.9375,0.0,2.0,hard|medium|easy
test,0,5,118,32,0.5316869280068204,62.96258658901206,673.9351942670037,0.012607445009052753,1.0,1.0,1.0,1.0,1.235122763212651e-05,0.875,0.0,2.0,hard|medium|easy
test,0,5,119,32,0.5329429809935391,63.49616812101158,674.4687758140062,0.1316901445388794,0.9372549019607843,0.9375,0.9372549019607843,0.9372549019607843,1.2342904702455264e-05,0.875,0.0,2.0,medium|easy|hard
test,0,5,120,32,0.5324989229993662,64.0291783670109,675.0017860310036,0.01236261148005724,1.0,1.0,1.0,1.0,1.233458177278402e-05,1.28125,0.0,2.0,easy|hard|medium
test,0,5,121,32,0.5318238059990108,64.56157905500731,675.5341867210082,0.09715695679187775,0.9375,0.9375,0.9375,0.9375,1.2326258843112776e-05,0.875,0.0,2.0,hard|easy|medium
test,0,5,122,32,0.5334619029890746,65.09561659900646,676.0682242589974,0.13230231404304504,0.9722222222222222,0.96875,0.9666666666666667,0.9684729064039409,1.2317935913441532e-05,0.875,0.0,2.0,medium|hard|easy
test,0,5,123,32,0.5321840670076199,65.6283964059985,676.6010040850088,0.026364779099822044,1.0,1.0,1.0,1.0,1.2309612983770287e-05,1.125,0.0,2.0,easy|hard|medium
test,0,5,124,32,0.5313903150090482,66.16035018600815,677.1329578790028,0.3189857304096222,0.95,0.9375,0.9285714285714286,0.9352226720647774,1.2301290054099044e-05,1.0,0.0,2.0,medium|easy|hard
test,0,5,125,32,0.5331975480075926,66.6941266010108,677.666734295999,0.22384484112262726,0.903921568627451,0.90625,0.9087301587301587,0.9054187192118226,1.2292967124427799e-05,0.84375,0.0,2.0,medium|easy|hard
test,0,5,126,32,0.5323387340031331,67.22697197200614,678.1995796830015,0.03726780787110329,0.9615384615384616,0.96875,0.975,0.9671794871794872,1.2284644194756554e-05,1.03125,0.0,2.0,medium|hard|easy
test,0,5,127,32,0.5311130140034948,67.75865024101222,678.7312579010031,0.26129284501075745,0.9375,0.9375,0.9375,0.9375,1.227632126508531e-05,0.875,0.0,2.0,medium|easy|hard
test,0,5,128,32,0.5330176380084595,68.29222535100416,679.2648329950025,0.019729945808649063,1.0,1.0,1.0,1.0,1.2267998335414066e-05,0.875,0.0,2.0,medium|easy|hard
test,0,5,129,32,0.531764439001563,68.82458386500366,679.7971915540111,0.07781117409467697,0.9761904761904762,0.96875,0.9583333333333333,0.9660657476139979,1.2259675405742824e-05,0.875,0.0,2.0,hard|medium|easy
test,0,5,130,32,0.5310005680075847,69.35610590600118,680.328713572002,0.14548972249031067,0.9736842105263157,0.96875,0.9642857142857143,0.967967967967968,1.2251352476071578e-05,1.1875,0.0,2.0,easy|medium|hard
test,0,5,131,32,0.5329169659962645,69.88962263100257,680.8622305290046,0.012143703177571297,1.0,1.0,1.0,1.0,1.2243029546400333e-05,1.03125,0.0,2.0,medium|hard|easy
test,0,5,132,32,0.5330926449969411,70.42326026700903,681.3958679670031,0.026549354195594788,1.0,1.0,1.0,1.0,1.2234706616729091e-05,0.90625,0.0,2.0,medium|hard|easy
test,0,5,133,32,0.5316718669928377,70.95553313400887,681.9281408120005,0.043776512145996094,0.96875,0.96875,0.9705882352941176,0.9687194525904204,1.2226383687057845e-05,1.125,0.0,2.0,easy|hard|medium
test,0,5,134,32,0.5332212649955181,71.48932063400571,682.4619283310021,0.11220382899045944,0.9375,0.9375,0.9444444444444444,0.9372549019607843,1.22180607573866e-05,1.09375,0.0,2.0,medium|easy|hard
test,0,5,135,32,0.5322055040014675,72.02210504400136,682.9947127150081,0.12791404128074646,0.9166666666666667,0.90625,0.9117647058823529,0.906158357771261,1.2209737827715359e-05,1.15625,0.0,2.0,medium|easy|hard
test,0,5,136,32,0.5311295949941268,72.55376251900452,683.526370217005,0.01858222857117653,1.0,1.0,1.0,1.0,1.2201414898044112e-05,1.125,0.0,2.0,easy|hard|medium
test,0,5,137,32,0.5331982749921735,73.08749206599896,684.0600997420115,0.015097427181899548,1.0,1.0,1.0,1.0,1.2193091968372867e-05,0.9375,0.0,2.0,medium|easy|hard
test,0,5,138,32,0.5324495280074188,73.62053035999998,684.5931380630063,0.08492891490459442,0.9666666666666667,0.96875,0.9722222222222222,0.9684729064039409,1.2184769038701626e-05,0.96875,0.0,2.0,easy|medium|hard
test,0,5,139,32,0.531423779000761,74.15246186801232,685.1250695280032,0.1588304191827774,0.96875,0.96875,0.9705882352941176,0.9687194525904204,1.2176446109030379e-05,1.1875,0.0,2.0,easy|hard|medium
test,0,5,140,32,0.5327651700063143,74.68584270001156,685.6584503850027,0.11308648437261581,0.975,0.96875,0.9615384615384616,0.9671794871794872,1.2168123179359134e-05,1.03125,0.0,2.0,easy|medium|hard
test,0,5,141,32,0.5326609850017121,75.21908827700827,686.19169598601,0.011818509548902512,1.0,1.0,1.0,1.0,1.2159800249687893e-05,1.0,0.0,2.0,easy|medium|hard
test,0,5,142,32,0.5316357090050587,75.75128016799863,686.7238878490025,0.005860327742993832,1.0,1.0,1.0,1.0,1.2151477320016646e-05,1.0,0.0,2.0,easy|hard|medium
test,0,5,143,32,0.5329611229972215,76.2848028580047,687.2574105079984,0.17544133961200714,0.9166666666666667,0.90625,0.9117647058823529,0.906158357771261,1.2143154390345401e-05,0.96875,0.0,2.0,easy|medium|hard
test,0,5,144,32,0.5323070269951131,76.8176385609986,687.7902462360071,0.03719313442707062,0.96875,0.96875,0.9705882352941176,0.9687194525904204,1.213483146067416e-05,1.125,0.0,2.0,medium|easy|hard
test,0,5,145,32,0.5317784209910315,77.34996626499924,688.3225739560003,0.04163781553506851,0.9722222222222222,0.96875,0.9666666666666667,0.9684729064039409,1.2126508531002913e-05,1.21875,0.0,2.0,hard|medium|easy
test,0,5,146,32,0.5330719360063085,77.88352775901149,688.8561354440026,0.16710788011550903,0.9375,0.9375,0.9444444444444444,0.9372549019607843,1.2118185601331669e-05,1.03125,0.0,2.0,hard|medium|easy
test,0,5,147,32,0.5316201179957716,78.4156665269984,689.3882742020069,0.0098338034003973,1.0,1.0,1.0,1.0,1.2109862671660425e-05,0.6875,0.0,2.0,easy|hard|medium
test,0,5,148,32,0.5323071000020718,78.9485409790068,689.9211486679997,0.0072016906924545765,1.0,1.0,1.0,1.0,1.210153974198918e-05,1.0625,0.0,2.0,hard|medium|easy
test,0,5,149,32,0.5325737379898783,79.48168006900232,690.4542877510103,0.009793199598789215,1.0,1.0,1.0,1.0,1.2093216812317936e-05,1.21875,0.0,2.0,hard|medium|easy
test,0,5,150,32,0.5322458339942386,80.01445437000075,690.9870620370057,0.025439226999878883,1.0,1.0,1.0,1.0,1.2084893882646692e-05,1.0,0.0,2.0,hard|easy|medium
test,0,5,151,32,0.5323368509998545,80.54736383500858,691.51997149401,0.18708132207393646,0.95,0.9375,0.9285714285714286,0.9352226720647774,1.2076570952975448e-05,1.28125,0.0,2.0,easy|medium|hard
test,0,5,152,32,0.532884975997149,81.08082445101172,692.0534321239975,0.028043363243341446,0.9642857142857143,0.96875,0.9736842105263157,0.967967967967968,1.2068248023304203e-05,0.96875,0.0,2.0,medium|hard|easy
test,0,5,153,32,0.5321553359972313,81.61348517901206,692.5860928590118,0.003516355063766241,1.0,1.0,1.0,1.0,1.205992509363296e-05,0.9375,0.0,2.0,easy|hard|medium
test,0,5,154,32,0.5316869310045149,82.14578424399951,693.1183919160103,0.03510890528559685,0.96875,0.96875,0.9705882352941176,0.9687194525904204,1.2051602163961715e-05,0.71875,0.0,2.0,medium|easy|hard
test,0,5,155,32,0.5328693710034713,82.67921938700601,693.6518270730012,0.008613689802587032,1.0,1.0,1.0,1.0,1.204327923429047e-05,1.1875,0.0,2.0,hard|medium|easy
test,0,5,156,32,0.5320666320039891,83.2117644920072,694.1843725240033,0.3325011134147644,0.925,0.90625,0.9,0.9039039039039038,1.2034956304619227e-05,1.0625,0.0,2.0,medium|easy|hard
test,0,5,157,32,0.5317124209977919,83.74405398999806,694.7166616600007,0.21063265204429626,0.9523809523809523,0.9375,0.9230769230769231,0.9333333333333333,1.2026633374947982e-05,1.0,0.0,2.0,medium|hard|easy
test,0,5,158,32,0.5324831789912423,84.27707943000132,695.2496870960022,0.0030420885886996984,1.0,1.0,1.0,1.0,1.2018310445276737e-05,0.9375,0.0,2.0,medium|hard|easy
test,0,5,159,32,0.5322822790039936,84.80995800600795,695.7825659360096,0.0053045907989144325,1.0,1.0,1.0,1.0,1.2009987515605494e-05,0.8125,0.0,2.0,hard|easy|medium
test,0,5,160,32,0.5318182430055458,85.34229807200609,696.3149057510018,0.14621645212173462,0.9772727272727273,0.96875,0.9545454545454546,0.964562569213732,1.2001664585934249e-05,1.09375,0.0,2.0,hard|easy|medium
test,0,5,161,32,0.5325600790092722,85.87546460100566,696.848072629,0.003946289420127869,1.0,1.0,1.0,1.0,1.1993341656263004e-05,0.96875,0.0,2.0,easy|medium|hard
test,0,5,162,32,0.5327714719896903,86.40873897100391,697.3813466510037,0.0024847742170095444,1.0,1.0,1.0,1.0,1.1985018726591761e-05,0.90625,0.0,2.0,hard|medium|easy
test,0,5,163,32,0.531775335999555,86.94113523700798,697.9137428719987,0.15798650681972504,0.9761904761904762,0.96875,0.9583333333333333,0.9660657476139979,1.1976695796920516e-05,1.09375,0.0,2.0,medium|easy|hard
test,0,5,164,32,0.5326588600000832,87.47432035399834,698.4469280150079,0.002240084344521165,1.0,1.0,1.0,1.0,1.1968372867249275e-05,1.21875,0.0,2.0,easy|hard|medium
test,0,5,165,32,0.5325968139950419,88.00736784900073,698.979975536,0.06101316958665848,0.9761904761904762,0.96875,0.9583333333333333,0.9660657476139979,1.1960049937578028e-05,0.9375,0.0,2.0,medium|easy|hard
test,0,5,166,32,0.5319305640005041,88.5398178960022,699.5124255650007,0.023456966504454613,0.9642857142857143,0.96875,0.9736842105263157,0.967967967967968,1.1951727007906783e-05,0.84375,0.0,2.0,medium|easy|hard
test,0,5,167,32,0.5323989769967739,89.07269636100682,700.0453040209977,0.003991954959928989,1.0,1.0,1.0,1.0,1.1943404078235542e-05,1.0625,0.0,2.0,easy|hard|medium
test,0,5,168,32,0.5330995940021239,89.60633762500947,700.5789456019993,0.0015473475214093924,1.0,1.0,1.0,1.0,1.1935081148564295e-05,1.03125,0.0,2.0,hard|medium|easy
test,0,5,169,32,0.5317967099981615,90.1386440720089,701.1112517400034,0.11380119621753693,0.9705882352941176,0.96875,0.96875,0.9687194525904204,1.192675821889305e-05,0.96875,0.0,2.0,medium|easy|hard
test,0,5,170,32,0.5320364280050853,90.6712415140064,701.6438491750014,0.01639331318438053,1.0,1.0,1.0,1.0,1.1918435289221809e-05,0.96875,0.0,2.0,medium|easy|hard
test,0,5,171,32,0.5330446629959624,91.2048936580104,702.1775012730068,0.5239993929862976,0.9347826086956521,0.90625,0.875,0.893687707641196,1.1910112359550562e-05,1.0625,0.0,2.0,medium|hard|easy
test,0,5,172,32,0.5313821649906458,91.7368012270017,702.7094089160091,0.04162362962961197,0.9782608695652174,0.96875,0.95,0.9625730994152046,1.1901789429879317e-05,1.09375,0.0,2.0,hard|medium|easy
test,0,5,173,32,0.5303829559998121,92.26771120300691,703.2403188910102,0.2005852311849594,0.9333333333333333,0.9375,0.9473684210526316,0.9365079365079365,1.1893466500208076e-05,1.0,0.0,2.0,medium|easy|hard
test,0,5,174,32,0.5322614649921888,92.80054763999942,703.7731553080084,0.1983949840068817,0.96875,0.96875,0.9705882352941176,0.9687194525904204,1.188514357053683e-05,0.5625,0.0,2.0,easy|medium|hard
test,0,5,175,32,0.5315982390020508,93.33268518801196,704.3052928609977,0.002920920494943857,1.0,1.0,1.0,1.0,1.1876820640865585e-05,1.15625,0.0,2.0,easy|medium|hard
test,0,5,176,32,0.5314696209970862,93.86476652300917,704.8373744240089,0.0023214658722281456,1.0,1.0,1.0,1.0,1.1868497711194343e-05,1.375,0.0,2.0,easy|medium|hard
test,0,5,177,32,0.5328115120064467,94.39816352700291,705.3707712100004,0.06943973898887634,0.95,0.9375,0.9285714285714286,0.9352226720647774,1.1860174781523096e-05,1.0625,0.0,2.0,easy|hard|medium
test,0,5,178,32,0.5320882059895666,94.93088096599968,705.9034886590089,0.0017643735045567155,1.0,1.0,1.0,1.0,1.1851851851851852e-05,1.03125,0.0,2.0,easy|hard|medium
test,0,5,179,32,0.5314501940010814,95.4629156919982,706.4355233620008,0.002360860351473093,1.0,1.0,1.0,1.0,1.184352892218061e-05,0.96875,0.0,2.0,easy|medium|hard
test,0,5,180,32,0.5324814430059632,95.99594773100398,706.9685553940071,0.01284974068403244,1.0,1.0,1.0,1.0,1.1835205992509364e-05,1.1875,0.0,2.0,hard|easy|medium
test,0,5,181,32,0.5316721749986755,96.52819110300334,707.5007987700083,0.005371506791561842,1.0,1.0,1.0,1.0,1.1826883062838119e-05,0.96875,0.0,2.0,easy|medium|hard
test,0,5,182,32,0.5315102059976198,97.0601420860039,708.0327497840044,0.0014813132584095001,1.0,1.0,1.0,1.0,1.1818560133166877e-05,1.0,0.0,2.0,hard|easy|medium
test,0,5,183,32,0.5322287790040718,97.592908111008,708.5655157849978,0.22269602119922638,0.95,0.96875,0.9782608695652174,0.9625730994152046,1.181023720349563e-05,1.0,0.0,2.0,easy|medium|hard
test,0,5,184,32,0.5321738819911843,98.12552389000484,709.0981315460085,0.05662207305431366,0.9642857142857143,0.96875,0.9736842105263157,0.967967967967968,1.1801914273824386e-05,1.03125,0.0,2.0,medium|easy|hard
test,0,5,185,32,0.5314985710137989,98.65759344100661,709.6302011240041,0.17186400294303894,0.975,0.96875,0.9615384615384616,0.9671794871794872,1.1793591344153144e-05,0.96875,0.0,2.0,easy|medium|hard
test,0,5,186,32,0.5318944189930335,99.19003290700493,710.1626405790012,0.01196300145238638,1.0,1.0,1.0,1.0,1.1785268414481898e-05,0.84375,0.0,2.0,hard|medium|easy
test,0,5,187,32,0.532063870006823,99.72267200400529,710.6952796910045,0.0037139267660677433,1.0,1.0,1.0,1.0,1.1776945484810653e-05,0.9375,0.0,2.0,easy|hard|medium
test,0,5,188,32,0.5309281529916916,100.2541854250012,711.2267931030074,0.19104693830013275,0.9761904761904762,0.96875,0.9583333333333333,0.9660657476139979,1.176862255513941e-05,0.90625,0.0,2.0,easy|hard|medium
test,0,5,189,32,0.5327094620006392,100.7873864639987,711.7599942230008,0.5740087032318115,0.8705882352941177,0.875,0.8825910931174089,0.873015873015873,1.1760299625468165e-05,1.125,0.0,2.0,easy|medium|hard
test,0,5,190,32,0.5327517990081105,101.32071757801168,712.2933253939991,0.07826817035675049,0.9333333333333333,0.9375,0.9473684210526316,0.9365079365079365,1.175197669579692e-05,0.96875,0.0,2.0,medium|hard|easy
test,0,5,191,32,0.5311794040026143,101.85246310800721,712.8250708070118,0.2770034074783325,0.875,0.875,0.875,0.875,1.1743653766125677e-05,0.96875,0.0,2.0,easy|medium|hard
test,0,5,192,32,0.5326630859926809,102.38564725300239,713.3582549270068,0.002964611630886793,1.0,1.0,1.0,1.0,1.1735330836454432e-05,0.71875,0.0,2.0,medium|easy|hard
test,0,5,193,32,0.5319561429932946,102.918201271008,713.8908089290053,0.004373352043330669,1.0,1.0,1.0,1.0,1.1727007906783187e-05,0.6875,0.0,2.0,medium|easy|hard
test,0,5,194,32,0.5314427859993884,103.45019863500784,714.4228063330083,0.0016273517394438386,1.0,1.0,1.0,1.0,1.1718684977111944e-05,1.0,0.0,2.0,easy|medium|hard
test,0,5,195,32,0.5335678219998954,103.98436781299824,714.9569754830009,0.11640366911888123,0.9736842105263157,0.96875,0.9642857142857143,0.967967967967968,1.17103620474407e-05,1.15625,0.0,2.0,hard|easy|medium
test,0,5,196,32,0.5323848200059729,104.51725939899916,715.4898670000111,0.11986389756202698,0.9705882352941176,0.96875,0.96875,0.9687194525904204,1.1702039117769454e-05,1.21875,0.0,2.0,medium|hard|easy
test,0,5,197,32,0.5314632249937858,105.0493108320079,716.0219184989983,0.17681948840618134,0.975,0.96875,0.9615384615384616,0.9671794871794872,1.1693716188098211e-05,0.96875,0.0,2.0,hard|medium|easy
test,0,5,198,32,0.5331209510040935,105.58297146001132,716.5555791270017,0.18417038023471832,0.96875,0.96875,0.9705882352941176,0.9687194525904204,1.1685393258426966e-05,0.875,0.0,2.0,hard|easy|medium
test,0,5,199,32,0.5324940790014807,106.11600860800536,717.0886165340053,0.15377286076545715,0.9722222222222222,0.96875,0.9666666666666667,0.9684729064039409,1.1677070328755721e-05,0.78125,0.0,2.0,easy|hard|medium
test,0,5,200,32,0.5316073499998311,106.64819845200691,717.6208061240031,0.28837013244628906,0.9166666666666667,0.90625,0.9117647058823529,0.906158357771261,1.1668747399084478e-05,1.28125,0.0,2.0,hard|medium|easy
test,0,5,201,32,0.5329942100070184,107.1817319450056,718.1543396159977,0.004017949104309082,1.0,1.0,1.0,1.0,1.1660424469413233e-05,1.0,0.0,2.0,easy|medium|hard
test,0,5,202,32,0.5324958299897844,107.71481994600617,718.6874276540038,0.41295015811920166,0.873015873015873,0.875,0.873015873015873,0.873015873015873,1.1652101539741992e-05,0.9375,0.0,2.0,medium|easy|hard
test,0,5,203,32,0.5315978950093267,108.2469295990013,719.2195372630085,0.2427666038274765,0.9642857142857143,0.96875,0.9736842105263157,0.967967967967968,1.1643778610070745e-05,1.03125,0.0,2.0,easy|medium|hard
test,0,5,204,32,0.5327734710008372,108.78030374500668,719.7529113960045,0.07953085750341415,0.9666666666666667,0.96875,0.9722222222222222,0.9684729064039409,1.16354556803995e-05,1.0625,0.0,2.0,medium|hard|easy
test,0,5,205,32,0.5321688059921144,109.31303683599981,720.2856445060024,0.28632426261901855,0.9375,0.9375,0.9444444444444444,0.9372549019607843,1.1627132750728259e-05,1.0,0.0,2.0,medium|hard|easy
test,0,5,206,32,0.5313108819973422,109.84492843100452,720.8175361270114,0.016070859506726265,1.0,1.0,1.0,1.0,1.1618809821057013e-05,1.15625,0.0,2.0,easy|hard|medium
test,0,5,207,32,0.5327559709985508,110.37825473600242,721.3508624149981,0.2801114320755005,0.9069264069264069,0.90625,0.8916666666666666,0.8981972428419936,1.1610486891385768e-05,0.875,0.0,2.0,medium|hard|easy
test,0,5,208,32,0.5322492609993787,110.9110528230085,721.8836605190008,0.01745951734483242,1.0,1.0,1.0,1.0,1.1602163961714526e-05,0.8125,0.0,2.0,hard|easy|medium
test,0,5,209,32,0.5312187999952585,111.44293702099822,722.4155447020021,0.08852545917034149,0.96875,0.96875,0.9705882352941176,0.9687194525904204,1.159384103204328e-05,1.03125,0.0,2.0,easy|hard|medium
test,0,5,210,32,0.5329451259894995,111.97645246500906,722.9490601500002,0.0031598242931067944,1.0,1.0,1.0,1.0,1.1585518102372035e-05,0.90625,0.0,2.0,hard|medium|easy
test,0,5,211,32,0.5318873280048138,112.50892138300696,723.481529044002,0.020782021805644035,1.0,1.0,1.0,1.0,1.1577195172700793e-05,1.0625,0.0,2.0,hard|medium|easy
test,0,5,212,32,0.531174183008261,113.04069800200523,724.0133056580089,0.06521295011043549,0.9642857142857143,0.96875,0.9736842105263157,0.967967967967968,1.1568872243029547e-05,1.09375,0.0,2.0,easy|medium|hard
test,0,5,213,32,0.5331774469959782,113.57443490500737,724.5470428539993,0.01820182055234909,1.0,1.0,1.0,1.0,1.1560549313358302e-05,1.25,0.0,2.0,easy|medium|hard
test,0,5,214,32,0.5326136569929076,114.10761746400385,725.0802251400019,0.030321909114718437,0.9705882352941176,0.96875,0.96875,0.9687194525904204,1.155222638368706e-05,1.0625,0.0,2.0,hard|easy|medium
test,0,5,215,32,0.5317384439986199,114.63996706801117,725.6125747680053,0.006598912179470062,1.0,1.0,1.0,1.0,1.1543903454015814e-05,0.9375,0.0,2.0,hard|medium|easy
test,0,5,216,32,0.5330136819975451,115.17357519301004,726.146182802011,0.006418469361960888,1.0,1.0,1.0,1.0,1.1535580524344569e-05,1.21875,0.0,2.0,hard|medium|easy
test,0,5,217,32,0.5325992319994839,115.70681406999938,726.6794219930016,0.011549970135092735,1.0,1.0,1.0,1.0,1.1527257594673328e-05,1.0625,0.0,2.0,hard|medium|easy
test,0,5,218,32,0.5317482509999536,116.23905885200656,727.2116665409994,0.004434652626514435,1.0,1.0,1.0,1.0,1.1518934665002081e-05,0.9375,0.0,2.0,medium|easy|hard
test,0,5,219,32,0.5327796569908969,116.77244801000052,727.7450556730037,0.07333865761756897,0.9642857142857143,0.96875,0.9736842105263157,0.967967967967968,1.1510611735330836e-05,1.125,0.0,2.0,easy|medium|hard
test,0,5,220,32,0.5319114919984713,117.30490932500106,728.2775170610112,0.003810899332165718,1.0,1.0,1.0,1.0,1.1502288805659595e-05,1.0,0.0,2.0,medium|easy|hard
test,0,5,221,32,0.5318361200043,117.83733329300594,728.8099409830029,0.019786538556218147,1.0,1.0,1.0,1.0,1.1493965875988348e-05,0.90625,0.0,2.0,easy|medium|hard
test,0,5,222,32,0.5330224390054354,118.37086787700537,729.3434755690105,0.2124931812286377,0.96875,0.96875,0.9705882352941176,0.9687194525904204,1.1485642946317103e-05,0.84375,0.0,2.0,medium|hard|easy
test,0,5,223,32,0.5316447259974666,118.90307356900303,729.875681245001,0.01806751638650894,1.0,1.0,1.0,1.0,1.1477320016645862e-05,0.90625,0.0,2.0,medium|easy|hard
test,0,5,224,32,0.5319772030052263,119.43549732799875,730.4081050180102,0.004965425468981266,1.0,1.0,1.0,1.0,1.1468997086974615e-05,1.21875,0.0,2.0,hard|medium|easy
test,0,5,225,32,0.5323640220012749,119.96846537300735,730.9410730310046,0.1301857978105545,0.9736842105263157,0.96875,0.9642857142857143,0.967967967967968,1.146067415730337e-05,0.8125,0.0,2.0,medium|easy|hard
test,0,5,226,32,0.5319352920050733,120.50099433001014,731.4736020230048,0.04194992780685425,0.9583333333333333,0.96875,0.9761904761904762,0.9660657476139979,1.1452351227632129e-05,0.90625,0.0,2.0,hard|medium|easy
test,0,5,227,32,0.5319750929920701,121.03352150000865,732.0061291890015,0.2046065479516983,0.9375,0.9375,0.9444444444444444,0.9372549019607843,1.1444028297960882e-05,0.875,0.0,2.0,hard|medium|easy
test,0,5,228,32,0.5331451009988086,121.56728195800679,732.5398896490078,0.2380104660987854,0.9166666666666667,0.90625,0.9117647058823529,0.906158357771261,1.1435705368289637e-05,1.0625,0.0,2.0,medium|hard|easy
test,0,5,229,32,0.5323188170004869,122.10020827200788,733.072815972002,0.007855614647269249,1.0,1.0,1.0,1.0,1.1427382438618396e-05,1.1875,0.0,2.0,medium|hard|easy
test,0,5,230,32,0.5316336730029434,122.63236163101101,733.6049693390087,0.16953444480895996,0.9666666666666667,0.96875,0.9722222222222222,0.9684729064039409,1.141905950894715e-05,0.9375,0.0,2.0,medium|hard|easy
test,0,5,231,32,0.5325546160020167,123.16543837700738,734.1380460340006,0.11778182536363602,0.9705882352941176,0.96875,0.96875,0.9687194525904204,1.1410736579275905e-05,0.8125,0.0,2.0,hard|medium|easy
test,0,5,232,32,0.532424278993858,123.69846634200076,734.6710740319977,0.2036810964345932,0.9230769230769231,0.9375,0.9523809523809523,0.9333333333333333,1.1402413649604661e-05,1.03125,0.0,2.0,easy|medium|hard
test,0,5,233,32,0.5323391550045926,124.23127190000378,735.2038798110007,0.01156543381512165,1.0,1.0,1.0,1.0,1.1394090719933417e-05,0.8125,0.0,2.0,hard|easy|medium
test,0,5,234,32,0.5338237329997355,124.76568589500675,735.7382936020003,0.005972664803266525,1.0,1.0,1.0,1.0,1.1385767790262172e-05,1.0625,0.0,2.0,medium|hard|easy
test,0,5,235,32,0.5327331469889032,125.29911129300308,736.2717189910036,0.004364974796772003,1.0,1.0,1.0,1.0,1.1377444860590929e-05,0.8125,0.0,2.0,hard|easy|medium
test,0,5,236,32,0.5318394909991184,125.83146298900829,736.8040706870088,0.009930445812642574,1.0,1.0,1.0,1.0,1.1369121930919684e-05,0.96875,0.0,2.0,medium|easy|hard
test,0,5,237,32,0.5326471279986436,126.36467550900124,737.3372831750021,0.0044221412390470505,1.0,1.0,1.0,1.0,1.1360799001248442e-05,1.125,0.0,2.0,hard|medium|easy
test,0,5,238,32,0.5320861470099771,126.89732982200803,737.8699377529992,0.14136305451393127,0.9444444444444444,0.9375,0.9375,0.9372549019607843,1.1352476071577196e-05,1.03125,0.0,2.0,medium|easy|hard
test,0,5,239,32,0.5316529980045743,127.42953137699806,738.4021391709975,0.45446765422821045,0.9166666666666667,0.90625,0.9117647058823529,0.906158357771261,1.134415314190595e-05,1.03125,0.0,2.0,hard|medium|easy
test,0,5,240,32,0.532704769007978,127.96282304701163,738.9354307330068,0.2081708014011383,0.9230769230769231,0.9375,0.9523809523809523,0.9333333333333333,1.133583021223471e-05,1.0625,0.0,2.0,hard|medium|easy
test,0,5,241,32,0.5328658140060725,128.49617847200716,739.4687864570005,0.1989942044019699,0.9333333333333333,0.9375,0.9473684210526316,0.9365079365079365,1.1327507282563463e-05,1.1875,0.0,2.0,hard|easy|medium
test,0,5,242,32,0.532038493998698,129.02876504699816,740.0013727180049,0.16837215423583984,0.907843137254902,0.90625,0.90625,0.906158357771261,1.1319184352892218e-05,1.0625,0.0,2.0,medium|hard|easy
test,0,5,243,32,0.5327145639894297,129.56199850600387,740.5346061130113,0.004521562717854977,1.0,1.0,1.0,1.0,1.1310861423220976e-05,0.96875,0.0,2.0,medium|easy|hard
test,0,5,244,32,0.5326266430056421,130.09515299400664,741.0677608660044,0.192867249250412,0.96875,0.96875,0.9705882352941176,0.9687194525904204,1.130253849354973e-05,1.21875,0.0,2.0,hard|easy|medium
test,0,5,245,32,0.5318525049951859,130.62759179501154,741.6001994700055,0.09133432060480118,0.95,0.96875,0.9782608695652174,0.9625730994152046,1.1294215563878485e-05,1.125,0.0,2.0,medium|easy|hard
test,0,5,246,32,0.5326364000065951,131.16077969300386,742.1333874030097,0.2097940891981125,0.9705882352941176,0.96875,0.96875,0.9687194525904204,1.1285892634207244e-05,0.90625,0.0,2.0,medium|hard|easy
test,0,5,247,32,0.5325774179946166,131.69396715900803,742.666574835006,0.0026442839298397303,1.0,1.0,1.0,1.0,1.1277569704535997e-05,0.8125,0.0,2.0,hard|easy|medium
test,0,5,248,32,0.5320524529961403,132.2265703130106,743.1991780000099,0.008928820490837097,1.0,1.0,1.0,1.0,1.1269246774864752e-05,1.03125,0.0,2.0,easy|hard|medium
test,0,5,249,32,0.5330009860044811,132.76015355500567,743.7327613140078,0.007992349565029144,1.0,1.0,1.0,1.0,1.126092384519351e-05,0.96875,0.0,2.0,medium|easy|hard
test,0,5,250,32,0.5332022869988577,133.29392712400295,744.2665348890005,0.18644508719444275,0.9411764705882353,0.9375,0.9411764705882353,0.9375,1.1252600915522264e-05,1.03125,0.0,2.0,hard|medium|easy
test,0,5,251,32,0.5321921220020158,133.826619148007,744.7992269280076,0.12140190601348877,0.9736842105263157,0.96875,0.9642857142857143,0.967967967967968,1.124427798585102e-05,0.875,0.0,2.0,easy|hard|medium
test,0,5,252,32,0.5329192850040272,134.36010590700607,745.3327135849977,0.004591416101902723,1.0,1.0,1.0,1.0,1.1235955056179778e-05,0.96875,0.0,2.0,easy|medium|hard
test,0,5,253,32,0.532659042000887,134.89329709700542,745.8659047480032,0.005358835216611624,1.0,1.0,1.0,1.0,1.1227632126508531e-05,0.78125,0.0,2.0,easy|medium|hard
test,0,5,254,32,0.5322904609929537,135.42607604801015,746.3986840970028,0.012329707853496075,1.0,1.0,1.0,1.0,1.1219309196837286e-05,0.8125,0.0,2.0,easy|hard|medium
test,0,5,255,32,0.532277221995173,135.95888883800944,746.9314965119993,0.06992489099502563,0.9722222222222222,0.96875,0.9666666666666667,0.9684729064039409,1.1210986267166045e-05,0.875,0.0,2.0,medium|easy|hard
test,0,5,256,32,0.5326420560013503,136.4921225660073,747.4647303079983,0.001997527666389942,1.0,1.0,1.0,1.0,1.1202663337494798e-05,0.96875,0.0,2.0,easy|medium|hard
test,0,5,257,32,0.5321884250006406,137.02484735200414,747.9974552890053,0.013915738090872765,1.0,1.0,1.0,1.0,1.1194340407823553e-05,0.96875,0.0,2.0,easy|hard|medium
test,0,5,258,32,0.5326452239969512,137.5580806450016,748.5306883010053,0.129460409283638,0.9705882352941176,0.96875,0.96875,0.9687194525904204,1.1186017478152312e-05,0.9375,0.0,2.0,medium|hard|easy
test,0,5,259,32,0.5325258380034938,138.09118548000697,749.0637931350066,0.08349329233169556,0.9444444444444444,0.9375,0.9375,0.9372549019607843,1.1177694548481065e-05,1.03125,0.0,2.0,medium|hard|easy
test,0,5,260,32,0.5314839140046388,138.6232467830123,749.5958544720052,0.19164115190505981,0.9761904761904762,0.96875,0.9583333333333333,0.9660657476139979,1.116937161880982e-05,0.90625,0.0,2.0,medium|hard|easy
test,0,5,261,32,0.5305894479970448,139.15440129701165,750.1270089940081,0.0216083787381649,1.0,1.0,1.0,1.0,1.1161048689138579e-05,0.90625,0.0,2.0,easy|medium|hard
test,0,5,262,32,0.5330022650014143,139.68801409100706,750.660621766001,0.21281330287456512,0.9722222222222222,0.96875,0.9666666666666667,0.9684729064039409,1.1152725759467333e-05,1.125,0.0,2.0,hard|medium|easy
test,0,5,263,32,0.5316134299937403,140.2205529470084,751.1931606230064,0.13875289261341095,0.9372549019607843,0.9375,0.9372549019607843,0.9372549019607843,1.1144402829796088e-05,1.09375,0.0,2.0,hard|easy|medium
test,0,5,264,32,0.5324842459958745,140.75352830500924,751.7261360070115,0.05561695992946625,0.9583333333333333,0.96875,0.9761904761904762,0.9660657476139979,1.1136079900124846e-05,1.0625,0.0,2.0,easy|medium|hard
test,0,5,265,32,0.5336621059977915,141.2877566100069,752.2603643019975,0.00620462978258729,1.0,1.0,1.0,1.0,1.11277569704536e-05,1.15625,0.0,2.0,hard|easy|medium
test,0,5,266,32,0.5318595799908508,141.82014034200984,752.7927480450016,0.06987632811069489,0.9736842105263157,0.96875,0.9642857142857143,0.967967967967968,1.1119434040782355e-05,1.1875,0.0,2.0,hard|easy|medium
test,0,5,267,17,0.32002762900083326,142.14066238699888,753.1132700599992,0.3766213655471802,0.9444444444444444,0.9411764705882353,0.9444444444444444,0.9411764705882353,1.1111111111111113e-05,1.2352941036224365,0.0,2.0,hard|medium|easy
test,0,6,1,32,0.5344513659947552,0.6197379270015517,764.2701662470063,0.0032309871166944504,1.0,1.0,1.0,1.0,1.1102788181439867e-05,0.90625,0.0,2.0,hard|medium|easy
test,0,6,2,32,0.5311600339919096,1.1515900800004601,764.8020149560034,0.21056048572063446,0.96875,0.96875,0.9705882352941176,0.9687194525904204,1.1094465251768622e-05,0.8125,0.0,2.0,easy|medium|hard
test,0,6,3,32,0.5331195239996305,1.685308897998766,765.3357337699999,0.12383148819208145,0.9772727272727273,0.96875,0.9545454545454546,0.964562569213732,1.108614232209738e-05,0.90625,0.0,2.0,medium|easy|hard
test,0,6,4,32,0.5336613279941957,2.2195782810013043,765.8700031670014,0.06515754759311676,0.9666666666666667,0.96875,0.9722222222222222,0.9684729064039409,1.1077819392426134e-05,0.96875,0.0,2.0,hard|easy|medium
test,0,6,5,32,0.5315014789957786,2.7517787010001484,766.4022036020033,0.0063616312108933926,1.0,1.0,1.0,1.0,1.1069496462754889e-05,0.78125,0.0,2.0,medium|easy|hard
test,0,6,6,32,0.533015601002262,3.2854037469951436,766.935828614005,0.0845908671617508,0.96875,0.96875,0.9705882352941176,0.9687194525904204,1.1061173533083646e-05,1.15625,0.0,2.0,hard|medium|easy
test,0,6,7,32,0.532199417008087,3.8181572199973743,767.4685821099993,0.004560734611004591,1.0,1.0,1.0,1.0,1.1052850603412401e-05,1.09375,0.0,2.0,medium|easy|hard
test,0,6,8,32,0.5315606469957856,4.350262923995615,768.0006878160057,0.0048814998008310795,1.0,1.0,1.0,1.0,1.104452767374116e-05,0.875,0.0,2.0,easy|hard|medium
test,0,6,9,32,0.5327204240020365,4.883498470997438,768.5339233590057,0.2455701231956482,0.9444444444444444,0.9375,0.9375,0.9372549019607843,1.1036204744069913e-05,0.875,0.0,2.0,medium|easy|hard
test,0,6,10,32,0.5322386070038192,5.416263270992204,769.0666880970093,0.0075926692225039005,1.0,1.0,1.0,1.0,1.1027881814398668e-05,0.71875,0.0,2.0,easy|medium|hard
test,0,6,11,32,0.5314480619999813,5.948316969996085,769.5987418709992,0.006666651926934719,1.0,1.0,1.0,1.0,1.1019558884727427e-05,0.75,0.0,2.0,medium|easy|hard
test,0,6,12,32,0.5331546579982387,6.4819911060039885,770.1324159939977,0.14798025786876678,0.9772727272727273,0.96875,0.9545454545454546,0.964562569213732,1.101123595505618e-05,1.0,0.0,2.0,easy|hard|medium
test,0,6,13,32,0.5325365549942944,7.015103742989595,770.6655285700108,0.013887451961636543,1.0,1.0,1.0,1.0,1.1002913025384935e-05,1.0625,0.0,2.0,hard|medium|easy
test,0,6,14,32,0.5317718220030656,7.547399853996467,771.1978247500083,0.17185917496681213,0.9666666666666667,0.96875,0.9722222222222222,0.9684729064039409,1.0994590095713694e-05,0.9375,0.0,2.0,medium|hard|easy
test,0,6,15,32,0.5328812910011038,8.080800612995517,771.7312254860008,0.30324143171310425,0.8888888888888888,0.9375,0.96,0.9166666666666667,1.0986267166042447e-05,0.75,0.0,2.0,medium|easy|hard
test,0,6,16,32,0.532701112999348,8.614007911994122,772.26443280901,0.01619790308177471,1.0,1.0,1.0,1.0,1.0977944236371202e-05,0.90625,0.0,2.0,medium|hard|easy
test,0,6,17,32,0.5314014379982837,9.145992691992433,772.7964175630041,0.12741392850875854,0.9375,0.9375,0.9444444444444444,0.9372549019607843,1.0969621306699961e-05,0.71875,0.0,2.0,easy|medium|hard
test,0,6,18,32,0.5330932509968989,9.679617394998786,773.3300422840111,0.006077295634895563,1.0,1.0,1.0,1.0,1.0961298377028714e-05,0.8125,0.0,2.0,hard|easy|medium
test,0,6,19,32,0.5320643010054482,10.212251864999416,773.8626767469977,0.006120446138083935,1.0,1.0,1.0,1.0,1.095297544735747e-05,0.9375,0.0,2.0,easy|hard|medium
test,0,6,20,32,0.5326680059952196,10.745424444990931,774.3958493320097,0.03755541518330574,0.9666666666666667,0.96875,0.9722222222222222,0.9684729064039409,1.0944652517686228e-05,0.96875,0.0,2.0,easy|hard|medium
test,0,6,21,32,0.5334002539893845,11.279430693990435,774.9298555630085,0.004504523240029812,1.0,1.0,1.0,1.0,1.0936329588014981e-05,1.1875,0.0,2.0,medium|hard|easy
test,0,6,22,32,0.5323668310011271,11.81238469199161,775.4628096490051,0.009614050388336182,1.0,1.0,1.0,1.0,1.0928006658343737e-05,0.6875,0.0,2.0,easy|medium|hard
test,0,6,23,32,0.5318932119989768,12.344885829996201,775.9953107170004,0.07541995495557785,0.98,0.96875,0.9375,0.9564625850340136,1.0919683728672495e-05,1.0,0.0,2.0,hard|easy|medium
test,0,6,24,32,0.5331493480043719,12.878607738995925,776.5290326120012,0.00584939680993557,1.0,1.0,1.0,1.0,1.0911360799001249e-05,0.65625,0.0,2.0,medium|hard|easy
test,0,6,25,32,0.5322688610031037,13.411482223003986,777.0619071070105,0.021728530526161194,1.0,1.0,1.0,1.0,1.0903037869330004e-05,1.15625,0.0,2.0,medium|hard|easy
test,0,6,26,32,0.5315260149945971,13.943553905992303,777.5939787789976,0.005316288210451603,1.0,1.0,1.0,1.0,1.0894714939658762e-05,1.1875,0.0,2.0,hard|medium|easy
test,0,6,27,32,0.5333550409995951,14.477476453001145,778.1279013390013,0.010081334039568901,1.0,1.0,1.0,1.0,1.0886392009987516e-05,1.0625,0.0,2.0,easy|medium|hard
test,0,6,28,32,0.5322303330030991,15.01024736999534,778.6606722470024,0.006681649014353752,1.0,1.0,1.0,1.0,1.087806908031627e-05,1.28125,0.0,2.0,medium|easy|hard
test,0,6,29,32,0.5324973800015869,15.543290253990563,779.1937151430029,0.163637176156044,0.9761904761904762,0.96875,0.9583333333333333,0.9660657476139979,1.086974615064503e-05,0.75,0.0,2.0,medium|easy|hard
test,0,6,30,32,0.5336209740053164,16.077451017001295,779.7278758520115,0.003548902925103903,1.0,1.0,1.0,1.0,1.0861423220973783e-05,1.125,0.0,2.0,easy|hard|medium
test,0,6,31,32,0.532252871998935,16.610262588001206,780.2606874710036,0.004271489102393389,1.0,1.0,1.0,1.0,1.0853100291302538e-05,0.96875,0.0,2.0,easy|hard|medium
test,0,6,32,32,0.5320703990000766,17.14291067799786,780.7933358580049,0.1654622107744217,0.9375,0.9375,0.9444444444444444,0.9372549019607843,1.0844777361631296e-05,1.0,0.0,2.0,hard|medium|easy
test,0,6,33,32,0.5337782419956056,17.677183236999554,781.3276081180084,0.043985478579998016,0.9705882352941176,0.96875,0.96875,0.9687194525904204,1.083645443196005e-05,1.03125,0.0,2.0,medium|hard|easy
test,0,6,34,32,0.5324484779994236,18.210178553999867,781.8606034740078,0.12744897603988647,0.9642857142857143,0.96875,0.9736842105263157,0.967967967967968,1.0828131502288805e-05,1.09375,0.0,2.0,medium|hard|easy
test,0,6,35,32,0.5328342599968892,18.743641417997424,782.3940663020039,0.0043852911330759525,1.0,1.0,1.0,1.0,1.0819808572617564e-05,1.0625,0.0,2.0,medium|hard|easy
test,0,6,36,32,0.5331206999981077,19.277388593996875,782.9278134690103,0.07456233352422714,0.9666666666666667,0.96875,0.9722222222222222,0.9684729064039409,1.0811485642946317e-05,1.0625,0.0,2.0,medium|hard|easy
test,0,6,37,32,0.5324730160064064,19.810481844993774,783.4609067200072,0.21595075726509094,0.9722222222222222,0.96875,0.9666666666666667,0.9684729064039409,1.0803162713275072e-05,1.03125,0.0,2.0,medium|hard|easy
test,0,6,38,32,0.5323201889987104,20.343308536001132,783.9937334190035,0.0037657474167644978,1.0,1.0,1.0,1.0,1.079483978360383e-05,1.0625,0.0,2.0,medium|easy|hard
test,0,6,39,32,0.5330593499966199,20.876933191000717,784.5273580770008,0.27335691452026367,0.9375,0.9375,0.9444444444444444,0.9372549019607843,1.0786516853932584e-05,0.90625,0.0,2.0,medium|hard|easy
test,0,6,40,32,0.532684680991224,21.410196080993046,785.0606209570105,0.002875267993658781,1.0,1.0,1.0,1.0,1.077819392426134e-05,1.3125,0.0,2.0,medium|hard|easy
test,0,6,41,32,0.5323357279994525,21.943094590998953,785.5935194800113,0.003805042477324605,1.0,1.0,1.0,1.0,1.0769870994590098e-05,0.90625,0.0,2.0,hard|medium|easy
test,0,6,42,32,0.5327012630004901,22.47630878900236,786.1267336650053,0.0022133379243314266,1.0,1.0,1.0,1.0,1.0761548064918851e-05,0.96875,0.0,2.0,medium|easy|hard
test,0,6,43,32,0.5325149139971472,23.00941361799778,786.6598384950048,0.0034544006921350956,1.0,1.0,1.0,1.0,1.075322513524761e-05,0.71875,0.0,2.0,medium|hard|easy
test,0,6,44,32,0.5320484349940671,23.542012894991785,787.1924377670075,0.004198519513010979,1.0,1.0,1.0,1.0,1.0744902205576365e-05,1.28125,0.0,2.0,medium|hard|easy
test,0,6,45,32,0.5329653779917862,24.07551633899857,787.7259412020067,0.0036177062429487705,1.0,1.0,1.0,1.0,1.0736579275905118e-05,1.0,0.0,2.0,hard|easy|medium
test,0,6,46,32,0.5321165780042065,24.608210598002188,788.2586357420078,0.1824747771024704,0.9615384615384616,0.96875,0.975,0.9671794871794872,1.0728256346233877e-05,0.84375,0.0,2.0,easy|medium|hard
test,0,6,47,32,0.5318346860003658,25.140644141996745,788.7910690249992,0.03028058633208275,0.975,0.96875,0.9615384615384616,0.9671794871794872,1.0719933416562632e-05,1.1875,0.0,2.0,hard|medium|easy
test,0,6,48,32,0.533429151008022,25.67457899299916,789.3250038719998,0.0027923781890422106,1.0,1.0,1.0,1.0,1.0711610486891385e-05,1.0625,0.0,2.0,easy|hard|medium
test,0,6,49,32,0.5322996670001885,26.2074765330035,789.8579014040006,0.12040681391954422,0.9666666666666667,0.96875,0.9722222222222222,0.9684729064039409,1.0703287557220144e-05,1.15625,0.0,2.0,medium|easy|hard
test,0,6,50,32,0.531710862996988,26.73975593999785,790.3901807900111,0.002607384929433465,1.0,1.0,1.0,1.0,1.0694964627548897e-05,0.90625,0.0,2.0,medium|easy|hard
test,0,6,51,32,0.5329020159988431,27.273220962000778,790.923645857998,0.09496155381202698,0.9772727272727273,0.96875,0.9545454545454546,0.964562569213732,1.0686641697877653e-05,1.0,0.0,2.0,medium|hard|easy
test,0,6,52,32,0.5320920649974141,27.805834022990894,791.4562588910048,0.18764628469944,0.9642857142857143,0.96875,0.9736842105263157,0.967967967967968,1.0678318768206411e-05,1.25,0.0,2.0,medium|easy|hard
test,0,6,53,32,0.5328134139999747,28.339244429997052,791.9896693170012,0.002298572566360235,1.0,1.0,1.0,1.0,1.0669995838535165e-05,1.1875,0.0,2.0,medium|easy|hard
test,0,6,54,32,0.5331516330043087,28.87291728600394,792.5233421750017,0.10117213428020477,0.9722222222222222,0.96875,0.9666666666666667,0.9684729064039409,1.066167290886392e-05,0.9375,0.0,2.0,easy|medium|hard
test,0,6,55,32,0.5325864199985517,29.406035451000207,793.0564603210078,0.013410132378339767,1.0,1.0,1.0,1.0,1.0653349979192678e-05,0.90625,0.0,2.0,medium|easy|hard
test,0,6,56,32,0.5324697840114823,29.93912400199042,793.5895488789974,0.003157260362058878,1.0,1.0,1.0,1.0,1.0645027049521432e-05,1.125,0.0,2.0,medium|hard|easy
test,0,6,57,32,0.5332107699941844,30.472835006992682,794.123259895001,0.0031586054246872663,1.0,1.0,1.0,1.0,1.0636704119850187e-05,1.125,0.0,2.0,easy|hard|medium
test,0,6,58,32,0.5321627100056503,31.005591962995823,794.6560168389988,0.005044022109359503,1.0,1.0,1.0,1.0,1.0628381190178945e-05,0.9375,0.0,2.0,hard|medium|easy
test,0,6,59,32,0.532409192994237,31.53857457799313,795.1889994720113,0.007486408576369286,1.0,1.0,1.0,1.0,1.0620058260507699e-05,1.0625,0.0,2.0,hard|easy|medium
test,0,6,60,32,0.53330389400071,32.07247354199353,795.7228984490066,0.004011671058833599,1.0,1.0,1.0,1.0,1.0611735330836454e-05,1.0,0.0,2.0,medium|hard|easy
test,0,6,61,32,0.532552703996771,32.605557114002295,796.2559819960006,0.006472690496593714,1.0,1.0,1.0,1.0,1.0603412401165212e-05,0.875,0.0,2.0,easy|hard|medium
test,0,6,62,32,0.5322643099934794,33.138323986990144,796.7887488520064,0.0027842367999255657,1.0,1.0,1.0,1.0,1.0595089471493966e-05,1.125,0.0,2.0,hard|easy|medium
test,0,6,63,32,0.5332611449994147,33.67214565500035,797.3225705509976,0.14227597415447235,0.9166666666666667,0.9375,0.9545454545454546,0.9307359307359306,1.0586766541822721e-05,1.125,0.0,2.0,medium|easy|hard
test,0,6,64,32,0.5323426179966191,34.20508347300347,797.8555083520041,0.00308205490000546,1.0,1.0,1.0,1.0,1.057844361215148e-05,0.875,0.0,2.0,easy|medium|hard
test,0,6,65,32,0.5322059619938955,34.737848254997516,798.3882731350022,0.0047533647157251835,1.0,1.0,1.0,1.0,1.0570120682480233e-05,1.0625,0.0,2.0,medium|hard|easy
test,0,6,66,32,0.5332424329972127,35.27168086399615,798.9221057490067,0.0025167777203023434,1.0,1.0,1.0,1.0,1.0561797752808988e-05,1.1875,0.0,2.0,medium|easy|hard
test,0,6,67,32,0.5322208529978525,35.804440089996206,799.4548652930098,0.0026107775047421455,1.0,1.0,1.0,1.0,1.0553474823137747e-05,1.1875,0.0,2.0,medium|hard|easy
test,0,6,68,32,0.5320580330007942,36.337043842999265,799.9874687210104,0.091846764087677,0.96875,0.96875,0.9705882352941176,0.9687194525904204,1.05451518934665e-05,1.0,0.0,2.0,medium|easy|hard
test,0,6,69,32,0.533446809000452,36.87098909399356,800.5214139730087,0.17324282228946686,0.9761904761904762,0.96875,0.9583333333333333,0.9660657476139979,1.0536828963795255e-05,0.90625,0.0,2.0,medium|hard|easy
test,0,6,70,32,0.5328275999927428,37.40441314000054,801.0548380210093,0.11476907134056091,0.9411764705882353,0.9375,0.9411764705882353,0.9375,1.0528506034124014e-05,1.09375,0.0,2.0,hard|easy|medium
test,0,6,71,32,0.5322968890104676,37.93728340999223,801.5877082810039,0.17120707035064697,0.9705882352941176,0.96875,0.96875,0.9687194525904204,1.0520183104452767e-05,1.15625,0.0,2.0,medium|easy|hard
test,0,6,72,32,0.5331045700004324,38.47083467099583,802.1212595840043,0.200609490275383,0.9615384615384616,0.96875,0.975,0.9671794871794872,1.0511860174781522e-05,0.625,0.0,2.0,easy|medium|hard
test,0,6,73,32,0.532427584999823,39.00384277199919,802.6542676570098,0.05780215188860893,0.9642857142857143,0.96875,0.9736842105263157,0.967967967967968,1.0503537245110281e-05,1.15625,0.0,2.0,hard|easy|medium
test,0,6,74,32,0.5320258529973216,39.536405027,803.1868299120106,0.002407199004665017,1.0,1.0,1.0,1.0,1.0495214315439034e-05,1.15625,0.0,2.0,hard|easy|medium
test,0,6,75,32,0.533353618986439,40.07029157200304,803.7207164490101,0.001769552705809474,1.0,1.0,1.0,1.0,1.048689138576779e-05,0.9375,0.0,2.0,medium|easy|hard
test,0,6,76,32,0.5320482429960975,40.60295683000004,804.2533816990035,0.003092082217335701,1.0,1.0,1.0,1.0,1.0478568456096548e-05,1.1875,0.0,2.0,medium|hard|easy
test,0,6,77,32,0.5321359709923854,41.13566961500328,804.7860944910062,0.0019582503009587526,1.0,1.0,1.0,1.0,1.0470245526425302e-05,1.0,0.0,2.0,hard|easy|medium
test,0,6,78,32,0.5330241159972502,41.66927805299929,805.3197029500006,0.0030215305741876364,1.0,1.0,1.0,1.0,1.0461922596754057e-05,0.9375,0.0,2.0,medium|hard|easy
test,0,6,79,32,0.532585872002528,42.202447702002246,805.8528726020013,0.19748753309249878,0.9705882352941176,0.96875,0.96875,0.9687194525904204,1.0453599667082815e-05,0.96875,0.0,2.0,hard|easy|medium
test,0,6,80,32,0.5321257309988141,42.73512363099144,806.3855485030072,0.001677244552411139,1.0,1.0,1.0,1.0,1.0445276737411569e-05,1.0625,0.0,2.0,easy|hard|medium
test,0,6,81,32,0.5332495920010842,43.26897192299657,806.9193968120089,0.12045618146657944,0.9666666666666667,0.96875,0.9722222222222222,0.9684729064039409,1.0436953807740327e-05,1.0,0.0,2.0,easy|medium|hard
test,0,6,82,32,0.5319719440012705,43.80152627699135,807.4519511590042,0.04632093012332916,0.9761904761904762,0.96875,0.9583333333333333,0.9660657476139979,1.0428630878069082e-05,1.03125,0.0,2.0,medium|hard|easy
test,0,6,83,32,0.5321521099976962,44.334163598003215,807.9845884680108,0.0020311675034463406,1.0,1.0,1.0,1.0,1.0420307948397836e-05,1.15625,0.0,2.0,medium|easy|hard
test,0,6,84,32,0.5332362829940394,44.86793805299385,808.5183629189996,0.38422006368637085,0.9365079365079365,0.9375,0.9365079365079365,0.9365079365079365,1.0411985018726594e-05,1.09375,0.0,2.0,hard|medium|easy
test,0,6,85,32,0.5320253190002404,45.4005439629982,809.0509688360034,0.12595920264720917,0.9761904761904762,0.96875,0.9583333333333333,0.9660657476139979,1.040366208905535e-05,0.78125,0.0,2.0,medium|easy|hard
test,0,6,86,32,0.53234443400288,45.93343894799182,809.5838639819995,0.0016216521617025137,1.0,1.0,1.0,1.0,1.0395339159384103e-05,1.03125,0.0,2.0,medium|easy|hard
test,0,6,87,32,0.5331992069986882,46.46718264798983,810.1176075109979,0.0053729768842458725,1.0,1.0,1.0,1.0,1.0387016229712861e-05,1.0625,0.0,2.0,medium|easy|hard
test,0,6,88,32,0.5318836640071822,46.99961882799107,810.6500437150098,0.018179217353463173,1.0,1.0,1.0,1.0,1.0378693300041617e-05,0.84375,0.0,2.0,easy|medium|hard
test,0,6,89,32,0.5325435679988004,47.53268745499372,811.1831123660086,0.0014560503186658025,1.0,1.0,1.0,1.0,1.037037037037037e-05,0.9375,0.0,2.0,medium|easy|hard
test,0,6,90,32,0.5331423419993371,48.06628831400303,811.7167132080067,0.01458128821104765,1.0,1.0,1.0,1.0,1.0362047440699128e-05,1.25,0.0,2.0,medium|hard|easy
test,0,6,91,32,0.5325717680098023,48.599420067999745,812.2498449630075,0.0024308557622134686,1.0,1.0,1.0,1.0,1.0353724511027882e-05,0.96875,0.0,2.0,easy|hard|medium
test,0,6,92,32,0.5324285660026362,49.132461203000275,812.7828860910085,0.002149816369637847,1.0,1.0,1.0,1.0,1.0345401581356637e-05,1.0625,0.0,2.0,easy|medium|hard
test,0,6,93,32,0.53285911900457,49.665952862997074,813.3163777230075,0.0015956652350723743,1.0,1.0,1.0,1.0,1.0337078651685396e-05,0.8125,0.0,2.0,easy|medium|hard
test,0,6,94,32,0.5321490979986265,50.19869107399427,813.8491159490077,0.3647855520248413,0.9372549019607843,0.9375,0.9372549019607843,0.9372549019607843,1.0328755722014149e-05,1.0625,0.0,2.0,easy|hard|medium
test,0,6,95,32,0.5319043930066982,50.73117013600131,814.3815950080025,0.0013736076653003693,1.0,1.0,1.0,1.0,1.0320432792342904e-05,1.0625,0.0,2.0,medium|hard|easy
test,0,6,96,32,0.5330018259992357,51.2647676619963,814.9151925350016,0.0012436385732144117,1.0,1.0,1.0,1.0,1.0312109862671663e-05,1.0625,0.0,2.0,easy|medium|hard
test,0,6,97,32,0.5322068839886924,51.79752571300196,815.44795087901,0.004219705238938332,1.0,1.0,1.0,1.0,1.0303786933000416e-05,1.0625,0.0,2.0,hard|easy|medium
test,0,6,98,32,0.5318245880043833,52.329934768989915,815.9803596350102,0.25880759954452515,0.95,0.9375,0.9285714285714286,0.9352226720647774,1.0295464003329171e-05,1.1875,0.0,2.0,medium|easy|hard
test,0,6,99,32,0.532894457996008,52.863445727998624,816.5138705569989,0.04565101116895676,0.9545454545454546,0.96875,0.9772727272727273,0.964562569213732,1.028714107365793e-05,0.96875,0.0,2.0,easy|hard|medium
test,0,6,100,32,0.5325730580079835,53.396610384996166,817.0470352560078,0.10187987983226776,0.9666666666666667,0.96875,0.9722222222222222,0.9684729064039409,1.0278818143986683e-05,1.125,0.0,2.0,medium|hard|easy
test,0,6,101,32,0.5321265850070631,53.92926759299007,817.5796924690076,0.002534563886001706,1.0,1.0,1.0,1.0,1.0270495214315438e-05,0.875,0.0,2.0,hard|medium|easy
test,0,6,102,32,0.5329110570019111,54.462732845990104,818.1131577190099,0.0014052757760509849,1.0,1.0,1.0,1.0,1.0262172284644197e-05,0.9375,0.0,2.0,medium|hard|easy
test,0,6,103,32,0.5321920980059076,54.99545900899102,818.6458838760009,0.0015788590535521507,1.0,1.0,1.0,1.0,1.025384935497295e-05,1.09375,0.0,2.0,easy|hard|medium
test,0,6,104,32,0.532236016006209,55.528261856001336,819.1786867490009,0.1470520943403244,0.9736842105263157,0.96875,0.9642857142857143,0.967967967967968,1.0245526425301706e-05,1.03125,0.0,2.0,medium|easy|hard
test,0,6,105,32,0.5328465749917086,56.06156560400268,819.7119904870051,0.0030178925953805447,1.0,1.0,1.0,1.0,1.0237203495630464e-05,1.21875,0.0,2.0,hard|medium|easy
test,0,6,106,32,0.5320156669913558,56.594058588991174,820.2444834050111,0.2555254399776459,0.9285714285714286,0.9375,0.95,0.9352226720647774,1.0228880565959218e-05,1.03125,0.0,2.0,hard|easy|medium
test,0,6,107,32,0.5313177810021443,57.12597954898956,820.7764044549986,0.001591573702171445,1.0,1.0,1.0,1.0,1.0220557636287973e-05,0.9375,0.0,2.0,hard|easy|medium
test,0,6,108,32,0.5326558129891055,57.65919819699775,821.3096230750089,0.001274716923944652,1.0,1.0,1.0,1.0,1.0212234706616731e-05,1.03125,0.0,2.0,hard|medium|easy
test,0,6,109,32,0.5324433389905607,58.19220500100346,821.8426298660052,0.0014953825157135725,1.0,1.0,1.0,1.0,1.0203911776945485e-05,0.9375,0.0,2.0,medium|hard|easy
test,0,6,110,32,0.5323297370050568,58.7251098370034,822.3755347410042,0.09985500574111938,0.9666666666666667,0.96875,0.9722222222222222,0.9684729064039409,1.019558884727424e-05,1.1875,0.0,2.0,easy|medium|hard
test,0,6,111,32,0.5323893019958632,59.25810656500107,822.9085314390104,0.003697981359437108,1.0,1.0,1.0,1.0,1.0187265917602998e-05,0.9375,0.0,2.0,medium|easy|hard
test,0,6,112,32,0.5326581840054132,59.79131804899953,823.4417429220048,0.10713191330432892,0.9642857142857143,0.96875,0.9736842105263157,0.967967967967968,1.0178942987931752e-05,1.125,0.0,2.0,medium|hard|easy
test,0,6,113,32,0.5321534579998115,60.32408371499332,823.9745085920003,0.0011730467667803168,1.0,1.0,1.0,1.0,1.0170620058260507e-05,1.0625,0.0,2.0,hard|easy|medium
test,0,6,114,32,0.532587727997452,60.85711311499472,824.5075380100025,0.0011523196008056402,1.0,1.0,1.0,1.0,1.0162297128589265e-05,0.96875,0.0,2.0,medium|hard|easy
test,0,6,115,32,0.5331439430010505,61.39077882999845,825.0412037019996,0.16841921210289001,0.9375,0.9375,0.9444444444444444,0.9372549019607843,1.0153974198918019e-05,0.78125,0.0,2.0,medium|easy|hard
test,0,6,116,32,0.5323208250047173,61.923598006993416,825.5740228740033,0.001480619888752699,1.0,1.0,1.0,1.0,1.0145651269246777e-05,0.9375,0.0,2.0,medium|hard|easy
test,0,6,117,32,0.5329071140004089,62.457029380995664,826.1074542429997,0.0036651792470365763,1.0,1.0,1.0,1.0,1.0137328339575533e-05,0.84375,0.0,2.0,easy|hard|medium
test,0,6,118,32,0.5331230500014499,62.990678725996986,826.6411036040081,0.007826585322618484,1.0,1.0,1.0,1.0,1.0129005409904286e-05,0.96875,0.0,2.0,medium|easy|hard
test,0,6,119,32,0.5322599729988724,63.523535346001154,827.1739602320013,0.0021968046203255653,1.0,1.0,1.0,1.0,1.0120682480233045e-05,1.0625,0.0,2.0,hard|medium|easy
test,0,6,120,32,0.5326920820079977,64.05683390999911,827.7072587900038,0.20774132013320923,0.9615384615384616,0.96875,0.975,0.9671794871794872,1.01123595505618e-05,1.21875,0.0,2.0,hard|medium|easy
test,0,6,121,32,0.5327988870121771,64.59009531300399,828.2405201810034,0.0464818961918354,0.9642857142857143,0.96875,0.9736842105263157,0.967967967967968,1.0104036620890553e-05,1.25,0.0,2.0,easy|medium|hard
test,0,6,122,32,0.5319339359994046,65.12260887799494,828.7730337630055,0.0018485658802092075,1.0,1.0,1.0,1.0,1.0095713691219312e-05,1.03125,0.0,2.0,hard|easy|medium
test,0,6,123,32,0.532316324999556,65.65545204999216,829.3058769449999,0.0014247875660657883,1.0,1.0,1.0,1.0,1.0087390761548067e-05,0.90625,0.0,2.0,medium|easy|hard
test,0,6,124,32,0.5329591470072046,66.1890502699971,829.8394751410087,0.001285666599869728,1.0,1.0,1.0,1.0,1.007906783187682e-05,1.03125,0.0,2.0,medium|easy|hard
test,0,6,125,32,0.5317732010007603,66.7213324149925,830.3717572730093,0.007861500605940819,1.0,1.0,1.0,1.0,1.0070744902205579e-05,1.03125,0.0,2.0,hard|medium|easy
test,0,6,126,32,0.5325431400124216,67.25446129900229,830.9048861860065,0.0015773626510053873,1.0,1.0,1.0,1.0,1.0062421972534334e-05,0.96875,0.0,2.0,medium|hard|easy
test,0,6,127,32,0.5324682929931441,67.78750815799867,831.437933047011,0.0015655121533200145,1.0,1.0,1.0,1.0,1.0054099042863087e-05,0.875,0.0,2.0,medium|hard|easy
test,0,6,128,32,0.5316235689970199,68.31967098099994,831.9700958540052,0.12368601560592651,0.9705882352941176,0.96875,0.96875,0.9687194525904204,1.0045776113191846e-05,1.09375,0.0,2.0,easy|hard|medium
test,0,6,129,32,0.5308230259979609,68.85096214599616,832.5013870200055,0.0014651488745585084,1.0,1.0,1.0,1.0,1.0037453183520601e-05,1.0625,0.0,2.0,easy|medium|hard
test,0,6,130,32,0.5330022419948364,69.38452217499434,833.0349470619985,0.001629520207643509,1.0,1.0,1.0,1.0,1.0029130253849354e-05,1.1875,0.0,2.0,hard|easy|medium
test,0,6,131,32,0.5318110230000457,69.9167773569934,833.5672021830105,0.003666444681584835,1.0,1.0,1.0,1.0,1.0020807324178113e-05,0.65625,0.0,2.0,hard|medium|easy
test,0,6,132,32,0.530917217998649,70.4482338779926,834.0986590980028,0.0016953123267740011,1.0,1.0,1.0,1.0,1.0012484394506868e-05,0.9375,0.0,2.0,easy|hard|medium
test,0,6,133,32,0.5326356440054951,70.98135357499996,834.6317784569983,0.1128351166844368,0.9722222222222222,0.96875,0.9666666666666667,0.9684729064039409,1.0004161464835622e-05,1.0,0.0,2.0,medium|easy|hard
test,0,6,134,32,0.5319669410091592,71.51389842199569,835.164323310004,0.0015256511978805065,1.0,1.0,1.0,1.0,9.995838535164378e-06,1.21875,0.0,2.0,medium|easy|hard
test,0,6,135,32,0.5316620700032217,72.04606000699278,835.6964848690113,0.0010800912277773023,1.0,1.0,1.0,1.0,9.987515605493134e-06,1.0,0.0,2.0,medium|hard|easy
test,0,6,136,32,0.5324735070025781,72.57909098199161,836.2295158030029,0.04506050795316696,0.9736842105263157,0.96875,0.9642857142857143,0.967967967967968,9.97919267582189e-06,1.0,0.0,2.0,hard|medium|easy
test,0,6,137,32,0.53187016400625,73.1116066879913,836.762031560007,0.025754934176802635,0.9761904761904762,0.96875,0.9583333333333333,0.9660657476139979,9.970869746150646e-06,0.90625,0.0,2.0,easy|medium|hard
test,0,6,138,32,0.5315732349990867,73.64378357899841,837.294208464009,0.001603557146154344,1.0,1.0,1.0,1.0,9.9625468164794e-06,0.96875,0.0,2.0,easy|hard|medium
test,0,6,139,32,0.5324014280049596,74.17672375199618,837.8271486260055,0.0012546951184049249,1.0,1.0,1.0,1.0,9.954223886808157e-06,1.25,0.0,2.0,medium|hard|easy
test,0,6,140,32,0.531793115005712,74.70911848200194,838.3595433430019,0.12768760323524475,0.9722222222222222,0.96875,0.9666666666666667,0.9684729064039409,9.945900957136913e-06,0.96875,0.0,2.0,medium|easy|hard
test,0,6,141,32,0.5316989669954637,75.2414054289984,838.891830285007,0.0019529523560777307,1.0,1.0,1.0,1.0,9.937578027465668e-06,1.09375,0.0,2.0,easy|medium|hard
test,0,6,142,32,0.5322714350040769,75.7741879009991,839.4246127920051,0.002791991224512458,1.0,1.0,1.0,1.0,9.929255097794425e-06,1.0625,0.0,2.0,easy|medium|hard
test,0,6,143,32,0.5320887799898628,76.3068724689947,839.9572973449976,0.1788235753774643,0.9666666666666667,0.96875,0.9722222222222222,0.9684729064039409,9.920932168123181e-06,0.84375,0.0,2.0,hard|easy|medium
test,0,6,144,32,0.5315522540040547,76.83894995399169,840.4893748180039,0.0011810015421360731,1.0,1.0,1.0,1.0,9.912609238451935e-06,0.9375,0.0,2.0,hard|easy|medium
test,0,6,145,32,0.5327548959903652,77.3723023749917,841.0227272430056,0.0013770342338830233,1.0,1.0,1.0,1.0,9.904286308780692e-06,0.8125,0.0,2.0,easy|hard|medium
test,0,6,146,32,0.5323860479984432,77.90528691199142,841.5557118069992,0.001818778575398028,1.0,1.0,1.0,1.0,9.895963379109449e-06,0.875,0.0,2.0,medium|easy|hard
test,0,6,147,32,0.5317769340035738,78.43762373899517,842.0880486140086,0.19293725490570068,0.96875,0.96875,0.9705882352941176,0.9687194525904204,9.887640449438202e-06,0.90625,0.0,2.0,medium|easy|hard
test,0,6,148,32,0.5326526319986442,78.97084657900268,842.6212714550056,0.1832849532365799,0.9666666666666667,0.96875,0.9722222222222222,0.9684729064039409,9.879317519766959e-06,0.875,0.0,2.0,hard|medium|easy
test,0,6,149,32,0.5322086989908712,79.50354123099532,843.1539661190036,0.002299937652423978,1.0,1.0,1.0,1.0,9.870994590095716e-06,0.96875,0.0,2.0,medium|easy|hard
test,0,6,150,32,0.5318721079966053,80.03595097699144,843.6863758640102,0.008007479831576347,1.0,1.0,1.0,1.0,9.862671660424469e-06,1.09375,0.0,2.0,medium|hard|easy
test,0,6,151,32,0.5323687150084879,80.56884271999297,844.2192675990082,0.2271493375301361,0.9782608695652174,0.96875,0.95,0.9625730994152046,9.854348730753226e-06,1.03125,0.0,2.0,hard|medium|easy
test,0,6,152,32,0.5324944509920897,81.10194400099863,844.752368875008,0.0015082011232152581,1.0,1.0,1.0,1.0,9.846025801081983e-06,1.0625,0.0,2.0,hard|easy|medium
test,0,6,153,32,0.5314988879981684,81.63394283100206,845.2843677089986,0.009915000759065151,1.0,1.0,1.0,1.0,9.837702871410736e-06,1.125,0.0,2.0,medium|hard|easy
test,0,6,154,32,0.5321552660025191,82.16659940099635,845.8170242750057,0.01839236542582512,1.0,1.0,1.0,1.0,9.829379941739493e-06,0.71875,0.0,2.0,hard|medium|easy
test,0,6,155,32,0.5322349089983618,82.69936702099221,846.3497918820067,0.009270780719816685,1.0,1.0,1.0,1.0,9.82105701206825e-06,0.875,0.0,2.0,hard|medium|easy
test,0,6,156,32,0.5312859400000889,83.23112249199767,846.8815476340096,0.007234054151922464,1.0,1.0,1.0,1.0,9.812734082397003e-06,1.1875,0.0,2.0,hard|medium|easy
test,0,6,157,32,0.5327820579987019,83.76438876599423,847.4148136370059,0.00143572804518044,1.0,1.0,1.0,1.0,9.80441115272576e-06,1.09375,0.0,2.0,easy|medium|hard
test,0,6,158,32,0.5318013630021596,84.2967097429937,847.9471346560022,0.04007420688867569,0.9761904761904762,0.96875,0.9583333333333333,0.9660657476139979,9.796088223054517e-06,1.0,0.0,2.0,medium|hard|easy
test,0,6,159,32,0.5312979290029034,84.8285716399987,848.478996514008,0.1913134902715683,0.9545454545454546,0.96875,0.9772727272727273,0.964562569213732,9.78776529338327e-06,1.09375,0.0,2.0,hard|medium|easy
test,0,6,160,32,0.5324759489885764,85.3615621249919,849.0119869470072,0.0009664274984970689,1.0,1.0,1.0,1.0,9.779442363712027e-06,0.96875,0.0,2.0,medium|hard|easy
test,0,6,161,32,0.5319405710033607,85.89400990300055,849.5444347680022,0.0038273772224783897,1.0,1.0,1.0,1.0,9.771119434040784e-06,0.78125,0.0,2.0,medium|easy|hard
test,0,6,162,32,0.5316758199915057,86.42626329699124,850.0766881710006,0.0014431807212531567,1.0,1.0,1.0,1.0,9.76279650436954e-06,0.625,0.0,2.0,easy|medium|hard
test,0,6,163,32,0.5330414540076163,86.95985255099367,850.6102774370083,0.01213835645467043,1.0,1.0,1.0,1.0,9.754473574698294e-06,1.0,0.0,2.0,medium|easy|hard
test,0,6,164,32,0.5323759409948252,87.49282072100323,851.1432455840113,0.06336218118667603,0.975,0.96875,0.9615384615384616,0.9671794871794872,9.746150645027051e-06,1.125,0.0,2.0,medium|hard|easy
test,0,6,165,32,0.5310522729996592,88.0243431830022,851.6747680609988,0.0010411299299448729,1.0,1.0,1.0,1.0,9.737827715355806e-06,1.0,0.0,2.0,medium|hard|easy
test,0,6,166,32,0.5341118710057344,88.55903549300274,852.2094603870064,0.04724447429180145,0.96875,0.96875,0.9705882352941176,0.9687194525904204,9.729504785684562e-06,1.09375,0.0,2.0,hard|easy|medium
test,0,6,167,32,0.5323748060036451,89.09198868399835,852.7424135460024,0.0815228670835495,0.9722222222222222,0.96875,0.9666666666666667,0.9684729064039409,9.721181856013318e-06,1.0625,0.0,2.0,hard|easy|medium
test,0,6,168,32,0.5315175559953786,89.62400239099225,853.2744272770069,0.0011735670268535614,1.0,1.0,1.0,1.0,9.712858926342073e-06,1.125,0.0,2.0,medium|hard|easy
test,0,6,169,32,0.532854467004654,90.15748745600285,853.8079124140058,0.0025729062035679817,1.0,1.0,1.0,1.0,9.704535996670829e-06,1.15625,0.0,2.0,hard|medium|easy
test,0,6,170,32,0.5324206799996318,90.69034996700066,854.3407749250036,0.001690364908427,1.0,1.0,1.0,1.0,9.696213066999585e-06,1.25,0.0,2.0,hard|easy|medium
test,0,6,171,32,0.5309168470121222,91.22191803099122,854.8723428790108,0.001097745611332357,1.0,1.0,1.0,1.0,9.68789013732834e-06,0.8125,0.0,2.0,easy|medium|hard
test,0,6,172,32,0.532907423999859,91.75542743799451,855.4058523380081,0.0021091406233608723,1.0,1.0,1.0,1.0,9.679567207657096e-06,0.625,0.0,2.0,easy|medium|hard
test,0,6,173,32,0.5329037209885428,92.2888311889983,855.9392564090085,0.0018681972287595272,1.0,1.0,1.0,1.0,9.671244277985853e-06,1.125,0.0,2.0,medium|hard|easy
test,0,6,174,32,0.5316406880010618,92.82098782499088,856.4714126600011,0.07532576471567154,0.9615384615384616,0.96875,0.975,0.9671794871794872,9.662921348314608e-06,0.875,0.0,2.0,hard|medium|easy
test,0,6,175,32,0.5333468879980501,93.35494468300021,857.0053695660026,0.0012548245722427964,1.0,1.0,1.0,1.0,9.654598418643363e-06,1.125,0.0,2.0,medium|hard|easy
test,0,6,176,32,0.5325677299988456,93.88803707499756,857.5384619469987,0.004524133633822203,1.0,1.0,1.0,1.0,9.64627548897212e-06,1.34375,0.0,2.0,medium|hard|easy
test,0,6,177,32,0.531761110003572,94.42038128399872,858.0708061699988,0.20007288455963135,0.9736842105263157,0.96875,0.9642857142857143,0.967967967967968,9.637952559300875e-06,1.0,0.0,2.0,easy|hard|medium
test,0,6,178,32,0.5325768049951876,94.95345254900167,858.603877423011,0.007469812408089638,1.0,1.0,1.0,1.0,9.62962962962963e-06,1.0,0.0,2.0,medium|easy|hard
test,0,6,179,32,0.5325523970095674,95.48653380099859,859.1369586950022,0.26314467191696167,0.9352226720647774,0.9375,0.9352226720647774,0.9352226720647774,9.621306699958385e-06,1.3125,0.0,2.0,medium|hard|easy
test,0,6,180,32,0.531435674012755,96.0184386549954,859.6688635330065,0.0011569662019610405,1.0,1.0,1.0,1.0,9.612983770287142e-06,0.75,0.0,2.0,easy|hard|medium
test,0,6,181,32,0.5331489030068042,96.55211223500373,860.2025371199998,0.0011402720119804144,1.0,1.0,1.0,1.0,9.604660840615899e-06,1.03125,0.0,2.0,medium|easy|hard
test,0,6,182,32,0.5320838509942405,97.08471636599279,860.7351412840071,0.0011868129950016737,1.0,1.0,1.0,1.0,9.596337910944652e-06,0.8125,0.0,2.0,medium|easy|hard
test,0,6,183,32,0.5321670980047202,97.61745766700187,861.2678825589974,0.0009351145708933473,1.0,1.0,1.0,1.0,9.588014981273409e-06,0.84375,0.0,2.0,medium|hard|easy
test,0,6,184,32,0.533280179995927,98.15125844700378,861.8016833150032,0.33750835061073303,0.9372549019607843,0.9375,0.9372549019607843,0.9372549019607843,9.579692051602166e-06,1.125,0.0,2.0,medium|easy|hard
test,0,6,185,32,0.5325199709914159,98.68432103400119,862.3347459470097,0.21672557294368744,0.96875,0.96875,0.9705882352941176,0.9687194525904204,9.57136912193092e-06,1.03125,0.0,2.0,hard|medium|easy
test,0,6,186,32,0.532094378999318,99.21692786199856,862.8673527510109,0.06518779695034027,0.9705882352941176,0.96875,0.96875,0.9687194525904204,9.563046192259676e-06,1.1875,0.0,2.0,hard|medium|easy
test,0,6,187,32,0.5330049619951751,99.75048999299179,863.4009148610057,0.18763013184070587,0.9642857142857143,0.96875,0.9736842105263157,0.967967967967968,9.554723262588433e-06,0.6875,0.0,2.0,hard|easy|medium
test,0,6,188,32,0.531966172013199,100.28308813499461,863.9335130079999,0.0009760582470335066,1.0,1.0,1.0,1.0,9.546400332917186e-06,0.96875,0.0,2.0,medium|hard|easy
test,0,6,189,32,0.5324670429981779,100.8161285410024,864.466553420003,0.24647176265716553,0.9333333333333333,0.9375,0.9473684210526316,0.9365079365079365,9.538077403245943e-06,0.6875,0.0,2.0,medium|easy|hard
test,0,6,190,32,0.5329014640010428,101.34962612199888,865.0000509969977,0.0040322961285710335,1.0,1.0,1.0,1.0,9.5297544735747e-06,1.09375,0.0,2.0,easy|hard|medium
test,0,6,191,32,0.5327064910088666,101.88283120599226,865.5332560950046,0.011066184379160404,1.0,1.0,1.0,1.0,9.521431543903454e-06,0.84375,0.0,2.0,hard|easy|medium
test,0,6,192,32,0.5332680349965813,102.41671364899958,866.0671385340102,0.0008420770755037665,1.0,1.0,1.0,1.0,9.51310861423221e-06,1.09375,0.0,2.0,easy|hard|medium
test,0,6,193,32,0.5330817970097996,102.95043093399727,866.6008558080066,0.004817374050617218,1.0,1.0,1.0,1.0,9.504785684560967e-06,1.03125,0.0,2.0,medium|easy|hard
test,0,6,194,32,0.5322255990031408,103.48315043598996,867.1335752730083,0.0016490054549649358,1.0,1.0,1.0,1.0,9.49646275488972e-06,0.90625,0.0,2.0,medium|hard|easy
test,0,6,195,32,0.5317763410130283,104.01546041799884,867.6658852980036,0.0011109266197308898,1.0,1.0,1.0,1.0,9.488139825218478e-06,1.09375,0.0,2.0,medium|hard|easy
test,0,6,196,32,0.5332005270029185,104.5492243530025,868.1996492290054,0.14719992876052856,0.9761904761904762,0.96875,0.9583333333333333,0.9660657476139979,9.479816895547234e-06,0.9375,0.0,2.0,easy|medium|hard
test,0,6,197,32,0.53176277098828,105.08146107000357,868.7318859439983,0.003359177615493536,1.0,1.0,1.0,1.0,9.471493965875988e-06,1.125,0.0,2.0,hard|easy|medium
test,0,6,198,32,0.532235741004115,105.61421996100398,869.2646448239975,0.18670402467250824,0.96875,0.96875,0.9705882352941176,0.9687194525904204,9.463171036204745e-06,0.9375,0.0,2.0,medium|easy|hard
test,0,6,199,32,0.5328462670004228,106.14758723399427,869.7980121110013,0.0013577230274677277,1.0,1.0,1.0,1.0,9.454848106533501e-06,1.09375,0.0,2.0,medium|easy|hard
test,0,6,200,32,0.5319936909945682,106.68010350699478,870.3305283689988,0.001861907192505896,1.0,1.0,1.0,1.0,9.446525176862257e-06,1.03125,0.0,2.0,medium|hard|easy
test,0,6,201,32,0.5315247300022747,107.21217998499924,870.862604865004,0.15158790349960327,0.9666666666666667,0.96875,0.9722222222222222,0.9684729064039409,9.438202247191012e-06,0.8125,0.0,2.0,hard|medium|easy
test,0,6,202,32,0.5329750730015803,107.7456481979898,871.3960731200059,0.0011515137739479542,1.0,1.0,1.0,1.0,9.429879317519769e-06,1.03125,0.0,2.0,hard|medium|easy
test,0,6,203,32,0.5322954279981786,108.27850358599972,871.9289284719998,0.004501409363001585,1.0,1.0,1.0,1.0,9.421556387848524e-06,1.1875,0.0,2.0,easy|medium|hard
test,0,6,204,32,0.5321862770069856,108.81127675100288,872.4617017010023,0.0019903271459043026,1.0,1.0,1.0,1.0,9.413233458177279e-06,1.15625,0.0,2.0,easy|hard|medium
test,0,6,205,32,0.5332653630030109,109.34517039300408,872.9955952630116,0.0011002649553120136,1.0,1.0,1.0,1.0,9.404910528506036e-06,0.5625,0.0,2.0,easy|hard|medium
test,0,6,206,32,0.5327142999885837,109.87844081199728,873.5288657000056,0.0010041171917691827,1.0,1.0,1.0,1.0,9.396587598834791e-06,1.375,0.0,2.0,hard|medium|easy
test,0,6,207,32,0.5321336900087772,110.41120718599996,874.0616320469999,0.04911516606807709,0.9365079365079365,0.9375,0.9365079365079365,0.9365079365079365,9.388264669163546e-06,1.0625,0.0,2.0,easy|hard|medium
test,0,6,208,32,0.5330851150065428,110.94480410100368,874.5952289730049,0.5415585041046143,0.907843137254902,0.90625,0.90625,0.906158357771261,9.379941739492303e-06,1.0,0.0,2.0,easy|hard|medium
test,0,6,209,32,0.5324181100004353,111.47785709799791,875.1282819810003,0.001113545848056674,1.0,1.0,1.0,1.0,9.371618809821058e-06,1.09375,0.0,2.0,medium|hard|easy
test,0,6,210,32,0.5322219259978738,112.01058674800151,875.661011603006,0.000986553030088544,1.0,1.0,1.0,1.0,9.363295880149813e-06,1.125,0.0,2.0,easy|medium|hard
test,0,6,211,32,0.5332176959927892,112.54437734199746,876.1948022170109,0.09276308864355087,0.9761904761904762,0.96875,0.9583333333333333,0.9660657476139979,9.35497295047857e-06,0.96875,0.0,2.0,medium|easy|hard
test,0,6,212,32,0.5321362260001479,113.07703076000325,876.7274556280026,0.004335831385105848,1.0,1.0,1.0,1.0,9.346650020807325e-06,0.96875,0.0,2.0,hard|medium|easy
test,0,6,213,32,0.5317716369900154,113.60929884499637,877.2597237139998,0.0014191479422152042,1.0,1.0,1.0,1.0,9.33832709113608e-06,0.9375,0.0,2.0,hard|medium|easy
test,0,6,214,32,0.5327087269979529,114.1425046959921,877.792929564006,0.0011929639149457216,1.0,1.0,1.0,1.0,9.330004161464837e-06,0.875,0.0,2.0,medium|easy|hard
test,0,6,215,32,0.532513061989448,114.67560999200214,878.3260348660115,0.001148864859715104,1.0,1.0,1.0,1.0,9.321681231793592e-06,1.0,0.0,2.0,hard|medium|easy
test,0,6,216,32,0.5322858250001445,115.2084742589941,878.8588991310098,0.17603814601898193,0.9722222222222222,0.96875,0.9666666666666667,0.9684729064039409,9.313358302122349e-06,1.0,0.0,2.0,medium|easy|hard
test,0,6,217,32,0.533202031001565,115.74212227399403,879.3925471530092,0.0013722324511036277,1.0,1.0,1.0,1.0,9.305035372451104e-06,1.125,0.0,2.0,medium|hard|easy
test,0,6,218,32,0.5327445930015529,116.27538617700338,879.9258110400115,0.0013958681374788284,1.0,1.0,1.0,1.0,9.29671244277986e-06,1.0625,0.0,2.0,easy|hard|medium
test,0,6,219,32,0.5313883409980917,116.80731079699763,880.4577356140071,0.27119332551956177,0.9411764705882353,0.9375,0.9411764705882353,0.9375,9.288389513108616e-06,0.625,0.0,2.0,easy|medium|hard
test,0,6,220,32,0.5328368859918555,117.34074549599609,880.991170385998,0.0009036364499479532,1.0,1.0,1.0,1.0,9.28006658343737e-06,1.125,0.0,2.0,hard|medium|easy
test,0,6,221,32,0.532781984002213,117.87408569299441,881.5245105689974,0.00165654718875885,1.0,1.0,1.0,1.0,9.271743653766126e-06,1.0,0.0,2.0,medium|easy|hard
test,0,6,222,32,0.5319499209872447,118.40657115899376,882.0569960370049,0.0009095437126234174,1.0,1.0,1.0,1.0,9.263420724094883e-06,0.875,0.0,2.0,hard|medium|easy
test,0,6,223,32,0.5329177120001987,118.9399408409954,882.5903657200106,0.0008064364083111286,1.0,1.0,1.0,1.0,9.255097794423637e-06,0.78125,0.0,2.0,hard|easy|medium
test,0,6,224,32,0.5331156860047486,119.47362317399529,883.1240481100103,0.0010440356563776731,1.0,1.0,1.0,1.0,9.246774864752394e-06,0.96875,0.0,2.0,medium|hard|easy
test,0,6,225,32,0.5312867799948435,120.00553357700119,883.6559584460047,0.010021896101534367,1.0,1.0,1.0,1.0,9.23845193508115e-06,0.8125,0.0,2.0,hard|medium|easy
test,0,6,226,32,0.533044644005713,120.53914193999663,884.1895668130019,0.001933833584189415,1.0,1.0,1.0,1.0,9.230129005409904e-06,1.03125,0.0,2.0,hard|easy|medium
test,0,6,227,32,0.532785489995149,121.0724917609914,884.7229166730103,0.0009198228945024312,1.0,1.0,1.0,1.0,9.22180607573866e-06,1.0,0.0,2.0,medium|easy|hard
test,0,6,228,32,0.5325543320068391,121.60557211199193,885.2559970020084,0.0017409175634384155,1.0,1.0,1.0,1.0,9.213483146067417e-06,0.84375,0.0,2.0,medium|hard|easy
test,0,6,229,32,0.5325868310028454,122.1387929199991,885.789217780999,0.23850442469120026,0.9473684210526316,0.9375,0.9333333333333333,0.9365079365079365,9.205160216396171e-06,1.0,0.0,2.0,easy|hard|medium
test,0,6,230,32,0.5329775239952141,122.67226939900138,886.3226942620095,0.20600710809230804,0.9705882352941176,0.96875,0.96875,0.9687194525904204,9.196837286724928e-06,0.90625,0.0,2.0,easy|hard|medium
test,0,6,231,32,0.5321842999983346,123.20491157699144,886.8553364399995,0.0010627915617078543,1.0,1.0,1.0,1.0,9.188514357053685e-06,1.09375,0.0,2.0,medium|hard|easy
test,0,6,232,32,0.5329258880083216,123.73826985099004,887.388694674999,0.10562333464622498,0.9736842105263157,0.96875,0.9642857142857143,0.967967967967968,9.180191427382438e-06,0.875,0.0,2.0,medium|hard|easy
test,0,6,233,32,0.5325580190110486,124.27128798699414,887.9217128800083,0.0015472141094505787,1.0,1.0,1.0,1.0,9.171868497711195e-06,0.96875,0.0,2.0,medium|hard|easy
test,0,6,234,32,0.5321479800040834,124.8039221479994,888.4543470610079,0.0007855714065954089,1.0,1.0,1.0,1.0,9.163545568039952e-06,0.875,0.0,2.0,easy|medium|hard
test,0,6,235,32,0.5325161810033023,125.3370405750029,888.9874654330051,0.001235507894307375,1.0,1.0,1.0,1.0,9.155222638368707e-06,0.8125,0.0,2.0,easy|hard|medium
test,0,6,236,32,0.5333290230046259,125.87090743599401,889.5213323320058,0.11962403357028961,0.9705882352941176,0.96875,0.96875,0.9687194525904204,9.146899708697462e-06,1.125,0.0,2.0,easy|medium|hard
test,0,6,237,32,0.5318175549909938,126.40333508099138,890.053759952003,0.20707565546035767,0.9736842105263157,0.96875,0.9642857142857143,0.967967967967968,9.138576779026219e-06,1.15625,0.0,2.0,easy|hard|medium
test,0,6,238,32,0.5329192600038368,126.93680909500108,890.587234000006,0.1314423531293869,0.9761904761904762,0.96875,0.9583333333333333,0.9660657476139979,9.130253849354974e-06,0.90625,0.0,2.0,hard|medium|easy
test,0,6,239,32,0.5337262889952399,127.47109484099201,891.1215197109996,0.0074302563443779945,1.0,1.0,1.0,1.0,9.121930919683729e-06,1.09375,0.0,2.0,hard|medium|easy
test,0,6,240,32,0.5315206359955482,128.00313996399927,891.6535648330027,0.0010821655159816146,1.0,1.0,1.0,1.0,9.113607990012486e-06,0.78125,0.0,2.0,medium|easy|hard
test,0,6,241,32,0.5325299239921151,128.5362370609946,892.1866619280045,0.0012940492015331984,1.0,1.0,1.0,1.0,9.105285060341241e-06,1.0,0.0,2.0,medium|easy|hard
test,0,6,242,32,0.5328272149927216,129.06966233499406,892.7200872079993,0.0008368915878236294,1.0,1.0,1.0,1.0,9.096962130669996e-06,1.09375,0.0,2.0,medium|hard|easy
test,0,6,243,32,0.5320103709964314,129.60227381098957,893.2526986830053,0.05957285687327385,0.9722222222222222,0.96875,0.9666666666666667,0.9684729064039409,9.088639200998753e-06,0.9375,0.0,2.0,medium|hard|easy
test,0,6,244,32,0.5328048619994661,130.13562749799166,893.7860523710115,0.2205241322517395,0.9615384615384616,0.96875,0.975,0.9671794871794872,9.080316271327508e-06,0.875,0.0,2.0,hard|easy|medium
test,0,6,245,32,0.5331695579952793,130.66928359499434,894.3197087450098,0.41074836254119873,0.907843137254902,0.90625,0.90625,0.906158357771261,9.071993341656263e-06,1.09375,0.0,2.0,medium|hard|easy
test,0,6,246,32,0.531855713998084,131.20176169199112,894.8521865710063,0.18709519505500793,0.975,0.96875,0.9615384615384616,0.9671794871794872,9.06367041198502e-06,0.96875,0.0,2.0,hard|medium|easy
test,0,6,247,32,0.5329615380032919,131.73522714700084,895.3856520410045,0.22102561593055725,0.9642857142857143,0.96875,0.9736842105263157,0.967967967967968,9.055347482313775e-06,1.03125,0.0,2.0,hard|easy|medium
test,0,6,248,32,0.5332998430094449,132.26914001400291,895.9195648900059,0.002763991476967931,1.0,1.0,1.0,1.0,9.04702455264253e-06,0.84375,0.0,2.0,medium|hard|easy
test,0,6,249,32,0.5320710920059355,132.80180074299278,896.4522258619982,0.0011917604133486748,1.0,1.0,1.0,1.0,9.038701622971287e-06,1.0625,0.0,2.0,easy|hard|medium
test,0,6,250,32,0.5330604959890479,133.33538211899577,896.9858070019982,0.001199484569951892,1.0,1.0,1.0,1.0,9.030378693300042e-06,1.03125,0.0,2.0,easy|medium|hard
test,0,6,251,32,0.5327441310073482,133.86870000499766,897.5191249050113,0.3998335599899292,0.9230769230769231,0.9375,0.9523809523809523,0.9333333333333333,9.022055763628798e-06,0.90625,0.0,2.0,easy|medium|hard
test,0,6,252,32,0.5319730189949041,134.4012316409935,898.0516565380094,0.0016332610975950956,1.0,1.0,1.0,1.0,9.013732833957554e-06,1.03125,0.0,2.0,easy|hard|medium
test,0,6,253,32,0.5329680499999085,134.9346696099965,898.5850944760023,0.17017720639705658,0.9230769230769231,0.9375,0.9523809523809523,0.9333333333333333,9.00540990428631e-06,0.90625,0.0,2.0,medium|easy|hard
test,0,6,254,32,0.533179732010467,135.4684759209922,899.1189007560024,0.006931437645107508,1.0,1.0,1.0,1.0,8.997086974615066e-06,1.03125,0.0,2.0,medium|hard|easy
test,0,6,255,32,0.5317241179873236,136.0007951150037,899.651220108004,0.0167140644043684,1.0,1.0,1.0,1.0,8.988764044943822e-06,0.8125,0.0,2.0,easy|hard|medium
test,0,6,256,32,0.5329870910063619,136.53429546199914,900.1847206070088,0.004123094491660595,1.0,1.0,1.0,1.0,8.980441115272577e-06,0.8125,0.0,2.0,medium|easy|hard
test,0,6,257,32,0.5327364910044707,137.06763282399334,900.7180577149993,0.0013577857753261924,1.0,1.0,1.0,1.0,8.972118185601334e-06,1.21875,0.0,2.0,medium|hard|easy
test,0,6,258,32,0.5321036160021322,137.60029373200086,901.2507186300063,0.0015217919135466218,1.0,1.0,1.0,1.0,8.963795255930089e-06,1.0,0.0,2.0,medium|hard|easy
test,0,6,259,32,0.5329500580119202,138.1337936439959,901.7842185280024,0.001421310007572174,1.0,1.0,1.0,1.0,8.955472326258844e-06,1.0,0.0,2.0,hard|medium|easy
test,0,6,260,32,0.533036462002201,138.6673510660039,902.3177759440005,0.03708619624376297,1.0,1.0,1.0,1.0,8.9471493965876e-06,0.9375,0.0,2.0,medium|easy|hard
test,0,6,261,32,0.5320360040059313,139.19998971599853,902.8504146019986,0.0015578733291476965,1.0,1.0,1.0,1.0,8.938826466916356e-06,1.03125,0.0,2.0,hard|medium|easy
test,0,6,262,32,0.5328564159863163,139.73338420099753,903.3838090880017,0.0019883224740624428,1.0,1.0,1.0,1.0,8.930503537245111e-06,0.90625,0.0,2.0,easy|medium|hard
test,0,6,263,32,0.5326317650033161,140.2669420769962,903.9173669739976,0.02846345491707325,1.0,1.0,1.0,1.0,8.922180607573868e-06,1.0625,0.0,2.0,easy|hard|medium
test,0,6,264,32,0.5317818879993865,140.79915086699475,904.4495757719997,0.0010903325164690614,1.0,1.0,1.0,1.0,8.913857677902621e-06,1.25,0.0,2.0,hard|easy|medium
test,0,6,265,32,0.5326551109901629,141.33228406700073,904.9827089580067,0.014338139444589615,1.0,1.0,1.0,1.0,8.905534748231378e-06,1.0,0.0,2.0,easy|hard|medium
test,0,6,266,32,0.5330271270067897,141.8657418399962,905.5161667409993,0.13773199915885925,0.9545454545454546,0.96875,0.9772727272727273,0.964562569213732,8.897211818560135e-06,0.875,0.0,2.0,medium|easy|hard
test,0,6,267,17,0.320222319001914,142.18642599899613,905.8368508780113,0.007860020734369755,1.0,1.0,1.0,1.0,8.888888888888888e-06,1.2941176891326904,0.0,2.0,hard|medium|easy
test,0,7,1,32,0.53518891899148,0.6209775110037299,917.000475163004,0.040731556713581085,0.9722222222222222,0.96875,0.9666666666666667,0.9684729064039409,8.880565959217645e-06,0.96875,0.0,2.0,medium|easy|hard
test,0,7,2,32,0.5325321760028601,1.1541818499972578,917.5336762660008,0.0026651322841644287,1.0,1.0,1.0,1.0,8.872243029546402e-06,1.09375,0.0,2.0,hard|medium|easy
test,0,7,3,32,0.5318149859958794,1.6865659189934377,918.0660600800038,0.003685404546558857,1.0,1.0,1.0,1.0,8.863920099875155e-06,0.90625,0.0,2.0,easy|medium|hard
test,0,7,4,32,0.5327081130089937,2.2198925400007283,918.5993866820063,0.0013874298892915249,1.0,1.0,1.0,1.0,8.855597170203912e-06,1.0,0.0,2.0,easy|medium|hard
test,0,7,5,32,0.5318762240058277,2.752345877001062,919.1318400260061,0.216186985373497,0.9722222222222222,0.96875,0.9666666666666667,0.9684729064039409,8.847274240532669e-06,0.71875,0.0,2.0,easy|medium|hard
test,0,7,6,32,0.5315645719965687,3.284575172991026,919.664069261009,0.0015659150667488575,1.0,1.0,1.0,1.0,8.838951310861424e-06,1.0625,0.0,2.0,easy|hard|medium
test,0,7,7,32,0.532562204010901,3.817678634994081,920.1971727350028,0.19519588351249695,0.9705882352941176,0.96875,0.96875,0.9687194525904204,8.83062838119018e-06,1.09375,0.0,2.0,hard|medium|easy
test,0,7,8,32,0.532491096004378,4.35077800299041,920.7302721560118,0.0010964302346110344,1.0,1.0,1.0,1.0,8.822305451518936e-06,0.90625,0.0,2.0,medium|hard|easy
test,0,7,9,32,0.5315344980044756,4.882873455993831,921.2623676000076,0.0012125703506171703,1.0,1.0,1.0,1.0,8.813982521847691e-06,0.6875,0.0,2.0,easy|medium|hard
test,0,7,10,32,0.5325950529950205,5.416003516991623,921.7954976620094,0.011800339445471764,1.0,1.0,1.0,1.0,8.805659592176446e-06,0.78125,0.0,2.0,hard|easy|medium
test,0,7,11,32,0.5327811769966502,5.949345578002976,922.3288397370052,0.005052885040640831,1.0,1.0,1.0,1.0,8.797336662505203e-06,1.1875,0.0,2.0,easy|medium|hard
test,0,7,12,32,0.5312799940002151,6.481175598994014,922.8606697310024,0.019827449694275856,1.0,1.0,1.0,1.0,8.789013732833958e-06,0.90625,0.0,2.0,medium|hard|easy
test,0,7,13,32,0.5328525059885578,7.014569930994185,923.3940640750079,0.006330685690045357,1.0,1.0,1.0,1.0,8.780690803162714e-06,1.09375,0.0,2.0,easy|hard|medium
test,0,7,14,32,0.5324723439989612,7.547662871002103,923.9271570120036,0.0019341753795742989,1.0,1.0,1.0,1.0,8.77236787349147e-06,1.09375,0.0,2.0,medium|hard|easy
test,0,7,15,32,0.5314641229924746,8.079672833991935,924.4591669740039,0.00425586337223649,1.0,1.0,1.0,1.0,8.764044943820226e-06,0.84375,0.0,2.0,medium|easy|hard
test,0,7,16,32,0.5322504590003518,8.612504930992145,924.9919990810013,0.0025459378957748413,1.0,1.0,1.0,1.0,8.75572201414898e-06,0.90625,0.0,2.0,medium|easy|hard
test,0,7,17,32,0.5326617760001682,9.14568004499597,925.5251741910033,0.0020893309265375137,1.0,1.0,1.0,1.0,8.747399084477738e-06,0.96875,0.0,2.0,medium|hard|easy
test,0,7,18,32,0.53147308100597,9.677723236003658,926.0572173789988,0.004713389556854963,1.0,1.0,1.0,1.0,8.739076154806493e-06,0.84375,0.0,2.0,medium|hard|easy
test,0,7,19,32,0.5327698500041151,10.211082048990647,926.5905762140028,0.15695150196552277,0.9666666666666667,0.96875,0.9722222222222222,0.9684729064039409,8.730753225135248e-06,1.09375,0.0,2.0,hard|medium|easy
test,0,7,20,32,0.5326820600021165,10.74429522799619,927.1237893860089,0.0019036486046388745,1.0,1.0,1.0,1.0,8.722430295464005e-06,1.09375,0.0,2.0,hard|easy|medium
test,0,7,21,32,0.5312119020090904,11.276049439999042,927.6555435850023,0.0038943029940128326,1.0,1.0,1.0,1.0,8.71410736579276e-06,1.0625,0.0,2.0,hard|medium|easy
test,0,7,22,32,0.5328754549991572,11.809447229999932,928.1889414010075,0.02300381474196911,1.0,1.0,1.0,1.0,8.705784436121517e-06,0.96875,0.0,2.0,hard|medium|easy
test,0,7,23,32,0.5321688429976348,12.342190613999264,928.7216847750096,0.0031452407129108906,1.0,1.0,1.0,1.0,8.697461506450272e-06,1.03125,0.0,2.0,medium|hard|easy
test,0,7,24,32,0.5310020439937944,12.873677828989457,929.2531719840044,0.05187702551484108,0.96875,0.96875,0.9705882352941176,0.9687194525904204,8.689138576779027e-06,1.03125,0.0,2.0,medium|easy|hard
test,0,7,25,32,0.5333560230064904,13.4076056079939,929.7870997540012,0.0012738804798573256,1.0,1.0,1.0,1.0,8.680815647107784e-06,1.15625,0.0,2.0,hard|easy|medium
test,0,7,26,32,0.5325528999965172,13.940617474989267,930.3201115710108,0.0025168526917696,1.0,1.0,1.0,1.0,8.672492717436539e-06,1.0,0.0,2.0,easy|medium|hard
test,0,7,27,32,0.5317779799952405,14.472963437990984,930.8524575830088,0.019191790372133255,1.0,1.0,1.0,1.0,8.664169787765294e-06,1.25,0.0,2.0,easy|medium|hard
test,0,7,28,32,0.5332591640035389,15.006726804000209,931.3862209580111,0.06385279446840286,0.9615384615384616,0.96875,0.975,0.9671794871794872,8.655846858094051e-06,1.09375,0.0,2.0,medium|easy|hard
test,0,7,29,32,0.5322868350049248,15.539558171003591,931.9190522770077,0.023617753759026527,1.0,1.0,1.0,1.0,8.647523928422806e-06,1.0625,0.0,2.0,hard|easy|medium
test,0,7,30,32,0.5312780380045297,16.071480964994407,932.450975099011,0.001541776116937399,1.0,1.0,1.0,1.0,8.639200998751561e-06,0.875,0.0,2.0,medium|easy|hard
test,0,7,31,32,0.5333784550020937,16.605428795999615,932.9849228850071,0.040379319339990616,0.9736842105263157,0.96875,0.9642857142857143,0.967967967967968,8.630878069080318e-06,1.03125,0.0,2.0,easy|medium|hard
test,0,7,32,32,0.5319479070021771,17.137979756997083,933.5174738979986,0.001498047262430191,1.0,1.0,1.0,1.0,8.622555139409073e-06,1.15625,0.0,2.0,hard|medium|easy
test,0,7,33,32,0.531038453002111,17.66956554799981,934.0490596460004,0.002026827074587345,1.0,1.0,1.0,1.0,8.614232209737828e-06,0.96875,0.0,2.0,medium|easy|hard
test,0,7,34,32,0.5329268359928392,18.202998191991355,934.5824923400069,0.0034249380696564913,1.0,1.0,1.0,1.0,8.605909280066585e-06,1.125,0.0,2.0,hard|easy|medium
test,0,7,35,32,0.5320954119961243,18.735561245994177,935.1150553740008,0.004458033479750156,1.0,1.0,1.0,1.0,8.59758635039534e-06,0.6875,0.0,2.0,easy|medium|hard
test,0,7,36,32,0.531306246004533,19.267451216990594,935.6469453820027,0.11690178513526917,0.9615384615384616,0.96875,0.975,0.9671794871794872,8.589263420724095e-06,0.875,0.0,2.0,easy|medium|hard
test,0,7,37,32,0.5331882479949854,19.80120996000187,936.1807041870052,0.001210412010550499,1.0,1.0,1.0,1.0,8.580940491052852e-06,1.125,0.0,2.0,medium|hard|easy
test,0,7,38,32,0.5324313989985967,20.33426615699136,936.7137602590083,0.001016549882479012,1.0,1.0,1.0,1.0,8.572617561381606e-06,0.84375,0.0,2.0,hard|easy|medium
test,0,7,39,32,0.5319761990103871,20.86675142600143,937.2462458450027,0.0011794912861660123,1.0,1.0,1.0,1.0,8.564294631710362e-06,1.03125,0.0,2.0,easy|hard|medium
test,0,7,40,32,0.5327390449965606,21.40000305000285,937.779497194002,0.0011007620487362146,1.0,1.0,1.0,1.0,8.55597170203912e-06,0.96875,0.0,2.0,hard|medium|easy
test,0,7,41,32,0.5319895370048471,21.932530220990884,938.3120243240119,0.0008781297947280109,1.0,1.0,1.0,1.0,8.547648772367874e-06,0.90625,0.0,2.0,easy|medium|hard
test,0,7,42,32,0.5313287939934526,22.46443593899312,938.843930093004,0.17280521988868713,0.95,0.9375,0.9285714285714286,0.9352226720647774,8.53932584269663e-06,0.96875,0.0,2.0,easy|hard|medium
test,0,7,43,32,0.5326923419925151,22.997725599998375,939.3772197409999,0.0010119681246578693,1.0,1.0,1.0,1.0,8.531002913025386e-06,0.875,0.0,2.0,hard|easy|medium
test,0,7,44,32,0.5318476660031592,23.530119645991363,939.9096137840097,0.0015772506594657898,1.0,1.0,1.0,1.0,8.522679983354142e-06,1.0625,0.0,2.0,medium|easy|hard
test,0,7,45,32,0.5319767180044437,24.06270075099019,940.442194911011,0.0015219403430819511,1.0,1.0,1.0,1.0,8.514357053682897e-06,1.09375,0.0,2.0,hard|medium|easy
test,0,7,46,32,0.5326585930015426,24.595949743990786,940.9754438590026,0.0010500513017177582,1.0,1.0,1.0,1.0,8.506034124011654e-06,1.03125,0.0,2.0,hard|easy|medium
test,0,7,47,32,0.5320241050067125,25.12851235899143,941.5080064450012,0.001321075251325965,1.0,1.0,1.0,1.0,8.497711194340409e-06,0.8125,0.0,2.0,hard|medium|easy
test,0,7,48,32,0.5319613389874576,25.661053691990674,942.0405478340108,0.14992393553256989,0.9736842105263157,0.96875,0.9642857142857143,0.967967967967968,8.489388264669164e-06,0.8125,0.0,2.0,easy|medium|hard
test,0,7,49,32,0.5329829819966108,26.194564732999424,942.5740588150074,0.011229338124394417,1.0,1.0,1.0,1.0,8.48106533499792e-06,0.9375,0.0,2.0,easy|hard|medium
test,0,7,50,32,0.5323952429898782,26.7275357000035,943.1070298499981,0.00094577856361866,1.0,1.0,1.0,1.0,8.472742405326676e-06,0.84375,0.0,2.0,easy|medium|hard
test,0,7,51,32,0.5320046249980805,27.260126622000826,943.6396207689977,0.2584910988807678,0.9352226720647774,0.9375,0.9352226720647774,0.9352226720647774,8.464419475655431e-06,1.0625,0.0,2.0,medium|hard|easy
test,0,7,52,32,0.5333881419937825,27.794112645002315,944.1736068040045,0.03516006842255592,0.9736842105263157,0.96875,0.9642857142857143,0.967967967967968,8.456096545984188e-06,0.78125,0.0,2.0,hard|medium|easy
test,0,7,53,32,0.5324106160114752,28.32704213100078,944.7065362270077,0.19156837463378906,0.9722222222222222,0.96875,0.9666666666666667,0.9684729064039409,8.447773616312943e-06,1.125,0.0,2.0,easy|hard|medium
test,0,7,54,32,0.532007256988436,28.85962609499984,945.2391202569997,0.0010509965941309929,1.0,1.0,1.0,1.0,8.439450686641698e-06,0.71875,0.0,2.0,medium|easy|hard
test,0,7,55,32,0.5329467480041785,29.393153700992116,945.7726478370023,0.0010298114502802491,1.0,1.0,1.0,1.0,8.431127756970455e-06,0.9375,0.0,2.0,medium|easy|hard
test,0,7,56,32,0.5319294189976063,29.92562723500305,946.3051214630104,0.0012959090527147055,1.0,1.0,1.0,1.0,8.42280482729921e-06,0.96875,0.0,2.0,medium|hard|easy
test,0,7,57,32,0.5319124880043091,30.45806125999661,946.837555406004,0.1468532234430313,0.9642857142857143,0.96875,0.9736842105263157,0.967967967967968,8.414481897627965e-06,1.03125,0.0,2.0,medium|easy|hard
test,0,7,58,32,0.5321704079979099,30.990787934002583,947.3702822570049,0.05744965746998787,0.9666666666666667,0.96875,0.9722222222222222,0.9684729064039409,8.406158967956722e-06,0.8125,0.0,2.0,medium|easy|hard
test,0,7,59,32,0.5329596850060625,31.524322732992005,947.9038169060077,0.001289060339331627,1.0,1.0,1.0,1.0,8.397836038285477e-06,1.03125,0.0,2.0,hard|easy|medium
test,0,7,60,32,0.5319435889978195,32.05687761399895,948.4363717829983,0.10822933167219162,0.9642857142857143,0.96875,0.9736842105263157,0.967967967967968,8.389513108614234e-06,0.90625,0.0,2.0,medium|hard|easy
test,0,7,61,32,0.5327021480043186,32.59010008399491,948.9695942219987,0.018840331584215164,1.0,1.0,1.0,1.0,8.381190178942989e-06,0.9375,0.0,2.0,medium|hard|easy
test,0,7,62,32,0.5327707179967547,33.123438135997276,949.5029322900082,0.0010049358243122697,1.0,1.0,1.0,1.0,8.372867249271744e-06,1.09375,0.0,2.0,easy|hard|medium
test,0,7,63,32,0.5318707469996298,33.65586815899587,950.0353623070114,0.07730516046285629,0.9761904761904762,0.96875,0.9583333333333333,0.9660657476139979,8.364544319600501e-06,1.15625,0.0,2.0,hard|medium|easy
test,0,7,64,32,0.5325666039861972,34.1889938289969,950.5684882360074,0.01322731003165245,1.0,1.0,1.0,1.0,8.356221389929256e-06,0.90625,0.0,2.0,hard|easy|medium
test,0,7,65,32,0.5328564130031737,34.722412645001896,951.1019068220048,0.0830877423286438,0.9761904761904762,0.96875,0.9583333333333333,0.9660657476139979,8.347898460258011e-06,0.96875,0.0,2.0,easy|medium|hard
test,0,7,66,32,0.532344858002034,35.255258586999844,951.634752746002,0.07837186008691788,0.9722222222222222,0.96875,0.9666666666666667,0.9684729064039409,8.339575530586768e-06,1.03125,0.0,2.0,hard|easy|medium
test,0,7,67,32,0.533047513992642,35.78880482999375,952.1682989830006,0.1713210493326187,0.975,0.96875,0.9615384615384616,0.9671794871794872,8.331252600915523e-06,0.75,0.0,2.0,medium|easy|hard
test,0,7,68,32,0.533103976995335,36.32249396899715,952.7019881239976,0.014210999011993408,1.0,1.0,1.0,1.0,8.322929671244279e-06,0.71875,0.0,2.0,medium|hard|easy
test,0,7,69,32,0.5316507989919046,36.85472274599306,953.2342171290074,0.0026405183598399162,1.0,1.0,1.0,1.0,8.314606741573035e-06,1.0625,0.0,2.0,medium|easy|hard
test,0,7,70,32,0.5327998110005865,37.38809782300086,953.76759197301,0.13626739382743835,0.9545454545454546,0.96875,0.9772727272727273,0.964562569213732,8.30628381190179e-06,1.125,0.0,2.0,hard|medium|easy
test,0,7,71,32,0.5330021410045447,37.92163939400052,954.301133519999,0.0020775687880814075,1.0,1.0,1.0,1.0,8.297960882230546e-06,0.96875,0.0,2.0,easy|medium|hard
test,0,7,72,32,0.5325158729974646,38.45461225499457,954.834106387003,0.03463870286941528,0.9642857142857143,0.96875,0.9736842105263157,0.967967967967968,8.289637952559302e-06,0.96875,0.0,2.0,easy|medium|hard
test,0,7,73,32,0.5332017659966368,38.988371617000666,955.3678658090066,0.058970652520656586,0.96875,0.96875,0.9705882352941176,0.9687194525904204,8.281315022888058e-06,0.96875,0.0,2.0,hard|easy|medium
test,0,7,74,32,0.5328465389902703,39.521760624993476,955.9012547640014,0.001802994403988123,1.0,1.0,1.0,1.0,8.272992093216813e-06,0.84375,0.0,2.0,hard|medium|easy
test,0,7,75,32,0.5317775299918139,40.05409217499255,956.4335862730077,0.0011598279234021902,1.0,1.0,1.0,1.0,8.26466916354557e-06,0.9375,0.0,2.0,medium|hard|easy
test,0,7,76,32,0.5330228039965732,40.587672826994094,956.9671669610107,0.0040244790725409985,1.0,1.0,1.0,1.0,8.256346233874325e-06,1.09375,0.0,2.0,medium|hard|easy
test,0,7,77,32,0.5326903629902517,41.12094974999491,957.5004438500036,0.17485946416854858,0.96875,0.96875,0.9705882352941176,0.9687194525904204,8.24802330420308e-06,0.90625,0.0,2.0,easy|medium|hard
test,0,7,78,32,0.5315006870077923,41.65304988100252,958.0325439640001,0.005974034778773785,1.0,1.0,1.0,1.0,8.239700374531837e-06,0.875,0.0,2.0,easy|hard|medium
test,0,7,79,32,0.5329872469883412,42.186554487998364,958.5660486150009,0.09204167872667313,0.9583333333333333,0.96875,0.9761904761904762,0.9660657476139979,8.231377444860592e-06,1.25,0.0,2.0,hard|easy|medium
test,0,7,80,32,0.5324023449938977,42.71955556499597,959.0990497120074,0.0023474865593016148,1.0,1.0,1.0,1.0,8.223054515189347e-06,0.90625,0.0,2.0,easy|hard|medium
test,0,7,81,32,0.5320884539978579,43.252223709991085,959.6317178200115,0.0017286627553403378,1.0,1.0,1.0,1.0,8.214731585518104e-06,1.03125,0.0,2.0,hard|easy|medium
test,0,7,82,32,0.5321271069988143,43.78490076000162,960.1643948510027,0.0023185478057712317,1.0,1.0,1.0,1.0,8.206408655846859e-06,0.90625,0.0,2.0,hard|medium|easy
test,0,7,83,32,0.5325321949931094,44.3179584669997,960.6974525580008,0.0031136516481637955,1.0,1.0,1.0,1.0,8.198085726175614e-06,0.9375,0.0,2.0,medium|easy|hard
test,0,7,84,32,0.5317139940016204,44.850256391990115,961.2297505550086,0.003733525052666664,1.0,1.0,1.0,1.0,8.189762796504371e-06,0.875,0.0,2.0,easy|hard|medium
test,0,7,85,32,0.5325667400029488,45.3834268579958,961.762921254005,0.0029407264664769173,1.0,1.0,1.0,1.0,8.181439866833126e-06,1.09375,0.0,2.0,easy|medium|hard
test,0,7,86,32,0.5330244149954524,45.91704627899162,962.2965404389979,0.0013230331242084503,1.0,1.0,1.0,1.0,8.173116937161881e-06,0.90625,0.0,2.0,hard|medium|easy
test,0,7,87,32,0.5318265420064563,46.44943873299053,962.8289328740066,0.002758266171440482,1.0,1.0,1.0,1.0,8.164794007490638e-06,1.09375,0.0,2.0,hard|easy|medium
test,0,7,88,32,0.5316446349897888,46.981706473001395,963.3612006170006,0.0016274747904390097,1.0,1.0,1.0,1.0,8.156471077819393e-06,1.0,0.0,2.0,easy|medium|hard
test,0,7,89,32,0.5328056649887003,47.515077656993526,963.894571804005,0.01212070882320404,1.0,1.0,1.0,1.0,8.148148148148148e-06,1.0,0.0,2.0,hard|easy|medium
test,0,7,90,32,0.53184763599711,48.047490202996414,964.4269843850052,0.05464094877243042,0.9736842105263157,0.96875,0.9642857142857143,0.967967967967968,8.139825218476905e-06,0.78125,0.0,2.0,hard|medium|easy
test,0,7,91,32,0.5310046609956771,48.579061290001846,964.9585554430087,0.0024855209048837423,1.0,1.0,1.0,1.0,8.13150228880566e-06,0.9375,0.0,2.0,hard|easy|medium
test,0,7,92,32,0.5327351440064376,49.112360243991134,965.4918544100074,0.17815010249614716,0.9666666666666667,0.96875,0.9722222222222222,0.9684729064039409,8.123179359134415e-06,0.9375,0.0,2.0,easy|hard|medium
test,0,7,93,32,0.5320327749941498,49.64496983299614,966.0244639770099,0.15945111215114594,0.9761904761904762,0.96875,0.9583333333333333,0.9660657476139979,8.114856429463172e-06,1.15625,0.0,2.0,medium|easy|hard
test,0,7,94,32,0.5312090210063616,50.17675326199969,966.5562474030012,0.0017349740955978632,1.0,1.0,1.0,1.0,8.106533499791927e-06,0.90625,0.0,2.0,medium|easy|hard
test,0,7,95,32,0.5325267700100085,50.709844903991325,967.0893390510028,0.0017952462658286095,1.0,1.0,1.0,1.0,8.098210570120684e-06,0.9375,0.0,2.0,easy|medium|hard
test,0,7,96,32,0.5318092340021394,51.242269105991,967.6217632740008,0.0892535150051117,0.9736842105263157,0.96875,0.9642857142857143,0.967967967967968,8.08988764044944e-06,1.0625,0.0,2.0,hard|medium|easy
test,0,7,97,32,0.531646092000301,51.77449231898936,968.1539864600054,0.016914179548621178,1.0,1.0,1.0,1.0,8.081564710778195e-06,1.28125,0.0,2.0,medium|easy|hard
test,0,7,98,32,0.5320927110005869,52.30715923999378,968.6866536290036,0.006497149355709553,1.0,1.0,1.0,1.0,8.073241781106951e-06,1.09375,0.0,2.0,easy|medium|hard
test,0,7,99,32,0.531692367992946,52.83939731399005,969.2188914480066,0.026622725650668144,0.96875,0.96875,0.9705882352941176,0.9687194525904204,8.064918851435706e-06,1.0,0.0,2.0,medium|easy|hard
test,0,7,100,32,0.5316624550032429,53.371556786994915,969.751050906998,0.002145271748304367,1.0,1.0,1.0,1.0,8.056595921764462e-06,1.0,0.0,2.0,hard|medium|easy
test,0,7,101,32,0.5321062639995944,53.90419570400263,970.2836898530077,0.15894624590873718,0.9736842105263157,0.96875,0.9642857142857143,0.967967967967968,8.048272992093218e-06,0.8125,0.0,2.0,easy|hard|medium
test,0,7,102,32,0.5317654079990461,54.43655489999219,970.8160490400041,0.002831712132319808,1.0,1.0,1.0,1.0,8.039950062421974e-06,1.0,0.0,2.0,easy|hard|medium
test,0,7,103,32,0.5317179679987021,54.968732773995725,971.3482269070082,0.0017533838981762528,1.0,1.0,1.0,1.0,8.031627132750729e-06,0.96875,0.0,2.0,hard|medium|easy
test,0,7,104,32,0.5328355350065976,55.5021306869894,971.88162482201,0.004950184840708971,1.0,1.0,1.0,1.0,8.023304203079486e-06,0.9375,0.0,2.0,easy|medium|hard
test,0,7,105,32,0.5320570230105659,56.03471582000202,972.4142099700111,0.0019150496227666736,1.0,1.0,1.0,1.0,8.01498127340824e-06,1.09375,0.0,2.0,hard|medium|easy
test,0,7,106,32,0.5322021180036245,56.56751300700125,972.9470071520045,0.002814113162457943,1.0,1.0,1.0,1.0,8.006658343736996e-06,1.0625,0.0,2.0,easy|hard|medium
test,0,7,107,32,0.5325498239981243,57.10062449199904,973.4801185930119,0.0015480706933885813,1.0,1.0,1.0,1.0,7.998335414065753e-06,1.21875,0.0,2.0,medium|hard|easy
test,0,7,108,32,0.5320357029995648,57.63326942900312,974.0127639160055,0.005569040775299072,1.0,1.0,1.0,1.0,7.990012484394508e-06,1.0625,0.0,2.0,medium|hard|easy
test,0,7,109,32,0.5310686169977998,58.16488326599938,974.5443774599989,0.04201950132846832,0.9705882352941176,0.96875,0.96875,0.9687194525904204,7.981689554723263e-06,0.84375,0.0,2.0,easy|medium|hard
test,0,7,110,32,0.5322432800021488,58.69768107800337,975.0771751840075,0.0014943638816475868,1.0,1.0,1.0,1.0,7.97336662505202e-06,0.9375,0.0,2.0,medium|hard|easy
test,0,7,111,32,0.5324341809900943,59.23065633099759,975.610150419001,0.0011789418058469892,1.0,1.0,1.0,1.0,7.965043695380775e-06,1.15625,0.0,2.0,medium|easy|hard
test,0,7,112,32,0.5311243809992447,59.762388090995955,976.141882255004,0.013141410425305367,1.0,1.0,1.0,1.0,7.95672076570953e-06,0.9375,0.0,2.0,hard|easy|medium
test,0,7,113,32,0.5324339900107589,60.29534284499823,976.674836998005,0.0009691949235275388,1.0,1.0,1.0,1.0,7.948397836038287e-06,0.8125,0.0,2.0,hard|medium|easy
test,0,7,114,32,0.5331551590061281,60.8290147719963,977.2085089080065,0.04752763733267784,0.9791666666666667,0.96875,0.9444444444444444,0.9599499374217773,7.940074906367042e-06,1.125,0.0,2.0,hard|medium|easy
test,0,7,115,32,0.5310488999966765,61.36060105600336,977.7400951440068,0.10535624623298645,0.96875,0.96875,0.9705882352941176,0.9687194525904204,7.931751976695797e-06,0.84375,0.0,2.0,hard|medium|easy
test,0,7,116,32,0.5331545619992539,61.89431025799422,978.2738043850113,0.18843722343444824,0.9583333333333333,0.96875,0.9761904761904762,0.9660657476139979,7.923429047024554e-06,0.96875,0.0,2.0,easy|medium|hard
test,0,7,117,32,0.5320715059933718,62.42693596400204,978.8064300990081,0.002771674655377865,1.0,1.0,1.0,1.0,7.91510611735331e-06,1.1875,0.0,2.0,easy|hard|medium
test,0,7,118,32,0.5315140329912538,62.958957238995936,979.3384515540092,0.0016564341494813561,1.0,1.0,1.0,1.0,7.906783187682064e-06,1.0,0.0,2.0,hard|easy|medium
test,0,7,119,32,0.5335688070044853,63.493109899995034,979.8726040740003,0.0011686505749821663,1.0,1.0,1.0,1.0,7.898460258010821e-06,1.03125,0.0,2.0,hard|easy|medium
test,0,7,120,32,0.5321649480029009,64.0258441640035,980.4053382929997,0.0388108491897583,0.96875,0.96875,0.9705882352941176,0.9687194525904204,7.890137328339576e-06,0.96875,0.0,2.0,medium|easy|hard
test,0,7,121,32,0.5317360189947067,64.55814417699003,980.9376383330091,0.009598683565855026,1.0,1.0,1.0,1.0,7.881814398668331e-06,0.9375,0.0,2.0,medium|easy|hard
test,0,7,122,32,0.5331029470107751,65.09179361799033,981.4712877590064,0.0008110924973152578,1.0,1.0,1.0,1.0,7.873491468997088e-06,1.0,0.0,2.0,hard|medium|easy
test,0,7,123,32,0.5316982660006033,65.62405555599253,982.0035497170029,0.0016858512535691261,1.0,1.0,1.0,1.0,7.865168539325843e-06,0.78125,0.0,2.0,medium|hard|easy
test,0,7,124,32,0.5309997949952958,66.1556121439935,982.5351062789996,0.0008679968304932117,1.0,1.0,1.0,1.0,7.856845609654599e-06,1.15625,0.0,2.0,medium|hard|easy
test,0,7,125,32,0.5329863020015182,66.68915871299396,983.0686528220103,0.05804254114627838,0.9761904761904762,0.96875,0.9583333333333333,0.9660657476139979,7.848522679983355e-06,1.03125,0.0,2.0,hard|medium|easy
test,0,7,126,32,0.5321259320044192,67.22175465199689,983.6012491139991,0.12803879380226135,0.9722222222222222,0.96875,0.9666666666666667,0.9684729064039409,7.84019975031211e-06,0.96875,0.0,2.0,medium|hard|easy
test,0,7,127,32,0.5309459950076416,67.75318770899321,984.1326821740076,0.0008846677956171334,1.0,1.0,1.0,1.0,7.831876820640866e-06,1.21875,0.0,2.0,easy|hard|medium
test,0,7,128,32,0.5333105210011126,68.28708324999025,984.6665774040011,0.0008994330419227481,1.0,1.0,1.0,1.0,7.823553890969623e-06,1.15625,0.0,2.0,hard|medium|easy
test,0,7,129,32,0.532286561006913,68.81993578700349,985.1994299320068,0.0028188105206936598,1.0,1.0,1.0,1.0,7.815230961298378e-06,0.96875,0.0,2.0,easy|medium|hard
test,0,7,130,32,0.5313351939985296,69.35182482498931,985.7313189790002,0.22270113229751587,0.9583333333333333,0.96875,0.9761904761904762,0.9660657476139979,7.806908031627133e-06,1.03125,0.0,2.0,medium|easy|hard
test,0,7,131,32,0.5333925229933811,69.88565594799002,986.2651500820066,0.0014910424361005425,1.0,1.0,1.0,1.0,7.79858510195589e-06,1.0,0.0,2.0,hard|medium|easy
test,0,7,132,32,0.5322542890062323,70.41848753699742,986.7979816880106,0.12332496792078018,0.9736842105263157,0.96875,0.9642857142857143,0.967967967967968,7.790262172284645e-06,0.8125,0.0,2.0,easy|medium|hard
test,0,7,133,32,0.5319492669950705,70.95105578900257,987.3305499319977,0.0009085339843295515,1.0,1.0,1.0,1.0,7.781939242613402e-06,0.96875,0.0,2.0,easy|hard|medium
test,0,7,134,32,0.5331011880043661,71.4847532529966,987.864247400008,0.05113758519291878,0.9761904761904762,0.96875,0.9583333333333333,0.9660657476139979,7.773616312942157e-06,0.75,0.0,2.0,easy|medium|hard
test,0,7,135,32,0.5324667490058346,72.0177299700008,988.3972241270094,0.1632862240076065,0.9772727272727273,0.96875,0.9545454545454546,0.964562569213732,7.765293383270912e-06,0.9375,0.0,2.0,hard|easy|medium
test,0,7,136,32,0.5317177969991462,72.55000547599047,988.9294996170065,0.2988704442977905,0.9411764705882353,0.9375,0.9411764705882353,0.9375,7.756970453599669e-06,1.125,0.0,2.0,hard|easy|medium
test,0,7,137,32,0.5327688469988061,73.08322993299225,989.4627241109993,0.0011103053111582994,1.0,1.0,1.0,1.0,7.748647523928424e-06,1.03125,0.0,2.0,hard|medium|easy
test,0,7,138,32,0.5322982149955351,73.61605160099862,989.9955456949974,0.0014318929752334952,1.0,1.0,1.0,1.0,7.740324594257179e-06,0.84375,0.0,2.0,easy|medium|hard
test,0,7,139,32,0.532372909001424,74.14896373100055,990.5284578670107,0.0008769513806328177,1.0,1.0,1.0,1.0,7.732001664585936e-06,1.0,0.0,2.0,easy|hard|medium
test,0,7,140,32,0.5332653920049779,74.68277517199749,991.0622693170008,0.0009911319939419627,1.0,1.0,1.0,1.0,7.723678734914691e-06,1.0625,0.0,2.0,hard|medium|easy
test,0,7,141,32,0.5326254839892499,75.21595922700362,991.5954533660115,0.16829632222652435,0.9545454545454546,0.96875,0.9772727272727273,0.964562569213732,7.715355805243446e-06,1.0,0.0,2.0,medium|easy|hard
test,0,7,142,32,0.5320992090128129,75.7485886200011,992.1280827779992,0.0011596758849918842,1.0,1.0,1.0,1.0,7.707032875572203e-06,0.9375,0.0,2.0,medium|easy|hard
test,0,7,143,32,0.5336972980003338,76.28277411599993,992.6622682560119,0.07599155604839325,0.9736842105263157,0.96875,0.9642857142857143,0.967967967967968,7.698709945900958e-06,1.09375,0.0,2.0,medium|hard|easy
test,0,7,144,32,0.5326922530075535,76.81608239500201,993.1955765330058,0.0011566928587853909,1.0,1.0,1.0,1.0,7.690387016229713e-06,0.9375,0.0,2.0,medium|hard|easy
test,0,7,145,32,0.5316093079891289,77.34816571899864,993.7276598620083,0.000977206276729703,1.0,1.0,1.0,1.0,7.68206408655847e-06,1.25,0.0,2.0,hard|medium|easy
test,0,7,146,32,0.5332101259991759,77.88193969499844,994.2614338450076,0.0014103078283369541,1.0,1.0,1.0,1.0,7.673741156887225e-06,0.84375,0.0,2.0,medium|easy|hard
test,0,7,147,32,0.5322020239982521,78.41472991199407,994.7942240460106,0.013610823079943657,1.0,1.0,1.0,1.0,7.66541822721598e-06,1.15625,0.0,2.0,medium|easy|hard
test,0,7,148,32,0.5320171950006625,78.94734091799182,995.3268350550061,0.0008686552755534649,1.0,1.0,1.0,1.0,7.657095297544737e-06,1.15625,0.0,2.0,medium|hard|easy
test,0,7,149,32,0.5329763820045628,79.4808904340025,995.8603845739999,0.0010438652243465185,1.0,1.0,1.0,1.0,7.648772367873492e-06,1.125,0.0,2.0,hard|easy|medium
test,0,7,150,32,0.5321943239978282,80.01360720099183,996.393101351001,0.40308037400245667,0.9523809523809523,0.9375,0.9230769230769231,0.9333333333333333,7.640449438202247e-06,0.75,0.0,2.0,easy|hard|medium
test,0,7,151,32,0.5321498229895951,80.54630736299441,996.9258015329979,0.25583571195602417,0.9372549019607843,0.9375,0.9372549019607843,0.9372549019607843,7.632126508531004e-06,1.0625,0.0,2.0,medium|easy|hard
test,0,7,152,32,0.5332876159955049,81.08016318299633,997.4596573239978,0.0011461599497124553,1.0,1.0,1.0,1.0,7.6238035788597594e-06,1.09375,0.0,2.0,hard|easy|medium
test,0,7,153,32,0.5320676589908544,81.61269462099881,997.9921887550008,0.0011759363114833832,1.0,1.0,1.0,1.0,7.6154806491885146e-06,0.90625,0.0,2.0,easy|medium|hard
test,0,7,154,32,0.5319966110109817,82.14522095400025,998.5247151280055,0.0016652976628392935,1.0,1.0,1.0,1.0,7.6071577195172706e-06,1.03125,0.0,2.0,easy|medium|hard
test,0,7,155,32,0.5332060889923014,82.67902615699859,999.0585203150113,0.0009884241735562682,1.0,1.0,1.0,1.0,7.5988347898460265e-06,1.03125,0.0,2.0,hard|medium|easy
test,0,7,156,32,0.5317713020049268,83.21137639899098,999.5908704989997,0.0009667587000876665,1.0,1.0,1.0,1.0,7.590511860174782e-06,1.0,0.0,2.0,hard|easy|medium
test,0,7,157,32,0.5316355490067508,83.74361817799218,1000.1231123030011,0.06195767968893051,0.9545454545454546,0.96875,0.9772727272727273,0.964562569213732,7.582188930503538e-06,1.0625,0.0,2.0,medium|hard|easy
test,0,7,158,32,0.5331499900057679,84.27727022099134,1000.6567643700109,0.0012928129872307181,1.0,1.0,1.0,1.0,7.573866000832294e-06,1.21875,0.0,2.0,hard|medium|easy
test,0,7,159,32,0.5322523010108853,84.81012698799896,1001.1896211420099,0.11626077443361282,0.9615384615384616,0.96875,0.975,0.9671794871794872,7.565543071161049e-06,1.0,0.0,2.0,medium|hard|easy
test,0,7,160,32,0.532052181995823,85.34275337700092,1001.7222475610033,0.013642585836350918,1.0,1.0,1.0,1.0,7.557220141489805e-06,0.84375,0.0,2.0,hard|medium|easy
test,0,7,161,32,0.5329737009888049,85.87627992899797,1002.2557740699995,0.0012392576318234205,1.0,1.0,1.0,1.0,7.548897211818561e-06,1.0,0.0,2.0,hard|easy|medium
test,0,7,162,32,0.5318149450031342,86.4086055480002,1002.788099701007,0.31233111023902893,0.9333333333333333,0.9375,0.9473684210526316,0.9365079365079365,7.540574282147316e-06,1.25,0.0,2.0,medium|hard|easy
test,0,7,163,32,0.5318152679974446,86.94096595299197,1003.3204600919998,0.0010280240094289184,1.0,1.0,1.0,1.0,7.532251352476072e-06,0.8125,0.0,2.0,easy|hard|medium
test,0,7,164,32,0.5330560610018438,87.47462009899027,1003.8541142330068,0.16065038740634918,0.975,0.96875,0.9615384615384616,0.9671794871794872,7.523928422804828e-06,1.25,0.0,2.0,hard|medium|easy
test,0,7,165,32,0.5321045519958716,88.00731889400049,1004.3868130370101,0.0008881475660018623,1.0,1.0,1.0,1.0,7.515605493133583e-06,0.9375,0.0,2.0,easy|medium|hard
test,0,7,166,32,0.5321524329920067,88.54001725299167,1004.919511797998,0.4837329387664795,0.9166666666666667,0.9375,0.9545454545454546,0.9307359307359306,7.507282563462339e-06,0.96875,0.0,2.0,medium|easy|hard
test,0,7,167,32,0.5328191720036557,89.07340343399846,1005.452897575,0.0009198134648613632,1.0,1.0,1.0,1.0,7.498959633791095e-06,1.0,0.0,2.0,hard|easy|medium
test,0,7,168,32,0.5326455710019218,89.60665339599655,1005.9861477250088,0.0010337616549804807,1.0,1.0,1.0,1.0,7.490636704119851e-06,1.03125,0.0,2.0,hard|medium|easy
test,0,7,169,32,0.5316116319881985,90.13879942199856,1006.5182935430057,0.011104759760200977,1.0,1.0,1.0,1.0,7.482313774448606e-06,1.0,0.0,2.0,easy|medium|hard
test,0,7,170,32,0.5333845710119931,90.67278341000201,1007.0522775130084,0.000836926803458482,1.0,1.0,1.0,1.0,7.473990844777362e-06,0.90625,0.0,2.0,medium|easy|hard
test,0,7,171,32,0.5325758490071166,91.20587394200265,1007.5853680810105,0.0008297106251120567,1.0,1.0,1.0,1.0,7.465667915106118e-06,1.0625,0.0,2.0,hard|medium|easy
test,0,7,172,32,0.5315855450025992,91.73803656699602,1008.1175306530058,0.0008099293918348849,1.0,1.0,1.0,1.0,7.457344985434873e-06,0.90625,0.0,2.0,hard|easy|medium
test,0,7,173,32,0.5328927869995823,92.27149426199321,1008.6509884179977,0.0008785118698142469,1.0,1.0,1.0,1.0,7.449022055763629e-06,0.59375,0.0,2.0,hard|easy|medium
test,0,7,174,32,0.5326424679951742,92.8046071449935,1009.1841013110097,0.0014843768440186977,1.0,1.0,1.0,1.0,7.440699126092385e-06,1.25,0.0,2.0,easy|medium|hard
test,0,7,175,32,0.5316539539926453,93.33688483000151,1009.7163789670012,0.11004526913166046,0.9736842105263157,0.96875,0.9642857142857143,0.967967967967968,7.43237619642114e-06,0.96875,0.0,2.0,medium|easy|hard
test,0,7,176,32,0.532666582003003,93.87007202599489,1010.2495661550056,0.0009840967832133174,1.0,1.0,1.0,1.0,7.424053266749896e-06,1.03125,0.0,2.0,hard|easy|medium
test,0,7,177,32,0.532623405000777,94.40324222799973,1010.7827363160031,0.0007845380459912121,1.0,1.0,1.0,1.0,7.415730337078652e-06,0.90625,0.0,2.0,medium|easy|hard
test,0,7,178,32,0.5321407109877327,94.93599368000287,1011.3154878390051,0.005813108757138252,1.0,1.0,1.0,1.0,7.4074074074074075e-06,1.09375,0.0,2.0,medium|hard|easy
test,0,7,179,32,0.5320610000053421,95.46864012999868,1011.8481342120067,0.001164733781479299,1.0,1.0,1.0,1.0,7.3990844777361635e-06,1.21875,0.0,2.0,hard|easy|medium
test,0,7,180,32,0.5326808429963421,96.00182726999628,1012.3813214060065,0.14334525167942047,0.9333333333333333,0.9375,0.9473684210526316,0.9365079365079365,7.3907615480649195e-06,1.125,0.0,2.0,hard|medium|easy
test,0,7,181,32,0.5321155620040372,96.5344736219995,1012.913967793007,0.0009535328717902303,1.0,1.0,1.0,1.0,7.382438618393675e-06,1.03125,0.0,2.0,medium|hard|easy
test,0,7,182,32,0.5328591060097096,97.06777070499083,1013.4472648500087,0.0011279217433184385,1.0,1.0,1.0,1.0,7.374115688722431e-06,0.90625,0.0,2.0,easy|medium|hard
test,0,7,183,32,0.5335967920109397,97.60195639799349,1013.9814508240088,0.1288749873638153,0.9722222222222222,0.96875,0.9666666666666667,0.9684729064039409,7.3657927590511866e-06,1.0,0.0,2.0,easy|hard|medium
test,0,7,184,32,0.532162823001272,98.13468154099246,1014.514175682998,0.0009272106108255684,1.0,1.0,1.0,1.0,7.357469829379942e-06,0.9375,0.0,2.0,medium|hard|easy
test,0,7,185,32,0.5328357510006754,98.66809270999511,1015.0475868650101,0.0012912582606077194,1.0,1.0,1.0,1.0,7.349146899708698e-06,0.90625,0.0,2.0,medium|easy|hard
test,0,7,186,32,0.53288148700085,99.20151895900199,1015.5810130949976,0.0008090403862297535,1.0,1.0,1.0,1.0,7.340823970037454e-06,0.8125,0.0,2.0,medium|hard|easy
test,0,7,187,32,0.5324756769987289,99.7345877619955,1016.1140819389984,0.0007971992017701268,1.0,1.0,1.0,1.0,7.33250104036621e-06,1.21875,0.0,2.0,medium|hard|easy
test,0,7,188,32,0.5328617170016514,100.26800423099485,1016.647498382008,0.001802064129151404,1.0,1.0,1.0,1.0,7.324178110694965e-06,1.0625,0.0,2.0,hard|medium|easy
test,0,7,189,32,0.5339004039997235,100.8024974729924,1017.1819916210079,0.0015124843921512365,1.0,1.0,1.0,1.0,7.315855181023721e-06,1.15625,0.0,2.0,easy|hard|medium
test,0,7,190,32,0.5316565069952048,101.33462220198999,1017.7141163640044,0.0007073081796988845,1.0,1.0,1.0,1.0,7.307532251352477e-06,1.125,0.0,2.0,medium|hard|easy
test,0,7,191,32,0.5334908780059777,101.86868233999121,1018.2481764900003,0.000654578092508018,1.0,1.0,1.0,1.0,7.299209321681232e-06,1.09375,0.0,2.0,hard|easy|medium
test,0,7,192,32,0.5322420989978127,102.40154348699434,1018.7810376270063,0.0007610239554196596,1.0,1.0,1.0,1.0,7.290886392009988e-06,1.0625,0.0,2.0,hard|easy|medium
test,0,7,193,32,0.5319038790039485,102.93399445099931,1019.313488601998,0.000707806262653321,1.0,1.0,1.0,1.0,7.282563462338744e-06,1.21875,0.0,2.0,hard|medium|easy
test,0,7,194,32,0.5325185270048678,103.46710833499674,1019.8466024740046,0.003480110550299287,1.0,1.0,1.0,1.0,7.274240532667499e-06,1.15625,0.0,2.0,medium|hard|easy
test,0,7,195,32,0.5328401469887467,104.00041058799252,1020.3799047440116,0.007427123375236988,1.0,1.0,1.0,1.0,7.265917602996255e-06,1.1875,0.0,2.0,medium|hard|easy
test,0,7,196,32,0.5316016519936966,104.5326466139959,1020.9121407600032,0.0006517205620184541,1.0,1.0,1.0,1.0,7.257594673325011e-06,0.96875,0.0,2.0,medium|hard|easy
test,0,7,197,32,0.533107786992332,105.06632611399982,1021.4458202660026,0.14705517888069153,0.9722222222222222,0.96875,0.9666666666666667,0.9684729064039409,7.249271743653766e-06,1.15625,0.0,2.0,easy|hard|medium
test,0,7,198,32,0.5326915390032809,105.599619746994,1021.9791138240107,0.0006719958037137985,1.0,1.0,1.0,1.0,7.240948813982522e-06,0.875,0.0,2.0,medium|easy|hard
test,0,7,199,32,0.5317675010010134,106.13192047399934,1022.5114146050037,0.19695228338241577,0.9772727272727273,0.96875,0.9545454545454546,0.964562569213732,7.232625884311278e-06,0.875,0.0,2.0,medium|easy|hard
test,0,7,200,32,0.5329723039903911,106.6654972529941,1023.0449914060009,0.0005507732275873423,1.0,1.0,1.0,1.0,7.224302954640033e-06,1.21875,0.0,2.0,hard|medium|easy
test,0,7,201,32,0.5331671880121576,107.19928093100316,1023.5787752600008,0.0007554691983386874,1.0,1.0,1.0,1.0,7.215980024968789e-06,1.09375,0.0,2.0,medium|hard|easy
test,0,7,202,32,0.5317571769992355,107.73162009999214,1024.111114231011,0.0006771615007892251,1.0,1.0,1.0,1.0,7.207657095297545e-06,0.90625,0.0,2.0,easy|medium|hard
test,0,7,203,32,0.5332434640004067,108.26543627899082,1024.6449304340058,0.00841587595641613,1.0,1.0,1.0,1.0,7.1993341656263e-06,0.90625,0.0,2.0,medium|hard|easy
test,0,7,204,32,0.5326356989971828,108.7986821099912,1025.1781762419996,0.0007405383512377739,1.0,1.0,1.0,1.0,7.191011235955056e-06,1.0,0.0,2.0,easy|hard|medium
test,0,7,205,32,0.5322366500040516,109.33150096099416,1025.7109951130114,0.0006521514151245356,1.0,1.0,1.0,1.0,7.182688306283812e-06,0.90625,0.0,2.0,easy|hard|medium
test,0,7,206,32,0.5329084020049777,109.86501050899096,1026.244504702001,0.0006794263608753681,1.0,1.0,1.0,1.0,7.174365376612568e-06,1.0,0.0,2.0,hard|easy|medium
test,0,7,207,32,0.5338111989985919,110.39934894999897,1026.778843100008,0.0005703201750293374,1.0,1.0,1.0,1.0,7.1660424469413235e-06,0.90625,0.0,2.0,easy|hard|medium
test,0,7,208,32,0.5318199649918824,110.93159734699293,1027.31109163801,0.0011628124630078673,1.0,1.0,1.0,1.0,7.1577195172700795e-06,1.25,0.0,2.0,hard|medium|easy
test,0,7,209,32,0.5327664039941737,111.46482333299355,1027.844317494004,0.0007662088610231876,1.0,1.0,1.0,1.0,7.1493965875988355e-06,1.1875,0.0,2.0,hard|easy|medium
test,0,7,210,32,0.5325911499967333,111.99802155699581,1028.377516040011,0.0008080886909738183,1.0,1.0,1.0,1.0,7.141073657927591e-06,0.90625,0.0,2.0,hard|easy|medium
test,0,7,211,32,0.5320310429960955,112.53063133099931,1028.9101254630077,0.001057472312822938,1.0,1.0,1.0,1.0,7.132750728256347e-06,1.125,0.0,2.0,medium|hard|easy
test,0,7,212,32,0.5326272730017081,113.0638116249902,1029.4433058100112,0.0005932544590905309,1.0,1.0,1.0,1.0,7.124427798585103e-06,1.09375,0.0,2.0,easy|medium|hard
test,0,7,213,32,0.5329660150018753,113.5973661839962,1029.9768603270059,0.0004963130922988057,1.0,1.0,1.0,1.0,7.116104868913858e-06,0.71875,0.0,2.0,hard|medium|easy
test,0,7,214,32,0.532025924010668,114.12981888800277,1030.509313048009,0.0005834914627484977,1.0,1.0,1.0,1.0,7.107781939242614e-06,0.9375,0.0,2.0,medium|easy|hard
test,0,7,215,32,0.5329478759958874,114.66337465999823,1031.0428688090033,0.2088940441608429,0.9642857142857143,0.96875,0.9736842105263157,0.967967967967968,7.09945900957137e-06,0.90625,0.0,2.0,easy|hard|medium
test,0,7,216,32,0.5326593710051384,115.19659056900127,1031.5760847280035,0.0017973054200410843,1.0,1.0,1.0,1.0,7.091136079900125e-06,1.125,0.0,2.0,easy|medium|hard
test,0,7,217,32,0.5319085009978153,115.72914910099644,1032.108643560001,0.0005121371941640973,1.0,1.0,1.0,1.0,7.082813150228881e-06,0.9375,0.0,2.0,easy|medium|hard
test,0,7,218,32,0.5327680180052994,116.26246067999455,1032.6419548700069,0.0006049982621334493,1.0,1.0,1.0,1.0,7.074490220557637e-06,1.3125,0.0,2.0,medium|easy|hard
test,0,7,219,32,0.5328442200116115,116.79588885899284,1033.1753830520029,0.0012680968502536416,1.0,1.0,1.0,1.0,7.066167290886392e-06,0.96875,0.0,2.0,hard|easy|medium
test,0,7,220,32,0.5318438099930063,117.3282509619894,1033.7077451040095,0.0467074029147625,0.96875,0.96875,0.9705882352941176,0.9687194525904204,7.057844361215148e-06,0.9375,0.0,2.0,medium|easy|hard
test,0,7,221,32,0.532896664008149,117.86171933199512,1034.241213529007,0.0021746596321463585,1.0,1.0,1.0,1.0,7.049521431543904e-06,1.09375,0.0,2.0,hard|easy|medium
test,0,7,222,32,0.5322059820027789,118.3945433129993,1034.7740374050045,0.18847283720970154,0.9333333333333333,0.9375,0.9473684210526316,0.9365079365079365,7.04119850187266e-06,1.0625,0.0,2.0,medium|hard|easy
test,0,7,223,32,0.5317177879915107,118.92682119399251,1035.3063153370022,0.0006858533015474677,1.0,1.0,1.0,1.0,7.032875572201415e-06,0.84375,0.0,2.0,easy|medium|hard
test,0,7,224,32,0.5316726479941281,119.45909381000092,1035.8385879569978,0.00042959529673680663,1.0,1.0,1.0,1.0,7.024552642530171e-06,1.03125,0.0,2.0,medium|hard|easy
test,0,7,225,32,0.5331013139948482,119.99275853499421,1036.3722526750062,0.0008385741384699941,1.0,1.0,1.0,1.0,7.016229712858927e-06,0.71875,0.0,2.0,easy|medium|hard
test,0,7,226,32,0.5314171770005487,120.52462802999071,1036.9041224340035,0.0006317081279121339,1.0,1.0,1.0,1.0,7.007906783187682e-06,1.0,0.0,2.0,easy|medium|hard
test,0,7,227,32,0.5308247000066331,121.05602079599339,1037.4355149470066,0.0005219788290560246,1.0,1.0,1.0,1.0,6.999583853516438e-06,1.0625,0.0,2.0,medium|hard|easy
test,0,7,228,32,0.5323285299964482,121.5888767939905,1037.9683709530073,0.0009509988012723625,1.0,1.0,1.0,1.0,6.991260923845194e-06,0.9375,0.0,2.0,medium|easy|hard
test,0,7,229,32,0.5323599639959866,122.12172543199267,1038.5012195290037,0.0006415798561647534,1.0,1.0,1.0,1.0,6.982937994173949e-06,1.28125,0.0,2.0,hard|easy|medium
test,0,7,230,32,0.5317601630085846,122.65399936000176,1039.033493453011,0.0007888354593887925,1.0,1.0,1.0,1.0,6.974615064502705e-06,1.21875,0.0,2.0,hard|medium|easy
test,0,7,231,32,0.5326009350101231,123.18714660000114,1039.5666407440003,0.19056759774684906,0.975,0.96875,0.9615384615384616,0.9671794871794872,6.966292134831461e-06,1.03125,0.0,2.0,hard|easy|medium
test,0,7,232,32,0.5317215820105048,123.71941085800063,1040.098904946004,0.1969170868396759,0.9722222222222222,0.96875,0.9666666666666667,0.9684729064039409,6.957969205160216e-06,1.125,0.0,2.0,medium|easy|hard
test,0,7,233,32,0.5318796499923337,124.25184733099013,1040.631341476008,0.0007080947398208082,1.0,1.0,1.0,1.0,6.949646275488972e-06,0.875,0.0,2.0,medium|hard|easy
test,0,7,234,32,0.5324652859999333,124.78485076999641,1041.1643448660034,0.013415493071079254,1.0,1.0,1.0,1.0,6.941323345817728e-06,1.15625,0.0,2.0,medium|hard|easy
test,0,7,235,32,0.5325702460104367,125.31792448399938,1041.6974186380103,0.0005108649493195117,1.0,1.0,1.0,1.0,6.9330004161464835e-06,0.90625,0.0,2.0,medium|easy|hard
test,0,7,236,32,0.5315965699992375,125.85011116499663,1042.22960525901,0.0004580971726682037,1.0,1.0,1.0,1.0,6.9246774864752395e-06,1.15625,0.0,2.0,hard|easy|medium
test,0,7,237,32,0.5322866089991294,126.3828621529974,1042.7623563020024,0.001381641486659646,1.0,1.0,1.0,1.0,6.9163545568039955e-06,1.0625,0.0,2.0,medium|easy|hard
test,0,7,238,32,0.5317071290046442,126.91499774499971,1043.2944919000001,0.4895603656768799,0.907843137254902,0.90625,0.90625,0.906158357771261,6.908031627132751e-06,1.03125,0.0,2.0,medium|hard|easy
test,0,7,239,32,0.5315170859976206,127.44699389000016,1043.826488029008,0.0006566165830008686,1.0,1.0,1.0,1.0,6.899708697461507e-06,1.0,0.0,2.0,hard|easy|medium
test,0,7,240,32,0.5327895570080727,127.98031454799639,1044.3598086590064,0.17558930814266205,0.975,0.96875,0.9615384615384616,0.9671794871794872,6.891385767790263e-06,0.96875,0.0,2.0,easy|medium|hard
test,0,7,241,32,0.532479161003721,128.51336946399533,1044.8928636100027,0.0007063087541610003,1.0,1.0,1.0,1.0,6.883062838119019e-06,1.0,0.0,2.0,medium|hard|easy
test,0,7,242,32,0.5313842360046692,129.04533994100348,1045.4248340710037,0.1568356603384018,0.975,0.96875,0.9615384615384616,0.9671794871794872,6.874739908447774e-06,0.96875,0.0,2.0,hard|medium|easy
test,0,7,243,32,0.5328022389876423,129.57871987399994,1045.9582140069979,0.0005542811704799533,1.0,1.0,1.0,1.0,6.86641697877653e-06,0.9375,0.0,2.0,medium|hard|easy
test,0,7,244,32,0.5325107829994522,130.11180342698935,1046.4912975820043,0.0016590985469520092,1.0,1.0,1.0,1.0,6.858094049105286e-06,0.875,0.0,2.0,hard|medium|easy
test,0,7,245,32,0.5315155209973454,130.64378005800245,1047.0232742990047,0.013818291947245598,1.0,1.0,1.0,1.0,6.849771119434041e-06,1.28125,0.0,2.0,medium|easy|hard
test,0,7,246,32,0.5325215379998554,131.17688040000212,1047.55637459,0.21639110147953033,0.9722222222222222,0.96875,0.9666666666666667,0.9684729064039409,6.841448189762797e-06,1.0,0.0,2.0,hard|easy|medium
test,0,7,247,32,0.5323819210025249,131.70979356700263,1048.0892877110018,0.0007657467504031956,1.0,1.0,1.0,1.0,6.833125260091553e-06,0.875,0.0,2.0,medium|easy|hard
test,0,7,248,32,0.531132759002503,132.24148339100066,1048.6209775379975,0.0007042725337669253,1.0,1.0,1.0,1.0,6.824802330420308e-06,1.0,0.0,2.0,easy|medium|hard
test,0,7,249,32,0.5323932049941504,132.77445742899727,1049.1539515839977,0.0009398764232173562,1.0,1.0,1.0,1.0,6.816479400749064e-06,0.875,0.0,2.0,easy|hard|medium
test,0,7,250,32,0.5323500349913957,133.30734462400142,1049.6868387940049,0.001338632544502616,1.0,1.0,1.0,1.0,6.80815647107782e-06,1.03125,0.0,2.0,medium|hard|easy
test,0,7,251,32,0.5313359860010678,133.8392696679948,1050.2187638020114,0.0007904266240075231,1.0,1.0,1.0,1.0,6.799833541406575e-06,0.875,0.0,2.0,medium|hard|easy
test,0,7,252,32,0.5324607959919376,134.37225646300067,1050.7517507770099,0.001006611157208681,1.0,1.0,1.0,1.0,6.791510611735331e-06,0.9375,0.0,2.0,easy|medium|hard
test,0,7,253,32,0.5328931699914392,134.90567519799515,1051.2851693600096,0.004431807901710272,1.0,1.0,1.0,1.0,6.783187682064087e-06,0.96875,0.0,2.0,hard|medium|easy
test,0,7,254,32,0.5315146439970704,135.43776581400016,1051.817259966003,0.0009911751840263605,1.0,1.0,1.0,1.0,6.774864752392842e-06,0.84375,0.0,2.0,easy|medium|hard
test,0,7,255,32,0.5327089650090784,135.97105257899966,1052.3505467330106,0.0009677744237706065,1.0,1.0,1.0,1.0,6.766541822721598e-06,1.0,0.0,2.0,hard|medium|easy
test,0,7,256,32,0.532887307999772,136.50439602899132,1052.8838901650015,0.17318952083587646,0.9705882352941176,0.96875,0.96875,0.9687194525904204,6.758218893050354e-06,0.9375,0.0,2.0,medium|easy|hard
test,0,7,257,32,0.5316745470045134,137.0365495779988,1053.416043743011,0.0019574167672544718,1.0,1.0,1.0,1.0,6.749895963379109e-06,0.875,0.0,2.0,hard|easy|medium
test,0,7,258,32,0.5331642809906043,137.5703128640016,1053.9498069969995,0.0014799217460677028,1.0,1.0,1.0,1.0,6.741573033707865e-06,1.21875,0.0,2.0,hard|medium|easy
test,0,7,259,32,0.5325243810075335,138.1033385490009,1054.4828327050054,0.000941745238378644,1.0,1.0,1.0,1.0,6.733250104036621e-06,0.9375,0.0,2.0,hard|medium|easy
test,0,7,260,32,0.5315827509912197,138.63542271799815,1055.0149168680073,0.0011773215373978019,1.0,1.0,1.0,1.0,6.724927174365377e-06,1.15625,0.0,2.0,medium|hard|easy
test,0,7,261,32,0.5328423509927234,139.16887818899704,1055.548372338002,0.09397947788238525,0.9642857142857143,0.96875,0.9736842105263157,0.967967967967968,6.716604244694132e-06,1.21875,0.0,2.0,hard|medium|easy
test,0,7,262,32,0.5321319069917081,139.70160903799115,1056.0811031810008,0.0013804540503770113,1.0,1.0,1.0,1.0,6.708281315022888e-06,0.75,0.0,2.0,medium|hard|easy
test,0,7,263,32,0.531492829992203,140.23389429099916,1056.613388690006,0.18787948787212372,0.96875,0.96875,0.9705882352941176,0.9687194525904204,6.699958385351644e-06,0.8125,0.0,2.0,easy|hard|medium
test,0,7,264,32,0.5325613929890096,140.76692729299248,1057.1464213870058,0.0010187244042754173,1.0,1.0,1.0,1.0,6.6916354556803995e-06,0.875,0.0,2.0,easy|medium|hard
test,0,7,265,32,0.532012775001931,141.29935681600182,1057.6788508960017,0.004502573981881142,1.0,1.0,1.0,1.0,6.6833125260091555e-06,0.84375,0.0,2.0,easy|medium|hard
test,0,7,266,32,0.5311734219867503,141.83104074999574,1058.2105349070043,0.0010804347693920135,1.0,1.0,1.0,1.0,6.6749895963379115e-06,1.125,0.0,2.0,hard|easy|medium
test,0,7,267,17,0.3210686429956695,142.1525567189965,1058.5320508590085,0.0015106846112757921,1.0,1.0,1.0,1.0,6.666666666666667e-06,0.8823529481887817,0.0,2.0,medium|easy|hard
test,0,8,1,32,0.5346255450131139,0.6267356970056426,1069.7105540290067,0.002055780729278922,1.0,1.0,1.0,1.0,6.658343736995423e-06,1.0625,0.0,2.0,easy|hard|medium
test,0,8,2,32,0.5328363139997236,1.1604315239965217,1070.2442461430037,0.001207440858706832,1.0,1.0,1.0,1.0,6.650020807324179e-06,0.90625,0.0,2.0,medium|easy|hard
test,0,8,3,32,0.5323589570034528,1.69336497799668,1070.7771795890003,0.00102201325353235,1.0,1.0,1.0,1.0,6.641697877652934e-06,1.0,0.0,2.0,easy|medium|hard
test,0,8,4,32,0.5317591900093248,2.225746298005106,1071.3095609099983,0.002136085880920291,1.0,1.0,1.0,1.0,6.63337494798169e-06,0.84375,0.0,2.0,medium|hard|easy
test,0,8,5,32,0.5330399709928315,2.75938909999968,1071.8432037220045,0.0014195414260029793,1.0,1.0,1.0,1.0,6.625052018310446e-06,0.78125,0.0,2.0,medium|easy|hard
test,0,8,6,32,0.5325934159918688,3.2925610310048796,1072.3763756590051,0.007833165116608143,1.0,1.0,1.0,1.0,6.616729088639201e-06,1.03125,0.0,2.0,medium|hard|easy
test,0,8,7,32,0.5313719109981321,3.824503380994429,1072.9083179910085,0.0011596016120165586,1.0,1.0,1.0,1.0,6.608406158967957e-06,1.1875,0.0,2.0,medium|easy|hard
test,0,8,8,32,0.532795642997371,4.357853509005508,1073.4416681300063,0.17614464461803436,0.96875,0.96875,0.9705882352941176,0.9687194525904204,6.600083229296713e-06,1.375,0.0,2.0,medium|hard|easy
test,0,8,9,32,0.532048359993496,4.890480214002309,1073.9742948659987,0.14977021515369415,0.9722222222222222,0.96875,0.9666666666666667,0.9684729064039409,6.591760299625468e-06,1.21875,0.0,2.0,hard|medium|easy
test,0,8,10,32,0.5316032490081852,5.422644764999859,1074.5064593889983,0.0010829938109964132,1.0,1.0,1.0,1.0,6.583437369954224e-06,0.8125,0.0,2.0,medium|easy|hard
test,0,8,11,32,0.5329191490018275,5.956120445000124,1075.0399350549997,0.0816115066409111,0.9705882352941176,0.96875,0.96875,0.9687194525904204,6.57511444028298e-06,1.03125,0.0,2.0,hard|medium|easy
test,0,8,12,32,0.5320524230046431,6.488798970007338,1075.572613589,0.0014740207698196173,1.0,1.0,1.0,1.0,6.566791510611736e-06,0.78125,0.0,2.0,medium|hard|easy
test,0,8,13,32,0.531600989997969,7.020961742993677,1076.1047763649985,0.002177288755774498,1.0,1.0,1.0,1.0,6.558468580940491e-06,0.9375,0.0,2.0,hard|easy|medium
test,0,8,14,32,0.5333791740122251,7.554931085003773,1076.6387458590034,0.0007955431938171387,1.0,1.0,1.0,1.0,6.550145651269247e-06,0.875,0.0,2.0,easy|medium|hard
test,0,8,15,32,0.5324269580014516,8.088054658001056,1077.1718696110038,0.2281181961297989,0.9642857142857143,0.96875,0.9736842105263157,0.967967967967968,6.541822721598003e-06,0.875,0.0,2.0,easy|medium|hard
test,0,8,16,32,0.5314700760063715,8.620147011999507,1077.703961635998,0.0038588717579841614,1.0,1.0,1.0,1.0,6.533499791926758e-06,1.09375,0.0,2.0,medium|hard|easy
test,0,8,17,32,0.5331044189952081,9.153867725995951,1078.2376823280065,0.029277533292770386,0.9722222222222222,0.96875,0.9666666666666667,0.9684729064039409,6.525176862255514e-06,0.96875,0.0,2.0,easy|medium|hard
test,0,8,18,32,0.5322585659887409,9.686645403999137,1078.7704600730067,0.0010152538307011127,1.0,1.0,1.0,1.0,6.51685393258427e-06,1.0,0.0,2.0,medium|hard|easy
test,0,8,19,32,0.531731982002384,10.2189268469956,1079.302741535008,0.01302663329988718,1.0,1.0,1.0,1.0,6.508531002913025e-06,1.0625,0.0,2.0,easy|medium|hard
test,0,8,20,32,0.5326207669859286,10.752080288002617,1079.8358949160029,0.16746783256530762,0.96875,0.96875,0.9705882352941176,0.9687194525904204,6.500208073241781e-06,0.8125,0.0,2.0,medium|hard|easy
test,0,8,21,32,0.532538879007916,11.285162519998266,1080.3689771260106,0.27116504311561584,0.9372549019607843,0.9375,0.9372549019607843,0.9372549019607843,6.491885143570537e-06,0.9375,0.0,2.0,medium|easy|hard
test,0,8,22,32,0.5315303359966492,11.817250745996716,1080.901065366008,0.002911006100475788,1.0,1.0,1.0,1.0,6.4835622138992924e-06,0.84375,0.0,2.0,easy|hard|medium
test,0,8,23,32,0.5333720229973551,12.351252224994823,1081.4350668410043,0.0008702974882908165,1.0,1.0,1.0,1.0,6.4752392842280484e-06,1.0625,0.0,2.0,hard|medium|easy
test,0,8,24,32,0.5320818530017277,12.883930185998906,1081.9677448099974,0.0007378014270216227,1.0,1.0,1.0,1.0,6.466916354556804e-06,1.03125,0.0,2.0,hard|medium|easy
test,0,8,25,32,0.5321744670072803,13.41669739599456,1082.500512093,0.0010595949133858085,1.0,1.0,1.0,1.0,6.4585934248855596e-06,1.0,0.0,2.0,hard|easy|medium
test,0,8,26,32,0.5334177879994968,13.95068481299677,1083.034499433008,0.042877405881881714,0.9705882352941176,0.96875,0.96875,0.9687194525904204,6.4502704952143155e-06,1.15625,0.0,2.0,hard|medium|easy
test,0,8,27,32,0.5323334319982678,14.483457751994138,1083.5672723790049,0.050218090415000916,0.9722222222222222,0.96875,0.9666666666666667,0.9684729064039409,6.4419475655430715e-06,0.78125,0.0,2.0,medium|hard|easy
test,0,8,28,32,0.5313889229873894,15.015432378000696,1084.099246993006,0.0007508700946345925,1.0,1.0,1.0,1.0,6.433624635871828e-06,0.53125,0.0,2.0,medium|easy|hard
test,0,8,29,32,0.533359922003001,15.549325715997838,1084.6331403250078,0.000998517032712698,1.0,1.0,1.0,1.0,6.425301706200583e-06,0.78125,0.0,2.0,easy|hard|medium
test,0,8,30,32,0.5327844429994002,16.082651524993707,1085.1664661270042,0.0009564303327351809,1.0,1.0,1.0,1.0,6.416978776529339e-06,1.09375,0.0,2.0,hard|medium|easy
test,0,8,31,32,0.5320078579970868,16.615225510002347,1085.6990401320072,0.0008035491919144988,1.0,1.0,1.0,1.0,6.408655846858095e-06,0.9375,0.0,2.0,easy|hard|medium
test,0,8,32,32,0.5331444519979414,17.148977382006706,1086.2327919920062,0.004674163646996021,1.0,1.0,1.0,1.0,6.40033291718685e-06,0.875,0.0,2.0,easy|medium|hard
test,0,8,33,32,0.5325449020019732,17.68206523900153,1086.7658798580087,0.000494246487505734,1.0,1.0,1.0,1.0,6.392009987515606e-06,1.0625,0.0,2.0,easy|medium|hard
test,0,8,34,32,0.5321949740027776,18.214866851005354,1087.298681462009,0.2018568217754364,0.9666666666666667,0.96875,0.9722222222222222,0.9684729064039409,6.383687057844362e-06,0.96875,0.0,2.0,medium|hard|easy
test,0,8,35,32,0.5334736549993977,18.74889300299401,1087.8327077840077,0.13006775081157684,0.9761904761904762,0.96875,0.9583333333333333,0.9660657476139979,6.375364128173117e-06,1.1875,0.0,2.0,hard|medium|easy
test,0,8,36,32,0.532244311994873,19.281707271002233,1088.3655219000066,0.21865159273147583,0.9615384615384616,0.96875,0.975,0.9671794871794872,6.367041198501873e-06,0.96875,0.0,2.0,medium|hard|easy
test,0,8,37,32,0.5315165930078365,19.813762967998628,1088.8975775870058,0.0010650185868144035,1.0,1.0,1.0,1.0,6.358718268830629e-06,0.71875,0.0,2.0,easy|hard|medium
test,0,8,38,32,0.533447376001277,20.347760636999737,1089.4315752460097,0.0011293623829260468,1.0,1.0,1.0,1.0,6.350395339159384e-06,1.0,0.0,2.0,hard|easy|medium
test,0,8,39,32,0.5326552420010557,20.880982039001537,1089.9647966519988,0.0009537701844237745,1.0,1.0,1.0,1.0,6.34207240948814e-06,1.03125,0.0,2.0,medium|easy|hard
test,0,8,40,32,0.5316385740006808,21.41316164699674,1090.4969763150002,0.06711620837450027,0.9705882352941176,0.96875,0.96875,0.9687194525904204,6.333749479816896e-06,0.96875,0.0,2.0,easy|hard|medium
test,0,8,41,32,0.5328061080072075,21.946536892995937,1091.0303515140113,0.008448649197816849,1.0,1.0,1.0,1.0,6.325426550145651e-06,0.90625,0.0,2.0,easy|medium|hard
test,0,8,42,32,0.532321150007192,22.479318942001555,1091.5631336200022,0.0008425111882388592,1.0,1.0,1.0,1.0,6.317103620474407e-06,0.78125,0.0,2.0,medium|easy|hard
test,0,8,43,32,0.5316641940007685,23.011578007994103,1092.095392807998,0.0021869458723813295,1.0,1.0,1.0,1.0,6.308780690803163e-06,1.09375,0.0,2.0,hard|easy|medium
test,0,8,44,32,0.5329196749953553,23.545066987004247,1092.6288819019974,0.0008168346248567104,1.0,1.0,1.0,1.0,6.300457761131918e-06,1.1875,0.0,2.0,medium|hard|easy
test,0,8,45,32,0.5321439860126702,24.077791239004,1093.1616058530053,0.0009009951609186828,1.0,1.0,1.0,1.0,6.292134831460674e-06,1.1875,0.0,2.0,hard|medium|easy
test,0,8,46,32,0.5324193300039042,24.61076761399454,1093.6945822319976,0.0007453714497387409,1.0,1.0,1.0,1.0,6.28381190178943e-06,0.84375,0.0,2.0,hard|easy|medium
test,0,8,47,32,0.5330791180022061,25.144447612998192,1094.2282622870116,0.0010954077588394284,1.0,1.0,1.0,1.0,6.275488972118187e-06,0.875,0.0,2.0,hard|easy|medium
test,0,8,48,32,0.5331249159935396,25.678089801003807,1094.761904419007,0.0016780971782281995,1.0,1.0,1.0,1.0,6.267166042446941e-06,1.0625,0.0,2.0,medium|easy|hard
test,0,8,49,32,0.5316334490053123,26.21037235199765,1095.2941869640053,0.004812915809452534,1.0,1.0,1.0,1.0,6.258843112775697e-06,1.0,0.0,2.0,easy|medium|hard
test,0,8,50,32,0.5333472229976906,26.74429170199437,1095.8281063160102,0.0010346199851483107,1.0,1.0,1.0,1.0,6.250520183104454e-06,1.15625,0.0,2.0,medium|easy|hard
test,0,8,51,32,0.531883886011201,27.27674307700363,1096.360557685999,0.0023764572106301785,1.0,1.0,1.0,1.0,6.2421972534332085e-06,1.09375,0.0,2.0,medium|hard|easy
test,0,8,52,32,0.5325618909992045,27.80989763600519,1096.8937122450006,0.000931936374399811,1.0,1.0,1.0,1.0,6.2338743237619644e-06,0.9375,0.0,2.0,easy|medium|hard
test,0,8,53,32,0.5334839580027619,28.34389750599803,1097.42771214401,0.01177055761218071,1.0,1.0,1.0,1.0,6.2255513940907204e-06,0.9375,0.0,2.0,medium|easy|hard
test,0,8,54,32,0.5324961979931686,28.876914852997288,1097.9607295349997,0.009381632320582867,1.0,1.0,1.0,1.0,6.2172284644194756e-06,0.96875,0.0,2.0,easy|hard|medium
test,0,8,55,32,0.5319143230008194,29.40942911899765,1098.4932437350071,0.004319434519857168,1.0,1.0,1.0,1.0,6.2089055347482316e-06,1.28125,0.0,2.0,hard|medium|easy
test,0,8,56,32,0.533306110999547,29.94326576399908,1099.0270806780027,0.0006966503569856286,1.0,1.0,1.0,1.0,6.2005826050769875e-06,1.03125,0.0,2.0,easy|hard|medium
test,0,8,57,32,0.5323257889976958,30.476172403999954,1099.5599870279984,0.000894673285074532,1.0,1.0,1.0,1.0,6.192259675405743e-06,0.84375,0.0,2.0,medium|hard|easy
test,0,8,58,32,0.5320206519972999,31.008654713004944,1100.0924693370034,0.00099711655639112,1.0,1.0,1.0,1.0,6.183936745734499e-06,1.15625,0.0,2.0,medium|easy|hard
test,0,8,59,32,0.5326482600066811,31.541873623005813,1100.6256882830057,0.02279704064130783,0.96875,0.96875,0.9705882352941176,0.9687194525904204,6.175613816063255e-06,0.875,0.0,2.0,easy|hard|medium
test,0,8,60,32,0.5317328129895031,32.07414990199322,1101.1579645250022,0.0006790715269744396,1.0,1.0,1.0,1.0,6.16729088639201e-06,0.90625,0.0,2.0,hard|easy|medium
test,0,8,61,32,0.5317717799916863,32.60649024299346,1101.6903048550012,0.0026039564982056618,1.0,1.0,1.0,1.0,6.158967956720766e-06,0.96875,0.0,2.0,easy|medium|hard
test,0,8,62,32,0.5328166749968659,33.139865154007566,1102.2236797750083,0.0006828275509178638,1.0,1.0,1.0,1.0,6.150645027049522e-06,0.71875,0.0,2.0,hard|medium|easy
test,0,8,63,32,0.5320032759918831,33.67235723200429,1102.7561721590027,0.0007885757950134575,1.0,1.0,1.0,1.0,6.142322097378277e-06,1.15625,0.0,2.0,hard|easy|medium
test,0,8,64,32,0.5318127939972328,34.204738578002434,1103.288553203005,0.0009905191836878657,1.0,1.0,1.0,1.0,6.133999167707033e-06,0.78125,0.0,2.0,easy|medium|hard
test,0,8,65,32,0.5331543330103159,34.738427977994434,1103.822242588998,0.00130692427046597,1.0,1.0,1.0,1.0,6.125676238035789e-06,1.125,0.0,2.0,hard|easy|medium
test,0,8,66,32,0.5319802599988179,35.27098783799738,1104.3548024449992,0.22568227350711823,0.9666666666666667,0.96875,0.9722222222222222,0.9684729064039409,6.117353308364546e-06,1.09375,0.0,2.0,easy|medium|hard
test,0,8,67,32,0.5314878499921178,35.80311023700051,1104.886924852006,0.0008401173399761319,1.0,1.0,1.0,1.0,6.1090303786933e-06,1.03125,0.0,2.0,medium|hard|easy
test,0,8,68,32,0.5325730740005383,36.33620368799893,1105.4200183040084,0.0006659005302935839,1.0,1.0,1.0,1.0,6.100707449022056e-06,1.0,0.0,2.0,hard|medium|easy
test,0,8,69,32,0.532474296996952,36.869198279004195,1105.953012899001,0.0006394337397068739,1.0,1.0,1.0,1.0,6.092384519350813e-06,0.8125,0.0,2.0,medium|easy|hard
test,0,8,70,32,0.5322008910006844,37.401994553001714,1106.485809211008,0.0006083333864808083,1.0,1.0,1.0,1.0,6.084061589679567e-06,1.21875,0.0,2.0,hard|medium|easy
test,0,8,71,32,0.5324663619976491,37.934977138007525,1107.0187921129982,0.0008229614468291402,1.0,1.0,1.0,1.0,6.075738660008323e-06,0.65625,0.0,2.0,easy|medium|hard
test,0,8,72,32,0.5328029399970546,38.468284863993176,1107.5520996510022,0.0006501651951111853,1.0,1.0,1.0,1.0,6.06741573033708e-06,0.96875,0.0,2.0,easy|medium|hard
test,0,8,73,32,0.5318224229995394,39.00070033299562,1108.0845149290108,0.0006216600304469466,1.0,1.0,1.0,1.0,6.059092800665834e-06,0.96875,0.0,2.0,hard|medium|easy
test,0,8,74,32,0.5326934850018006,39.53394742400269,1108.6177620570088,0.0021806065924465656,1.0,1.0,1.0,1.0,6.05076987099459e-06,0.9375,0.0,2.0,hard|medium|easy
test,0,8,75,32,0.5332426620007027,40.06771701600519,1109.1515316340083,0.011739679612219334,1.0,1.0,1.0,1.0,6.042446941323346e-06,1.1875,0.0,2.0,medium|easy|hard
test,0,8,76,32,0.5318306749977637,40.60009199999331,1109.6839066050015,0.0006864792085252702,1.0,1.0,1.0,1.0,6.034124011652101e-06,0.90625,0.0,2.0,easy|hard|medium
test,0,8,77,32,0.5324995760020101,41.13312489900272,1110.2169395149976,0.0008448443841189146,1.0,1.0,1.0,1.0,6.025801081980857e-06,0.78125,0.0,2.0,easy|medium|hard
test,0,8,78,32,0.5323652689985465,41.665947638000944,1110.7497622480005,0.000608758709859103,1.0,1.0,1.0,1.0,6.017478152309613e-06,0.75,0.0,2.0,medium|easy|hard
test,0,8,79,32,0.5315998509904603,42.19811948700226,1111.2819340950082,0.0008784338133409619,1.0,1.0,1.0,1.0,6.0091552226383685e-06,0.96875,0.0,2.0,medium|hard|easy
test,0,8,80,32,0.53161197299778,42.73032061000413,1111.8141352280072,0.0032559745013713837,1.0,1.0,1.0,1.0,6.0008322929671245e-06,0.875,0.0,2.0,easy|medium|hard
test,0,8,81,32,0.532659419986885,43.2635857629939,1112.3474003930023,0.1368720829486847,0.9615384615384616,0.96875,0.975,0.9671794871794872,5.9925093632958805e-06,0.9375,0.0,2.0,hard|medium|easy
test,0,8,82,32,0.5325867840001592,43.796632020996185,1112.8804467380105,0.0010734321549534798,1.0,1.0,1.0,1.0,5.984186433624637e-06,0.90625,0.0,2.0,hard|easy|medium
test,0,8,83,32,0.5318821099936031,44.329117062006844,1113.412931747007,0.0004866413655690849,1.0,1.0,1.0,1.0,5.975863503953392e-06,1.21875,0.0,2.0,hard|medium|easy
test,0,8,84,32,0.5331035580020398,44.862915574994986,1113.9467302289995,0.0016282721189782023,1.0,1.0,1.0,1.0,5.9675405742821476e-06,0.875,0.0,2.0,easy|hard|medium
test,0,8,85,32,0.5321048769983463,45.39559903999907,1114.479413649009,0.000527893309481442,1.0,1.0,1.0,1.0,5.959217644610904e-06,1.09375,0.0,2.0,medium|easy|hard
test,0,8,86,32,0.5306380539987003,45.92678112500289,1115.010595781001,0.0004718902928289026,1.0,1.0,1.0,1.0,5.950894714939659e-06,1.03125,0.0,2.0,easy|hard|medium
test,0,8,87,32,0.5330212530097924,46.46035563100304,1115.5441704510013,0.0005424111150205135,1.0,1.0,1.0,1.0,5.942571785268415e-06,0.9375,0.0,2.0,medium|easy|hard
test,0,8,88,32,0.5320641630096361,46.992991313993116,1116.0768059200054,0.004688188433647156,1.0,1.0,1.0,1.0,5.9342488555971715e-06,1.0,0.0,2.0,hard|medium|easy
test,0,8,89,32,0.5312873020011466,47.52482692799822,1116.6086415309983,0.03691829368472099,0.975,0.96875,0.9615384615384616,0.9671794871794872,5.925925925925926e-06,0.96875,0.0,2.0,easy|medium|hard
test,0,8,90,32,0.533160084989504,48.05852847700589,1117.1423431080038,0.0005254431744106114,1.0,1.0,1.0,1.0,5.917602996254682e-06,0.71875,0.0,2.0,medium|easy|hard
test,0,8,91,32,0.5321085839968873,48.59116147599707,1117.6749761070096,0.0005408960278145969,1.0,1.0,1.0,1.0,5.909280066583439e-06,0.90625,0.0,2.0,medium|hard|easy
test,0,8,92,32,0.5317417059995933,49.123460125003476,1118.207274803004,0.0006088860682211816,1.0,1.0,1.0,1.0,5.900957136912193e-06,1.03125,0.0,2.0,hard|easy|medium
test,0,8,93,32,0.5327045769954566,49.65678646200104,1118.7406011410058,0.0005308582913130522,1.0,1.0,1.0,1.0,5.892634207240949e-06,0.96875,0.0,2.0,medium|hard|easy
test,0,8,94,32,0.5314430980070028,50.18879806500627,1119.272612699002,0.0005176502745598555,1.0,1.0,1.0,1.0,5.884311277569705e-06,1.09375,0.0,2.0,medium|hard|easy
test,0,8,95,32,0.5311073889897671,50.72044480500335,1119.804259416007,0.039754658937454224,0.975,0.96875,0.9615384615384616,0.9671794871794872,5.87598834789846e-06,1.0625,0.0,2.0,hard|medium|easy
test,0,8,96,32,0.5326639799895929,51.25368401200103,1120.3374986700073,0.0005638669827021658,1.0,1.0,1.0,1.0,5.867665418227216e-06,1.09375,0.0,2.0,hard|easy|medium
test,0,8,97,32,0.5314736000000266,51.78569642700313,1120.8695110840054,0.00046827783808112144,1.0,1.0,1.0,1.0,5.859342488555972e-06,1.0,0.0,2.0,hard|easy|medium
test,0,8,98,32,0.5309515609988011,52.31721186300274,1121.4010264829994,0.002964743645861745,1.0,1.0,1.0,1.0,5.851019558884727e-06,1.0,0.0,2.0,medium|easy|hard
test,0,8,99,32,0.5326572729973122,52.85038678400451,1121.9342014470021,0.0005917970556765795,1.0,1.0,1.0,1.0,5.842696629213483e-06,1.21875,0.0,2.0,hard|easy|medium
test,0,8,100,32,0.5322140630014474,53.38315170799615,1122.4669663280074,0.0005603318568319082,1.0,1.0,1.0,1.0,5.834373699542239e-06,0.8125,0.0,2.0,medium|hard|easy
test,0,8,101,32,0.5312530390074244,53.914964285999304,1122.9987788930011,0.089938223361969,0.975,0.96875,0.9615384615384616,0.9671794871794872,5.826050769870996e-06,0.78125,0.0,2.0,easy|medium|hard
test,0,8,102,32,0.532889673995669,54.44840238899633,1123.5322170209984,0.0007831139955669641,1.0,1.0,1.0,1.0,5.81772784019975e-06,0.875,0.0,2.0,easy|hard|medium
test,0,8,103,32,0.5323076380009297,54.9813170730049,1124.0651316830044,0.0004336677957326174,1.0,1.0,1.0,1.0,5.809404910528506e-06,0.90625,0.0,2.0,easy|medium|hard
test,0,8,104,32,0.5311591289937496,55.513038859993685,1124.5968534840067,0.07598987221717834,0.96875,0.96875,0.9705882352941176,0.9687194525904204,5.801081980857263e-06,1.03125,0.0,2.0,easy|hard|medium
test,0,8,105,32,0.5322625679982593,56.04588869500731,1125.129703343002,0.0004172051849309355,1.0,1.0,1.0,1.0,5.792759051186017e-06,1.15625,0.0,2.0,medium|easy|hard
test,0,8,106,32,0.5319228419975843,56.5784013710072,1125.662215977005,0.16731147468090057,0.9705882352941176,0.96875,0.96875,0.9687194525904204,5.784436121514773e-06,0.8125,0.0,2.0,easy|medium|hard
test,0,8,107,32,0.5312109090009471,57.11019457000657,1126.1940091819997,0.00045388907892629504,1.0,1.0,1.0,1.0,5.77611319184353e-06,1.15625,0.0,2.0,hard|medium|easy
test,0,8,108,32,0.5324401659891009,57.643220611003926,1126.7270352230116,0.17960162460803986,0.9666666666666667,0.96875,0.9722222222222222,0.9684729064039409,5.7677902621722845e-06,1.3125,0.0,2.0,hard|easy|medium
test,0,8,109,32,0.5322614070028067,58.176074468996376,1127.259889398003,0.0004377872683107853,1.0,1.0,1.0,1.0,5.7594673325010405e-06,1.1875,0.0,2.0,easy|medium|hard
test,0,8,110,32,0.5321381790126907,58.70871357500437,1127.7925281920034,0.22165769338607788,0.95,0.96875,0.9782608695652174,0.9625730994152046,5.751144402829797e-06,0.9375,0.0,2.0,hard|medium|easy
test,0,8,111,32,0.5327238370082341,59.241957659993204,1128.3257722700073,0.04069165512919426,0.975,0.96875,0.9615384615384616,0.9671794871794872,5.742821473158552e-06,1.03125,0.0,2.0,medium|hard|easy
test,0,8,112,32,0.5321131609962322,59.77464385800704,1128.858458474002,0.0007917077746242285,1.0,1.0,1.0,1.0,5.734498543487308e-06,1.03125,0.0,2.0,easy|hard|medium
test,0,8,113,32,0.5312796979997074,60.30639534299553,1129.3902099609986,0.0005026333383284509,1.0,1.0,1.0,1.0,5.7261756138160644e-06,0.875,0.0,2.0,medium|hard|easy
test,0,8,114,32,0.5330060590058565,60.83995855199464,1129.9237731840112,0.00035735947312787175,1.0,1.0,1.0,1.0,5.717852684144819e-06,1.21875,0.0,2.0,easy|hard|medium
test,0,8,115,32,0.532364945000154,61.37284124500002,1130.4566561930114,0.004370424896478653,1.0,1.0,1.0,1.0,5.709529754473575e-06,1.15625,0.0,2.0,medium|hard|easy
test,0,8,116,32,0.5317506069986848,61.905168651006534,1130.9889832629997,0.00046777212992310524,1.0,1.0,1.0,1.0,5.701206824802331e-06,0.9375,0.0,2.0,hard|medium|easy
test,0,8,117,32,0.5330475919909077,62.43879314800142,1131.5226077510015,0.0005378701025620103,1.0,1.0,1.0,1.0,5.692883895131086e-06,1.0,0.0,2.0,hard|medium|easy
test,0,8,118,32,0.5324134070106084,62.97169780000695,1132.055512817009,0.0005102545255795121,1.0,1.0,1.0,1.0,5.684560965459842e-06,0.90625,0.0,2.0,easy|hard|medium
test,0,8,119,32,0.5308052720065461,63.50305871000455,1132.5868733320094,0.0006478505092673004,1.0,1.0,1.0,1.0,5.676238035788598e-06,0.875,0.0,2.0,hard|easy|medium
test,0,8,120,32,0.5329679360002046,64.03652445900661,1133.1203390910086,0.0003964898351114243,1.0,1.0,1.0,1.0,5.667915106117355e-06,0.90625,0.0,2.0,medium|easy|hard
test,0,8,121,32,0.5323338529997272,64.56944111299526,1133.6532557360042,0.0014507706509903073,1.0,1.0,1.0,1.0,5.659592176446109e-06,0.9375,0.0,2.0,medium|easy|hard
test,0,8,122,32,0.531056849999004,65.10101900699374,1134.1848336240073,0.20500785112380981,0.9666666666666667,0.96875,0.9722222222222222,0.9684729064039409,5.651269246774865e-06,1.0,0.0,2.0,medium|hard|easy
test,0,8,123,32,0.5331661700038239,65.6347477179952,1134.7185623630066,0.0010778307914733887,1.0,1.0,1.0,1.0,5.642946317103622e-06,0.875,0.0,2.0,easy|medium|hard
test,0,8,124,32,0.5318637629970908,66.16715874499641,1135.2509734050109,0.0007567093707621098,1.0,1.0,1.0,1.0,5.634623387432376e-06,0.9375,0.0,2.0,medium|easy|hard
test,0,8,125,32,0.5314926330029266,66.69921190000605,1135.7830265060038,0.00040912633994594216,1.0,1.0,1.0,1.0,5.626300457761132e-06,0.90625,0.0,2.0,medium|easy|hard
test,0,8,126,32,0.5325100870104507,67.23226192100265,1136.3160765290086,0.0004744780599139631,1.0,1.0,1.0,1.0,5.617977528089889e-06,0.84375,0.0,2.0,hard|easy|medium
test,0,8,127,32,0.5320794809958898,67.76491630000237,1136.8487309409975,0.00043861864833161235,1.0,1.0,1.0,1.0,5.609654598418643e-06,1.09375,0.0,2.0,medium|hard|easy
test,0,8,128,32,0.5317044399998849,68.29728180900565,1137.3810964700097,0.0007099605863913894,1.0,1.0,1.0,1.0,5.601331668747399e-06,0.9375,0.0,2.0,easy|hard|medium
test,0,8,129,32,0.5332462119986303,68.83107255799405,1137.9148871880025,0.0004636803350877017,1.0,1.0,1.0,1.0,5.593008739076156e-06,1.0,0.0,2.0,medium|hard|easy
test,0,8,130,32,0.5322528620017692,69.36387729199487,1138.4476919470035,0.00033892213832587004,1.0,1.0,1.0,1.0,5.58468580940491e-06,0.96875,0.0,2.0,medium|hard|easy
test,0,8,131,32,0.5319800440047402,69.896446646002,1138.9802612560015,0.0004762654425576329,1.0,1.0,1.0,1.0,5.576362879733666e-06,1.03125,0.0,2.0,hard|medium|easy
test,0,8,132,32,0.5325354759988841,70.4294823060045,1139.513296916004,0.0004599960520863533,1.0,1.0,1.0,1.0,5.568039950062423e-06,0.96875,0.0,2.0,medium|hard|easy
test,0,8,133,32,0.5320526669966057,70.96209496099618,1140.0459096060076,0.000721882504876703,1.0,1.0,1.0,1.0,5.559717020391177e-06,0.96875,0.0,2.0,medium|hard|easy
test,0,8,134,32,0.5318947310006479,71.49451971999952,1140.5783343290095,0.0006813143845647573,1.0,1.0,1.0,1.0,5.551394090719933e-06,1.125,0.0,2.0,medium|hard|easy
test,0,8,135,32,0.532878833997529,72.02793997600384,1141.111754594007,0.15403783321380615,0.96875,0.96875,0.9705882352941176,0.9687194525904204,5.54307116104869e-06,0.90625,0.0,2.0,medium|hard|easy
test,0,8,136,32,0.5316525749949506,72.56013224000344,1141.6439468460012,0.2191125750541687,0.9736842105263157,0.96875,0.9642857142857143,0.967967967967968,5.5347482313774445e-06,1.15625,0.0,2.0,hard|medium|easy
test,0,8,137,32,0.532020566999563,73.09275361799519,1142.1765682240075,0.00041900164796970785,1.0,1.0,1.0,1.0,5.5264253017062005e-06,1.0,0.0,2.0,hard|easy|medium
test,0,8,138,32,0.532624236002448,73.62595264500123,1142.7097673009994,0.0005535228410735726,1.0,1.0,1.0,1.0,5.5181023720349565e-06,0.875,0.0,2.0,easy|hard|medium
test,0,8,139,32,0.5317413010052405,74.15826985800231,1143.242084477999,0.0005505936569534242,1.0,1.0,1.0,1.0,5.509779442363713e-06,1.09375,0.0,2.0,easy|medium|hard
test,0,8,140,32,0.531920875000651,74.69075428700307,1143.7745689150033,0.0005877184448763728,1.0,1.0,1.0,1.0,5.501456512692468e-06,1.03125,0.0,2.0,easy|medium|hard
test,0,8,141,32,0.532690038002329,75.22399147300166,1144.3078060830012,0.0007676563691347837,1.0,1.0,1.0,1.0,5.493133583021224e-06,1.03125,0.0,2.0,medium|hard|easy
test,0,8,142,32,0.5328290829929756,75.75739850700484,1144.8412131270015,0.0006753546767868102,1.0,1.0,1.0,1.0,5.4848106533499804e-06,1.0625,0.0,2.0,hard|medium|easy
test,0,8,143,32,0.5316215220082086,76.28962619899539,1145.373440825002,0.0005842807586304843,1.0,1.0,1.0,1.0,5.476487723678735e-06,0.96875,0.0,2.0,easy|hard|medium
test,0,8,144,32,0.532572137992247,76.82276768700103,1145.9065823020064,0.0005698897293768823,1.0,1.0,1.0,1.0,5.468164794007491e-06,0.9375,0.0,2.0,medium|easy|hard
test,0,8,145,32,0.5329523739928845,77.35623778699664,1146.440052402002,0.000450943480245769,1.0,1.0,1.0,1.0,5.4598418643362476e-06,1.09375,0.0,2.0,medium|easy|hard
test,0,8,146,32,0.532170391001273,77.88886719799484,1146.972681845,0.0005036593647673726,1.0,1.0,1.0,1.0,5.451518934665002e-06,0.96875,0.0,2.0,easy|hard|medium
test,0,8,147,32,0.5328278760134708,78.42216533899773,1147.505979959009,0.0006231894949451089,1.0,1.0,1.0,1.0,5.443196004993758e-06,1.25,0.0,2.0,easy|hard|medium
test,0,8,148,32,0.533218824013602,78.95594449399505,1148.039759295003,0.08775148540735245,0.9705882352941176,0.96875,0.96875,0.9687194525904204,5.434873075322515e-06,1.125,0.0,2.0,medium|hard|easy
test,0,8,149,32,0.531942756002536,79.48847846599529,1148.57229309401,0.0008388444548472762,1.0,1.0,1.0,1.0,5.426550145651269e-06,1.0,0.0,2.0,hard|easy|medium
test,0,8,150,32,0.5327773329918273,80.02178716700291,1149.1056017800001,0.0008712855051271617,1.0,1.0,1.0,1.0,5.418227215980025e-06,0.875,0.0,2.0,easy|medium|hard
test,0,8,151,32,0.5328756359958788,80.55512044699572,1149.6389350920072,0.0006214411114342511,1.0,1.0,1.0,1.0,5.409904286308782e-06,1.03125,0.0,2.0,easy|medium|hard
test,0,8,152,32,0.5316177589993458,81.0873258109932,1150.1711407590046,0.0008402590756304562,1.0,1.0,1.0,1.0,5.401581356637536e-06,1.03125,0.0,2.0,easy|medium|hard
test,0,8,153,32,0.5332117159996415,81.62106371800473,1150.704878361008,0.0007003359496593475,1.0,1.0,1.0,1.0,5.393258426966292e-06,0.875,0.0,2.0,easy|hard|medium
test,0,8,154,32,0.5325814559910214,82.15417071800039,1151.2379853260063,0.00849787425249815,1.0,1.0,1.0,1.0,5.384935497295049e-06,0.96875,0.0,2.0,medium|hard|easy
test,0,8,155,32,0.5317613390070619,82.68651089900231,1151.7703255280067,0.0006081147585064173,1.0,1.0,1.0,1.0,5.376612567623805e-06,1.0,0.0,2.0,easy|hard|medium
test,0,8,156,32,0.5326588059979258,83.21973019800498,1152.3035448250012,0.04276653006672859,0.9642857142857143,0.96875,0.9736842105263157,0.967967967967968,5.368289637952559e-06,1.03125,0.0,2.0,medium|hard|easy
test,0,8,157,32,0.532278815007885,83.75257575299474,1152.836390662007,0.0006194182205945253,1.0,1.0,1.0,1.0,5.359966708281316e-06,1.21875,0.0,2.0,hard|medium|easy
test,0,8,158,32,0.5323038459900999,84.28544439900725,1153.3692590209976,0.0006978377350606024,1.0,1.0,1.0,1.0,5.351643778610072e-06,1.125,0.0,2.0,easy|medium|hard
test,0,8,159,32,0.533071559999371,84.81905448299949,1153.902869094003,0.0006000917637720704,1.0,1.0,1.0,1.0,5.343320848938826e-06,0.9375,0.0,2.0,medium|easy|hard
test,0,8,160,32,0.5324339880025946,85.35204006600543,1154.4358546840085,0.0005245807114988565,1.0,1.0,1.0,1.0,5.334997919267582e-06,1.0,0.0,2.0,easy|hard|medium
test,0,8,161,32,0.5316021489998093,85.88420603200211,1154.968020640008,0.0005006568972021341,1.0,1.0,1.0,1.0,5.326674989596339e-06,0.8125,0.0,2.0,easy|medium|hard
test,0,8,162,32,0.5316258140082937,86.41642593999859,1155.5002405960113,0.0015286458656191826,1.0,1.0,1.0,1.0,5.318352059925093e-06,0.96875,0.0,2.0,hard|medium|easy
test,0,8,163,32,0.5329817499878118,86.9499576560047,1156.0337722630065,0.0006208721897564828,1.0,1.0,1.0,1.0,5.310029130253849e-06,0.9375,0.0,2.0,medium|easy|hard
test,0,8,164,32,0.5316545879904879,87.48211692699988,1156.56593153,0.2621751129627228,0.9705882352941176,0.96875,0.96875,0.9687194525904204,5.301706200582606e-06,1.25,0.0,2.0,easy|medium|hard
test,0,8,165,32,0.5308388620032929,88.01358144500409,1157.097396062003,0.0007095377659425139,1.0,1.0,1.0,1.0,5.2933832709113605e-06,1.15625,0.0,2.0,easy|hard|medium
test,0,8,166,32,0.5327584900078364,88.54684042300505,1157.6306550320005,0.08880482614040375,0.9642857142857143,0.96875,0.9736842105263157,0.967967967967968,5.2850603412401165e-06,0.8125,0.0,2.0,easy|medium|hard
test,0,8,167,32,0.5321027780009899,89.07951475599839,1158.1633293750056,0.0005757678300142288,1.0,1.0,1.0,1.0,5.276737411568873e-06,0.875,0.0,2.0,easy|medium|hard
test,0,8,168,32,0.5314611329959007,89.61149743699934,1158.6953120590042,0.17498111724853516,0.96875,0.96875,0.9705882352941176,0.9687194525904204,5.268414481897628e-06,1.03125,0.0,2.0,medium|hard|easy
test,0,8,169,32,0.5330377390055219,90.14512920699781,1159.228943850001,0.0012516737915575504,1.0,1.0,1.0,1.0,5.260091552226384e-06,1.125,0.0,2.0,hard|medium|easy
test,0,8,170,32,0.531816713992157,90.67750019200321,1159.761314837,0.0004559883091133088,1.0,1.0,1.0,1.0,5.2517686225551405e-06,1.125,0.0,2.0,hard|medium|easy
test,0,8,171,32,0.5315921539877309,91.20974259599461,1160.2935572050046,0.19110357761383057,0.9666666666666667,0.96875,0.9722222222222222,0.9684729064039409,5.243445692883895e-06,1.03125,0.0,2.0,hard|easy|medium
test,0,8,172,32,0.532749842008343,91.74301529799413,1160.8268299540068,0.055802781134843826,0.9782608695652174,0.96875,0.95,0.9625730994152046,5.235122763212651e-06,0.96875,0.0,2.0,hard|medium|easy
test,0,8,173,32,0.5322901040053694,92.27591806500277,1161.359732678,0.0005127438926137984,1.0,1.0,1.0,1.0,5.226799833541408e-06,1.0,0.0,2.0,easy|medium|hard
test,0,8,174,32,0.5316607149870833,92.8081339049968,1161.8919485210063,0.13592171669006348,0.96875,0.96875,0.9705882352941176,0.9687194525904204,5.2184769038701636e-06,0.875,0.0,2.0,easy|hard|medium
test,0,8,175,32,0.5325773049989948,93.34130265899876,1162.425117293009,0.011590343900024891,1.0,1.0,1.0,1.0,5.210153974198918e-06,0.78125,0.0,2.0,easy|medium|hard
test,0,8,176,32,0.5320852490112884,93.87396625899419,1162.9577808780014,0.0011561098508536816,1.0,1.0,1.0,1.0,5.201831044527675e-06,1.0625,0.0,2.0,hard|easy|medium
test,0,8,177,32,0.5318006760062417,94.40631092300464,1163.4901255410077,0.0006795700173825026,1.0,1.0,1.0,1.0,5.193508114856431e-06,0.90625,0.0,2.0,hard|medium|easy
test,0,8,178,32,0.5330377810023492,94.939923361002,1164.0237379820028,0.0006258903304114938,1.0,1.0,1.0,1.0,5.185185185185185e-06,1.1875,0.0,2.0,hard|easy|medium
test,0,8,179,32,0.5316707819874864,95.47218773599889,1164.556002345009,0.0007329175714403391,1.0,1.0,1.0,1.0,5.176862255513941e-06,0.9375,0.0,2.0,easy|hard|medium
test,0,8,180,32,0.5313854850101052,96.00414799699502,1165.0879629210103,0.0047408053651452065,1.0,1.0,1.0,1.0,5.168539325842698e-06,0.90625,0.0,2.0,medium|easy|hard
test,0,8,181,32,0.5326014589954866,96.53732875299465,1165.6211434020079,0.01974448561668396,1.0,1.0,1.0,1.0,5.160216396171452e-06,0.78125,0.0,2.0,hard|easy|medium
test,0,8,182,32,0.5322187709971331,97.07012929799384,1166.1539440010092,0.20820266008377075,0.9705882352941176,0.96875,0.96875,0.9687194525904204,5.151893466500208e-06,1.1875,0.0,2.0,medium|hard|easy
test,0,8,183,32,0.5314592880022246,97.60218899999745,1166.6860037730075,0.00045570131624117494,1.0,1.0,1.0,1.0,5.143570536828965e-06,0.9375,0.0,2.0,medium|easy|hard
test,0,8,184,32,0.532884614993236,98.13569131300028,1167.2195059369988,0.0010828911326825619,1.0,1.0,1.0,1.0,5.135247607157719e-06,1.25,0.0,2.0,hard|easy|medium
test,0,8,185,32,0.5324592789984308,98.66870907400153,1167.7525237460068,0.14316774904727936,0.9615384615384616,0.96875,0.975,0.9671794871794872,5.126924677486475e-06,1.0625,0.0,2.0,hard|easy|medium
test,0,8,186,32,0.5316728210018482,99.20096793300763,1168.2847825670033,0.0007464711088687181,1.0,1.0,1.0,1.0,5.118601747815232e-06,1.1875,0.0,2.0,medium|easy|hard
test,0,8,187,32,0.5325437800056534,99.73410175199388,1168.8179163660097,0.12684708833694458,0.9736842105263157,0.96875,0.9642857142857143,0.967967967967968,5.110278818143986e-06,0.875,0.0,2.0,hard|easy|medium
test,0,8,188,32,0.5322929440008011,100.26699532699422,1169.350809968004,0.0007078376947902143,1.0,1.0,1.0,1.0,5.101955888472742e-06,0.65625,0.0,2.0,hard|easy|medium
test,0,8,189,32,0.5313575839973055,100.79885157100216,1169.882666207006,0.0011735581792891026,1.0,1.0,1.0,1.0,5.093632958801499e-06,1.0625,0.0,2.0,medium|easy|hard
test,0,8,190,32,0.5327577740099514,101.33214753199718,1170.4159621639992,0.0005523895961232483,1.0,1.0,1.0,1.0,5.0853100291302534e-06,1.125,0.0,2.0,easy|hard|medium
test,0,8,191,32,0.5323388029937632,101.86494991200743,1170.9487645280024,0.000640396261587739,1.0,1.0,1.0,1.0,5.0769870994590094e-06,0.9375,0.0,2.0,hard|easy|medium
test,0,8,192,32,0.5313817569985986,102.39689676900161,1171.48071139901,0.0599830262362957,0.9705882352941176,0.96875,0.96875,0.9687194525904204,5.068664169787766e-06,0.96875,0.0,2.0,hard|medium|easy
test,0,8,193,32,0.5327669719990809,102.9301404949947,1172.0139551600005,0.0007235496304929256,1.0,1.0,1.0,1.0,5.060341240116522e-06,1.0625,0.0,2.0,hard|medium|easy
test,0,8,194,32,0.532313368996256,103.46301605200279,1172.5468306690018,0.001940971938893199,1.0,1.0,1.0,1.0,5.0520183104452765e-06,1.0625,0.0,2.0,medium|hard|easy
test,0,8,195,32,0.5318926589970943,103.99549167399528,1173.0793063070014,0.0006726222927682102,1.0,1.0,1.0,1.0,5.043695380774033e-06,1.15625,0.0,2.0,medium|easy|hard
test,0,8,196,32,0.5329528690053849,104.52899277700635,1173.6128074529988,0.004968630149960518,1.0,1.0,1.0,1.0,5.035372451102789e-06,0.8125,0.0,2.0,hard|easy|medium
test,0,8,197,32,0.5324830080062384,105.06202684099844,1174.1458415030065,0.000740279967430979,1.0,1.0,1.0,1.0,5.027049521431544e-06,1.03125,0.0,2.0,easy|medium|hard
test,0,8,198,32,0.5313592059974326,105.59399668300466,1174.677811297006,0.0007849959656596184,1.0,1.0,1.0,1.0,5.0187265917603005e-06,1.1875,0.0,2.0,medium|hard|easy
test,0,8,199,32,0.532873002011911,106.12743232199864,1175.2112469400017,0.1275692731142044,0.9615384615384616,0.96875,0.975,0.9671794871794872,5.0104036620890565e-06,1.15625,0.0,2.0,easy|hard|medium
test,0,8,200,32,0.5321529750071932,106.66012014099397,1175.7439347580075,0.0007499688072130084,1.0,1.0,1.0,1.0,5.002080732417811e-06,0.9375,0.0,2.0,hard|medium|easy
test,0,8,201,32,0.5318391490000067,107.19255672699364,1176.2763713440072,0.009186225943267345,1.0,1.0,1.0,1.0,4.993757802746567e-06,1.1875,0.0,2.0,medium|hard|easy
test,0,8,202,32,0.5331150350102689,107.72624895699846,1176.8100635709998,0.001057463581673801,1.0,1.0,1.0,1.0,4.985434873075323e-06,0.8125,0.0,2.0,medium|easy|hard
test,0,8,203,32,0.53240828300477,108.25918924900179,1177.3430038720107,0.0007053882582113147,1.0,1.0,1.0,1.0,4.977111943404079e-06,0.78125,0.0,2.0,hard|easy|medium
test,0,8,204,32,0.5314438969944604,108.79121153299639,1177.8750261509995,0.08436654508113861,0.95,0.96875,0.9782608695652174,0.9625730994152046,4.968789013732834e-06,0.8125,0.0,2.0,hard|medium|easy
test,0,8,205,32,0.5329344329948071,109.32460597899626,1178.4084205940017,0.0008203156758099794,1.0,1.0,1.0,1.0,4.960466084061591e-06,0.90625,0.0,2.0,hard|medium|easy
test,0,8,206,32,0.5321200499893166,109.85733040499326,1178.941145023011,0.0015839330153539777,1.0,1.0,1.0,1.0,4.952143154390346e-06,1.09375,0.0,2.0,hard|medium|easy
test,0,8,207,32,0.5308638650021749,110.3887374009937,1179.4725520409993,0.0008356854668818414,1.0,1.0,1.0,1.0,4.943820224719101e-06,0.875,0.0,2.0,easy|medium|hard
test,0,8,208,32,0.53322974400362,110.92251668400422,1180.006331306009,0.0008075524237938225,1.0,1.0,1.0,1.0,4.935497295047858e-06,1.09375,0.0,2.0,hard|medium|easy
test,0,8,209,32,0.5317230770015158,111.45475157999317,1180.5385661949986,0.0006343142013065517,1.0,1.0,1.0,1.0,4.927174365376613e-06,1.03125,0.0,2.0,medium|easy|hard
test,0,8,210,32,0.5315486359904753,111.98688396699436,1181.0706986029982,0.09588588774204254,0.9545454545454546,0.96875,0.9772727272727273,0.964562569213732,4.918851435705368e-06,1.0625,0.0,2.0,hard|easy|medium
test,0,8,211,32,0.5328598970081657,112.52030699999887,1181.6041220900079,0.0006099631427787244,1.0,1.0,1.0,1.0,4.910528506034125e-06,1.09375,0.0,2.0,easy|hard|medium
test,0,8,212,32,0.5323252709931694,113.05320224899333,1182.1370168550056,0.0006157431052997708,1.0,1.0,1.0,1.0,4.90220557636288e-06,1.0,0.0,2.0,easy|hard|medium
test,0,8,213,32,0.5309950649971142,113.5847870419966,1182.6686017739994,0.0008757774485275149,1.0,1.0,1.0,1.0,4.893882646691635e-06,0.8125,0.0,2.0,easy|hard|medium
test,0,8,214,32,0.5330394890042953,114.11834515399823,1183.202159776003,0.0005221276660449803,1.0,1.0,1.0,1.0,4.885559717020392e-06,1.34375,0.0,2.0,medium|hard|easy
test,0,8,215,32,0.5323885379912099,114.65124619400012,1183.7350608120032,0.0005014659836888313,1.0,1.0,1.0,1.0,4.877236787349147e-06,0.90625,0.0,2.0,medium|easy|hard
test,0,8,216,32,0.5319456220022403,115.1837160599971,1184.267530669007,0.09412958472967148,0.9705882352941176,0.96875,0.96875,0.9687194525904204,4.868913857677903e-06,1.0,0.0,2.0,medium|hard|easy
test,0,8,217,32,0.5331680250092177,115.71749143399938,1184.8013060400117,0.00044263433665037155,1.0,1.0,1.0,1.0,4.860590928006659e-06,1.125,0.0,2.0,hard|medium|easy
test,0,8,218,32,0.5323249299981399,116.2503784050059,1185.3341930340102,0.0008451505564153194,1.0,1.0,1.0,1.0,4.852267998335414e-06,1.0,0.0,2.0,medium|easy|hard
test,0,8,219,32,0.5317618159897393,116.7827277299948,1185.8665423620114,0.0006414384115487337,1.0,1.0,1.0,1.0,4.84394506866417e-06,1.25,0.0,2.0,medium|easy|hard
test,0,8,220,32,0.5336989100032952,117.31701582499954,1186.4008304300078,0.000778816407546401,1.0,1.0,1.0,1.0,4.835622138992926e-06,1.0,0.0,2.0,easy|medium|hard
test,0,8,221,32,0.5322146890102886,117.84973233699566,1186.9335469540092,0.0011038640514016151,1.0,1.0,1.0,1.0,4.8272992093216814e-06,0.96875,0.0,2.0,easy|medium|hard
test,0,8,222,32,0.5311394460004522,118.38138817400613,1187.4652027850098,0.00047720750444568694,1.0,1.0,1.0,1.0,4.818976279650437e-06,0.96875,0.0,2.0,easy|hard|medium
test,0,8,223,32,0.5334160380007233,118.91532471700339,1187.9991393590026,0.000484408694319427,1.0,1.0,1.0,1.0,4.8106533499791926e-06,1.0,0.0,2.0,hard|medium|easy
test,0,8,224,32,0.532059653007309,119.44796808100364,1188.531783065002,0.0011889311717823148,1.0,1.0,1.0,1.0,4.802330420307949e-06,1.0625,0.0,2.0,hard|easy|medium
test,0,8,225,32,0.5322760940034641,119.9808640179981,1189.0646786310099,0.0071922894567251205,1.0,1.0,1.0,1.0,4.7940074906367045e-06,1.0625,0.0,2.0,hard|easy|medium
test,0,8,226,32,0.5329637749964604,120.51437860200531,1189.5981932190043,0.0006406430620700121,1.0,1.0,1.0,1.0,4.78568456096546e-06,1.0625,0.0,2.0,hard|medium|easy
test,0,8,227,32,0.5334799230040517,121.04844421699818,1190.1322588879993,0.00048272544518113136,1.0,1.0,1.0,1.0,4.7773616312942165e-06,1.09375,0.0,2.0,medium|hard|easy
test,0,8,228,32,0.5322570349962916,121.58128465099435,1190.6650993049989,0.00042639754246920347,1.0,1.0,1.0,1.0,4.769038701622972e-06,0.96875,0.0,2.0,easy|medium|hard
test,0,8,229,32,0.533183605002705,122.11506870899757,1191.1988833260111,0.09926411509513855,0.9736842105263157,0.96875,0.9642857142857143,0.967967967967968,4.760715771951727e-06,1.0,0.0,2.0,medium|easy|hard
test,0,8,230,32,0.5320066290005343,122.64766985899769,1191.7314845270012,0.00039238837780430913,1.0,1.0,1.0,1.0,4.752392842280484e-06,0.96875,0.0,2.0,easy|medium|hard
test,0,8,231,32,0.5316035599971656,123.17977973099914,1192.2635943850037,0.0005810949369333684,1.0,1.0,1.0,1.0,4.744069912609239e-06,1.09375,0.0,2.0,easy|medium|hard
test,0,8,232,32,0.5327310110005783,123.71305436300463,1192.796868977006,0.0004522961098700762,1.0,1.0,1.0,1.0,4.735746982937994e-06,1.0,0.0,2.0,easy|hard|medium
test,0,8,233,32,0.5319777730037458,124.24562969199906,1193.3294446350046,0.0007066987454891205,1.0,1.0,1.0,1.0,4.727424053266751e-06,1.03125,0.0,2.0,easy|hard|medium
test,0,8,234,32,0.5316686180012766,124.7778085470054,1193.8616231710039,0.0004396438307594508,1.0,1.0,1.0,1.0,4.719101123595506e-06,0.9375,0.0,2.0,medium|easy|hard
test,0,8,235,32,0.5333002629922703,125.31167450000066,1194.3954891570029,0.0038113726768642664,1.0,1.0,1.0,1.0,4.710778193924262e-06,0.96875,0.0,2.0,easy|medium|hard
test,0,8,236,32,0.5322309470066102,125.84444542900019,1194.9282600520091,0.0004479615017771721,1.0,1.0,1.0,1.0,4.702455264253018e-06,1.03125,0.0,2.0,medium|easy|hard
test,0,8,237,32,0.5325945500080707,126.3776011870068,1195.4614158120094,0.008126305416226387,1.0,1.0,1.0,1.0,4.694132334581773e-06,0.90625,0.0,2.0,easy|medium|hard
test,0,8,238,32,0.5329338979936438,126.91109959900496,1195.9949142780097,0.09724137932062149,0.9642857142857143,0.96875,0.9736842105263157,0.967967967967968,4.685809404910529e-06,1.0,0.0,2.0,medium|easy|hard
test,0,8,239,32,0.5328467560029821,127.44454714399762,1196.5283617620007,0.0034404348116368055,1.0,1.0,1.0,1.0,4.677486475239285e-06,1.0,0.0,2.0,easy|medium|hard
test,0,8,240,32,0.532480622001458,127.97761412800173,1197.0614287869976,0.12156992405653,0.9736842105263157,0.96875,0.9642857142857143,0.967967967967968,4.66916354556804e-06,1.25,0.0,2.0,medium|easy|hard
test,0,8,241,32,0.5329680449940497,128.51117721700575,1197.5949918320111,0.0005100442213006318,1.0,1.0,1.0,1.0,4.660840615896796e-06,1.09375,0.0,2.0,hard|medium|easy
test,0,8,242,32,0.5322330299968598,129.04400595299376,1198.1278205710114,0.00047843653010204434,1.0,1.0,1.0,1.0,4.652517686225552e-06,0.84375,0.0,2.0,medium|hard|easy
test,0,8,243,32,0.5325782300060382,129.57709788500506,1198.6609125079995,0.00046674092300236225,1.0,1.0,1.0,1.0,4.644194756554308e-06,1.09375,0.0,2.0,easy|hard|medium
test,0,8,244,32,0.5326929609873332,130.1104264500027,1199.1942410519987,0.00042888044845312834,1.0,1.0,1.0,1.0,4.635871826883063e-06,1.0,0.0,2.0,hard|medium|easy
test,0,8,245,32,0.5323120880057104,130.64329683700635,1199.7271117960045,0.20896406471729279,0.9761904761904762,0.96875,0.9583333333333333,0.9660657476139979,4.627548897211818e-06,1.0,0.0,2.0,easy|medium|hard
test,0,8,246,32,0.5324346320121549,131.17635245800193,1200.2601670870063,0.00037176127079874277,1.0,1.0,1.0,1.0,4.619225967540575e-06,0.9375,0.0,2.0,easy|medium|hard
test,0,8,247,32,0.5328282400005264,131.7097187909967,1200.793533404998,0.0004091541632078588,1.0,1.0,1.0,1.0,4.61090303786933e-06,0.84375,0.0,2.0,easy|hard|medium
test,0,8,248,32,0.5322028509981465,132.24247062999348,1201.3262853180058,0.0004551080346573144,1.0,1.0,1.0,1.0,4.6025801081980855e-06,1.09375,0.0,2.0,hard|easy|medium
test,0,8,249,32,0.533029077007086,132.776093020002,1201.8599077350082,0.00045856641372665763,1.0,1.0,1.0,1.0,4.594257178526842e-06,0.9375,0.0,2.0,hard|medium|easy
test,0,8,250,32,0.5334500619937899,133.31024042499484,1202.3940550490079,0.000389648019336164,1.0,1.0,1.0,1.0,4.5859342488555974e-06,0.90625,0.0,2.0,hard|medium|easy
test,0,8,251,32,0.5318254040030297,133.84251746999507,1202.926332381001,0.0003573260037228465,1.0,1.0,1.0,1.0,4.5776113191843534e-06,1.03125,0.0,2.0,medium|easy|hard
test,0,8,252,32,0.5315394009958254,134.3745870480052,1203.4584016620065,0.0006157966563478112,1.0,1.0,1.0,1.0,4.569288389513109e-06,1.09375,0.0,2.0,hard|easy|medium
test,0,8,253,32,0.5334250369924121,134.90861647800193,1203.9924311060022,0.0004569246666505933,1.0,1.0,1.0,1.0,4.5609654598418646e-06,1.0,0.0,2.0,easy|medium|hard
test,0,8,254,32,0.5328824030002579,135.4420226039947,1204.5258372280077,0.00040499953320249915,1.0,1.0,1.0,1.0,4.5526425301706205e-06,1.3125,0.0,2.0,medium|hard|easy
test,0,8,255,32,0.5328103089996148,135.97540931899857,1205.059224348006,0.006800292991101742,1.0,1.0,1.0,1.0,4.5443196004993765e-06,1.125,0.0,2.0,easy|hard|medium
test,0,8,256,32,0.5330984520114725,136.50905532999604,1205.5928703250102,0.00041742000030353665,1.0,1.0,1.0,1.0,4.535996670828132e-06,1.0625,0.0,2.0,medium|hard|easy
test,0,8,257,32,0.5322224129922688,137.04187779899803,1206.1256924110057,0.06565471738576889,0.9705882352941176,0.96875,0.96875,0.9687194525904204,4.527673741156888e-06,0.875,0.0,2.0,easy|hard|medium
test,0,8,258,32,0.5322342850122368,137.57476513599977,1206.6585797610023,0.00045334157766774297,1.0,1.0,1.0,1.0,4.519350811485644e-06,1.09375,0.0,2.0,easy|hard|medium
test,0,8,259,32,0.5332227839971893,138.10855923399504,1207.1923741700011,0.0003441162407398224,1.0,1.0,1.0,1.0,4.511027881814399e-06,1.0,0.0,2.0,easy|hard|medium
test,0,8,260,32,0.5324923769949237,138.6415692419978,1207.7253838449979,0.0005572452791966498,1.0,1.0,1.0,1.0,4.502704952143155e-06,1.03125,0.0,2.0,hard|easy|medium
test,0,8,261,32,0.5324817060027272,139.1746347409935,1208.2584494309995,0.013188237324357033,1.0,1.0,1.0,1.0,4.494382022471911e-06,1.0,0.0,2.0,easy|hard|medium
test,0,8,262,32,0.533455854994827,139.70856510200247,1208.7923797200056,0.00039529355126433074,1.0,1.0,1.0,1.0,4.486059092800667e-06,1.0,0.0,2.0,medium|hard|easy
test,0,8,263,32,0.5328108409885317,140.24224067099567,1209.3260553230066,0.00039221072802320123,1.0,1.0,1.0,1.0,4.477736163129422e-06,0.96875,0.0,2.0,medium|easy|hard
test,0,8,264,32,0.5317684939946048,140.77447187999496,1209.8582865970093,0.001230927649885416,1.0,1.0,1.0,1.0,4.469413233458178e-06,1.09375,0.0,2.0,hard|medium|easy
test,0,8,265,32,0.5331022589962231,141.30803674299386,1210.3918514760007,0.0003256785566918552,1.0,1.0,1.0,1.0,4.461090303786934e-06,0.96875,0.0,2.0,hard|medium|easy
test,0,8,266,32,0.532243211986497,141.84072231099708,1210.924536934006,0.00046849847421981394,1.0,1.0,1.0,1.0,4.452767374115689e-06,0.96875,0.0,2.0,medium|easy|hard
test,0,8,267,17,0.3201103100000182,142.16127956900164,1211.2450941910065,0.0004148697480559349,1.0,1.0,1.0,1.0,4.444444444444444e-06,1.3529411554336548,0.0,2.0,hard|medium|easy
test,0,9,1,32,0.5350930540007539,0.6198694459890248,1222.4055291760014,0.0006037887651473284,1.0,1.0,1.0,1.0,4.436121514773201e-06,0.71875,0.0,2.0,easy|medium|hard
test,0,9,2,32,0.5318595450080466,1.1524444759998005,1222.9381042360037,0.33455610275268555,0.95,0.9375,0.9285714285714286,0.9352226720647774,4.427798585101956e-06,1.03125,0.0,2.0,easy|hard|medium
test,0,9,3,32,0.5315980859886622,1.684578636995866,1223.4702383670083,0.0004294742248021066,1.0,1.0,1.0,1.0,4.419475655430712e-06,0.96875,0.0,2.0,medium|easy|hard
test,0,9,4,32,0.5331721880065743,2.2182797199930064,1224.0039394699998,0.008627953007817268,1.0,1.0,1.0,1.0,4.411152725759468e-06,1.125,0.0,2.0,hard|medium|easy
test,0,9,5,32,0.5320185109885642,2.750810220997664,1224.5364699600032,0.0008923489367589355,1.0,1.0,1.0,1.0,4.402829796088223e-06,1.03125,0.0,2.0,hard|easy|medium
test,0,9,6,32,0.531769424007507,3.2831085579964565,1225.0687682850112,0.001003346056677401,1.0,1.0,1.0,1.0,4.394506866416979e-06,1.09375,0.0,2.0,easy|medium|hard
test,0,9,7,32,0.5328171250002924,3.8164977289998205,1225.6021574680053,0.0005293535068631172,1.0,1.0,1.0,1.0,4.386183936745735e-06,0.9375,0.0,2.0,hard|easy|medium
test,0,9,8,32,0.5324871990014799,4.349564064992592,1226.135223833,0.00042547949124127626,1.0,1.0,1.0,1.0,4.37786100707449e-06,1.0,0.0,2.0,medium|easy|hard
test,0,9,9,32,0.5319392930105096,4.882071703992551,1226.6677314700064,0.00041238279663957655,1.0,1.0,1.0,1.0,4.369538077403246e-06,1.15625,0.0,2.0,easy|hard|medium
test,0,9,10,32,0.5327859840035671,5.4154569579986855,1227.2011167000019,0.0004679008270613849,1.0,1.0,1.0,1.0,4.361215147732002e-06,1.0625,0.0,2.0,medium|easy|hard
test,0,9,11,32,0.5323622279975098,5.948357378001674,1227.7340171230026,0.011568515561521053,1.0,1.0,1.0,1.0,4.352892218060758e-06,0.90625,0.0,2.0,easy|hard|medium
test,0,9,12,32,0.5316180139925564,6.480549139989307,1228.266209221998,0.0003840907011181116,1.0,1.0,1.0,1.0,4.3445692883895135e-06,1.0625,0.0,2.0,hard|medium|easy
test,0,9,13,32,0.5326038120110752,7.01369964100013,1228.799359468001,0.0004589164745993912,1.0,1.0,1.0,1.0,4.3362463587182694e-06,0.78125,0.0,2.0,easy|hard|medium
test,0,9,14,32,0.5320707079954445,7.546371790987905,1229.3320315260062,0.005002100020647049,1.0,1.0,1.0,1.0,4.3279234290470254e-06,1.09375,0.0,2.0,easy|medium|hard
test,0,9,15,32,0.5312129980011377,8.078074948993162,1229.8637346830074,0.0004806587239727378,1.0,1.0,1.0,1.0,4.3196004993757806e-06,1.0625,0.0,2.0,easy|medium|hard
test,0,9,16,32,0.5322613600001205,8.610893864999525,1230.3965535970055,0.04910854250192642,0.9583333333333333,0.96875,0.9761904761904762,0.9660657476139979,4.3112775697045366e-06,1.28125,0.0,2.0,hard|medium|easy
test,0,9,17,32,0.532752213999629,9.144179891998647,1230.9298396340018,0.00045460808905772865,1.0,1.0,1.0,1.0,4.3029546400332925e-06,0.96875,0.0,2.0,easy|medium|hard
test,0,9,18,32,0.5314276699937182,9.676239335996797,1231.4618990770105,0.00036583287874236703,1.0,1.0,1.0,1.0,4.294631710362048e-06,1.0,0.0,2.0,hard|easy|medium
test,0,9,19,32,0.532932065994828,10.209789398999419,1231.9954491490062,0.00041249790228903294,1.0,1.0,1.0,1.0,4.286308780690803e-06,1.1875,0.0,2.0,easy|medium|hard
test,0,9,20,32,0.5325744599977043,10.742832407995593,1232.5284921650018,0.0006197434850037098,1.0,1.0,1.0,1.0,4.27798585101956e-06,0.9375,0.0,2.0,easy|hard|medium
test,0,9,21,32,0.5317247030034196,11.27512697999191,1233.0607867460058,0.00032931065652519464,1.0,1.0,1.0,1.0,4.269662921348315e-06,1.0625,0.0,2.0,medium|hard|easy
test,0,9,22,32,0.5330355359910754,11.808740523993038,1233.5944002750039,0.00046997322351671755,1.0,1.0,1.0,1.0,4.261339991677071e-06,0.8125,0.0,2.0,medium|hard|easy
test,0,9,23,32,0.5325746970047476,12.34187660299358,1234.1275363450113,0.0007367889629676938,1.0,1.0,1.0,1.0,4.253017062005827e-06,1.09375,0.0,2.0,medium|easy|hard
test,0,9,24,32,0.5314271950046532,12.873904675987433,1234.6595644160116,0.019537897780537605,1.0,1.0,1.0,1.0,4.244694132334582e-06,1.21875,0.0,2.0,hard|medium|easy
test,0,9,25,32,0.5330632989935111,13.407529720992898,1235.1931894599984,0.0017899958183988929,1.0,1.0,1.0,1.0,4.236371202663338e-06,0.90625,0.0,2.0,easy|hard|medium
test,0,9,26,32,0.5322852849931223,13.940347114999895,1235.726006857003,0.0008312801364809275,1.0,1.0,1.0,1.0,4.228048272992094e-06,1.125,0.0,2.0,medium|hard|easy
test,0,9,27,32,0.5315570920065511,14.472509680999792,1236.2581694280088,0.0004037327889818698,1.0,1.0,1.0,1.0,4.219725343320849e-06,0.75,0.0,2.0,easy|medium|hard
test,0,9,28,32,0.5332467449916294,15.006323566994979,1236.791983314004,0.00034198095090687275,1.0,1.0,1.0,1.0,4.211402413649605e-06,1.15625,0.0,2.0,medium|hard|easy
test,0,9,29,32,0.5325521199993091,15.539436929990188,1237.3250966930063,0.00033376592909917235,1.0,1.0,1.0,1.0,4.203079483978361e-06,1.03125,0.0,2.0,hard|medium|easy
test,0,9,30,32,0.531793613001355,16.071804301987868,1237.857464036002,0.0006841936847195029,1.0,1.0,1.0,1.0,4.194756554307117e-06,0.875,0.0,2.0,hard|medium|easy
test,0,9,31,32,0.5330351050070021,16.605395086997305,1238.3910548330023,0.00038536201464012265,1.0,1.0,1.0,1.0,4.186433624635872e-06,0.75,0.0,2.0,hard|medium|easy
test,0,9,32,32,0.5325193669996224,17.138485500996467,1238.9241452440037,0.0005444972775876522,1.0,1.0,1.0,1.0,4.178110694964628e-06,1.0625,0.0,2.0,hard|easy|medium
test,0,9,33,32,0.5317842749936972,17.670860810991144,1239.4565205570107,0.0005704517825506628,1.0,1.0,1.0,1.0,4.169787765293384e-06,1.0625,0.0,2.0,easy|hard|medium
test,0,9,34,32,0.5330498609982897,18.204486436996376,1239.9901461810077,0.00040199304930865765,1.0,1.0,1.0,1.0,4.161464835622139e-06,0.84375,0.0,2.0,easy|medium|hard
test,0,9,35,32,0.5321853990026284,18.737202573989634,1240.522862319005,0.0003686200361698866,1.0,1.0,1.0,1.0,4.153141905950895e-06,1.0,0.0,2.0,medium|hard|easy
test,0,9,36,32,0.5316106319951359,19.269373520000954,1241.0550332580024,0.00033388036536052823,1.0,1.0,1.0,1.0,4.144818976279651e-06,1.34375,0.0,2.0,medium|easy|hard
test,0,9,37,32,0.5332377260056091,19.803164860990364,1241.5888245980022,0.0003763790300581604,1.0,1.0,1.0,1.0,4.136496046608406e-06,0.84375,0.0,2.0,medium|easy|hard
test,0,9,38,32,0.5321937660046387,20.335943309997674,1242.1216030560026,0.0007201817352324724,1.0,1.0,1.0,1.0,4.128173116937162e-06,1.1875,0.0,2.0,hard|medium|easy
test,0,9,39,32,0.5314360940101324,20.867957688999013,1242.6536174369976,0.00048657896695658565,1.0,1.0,1.0,1.0,4.119850187265918e-06,0.8125,0.0,2.0,easy|hard|medium
test,0,9,40,32,0.5332587250013603,21.401805231987964,1243.187464964998,0.0005108377663418651,1.0,1.0,1.0,1.0,4.1115272575946735e-06,0.96875,0.0,2.0,hard|easy|medium
test,0,9,41,32,0.5322546690003946,21.934605589995044,1243.7202653340064,0.0004247786710038781,1.0,1.0,1.0,1.0,4.1032043279234295e-06,1.25,0.0,2.0,hard|medium|easy
test,0,9,42,32,0.5320385410013841,22.467236464988673,1244.252896238002,0.0003502700128592551,1.0,1.0,1.0,1.0,4.0948813982521855e-06,1.0625,0.0,2.0,medium|easy|hard
test,0,9,43,32,0.5332251840009121,23.00105132299359,1244.7867110650113,0.00042648648377507925,1.0,1.0,1.0,1.0,4.086558468580941e-06,0.90625,0.0,2.0,medium|hard|easy
test,0,9,44,32,0.5322129589912947,23.533807513987995,1245.3194672840036,0.00039626314537599683,1.0,1.0,1.0,1.0,4.078235538909697e-06,1.03125,0.0,2.0,medium|easy|hard
test,0,9,45,32,0.5313599229993997,24.065738706995035,1245.851398453,0.00040163268567994237,1.0,1.0,1.0,1.0,4.0699126092384526e-06,1.15625,0.0,2.0,medium|easy|hard
test,0,9,46,32,0.5334369459887967,24.599717813995085,1246.3853775690077,0.0004653358773794025,1.0,1.0,1.0,1.0,4.061589679567208e-06,1.0,0.0,2.0,hard|easy|medium
test,0,9,47,32,0.5319224489940098,25.1322366809909,1246.9178964210005,0.05148065835237503,0.9722222222222222,0.96875,0.9666666666666667,0.9684729064039409,4.053266749895964e-06,1.0625,0.0,2.0,hard|easy|medium
test,0,9,48,32,0.5312617409945233,25.664132331992732,1247.4497920650028,0.0003114215796813369,1.0,1.0,1.0,1.0,4.04494382022472e-06,0.84375,0.0,2.0,easy|hard|medium
test,0,9,49,32,0.5328815889952239,26.197577636994538,1247.9832377120038,0.00047781001194380224,1.0,1.0,1.0,1.0,4.036620890553476e-06,1.03125,0.0,2.0,hard|medium|easy
test,0,9,50,32,0.5323874970054021,26.730519797987654,1248.5161795470049,0.0011238458100706339,1.0,1.0,1.0,1.0,4.028297960882231e-06,0.9375,0.0,2.0,medium|easy|hard
test,0,9,51,32,0.5313953820004826,27.262457183998777,1249.0481169280101,0.00064109917730093,1.0,1.0,1.0,1.0,4.019975031210987e-06,1.03125,0.0,2.0,hard|medium|easy
test,0,9,52,32,0.5329248769994592,27.7959376739891,1249.5815974279976,0.0039830636233091354,1.0,1.0,1.0,1.0,4.011652101539743e-06,0.78125,0.0,2.0,easy|hard|medium
test,0,9,53,32,0.5320205699972576,28.328466109989677,1250.1141258580028,0.010632866062223911,1.0,1.0,1.0,1.0,4.003329171868498e-06,0.84375,0.0,2.0,medium|easy|hard
test,0,9,54,32,0.5317027720011538,28.86072353599593,1250.6463832720037,0.0002486124576535076,1.0,1.0,1.0,1.0,3.995006242197254e-06,0.75,0.0,2.0,easy|medium|hard
test,0,9,55,32,0.5335328749933979,29.394819465989713,1251.1804792430048,0.0003952962870243937,1.0,1.0,1.0,1.0,3.98668331252601e-06,1.0,0.0,2.0,easy|medium|hard
test,0,9,56,32,0.5328614899917739,29.928208735000226,1251.7138684750098,0.00024665164528414607,1.0,1.0,1.0,1.0,3.978360382854765e-06,1.25,0.0,2.0,hard|medium|easy
test,0,9,57,32,0.5319768790068338,30.460744512995007,1252.246404246005,0.000345659937011078,1.0,1.0,1.0,1.0,3.970037453183521e-06,0.78125,0.0,2.0,medium|easy|hard
test,0,9,58,32,0.5330610100063495,30.994357363000745,1252.7800171020062,0.00030203789356164634,1.0,1.0,1.0,1.0,3.961714523512277e-06,0.6875,0.0,2.0,medium|hard|easy
test,0,9,59,32,0.5327466889866628,31.527669965988025,1253.3133297169989,0.0003644827229436487,1.0,1.0,1.0,1.0,3.953391593841032e-06,0.875,0.0,2.0,medium|hard|easy
test,0,9,60,32,0.5318350250017829,32.06001130999357,1253.8456710720056,0.00047200272092595696,1.0,1.0,1.0,1.0,3.945068664169788e-06,1.15625,0.0,2.0,hard|easy|medium
test,0,9,61,32,0.5329875279858243,32.593530887999805,1254.3791906340048,0.00034275822690688074,1.0,1.0,1.0,1.0,3.936745734498544e-06,1.0625,0.0,2.0,easy|hard|medium
test,0,9,62,32,0.5324266090028686,33.126529767992906,1254.9121895090066,0.00031600816873833537,1.0,1.0,1.0,1.0,3.928422804827299e-06,0.90625,0.0,2.0,easy|hard|medium
test,0,9,63,32,0.5321024589939043,33.659231680998346,1255.444891416002,0.00034689719905145466,1.0,1.0,1.0,1.0,3.920099875156055e-06,0.78125,0.0,2.0,easy|medium|hard
test,0,9,64,32,0.5329645489982795,34.192815502989106,1255.978475241005,0.00028854046831838787,1.0,1.0,1.0,1.0,3.911776945484811e-06,1.1875,0.0,2.0,easy|hard|medium
test,0,9,65,32,0.5325511539995205,34.7258461349993,1256.5115058770025,0.00035247945925220847,1.0,1.0,1.0,1.0,3.903454015813566e-06,0.9375,0.0,2.0,hard|easy|medium
test,0,9,66,32,0.5319460239988985,35.258361095999135,1257.0440208310029,0.00029040276422165334,1.0,1.0,1.0,1.0,3.895131086142322e-06,1.125,0.0,2.0,easy|hard|medium
test,0,9,67,32,0.5328810619976139,35.79181481299747,1257.5774745579984,0.00029173880466260016,1.0,1.0,1.0,1.0,3.886808156471078e-06,0.65625,0.0,2.0,easy|medium|hard
test,0,9,68,32,0.532109761988977,36.324451806998695,1258.1101115479978,0.0007983575342223048,1.0,1.0,1.0,1.0,3.878485226799834e-06,1.03125,0.0,2.0,easy|hard|medium
test,0,9,69,32,0.532197503009229,36.85717662899697,1258.6428366070031,0.005977062042802572,1.0,1.0,1.0,1.0,3.8701622971285895e-06,1.125,0.0,2.0,hard|medium|easy
test,0,9,70,32,0.5329677480040118,37.3907580459927,1259.1764177860023,0.00028763138107024133,1.0,1.0,1.0,1.0,3.8618393674573455e-06,0.875,0.0,2.0,easy|hard|medium
test,0,9,71,32,0.5324314729950856,37.92364805100078,1259.7093078010075,0.0002940336416941136,1.0,1.0,1.0,1.0,3.8535164377861015e-06,0.96875,0.0,2.0,hard|easy|medium
test,0,9,72,32,0.5320549499883782,38.456266909997794,1260.2419266460056,0.00034913106355816126,1.0,1.0,1.0,1.0,3.845193508114857e-06,0.75,0.0,2.0,medium|easy|hard
test,0,9,73,32,0.5329241919971537,38.98979404299462,1260.7754540260066,0.18936225771903992,0.96875,0.96875,0.9705882352941176,0.9687194525904204,3.836870578443613e-06,1.03125,0.0,2.0,hard|easy|medium
test,0,9,74,32,0.531985595007427,39.52234463299101,1261.3080044189992,0.00028256484074518085,1.0,1.0,1.0,1.0,3.828547648772369e-06,1.25,0.0,2.0,hard|medium|easy
test,0,9,75,32,0.532451321996632,40.0553775439912,1261.8410372850049,0.000370816356735304,1.0,1.0,1.0,1.0,3.820224719101124e-06,1.0625,0.0,2.0,medium|easy|hard
test,0,9,76,32,0.5330832899926463,40.58904431699193,1262.3747040870076,0.0003633652231656015,1.0,1.0,1.0,1.0,3.8119017894298797e-06,1.03125,0.0,2.0,easy|medium|hard
test,0,9,77,32,0.5326161819975823,41.12215275899507,1262.9078125040105,0.22202467918395996,0.9642857142857143,0.96875,0.9736842105263157,0.967967967967968,3.8035788597586353e-06,0.96875,0.0,2.0,medium|hard|easy
test,0,9,78,32,0.5315176830044948,41.65430727499188,1263.4399670130078,0.00032724422635510564,1.0,1.0,1.0,1.0,3.795255930087391e-06,0.90625,0.0,2.0,hard|easy|medium
test,0,9,79,32,0.5324223200004781,42.187271163988044,1263.9729309440008,0.001435877289623022,1.0,1.0,1.0,1.0,3.786933000416147e-06,0.875,0.0,2.0,hard|medium|easy
test,0,9,80,32,0.5323547619918827,42.72020628998871,1264.5058660460054,0.00031160612707026303,1.0,1.0,1.0,1.0,3.7786100707449024e-06,0.84375,0.0,2.0,easy|medium|hard
test,0,9,81,32,0.5320304950000718,43.252803290990414,1265.0384630400076,0.0003404548915568739,1.0,1.0,1.0,1.0,3.770287141073658e-06,0.84375,0.0,2.0,easy|medium|hard
test,0,9,82,32,0.5328766769962385,43.78622722699947,1265.5718869740085,0.0005237768637016416,1.0,1.0,1.0,1.0,3.761964211402414e-06,0.875,0.0,2.0,easy|medium|hard
test,0,9,83,32,0.5318813110061456,44.31856866199814,1266.1042283999996,0.0003336346708238125,1.0,1.0,1.0,1.0,3.7536412817311695e-06,1.1875,0.0,2.0,medium|easy|hard
test,0,9,84,32,0.5322778679983458,44.85142915499455,1266.6370888969977,0.00034825102193281054,1.0,1.0,1.0,1.0,3.7453183520599255e-06,1.15625,0.0,2.0,medium|hard|easy
test,0,9,85,32,0.5328667499998119,45.38493573699088,1267.1705954640056,0.00048396619968116283,1.0,1.0,1.0,1.0,3.736995422388681e-06,0.96875,0.0,2.0,hard|easy|medium
test,0,9,86,32,0.5317710289964452,45.91727302900108,1267.702932774002,0.0007689183694310486,1.0,1.0,1.0,1.0,3.7286724927174366e-06,0.90625,0.0,2.0,easy|hard|medium
test,0,9,87,32,0.5316707330057397,46.44956307898974,1268.2352228340023,0.040132828056812286,0.9772727272727273,0.96875,0.9545454545454546,0.964562569213732,3.7203495630461926e-06,1.0625,0.0,2.0,hard|medium|easy
test,0,9,88,32,0.5335301849991083,46.983628652000334,1268.7692884080025,0.0002749729610513896,1.0,1.0,1.0,1.0,3.712026633374948e-06,1.15625,0.0,2.0,easy|hard|medium
test,0,9,89,32,0.5317796089948388,47.515884210995864,1269.3015439459996,0.02506394125521183,0.9642857142857143,0.96875,0.9736842105263157,0.967967967967968,3.7037037037037037e-06,0.84375,0.0,2.0,medium|hard|easy
test,0,9,90,32,0.5310252299968852,48.04744015399774,1269.833099896001,0.0002765781246125698,1.0,1.0,1.0,1.0,3.6953807740324597e-06,1.03125,0.0,2.0,hard|medium|easy
test,0,9,91,32,0.5327724349917844,48.58080437598983,1270.3664641270007,0.00031786231556907296,1.0,1.0,1.0,1.0,3.6870578443612153e-06,0.84375,0.0,2.0,easy|hard|medium
test,0,9,92,32,0.5326238590059802,49.113964820993715,1270.8996245630115,0.0002458116505295038,1.0,1.0,1.0,1.0,3.678734914689971e-06,1.1875,0.0,2.0,hard|medium|easy
test,0,9,93,32,0.5319609090074664,49.646467345999554,1271.4321270820074,0.00024529328220523894,1.0,1.0,1.0,1.0,3.670411985018727e-06,0.9375,0.0,2.0,hard|medium|easy
test,0,9,94,32,0.532521386994631,50.179546096987906,1271.9652058380016,0.0003039721050299704,1.0,1.0,1.0,1.0,3.6620890553474824e-06,1.03125,0.0,2.0,hard|easy|medium
test,0,9,95,32,0.5334020379959838,50.71349993698823,1272.4991596900072,0.00037223310209810734,1.0,1.0,1.0,1.0,3.6537661256762384e-06,1.28125,0.0,2.0,hard|medium|easy
test,0,9,96,32,0.5322336130047916,51.246271993994014,1273.031931731006,0.000332034716848284,1.0,1.0,1.0,1.0,3.645443196004994e-06,1.03125,0.0,2.0,medium|hard|easy
test,0,9,97,32,0.5330087400070624,51.77986228099326,1273.5655220269982,0.00027831862098537385,1.0,1.0,1.0,1.0,3.6371202663337495e-06,1.09375,0.0,2.0,hard|medium|easy
test,0,9,98,32,0.5328944619977847,52.313273394000134,1274.0989331360033,0.0015646053943783045,1.0,1.0,1.0,1.0,3.6287973366625055e-06,0.875,0.0,2.0,medium|hard|easy
test,0,9,99,32,0.5323708029900445,52.846232261988916,1274.6318920040067,0.0003217883640900254,1.0,1.0,1.0,1.0,3.620474406991261e-06,1.125,0.0,2.0,hard|medium|easy
test,0,9,100,32,0.5327906090096803,53.37957088199619,1275.165230634011,0.0002398806536803022,1.0,1.0,1.0,1.0,3.6121514773200166e-06,1.09375,0.0,2.0,medium|hard|easy
test,0,9,101,32,0.5328146270039724,53.91289068599872,1275.6985505089979,0.0003792106290347874,1.0,1.0,1.0,1.0,3.6038285476487726e-06,1.0,0.0,2.0,hard|easy|medium
test,0,9,102,32,0.532058615994174,54.44545829399431,1276.2311180329998,0.00029749260284006596,1.0,1.0,1.0,1.0,3.595505617977528e-06,1.0625,0.0,2.0,easy|hard|medium
test,0,9,103,32,0.5329605660081143,54.97896783299802,1276.7646275709994,0.0003537196316756308,1.0,1.0,1.0,1.0,3.587182688306284e-06,1.25,0.0,2.0,hard|easy|medium
test,0,9,104,32,0.5328118019970134,55.512345034992904,1277.2980047950114,0.00022126766270957887,1.0,1.0,1.0,1.0,3.5788597586350397e-06,1.21875,0.0,2.0,medium|hard|easy
test,0,9,105,32,0.5323386959935306,56.04513209599827,1277.8307918420032,0.00031300156842917204,1.0,1.0,1.0,1.0,3.5705368289637953e-06,1.1875,0.0,2.0,medium|hard|easy
test,0,9,106,32,0.5327055439993273,56.57841977899079,1278.3640795160027,0.00026473510661162436,1.0,1.0,1.0,1.0,3.5622138992925513e-06,0.90625,0.0,2.0,hard|easy|medium
test,0,9,107,32,0.53283764499065,57.111837700998876,1278.8974974610028,0.0003080019378103316,1.0,1.0,1.0,1.0,3.553890969621307e-06,0.6875,0.0,2.0,medium|easy|hard
test,0,9,108,32,0.5316659810050623,57.64402242099459,1279.4296821460011,0.058928508311510086,0.9583333333333333,0.96875,0.9761904761904762,0.9660657476139979,3.5455680399500624e-06,1.125,0.0,2.0,easy|hard|medium
test,0,9,109,32,0.5327556840056786,58.17736651899759,1279.9630262610008,0.00026086921570822597,1.0,1.0,1.0,1.0,3.5372451102788184e-06,1.1875,0.0,2.0,easy|hard|medium
test,0,9,110,32,0.5333003739942797,58.71126095899672,1280.496920703008,0.005603420082479715,1.0,1.0,1.0,1.0,3.528922180607574e-06,1.03125,0.0,2.0,easy|medium|hard
test,0,9,111,32,0.5321309489954729,59.243963335989974,1281.0296230710082,0.0002845089475158602,1.0,1.0,1.0,1.0,3.52059925093633e-06,0.78125,0.0,2.0,medium|easy|hard
test,0,9,112,32,0.533037671004422,59.777553968000575,1281.563213721005,0.002267856616526842,1.0,1.0,1.0,1.0,3.5122763212650855e-06,0.75,0.0,2.0,hard|easy|medium
test,0,9,113,32,0.5328412990056677,60.31093980500009,1282.0965995490114,0.0002946677559521049,1.0,1.0,1.0,1.0,3.503953391593841e-06,1.15625,0.0,2.0,hard|medium|easy
test,0,9,114,32,0.5320880869985558,60.84360356099205,1282.629263322,0.00035692931851372123,1.0,1.0,1.0,1.0,3.495630461922597e-06,1.0625,0.0,2.0,hard|medium|easy
test,0,9,115,32,0.5327913159999298,61.376999085987336,1283.1626588250074,0.0003372984647285193,1.0,1.0,1.0,1.0,3.4873075322513526e-06,0.875,0.0,2.0,easy|medium|hard
test,0,9,116,32,0.5329650939966086,61.910486240987666,1283.696145984999,0.00027816093643195927,1.0,1.0,1.0,1.0,3.478984602580108e-06,1.03125,0.0,2.0,easy|medium|hard
test,0,9,117,32,0.531955382990418,62.443054530987865,1284.2287142810092,0.00026383643853478134,1.0,1.0,1.0,1.0,3.470661672908864e-06,1.125,0.0,2.0,easy|hard|medium
test,0,9,118,32,0.5329615630034823,62.97662643599324,1284.7622861910058,0.02000756561756134,1.0,1.0,1.0,1.0,3.4623387432376198e-06,1.09375,0.0,2.0,hard|easy|medium
test,0,9,119,32,0.5325851550005609,63.509834963988396,1285.2954947359976,0.00022286854800768197,1.0,1.0,1.0,1.0,3.4540158135663753e-06,1.09375,0.0,2.0,hard|easy|medium
test,0,9,120,32,0.532185682997806,64.04252795298817,1285.8281877609988,0.00031724743894301355,1.0,1.0,1.0,1.0,3.4456928838951313e-06,0.9375,0.0,2.0,hard|easy|medium
test,0,9,121,32,0.532888064000872,64.57598274300108,1286.3616424979991,0.0002469827304594219,1.0,1.0,1.0,1.0,3.437369954223887e-06,0.78125,0.0,2.0,medium|hard|easy
test,0,9,122,32,0.5329864920058753,65.10957985999994,1286.895239934005,0.0006373468204401433,1.0,1.0,1.0,1.0,3.429047024552643e-06,1.21875,0.0,2.0,hard|easy|medium
test,0,9,123,32,0.5317368649994023,65.64185132399143,1287.4275110860035,0.0002528384793549776,1.0,1.0,1.0,1.0,3.4207240948813984e-06,1.0625,0.0,2.0,hard|easy|medium
test,0,9,124,32,0.5331003620085539,66.17547558598744,1287.9611353250075,0.002559990854933858,1.0,1.0,1.0,1.0,3.412401165210154e-06,1.09375,0.0,2.0,medium|easy|hard
test,0,9,125,32,0.5331222189997789,66.70917091998854,1288.494830680007,0.0002655074349604547,1.0,1.0,1.0,1.0,3.40407823553891e-06,0.75,0.0,2.0,medium|easy|hard
test,0,9,126,32,0.5318502099980833,67.24157236999599,1289.0272321240045,0.00026338553288951516,1.0,1.0,1.0,1.0,3.3957553058676655e-06,0.78125,0.0,2.0,medium|easy|hard
test,0,9,127,32,0.532424318997073,67.77461311400111,1289.5602728619997,0.000306543312035501,1.0,1.0,1.0,1.0,3.387432376196421e-06,0.9375,0.0,2.0,medium|hard|easy
test,0,9,128,32,0.5322951699927216,68.30737973599753,1290.0930395690084,0.0016253577778115869,1.0,1.0,1.0,1.0,3.379109446525177e-06,0.96875,0.0,2.0,easy|hard|medium
test,0,9,129,32,0.5317083059926517,68.8396593399957,1290.6253192669974,0.0002998218697030097,1.0,1.0,1.0,1.0,3.3707865168539327e-06,0.96875,0.0,2.0,easy|medium|hard
test,0,9,130,32,0.5321212450071471,69.37234962399816,1291.1580093720113,0.0004641642444767058,1.0,1.0,1.0,1.0,3.3624635871826886e-06,1.0625,0.0,2.0,hard|easy|medium
test,0,9,131,32,0.5327393859915901,69.90570891500101,1291.6913686560001,0.1922553926706314,0.975,0.96875,0.9615384615384616,0.9671794871794872,3.354140657511444e-06,0.875,0.0,2.0,medium|hard|easy
test,0,9,132,32,0.5314388669939945,70.43775242198899,1292.2234121500078,0.06950502842664719,0.9722222222222222,0.96875,0.9666666666666667,0.9684729064039409,3.3458177278401998e-06,1.1875,0.0,2.0,medium|hard|easy
test,0,9,133,32,0.5305154609959573,70.96884084699559,1292.7545005830034,0.00025286126765422523,1.0,1.0,1.0,1.0,3.3374947981689558e-06,1.3125,0.0,2.0,easy|medium|hard
test,0,9,134,32,0.5335015400050906,71.5028885419888,1293.2885483069986,0.18264269828796387,0.9705882352941176,0.96875,0.96875,0.9687194525904204,3.3291718684977113e-06,1.1875,0.0,2.0,medium|hard|easy
test,0,9,135,32,0.5319575980101945,72.03531550199841,1293.8209752480034,0.000681130331940949,1.0,1.0,1.0,1.0,3.320848938826467e-06,0.875,0.0,2.0,easy|hard|medium
test,0,9,136,32,0.5314427280100062,72.56735268399643,1294.3530124210083,0.22524449229240417,0.9642857142857143,0.96875,0.9736842105263157,0.967967967967968,3.312526009155223e-06,1.15625,0.0,2.0,hard|medium|easy
test,0,9,137,32,0.532685247992049,73.10068136100017,1294.8863411130005,0.12192213535308838,0.9705882352941176,0.96875,0.96875,0.9687194525904204,3.3042030794839784e-06,1.0,0.0,2.0,hard|medium|easy
test,0,9,138,32,0.5319111940043513,73.63320008899609,1295.4188598449982,0.017366986721754074,1.0,1.0,1.0,1.0,3.295880149812734e-06,0.84375,0.0,2.0,easy|medium|hard
test,0,9,139,32,0.5308990670018829,74.16467825399013,1295.950337991002,0.0003620100033003837,1.0,1.0,1.0,1.0,3.28755722014149e-06,0.8125,0.0,2.0,hard|medium|easy
test,0,9,140,32,0.5323661510046804,74.69763708800019,1296.4832968289993,0.0022580851800739765,1.0,1.0,1.0,1.0,3.2792342904702455e-06,0.875,0.0,2.0,easy|hard|medium
test,0,9,141,32,0.5313126740074949,75.22949263099872,1297.0151523870009,0.00026822343352250755,1.0,1.0,1.0,1.0,3.2709113607990015e-06,1.125,0.0,2.0,medium|easy|hard
test,0,9,142,32,0.5315251569991233,75.76154246200167,1297.5472022090107,0.00026531456387601793,1.0,1.0,1.0,1.0,3.262588431127757e-06,1.0625,0.0,2.0,medium|easy|hard
test,0,9,143,32,0.5328103100036969,76.29491313100152,1298.0805728630075,0.00028986341203562915,1.0,1.0,1.0,1.0,3.2542655014565127e-06,0.6875,0.0,2.0,easy|hard|medium
test,0,9,144,32,0.531261155003449,76.82673528499436,1298.612395026008,0.0008277262095361948,1.0,1.0,1.0,1.0,3.2459425717852687e-06,0.90625,0.0,2.0,hard|easy|medium
test,0,9,145,32,0.5314712729887106,77.35870363899448,1299.1443633809977,0.001339347567409277,1.0,1.0,1.0,1.0,3.2376196421140242e-06,1.1875,0.0,2.0,easy|medium|hard
test,0,9,146,32,0.5325825350009836,77.89190011199389,1299.6775598800014,0.0003758210805244744,1.0,1.0,1.0,1.0,3.2292967124427798e-06,0.90625,0.0,2.0,hard|easy|medium
test,0,9,147,32,0.5322970249981154,78.42475344699051,1300.2104131850065,0.0016228321474045515,1.0,1.0,1.0,1.0,3.2209737827715358e-06,0.96875,0.0,2.0,medium|easy|hard
test,0,9,148,32,0.5315660899941577,78.95676859100058,1300.7424283330038,0.00040059679304249585,1.0,1.0,1.0,1.0,3.2126508531002913e-06,0.9375,0.0,2.0,easy|medium|hard
test,0,9,149,32,0.5325692140031606,79.48985663498752,1301.2755164000118,0.02132604271173477,1.0,1.0,1.0,1.0,3.2043279234290473e-06,0.96875,0.0,2.0,easy|medium|hard
test,0,9,150,32,0.532656801995472,80.02303075599775,1301.8086905040109,0.00034371967194601893,1.0,1.0,1.0,1.0,3.196004993757803e-06,0.75,0.0,2.0,hard|medium|easy
test,0,9,151,32,0.5313301830028649,80.5549437939917,1302.3406035450025,0.000248960976023227,1.0,1.0,1.0,1.0,3.1876820640865584e-06,1.125,0.0,2.0,easy|hard|medium
test,0,9,152,32,0.5320117980008945,81.087571526994,1302.8732312760112,0.00032867351546883583,1.0,1.0,1.0,1.0,3.1793591344153144e-06,0.9375,0.0,2.0,hard|medium|easy
test,0,9,153,32,0.5320584989967756,81.62024376798945,1303.405903499006,0.002489522099494934,1.0,1.0,1.0,1.0,3.17103620474407e-06,0.8125,0.0,2.0,easy|hard|medium
test,0,9,154,32,0.5313177690113662,82.15215089599951,1303.9378106310032,0.000343601917847991,1.0,1.0,1.0,1.0,3.1627132750728256e-06,0.90625,0.0,2.0,easy|hard|medium
test,0,9,155,32,0.533207152999239,82.68582750599307,1304.471487282004,0.0004652910865843296,1.0,1.0,1.0,1.0,3.1543903454015815e-06,1.0,0.0,2.0,easy|medium|hard
test,0,9,156,32,0.5328157800104236,83.2192311349936,1305.0048908809986,0.32751619815826416,0.9285714285714286,0.9375,0.95,0.9352226720647774,3.146067415730337e-06,0.75,0.0,2.0,medium|easy|hard
test,0,9,157,32,0.5314245850022417,83.75127587599854,1305.536935658005,0.0002655877033248544,1.0,1.0,1.0,1.0,3.1377444860590935e-06,0.75,0.0,2.0,medium|hard|easy
test,0,9,158,32,0.532370496992371,84.28423797398864,1306.0698977110005,0.0006921857711859047,1.0,1.0,1.0,1.0,3.1294215563878487e-06,0.9375,0.0,2.0,easy|hard|medium
test,0,9,159,32,0.5325551129935775,84.81729444699886,1306.602954209011,0.0002973929513245821,1.0,1.0,1.0,1.0,3.1210986267166042e-06,0.9375,0.0,2.0,easy|medium|hard
test,0,9,160,32,0.53166536000208,85.34954354399815,1307.135203294005,0.0003014629182871431,1.0,1.0,1.0,1.0,3.1127756970453602e-06,0.90625,0.0,2.0,easy|medium|hard
test,0,9,161,32,0.5328259449888719,85.88283248800144,1307.6684922330023,0.0003880612784996629,1.0,1.0,1.0,1.0,3.1044527673741158e-06,1.125,0.0,2.0,hard|easy|medium
test,0,9,162,32,0.5320876780024264,86.41543516499223,1308.2010949030082,0.00039692054269835353,1.0,1.0,1.0,1.0,3.0961298377028713e-06,0.90625,0.0,2.0,medium|hard|easy
test,0,9,163,32,0.5314912750036456,86.94749676999345,1308.7331565140048,0.0003327038139104843,1.0,1.0,1.0,1.0,3.0878069080316273e-06,1.03125,0.0,2.0,hard|easy|medium
test,0,9,164,32,0.5327857710071839,87.4808689999918,1309.2665287440032,0.0002754605666268617,1.0,1.0,1.0,1.0,3.079483978360383e-06,0.84375,0.0,2.0,hard|easy|medium
test,0,9,165,32,0.5329205919988453,88.014394318001,1309.800054391002,0.2118244618177414,0.9705882352941176,0.96875,0.96875,0.9687194525904204,3.0711610486891385e-06,0.9375,0.0,2.0,easy|hard|medium
test,0,9,166,32,0.5309772210021038,88.54587950199493,1310.3315392770019,0.0023589981719851494,1.0,1.0,1.0,1.0,3.0628381190178944e-06,0.90625,0.0,2.0,medium|easy|hard
test,0,9,167,32,0.5330396439967444,89.07943432100001,1310.8650940570078,0.005762161687016487,1.0,1.0,1.0,1.0,3.05451518934665e-06,1.0625,0.0,2.0,hard|medium|easy
test,0,9,168,32,0.5323667449993081,89.61235369299538,1311.3980134560115,0.0006196869653649628,1.0,1.0,1.0,1.0,3.0461922596754064e-06,0.8125,0.0,2.0,easy|medium|hard
test,0,9,169,32,0.5310374459950253,90.14392919499369,1311.9295889780042,0.00037794746458530426,1.0,1.0,1.0,1.0,3.0378693300041616e-06,0.875,0.0,2.0,medium|hard|easy
test,0,9,170,32,0.5332066310074879,90.67772987899662,1312.463389647004,0.0003639466594904661,1.0,1.0,1.0,1.0,3.029546400332917e-06,1.125,0.0,2.0,hard|medium|easy
test,0,9,171,32,0.5319042439950863,91.21013776298787,1312.9957975090074,0.0002948238397948444,1.0,1.0,1.0,1.0,3.021223470661673e-06,1.15625,0.0,2.0,hard|medium|easy
test,0,9,172,32,0.5309796619985718,91.74161438200099,1313.5272741320077,0.0004117233620490879,1.0,1.0,1.0,1.0,3.0129005409904287e-06,1.03125,0.0,2.0,medium|easy|hard
test,0,9,173,32,0.5329855879972456,92.27515289999428,1314.0608126440056,0.16237780451774597,0.9666666666666667,0.96875,0.9722222222222222,0.9684729064039409,3.0045776113191842e-06,0.8125,0.0,2.0,hard|medium|easy
test,0,9,174,32,0.532637139011058,92.80833064900071,1314.5939903880062,0.00034929404500871897,1.0,1.0,1.0,1.0,2.9962546816479402e-06,1.03125,0.0,2.0,hard|medium|easy
test,0,9,175,32,0.5316343969898298,93.34044266599813,1315.1261024090054,0.00037170457653701305,1.0,1.0,1.0,1.0,2.987931751976696e-06,1.0,0.0,2.0,easy|medium|hard
test,0,9,176,32,0.5326566739968257,93.87365786699229,1315.6593176140013,0.00031750655034556985,1.0,1.0,1.0,1.0,2.979608822305452e-06,0.96875,0.0,2.0,medium|hard|easy
test,0,9,177,32,0.5322182590025477,94.40644572899328,1316.1921054770064,0.0004278915876056999,1.0,1.0,1.0,1.0,2.9712858926342073e-06,1.09375,0.0,2.0,medium|hard|easy
test,0,9,178,32,0.5321598400041694,94.93919675999496,1316.7248565110058,0.00031198299257084727,1.0,1.0,1.0,1.0,2.962962962962963e-06,1.125,0.0,2.0,easy|medium|hard
test,0,9,179,32,0.532892820003326,95.47270392099745,1317.2583639610093,0.00041383272036910057,1.0,1.0,1.0,1.0,2.9546400332917193e-06,0.9375,0.0,2.0,medium|easy|hard
test,0,9,180,32,0.5321455060038716,96.00542932499957,1317.7910890729981,0.0003939293965231627,1.0,1.0,1.0,1.0,2.9463171036204745e-06,1.0625,0.0,2.0,hard|easy|medium
test,0,9,181,32,0.5317277689900948,96.53768426699389,1318.3233440100012,0.0004371531249489635,1.0,1.0,1.0,1.0,2.93799417394923e-06,0.96875,0.0,2.0,medium|hard|easy
test,0,9,182,32,0.5322162559896242,97.07039227099449,1318.8560520150058,0.00031920638866722584,1.0,1.0,1.0,1.0,2.929671244277986e-06,0.84375,0.0,2.0,easy|medium|hard
test,0,9,183,32,0.5321513660019264,97.60312529400107,1319.3887850440078,0.27941957116127014,0.9761904761904762,0.96875,0.9583333333333333,0.9660657476139979,2.9213483146067416e-06,0.9375,0.0,2.0,medium|hard|easy
test,0,9,184,32,0.5319091599958483,98.13561107899295,1319.9212708310079,0.0008795816684141755,1.0,1.0,1.0,1.0,2.913025384935498e-06,0.8125,0.0,2.0,easy|medium|hard
test,0,9,185,32,0.532686045000446,98.66876511200098,1320.4544248660095,0.0003167539252899587,1.0,1.0,1.0,1.0,2.904702455264253e-06,1.1875,0.0,2.0,medium|hard|easy
test,0,9,186,32,0.5315776049974374,99.2008668329945,1320.9865268170106,0.00027898032567463815,1.0,1.0,1.0,1.0,2.8963795255930087e-06,0.9375,0.0,2.0,hard|medium|easy
test,0,9,187,32,0.531789763001143,99.73320958699333,1321.518869352003,0.00031352892983704805,1.0,1.0,1.0,1.0,2.888056595921765e-06,0.90625,0.0,2.0,medium|hard|easy
test,0,9,188,32,0.532979076000629,100.26673836099508,1322.052398107,0.010326125659048557,1.0,1.0,1.0,1.0,2.8797336662505202e-06,1.09375,0.0,2.0,easy|medium|hard
test,0,9,189,32,0.5324270049895858,100.79970917399623,1322.585368922999,0.0004358171427156776,1.0,1.0,1.0,1.0,2.871410736579276e-06,1.15625,0.0,2.0,medium|hard|easy
test,0,9,190,32,0.53168584901141,101.33195813499333,1323.1176181370101,0.0004157540388405323,1.0,1.0,1.0,1.0,2.8630878069080322e-06,0.96875,0.0,2.0,medium|easy|hard
test,0,9,191,32,0.5325981750065694,101.86500691299443,1323.6506666460045,0.00036484329029917717,1.0,1.0,1.0,1.0,2.8547648772367874e-06,0.90625,0.0,2.0,medium|hard|easy
test,0,9,192,32,0.5326025500107789,102.3981805259973,1324.1838402630092,0.03990679979324341,0.9722222222222222,0.96875,0.9666666666666667,0.9684729064039409,2.846441947565543e-06,0.96875,0.0,2.0,hard|easy|medium
test,0,9,193,32,0.5319041399925482,102.93058283798746,1324.7162425819988,0.00042428297456353903,1.0,1.0,1.0,1.0,2.838119017894299e-06,0.78125,0.0,2.0,medium|easy|hard
test,0,9,194,32,0.5324609170056647,103.46357576698938,1325.2492355190043,0.23195287585258484,0.96875,0.96875,0.9705882352941176,0.9687194525904204,2.8297960882230545e-06,1.15625,0.0,2.0,medium|hard|easy
test,0,9,195,32,0.5327547909982968,103.99692931299796,1325.7825890910026,0.00045471530756913126,1.0,1.0,1.0,1.0,2.821473158551811e-06,0.96875,0.0,2.0,medium|easy|hard
test,0,9,196,32,0.5320179280097364,104.52960244899441,1326.3152622060006,0.00029727298533543944,1.0,1.0,1.0,1.0,2.813150228880566e-06,1.15625,0.0,2.0,hard|medium|easy
test,0,9,197,32,0.5327256949967705,105.06291036799666,1326.8485701230093,0.0003738671075552702,1.0,1.0,1.0,1.0,2.8048272992093216e-06,1.0625,0.0,2.0,medium|hard|easy
test,0,9,198,32,0.5328380239952821,105.5963078099885,1327.3819675900013,0.0008279291214421391,1.0,1.0,1.0,1.0,2.796504369538078e-06,0.9375,0.0,2.0,medium|hard|easy
test,0,9,199,32,0.5323637879919261,106.12919519099523,1327.914854939998,0.0012006317265331745,1.0,1.0,1.0,1.0,2.788181439866833e-06,1.34375,0.0,2.0,hard|easy|medium
test,0,9,200,32,0.5328050480020465,106.66255738999462,1328.4482171390118,0.00031804241007193923,1.0,1.0,1.0,1.0,2.7798585101955887e-06,0.96875,0.0,2.0,easy|medium|hard
test,0,9,201,32,0.533028687001206,107.19617174999439,1328.9818314880104,0.0003891479573212564,1.0,1.0,1.0,1.0,2.771535580524345e-06,1.1875,0.0,2.0,medium|easy|hard
test,0,9,202,32,0.5319669900054578,107.72871162599768,1329.5143713790021,0.0003550719702616334,1.0,1.0,1.0,1.0,2.7632126508531003e-06,0.875,0.0,2.0,easy|hard|medium
test,0,9,203,32,0.5327026750019286,108.26201671500166,1330.0476764589985,0.00028009575908072293,1.0,1.0,1.0,1.0,2.7548897211818567e-06,1.0625,0.0,2.0,medium|hard|easy
test,0,9,204,32,0.5325612059968989,108.79501898099261,1330.580678741011,0.00033774395706132054,1.0,1.0,1.0,1.0,2.746566791510612e-06,1.0,0.0,2.0,hard|medium|easy
test,0,9,205,32,0.5327943559968844,109.32841192498745,1331.1140716680093,0.00040205527329817414,1.0,1.0,1.0,1.0,2.7382438618393674e-06,1.09375,0.0,2.0,easy|hard|medium
test,0,9,206,32,0.5328085749933962,109.86178830399876,1331.6474480489996,0.0991436094045639,0.9444444444444444,0.9375,0.9375,0.9372549019607843,2.7299209321681238e-06,1.09375,0.0,2.0,hard|medium|easy
test,0,9,207,32,0.5327767400012817,110.39511610199406,1332.180775847999,0.000363467785064131,1.0,1.0,1.0,1.0,2.721598002496879e-06,1.1875,0.0,2.0,medium|hard|easy
test,0,9,208,32,0.5320555879879976,110.92772994498955,1332.7133897090098,0.0003979390312451869,1.0,1.0,1.0,1.0,2.7132750728256345e-06,0.9375,0.0,2.0,easy|hard|medium
test,0,9,209,32,0.53284911600349,111.461122031993,1333.246781765003,0.0003142299538012594,1.0,1.0,1.0,1.0,2.704952143154391e-06,1.0625,0.0,2.0,medium|easy|hard
test,0,9,210,32,0.5327134580002166,111.99437411798863,1333.780033853007,0.001302117365412414,1.0,1.0,1.0,1.0,2.696629213483146e-06,1.1875,0.0,2.0,easy|hard|medium
test,0,9,211,32,0.5322923030034872,112.52724462299375,1334.3129044490051,0.18004076182842255,0.975,0.96875,0.9615384615384616,0.9671794871794872,2.6883062838119024e-06,0.96875,0.0,2.0,medium|easy|hard
test,0,9,212,32,0.532780334004201,113.06058119999943,1334.8462409470085,0.2344653457403183,0.96875,0.96875,0.9705882352941176,0.9687194525904204,2.679983354140658e-06,1.0625,0.0,2.0,hard|medium|easy
test,0,9,213,32,0.5328245319979033,113.5938929119875,1335.3795526550093,0.00032363150967285037,1.0,1.0,1.0,1.0,2.671660424469413e-06,1.09375,0.0,2.0,easy|medium|hard
test,0,9,214,32,0.5320004090026487,114.12647341599222,1335.9121331700007,0.0003841783618554473,1.0,1.0,1.0,1.0,2.6633374947981696e-06,0.84375,0.0,2.0,hard|medium|easy
test,0,9,215,32,0.5331199659995036,114.6601437539939,1336.445803487004,0.08621426671743393,0.9666666666666667,0.96875,0.9722222222222222,0.9684729064039409,2.6550145651269247e-06,1.09375,0.0,2.0,medium|hard|easy
test,0,9,216,32,0.5325512059935136,115.19326444900071,1336.9789241960098,0.3098742961883545,0.9411764705882353,0.9375,0.9411764705882353,0.9375,2.6466916354556803e-06,0.8125,0.0,2.0,hard|easy|medium
test,0,9,217,32,0.5320078220102005,115.72578750200046,1337.5114472470013,0.011347775347530842,1.0,1.0,1.0,1.0,2.6383687057844367e-06,1.0625,0.0,2.0,medium|easy|hard
test,0,9,218,32,0.5328757899987977,116.2592263330007,1338.0448860800097,0.0009083680342882872,1.0,1.0,1.0,1.0,2.630045776113192e-06,0.9375,0.0,2.0,easy|medium|hard
test,0,9,219,32,0.5334969630057458,116.79330125098932,1338.578960990999,0.0007663278956897557,1.0,1.0,1.0,1.0,2.6217228464419474e-06,1.0,0.0,2.0,medium|easy|hard
test,0,9,220,32,0.5322898820013506,117.32618163799634,1339.1118413830118,0.0003834431990981102,1.0,1.0,1.0,1.0,2.613399916770704e-06,1.0,0.0,2.0,medium|hard|easy
test,0,9,221,32,0.5329761129978579,117.85971776099177,1339.645377509005,0.00040198201895691454,1.0,1.0,1.0,1.0,2.605076987099459e-06,0.75,0.0,2.0,medium|easy|hard
test,0,9,222,32,0.5334497910080245,118.39368344598915,1340.1793431870028,0.0005810217116959393,1.0,1.0,1.0,1.0,2.5967540574282153e-06,1.125,0.0,2.0,easy|hard|medium
test,0,9,223,32,0.5315077679988462,118.92569958198874,1340.7113593289978,0.0007253665826283395,1.0,1.0,1.0,1.0,2.5884311277569705e-06,0.96875,0.0,2.0,medium|hard|easy
test,0,9,224,32,0.5327201259933645,119.45897670599516,1341.244636457006,0.0005052739288657904,1.0,1.0,1.0,1.0,2.580108198085726e-06,0.9375,0.0,2.0,medium|easy|hard
test,0,9,225,32,0.5328388280031504,119.99233833099424,1341.7779984330118,0.0004135116469115019,1.0,1.0,1.0,1.0,2.5717852684144825e-06,0.90625,0.0,2.0,medium|hard|easy
test,0,9,226,32,0.5318730500002857,120.52484959199501,1342.3105093420018,0.0003308804880362004,1.0,1.0,1.0,1.0,2.5634623387432376e-06,0.875,0.0,2.0,easy|medium|hard
test,0,9,227,32,0.5329308110085549,121.05831450098776,1342.8439742400078,0.00041935371700674295,1.0,1.0,1.0,1.0,2.555139409071993e-06,1.03125,0.0,2.0,easy|medium|hard
test,0,9,228,32,0.532617216988001,121.5914347289945,1343.377094481999,0.0013079162454232574,1.0,1.0,1.0,1.0,2.5468164794007496e-06,0.78125,0.0,2.0,medium|easy|hard
test,0,9,229,32,0.5323297979921335,122.12433992899605,1343.9099996700097,0.0005889639724045992,1.0,1.0,1.0,1.0,2.5384935497295047e-06,1.0625,0.0,2.0,hard|medium|easy
test,0,9,230,32,0.5327644129865803,122.65771329599374,1344.443373030008,0.00035779585596174,1.0,1.0,1.0,1.0,2.530170620058261e-06,1.1875,0.0,2.0,medium|hard|easy
test,0,9,231,32,0.5328305579896551,123.19112502499775,1344.9767847610055,0.0024203327484428883,1.0,1.0,1.0,1.0,2.5218476903870167e-06,1.09375,0.0,2.0,medium|hard|easy
test,0,9,232,32,0.5319816140108742,123.72369008399255,1345.5093498400092,0.0003755476791411638,1.0,1.0,1.0,1.0,2.513524760715772e-06,0.875,0.0,2.0,easy|medium|hard
test,0,9,233,32,0.5328023869951721,124.25704538499122,1346.0427051389997,0.00040138509939424694,1.0,1.0,1.0,1.0,2.5052018310445282e-06,0.8125,0.0,2.0,easy|medium|hard
test,0,9,234,32,0.532720192000852,124.79031024799042,1346.575970003003,0.0004603966954164207,1.0,1.0,1.0,1.0,2.4968789013732834e-06,1.15625,0.0,2.0,easy|hard|medium
test,0,9,235,32,0.5321845110011054,125.32309284000075,1347.1087525780022,0.00038399305776692927,1.0,1.0,1.0,1.0,2.4885559717020394e-06,0.875,0.0,2.0,hard|medium|easy
test,0,9,236,32,0.5328690460009966,125.85658920199785,1347.642248959004,0.00033286696998402476,1.0,1.0,1.0,1.0,2.4802330420307954e-06,1.1875,0.0,2.0,hard|easy|medium
test,0,9,237,32,0.5325776840036269,126.38966346999223,1348.1753232089977,0.0002935475204139948,1.0,1.0,1.0,1.0,2.4719101123595505e-06,1.03125,0.0,2.0,hard|easy|medium
test,0,9,238,32,0.5325123700022232,126.92272025899729,1348.7083800030086,0.00030999499722383916,1.0,1.0,1.0,1.0,2.4635871826883065e-06,1.09375,0.0,2.0,medium|hard|easy
test,0,9,239,32,0.5331939530005911,127.4563645379967,1349.2420243030065,0.014714083634316921,1.0,1.0,1.0,1.0,2.4552642530170625e-06,1.125,0.0,2.0,hard|easy|medium
test,0,9,240,32,0.5332687899935991,127.99022047499602,1349.7758802140015,0.00034138356568291783,1.0,1.0,1.0,1.0,2.4469413233458176e-06,1.125,0.0,2.0,hard|easy|medium
test,0,9,241,32,0.531760652011144,128.52250009699492,1350.30815987401,0.0004643979773391038,1.0,1.0,1.0,1.0,2.4386183936745736e-06,1.15625,0.0,2.0,easy|hard|medium
test,0,9,242,32,0.5330808770086151,129.0560869309993,1350.8417466820101,0.0004882976645603776,1.0,1.0,1.0,1.0,2.4302954640033296e-06,1.0625,0.0,2.0,easy|medium|hard
test,0,9,243,32,0.5325649540027371,129.5892405689956,1351.3749003050034,0.00029925897251814604,1.0,1.0,1.0,1.0,2.421972534332085e-06,1.0,0.0,2.0,medium|hard|easy
test,0,9,244,32,0.5316126219986472,130.12138455999957,1351.907044289008,0.10929349809885025,0.9705882352941176,0.96875,0.96875,0.9687194525904204,2.4136496046608407e-06,1.09375,0.0,2.0,hard|easy|medium
test,0,9,245,32,0.5329818369937129,130.65488694499072,1352.440546679005,0.23619195818901062,0.9722222222222222,0.96875,0.9666666666666667,0.9684729064039409,2.4053266749895963e-06,0.875,0.0,2.0,easy|medium|hard
test,0,9,246,32,0.5332591280021006,131.18870567598788,1352.974365430011,0.0004212491912767291,1.0,1.0,1.0,1.0,2.3970037453183523e-06,1.0,0.0,2.0,hard|easy|medium
test,0,9,247,32,0.5321705420064973,131.72139500599587,1353.5070547720097,0.0006094825803302228,1.0,1.0,1.0,1.0,2.3886808156471083e-06,1.09375,0.0,2.0,medium|hard|easy
test,0,9,248,32,0.5329220300045563,132.25486004698905,1354.0405198650114,0.08803214132785797,0.95,0.96875,0.9782608695652174,0.9625730994152046,2.3803578859758634e-06,0.875,0.0,2.0,easy|medium|hard
test,0,9,249,32,0.5347046520037111,132.79017538999324,1354.5758352289995,0.012890975922346115,1.0,1.0,1.0,1.0,2.3720349563046194e-06,1.0625,0.0,2.0,hard|easy|medium
test,0,9,250,32,0.5320130319887539,133.32303969399072,1355.1086994490033,0.00036767535493709147,1.0,1.0,1.0,1.0,2.3637120266333754e-06,0.96875,0.0,2.0,easy|medium|hard
test,0,9,251,32,0.533198106000782,133.85679815799813,1355.6424579020095,0.00037956133019179106,1.0,1.0,1.0,1.0,2.355389096962131e-06,1.03125,0.0,2.0,easy|medium|hard
test,0,9,252,32,0.5322481230105041,134.3895563499973,1356.175216086005,0.000472834100946784,1.0,1.0,1.0,1.0,2.3470661672908865e-06,1.1875,0.0,2.0,easy|medium|hard
test,0,9,253,32,0.5318522759916959,134.92195677199925,1356.7076168050116,0.00077723094727844,1.0,1.0,1.0,1.0,2.3387432376196425e-06,0.84375,0.0,2.0,easy|hard|medium
test,0,9,254,32,0.5332460280042142,135.45571015599126,1357.2413699020108,0.0003417413681745529,1.0,1.0,1.0,1.0,2.330420307948398e-06,1.125,0.0,2.0,easy|medium|hard
test,0,9,255,32,0.5319177689962089,135.9881645209971,1357.773824272008,0.0013291914947330952,1.0,1.0,1.0,1.0,2.322097378277154e-06,0.96875,0.0,2.0,hard|easy|medium
test,0,9,256,32,0.5321011619962519,136.52084728398768,1358.306507041998,0.00034416670678183436,1.0,1.0,1.0,1.0,2.313774448605909e-06,0.96875,0.0,2.0,medium|easy|hard
test,0,9,257,32,0.5324871850025374,137.0538811669976,1358.839540918998,0.0003356959205120802,1.0,1.0,1.0,1.0,2.305451518934665e-06,0.78125,0.0,2.0,hard|medium|easy
test,0,9,258,32,0.5329857199976686,137.5874113359896,1359.3730711259996,0.0005094196530990303,1.0,1.0,1.0,1.0,2.297128589263421e-06,1.09375,0.0,2.0,easy|hard|medium
test,0,9,259,32,0.5319714960060082,138.11991333100013,1359.9055730730033,0.0003624969394877553,1.0,1.0,1.0,1.0,2.2888056595921767e-06,1.0625,0.0,2.0,easy|medium|hard
test,0,9,260,32,0.5324687270040158,138.65292059499188,1360.4385803470068,0.0005398675566539168,1.0,1.0,1.0,1.0,2.2804827299209323e-06,1.0625,0.0,2.0,medium|hard|easy
test,0,9,261,32,0.5323441100044874,139.18577199798892,1360.9714317260077,0.00040591167635284364,1.0,1.0,1.0,1.0,2.2721598002496883e-06,0.96875,0.0,2.0,hard|medium|easy
test,0,9,262,32,0.5317805739905452,139.71810595899296,1361.503765707006,0.0004030176787637174,1.0,1.0,1.0,1.0,2.263836870578444e-06,0.90625,0.0,2.0,easy|hard|medium
test,0,9,263,32,0.5326326400099788,140.25159543799236,1362.0372551760083,0.0010501878568902612,1.0,1.0,1.0,1.0,2.2555139409071994e-06,0.84375,0.0,2.0,easy|medium|hard
test,0,9,264,32,0.5331405019969679,140.785234985,1362.5708947210078,0.00037399856955744326,1.0,1.0,1.0,1.0,2.2471910112359554e-06,0.96875,0.0,2.0,easy|medium|hard
test,0,9,265,32,0.5313959829945816,141.31709307199344,1363.1027528350096,0.0015780642861500382,1.0,1.0,1.0,1.0,2.238868081564711e-06,1.03125,0.0,2.0,medium|hard|easy
test,0,9,266,32,0.5322743949946016,141.849816928996,1363.635476690004,0.0003208738344255835,1.0,1.0,1.0,1.0,2.230545151893467e-06,1.15625,0.0,2.0,hard|easy|medium
test,0,9,267,17,0.3208449460071279,142.1711119679967,1363.956771697005,0.0004774193512275815,1.0,1.0,1.0,1.0,2.222222222222222e-06,0.8235294222831726,0.0,2.0,hard|easy|medium
test,0,10,1,32,0.535450529991067,0.620162444000016,1375.1378984129988,0.0004564272821880877,1.0,1.0,1.0,1.0,2.213899292550978e-06,1.09375,0.0,2.0,easy|medium|hard
test,0,10,2,32,0.5326671809889376,1.1534331889997702,1375.6711653719976,0.00039636873407289386,1.0,1.0,1.0,1.0,2.205576362879734e-06,0.96875,0.0,2.0,medium|hard|easy
test,0,10,3,32,0.5330112299998291,1.6869663399993442,1376.2046985490015,0.0003715679922606796,1.0,1.0,1.0,1.0,2.1972534332084896e-06,0.9375,0.0,2.0,easy|medium|hard
test,0,10,4,32,0.5336549289932009,2.2211955469974782,1376.738927686005,0.0008023858536034822,1.0,1.0,1.0,1.0,2.188930503537245e-06,0.78125,0.0,2.0,easy|hard|medium
test,0,10,5,32,0.5327190489915665,2.754564845992718,1377.2722970110044,0.0004040496423840523,1.0,1.0,1.0,1.0,2.180607573866001e-06,0.90625,0.0,2.0,medium|hard|easy
test,0,10,6,32,0.533087706004153,3.2882544299936853,1377.8059866280091,0.0004991720197722316,1.0,1.0,1.0,1.0,2.1722846441947567e-06,1.125,0.0,2.0,medium|hard|easy
test,0,10,7,32,0.5336433719930938,3.822484427000745,1378.3402166180022,0.00037342330324463546,1.0,1.0,1.0,1.0,2.1639617145235127e-06,1.03125,0.0,2.0,easy|medium|hard
test,0,10,8,32,0.5327883930003736,4.35588476099656,1378.8736169360054,0.09587087482213974,0.9642857142857143,0.96875,0.9736842105263157,0.967967967967968,2.1556387848522683e-06,1.125,0.0,2.0,hard|medium|easy
test,0,10,9,32,0.5322867009963375,4.888711880994379,1379.4064440710063,0.0012001348659396172,1.0,1.0,1.0,1.0,2.147315855181024e-06,1.15625,0.0,2.0,medium|hard|easy
test,0,10,10,32,0.533703905006405,5.422954238994862,1379.940686454007,0.0006107189110480249,1.0,1.0,1.0,1.0,2.13899292550978e-06,1.0625,0.0,2.0,medium|easy|hard
test,0,10,11,32,0.5324751949956408,5.956035348994192,1380.473767538002,0.0005562427104450762,1.0,1.0,1.0,1.0,2.1306699958385354e-06,1.125,0.0,2.0,medium|hard|easy
test,0,10,12,32,0.5316854459961178,6.48830359299609,1381.0060358250048,0.0005496309604495764,1.0,1.0,1.0,1.0,2.122347066167291e-06,1.03125,0.0,2.0,medium|easy|hard
test,0,10,13,32,0.5335332469985588,7.022453454992501,1381.540185646998,0.00035692425444722176,1.0,1.0,1.0,1.0,2.114024136496047e-06,0.75,0.0,2.0,hard|easy|medium
test,0,10,14,32,0.5328138750046492,7.555898150996654,1382.0736303160083,0.2239486128091812,0.975,0.96875,0.9615384615384616,0.9671794871794872,2.1057012068248025e-06,1.0625,0.0,2.0,easy|hard|medium
test,0,10,15,32,0.5316273530042963,8.088082533999113,1382.605814748007,0.0003815251402556896,1.0,1.0,1.0,1.0,2.0973782771535585e-06,0.71875,0.0,2.0,medium|easy|hard
test,0,10,16,32,0.5333114649984054,8.621979117000592,1383.1397113260027,0.0008106830064207315,1.0,1.0,1.0,1.0,2.089055347482314e-06,0.875,0.0,2.0,hard|medium|easy
test,0,10,17,32,0.5321112910023658,9.154656985992915,1383.672389170999,0.00039794191252440214,1.0,1.0,1.0,1.0,2.0807324178110696e-06,0.96875,0.0,2.0,hard|medium|easy
test,0,10,18,32,0.5319824009930016,9.687162417001673,1384.2048945510032,0.0003164293011650443,1.0,1.0,1.0,1.0,2.0724094881398256e-06,0.96875,0.0,2.0,easy|hard|medium
test,0,10,19,32,0.533850938998512,10.221509846000117,1384.7392423310084,0.0008535954402759671,1.0,1.0,1.0,1.0,2.064086558468581e-06,0.71875,0.0,2.0,medium|easy|hard
test,0,10,20,32,0.5326661360013532,10.75476275899564,1385.2724949530093,0.00038224353920668364,1.0,1.0,1.0,1.0,2.0557636287973367e-06,0.96875,0.0,2.0,hard|easy|medium
test,0,10,21,32,0.5317284490010934,11.287074833991937,1385.8048070410005,0.00033363353577442467,1.0,1.0,1.0,1.0,2.0474406991260927e-06,1.0,0.0,2.0,easy|medium|hard
test,0,10,22,32,0.5332157230004668,11.820899992992054,1386.3386322090082,0.0003603386867325753,1.0,1.0,1.0,1.0,2.0391177694548483e-06,1.0625,0.0,2.0,easy|medium|hard
test,0,10,23,32,0.5326438140036771,12.354119534997153,1386.8718517200032,0.0002779606729745865,1.0,1.0,1.0,1.0,2.030794839783604e-06,0.9375,0.0,2.0,medium|hard|easy
test,0,10,24,32,0.5311370949930279,12.885863857998629,1387.4035960059991,0.000341242179274559,1.0,1.0,1.0,1.0,2.02247191011236e-06,1.125,0.0,2.0,easy|medium|hard
test,0,10,25,32,0.5333992770028999,13.419821486997535,1387.9375536870066,0.0003194335149601102,1.0,1.0,1.0,1.0,2.0141489804411154e-06,1.1875,0.0,2.0,hard|medium|easy
test,0,10,26,32,0.5326415970048402,13.952933470995049,1388.4706656659982,0.0003393250226508826,1.0,1.0,1.0,1.0,2.0058260507698714e-06,1.0625,0.0,2.0,easy|medium|hard
test,0,10,27,32,0.5315072600060375,14.48500915299519,1389.002741343007,0.00044040728243999183,1.0,1.0,1.0,1.0,1.997503121098627e-06,0.875,0.0,2.0,medium|easy|hard
test,0,10,28,32,0.5337198329943931,15.019325461995322,1389.537057665002,0.08795499801635742,0.9761904761904762,0.96875,0.9583333333333333,0.9660657476139979,1.9891801914273825e-06,0.6875,0.0,2.0,easy|medium|hard
test,0,10,29,32,0.5324856170045678,15.552286698992248,1390.0700189110066,0.2588548958301544,0.9545454545454546,0.96875,0.9772727272727273,0.964562569213732,1.9808572617561385e-06,1.0625,0.0,2.0,easy|medium|hard
test,0,10,30,32,0.5319691930053523,16.084873760002665,1390.6026059480064,0.0003486903733573854,1.0,1.0,1.0,1.0,1.972534332084894e-06,0.875,0.0,2.0,easy|medium|hard
test,0,10,31,32,0.5337038090074202,16.619156511995243,1391.1368887050048,0.00035124729038216174,1.0,1.0,1.0,1.0,1.9642114024136496e-06,1.03125,0.0,2.0,medium|easy|hard
test,0,10,32,32,0.5321779020014219,17.151881209996645,1391.6696133960068,0.0004635266086552292,1.0,1.0,1.0,1.0,1.9558884727424056e-06,0.90625,0.0,2.0,medium|hard|easy
test,0,10,33,32,0.5320581010018941,17.684473864996107,1392.2022060570016,0.0003953493433073163,1.0,1.0,1.0,1.0,1.947565543071161e-06,1.21875,0.0,2.0,hard|medium|easy
test,0,10,34,32,0.5330225869984133,18.218051231000572,1392.7357834240102,0.0004388316301628947,1.0,1.0,1.0,1.0,1.939242613399917e-06,0.78125,0.0,2.0,medium|easy|hard
test,0,10,35,32,0.5326458150084363,18.75127507299476,1393.2690072219993,0.005351443309336901,1.0,1.0,1.0,1.0,1.9309196837286727e-06,1.0625,0.0,2.0,easy|medium|hard
test,0,10,36,32,0.5321098169952165,19.28395758199622,1393.8016897880007,0.0004212383064441383,1.0,1.0,1.0,1.0,1.9225967540574283e-06,0.96875,0.0,2.0,medium|easy|hard
test,0,10,37,32,0.5335196959931636,19.81800966100127,1394.3357418000087,0.0003556883311830461,1.0,1.0,1.0,1.0,1.9142738243861843e-06,1.28125,0.0,2.0,hard|medium|easy
test,0,10,38,32,0.532897438009968,20.351492913003312,1394.8692250950116,0.00047030809218995273,1.0,1.0,1.0,1.0,1.9059508947149399e-06,1.0,0.0,2.0,hard|easy|medium
test,0,10,39,32,0.531572068008245,20.88367187199765,1395.4014040190086,0.00039611037936992943,1.0,1.0,1.0,1.0,1.8976279650436954e-06,1.09375,0.0,2.0,medium|easy|hard
test,0,10,40,32,0.5338716700061923,21.418033370006015,1395.9357655549975,0.00035394387668929994,1.0,1.0,1.0,1.0,1.8893050353724512e-06,1.03125,0.0,2.0,hard|medium|easy
test,0,10,41,32,0.5325740039988887,21.951268167991657,1396.4690003620053,0.0003310739994049072,1.0,1.0,1.0,1.0,1.880982105701207e-06,0.78125,0.0,2.0,medium|easy|hard
test,0,10,42,32,0.5315373290068237,22.483341740997275,1397.0010739240097,0.0003585016238503158,1.0,1.0,1.0,1.0,1.8726591760299627e-06,1.40625,0.0,2.0,hard|medium|easy
test,0,10,43,32,0.533636321008089,23.01753108999401,1397.5352632240101,0.00037193758180364966,1.0,1.0,1.0,1.0,1.8643362463587183e-06,0.84375,0.0,2.0,hard|easy|medium
test,0,10,44,32,0.5327862529957201,23.550857663998613,1398.0685898540105,0.0011621385347098112,1.0,1.0,1.0,1.0,1.856013316687474e-06,0.96875,0.0,2.0,medium|hard|easy
test,0,10,45,32,0.5315450579946628,24.08303445999627,1398.600766661999,0.00046088529052212834,1.0,1.0,1.0,1.0,1.8476903870162299e-06,1.0625,0.0,2.0,medium|hard|easy
test,0,10,46,32,0.5338764330081176,24.617479645996355,1399.13521184001,0.0007736820261925459,1.0,1.0,1.0,1.0,1.8393674573449854e-06,1.375,0.0,2.0,medium|easy|hard
test,0,10,47,32,0.5327598500007298,25.150836678003543,1399.668568826004,0.002148938598111272,1.0,1.0,1.0,1.0,1.8310445276737412e-06,0.75,0.0,2.0,easy|medium|hard
test,0,10,48,32,0.5320791570120491,25.683429519005585,1400.2011617180106,0.0005523599102161825,1.0,1.0,1.0,1.0,1.822721598002497e-06,1.15625,0.0,2.0,medium|easy|hard
test,0,10,49,32,0.5335746990022017,26.217583859004662,1400.7353160089988,0.00041638087714090943,1.0,1.0,1.0,1.0,1.8143986683312528e-06,1.21875,0.0,2.0,hard|easy|medium
test,0,10,50,32,0.5328721149999183,26.750985071004834,1401.2687175730098,0.06991928070783615,0.9545454545454546,0.96875,0.9772727272727273,0.964562569213732,1.8060757386600083e-06,1.09375,0.0,2.0,easy|hard|medium
test,0,10,51,32,0.5317649060016265,27.28328860399779,1401.8010209600034,0.0004195316578261554,1.0,1.0,1.0,1.0,1.797752808988764e-06,1.09375,0.0,2.0,hard|medium|easy
test,0,10,52,32,0.5338006770034553,27.817682580993278,1402.3354147810023,0.0005059874383732677,1.0,1.0,1.0,1.0,1.7894298793175199e-06,1.0,0.0,2.0,hard|medium|easy
test,0,10,53,32,0.5327277159958612,28.350994779000757,1402.8687269340007,0.0003379463159944862,1.0,1.0,1.0,1.0,1.7811069496462756e-06,0.90625,0.0,2.0,medium|hard|easy
test,0,10,54,32,0.5314332959969761,28.883041788998526,1403.4007740070083,0.00039227481465786695,1.0,1.0,1.0,1.0,1.7727840199750312e-06,0.90625,0.0,2.0,easy|medium|hard
test,0,10,55,32,0.5333250420080731,29.416830418005702,1403.934562579001,0.002653376432135701,1.0,1.0,1.0,1.0,1.764461090303787e-06,1.03125,0.0,2.0,medium|easy|hard
test,0,10,56,32,0.5328299360116944,29.950257655000314,1404.4679898460017,0.0003475133271422237,1.0,1.0,1.0,1.0,1.7561381606325428e-06,0.84375,0.0,2.0,hard|easy|medium
test,0,10,57,32,0.5320408590050647,30.482841339005972,1405.0005735250015,0.06417066603899002,0.96875,0.96875,0.9705882352941176,0.9687194525904204,1.7478152309612985e-06,1.0,0.0,2.0,hard|medium|easy
test,0,10,58,32,0.5336676790029742,31.01711433500168,1405.5348465360003,0.0004085999389644712,1.0,1.0,1.0,1.0,1.739492301290054e-06,0.90625,0.0,2.0,easy|hard|medium
test,0,10,59,32,0.5326113890041597,31.550291555991862,1406.0680237089982,0.0005171084776520729,1.0,1.0,1.0,1.0,1.7311693716188099e-06,0.9375,0.0,2.0,easy|hard|medium
test,0,10,60,32,0.5317756159929559,32.0827118659945,1406.6004440130055,0.00034889354719780385,1.0,1.0,1.0,1.0,1.7228464419475657e-06,0.96875,0.0,2.0,medium|hard|easy
test,0,10,61,32,0.5336800609948114,32.61691833399527,1407.134650521999,0.0003187873517163098,1.0,1.0,1.0,1.0,1.7145235122763214e-06,0.71875,0.0,2.0,medium|easy|hard
test,0,10,62,32,0.5328033080004388,33.15028447199438,1407.6680166919978,0.00047898260527290404,1.0,1.0,1.0,1.0,1.706200582605077e-06,1.125,0.0,2.0,easy|hard|medium
test,0,10,63,32,0.5315160699974513,33.6823742090055,1408.200106425007,0.0004940902581438422,1.0,1.0,1.0,1.0,1.6978776529338328e-06,1.03125,0.0,2.0,hard|easy|medium
test,0,10,64,32,0.5334433819953119,34.21632363999379,1408.7340558730066,0.0003358658868819475,1.0,1.0,1.0,1.0,1.6895547232625885e-06,0.96875,0.0,2.0,hard|medium|easy
test,0,10,65,32,0.5325399629946332,34.74937601300189,1409.2671083970054,0.00043244502739980817,1.0,1.0,1.0,1.0,1.6812317935913443e-06,0.875,0.0,2.0,hard|easy|medium
test,0,10,66,32,0.5321201229962753,35.2820350050024,1409.7997671449994,0.0005179676809348166,1.0,1.0,1.0,1.0,1.6729088639200999e-06,1.34375,0.0,2.0,hard|medium|easy
test,0,10,67,32,0.5335306369961472,35.816164261996164,1410.333896451004,0.03041258454322815,0.975,0.96875,0.9615384615384616,0.9671794871794872,1.6645859342488557e-06,1.0,0.0,2.0,medium|easy|hard
test,0,10,68,32,0.5334736960066948,36.35022349099745,1410.867955698006,0.00033284860546700656,1.0,1.0,1.0,1.0,1.6562630045776114e-06,0.96875,0.0,2.0,medium|easy|hard
test,0,10,69,32,0.5316655940114288,36.88244965100603,1411.4001818410034,0.0003126295923721045,1.0,1.0,1.0,1.0,1.647940074906367e-06,1.125,0.0,2.0,medium|hard|easy
test,0,10,70,32,0.5336940739944112,37.41672547899361,1411.9344576279982,0.00046205357648432255,1.0,1.0,1.0,1.0,1.6396171452351228e-06,1.0625,0.0,2.0,easy|hard|medium
test,0,10,71,32,0.5330074970115675,37.950367348996224,1412.468099538004,0.00038426733226515353,1.0,1.0,1.0,1.0,1.6312942155638785e-06,0.96875,0.0,2.0,medium|easy|hard
test,0,10,72,32,0.5321708950068569,38.483106753003085,1413.0008389040013,0.0003269117441959679,1.0,1.0,1.0,1.0,1.6229712858926343e-06,0.84375,0.0,2.0,easy|medium|hard
test,0,10,73,32,0.533653406004305,39.01736842399987,1413.5351006080018,0.12760236859321594,0.9615384615384616,0.96875,0.975,0.9671794871794872,1.6146483562213899e-06,0.9375,0.0,2.0,easy|medium|hard
test,0,10,74,32,0.5330003119888715,39.55100188500364,1414.0687340770091,0.00038901326479390264,1.0,1.0,1.0,1.0,1.6063254265501457e-06,1.34375,0.0,2.0,medium|hard|easy
test,0,10,75,32,0.5320681650046026,40.08355836500414,1414.601290591003,0.0003238886420149356,1.0,1.0,1.0,1.0,1.5980024968789014e-06,0.9375,0.0,2.0,medium|hard|easy
test,0,10,76,32,0.533516506999149,40.61767492299259,1415.1354071189999,0.000316551944706589,1.0,1.0,1.0,1.0,1.5896795672076572e-06,0.90625,0.0,2.0,easy|hard|medium
test,0,10,77,32,0.532884333995753,41.151160777997575,1415.668892982998,0.00035406206734478474,1.0,1.0,1.0,1.0,1.5813566375364128e-06,0.875,0.0,2.0,easy|medium|hard
test,0,10,78,32,0.5320179959962843,41.6836660609988,1416.2013982220087,0.0003995965817011893,1.0,1.0,1.0,1.0,1.5730337078651686e-06,0.84375,0.0,2.0,hard|easy|medium
test,0,10,79,32,0.5338811940018786,42.21808541800419,1416.7358177819988,0.00029263904434628785,1.0,1.0,1.0,1.0,1.5647107781939243e-06,1.15625,0.0,2.0,easy|medium|hard
test,0,10,80,32,0.5333615099953022,42.75191859700135,1417.26965074701,0.09421029686927795,0.9722222222222222,0.96875,0.9666666666666667,0.9684729064039409,1.5563878485226801e-06,1.15625,0.0,2.0,hard|medium|easy
test,0,10,81,32,0.5322400159930112,43.28462449100334,1417.802356633998,0.00028427294455468655,1.0,1.0,1.0,1.0,1.5480649188514357e-06,1.125,0.0,2.0,medium|easy|hard
test,0,10,82,32,0.5330589860095643,43.81828007000149,1418.336012262007,0.00036996183916926384,1.0,1.0,1.0,1.0,1.5397419891801914e-06,1.03125,0.0,2.0,hard|medium|easy
test,0,10,83,32,0.532921924997936,44.35172265699657,1418.8694548750063,0.00033479256671853364,1.0,1.0,1.0,1.0,1.5314190595089472e-06,0.65625,0.0,2.0,easy|medium|hard
test,0,10,84,32,0.5316771520010661,44.88397473200166,1419.4017069160036,0.00036189871025271714,1.0,1.0,1.0,1.0,1.5230961298377032e-06,1.0625,0.0,2.0,medium|hard|easy
test,0,10,85,32,0.5332265550096054,45.41778563600383,1419.9355178240075,0.0002991204964928329,1.0,1.0,1.0,1.0,1.5147732001664586e-06,1.03125,0.0,2.0,hard|easy|medium
test,0,10,86,32,0.5328952340059914,45.95123976399191,1420.468971913011,0.0003089808451477438,1.0,1.0,1.0,1.0,1.5064502704952143e-06,0.75,0.0,2.0,hard|easy|medium
test,0,10,87,32,0.5316870329988888,46.4834877760004,1421.00122019001,0.00035829239641316235,1.0,1.0,1.0,1.0,1.4981273408239701e-06,1.125,0.0,2.0,easy|hard|medium
test,0,10,88,32,0.5333308529952774,47.01739829700091,1421.5351306579978,0.00028932970599271357,1.0,1.0,1.0,1.0,1.489804411152726e-06,0.9375,0.0,2.0,medium|hard|easy
test,0,10,89,32,0.5333426549914293,47.55130555600044,1422.069037763009,0.000317028840072453,1.0,1.0,1.0,1.0,1.4814814814814815e-06,1.125,0.0,2.0,medium|hard|easy
test,0,10,90,32,0.5315329480072251,48.083375556001556,1422.6011077680014,0.0004255070525687188,1.0,1.0,1.0,1.0,1.4731585518102372e-06,0.90625,0.0,2.0,easy|medium|hard
test,0,10,91,32,0.532799820008222,48.61674612600473,1423.1344783270033,0.0003366205492056906,1.0,1.0,1.0,1.0,1.464835622138993e-06,1.0,0.0,2.0,medium|easy|hard
test,0,10,92,32,0.5329720519948751,49.15023424199899,1423.6679664469993,0.00033780577359721065,1.0,1.0,1.0,1.0,1.456512692467749e-06,0.90625,0.0,2.0,easy|medium|hard
test,0,10,93,32,0.5317596120003145,49.68259127299825,1424.200323459998,0.00030685908859595656,1.0,1.0,1.0,1.0,1.4481897627965043e-06,0.90625,0.0,2.0,easy|hard|medium
test,0,10,94,32,0.5331106670055306,50.21625541399408,1424.7339875500038,0.0003956450382247567,1.0,1.0,1.0,1.0,1.4398668331252601e-06,0.78125,0.0,2.0,hard|medium|easy
test,0,10,95,32,0.5329722780006705,50.7498222419963,1425.26755443,0.0003008820931427181,1.0,1.0,1.0,1.0,1.4315439034540161e-06,0.78125,0.0,2.0,medium|easy|hard
test,0,10,96,32,0.5320209650089964,51.28245352199883,1425.8001857400086,0.0002907092566601932,1.0,1.0,1.0,1.0,1.4232209737827715e-06,1.15625,0.0,2.0,easy|hard|medium
test,0,10,97,32,0.5331792130018584,51.8162218619982,1426.3339540470042,0.0005778554477728903,1.0,1.0,1.0,1.0,1.4148980441115272e-06,1.3125,0.0,2.0,medium|hard|easy
test,0,10,98,32,0.5324501230061287,52.34918898700562,1426.8669213630055,0.1966177076101303,0.9666666666666667,0.96875,0.9722222222222222,0.9684729064039409,1.406575114440283e-06,1.15625,0.0,2.0,hard|medium|easy
test,0,10,99,32,0.5315832810010761,52.88137647099211,1427.3991086260066,0.000774625688791275,1.0,1.0,1.0,1.0,1.398252184769039e-06,1.0625,0.0,2.0,medium|easy|hard
test,0,10,100,32,0.5332238260016311,53.4152154540061,1427.9329477450083,0.00031004578340798616,1.0,1.0,1.0,1.0,1.3899292550977944e-06,1.1875,0.0,2.0,medium|hard|easy
test,0,10,101,32,0.5328399509890005,53.94860609200259,1428.4663382880099,0.00030644150683656335,1.0,1.0,1.0,1.0,1.3816063254265501e-06,1.25,0.0,2.0,easy|medium|hard
test,0,10,102,32,0.5313449109962676,54.48052156899939,1428.9982537739997,0.0007720116409473121,1.0,1.0,1.0,1.0,1.373283395755306e-06,1.0625,0.0,2.0,hard|easy|medium
test,0,10,103,32,0.5331156500033103,55.01426263300527,1429.5319948510005,0.000768279074691236,1.0,1.0,1.0,1.0,1.3649604660840619e-06,1.1875,0.0,2.0,hard|easy|medium
test,0,10,104,32,0.5328296730003785,55.54760203999467,1430.065334236002,0.0003545442596077919,1.0,1.0,1.0,1.0,1.3566375364128172e-06,0.78125,0.0,2.0,hard|easy|medium
test,0,10,105,32,0.5314911280001979,56.07968438099488,1430.5974166079977,0.00031591166043654084,1.0,1.0,1.0,1.0,1.348314606741573e-06,1.0625,0.0,2.0,easy|hard|medium
test,0,10,106,32,0.532946808001725,56.61320186199737,1431.1309340709995,0.0003678262000903487,1.0,1.0,1.0,1.0,1.339991677070329e-06,0.875,0.0,2.0,medium|easy|hard
test,0,10,107,32,0.5327914020017488,57.146469074999914,1431.664201314008,0.00036064133746549487,1.0,1.0,1.0,1.0,1.3316687473990848e-06,1.03125,0.0,2.0,hard|easy|medium
test,0,10,108,32,0.5317033500032267,57.67878248100169,1432.1965146930015,0.00297842756845057,1.0,1.0,1.0,1.0,1.3233458177278401e-06,1.125,0.0,2.0,easy|hard|medium
test,0,10,109,32,0.5340808400069363,58.213433611992514,1432.7311658120016,0.002325410023331642,1.0,1.0,1.0,1.0,1.315022888056596e-06,0.875,0.0,2.0,easy|medium|hard
test,0,10,110,32,0.5331563210056629,58.747138766004355,1433.264870969011,0.1672997623682022,0.9642857142857143,0.96875,0.9736842105263157,0.967967967967968,1.306699958385352e-06,1.15625,0.0,2.0,medium|hard|easy
test,0,10,111,32,0.5315325490082614,59.27929846699408,1433.7970306880015,0.00034128414699807763,1.0,1.0,1.0,1.0,1.2983770287141077e-06,0.90625,0.0,2.0,easy|medium|hard
test,0,10,112,32,0.5330615080019925,59.812946463003755,1434.3306788480113,0.001568045001477003,1.0,1.0,1.0,1.0,1.290054099042863e-06,1.3125,0.0,2.0,easy|medium|hard
test,0,10,113,32,0.532446829995024,60.345959913000115,1434.8636920670106,0.0003062700270675123,1.0,1.0,1.0,1.0,1.2817311693716188e-06,1.03125,0.0,2.0,easy|hard|medium
test,0,10,114,32,0.5315455439995276,60.87806095200358,1435.395793167001,0.0004813028499484062,1.0,1.0,1.0,1.0,1.2734082397003748e-06,0.8125,0.0,2.0,easy|medium|hard
test,0,10,115,32,0.5326597340026638,61.4113136149972,1435.92904576,0.0008451958419755101,1.0,1.0,1.0,1.0,1.2650853100291306e-06,0.8125,0.0,2.0,easy|hard|medium
test,0,10,116,32,0.5322359339916147,61.944047444005264,1436.461779588004,0.000393704540329054,1.0,1.0,1.0,1.0,1.256762380357886e-06,0.78125,0.0,2.0,easy|medium|hard
test,0,10,117,32,0.5318005830049515,62.476368891002494,1436.9941013610078,0.0002972479269374162,1.0,1.0,1.0,1.0,1.2484394506866417e-06,1.09375,0.0,2.0,easy|medium|hard
test,0,10,118,32,0.53343772199878,63.010411209994345,1437.5281434159988,0.0007893455913290381,1.0,1.0,1.0,1.0,1.2401165210153977e-06,1.0625,0.0,2.0,medium|hard|easy
test,0,10,119,32,0.5326357909943908,63.54355630899954,1438.0612886910094,0.0004322950844652951,1.0,1.0,1.0,1.0,1.2317935913441532e-06,0.9375,0.0,2.0,easy|hard|medium
test,0,10,120,32,0.5316996289911913,64.07591866599978,1438.5936508510058,0.00039020658005028963,1.0,1.0,1.0,1.0,1.2234706616729088e-06,1.125,0.0,2.0,hard|medium|easy
test,0,10,121,32,0.5330810229934286,64.60953981700004,1439.1272720429988,0.00025782230659388006,1.0,1.0,1.0,1.0,1.2151477320016648e-06,0.84375,0.0,2.0,easy|hard|medium
test,0,10,122,32,0.5327035669906763,65.14283674300532,1439.660568887004,0.0003215093747712672,1.0,1.0,1.0,1.0,1.2068248023304204e-06,0.96875,0.0,2.0,hard|medium|easy
test,0,10,123,32,0.5319519839977147,65.67529990400362,1440.193032108,0.00039216422010213137,1.0,1.0,1.0,1.0,1.1985018726591761e-06,1.0,0.0,2.0,medium|hard|easy
test,0,10,124,32,0.5333041510020848,66.2092563030019,1440.7269884950074,0.00027794623747467995,1.0,1.0,1.0,1.0,1.1901789429879317e-06,0.90625,0.0,2.0,easy|hard|medium
test,0,10,125,32,0.5323600779956905,66.74220314700506,1441.259935332011,0.2102350890636444,0.9666666666666667,0.96875,0.9722222222222222,0.9684729064039409,1.1818560133166877e-06,1.0,0.0,2.0,medium|easy|hard
test,0,10,126,32,0.5319538559997454,67.27467944199452,1441.792411635004,0.00030989572405815125,1.0,1.0,1.0,1.0,1.1735330836454432e-06,1.0625,0.0,2.0,hard|medium|easy
test,0,10,127,32,0.5331606080144411,67.80830970600073,1442.326041888009,0.000313033553538844,1.0,1.0,1.0,1.0,1.165210153974199e-06,1.21875,0.0,2.0,medium|hard|easy
test,0,10,128,32,0.53317809899454,68.34207677299855,1442.8598089540028,0.0003451980301178992,1.0,1.0,1.0,1.0,1.1568872243029546e-06,0.6875,0.0,2.0,medium|hard|easy
test,0,10,129,32,0.5323131780023687,68.8749141159933,1443.3926462550007,0.00027564179617911577,1.0,1.0,1.0,1.0,1.1485642946317106e-06,1.21875,0.0,2.0,medium|easy|hard
test,0,10,130,32,0.5325371649960289,69.40804572799243,1443.925777922006,0.0003070458478759974,1.0,1.0,1.0,1.0,1.1402413649604661e-06,0.96875,0.0,2.0,easy|medium|hard
test,0,10,131,32,0.5326372510025976,69.94128345399804,1444.4590156050108,0.0002999887219630182,1.0,1.0,1.0,1.0,1.131918435289222e-06,1.1875,0.0,2.0,easy|medium|hard
test,0,10,132,32,0.5328157540061511,70.47460377999232,1444.9923359820095,0.00040241904207505286,1.0,1.0,1.0,1.0,1.1235955056179777e-06,1.21875,0.0,2.0,medium|hard|easy
test,0,10,133,32,0.5333396789937979,71.00852406700142,1445.5262565410085,0.000299167848424986,1.0,1.0,1.0,1.0,1.1152725759467335e-06,0.84375,0.0,2.0,easy|medium|hard
test,0,10,134,32,0.5329457430052571,71.54199001699453,1446.0597221530043,0.0010115283075720072,1.0,1.0,1.0,1.0,1.106949646275489e-06,1.03125,0.0,2.0,medium|easy|hard
test,0,10,135,32,0.5321112380042905,72.07471197999257,1446.5924441730021,0.0030205545481294394,1.0,1.0,1.0,1.0,1.0986267166042448e-06,1.03125,0.0,2.0,easy|medium|hard
test,0,10,136,32,0.533398325991584,72.60863514299854,1447.1263673530048,0.0002547406475059688,1.0,1.0,1.0,1.0,1.0903037869330006e-06,1.15625,0.0,2.0,medium|hard|easy
test,0,10,137,32,0.5332383859931724,73.14240060499287,1447.6601328010001,0.0002867174334824085,1.0,1.0,1.0,1.0,1.0819808572617564e-06,1.09375,0.0,2.0,easy|medium|hard
test,0,10,138,32,0.5321070959907956,73.67502187400532,1448.1927540239994,0.0003856865514535457,1.0,1.0,1.0,1.0,1.073657927590512e-06,0.96875,0.0,2.0,easy|hard|medium
test,0,10,139,32,0.5332944609981496,74.20888938900316,1448.7266215660056,0.0003367747995071113,1.0,1.0,1.0,1.0,1.0653349979192677e-06,0.96875,0.0,2.0,medium|easy|hard
test,0,10,140,32,0.5325263770064339,74.74199632499949,1449.2597288100078,0.0007880194461904466,1.0,1.0,1.0,1.0,1.0570120682480235e-06,0.875,0.0,2.0,hard|easy|medium
test,0,10,141,32,0.5315091520023998,75.27399634299218,1449.7917289540055,0.0002586240880191326,1.0,1.0,1.0,1.0,1.0486891385767792e-06,0.875,0.0,2.0,medium|easy|hard
test,0,10,142,32,0.5327761849912349,75.80726310799946,1450.324995300005,0.0002662210608832538,1.0,1.0,1.0,1.0,1.0403662089055348e-06,0.96875,0.0,2.0,hard|easy|medium
test,0,10,143,32,0.5327695239975583,76.34065301300143,1450.858385205007,0.00038853546720929444,1.0,1.0,1.0,1.0,1.0320432792342906e-06,0.78125,0.0,2.0,easy|medium|hard
test,0,10,144,32,0.5311920169915538,76.87244059699879,1451.390172792002,0.00029545038705691695,1.0,1.0,1.0,1.0,1.0237203495630464e-06,0.78125,0.0,2.0,easy|medium|hard
test,0,10,145,32,0.5324575739941793,77.40548638500331,1451.9232185940054,0.00034120131749659777,1.0,1.0,1.0,1.0,1.015397419891802e-06,0.9375,0.0,2.0,medium|easy|hard
test,0,10,146,32,0.5329365270008566,77.93888875600533,1452.45662098701,0.0004186664300505072,1.0,1.0,1.0,1.0,1.0070744902205577e-06,0.9375,0.0,2.0,hard|medium|easy
test,0,10,147,32,0.532342095990316,78.47179553400201,1452.9895277379983,0.11276925355195999,0.975,0.96875,0.9615384615384616,0.9671794871794872,9.987515605493135e-07,1.1875,0.0,2.0,easy|medium|hard
test,0,10,148,32,0.5328280109970365,79.00520762399537,1453.5229398380034,0.0003333200584165752,1.0,1.0,1.0,1.0,9.904286308780693e-07,0.9375,0.0,2.0,easy|medium|hard
test,0,10,149,32,0.5327215760044055,79.538510340004,1454.056242553008,0.0003019119903910905,1.0,1.0,1.0,1.0,9.821057012068248e-07,1.125,0.0,2.0,medium|hard|easy
test,0,10,150,32,0.5318467010074528,80.07097141200211,1454.588703611007,0.17985880374908447,0.9772727272727273,0.96875,0.9545454545454546,0.964562569213732,9.737827715355806e-07,0.9375,0.0,2.0,medium|easy|hard
test,0,10,151,32,0.5333205759961857,80.60484304299462,1455.122575240006,0.0002647591754794121,1.0,1.0,1.0,1.0,9.654598418643364e-07,1.03125,0.0,2.0,hard|medium|easy
test,0,10,152,32,0.5330295879975893,81.13839779299451,1455.6561299840105,0.00023754396534059197,1.0,1.0,1.0,1.0,9.571369121930921e-07,1.03125,0.0,2.0,easy|hard|medium
test,0,10,153,32,0.53134266800771,81.67030072299531,1456.1880330260028,0.00032108003506436944,1.0,1.0,1.0,1.0,9.488139825218477e-07,0.875,0.0,2.0,medium|easy|hard
test,0,10,154,32,0.533242250996409,82.20405716799723,1456.7217893670022,0.0006314026541076601,1.0,1.0,1.0,1.0,9.404910528506035e-07,1.03125,0.0,2.0,hard|medium|easy
test,0,10,155,32,0.5324372980103362,82.73709074300132,1457.25482319601,0.010363767854869366,1.0,1.0,1.0,1.0,9.321681231793592e-07,0.875,0.0,2.0,easy|hard|medium
test,0,10,156,32,0.5319054749998031,83.26958208899305,1457.787314332003,0.00038225535536184907,1.0,1.0,1.0,1.0,9.238451935081149e-07,1.03125,0.0,2.0,easy|hard|medium
test,0,10,157,32,0.5337086679937784,83.80384266100009,1458.3215748619987,0.00027289416175335646,1.0,1.0,1.0,1.0,9.155222638368706e-07,1.09375,0.0,2.0,medium|easy|hard
test,0,10,158,32,0.5327214889985044,84.33707113699347,1458.8548032719991,0.0003936718567274511,1.0,1.0,1.0,1.0,9.071993341656264e-07,0.96875,0.0,2.0,medium|easy|hard
test,0,10,159,32,0.5320667359919753,84.86960604999331,1459.3873382500024,0.0002949785557575524,1.0,1.0,1.0,1.0,8.98876404494382e-07,1.21875,0.0,2.0,easy|medium|hard
test,0,10,160,32,0.5336980540014338,85.40389108199452,1459.9216232809995,0.0004334868863224983,1.0,1.0,1.0,1.0,8.905534748231378e-07,0.875,0.0,2.0,medium|easy|hard
test,0,10,161,32,0.5325942070048768,85.93703027100128,1460.4547624789993,0.0004033957375213504,1.0,1.0,1.0,1.0,8.822305451518935e-07,0.9375,0.0,2.0,easy|hard|medium
test,0,10,162,32,0.5314275580021786,86.46892138000112,1460.986653576998,0.000268506642896682,1.0,1.0,1.0,1.0,8.739076154806493e-07,1.0625,0.0,2.0,hard|easy|medium
test,0,10,163,32,0.5332350190001307,87.00271573700593,1461.520447936011,0.0002462350530549884,1.0,1.0,1.0,1.0,8.655846858094049e-07,1.03125,0.0,2.0,hard|medium|easy
test,0,10,164,32,0.5328164499951527,87.53609174999292,1462.0538240010064,0.000657405296806246,1.0,1.0,1.0,1.0,8.572617561381607e-07,1.125,0.0,2.0,easy|medium|hard
test,0,10,165,32,0.5314132170024095,88.06826029799413,1462.5859924930119,0.0002877986407838762,1.0,1.0,1.0,1.0,8.489388264669164e-07,1.03125,0.0,2.0,hard|medium|easy
test,0,10,166,32,0.5338775779964635,88.60267938999459,1463.1204115709988,0.00033979059662669897,1.0,1.0,1.0,1.0,8.406158967956722e-07,1.0,0.0,2.0,medium|hard|easy
test,0,10,167,32,0.533418024002458,89.13670063299651,1463.6544332310004,0.000283389090327546,1.0,1.0,1.0,1.0,8.322929671244278e-07,0.9375,0.0,2.0,medium|easy|hard
test,0,10,168,32,0.5312632099958137,89.66850048900233,1464.1862326960108,0.00030143995536491275,1.0,1.0,1.0,1.0,8.239700374531835e-07,0.875,0.0,2.0,medium|easy|hard
test,0,10,169,32,0.5333511149947299,90.20241355299368,1464.7201457150077,0.14499132335186005,0.9705882352941176,0.96875,0.96875,0.9687194525904204,8.156471077819393e-07,1.09375,0.0,2.0,hard|medium|easy
test,0,10,170,32,0.5327976209955523,90.735776497997,1465.2535086580028,0.001269552973099053,1.0,1.0,1.0,1.0,8.073241781106949e-07,1.15625,0.0,2.0,easy|hard|medium
test,0,10,171,32,0.5318540279986337,91.2681934459979,1465.785925602002,0.00035675137769430876,1.0,1.0,1.0,1.0,7.990012484394507e-07,0.84375,0.0,2.0,easy|hard|medium
test,0,10,172,32,0.5331839310092619,91.80194478599878,1466.319676996005,0.00043769070180132985,1.0,1.0,1.0,1.0,7.906783187682064e-07,1.15625,0.0,2.0,easy|hard|medium
test,0,10,173,32,0.5329420079942793,92.33541238200269,1466.853144624998,0.00029179768171161413,1.0,1.0,1.0,1.0,7.823553890969622e-07,0.9375,0.0,2.0,hard|medium|easy
test,0,10,174,32,0.5323231539950939,92.86835232899466,1467.386084509999,0.0008652630494907498,1.0,1.0,1.0,1.0,7.740324594257178e-07,1.1875,0.0,2.0,medium|easy|hard
test,0,10,175,32,0.5327180580061395,93.40165984700434,1467.9193919969985,0.00031510903500020504,1.0,1.0,1.0,1.0,7.657095297544736e-07,0.84375,0.0,2.0,easy|hard|medium
test,0,10,176,32,0.5327133770042565,93.93495644300128,1468.4526886340027,0.004105615895241499,1.0,1.0,1.0,1.0,7.573866000832293e-07,1.0625,0.0,2.0,medium|hard|easy
test,0,10,177,32,0.5316807639901526,94.46716816299886,1468.9849003670097,0.0003678019274957478,1.0,1.0,1.0,1.0,7.490636704119851e-07,0.90625,0.0,2.0,hard|easy|medium
test,0,10,178,32,0.5325657089997549,95.00033202099439,1469.5180642170017,0.0002824768307618797,1.0,1.0,1.0,1.0,7.407407407407407e-07,0.9375,0.0,2.0,hard|easy|medium
test,0,10,179,32,0.5328812489897246,95.53370012099913,1470.051432310007,0.0002898010425269604,1.0,1.0,1.0,1.0,7.324178110694965e-07,0.84375,0.0,2.0,easy|medium|hard
test,0,10,180,32,0.5315585040079895,96.06579249199422,1470.5835246880015,0.0003134806174784899,1.0,1.0,1.0,1.0,7.240948813982522e-07,0.96875,0.0,2.0,hard|easy|medium
test,0,10,181,32,0.5331484999915119,96.59948759099643,1471.1172200930014,0.0011879386147484183,1.0,1.0,1.0,1.0,7.157719517270081e-07,1.0,0.0,2.0,medium|easy|hard
test,0,10,182,32,0.5327664040087257,97.13282640599937,1471.6505586109997,0.0003403873124625534,1.0,1.0,1.0,1.0,7.074490220557636e-07,1.15625,0.0,2.0,hard|medium|easy
test,0,10,183,32,0.5316236819926417,97.66495838000264,1472.18269057601,0.00034242402762174606,1.0,1.0,1.0,1.0,6.991260923845195e-07,0.625,0.0,2.0,easy|medium|hard
test,0,10,184,32,0.5337485609925352,98.19930641500105,1472.7170386540092,0.00030220672488212585,1.0,1.0,1.0,1.0,6.908031627132751e-07,1.15625,0.0,2.0,medium|hard|easy
test,0,10,185,32,0.5325623509997968,98.73245033400599,1473.2501825189975,0.00030500628054142,1.0,1.0,1.0,1.0,6.824802330420309e-07,1.125,0.0,2.0,hard|easy|medium
test,0,10,186,32,0.5319129370036535,99.26495774100476,1473.7826898750063,0.0004336787387728691,1.0,1.0,1.0,1.0,6.741573033707865e-07,1.3125,0.0,2.0,easy|hard|medium
test,0,10,187,32,0.5332510500011267,99.79873153500375,1474.3164637230075,0.00028953765286132693,1.0,1.0,1.0,1.0,6.658343736995424e-07,1.15625,0.0,2.0,hard|easy|medium
test,0,10,188,32,0.5325331869971706,100.33171294399654,1474.8494451300066,0.00032800858025439084,1.0,1.0,1.0,1.0,6.57511444028298e-07,1.09375,0.0,2.0,easy|hard|medium
test,0,10,189,32,0.5318038910045289,100.8640754740045,1475.3818076720054,0.00026388728292658925,1.0,1.0,1.0,1.0,6.491885143570538e-07,0.90625,0.0,2.0,hard|easy|medium
test,0,10,190,32,0.5336150380026083,101.39823250999325,1475.9159647010092,0.0006445426843129098,1.0,1.0,1.0,1.0,6.408655846858094e-07,1.0625,0.0,2.0,easy|medium|hard
test,0,10,191,32,0.5320091760077048,101.93086757899437,1476.4485997770098,0.0003349188482388854,1.0,1.0,1.0,1.0,6.325426550145653e-07,1.125,0.0,2.0,easy|hard|medium
test,0,10,192,32,0.5318049140041694,102.46326566000062,1476.980997871011,0.0035283779725432396,1.0,1.0,1.0,1.0,6.242197253433208e-07,0.96875,0.0,2.0,hard|medium|easy
test,0,10,193,32,0.5332831709965831,102.99708863699925,1477.5148208430037,0.00031472707632929087,1.0,1.0,1.0,1.0,6.158967956720766e-07,1.0625,0.0,2.0,hard|medium|easy
test,0,10,194,32,0.5328826810000464,103.53054577499279,1478.0482782430045,0.0002911936608143151,1.0,1.0,1.0,1.0,6.075738660008324e-07,0.84375,0.0,2.0,hard|easy|medium
test,0,10,195,32,0.531824058998609,104.06293341099808,1478.5806655610068,0.00030166475335136056,1.0,1.0,1.0,1.0,5.992509363295881e-07,0.9375,0.0,2.0,hard|easy|medium
test,0,10,196,32,0.5330637870065402,104.59660465399793,1479.1143368500052,0.07268641144037247,0.9705882352941176,0.96875,0.96875,0.9687194525904204,5.909280066583438e-07,0.8125,0.0,2.0,medium|easy|hard
test,0,10,197,32,0.5329938479990233,105.13019832900318,1479.6479307590052,0.0003132581477984786,1.0,1.0,1.0,1.0,5.826050769870995e-07,1.03125,0.0,2.0,hard|medium|easy
test,0,10,198,32,0.5320879790087929,105.66282107100415,1480.1805532560102,0.00028099818155169487,1.0,1.0,1.0,1.0,5.742821473158553e-07,0.9375,0.0,2.0,easy|hard|medium
test,0,10,199,32,0.5331586030079052,106.19644791899191,1480.7141801310063,0.00043926623766310513,1.0,1.0,1.0,1.0,5.65959217644611e-07,1.03125,0.0,2.0,medium|easy|hard
test,0,10,200,32,0.5325478199956706,106.72955360700144,1481.2472857640096,0.00024399797257501632,1.0,1.0,1.0,1.0,5.576362879733667e-07,1.1875,0.0,2.0,hard|medium|easy
test,0,10,201,32,0.5326359530008631,107.26270594999369,1481.780438132002,0.0017398971831426024,1.0,1.0,1.0,1.0,5.493133583021224e-07,0.96875,0.0,2.0,hard|medium|easy
test,0,10,202,32,0.5327483940054663,107.79602277799859,1482.31375489301,0.010159410536289215,1.0,1.0,1.0,1.0,5.409904286308782e-07,1.1875,0.0,2.0,hard|easy|medium
test,0,10,203,32,0.5325078159949044,108.32897775899619,1482.846709949008,0.015319326892495155,1.0,1.0,1.0,1.0,5.326674989596338e-07,1.3125,0.0,2.0,medium|hard|easy
test,0,10,204,32,0.5319483829953242,108.86153043799277,1483.379262649003,0.0002659133751876652,1.0,1.0,1.0,1.0,5.243445692883896e-07,0.875,0.0,2.0,hard|easy|medium
test,0,10,205,32,0.5331716090004193,109.39521568499913,1483.9129479039984,0.00035240958095528185,1.0,1.0,1.0,1.0,5.160216396171453e-07,0.90625,0.0,2.0,medium|hard|easy
test,0,10,206,32,0.5329572899936466,109.92876980200526,1484.446501990009,0.0013351457891985774,1.0,1.0,1.0,1.0,5.07698709945901e-07,0.875,0.0,2.0,easy|hard|medium
test,0,10,207,32,0.531720768995001,110.46107111600577,1484.9788033560035,0.00045837534707970917,1.0,1.0,1.0,1.0,4.993757802746567e-07,0.96875,0.0,2.0,medium|hard|easy
test,0,10,208,32,0.5333429349993821,110.99497614399297,1485.5127083859988,0.0003801060956902802,1.0,1.0,1.0,1.0,4.910528506034124e-07,1.125,0.0,2.0,easy|hard|medium
test,0,10,209,32,0.532730464998167,111.52832590999606,1486.0460580540093,0.0003119879693258554,1.0,1.0,1.0,1.0,4.827299209321682e-07,1.03125,0.0,2.0,easy|hard|medium
test,0,10,210,32,0.532344984007068,112.06123543600552,1486.5789676179993,0.0002650306560099125,1.0,1.0,1.0,1.0,4.7440699126092386e-07,1.15625,0.0,2.0,hard|medium|easy
test,0,10,211,32,0.5329844740044791,112.5948003079975,1487.112532498999,0.00030227782553993165,1.0,1.0,1.0,1.0,4.660840615896796e-07,1.03125,0.0,2.0,easy|medium|hard
test,0,10,212,32,0.5320286610076437,113.12742010499642,1487.6451522360003,0.0002991190704051405,1.0,1.0,1.0,1.0,4.577611319184353e-07,1.09375,0.0,2.0,medium|easy|hard
test,0,10,213,32,0.531500204000622,113.65948167500028,1488.1772139790119,0.00031367328483611345,1.0,1.0,1.0,1.0,4.49438202247191e-07,0.9375,0.0,2.0,medium|easy|hard
test,0,10,214,32,0.5339801520021865,114.19399417800014,1488.7117263920081,0.00033105851616710424,1.0,1.0,1.0,1.0,4.4111527257594675e-07,1.375,0.0,2.0,hard|medium|easy
test,0,10,215,32,0.5330144359904807,114.72768484399421,1489.2454170310084,0.00042297321488149464,1.0,1.0,1.0,1.0,4.3279234290470247e-07,0.96875,0.0,2.0,medium|easy|hard
test,0,10,216,32,0.5317325789947063,115.2600117099937,1489.7777438449993,0.0003145475347992033,1.0,1.0,1.0,1.0,4.244694132334582e-07,0.90625,0.0,2.0,easy|medium|hard
test,0,10,217,32,0.5335399000032339,115.79400527199323,1490.3117374870053,0.00023189038620330393,1.0,1.0,1.0,1.0,4.161464835622139e-07,0.9375,0.0,2.0,easy|hard|medium
test,0,10,218,32,0.5324032560019987,116.32686866199947,1490.8446011060005,0.0791468471288681,0.9722222222222222,0.96875,0.9666666666666667,0.9684729064039409,4.0782355389096964e-07,1.0,0.0,2.0,hard|medium|easy
test,0,10,219,32,0.5317462420061929,116.85911699700227,1491.3768491640076,0.00025946114328689873,1.0,1.0,1.0,1.0,3.9950062421972536e-07,0.875,0.0,2.0,hard|easy|medium
test,0,10,220,32,0.5335614290088415,117.39326434700342,1491.9109969270066,0.00045950053026899695,1.0,1.0,1.0,1.0,3.911776945484811e-07,0.84375,0.0,2.0,easy|medium|hard
test,0,10,221,32,0.5324388439912582,117.92634279599588,1492.4440750119975,0.0003150415141135454,1.0,1.0,1.0,1.0,3.828547648772368e-07,1.0,0.0,2.0,easy|medium|hard
test,0,10,222,32,0.5317196859978139,118.45856775599532,1492.9762998939987,0.0003025811747647822,1.0,1.0,1.0,1.0,3.7453183520599253e-07,0.9375,0.0,2.0,hard|medium|easy
test,0,10,223,32,0.5335488540004008,118.99267324099492,1493.510405426001,0.0002669446403160691,1.0,1.0,1.0,1.0,3.6620890553474825e-07,0.875,0.0,2.0,medium|easy|hard
test,0,10,224,32,0.532435062006698,119.52568698600226,1494.0434191780078,0.0004824454663321376,1.0,1.0,1.0,1.0,3.5788597586350403e-07,1.0,0.0,2.0,hard|medium|easy
test,0,10,225,32,0.5321534099930432,120.05841809799313,1494.5761502829992,0.00027418980607762933,1.0,1.0,1.0,1.0,3.4956304619225975e-07,0.9375,0.0,2.0,easy|medium|hard
test,0,10,226,32,0.5329924870020477,120.59194563700294,1495.1096778520005,0.0008759016636759043,1.0,1.0,1.0,1.0,3.4124011652101547e-07,0.9375,0.0,2.0,medium|hard|easy
test,0,10,227,32,0.5326534999912838,121.12519685699954,1495.6429290020023,0.000385201012250036,1.0,1.0,1.0,1.0,3.329171868497712e-07,0.9375,0.0,2.0,hard|easy|medium
test,0,10,228,32,0.5321644299983745,121.65798376899329,1496.1757159609988,0.002201218856498599,1.0,1.0,1.0,1.0,3.245942571785269e-07,0.9375,0.0,2.0,medium|hard|easy
test,0,10,229,32,0.5337685819977196,122.19234881500597,1496.7100812280114,0.0002649801317602396,1.0,1.0,1.0,1.0,3.1627132750728264e-07,0.96875,0.0,2.0,medium|easy|hard
test,0,10,230,32,0.5327973289968213,122.72574589999567,1497.2434780480107,0.0031269437167793512,1.0,1.0,1.0,1.0,3.079483978360383e-07,0.8125,0.0,2.0,medium|hard|easy
test,0,10,231,32,0.5321674449951388,123.25850990199251,1497.7762421009975,0.016953475773334503,1.0,1.0,1.0,1.0,2.9962546816479403e-07,0.90625,0.0,2.0,hard|medium|easy
test,0,10,232,32,0.5336451320035849,123.7927231999929,1498.3104554349993,0.0002441369870211929,1.0,1.0,1.0,1.0,2.9130253849354976e-07,1.1875,0.0,2.0,medium|hard|easy
test,0,10,233,32,0.5327825979911722,124.32594965900353,1498.8436818460032,0.0003399857087060809,1.0,1.0,1.0,1.0,2.829796088223055e-07,0.90625,0.0,2.0,hard|easy|medium
test,0,10,234,32,0.5320304920023773,124.85858043900225,1499.3763125820115,0.00028160272631794214,1.0,1.0,1.0,1.0,2.746566791510612e-07,0.9375,0.0,2.0,easy|hard|medium
test,0,10,235,32,0.5330504379962804,125.3921992329997,1499.9099314260093,0.00023518518719356507,1.0,1.0,1.0,1.0,2.663337494798169e-07,0.875,0.0,2.0,easy|medium|hard
test,0,10,236,32,0.5336584400065476,125.9264333369938,1500.4441655219998,0.00030133817926980555,1.0,1.0,1.0,1.0,2.5801081980857265e-07,0.84375,0.0,2.0,easy|medium|hard
test,0,10,237,32,0.531895332998829,126.45894150499953,1500.9766736900056,0.00026658247224986553,1.0,1.0,1.0,1.0,2.4968789013732837e-07,1.09375,0.0,2.0,easy|hard|medium
test,0,10,238,32,0.5339004340057727,126.99334817400086,1501.511080384007,0.0004131424066144973,1.0,1.0,1.0,1.0,2.413649604660841e-07,1.1875,0.0,2.0,medium|hard|easy
test,0,10,239,32,0.5334564520017011,127.52736371700303,1502.045095901005,0.00031101558124646544,1.0,1.0,1.0,1.0,2.330420307948398e-07,0.875,0.0,2.0,medium|hard|easy
test,0,10,240,32,0.5322732789936708,128.06024472300487,1502.577976918008,0.0002844014670699835,1.0,1.0,1.0,1.0,2.247191011235955e-07,0.625,0.0,2.0,easy|medium|hard
test,0,10,241,32,0.5333033720089588,128.59419641000568,1503.1119285580062,0.00028933401335962117,1.0,1.0,1.0,1.0,2.1639617145235123e-07,1.0625,0.0,2.0,easy|hard|medium
test,0,10,242,32,0.5339879039966036,129.12870520500292,1503.6464373500057,0.0002908680180553347,1.0,1.0,1.0,1.0,2.0807324178110696e-07,1.09375,0.0,2.0,medium|hard|easy
test,0,10,243,32,0.5321567619976122,129.6614217239985,1504.17915394,0.03819989040493965,0.975,0.96875,0.9615384615384616,0.9671794871794872,1.9975031210986268e-07,1.0,0.0,2.0,hard|easy|medium
test,0,10,244,32,0.5338496539916378,130.19579172199883,1504.7135239070049,0.0032595277298241854,1.0,1.0,1.0,1.0,1.914273824386184e-07,0.9375,0.0,2.0,easy|hard|medium
test,0,10,245,32,0.5330644399946323,130.72939508399577,1505.2471273929987,0.0002978419070132077,1.0,1.0,1.0,1.0,1.8310445276737413e-07,1.03125,0.0,2.0,easy|medium|hard
test,0,10,246,32,0.5326712850073818,131.26267380699574,1505.7804059970076,0.0036515414249151945,1.0,1.0,1.0,1.0,1.7478152309612987e-07,1.28125,0.0,2.0,hard|medium|easy
test,0,10,247,32,0.5328070469986415,131.79597444599494,1506.3137066570052,0.0002457471564412117,1.0,1.0,1.0,1.0,1.664585934248856e-07,1.0,0.0,2.0,medium|hard|easy
test,0,10,248,32,0.5316790409997338,132.32817770799738,1506.845909953001,0.00037399528082460165,1.0,1.0,1.0,1.0,1.5813566375364132e-07,0.875,0.0,2.0,hard|easy|medium
test,0,10,249,32,0.5322383580059977,132.8610214789951,1507.3787536630116,0.00038087324355728924,1.0,1.0,1.0,1.0,1.4981273408239702e-07,0.96875,0.0,2.0,hard|medium|easy
test,0,10,250,32,0.5329522850079229,133.3945123970043,1507.912244542007,0.0009266373235732317,1.0,1.0,1.0,1.0,1.4148980441115274e-07,1.15625,0.0,2.0,hard|easy|medium
test,0,10,251,32,0.5326349140086677,133.92769092100207,1508.44542313501,0.0002950347843579948,1.0,1.0,1.0,1.0,1.3316687473990846e-07,1.15625,0.0,2.0,hard|medium|easy
test,0,10,252,32,0.5319156010082224,134.460150540006,1508.9778827219998,0.0009883082238957286,1.0,1.0,1.0,1.0,1.2484394506866418e-07,1.125,0.0,2.0,easy|hard|medium
test,0,10,253,32,0.5330323740054155,134.99366216799535,1509.5113943059987,0.18994970619678497,0.9642857142857143,0.96875,0.9736842105263157,0.967967967967968,1.165210153974199e-07,0.84375,0.0,2.0,easy|medium|hard
test,0,10,254,32,0.5327012420020765,135.52690211500158,1510.044634307007,0.00040222913958132267,1.0,1.0,1.0,1.0,1.0819808572617562e-07,0.9375,0.0,2.0,hard|medium|easy
test,0,10,255,32,0.5322191739978734,136.05971103400225,1510.5774435280036,0.0003744837886188179,1.0,1.0,1.0,1.0,9.987515605493134e-08,1.03125,0.0,2.0,hard|easy|medium
test,0,10,256,32,0.5327249309921172,136.5930449479929,1511.1107771440002,0.00041835245792753994,1.0,1.0,1.0,1.0,9.155222638368706e-08,0.875,0.0,2.0,easy|medium|hard
test,0,10,257,32,0.5327253279974684,137.12636409699917,1511.644096300006,0.0002809677389450371,1.0,1.0,1.0,1.0,8.32292967124428e-08,0.96875,0.0,2.0,hard|medium|easy
test,0,10,258,32,0.5322852370009059,137.65918579799472,1512.1769179960102,0.00032337248558178544,1.0,1.0,1.0,1.0,7.490636704119851e-08,0.84375,0.0,2.0,medium|easy|hard
test,0,10,259,32,0.533186480999575,138.1928799820016,1512.7106121840043,0.00028091424610465765,1.0,1.0,1.0,1.0,6.658343736995423e-08,0.9375,0.0,2.0,easy|hard|medium
test,0,10,260,32,0.5321964400063735,138.72559281700524,1513.243325019008,0.00034149980638176203,1.0,1.0,1.0,1.0,5.826050769870995e-08,0.6875,0.0,2.0,medium|easy|hard
test,0,10,261,32,0.5320508519944269,139.25817904999712,1513.7759112050117,0.00033766060369089246,1.0,1.0,1.0,1.0,4.993757802746567e-08,1.03125,0.0,2.0,easy|hard|medium
test,0,10,262,32,0.5333088740007952,139.79208052200556,1514.3098127080011,0.00029174136579968035,1.0,1.0,1.0,1.0,4.16146483562214e-08,0.9375,0.0,2.0,hard|medium|easy
test,0,10,263,32,0.5321073990053264,140.32502016999933,1514.8427523700084,0.0005024684360250831,1.0,1.0,1.0,1.0,3.3291718684977116e-08,0.6875,0.0,2.0,medium|easy|hard
test,0,10,264,32,0.5320709850057028,140.85755056299968,1515.3752827550052,0.00030468861223198473,1.0,1.0,1.0,1.0,2.4968789013732835e-08,0.8125,0.0,2.0,medium|hard|easy
test,0,10,265,32,0.5328999369958183,141.39098287599336,1515.9087150960113,0.00023250987578649074,1.0,1.0,1.0,1.0,1.6645859342488558e-08,1.03125,0.0,2.0,medium|hard|easy
test,0,10,266,32,0.5331957610032987,141.92465093999635,1516.4423831400054,0.0002757794572971761,1.0,1.0,1.0,1.0,8.322929671244279e-09,1.0,0.0,2.0,hard|easy|medium
test,0,10,267,17,0.32007951200648677,142.2451881129964,1516.7629203130055,0.000364918087143451,1.0,1.0,1.0,1.0,0.0,1.1176470518112183,0.0,2.0,medium|hard|easy
