split,fold,epoch,batch,batch_size,batch_time_seconds,epoch_accumulated_time_seconds,total_accumulated_time_seconds,loss,precision,accuracy,recall,f1,learning_rate,difficulty_mean,difficulty_min,difficulty_max,difficulty_labels
test,0,1,1,32,0.7759652459935751,0.8385330379969673,0.8391398270032369,0.7049214839935303,0.5892857142857143,0.46875,0.5404858299595142,0.4231177094379639,7.547169811320756e-08,1.0625,0.0,2.0,medium|hard|easy
test,0,1,2,32,0.5264972230070271,1.3866224570083432,1.3872293689928483,0.7521605491638184,0.6612903225806451,0.34375,0.5227272727272727,0.2873806998939554,1.5094339622641512e-07,1.21875,0.0,2.0,medium|hard|easy
test,0,1,3,32,0.5272885220038006,1.914500807004515,1.9151076879934408,0.6870690584182739,0.2903225806451613,0.5625,0.47368421052631576,0.36,2.2641509433962265e-07,1.21875,0.0,2.0,medium|hard|easy
test,0,1,4,32,0.5298985770059517,2.4450223150051897,2.445629194000503,0.7077107429504395,0.5919540229885057,0.53125,0.53125,0.43859649122807015,3.0188679245283024e-07,1.15625,0.0,2.0,hard|medium|easy
test,0,1,5,32,0.5290774809982395,2.974735142008285,2.9753420219931286,0.6812794804573059,0.7903225806451613,0.59375,0.5357142857142857,0.4340136054421769,3.773584905660378e-07,1.0625,0.0,2.0,hard|medium|easy
test,0,1,6,32,0.5281543460005196,3.503462064996711,3.504068873997312,0.7090513110160828,0.7096774193548387,0.4375,0.5263157894736842,0.34545454545454546,4.528301886792453e-07,0.96875,0.0,2.0,medium|easy|hard
test,0,1,7,32,0.529410495000775,4.033424057008233,4.034030921000522,0.7129557132720947,0.4666666666666667,0.4375,0.4920634920634921,0.34545454545454546,5.283018867924528e-07,1.03125,0.0,2.0,easy|hard|medium
test,0,1,8,32,0.529333594997297,4.563366347996634,4.563973160999012,0.6660891771316528,0.6436781609195402,0.625,0.5506072874493927,0.5,6.037735849056605e-07,1.0,0.0,2.0,medium|easy|hard
test,0,1,9,32,0.528387500991812,5.092315187997883,5.092921974995988,0.6704694032669067,0.3064516129032258,0.59375,0.475,0.37254901960784315,6.79245283018868e-07,0.78125,0.0,2.0,easy|medium|hard
test,0,1,10,32,0.5302180020080414,5.623153576001641,5.623760335001862,0.719163715839386,0.4252873563218391,0.5,0.4745098039215686,0.3816425120772947,7.547169811320755e-07,1.28125,0.0,2.0,medium|hard|easy
test,0,1,11,32,0.531405743007781,6.155130316998111,6.155737162989681,0.7272958159446716,0.20967741935483872,0.40625,0.4642857142857143,0.28888888888888886,8.301886792452831e-07,1.46875,0.0,2.0,hard|easy|medium
test,0,1,12,32,0.5308618229901185,6.686632095006644,6.6872389189957175,0.7481437921524048,0.43333333333333335,0.375,0.48333333333333334,0.3073593073593074,9.056603773584906e-07,1.15625,0.0,2.0,hard|easy|medium
test,0,1,13,32,0.529392316006124,7.216634113006876,7.217240896992735,0.6971116065979004,0.5,0.5,0.5,0.4181818181818182,9.811320754716983e-07,1.15625,0.0,2.0,medium|hard|easy
test,0,1,14,32,0.5311922550026793,7.748403603996849,7.749010373998317,0.7214926481246948,0.7037037037037037,0.5,0.6190476190476191,0.4817813765182186,1.0566037735849057e-06,1.0,0.0,2.0,hard|easy|medium
test,0,1,15,32,0.5304066609969595,8.279320746005396,8.279927657000371,0.6928883790969849,0.55,0.59375,0.5121457489878543,0.4340136054421769,1.1320754716981133e-06,1.09375,0.0,2.0,easy|hard|medium
test,0,1,16,32,0.5307120170036796,8.81059770900174,8.811204466997879,0.7072673439979553,0.48333333333333334,0.46875,0.49607843137254903,0.36374269005847953,1.207547169811321e-06,1.0,0.0,2.0,medium|hard|easy
test,0,1,17,32,0.5314388879924081,9.342580320007983,9.34318716499547,0.7114230990409851,0.24193548387096775,0.46875,0.46875,0.3191489361702128,1.2830188679245284e-06,0.71875,0.0,2.0,easy|medium|hard
test,0,1,18,32,0.5316142730007414,9.87473032300477,9.87533707699913,0.7234723567962646,0.25,0.5,0.5,0.3333333333333333,1.358490566037736e-06,1.1875,0.0,2.0,medium|easy|hard
test,0,1,19,32,0.5305239959998289,10.405783330003032,10.406390114992973,0.7088042497634888,0.3908045977011494,0.4375,0.4627450980392157,0.34545454545454546,1.4339622641509435e-06,1.0,0.0,2.0,hard|easy|medium
test,0,1,20,32,0.5313691019982798,10.937699481000891,10.938306262003607,0.6892638206481934,0.6436781609195402,0.625,0.5506072874493927,0.5,1.509433962264151e-06,0.90625,0.0,2.0,easy|hard|medium
test,0,1,21,32,0.5315659600018989,11.46973803799483,11.470344800996827,0.6836200952529907,0.6858974358974359,0.59375,0.6137254901960785,0.5588547189819725,1.5849056603773585e-06,0.84375,0.0,2.0,easy|hard|medium
test,0,1,22,32,0.5306272710004123,12.000919097001315,12.001525886997115,0.685505747795105,0.27419354838709675,0.53125,0.4722222222222222,0.3469387755102041,1.6603773584905662e-06,0.90625,0.0,2.0,medium|easy|hard
test,0,1,23,32,0.5319661870016716,12.53347631500219,12.534083106002072,0.7035000324249268,0.34074074074074073,0.4375,0.4156862745098039,0.34545454545454546,1.7358490566037736e-06,0.9375,0.0,2.0,medium|easy|hard
test,0,1,24,32,0.5313886820076732,13.06535774700751,13.065964505993179,0.7026495933532715,0.44074074074074077,0.46875,0.46875,0.39756367663344405,1.8113207547169812e-06,0.96875,0.0,2.0,easy|medium|hard
test,0,1,25,32,0.529762024001684,13.595746678998694,13.596353556989925,0.7378597259521484,0.6935483870967742,0.40625,0.525,0.3266888150609081,1.8867924528301889e-06,0.90625,0.0,2.0,medium|easy|hard
test,0,1,26,32,0.5323423299996648,14.128643731994089,14.12925050398917,0.6688154935836792,0.49425287356321834,0.625,0.49783549783549785,0.4514285714285714,1.9622641509433965e-06,1.21875,0.0,2.0,medium|hard|easy
test,0,1,27,32,0.5308938939997461,14.660096517007332,14.660703354995348,0.672385573387146,0.5666666666666667,0.625,0.5166666666666666,0.4514285714285714,2.037735849056604e-06,0.75,0.0,2.0,easy|hard|medium
test,0,1,28,32,0.5311518859962234,15.191797469000448,15.192404296001769,0.6901803016662598,0.7666666666666666,0.5625,0.5625,0.45893719806763283,2.1132075471698114e-06,1.0,0.0,2.0,easy|medium|hard
test,0,1,29,32,0.5320988369931001,15.724425230000634,15.725032014001044,0.7572913765907288,0.3833333333333333,0.28125,0.466183574879227,0.24512820512820513,2.188679245283019e-06,0.90625,0.0,2.0,hard|medium|easy
test,0,1,30,32,0.5313577630004147,16.256334831996355,16.256941597996047,0.6814242601394653,0.5603864734299517,0.5625,0.5490196078431372,0.5333333333333333,2.2641509433962266e-06,0.6875,0.0,2.0,easy|medium|hard
test,0,1,31,32,0.5315977370046312,16.788546251002117,16.789153095989604,0.6600598692893982,0.5703703703703704,0.6875,0.5458937198067633,0.5428571428571429,2.3396226415094343e-06,1.15625,0.0,2.0,medium|easy|hard
test,0,1,32,32,0.5311716930009425,17.32027535700763,17.32088214700343,0.6863323450088501,0.6264367816091954,0.59375,0.5436507936507936,0.4793491864831039,2.415094339622642e-06,0.8125,0.0,2.0,easy|medium|hard
test,0,1,33,32,0.531834785011597,17.852647769002942,17.853254554996965,0.6986137628555298,0.7419354838709677,0.5,0.5294117647058824,0.3816425120772947,2.490566037735849e-06,1.0,0.0,2.0,hard|easy|medium
test,0,1,34,32,0.5312986630015075,18.384474955004407,18.38508173399896,0.7156504988670349,0.6833333333333333,0.40625,0.5476190476190477,0.3552492046659597,2.5660377358490568e-06,1.0,0.0,2.0,medium|easy|hard
test,0,1,35,32,0.5335856009915005,18.918614376001642,18.919221278993064,0.7199386358261108,0.4642857142857143,0.4375,0.4841269841269841,0.37662337662337664,2.6415094339622644e-06,1.40625,0.0,2.0,hard|medium|easy
test,0,1,36,32,0.532343500002753,19.451732040004572,19.452338796996628,0.6751501560211182,0.6264367816091954,0.59375,0.5436507936507936,0.4793491864831039,2.716981132075472e-06,1.15625,0.0,2.0,hard|medium|easy
test,0,1,37,32,0.5314416909968713,19.983622813000693,19.984229599998798,0.7198163270950317,0.5229885057471264,0.40625,0.5083333333333333,0.3552492046659597,2.7924528301886793e-06,0.78125,0.0,2.0,medium|hard|easy
test,0,1,38,32,0.5316299029946094,20.515807254007086,20.51641404000111,0.6955546736717224,0.3908045977011494,0.4375,0.4627450980392157,0.34545454545454546,2.867924528301887e-06,0.9375,0.0,2.0,medium|easy|hard
test,0,1,39,32,0.5324092299997574,21.048762018996058,21.049368833992048,0.6841856241226196,0.6407407407407407,0.53125,0.5753968253968254,0.4909862142099682,2.9433962264150946e-06,0.96875,0.0,2.0,medium|hard|easy
test,0,1,40,32,0.531232703011483,21.58046022200142,21.581066982995253,0.7238556742668152,0.3908045977011494,0.4375,0.4627450980392157,0.34545454545454546,3.018867924528302e-06,0.75,0.0,2.0,hard|easy|medium
test,0,1,41,32,0.5302800450008363,22.111291958994116,22.111898791990825,0.6883734464645386,0.5962962962962963,0.59375,0.5515873015873015,0.5134502923976608,3.0943396226415094e-06,1.1875,0.0,2.0,hard|easy|medium
test,0,1,42,32,0.5322453950066119,22.64407954699709,22.644686302999617,0.7098889350891113,0.3592592592592593,0.46875,0.4246031746031746,0.36374269005847953,3.169811320754717e-06,1.09375,0.0,2.0,medium|hard|easy
test,0,1,43,32,0.5312871019996237,23.175946770003065,23.17655355599709,0.7053987979888916,0.4807692307692308,0.46875,0.4882352941176471,0.4231177094379639,3.2452830188679247e-06,0.9375,0.0,2.0,easy|medium|hard
test,0,1,44,32,0.5315599820023635,23.70813848900434,23.708745249998174,0.6843111515045166,0.48333333333333334,0.46875,0.49607843137254903,0.36374269005847953,3.3207547169811323e-06,1.0,0.0,2.0,easy|hard|medium
test,0,1,45,32,0.5319234269991284,24.24064553200151,24.241252319989144,0.7139908075332642,0.39428571428571424,0.375,0.4251012145748988,0.3522267206477733,3.3962264150943395e-06,0.78125,0.0,2.0,hard|easy|medium
test,0,1,46,32,0.5315056330000516,24.772744166999473,24.773351213996648,0.6987673044204712,0.4777777777777778,0.53125,0.48809523809523814,0.43859649122807015,3.471698113207547e-06,1.125,0.0,2.0,easy|medium|hard
test,0,1,47,32,0.5307944519881858,25.304121042994666,25.304727832000935,0.7071772813796997,0.6222222222222222,0.5,0.5668016194331984,0.4666666666666667,3.547169811320755e-06,0.75,0.0,2.0,easy|hard|medium
test,0,1,48,32,0.532935405994067,25.83766037299938,25.838267148996238,0.6882019639015198,0.5,0.5,0.5,0.4181818181818182,3.6226415094339625e-06,1.28125,0.0,2.0,medium|hard|easy
test,0,1,49,32,0.5320951909961877,26.370282358999248,26.37088921299437,0.6709644794464111,0.5384615384615384,0.5625,0.5238095238095238,0.49090909090909085,3.6981132075471697e-06,1.09375,0.0,2.0,hard|easy|medium
test,0,1,50,32,0.5313380029983819,26.902219352996326,26.90282619399659,0.7098813056945801,0.37445887445887444,0.40625,0.38492063492063494,0.3764102564102564,3.7735849056603777e-06,1.03125,0.0,2.0,hard|easy|medium
test,0,1,51,32,0.5318232220015489,27.434637247002684,27.435244124993915,0.7029226422309875,0.22413793103448276,0.40625,0.40625,0.28888888888888886,3.849056603773585e-06,1.0,0.0,2.0,hard|medium|easy
test,0,1,52,32,0.5323710259981453,27.96749255299801,27.968099343997892,0.7446538209915161,0.3542857142857143,0.3125,0.38961038961038963,0.30158730158730157,3.924528301886793e-06,1.21875,0.0,2.0,medium|hard|easy
test,0,1,53,32,0.5307823229959467,28.498897593002766,28.49950439100212,0.7061888575553894,0.3392857142857143,0.40625,0.4294117647058824,0.3266888150609081,4.000000000000001e-06,0.96875,0.0,2.0,medium|easy|hard
test,0,1,54,32,0.531967225993867,29.03142516799562,29.032032016999437,0.715182900428772,0.5256410256410257,0.4375,0.5166666666666667,0.41700404858299595,4.075471698113208e-06,0.96875,0.0,2.0,easy|medium|hard
test,0,1,55,32,0.5324410699977307,29.564465338000446,29.565072126992163,0.6849635243415833,0.49275362318840576,0.5625,0.4935064935064935,0.49090909090909085,4.150943396226416e-06,1.15625,0.0,2.0,hard|medium|easy
test,0,1,56,32,0.5311930989992106,30.096124481002335,30.096731259996886,0.6943148374557495,0.45925925925925926,0.5,0.4784313725490196,0.4181818181818182,4.226415094339623e-06,1.03125,0.0,2.0,easy|hard|medium
test,0,1,57,32,0.5321082379959989,30.628844770006253,30.629451542990864,0.6633044481277466,0.5916666666666667,0.59375,0.5862745098039216,0.5835835835835836,4.30188679245283e-06,1.03125,0.0,2.0,hard|easy|medium
test,0,1,58,32,0.5323794789874228,31.161768649995793,31.162375681000412,0.6626222729682922,0.7628205128205128,0.71875,0.6659919028340081,0.6631578947368422,4.377358490566038e-06,0.9375,0.0,2.0,medium|easy|hard
test,0,1,59,32,0.5312406169978203,31.693462897004792,31.694069652992766,0.6905463933944702,0.5346320346320346,0.53125,0.53125,0.5195195195195195,4.452830188679246e-06,1.15625,0.0,2.0,hard|easy|medium
test,0,1,60,32,0.5325831130030565,32.22655432099418,32.22716109199973,0.7022940516471863,0.38285714285714284,0.4375,0.4196078431372549,0.37662337662337664,4.528301886792453e-06,0.9375,0.0,2.0,easy|hard|medium
test,0,1,61,32,0.5319829619984375,32.759172783000395,32.7597796189948,0.6908589005470276,0.5681818181818181,0.59375,0.5607287449392713,0.5588547189819725,4.603773584905661e-06,1.28125,0.0,2.0,medium|hard|easy
test,0,1,62,32,0.5313177439966239,33.29107266099891,33.29167942999629,0.6909687519073486,0.5192307692307692,0.53125,0.5117647058823529,0.4684385382059801,4.6792452830188686e-06,1.0625,0.0,2.0,hard|easy|medium
test,0,1,63,32,0.5332518119976157,33.8249465800036,33.82555341999978,0.7136698365211487,0.46794871794871795,0.34375,0.4758454106280193,0.33793103448275863,4.754716981132076e-06,1.03125,0.0,2.0,hard|medium|easy
test,0,1,64,32,0.531446594002773,34.356980487995315,34.35758729199006,0.6938038468360901,0.5885714285714285,0.4375,0.5748792270531401,0.43529411764705883,4.830188679245284e-06,1.09375,0.0,2.0,easy|medium|hard
test,0,1,65,32,0.5306500199949369,34.88818942599755,34.88879619799263,0.6788880825042725,0.6025641025641025,0.5625,0.5625,0.5151515151515151,4.905660377358491e-06,0.71875,0.0,2.0,medium|easy|hard
test,0,1,66,32,0.5331598830089206,35.421921461005695,35.42252824000025,0.6874849796295166,0.5142857142857142,0.5625,0.5101214574898786,0.49090909090909085,4.981132075471698e-06,1.0625,0.0,2.0,medium|easy|hard
test,0,1,67,32,0.5319231870089425,35.9544558780035,35.95506279999972,0.7252497673034668,0.3666666666666667,0.34375,0.425,0.3107692307692308,5.056603773584906e-06,1.09375,0.0,2.0,easy|hard|medium
test,0,1,68,32,0.5316136070032371,36.48658746499859,36.48719423500006,0.7118319272994995,0.45833333333333337,0.4375,0.46825396825396826,0.41700404858299595,5.1320754716981136e-06,0.78125,0.0,2.0,medium|easy|hard
test,0,1,69,32,0.5330833729967708,37.020279927994125,37.020886829996016,0.6995212435722351,0.3141025641025641,0.40625,0.3862745098039216,0.3266888150609081,5.207547169811321e-06,1.0,0.0,2.0,hard|easy|medium
test,0,1,70,32,0.5319781779980985,37.55280028699781,37.55340706599236,0.6957822442054749,0.5,0.5,0.5,0.4181818181818182,5.283018867924529e-06,1.125,0.0,2.0,hard|easy|medium
test,0,1,71,32,0.5318968449864769,38.08525256499706,38.0858593449957,0.7136625051498413,0.33974358974358976,0.34375,0.39878542510121456,0.3107692307692308,5.3584905660377365e-06,1.09375,0.0,2.0,medium|hard|easy
test,0,1,72,32,0.532427734011435,38.61827562699909,38.61888240999542,0.6790233850479126,0.4962962962962963,0.5625,0.4979757085020243,0.45893719806763283,5.433962264150944e-06,0.875,0.0,2.0,easy|hard|medium
test,0,1,73,32,0.5320603939908324,39.150879920998705,39.151486679998925,0.6814217567443848,0.5576923076923077,0.59375,0.5364372469635628,0.5134502923976608,5.509433962264151e-06,0.75,0.0,2.0,hard|easy|medium
test,0,1,74,32,0.5320341089973226,39.68350651700166,39.68411328399088,0.693325400352478,0.4742857142857143,0.5,0.48235294117647054,0.4458874458874459,5.5849056603773586e-06,1.25,0.0,2.0,hard|medium|easy
test,0,1,75,32,0.5328870410012314,40.216909602007945,40.21751639500144,0.664823055267334,0.7291666666666667,0.71875,0.6781376518218624,0.681063122923588,5.660377358490566e-06,0.8125,0.0,2.0,medium|hard|easy
test,0,1,76,32,0.531900375004625,40.7494221960078,40.75002904799476,0.704662561416626,0.49516908212560384,0.46875,0.49603174603174605,0.45545545545545546,5.735849056603774e-06,1.03125,0.0,2.0,hard|easy|medium
test,0,1,77,32,0.5323577519884566,41.28224695799872,41.28285370700178,0.7108297348022461,0.4742857142857143,0.5,0.48235294117647054,0.4458874458874459,5.8113207547169815e-06,0.8125,0.0,2.0,medium|hard|easy
test,0,1,78,32,0.5331771140045021,41.816005966000375,41.81661274599901,0.7082178592681885,0.45,0.46875,0.45686274509803926,0.4420512820512821,5.886792452830189e-06,1.0625,0.0,2.0,medium|easy|hard
test,0,1,79,32,0.5331210190051934,42.34974251600215,42.35034930300026,0.6991158723831177,0.23333333333333334,0.4375,0.4375,0.30434782608695654,5.962264150943397e-06,1.03125,0.0,2.0,medium|easy|hard
test,0,1,80,32,0.5321145009947941,42.88242171599995,42.883028650001506,0.6687407493591309,0.6774891774891775,0.71875,0.6863636363636363,0.681063122923588,6.037735849056604e-06,0.875,0.0,2.0,easy|medium|hard
test,0,1,81,32,0.5334429579961579,43.416452941004536,43.417059706000146,0.692582368850708,0.4375,0.46875,0.4529411764705883,0.4231177094379639,6.113207547169811e-06,1.0,0.0,2.0,easy|hard|medium
test,0,1,82,32,0.5319827519997489,43.94902663699759,43.949633480995544,0.6793563365936279,0.4464285714285714,0.40625,0.4757085020242915,0.3552492046659597,6.188679245283019e-06,0.90625,0.0,2.0,hard|medium|easy
test,0,1,83,32,0.5317100329993991,44.481311466995976,44.48191823999514,0.7041263580322266,0.4342857142857143,0.4375,0.4549019607843137,0.4,6.2641509433962265e-06,1.1875,0.0,2.0,hard|medium|easy
test,0,1,84,32,0.5325467350048712,45.01440103100322,45.01500781800132,0.7180050015449524,0.4857142857142857,0.4375,0.4898785425101215,0.41700404858299595,6.339622641509434e-06,1.21875,0.0,2.0,easy|medium|hard
test,0,1,85,32,0.5323196350072976,45.54718160099583,45.54778837799677,0.710788369178772,0.5192307692307692,0.53125,0.5117647058823529,0.4684385382059801,6.415094339622642e-06,0.875,0.0,2.0,easy|medium|hard
test,0,1,86,32,0.5316065980005078,46.07934755200404,46.07995458100049,0.6739726066589355,0.5357142857142857,0.5625,0.5158730158730158,0.45893719806763283,6.490566037735849e-06,1.15625,0.0,2.0,hard|medium|easy
test,0,1,87,32,0.5331939679890638,46.61301274500147,46.61361958899943,0.6927376985549927,0.5192307692307692,0.53125,0.5117647058823529,0.4684385382059801,6.566037735849057e-06,0.90625,0.0,2.0,easy|hard|medium
test,0,1,88,32,0.531927503994666,47.145532845999696,47.14613967300102,0.7082837820053101,0.39142857142857146,0.53125,0.41363636363636364,0.3992490613266583,6.641509433962265e-06,0.9375,0.0,2.0,medium|hard|easy
test,0,1,89,32,0.532722798991017,47.678836082006455,47.67944285199337,0.6976495981216431,0.3502415458937198,0.40625,0.376984126984127,0.3552492046659597,6.7169811320754715e-06,0.875,0.0,2.0,easy|medium|hard
test,0,1,90,32,0.5327332550077699,48.21211862799828,48.212725489996956,0.691020131111145,0.39743589743589747,0.4375,0.4375,0.37662337662337664,6.792452830188679e-06,0.84375,0.0,2.0,hard|easy|medium
test,0,1,91,32,0.532174373001908,48.7448658390058,48.74547260800318,0.7053076028823853,0.44074074074074077,0.46875,0.46875,0.39756367663344405,6.867924528301887e-06,1.1875,0.0,2.0,hard|medium|easy
test,0,1,92,32,0.5323025770048844,49.277740706005716,49.27834756000084,0.6828868389129639,0.6777777777777778,0.59375,0.59375,0.539313399778516,6.943396226415094e-06,0.96875,0.0,2.0,hard|easy|medium
test,0,1,93,32,0.5335824799985858,49.8118596120039,49.812466374991345,0.7043421268463135,0.33974358974358976,0.34375,0.39878542510121456,0.3107692307692308,7.018867924528302e-06,1.0625,0.0,2.0,hard|easy|medium
test,0,1,94,32,0.5320190319907852,50.3443266999966,50.344933474989375,0.7027249336242676,0.48518518518518516,0.40625,0.4916666666666667,0.3764102564102564,7.09433962264151e-06,0.9375,0.0,2.0,easy|medium|hard
test,0,1,95,32,0.5327787249989342,50.877671649999684,50.87827840600221,0.6853500604629517,0.5192307692307692,0.53125,0.5117647058823529,0.4684385382059801,7.169811320754717e-06,1.09375,0.0,2.0,medium|easy|hard
test,0,1,96,32,0.5323727370123379,51.41063321700494,51.41124000499258,0.7031015753746033,0.3735632183908046,0.40625,0.45634920634920634,0.3266888150609081,7.245283018867925e-06,0.96875,0.0,2.0,hard|easy|medium
test,0,1,97,32,0.5325515560107306,51.94375461099844,51.94436137400044,0.7013331651687622,0.6282051282051282,0.5,0.5833333333333333,0.4817813765182186,7.3207547169811326e-06,1.09375,0.0,2.0,easy|hard|medium
test,0,1,98,32,0.5319938930042554,52.476206759994966,52.47681354799715,0.6640599966049194,0.8148148148148149,0.6875,0.6666666666666666,0.6363636363636364,7.396226415094339e-06,0.90625,0.0,2.0,hard|easy|medium
test,0,1,99,32,0.5334002989984583,53.01009056500334,53.01069735799683,0.684187650680542,0.49425287356321834,0.625,0.49783549783549785,0.4514285714285714,7.471698113207547e-06,1.0625,0.0,2.0,medium|hard|easy
test,0,1,100,32,0.5321627699886449,53.54280281200772,53.543409691992565,0.6595605611801147,0.6771428571428572,0.65625,0.623015873015873,0.6101882613510521,7.5471698113207555e-06,1.25,0.0,2.0,medium|easy|hard
test,0,1,101,32,0.5328588559932541,54.076252640996245,54.07685955899069,0.665759801864624,0.6592592592592592,0.5625,0.5843137254901961,0.5151515151515151,7.622641509433963e-06,1.28125,0.0,2.0,hard|easy|medium
test,0,1,102,32,0.5324726529943291,54.609331605999614,54.60993837899878,0.689519464969635,0.4423076923076923,0.40625,0.46356275303643724,0.3764102564102564,7.69811320754717e-06,1.15625,0.0,2.0,hard|medium|easy
test,0,1,103,32,0.5321722700027749,55.14194135299476,55.14254814499873,0.6750762462615967,0.6407407407407407,0.53125,0.5753968253968254,0.4909862142099682,7.77358490566038e-06,0.875,0.0,2.0,hard|easy|medium
test,0,1,104,32,0.53166344598867,55.67422271000396,55.67482948899851,0.6611965894699097,0.8461538461538461,0.75,0.7142857142857143,0.7090909090909091,7.849056603773586e-06,1.0625,0.0,2.0,easy|hard|medium
test,0,1,105,32,0.5330495910020545,56.20779272100481,56.208399570998154,0.6419143676757812,0.8409090909090908,0.78125,0.7941176470588236,0.7757757757757757,7.924528301886793e-06,1.09375,0.0,2.0,medium|hard|easy
test,0,1,106,32,0.5326708070060704,56.74097819899907,56.74158531699504,0.6683580875396729,0.626984126984127,0.625,0.625,0.6235294117647059,8.000000000000001e-06,1.21875,0.0,2.0,medium|easy|hard
test,0,1,107,32,0.532206315008807,57.27376255999843,57.27436939299514,0.6593847274780273,0.7333333333333334,0.75,0.7333333333333334,0.7333333333333334,8.075471698113208e-06,0.78125,0.0,2.0,easy|medium|hard
test,0,1,108,32,0.5325159810017794,57.806754777004244,57.80736155899649,0.6507391929626465,0.6746031746031746,0.6875,0.6833333333333333,0.6761133603238867,8.150943396226417e-06,0.71875,0.0,2.0,easy|medium|hard
test,0,1,109,32,0.5328979740006616,58.340154595003696,58.340761409999686,0.6328109502792358,0.8117647058823529,0.8125,0.8117647058823529,0.8117647058823529,8.226415094339623e-06,1.09375,0.0,2.0,medium|hard|easy
test,0,1,110,32,0.532050274006906,58.872808635002,58.87341544999799,0.6198310256004333,0.8582995951417004,0.875,0.8831168831168831,0.8666666666666667,8.301886792452832e-06,1.15625,0.0,2.0,hard|easy|medium
test,0,1,111,32,0.5332066249975469,59.40660576200753,59.40721262199804,0.6014363765716553,0.8125,0.8125,0.8125,0.8125,8.377358490566039e-06,0.96875,0.0,2.0,easy|hard|medium
test,0,1,112,32,0.5327929429913638,59.93986429600045,59.940471095993416,0.5608603954315186,0.8666666666666667,0.875,0.8666666666666667,0.8666666666666667,8.452830188679245e-06,0.9375,0.0,2.0,easy|medium|hard
test,0,1,113,32,0.5321855410002172,60.47261833000812,60.473225113993976,0.5805262327194214,0.8357487922705313,0.8125,0.7813765182186234,0.7922077922077921,8.528301886792454e-06,0.875,0.0,2.0,easy|hard|medium
test,0,1,114,32,0.5324588869989384,61.005628840008285,61.00623564199486,0.5452467203140259,0.7900432900432901,0.78125,0.7658730158730158,0.7702564102564102,8.60377358490566e-06,1.0,0.0,2.0,easy|hard|medium
test,0,1,115,32,0.5332524760015076,61.5394436110073,61.54005043300276,0.5573868155479431,0.7773279352226721,0.75,0.7773279352226721,0.75,8.67924528301887e-06,1.09375,0.0,2.0,easy|hard|medium
test,0,1,116,32,0.5316487540112576,62.07168577700213,62.0722925470036,0.546114444732666,0.8260869565217391,0.75,0.7647058823529411,0.7408906882591093,8.754716981132076e-06,0.875,0.0,2.0,medium|easy|hard
test,0,1,117,32,0.5338421299966285,62.60604753700318,62.60665437098942,0.4513636827468872,0.9,0.84375,0.7916666666666667,0.8128654970760234,8.830188679245285e-06,1.0,0.0,2.0,hard|easy|medium
test,0,1,118,32,0.5320764479984064,63.13866736700584,63.13927420300024,0.48907291889190674,0.7662337662337663,0.75,0.7411764705882353,0.7408906882591093,8.905660377358491e-06,0.84375,0.0,2.0,medium|easy|hard
test,0,1,119,32,0.5318690540007083,63.67111315099464,63.67171993300144,0.40379780530929565,0.9,0.875,0.875,0.873015873015873,8.9811320754717e-06,0.84375,0.0,2.0,easy|hard|medium
test,0,1,120,32,0.5330889729957562,64.20471547900524,64.20532230500248,0.4717269539833069,0.7976190476190477,0.78125,0.8036437246963564,0.7810361681329423,9.056603773584907e-06,1.1875,0.0,2.0,easy|hard|medium
test,0,1,121,32,0.532736166001996,64.73799374399823,64.73860061999585,0.3310011327266693,0.9007936507936507,0.90625,0.9089068825910931,0.9039039039039038,9.132075471698113e-06,1.15625,0.0,2.0,medium|easy|hard
test,0,1,122,32,0.5315380460087908,65.27009898200049,65.27070578599523,0.37145131826400757,0.8650793650793651,0.875,0.8833333333333333,0.8704453441295547,9.207547169811322e-06,0.875,0.0,2.0,medium|easy|hard
test,0,1,123,32,0.5330931119970046,65.8037645410077,65.80437132899533,0.27109378576278687,0.9087301587301587,0.90625,0.903921568627451,0.9054187192118226,9.283018867924529e-06,0.90625,0.0,2.0,easy|medium|hard
test,0,1,124,32,0.5332990939932643,66.3375868830044,66.33819379100169,0.6062265634536743,0.7857142857142857,0.71875,0.775,0.718475073313783,9.358490566037737e-06,1.25,0.0,2.0,hard|medium|easy
test,0,1,125,32,0.5328012550016865,66.8709121819993,66.87151904100028,0.2185686230659485,0.9761904761904762,0.96875,0.9583333333333333,0.9660657476139979,9.433962264150944e-06,1.09375,0.0,2.0,easy|hard|medium
test,0,1,126,32,0.5328989569970872,67.40431952400832,67.40492630300287,0.5684928297996521,0.78125,0.78125,0.791497975708502,0.7793103448275862,9.509433962264152e-06,1.09375,0.0,2.0,medium|easy|hard
test,0,1,127,32,0.5323252469970612,67.93712093500653,67.93772795300174,0.4514957666397095,0.8174603174603174,0.8125,0.8125,0.8117647058823529,9.58490566037736e-06,1.21875,0.0,2.0,easy|medium|hard
test,0,1,128,32,0.5318109350046143,68.4695114329952,68.47011823698995,0.404732346534729,0.8947368421052632,0.875,0.8823529411764706,0.8745098039215686,9.660377358490568e-06,1.21875,0.0,2.0,hard|medium|easy
test,0,1,129,32,0.5334236749913543,69.0034561539942,69.00406299799215,0.40283119678497314,0.8318181818181818,0.84375,0.8160173160173161,0.82281284606866,9.735849056603775e-06,1.1875,0.0,2.0,hard|medium|easy
test,0,1,130,32,0.5327116690023104,69.53673982100736,69.53734670999984,0.5362079739570618,0.7490196078431373,0.75,0.7490196078431373,0.7490196078431373,9.811320754716981e-06,0.75,0.0,2.0,medium|hard|easy
test,0,1,131,32,0.5320309729868313,70.06933318999654,70.06993998899998,0.6780786514282227,0.6862745098039216,0.6875,0.6862745098039216,0.6862745098039216,9.88679245283019e-06,1.0,0.0,2.0,hard|easy|medium
test,0,1,132,32,0.5325322659919038,70.60241189600492,70.60301867200178,0.39923566579818726,0.8792270531400965,0.875,0.8398268398268398,0.8545454545454545,9.962264150943397e-06,0.84375,0.0,2.0,medium|hard|easy
test,0,1,133,32,0.5330653280107072,71.13603071600664,71.1366374999925,0.5944536924362183,0.7408906882591093,0.75,0.7408906882591093,0.7408906882591093,1.0037735849056605e-05,1.15625,0.0,2.0,hard|medium|easy
test,0,1,134,32,0.5317019280046225,71.6683100740047,71.66891685099108,0.2483714520931244,0.9352226720647774,0.9375,0.9352226720647774,0.9352226720647774,1.0113207547169812e-05,0.90625,0.0,2.0,easy|medium|hard
test,0,1,135,32,0.5329426270036492,72.20181342800788,72.20242025199695,0.35629403591156006,0.875,0.875,0.875,0.875,1.018867924528302e-05,1.0,0.0,2.0,easy|hard|medium
test,0,1,136,32,0.5324990420049289,72.73492934599926,72.73553625799832,0.36344683170318604,0.8825910931174089,0.875,0.8705882352941177,0.873015873015873,1.0264150943396227e-05,1.03125,0.0,2.0,easy|medium|hard
test,0,1,137,32,0.5322011829994153,73.26757060000091,73.26817747899622,0.284416139125824,0.8611111111111112,0.84375,0.868421052631579,0.8435972629521017,1.0339622641509434e-05,0.96875,0.0,2.0,easy|medium|hard
test,0,1,138,32,0.5328971380076837,73.80094588000793,73.80155268099043,0.4042961597442627,0.7833333333333333,0.8125,0.8090909090909091,0.7922077922077921,1.0415094339622642e-05,1.1875,0.0,2.0,easy|hard|medium
test,0,1,139,32,0.5331845239998074,74.33470141200814,74.33530819400039,0.2939149737358093,0.8650793650793651,0.875,0.8833333333333333,0.8704453441295547,1.049056603773585e-05,0.9375,0.0,2.0,medium|hard|easy
test,0,1,140,32,0.5317857000045478,74.86706689100538,74.86767382999824,0.4303847551345825,0.8319838056680162,0.84375,0.8416666666666667,0.8358974358974359,1.0566037735849058e-05,1.15625,0.0,2.0,easy|medium|hard
test,0,1,141,32,0.532833171004313,75.40040136199968,75.4010081430024,0.39971527457237244,0.868421052631579,0.84375,0.8611111111111112,0.8435972629521017,1.0641509433962264e-05,1.125,0.0,2.0,easy|hard|medium
test,0,1,142,32,0.5334231559972977,75.93435966200195,75.93496668800071,0.3140072524547577,0.9087301587301587,0.90625,0.903921568627451,0.9054187192118226,1.0716981132075473e-05,1.0625,0.0,2.0,easy|hard|medium
test,0,1,143,32,0.5316659020027146,76.46656156600511,76.46716834900144,0.3463679552078247,0.875,0.875,0.8809523809523809,0.8745098039215686,1.079245283018868e-05,1.0625,0.0,2.0,hard|medium|easy
test,0,1,144,32,0.5331429450016003,77.00026631700166,77.00087317699217,0.3571437895298004,0.8809523809523809,0.875,0.875,0.8745098039215686,1.0867924528301888e-05,0.84375,0.0,2.0,medium|easy|hard
test,0,1,145,32,0.532863776999875,77.53362094399927,77.53422771699843,0.18321272730827332,0.9761904761904762,0.96875,0.9583333333333333,0.9660657476139979,1.0943396226415095e-05,1.03125,0.0,2.0,medium|easy|hard
test,0,1,146,32,0.5315001150011085,78.06559971200477,78.06620648100215,0.38527682423591614,0.8117647058823529,0.8125,0.8117647058823529,0.8117647058823529,1.1018867924528302e-05,1.03125,0.0,2.0,hard|medium|easy
test,0,1,147,32,0.5330019349930808,78.59912832299597,78.59973519499181,0.27238038182258606,0.8833333333333333,0.875,0.8650793650793651,0.8704453441295547,1.109433962264151e-05,0.9375,0.0,2.0,easy|hard|medium
test,0,1,148,32,0.5328809089987772,79.1325168350013,79.1331236249971,0.17410796880722046,0.9117647058823529,0.90625,0.9166666666666667,0.906158357771261,1.1169811320754717e-05,1.3125,0.0,2.0,hard|medium|easy
test,0,1,149,32,0.5323052919993643,79.66536615899531,79.66597300099966,0.3192374110221863,0.84375,0.84375,0.8450980392156863,0.8435972629521017,1.1245283018867926e-05,1.0625,0.0,2.0,easy|hard|medium
test,0,1,150,32,0.5327399230009178,80.19875147500716,80.19935829799215,0.3316000998020172,0.8125,0.8125,0.8333333333333333,0.8095238095238095,1.1320754716981132e-05,1.125,0.0,2.0,easy|hard|medium
test,0,1,151,32,0.5327368660073262,80.73207486800675,80.73268173600081,0.214324489235878,0.9089068825910931,0.90625,0.9007936507936507,0.9039039039039038,1.1396226415094341e-05,1.03125,0.0,2.0,medium|hard|easy
test,0,1,152,32,0.531891001999611,81.2644628679991,81.26506971000344,0.24459102749824524,0.9444444444444444,0.9375,0.9375,0.9372549019607843,1.1471698113207548e-05,1.15625,0.0,2.0,hard|medium|easy
test,0,1,153,32,0.5328906189970439,81.79795136699977,81.7985581499961,0.40235960483551025,0.8293650793650793,0.84375,0.8593073593073592,0.8358974358974359,1.1547169811320756e-05,0.90625,0.0,2.0,medium|hard|easy
test,0,1,154,32,0.5332930849981494,82.33177896800044,82.33238587000233,0.4541013836860657,0.8372549019607842,0.84375,0.8583333333333334,0.8398398398398399,1.1622641509433963e-05,0.875,0.0,2.0,easy|hard|medium
test,0,1,155,32,0.5323110410099616,82.8647032269946,82.86531000999094,0.3737248480319977,0.9047619047619048,0.875,0.8666666666666667,0.8704453441295547,1.169811320754717e-05,1.25,0.0,2.0,hard|medium|easy
test,0,1,156,32,0.5332511330052512,83.39846711100836,83.39907388199936,0.32889652252197266,0.925,0.90625,0.9,0.9039039039039038,1.1773584905660378e-05,0.90625,0.0,2.0,medium|easy|hard
test,0,1,157,32,0.5323391580022871,83.93136121499992,83.93196805300249,0.3116084337234497,0.84375,0.84375,0.8450980392156863,0.8435972629521017,1.1849056603773585e-05,1.0,0.0,2.0,easy|hard|medium
test,0,1,158,32,0.5317020850052359,84.46365702099865,84.46426380699268,0.265289306640625,0.9083333333333333,0.90625,0.8967611336032388,0.9015384615384616,1.1924528301886794e-05,1.03125,0.0,2.0,easy|hard|medium
test,0,1,159,32,0.5330924080044497,84.99724476899428,84.99785168899689,0.4651777446269989,0.807843137254902,0.8125,0.8178137651821862,0.8095238095238095,1.2e-05,0.9375,0.0,2.0,hard|medium|easy
test,0,1,160,32,0.5328547620010795,85.53066310400027,85.53126991599856,0.35241270065307617,0.88,0.8125,0.7692307692307692,0.7818181818181817,1.2075471698113209e-05,1.21875,0.0,2.0,hard|easy|medium
test,0,1,161,32,0.5325239210069412,86.06375444300647,86.06436129499343,0.17578443884849548,0.9473684210526316,0.9375,0.9333333333333333,0.9365079365079365,1.2150943396226416e-05,1.125,0.0,2.0,medium|hard|easy
test,0,1,162,32,0.532694106004783,86.59704234699893,86.59764912999526,0.2684547007083893,0.9090909090909092,0.875,0.8571428571428572,0.8666666666666667,1.2226415094339622e-05,1.1875,0.0,2.0,easy|hard|medium
test,0,1,163,32,0.5329178789979778,87.13056055099878,87.13116741699923,0.3523900806903839,0.8373015873015872,0.84375,0.8441295546558705,0.8398398398398399,1.2301886792452831e-05,0.96875,0.0,2.0,medium|easy|hard
test,0,1,164,32,0.5316569580027135,87.66273783199722,87.66334463898966,0.275551438331604,0.9083333333333333,0.90625,0.8967611336032388,0.9015384615384616,1.2377358490566038e-05,0.75,0.0,2.0,easy|medium|hard
test,0,1,165,32,0.5327743540110532,88.19606267100608,88.19666947099904,0.36813873052597046,0.8117647058823529,0.8125,0.8117647058823529,0.8117647058823529,1.2452830188679246e-05,0.90625,0.0,2.0,hard|medium|easy
test,0,1,166,32,0.5328051010001218,88.72948897599417,88.73009578000347,0.26907628774642944,0.9166666666666667,0.90625,0.9117647058823529,0.906158357771261,1.2528301886792453e-05,0.84375,0.0,2.0,hard|medium|easy
test,0,1,167,32,0.5322852480021538,89.26228979599546,89.26289664600336,0.25100943446159363,0.9089068825910931,0.90625,0.9007936507936507,0.9039039039039038,1.2603773584905661e-05,0.8125,0.0,2.0,medium|hard|easy
test,0,1,168,32,0.5327731880097417,89.7955912710022,89.79619807899871,0.3609364926815033,0.8833333333333333,0.875,0.8650793650793651,0.8704453441295547,1.2679245283018868e-05,0.875,0.0,2.0,hard|medium|easy
test,0,1,169,32,0.5327872070047306,90.32882704300573,90.329433840001,0.26906776428222656,0.9523809523809523,0.9375,0.9230769230769231,0.9333333333333333,1.2754716981132077e-05,0.90625,0.0,2.0,easy|medium|hard
test,0,1,170,32,0.5317890190053731,90.86124040999857,90.86184721899917,0.41810962557792664,0.8421052631578947,0.8125,0.8421052631578947,0.8125,1.2830188679245283e-05,1.1875,0.0,2.0,easy|hard|medium
test,0,1,171,32,0.5330068570037838,91.3948232900002,91.39543022199359,0.4034205377101898,0.8441295546558705,0.84375,0.8373015873015872,0.8398398398398399,1.290566037735849e-05,0.84375,0.0,2.0,hard|medium|easy
test,0,1,172,32,0.5327413519989932,91.92818194600113,91.92878878299962,0.4045391082763672,0.8235294117647058,0.8125,0.8571428571428572,0.8095238095238095,1.2981132075471699e-05,1.0,0.0,2.0,easy|medium|hard
test,0,1,173,32,0.5320186050084885,92.4607295050082,92.46133628798998,0.3052252233028412,0.8704453441295547,0.875,0.8704453441295547,0.8704453441295547,1.3056603773584906e-05,1.15625,0.0,2.0,medium|easy|hard
test,0,1,174,32,0.5331151189893717,92.99436175600567,92.99496861899388,0.30739182233810425,0.8441295546558705,0.84375,0.8373015873015872,0.8398398398398399,1.3132075471698114e-05,1.03125,0.0,2.0,easy|hard|medium
test,0,1,175,32,0.5328169190033805,93.527743603001,93.52835040799982,0.2311917543411255,0.9523809523809523,0.9375,0.9230769230769231,0.9333333333333333,1.320754716981132e-05,0.9375,0.0,2.0,easy|medium|hard
test,0,1,176,32,0.532351000001654,94.06063163600629,94.06123846500122,0.15996289253234863,0.9307359307359306,0.9375,0.9307359307359306,0.9307359307359306,1.328301886792453e-05,0.8125,0.0,2.0,medium|hard|easy
test,0,1,177,32,0.5328726039879257,94.5940956310078,94.5947024210036,0.3705781102180481,0.875,0.875,0.8809523809523809,0.8745098039215686,1.3358490566037736e-05,1.15625,0.0,2.0,medium|hard|easy
test,0,1,178,32,0.5327460469998186,95.12736554800358,95.12797252098972,0.26101136207580566,0.9045454545454545,0.90625,0.8852813852813852,0.893687707641196,1.3433962264150943e-05,1.0,0.0,2.0,easy|hard|medium
test,0,1,179,32,0.5320153270004084,95.65993002300092,95.66053681499034,0.40085408091545105,0.8373015873015872,0.84375,0.8441295546558705,0.8398398398398399,1.3509433962264151e-05,1.09375,0.0,2.0,medium|easy|hard
test,0,1,180,32,0.53308407899749,96.1936065560003,96.19421333700302,0.14376050233840942,0.9583333333333333,0.96875,0.9761904761904762,0.9660657476139979,1.3584905660377358e-05,0.875,0.0,2.0,easy|hard|medium
test,0,1,181,32,0.5330540849972749,96.72724650800228,96.72785337199457,0.33277109265327454,0.8831168831168831,0.875,0.8582995951417004,0.8666666666666667,1.3660377358490567e-05,1.0625,0.0,2.0,easy|hard|medium
test,0,1,182,32,0.5321608880040003,97.2598813700024,97.26048825599719,0.2586289346218109,0.9372549019607843,0.9375,0.9372549019607843,0.9372549019607843,1.3735849056603773e-05,1.1875,0.0,2.0,easy|medium|hard
test,0,1,183,32,0.5330351640004665,97.79342523000378,97.79403201799141,0.3972114622592926,0.875,0.84375,0.8529411764705883,0.8423645320197044,1.3811320754716982e-05,0.78125,0.0,2.0,easy|hard|medium
test,0,1,184,32,0.5326575530052651,98.32663467399834,98.3272417979897,0.2872334420681,0.9166666666666667,0.90625,0.9117647058823529,0.906158357771261,1.3886792452830189e-05,0.78125,0.0,2.0,hard|medium|easy
test,0,1,185,32,0.5314894570037723,98.85861930000829,98.85922608399414,0.456484317779541,0.75,0.75,0.7380952380952381,0.7408906882591093,1.3962264150943397e-05,0.9375,0.0,2.0,easy|hard|medium
test,0,1,186,32,0.5326257720007561,99.39177938099601,99.39238624399877,0.36608749628067017,0.8531746031746033,0.84375,0.8490196078431372,0.8435972629521017,1.4037735849056604e-05,0.65625,0.0,2.0,easy|hard|medium
test,0,1,187,32,0.5332274679967668,99.92558405500313,99.92619083599129,0.562495231628418,0.8095238095238095,0.8125,0.8095238095238095,0.8095238095238095,1.411320754716981e-05,0.75,0.0,2.0,easy|hard|medium
test,0,1,188,32,0.5325052060070448,100.45865255099488,100.45925932699174,0.24218755960464478,0.903921568627451,0.90625,0.9087301587301587,0.9054187192118226,1.418867924528302e-05,0.875,0.0,2.0,easy|medium|hard
test,0,1,189,32,0.5329948050057283,100.99208714500128,100.99269399300101,0.3851112127304077,0.8450980392156863,0.84375,0.84375,0.8435972629521017,1.4264150943396226e-05,0.84375,0.0,2.0,easy|hard|medium
test,0,1,190,32,0.5328667139983736,101.52550633900682,101.52611311299552,0.2671826183795929,0.8967611336032388,0.90625,0.9083333333333333,0.9015384615384616,1.4339622641509435e-05,0.90625,0.0,2.0,hard|medium|easy
test,0,1,191,32,0.5323415499879047,102.05840554099996,102.05901237500075,0.2581321895122528,0.903921568627451,0.90625,0.9087301587301587,0.9054187192118226,1.4415094339622641e-05,1.1875,0.0,2.0,easy|medium|hard
test,0,1,192,32,0.5327186359936604,102.59173072599515,102.59233749799023,0.22307434678077698,0.907843137254902,0.90625,0.90625,0.906158357771261,1.449056603773585e-05,0.90625,0.0,2.0,easy|hard|medium
test,0,1,193,32,0.532310808004695,103.12460788300086,103.12521477299742,0.325412392616272,0.8450980392156863,0.84375,0.84375,0.8435972629521017,1.4566037735849057e-05,0.90625,0.0,2.0,hard|medium|easy
test,0,1,194,32,0.5317641630099388,103.65697758899478,103.65758436499164,0.417716383934021,0.8333333333333333,0.8125,0.8125,0.8095238095238095,1.4641509433962265e-05,1.0625,0.0,2.0,medium|hard|easy
test,0,1,195,32,0.5328069560055155,104.1903450999962,104.19095216199639,0.33113086223602295,0.8745098039215686,0.875,0.8745098039215686,0.8745098039215686,1.4716981132075472e-05,0.84375,0.0,2.0,hard|easy|medium
test,0,1,196,32,0.5333163739996962,104.72429656299937,104.72490335399925,0.3263731300830841,0.8593073593073592,0.84375,0.8293650793650793,0.8358974358974359,1.4792452830188679e-05,1.15625,0.0,2.0,easy|hard|medium
test,0,1,197,32,0.532337106007617,105.25716248700337,105.25776928999403,0.10848778486251831,0.9736842105263157,0.96875,0.9642857142857143,0.967967967967968,1.4867924528301887e-05,0.90625,0.0,2.0,easy|hard|medium
test,0,1,198,32,0.5330395259952638,105.79077563600731,105.79138247099763,0.28042370080947876,0.8611111111111112,0.84375,0.868421052631579,0.8435972629521017,1.4943396226415094e-05,0.96875,0.0,2.0,easy|medium|hard
test,0,1,199,32,0.532911554997554,106.32426679700438,106.32487384098931,0.18653380870819092,0.9642857142857143,0.96875,0.9736842105263157,0.967967967967968,1.5018867924528304e-05,0.96875,0.0,2.0,medium|easy|hard
test,0,1,200,32,0.5319558839983074,106.85679986700416,106.8574066489964,0.5031853318214417,0.84375,0.84375,0.8450980392156863,0.8435972629521017,1.5094339622641511e-05,1.15625,0.0,2.0,easy|medium|hard
test,0,1,201,32,0.5330374859913718,107.39037912999629,107.39098597299017,0.23021680116653442,0.9444444444444444,0.9375,0.9375,0.9372549019607843,1.516981132075472e-05,0.90625,0.0,2.0,medium|easy|hard
test,0,1,202,32,0.5324634639982833,107.92343735300528,107.92404414399061,0.2874627709388733,0.8666666666666667,0.875,0.8666666666666667,0.8666666666666667,1.5245283018867926e-05,0.96875,0.0,2.0,hard|medium|easy
test,0,1,203,32,0.5316208729927894,108.45561889300006,108.4562256759964,0.5079407691955566,0.7651821862348178,0.75,0.7568627450980392,0.7490196078431373,1.5320754716981133e-05,1.0625,0.0,2.0,hard|medium|easy
test,0,1,204,32,0.5328589080017991,108.98901106500125,108.98961791000329,0.25596481561660767,0.9087301587301587,0.90625,0.903921568627451,0.9054187192118226,1.539622641509434e-05,1.0,0.0,2.0,medium|easy|hard
test,0,1,205,32,0.5332113949989434,109.522793370008,109.52340020998963,0.4015209972858429,0.8593073593073592,0.84375,0.8293650793650793,0.8358974358974359,1.547169811320755e-05,1.09375,0.0,2.0,easy|medium|hard
test,0,1,206,32,0.5318601509934524,110.05525817400485,110.05586504699022,0.5342366695404053,0.8571428571428572,0.8125,0.8235294117647058,0.8095238095238095,1.554716981132076e-05,1.21875,0.0,2.0,easy|hard|medium
test,0,1,207,32,0.53253368800506,110.58834415899764,110.58895093700266,0.3935509920120239,0.9090909090909092,0.875,0.8571428571428572,0.8666666666666667,1.5622641509433964e-05,1.0,0.0,2.0,hard|easy|medium
test,0,1,208,32,0.532994877998135,111.12186250800733,111.12246942499769,0.2390410453081131,0.9473684210526316,0.9375,0.9333333333333333,0.9365079365079365,1.5698113207547172e-05,0.90625,0.0,2.0,medium|hard|easy
test,0,1,209,32,0.5320273699908284,111.65451070800191,111.65511749299185,0.297201007604599,0.8441295546558705,0.84375,0.8373015873015872,0.8398398398398399,1.577358490566038e-05,0.84375,0.0,2.0,medium|hard|easy
test,0,1,210,32,0.5332803369965404,112.18833642400568,112.18894327199087,0.38268381357192993,0.875,0.84375,0.8529411764705883,0.8423645320197044,1.5849056603773586e-05,1.09375,0.0,2.0,medium|hard|easy
test,0,1,211,32,0.5327684730000328,112.72170329900109,112.72231013399141,0.09588760882616043,1.0,1.0,1.0,1.0,1.5924528301886794e-05,1.0,0.0,2.0,easy|medium|hard
test,0,1,212,32,0.5318297250050819,113.25406289300008,113.25466999599303,0.3859807848930359,0.8166666666666667,0.8125,0.8015873015873016,0.8056680161943319,1.6000000000000003e-05,1.15625,0.0,2.0,medium|hard|easy
test,0,1,213,32,0.5333603899925947,113.7880240700033,113.78863085599733,0.1698381006717682,0.9375,0.9375,0.9444444444444444,0.9372549019607843,1.607547169811321e-05,0.9375,0.0,2.0,easy|medium|hard
test,0,1,214,32,0.532875660006539,114.321495547003,114.3221025160019,0.45454537868499756,0.7672064777327935,0.78125,0.775,0.7702564102564102,1.6150943396226416e-05,1.0,0.0,2.0,easy|medium|hard
test,0,1,215,32,0.531587949997629,114.8536056150042,114.8542124969972,0.4510909914970398,0.8593073593073592,0.84375,0.8293650793650793,0.8358974358974359,1.6226415094339625e-05,0.9375,0.0,2.0,medium|easy|hard
test,0,1,216,32,0.5326065609988291,115.3867350280052,115.38734183099587,0.12312164157629013,0.9705882352941176,0.96875,0.96875,0.9687194525904204,1.6301886792452833e-05,0.75,0.0,2.0,easy|hard|medium
test,0,1,217,32,0.5334260269883089,115.92072700499557,115.92133397998987,0.4066627025604248,0.8416666666666667,0.84375,0.8319838056680162,0.8358974358974359,1.637735849056604e-05,1.09375,0.0,2.0,easy|hard|medium
test,0,1,218,32,0.5317377540050074,116.45300185099768,116.45360862999223,0.3538397550582886,0.875,0.875,0.8809523809523809,0.8745098039215686,1.6452830188679247e-05,0.84375,0.0,2.0,hard|easy|medium
test,0,1,219,32,0.5335352300025988,116.98709105300077,116.98769796200213,0.1747625470161438,0.9365079365079365,0.9375,0.9365079365079365,0.9365079365079365,1.6528301886792455e-05,1.125,0.0,2.0,medium|hard|easy
test,0,1,220,32,0.5324705590028316,117.520157646999,117.52076443500118,0.3943398892879486,0.8373015873015872,0.84375,0.8441295546558705,0.8398398398398399,1.6603773584905664e-05,1.03125,0.0,2.0,hard|medium|easy
test,0,1,221,32,0.5315871849888936,118.05235576200357,118.052962613001,0.13404473662376404,0.9666666666666667,0.96875,0.9722222222222222,0.9684729064039409,1.667924528301887e-05,0.9375,0.0,2.0,medium|easy|hard
test,0,1,222,32,0.5326056199992308,118.58548025100026,118.5860870309989,0.3060687184333801,0.8705882352941177,0.875,0.8825910931174089,0.873015873015873,1.6754716981132077e-05,0.96875,0.0,2.0,medium|easy|hard
test,0,1,223,32,0.5327435700019123,119.11865112899977,119.11925804399652,0.3156210482120514,0.8863636363636364,0.84375,0.8333333333333333,0.8358974358974359,1.6830188679245286e-05,1.1875,0.0,2.0,easy|medium|hard
test,0,1,224,32,0.5323040880030021,119.65158441000676,119.6521912469907,0.2651958763599396,0.9333333333333333,0.9375,0.9473684210526316,0.9365079365079365,1.690566037735849e-05,0.90625,0.0,2.0,medium|easy|hard
test,0,1,225,32,0.532758607994765,120.18494674100657,120.1855535289942,0.17030267417430878,0.9666666666666667,0.96875,0.9722222222222222,0.9684729064039409,1.69811320754717e-05,1.09375,0.0,2.0,hard|easy|medium
test,0,1,226,32,0.5326332620024914,120.7182104550011,120.7188172449969,0.36807072162628174,0.8825910931174089,0.875,0.8705882352941177,0.873015873015873,1.7056603773584908e-05,1.03125,0.0,2.0,easy|hard|medium
test,0,1,227,32,0.5327316729963059,121.2515147170052,121.25212153999018,0.3132365643978119,0.8825910931174089,0.875,0.8705882352941177,0.873015873015873,1.7132075471698116e-05,0.90625,0.0,2.0,hard|medium|easy
test,0,1,228,32,0.5327931729989359,121.78477581399784,121.78538268100237,0.3437725305557251,0.8015873015873016,0.8125,0.8166666666666667,0.8056680161943319,1.720754716981132e-05,1.15625,0.0,2.0,medium|hard|easy
test,0,1,229,32,0.5330010220059194,122.31836369400844,122.31897058099275,0.13960973918437958,0.9642857142857143,0.96875,0.9736842105263157,0.967967967967968,1.728301886792453e-05,1.03125,0.0,2.0,easy|hard|medium
test,0,1,230,32,0.5320499649969861,122.85101184500672,122.8516187589994,0.4155046343803406,0.8611111111111112,0.84375,0.868421052631579,0.8435972629521017,1.735849056603774e-05,0.96875,0.0,2.0,easy|hard|medium
test,0,1,231,32,0.5330406740104081,123.38457145400753,123.38517823599977,0.24190278351306915,0.9375,0.9375,0.9375,0.9375,1.7433962264150947e-05,0.78125,0.0,2.0,medium|hard|easy
test,0,1,232,32,0.5332561719988007,123.91842085099779,123.91902770499291,0.2670540511608124,0.907843137254902,0.90625,0.90625,0.906158357771261,1.7509433962264152e-05,1.0625,0.0,2.0,easy|medium|hard
test,0,1,233,32,0.531515013994067,124.45048755400057,124.45109434200276,0.24615390598773956,0.90625,0.90625,0.907843137254902,0.906158357771261,1.758490566037736e-05,1.0,0.0,2.0,easy|medium|hard
test,0,1,234,32,0.5330186840001261,124.98407546800445,124.98468225699617,0.2840999960899353,0.873015873015873,0.875,0.873015873015873,0.873015873015873,1.766037735849057e-05,0.9375,0.0,2.0,medium|hard|easy
test,0,1,235,32,0.5329167669988237,125.5175964210066,125.51820320999832,0.29069870710372925,0.8818181818181818,0.875,0.85,0.8614718614718615,1.7735849056603774e-05,0.96875,0.0,2.0,hard|easy|medium
test,0,1,236,32,0.5321098129934398,126.05023047000577,126.05083738599205,0.2792999744415283,0.9069264069264069,0.90625,0.8916666666666666,0.8981972428419936,1.7811320754716983e-05,0.96875,0.0,2.0,hard|easy|medium
test,0,1,237,32,0.5330502340075327,126.58373538599699,126.58434217500326,0.4790663719177246,0.7490196078431373,0.75,0.7490196078431373,0.7490196078431373,1.788679245283019e-05,1.15625,0.0,2.0,easy|medium|hard
test,0,1,238,32,0.5329805700021097,127.11719194399484,127.1177988290001,0.23569248616695404,0.9285714285714286,0.90625,0.8928571428571428,0.9015384615384616,1.79622641509434e-05,0.96875,0.0,2.0,medium|easy|hard
test,0,1,239,32,0.5316976689937292,127.64936411799863,127.64997092899284,0.6124136447906494,0.78125,0.78125,0.7823529411764706,0.7810361681329423,1.8037735849056605e-05,0.90625,0.0,2.0,medium|easy|hard
test,0,1,240,32,0.5324639919999754,128.1823878760042,128.182994717994,0.24174436926841736,0.8582995951417004,0.875,0.8831168831168831,0.8666666666666667,1.8113207547169813e-05,0.8125,0.0,2.0,easy|hard|medium
test,0,1,241,32,0.5330060050036991,128.71587283999543,128.71647962399584,0.2010849416255951,0.9375,0.9375,0.9444444444444444,0.9372549019607843,1.818867924528302e-05,0.9375,0.0,2.0,medium|easy|hard
test,0,1,242,32,0.5320770410035038,129.24851207999745,129.24911886500195,0.2751249670982361,0.875,0.875,0.875,0.875,1.8264150943396227e-05,1.1875,0.0,2.0,hard|easy|medium
test,0,1,243,32,0.5326807579986053,129.78178391000256,129.78239076799946,0.25458407402038574,0.90625,0.90625,0.907843137254902,0.906158357771261,1.8339622641509435e-05,0.71875,0.0,2.0,easy|hard|medium
test,0,1,244,32,0.5335136109933956,130.31591223800206,130.3165190169966,0.09364576637744904,1.0,1.0,1.0,1.0,1.8415094339622644e-05,1.28125,0.0,2.0,medium|hard|easy
test,0,1,245,32,0.5319031620019814,130.84831362099794,130.84892040600243,0.1932009756565094,0.9365079365079365,0.9375,0.9365079365079365,0.9365079365079365,1.8490566037735852e-05,0.84375,0.0,2.0,easy|medium|hard
test,0,1,246,32,0.5328980490012327,131.3816483289993,131.38225517199317,0.16222186386585236,0.9007936507936507,0.90625,0.9089068825910931,0.9039039039039038,1.8566037735849057e-05,0.9375,0.0,2.0,medium|easy|hard
test,0,1,247,32,0.5327837779914262,131.91498097300064,131.9155878169986,0.17866459488868713,0.9615384615384616,0.96875,0.975,0.9671794871794872,1.8641509433962266e-05,1.0625,0.0,2.0,medium|easy|hard
test,0,1,248,32,0.5326263140013907,132.44821883300028,132.4488257149933,0.17012852430343628,0.9705882352941176,0.96875,0.96875,0.9687194525904204,1.8716981132075474e-05,0.8125,0.0,2.0,medium|easy|hard
test,0,1,249,32,0.5330500440031756,132.98191007399873,132.98251697300293,0.13889151811599731,0.9375,0.9375,0.9444444444444444,0.9372549019607843,1.879245283018868e-05,1.03125,0.0,2.0,easy|hard|medium
test,0,1,250,32,0.5320658280106727,133.51461146000656,133.51521823299117,0.15534532070159912,0.9666666666666667,0.96875,0.9722222222222222,0.9684729064039409,1.8867924528301888e-05,0.96875,0.0,2.0,hard|easy|medium
test,0,1,251,32,0.5321924090094399,134.0473347310035,134.04794167198997,0.12441173940896988,0.9722222222222222,0.96875,0.9666666666666667,0.9684729064039409,1.8943396226415096e-05,1.0625,0.0,2.0,hard|medium|easy
test,0,1,252,32,0.532849551003892,134.58069128000352,134.58129809399543,0.12826788425445557,0.9772727272727273,0.96875,0.9545454545454546,0.964562569213732,1.9018867924528305e-05,1.15625,0.0,2.0,hard|medium|easy
test,0,1,253,32,0.5329195459926268,135.11412107900833,135.11472787200182,0.16626930236816406,0.9227053140096618,0.9375,0.9227053140096618,0.9227053140096618,1.909433962264151e-05,1.125,0.0,2.0,hard|easy|medium
test,0,1,254,32,0.5320590560004348,135.6467323770048,135.64733927800262,0.11701346933841705,0.9705882352941176,0.96875,0.96875,0.9687194525904204,1.916981132075472e-05,1.09375,0.0,2.0,hard|medium|easy
test,0,1,255,32,0.5330990939983167,136.18033448100323,136.18094139399182,0.42060965299606323,0.8299595141700404,0.8125,0.8196078431372549,0.8117647058823529,1.9245283018867927e-05,0.84375,0.0,2.0,easy|medium|hard
test,0,1,256,32,0.5329752919933526,136.71395620399562,136.71456309399218,0.6039401292800903,0.8095238095238095,0.8125,0.8095238095238095,0.8095238095238095,1.9320754716981135e-05,1.0625,0.0,2.0,medium|hard|easy
test,0,1,257,32,0.5319354499952169,137.24649354600115,137.24710040699574,0.2238025665283203,0.8852813852813852,0.90625,0.9045454545454545,0.893687707641196,1.939622641509434e-05,0.90625,0.0,2.0,easy|hard|medium
test,0,1,258,32,0.5329067300044699,137.7799099440017,137.78051674499875,0.20971214771270752,0.9375,0.9375,0.9444444444444444,0.9372549019607843,1.947169811320755e-05,0.96875,0.0,2.0,medium|hard|easy
test,0,1,259,32,0.5329928730061511,138.31336913100677,138.31397598299372,0.13617728650569916,0.9761904761904762,0.96875,0.9583333333333333,0.9660657476139979,1.9547169811320757e-05,1.03125,0.0,2.0,medium|easy|hard
test,0,1,260,32,0.5317811220011208,138.84561974700773,138.8462265309936,0.17040017247200012,0.9666666666666667,0.96875,0.9722222222222222,0.9684729064039409,1.9622641509433963e-05,1.0,0.0,2.0,hard|easy|medium
test,0,1,261,32,0.5330204170022625,139.37938308400044,139.37998986100138,0.5523330569267273,0.725,0.71875,0.7117647058823529,0.7117117117117118,1.969811320754717e-05,0.84375,0.0,2.0,medium|easy|hard
test,0,1,262,32,0.5329973270127084,139.9128776879952,139.91348447700148,0.2695901393890381,0.8818181818181818,0.875,0.85,0.8614718614718615,1.977358490566038e-05,0.96875,0.0,2.0,easy|hard|medium
test,0,1,263,32,0.5317725700006122,140.44515612800024,140.4457630639954,0.30749690532684326,0.8831168831168831,0.875,0.8582995951417004,0.8666666666666667,1.9849056603773588e-05,0.6875,0.0,2.0,medium|easy|hard
test,0,1,264,32,0.5330636220023734,140.9787235429976,140.97933034200105,0.33809736371040344,0.8745098039215686,0.875,0.8745098039215686,0.8745098039215686,1.9924528301886793e-05,0.84375,0.0,2.0,medium|easy|hard
test,0,1,265,6,0.16148789699946065,141.14068386399595,141.14129065399175,0.12250249832868576,1.0,1.0,1.0,1.0,2e-05,0.6666666865348816,0.0,2.0,easy|hard
test,0,2,1,32,0.5366380350023974,0.6205338889994891,152.2071566109953,0.19123739004135132,0.9375,0.9375,0.9444444444444444,0.9372549019607843,1.9991614255765202e-05,0.75,0.0,2.0,easy|hard|medium
test,0,2,2,32,0.5322398339922074,1.1534893060015747,152.74010852500214,0.34019970893859863,0.8833333333333333,0.875,0.8650793650793651,0.8704453441295547,1.99832285115304e-05,1.09375,0.0,2.0,hard|medium|easy
test,0,2,3,32,0.5336509699991439,1.6876347340003122,153.27425396499166,0.3683501183986664,0.9210526315789473,0.90625,0.90625,0.9054187192118226,1.99748427672956e-05,0.9375,0.0,2.0,easy|hard|medium
test,0,2,4,32,0.5332137240038719,2.2214216319989646,153.8080408629903,0.6354265213012695,0.7583333333333333,0.71875,0.7510121457489879,0.718475073313783,1.99664570230608e-05,1.09375,0.0,2.0,easy|medium|hard
test,0,2,5,32,0.5323124219867168,2.7542438359960215,154.3408630699996,0.41477566957473755,0.9090909090909092,0.875,0.8571428571428572,0.8666666666666667,1.9958071278825996e-05,1.0625,0.0,2.0,easy|medium|hard
test,0,2,6,32,0.5331342959980248,3.2879730190034024,154.87459232499532,0.22950953245162964,0.907843137254902,0.90625,0.90625,0.906158357771261,1.9949685534591196e-05,1.15625,0.0,2.0,medium|hard|easy
test,0,2,7,32,0.5326166300073965,3.821161939005833,155.40778117399896,0.30390864610671997,0.8452380952380952,0.84375,0.8411764705882353,0.8423645320197044,1.9941299790356396e-05,0.78125,0.0,2.0,hard|easy|medium
test,0,2,8,32,0.531856992005487,4.353614766005194,155.9402340069937,0.19150589406490326,0.9705882352941176,0.96875,0.96875,0.9687194525904204,1.9932914046121593e-05,1.03125,0.0,2.0,hard|easy|medium
test,0,2,9,32,0.5332259910064749,4.887374142999761,156.47399337799288,0.3960481882095337,0.8452380952380952,0.84375,0.8411764705882353,0.8423645320197044,1.9924528301886793e-05,0.9375,0.0,2.0,medium|easy|hard
test,0,2,10,32,0.5342098549881484,5.422135373009951,157.0087546119903,0.3125447928905487,0.8562753036437247,0.84375,0.84375,0.8423645320197044,1.9916142557651993e-05,1.0625,0.0,2.0,easy|medium|hard
test,0,2,11,32,0.5327873899950646,5.955522862001089,157.54214207699988,0.27513986825942993,0.8562753036437247,0.84375,0.84375,0.8423645320197044,1.990775681341719e-05,1.09375,0.0,2.0,easy|hard|medium
test,0,2,12,32,0.5333298449986614,6.48946391500067,158.07608314500249,0.3136669397354126,0.8745098039215686,0.875,0.8745098039215686,0.8745098039215686,1.989937106918239e-05,1.34375,0.0,2.0,easy|medium|hard
test,0,2,13,32,0.5324455889931414,7.022418267006287,158.60903755499749,0.17329370975494385,0.9272727272727272,0.9375,0.9272727272727272,0.9272727272727272,1.989098532494759e-05,0.96875,0.0,2.0,medium|easy|hard
test,0,2,14,32,0.5321395850041881,7.555114242000855,159.14173357200343,0.05859988555312157,1.0,1.0,1.0,1.0,1.988259958071279e-05,0.875,0.0,2.0,hard|easy|medium
test,0,2,15,32,0.5332329960074276,8.088976544997422,159.6755957599962,0.2746485471725464,0.8704453441295547,0.875,0.8704453441295547,0.8704453441295547,1.9874213836477987e-05,1.125,0.0,2.0,easy|hard|medium
test,0,2,16,32,0.5328502089978429,8.62243841199961,160.20905763399787,0.2967166304588318,0.9089068825910931,0.90625,0.9007936507936507,0.9039039039039038,1.9865828092243188e-05,0.9375,0.0,2.0,medium|hard|easy
test,0,2,17,32,0.5327114109968534,9.15576561600028,160.74238485499518,0.1441413164138794,0.9523809523809523,0.9375,0.9230769230769231,0.9333333333333333,1.9857442348008388e-05,1.03125,0.0,2.0,medium|easy|hard
test,0,2,18,32,0.5333785760012688,9.689796796010341,161.27641602799122,0.11058412492275238,0.9523809523809523,0.9375,0.9230769230769231,0.9333333333333333,1.9849056603773588e-05,1.125,0.0,2.0,easy|medium|hard
test,0,2,19,32,0.5329968560108682,10.223437688997365,161.81005694100168,0.5484659671783447,0.7901960784313726,0.78125,0.8083333333333333,0.7793103448275862,1.9840670859538785e-05,1.0625,0.0,2.0,hard|easy|medium
test,0,2,20,32,0.5324721560027683,10.756442671001423,162.34306197499973,0.47155922651290894,0.8354978354978355,0.8125,0.803921568627451,0.8056680161943319,1.9832285115303985e-05,0.84375,0.0,2.0,easy|hard|medium
test,0,2,21,32,0.5337570389965549,11.290754989007837,162.87737422999635,0.16515615582466125,0.9761904761904762,0.96875,0.9583333333333333,0.9660657476139979,1.9823899371069185e-05,0.90625,0.0,2.0,hard|easy|medium
test,0,2,22,32,0.5328698719968088,11.82419530399784,163.41081454900268,0.21660631895065308,0.9411764705882353,0.9375,0.9411764705882353,0.9375,1.9815513626834385e-05,1.1875,0.0,2.0,medium|hard|easy
test,0,2,23,32,0.5327049959887518,12.357509326000581,163.9441285619978,0.16332434117794037,0.9722222222222222,0.96875,0.9666666666666667,0.9684729064039409,1.9807127882599582e-05,1.09375,0.0,2.0,easy|medium|hard
test,0,2,24,32,0.5339296869933605,12.891990896998323,164.4786101179925,0.09018029272556305,0.975,0.96875,0.9615384615384616,0.9671794871794872,1.9798742138364782e-05,1.03125,0.0,2.0,easy|hard|medium
test,0,2,25,32,0.5328708919987548,13.42544426000677,165.0120634789928,0.20478609204292297,0.9365079365079365,0.9375,0.9365079365079365,0.9365079365079365,1.9790356394129983e-05,1.125,0.0,2.0,easy|medium|hard
test,0,2,26,32,0.5316727299941704,13.95767176100344,165.54429097998946,0.3406691253185272,0.90625,0.90625,0.9210526315789473,0.9054187192118226,1.978197064989518e-05,1.0625,0.0,2.0,medium|easy|hard
test,0,2,27,32,0.5336327259865357,14.49181256700831,166.0784317899961,0.20014047622680664,0.9411764705882353,0.9375,0.9411764705882353,0.9375,1.977358490566038e-05,0.9375,0.0,2.0,easy|hard|medium
test,0,2,28,32,0.5327102269948227,15.025106016997597,166.6117252559925,0.2301836609840393,0.9375,0.9375,0.9375,0.9375,1.976519916142558e-05,1.15625,0.0,2.0,hard|easy|medium
test,0,2,29,32,0.5314963069977239,15.557136092000292,167.14375534799183,0.5590810775756836,0.7166666666666667,0.75,0.7363636363636363,0.722943722943723,1.9756813417190777e-05,1.03125,0.0,2.0,medium|hard|easy
test,0,2,30,32,0.5332594270003028,16.09098831099982,167.67760753299808,0.4540540874004364,0.8019323671497585,0.8125,0.7705627705627706,0.7818181818181817,1.9748427672955977e-05,0.875,0.0,2.0,easy|medium|hard
test,0,2,31,32,0.5330311919969972,16.62463966300129,168.21125890499388,0.3333732485771179,0.873015873015873,0.875,0.873015873015873,0.873015873015873,1.9740041928721177e-05,1.1875,0.0,2.0,medium|easy|hard
test,0,2,32,32,0.5317569110047771,17.15698759299994,168.7436070949916,0.22451844811439514,0.8916666666666666,0.90625,0.9069264069264069,0.8981972428419936,1.9731656184486374e-05,1.03125,0.0,2.0,medium|hard|easy
test,0,2,33,32,0.5336117939878022,17.69109445301001,169.27771367099194,0.14556770026683807,0.9722222222222222,0.96875,0.9666666666666667,0.9684729064039409,1.9723270440251574e-05,1.0625,0.0,2.0,hard|medium|easy
test,0,2,34,32,0.5333351099980064,18.22496183399926,169.81158105599752,0.4180748164653778,0.88,0.8125,0.7692307692307692,0.7818181818181817,1.9714884696016774e-05,0.71875,0.0,2.0,medium|easy|hard
test,0,2,35,32,0.532211275989539,18.757806266003172,170.34442551099346,0.24181774258613586,0.9352226720647774,0.9375,0.9352226720647774,0.9352226720647774,1.970649895178197e-05,0.8125,0.0,2.0,easy|hard|medium
test,0,2,36,32,0.5337728680024156,19.292185010999674,170.87880439498986,0.1336355209350586,0.9666666666666667,0.96875,0.9722222222222222,0.9684729064039409,1.969811320754717e-05,0.96875,0.0,2.0,medium|hard|easy
test,0,2,37,32,0.5334434520045761,19.82616266400146,171.4127818959969,0.27637070417404175,0.84375,0.84375,0.8450980392156863,0.8435972629521017,1.968972746331237e-05,1.125,0.0,2.0,hard|easy|medium
test,0,2,38,32,0.5322445359925041,20.359007210005075,171.94562643699464,0.23023344576358795,0.875,0.90625,0.9347826086956521,0.893687707641196,1.9681341719077568e-05,1.03125,0.0,2.0,hard|easy|medium
test,0,2,39,32,0.533604729003855,20.893136707003578,172.4797559400031,0.30744314193725586,0.90625,0.90625,0.907843137254902,0.906158357771261,1.9672955974842768e-05,0.78125,0.0,2.0,easy|hard|medium
test,0,2,40,32,0.5331466600036947,21.426830559998052,173.01344980299473,0.17975258827209473,0.9375,0.9375,0.9444444444444444,0.9372549019607843,1.966457023060797e-05,1.0625,0.0,2.0,medium|easy|hard
test,0,2,41,32,0.5323073039908195,21.959669982999912,173.54628919200331,0.2704453468322754,0.8809523809523809,0.875,0.875,0.8745098039215686,1.9656184486373165e-05,0.96875,0.0,2.0,medium|easy|hard
test,0,2,42,32,0.5338428289978765,22.49405719000788,174.08067643299,0.23944875597953796,0.8947368421052632,0.875,0.8823529411764706,0.8745098039215686,1.9647798742138365e-05,1.03125,0.0,2.0,hard|easy|medium
test,0,2,43,32,0.5325258140073856,23.027184878999833,174.6138041029917,0.47503507137298584,0.8319838056680162,0.84375,0.8416666666666667,0.8358974358974359,1.9639412997903566e-05,0.90625,0.0,2.0,medium|easy|hard
test,0,2,44,32,0.5317525290010963,23.559461106007802,175.14608033899276,0.1951718032360077,0.9230769230769231,0.9375,0.9523809523809523,0.9333333333333333,1.9631027253668762e-05,0.875,0.0,2.0,medium|hard|easy
test,0,2,45,32,0.5337642060039798,24.093826630996773,175.68044584899326,0.23767833411693573,0.8784313725490196,0.875,0.8784313725490196,0.875,1.9622641509433963e-05,0.9375,0.0,2.0,hard|easy|medium
test,0,2,46,32,0.5329027029947611,24.627320500003407,176.21393972900114,0.2232852578163147,0.9372549019607843,0.9375,0.9372549019607843,0.9372549019607843,1.9614255765199163e-05,1.09375,0.0,2.0,medium|hard|easy
test,0,2,47,32,0.5320994909998262,25.16000216800603,176.74662150799122,0.12127214670181274,1.0,1.0,1.0,1.0,1.9605870020964363e-05,0.90625,0.0,2.0,medium|hard|easy
test,0,2,48,32,0.5333093499939423,25.693879961007042,177.280499186003,0.33287668228149414,0.8611111111111112,0.84375,0.868421052631579,0.8435972629521017,1.959748427672956e-05,0.78125,0.0,2.0,easy|medium|hard
test,0,2,49,32,0.5330335960024968,26.227503319008974,177.81412255299801,0.12570708990097046,1.0,1.0,1.0,1.0,1.958909853249476e-05,0.9375,0.0,2.0,medium|easy|hard
test,0,2,50,32,0.5318631879927125,26.759935559006408,178.3465548719978,0.2937155067920685,0.9210526315789473,0.90625,0.90625,0.9054187192118226,1.958071278825996e-05,0.875,0.0,2.0,easy|hard|medium
test,0,2,51,32,0.5334937189909397,27.293994100997224,178.88061333299265,0.3716544806957245,0.8784313725490196,0.875,0.8784313725490196,0.875,1.957232704402516e-05,1.0,0.0,2.0,hard|easy|medium
test,0,2,52,32,0.5331271640025079,27.82769359400845,179.41431281399855,0.2821045517921448,0.907843137254902,0.90625,0.90625,0.906158357771261,1.956394129979036e-05,1.25,0.0,2.0,medium|hard|easy
test,0,2,53,32,0.5320925950072706,28.36035279900534,179.94697203999385,0.19823914766311646,0.9375,0.9375,0.9375,0.9375,1.9555555555555557e-05,1.09375,0.0,2.0,medium|easy|hard
test,0,2,54,32,0.533033487998182,28.89398796200112,180.48060723599338,0.15829414129257202,0.9307359307359306,0.9375,0.9307359307359306,0.9307359307359306,1.9547169811320757e-05,1.0,0.0,2.0,medium|hard|easy
test,0,2,55,32,0.5329580160032492,29.42747870000312,181.01409796100052,0.19414779543876648,0.9444444444444444,0.9375,0.9375,0.9372549019607843,1.9538784067085958e-05,0.90625,0.0,2.0,easy|hard|medium
test,0,2,56,32,0.5323341370094568,29.960406896003406,181.5470261629962,0.14612141251564026,0.9565217391304348,0.9375,0.9090909090909092,0.9272727272727272,1.9530398322851154e-05,1.03125,0.0,2.0,hard|medium|easy
test,0,2,57,32,0.533283469005255,30.4942602480005,182.08087955099472,0.1764117181301117,0.9365079365079365,0.9375,0.9365079365079365,0.9365079365079365,1.9522012578616355e-05,1.15625,0.0,2.0,hard|easy|medium
test,0,2,58,32,0.533016564004356,31.02787868899759,182.61449793999782,0.3446488678455353,0.8083333333333333,0.84375,0.857487922705314,0.82281284606866,1.9513626834381555e-05,1.125,0.0,2.0,easy|hard|medium
test,0,2,59,32,0.5319529920088826,31.560394599000574,183.14701387599052,0.1330469250679016,0.9411764705882353,0.9375,0.9411764705882353,0.9375,1.950524109014675e-05,1.0,0.0,2.0,easy|medium|hard
test,0,2,60,32,0.5332573750056326,32.09421671299788,183.68083588399168,0.14133590459823608,0.975,0.96875,0.9615384615384616,0.9671794871794872,1.9496855345911952e-05,0.96875,0.0,2.0,easy|hard|medium
test,0,2,61,32,0.5329973920015618,32.627753498003585,184.21437271300238,0.18296633660793304,0.9372549019607843,0.9375,0.9372549019607843,0.9372549019607843,1.9488469601677152e-05,0.9375,0.0,2.0,easy|hard|medium
test,0,2,62,32,0.5320673429960152,33.16036336199613,184.74698259199795,0.24095381796360016,0.9444444444444444,0.9375,0.9375,0.9372549019607843,1.948008385744235e-05,1.28125,0.0,2.0,hard|medium|easy
test,0,2,63,32,0.5332081550004659,33.69406656699721,185.28068599400285,0.42549970746040344,0.8529411764705883,0.84375,0.875,0.8423645320197044,1.947169811320755e-05,1.0625,0.0,2.0,medium|easy|hard
test,0,2,64,32,0.5333745809912216,34.22807338900748,185.81469261400343,0.37261155247688293,0.873015873015873,0.875,0.873015873015873,0.873015873015873,1.946331236897275e-05,1.0625,0.0,2.0,easy|hard|medium
test,0,2,65,32,0.5316357889969368,34.760233848006465,186.34685308398912,0.12379499524831772,0.9705882352941176,0.96875,0.96875,0.9687194525904204,1.9454926624737946e-05,0.90625,0.0,2.0,medium|hard|easy
test,0,2,66,32,0.532561871004873,35.29338837599789,186.8800076119951,0.3009715974330902,0.873015873015873,0.875,0.873015873015873,0.873015873015873,1.9446540880503146e-05,1.09375,0.0,2.0,easy|medium|hard
test,0,2,67,32,0.5333586759952595,35.827258032004465,187.41387727299298,0.2231016606092453,0.907843137254902,0.90625,0.90625,0.906158357771261,1.9438155136268346e-05,0.78125,0.0,2.0,easy|hard|medium
test,0,2,68,32,0.5315513259993168,36.35962633500458,187.94624556199415,0.17272832989692688,0.975,0.96875,0.9615384615384616,0.9671794871794872,1.9429769392033543e-05,1.1875,0.0,2.0,hard|medium|easy
test,0,2,69,32,0.532764240007964,36.89299807899806,188.47961730099632,0.12712322175502777,0.9722222222222222,0.96875,0.9666666666666667,0.9684729064039409,1.9421383647798743e-05,1.0,0.0,2.0,hard|medium|easy
test,0,2,70,32,0.5330327240080805,37.42666269101028,189.0132819260034,0.23573479056358337,0.907843137254902,0.90625,0.90625,0.906158357771261,1.9412997903563944e-05,0.9375,0.0,2.0,easy|hard|medium
test,0,2,71,32,0.5316348420019494,37.95881446299609,189.54543368899613,0.1833583116531372,0.9372549019607843,0.9375,0.9372549019607843,0.9372549019607843,1.940461215932914e-05,1.125,0.0,2.0,medium|hard|easy
test,0,2,72,32,0.5330829009908484,38.492474259008304,190.0790934849938,0.2658235728740692,0.907843137254902,0.90625,0.90625,0.906158357771261,1.939622641509434e-05,0.9375,0.0,2.0,medium|hard|easy
test,0,2,73,32,0.5328227860009065,39.02590644599695,190.61252571099612,0.16518600285053253,0.9333333333333333,0.9375,0.9333333333333333,0.9333333333333333,1.938784067085954e-05,1.15625,0.0,2.0,hard|medium|easy
test,0,2,74,32,0.5315911969955778,39.55800315900706,191.14462239999557,0.2676517069339752,0.9473684210526316,0.9375,0.9333333333333333,0.9365079365079365,1.9379454926624738e-05,1.28125,0.0,2.0,hard|easy|medium
test,0,2,75,32,0.532795378996525,40.09135896900261,191.67797820099804,0.21779948472976685,0.9372549019607843,0.9375,0.9372549019607843,0.9372549019607843,1.9371069182389938e-05,1.0,0.0,2.0,medium|hard|easy
test,0,2,76,32,0.532962053999654,40.62478919800196,192.211408424002,0.1938467174768448,0.9545454545454546,0.9375,0.9166666666666667,0.9307359307359306,1.9362683438155138e-05,1.09375,0.0,2.0,medium|hard|easy
test,0,2,77,32,0.5321378890075721,41.157523012996535,192.74414261999482,0.2638300657272339,0.9166666666666667,0.90625,0.9117647058823529,0.906158357771261,1.9354297693920338e-05,1.03125,0.0,2.0,easy|hard|medium
test,0,2,78,32,0.5335526790004224,41.69152416600264,193.2781433880009,0.10264712572097778,0.9666666666666667,0.96875,0.9722222222222222,0.9684729064039409,1.9345911949685535e-05,0.90625,0.0,2.0,easy|medium|hard
test,0,2,79,32,0.5330016160005471,42.225131476006936,193.81175067499862,0.2353292852640152,0.875,0.875,0.8809523809523809,0.8745098039215686,1.9337526205450735e-05,0.875,0.0,2.0,medium|easy|hard
test,0,2,80,32,0.5316384590114467,42.757299906996195,194.34391914999287,0.1013423502445221,0.96875,0.96875,0.9705882352941176,0.9687194525904204,1.9329140461215935e-05,0.90625,0.0,2.0,medium|easy|hard
test,0,2,81,32,0.5333043919963529,43.291182768996805,194.8778019829915,0.2780178189277649,0.9089068825910931,0.90625,0.9007936507936507,0.9039039039039038,1.9320754716981135e-05,0.75,0.0,2.0,hard|medium|easy
test,0,2,82,32,0.5329230729985284,43.8246814400045,195.41130066500045,0.16889619827270508,0.9352226720647774,0.9375,0.9352226720647774,0.9352226720647774,1.9312368972746332e-05,0.90625,0.0,2.0,hard|medium|easy
test,0,2,83,32,0.5317313679988729,44.357078194996575,195.9436974209966,0.1190294474363327,0.9615384615384616,0.96875,0.975,0.9671794871794872,1.9303983228511532e-05,0.875,0.0,2.0,easy|medium|hard
test,0,2,84,32,0.5329348220111569,44.89061414099706,196.4772333669971,0.1595030277967453,0.8784313725490196,0.875,0.8784313725490196,0.875,1.9295597484276733e-05,1.0,0.0,2.0,hard|easy|medium
test,0,2,85,32,0.5332685749890516,45.42443753100815,197.01105675598956,0.609467625617981,0.8136363636363637,0.78125,0.7705882352941176,0.7702564102564102,1.9287211740041933e-05,0.875,0.0,2.0,hard|medium|easy
test,0,2,86,32,0.5317701440071687,45.956768821997684,197.54338803999417,0.22388486564159393,0.95,0.9375,0.9285714285714286,0.9352226720647774,1.927882599580713e-05,1.09375,0.0,2.0,easy|medium|hard
test,0,2,87,32,0.5333095109963324,46.49062988499645,198.07724912199774,0.17373226583003998,0.96875,0.96875,0.9705882352941176,0.9687194525904204,1.927044025157233e-05,0.9375,0.0,2.0,easy|medium|hard
test,0,2,88,32,0.5325999440101441,47.02381076700112,198.61043000199425,0.11844612658023834,0.9375,0.9375,0.9444444444444444,0.9372549019607843,1.926205450733753e-05,1.1875,0.0,2.0,medium|hard|easy
test,0,2,89,32,0.5315392299962696,47.55587456100329,199.14249378799286,0.19978883862495422,0.8833333333333333,0.875,0.8650793650793651,0.8704453441295547,1.9253668763102727e-05,0.9375,0.0,2.0,easy|medium|hard
test,0,2,90,32,0.5329399179900065,48.089494857005775,199.67611409600067,0.10559290647506714,0.9615384615384616,0.96875,0.975,0.9671794871794872,1.9245283018867927e-05,1.28125,0.0,2.0,hard|medium|easy
test,0,2,91,32,0.5332011580030667,48.62323784500768,200.20985713400296,0.2283715456724167,0.9210526315789473,0.90625,0.90625,0.9054187192118226,1.9236897274633127e-05,0.8125,0.0,2.0,medium|easy|hard
test,0,2,92,32,0.5314910510060145,49.155277019002824,200.74189629399916,0.25784993171691895,0.8156862745098039,0.8125,0.8156862745098039,0.8125,1.9228511530398324e-05,1.0,0.0,2.0,easy|medium|hard
test,0,2,93,32,0.5328935720026493,49.68861492200813,201.27523414698953,0.1085347980260849,0.9666666666666667,0.96875,0.9722222222222222,0.9684729064039409,1.9220125786163524e-05,1.03125,0.0,2.0,medium|hard|easy
test,0,2,94,32,0.5321872560016345,50.22139167600835,201.80801091800095,0.3200995624065399,0.9069264069264069,0.90625,0.8916666666666666,0.8981972428419936,1.9211740041928724e-05,0.84375,0.0,2.0,medium|easy|hard
test,0,2,95,32,0.5324155849957606,50.75434293600847,202.34096216899343,0.2630004584789276,0.9372549019607843,0.9375,0.9372549019607843,0.9372549019607843,1.920335429769392e-05,0.96875,0.0,2.0,easy|hard|medium
test,0,2,96,32,0.5330400319944602,51.28799133200664,202.87461056899338,0.10965418815612793,0.9545454545454546,0.96875,0.9772727272727273,0.964562569213732,1.919496855345912e-05,0.96875,0.0,2.0,hard|medium|easy
test,0,2,97,32,0.5330108820053283,51.82156786900305,203.40818709199084,0.2675662338733673,0.9375,0.9375,0.9444444444444444,0.9372549019607843,1.918658280922432e-05,1.0,0.0,2.0,hard|medium|easy
test,0,2,98,32,0.5315882760041859,52.35369470799924,203.94031394099875,0.1345398724079132,0.9085714285714286,0.9375,0.9085714285714286,0.9085714285714286,1.9178197064989518e-05,0.9375,0.0,2.0,hard|easy|medium
test,0,2,99,32,0.5329494000034174,52.88718595600221,204.47380516999692,0.2247612178325653,0.9411764705882353,0.9375,0.9411764705882353,0.9375,1.916981132075472e-05,1.3125,0.0,2.0,medium|hard|easy
test,0,2,100,32,0.5331645980040776,53.42093186501006,205.00755108799785,0.2909741997718811,0.907843137254902,0.90625,0.90625,0.906158357771261,1.916142557651992e-05,1.125,0.0,2.0,medium|easy|hard
test,0,2,101,32,0.5316223469999386,53.95306388800964,205.53968312600045,0.2153770476579666,0.9666666666666667,0.96875,0.9722222222222222,0.9684729064039409,1.9153039832285115e-05,1.21875,0.0,2.0,hard|easy|medium
test,0,2,102,32,0.5332097490027081,54.4868208639964,206.07344008899236,0.25834566354751587,0.903921568627451,0.90625,0.9087301587301587,0.9054187192118226,1.9144654088050316e-05,0.96875,0.0,2.0,hard|easy|medium
test,0,2,103,32,0.5332770340028219,55.020658367007854,206.60727757499262,0.19744381308555603,0.903921568627451,0.90625,0.9087301587301587,0.9054187192118226,1.9136268343815516e-05,1.0,0.0,2.0,easy|hard|medium
test,0,2,104,32,0.5315323039976647,55.55272433500795,207.13934358400002,0.15894177556037903,0.9666666666666667,0.96875,0.9722222222222222,0.9684729064039409,1.9127882599580713e-05,0.78125,0.0,2.0,hard|medium|easy
test,0,2,105,32,0.5338583270058734,56.087167400008184,207.67378663599084,0.3424059748649597,0.8376623376623377,0.84375,0.825,0.8303287380699894,1.9119496855345913e-05,1.125,0.0,2.0,medium|easy|hard
test,0,2,106,32,0.533041332004359,56.6207125439978,208.207331779995,0.22125065326690674,0.9089068825910931,0.90625,0.9007936507936507,0.9039039039039038,1.9111111111111113e-05,1.0625,0.0,2.0,hard|medium|easy
test,0,2,107,32,0.5312911560031353,57.15260823300923,208.73922745799064,0.07833738625049591,1.0,1.0,1.0,1.0,1.910272536687631e-05,1.09375,0.0,2.0,medium|hard|easy
test,0,2,108,32,0.532497484004125,57.68568166499608,209.27230088299257,0.2964242398738861,0.868421052631579,0.84375,0.8611111111111112,0.8435972629521017,1.909433962264151e-05,0.84375,0.0,2.0,hard|easy|medium
test,0,2,109,32,0.5363635450048605,58.2225633229973,209.80918268499954,0.1825275421142578,0.9089068825910931,0.90625,0.9007936507936507,0.9039039039039038,1.908595387840671e-05,1.03125,0.0,2.0,hard|medium|easy
test,0,2,110,32,0.5321261110075284,58.75571052799933,210.34232982699177,0.182968407869339,0.9375,0.9375,0.9444444444444444,0.9372549019607843,1.907756813417191e-05,1.03125,0.0,2.0,medium|hard|easy
test,0,2,111,32,0.532684452002286,59.288942465005675,210.8755616779963,0.252785325050354,0.925,0.90625,0.9,0.9039039039039038,1.9069182389937107e-05,1.34375,0.0,2.0,hard|easy|medium
test,0,2,112,32,0.532156519999262,59.821676203006064,211.40829542199208,0.23264262080192566,0.9210526315789473,0.90625,0.90625,0.9054187192118226,1.9060796645702307e-05,1.0,0.0,2.0,easy|hard|medium
test,0,2,113,32,0.5322307769965846,60.3544776589988,211.9410968919983,0.16864056885242462,0.9372549019607843,0.9375,0.9372549019607843,0.9372549019607843,1.9052410901467508e-05,0.90625,0.0,2.0,hard|easy|medium
test,0,2,114,32,0.5329171159974067,60.887965379006346,212.47458461699716,0.24177059531211853,0.9444444444444444,0.9375,0.9375,0.9372549019607843,1.9044025157232708e-05,0.96875,0.0,2.0,easy|medium|hard
test,0,2,115,32,0.5327481050044298,61.421287574004964,213.0079068089981,0.12340086698532104,0.9705882352941176,0.96875,0.96875,0.9687194525904204,1.9035639412997904e-05,0.875,0.0,2.0,medium|hard|easy
test,0,2,116,32,0.5317543080018368,61.9536214020045,213.54024063399993,0.29176896810531616,0.9,0.9375,0.9583333333333333,0.9227053140096618,1.9027253668763105e-05,0.9375,0.0,2.0,medium|easy|hard
test,0,2,117,32,0.5331812030053698,62.48732277700037,214.07394210599887,0.5207945108413696,0.7862745098039217,0.78125,0.7896825396825397,0.7810361681329423,1.9018867924528305e-05,0.84375,0.0,2.0,medium|easy|hard
test,0,2,118,32,0.5329830559930997,63.02090751500509,214.60752675199183,0.33905309438705444,0.9047619047619048,0.875,0.8666666666666667,0.8704453441295547,1.9010482180293505e-05,1.0,0.0,2.0,hard|easy|medium
test,0,2,119,32,0.531827255996177,63.55325491000258,215.13987436400203,0.2593616843223572,0.9372549019607843,0.9375,0.9372549019607843,0.9372549019607843,1.9002096436058702e-05,0.71875,0.0,2.0,medium|easy|hard
test,0,2,120,32,0.5328894029953517,64.08675466300338,215.67337388299347,0.20045840740203857,0.9007936507936507,0.90625,0.9089068825910931,0.9039039039039038,1.8993710691823902e-05,1.1875,0.0,2.0,medium|easy|hard
test,0,2,121,32,0.532606114007649,64.61994898800913,216.206568212001,0.13413184881210327,0.9761904761904762,0.96875,0.9583333333333333,0.9660657476139979,1.8985324947589102e-05,1.125,0.0,2.0,medium|hard|easy
test,0,2,122,32,0.5318360800010851,65.15237300000445,216.7389922250004,0.24158437550067902,0.8928571428571428,0.90625,0.9285714285714286,0.9015384615384616,1.89769392033543e-05,0.78125,0.0,2.0,easy|hard|medium
test,0,2,123,32,0.5323888069979148,65.68527217900555,217.27189139199618,0.22146055102348328,0.8916666666666666,0.90625,0.9069264069264069,0.8981972428419936,1.89685534591195e-05,1.15625,0.0,2.0,easy|hard|medium
test,0,2,124,32,0.533532899004058,66.21941911100294,217.80603839199466,0.09723185002803802,0.9705882352941176,0.96875,0.96875,0.9687194525904204,1.89601677148847e-05,1.0625,0.0,2.0,hard|medium|easy
test,0,2,125,32,0.5322644249972655,66.7522561730002,218.3388754100015,0.19697749614715576,0.9375,0.9375,0.9375,0.9375,1.8951781970649896e-05,0.84375,0.0,2.0,medium|hard|easy
test,0,2,126,32,0.5329652070067823,67.28579948400147,218.87241870698927,0.12031196057796478,0.96875,0.96875,0.9705882352941176,0.9687194525904204,1.8943396226415096e-05,1.21875,0.0,2.0,hard|medium|easy
test,0,2,127,32,0.5326441790093668,67.81894066699897,219.4055599389976,0.1475065052509308,0.9352226720647774,0.9375,0.9352226720647774,0.9352226720647774,1.8935010482180297e-05,1.09375,0.0,2.0,medium|easy|hard
test,0,2,128,32,0.5324116409901762,68.35196127500967,219.93858051999996,0.06587591767311096,1.0,1.0,1.0,1.0,1.8926624737945493e-05,1.09375,0.0,2.0,hard|easy|medium
test,0,2,129,32,0.5330333620076999,68.88546024099924,220.47207945300033,0.36164426803588867,0.8823529411764706,0.875,0.8947368421052632,0.8745098039215686,1.8918238993710694e-05,0.8125,0.0,2.0,easy|medium|hard
test,0,2,130,32,0.532615927993902,69.41868140100269,221.00530062599864,0.32310375571250916,0.8833333333333333,0.875,0.8650793650793651,0.8704453441295547,1.8909853249475894e-05,1.03125,0.0,2.0,easy|hard|medium
test,0,2,131,32,0.5322628659923794,69.951487052007,221.53810641399468,0.18066178262233734,0.9087301587301587,0.90625,0.903921568627451,0.9054187192118226,1.890146750524109e-05,0.9375,0.0,2.0,hard|easy|medium
test,0,2,132,32,0.5330322889931267,70.4851341600006,222.0717533959978,0.18315812945365906,0.8614718614718615,0.875,0.8614718614718615,0.8614718614718615,1.889308176100629e-05,1.09375,0.0,2.0,medium|hard|easy
test,0,2,133,32,0.5323255619878182,71.01806649799983,222.60468573299295,0.18878166377544403,0.9375,0.9375,0.9444444444444444,0.9372549019607843,1.888469601677149e-05,0.90625,0.0,2.0,medium|hard|easy
test,0,2,134,32,0.5317594849911984,71.55041811300907,223.13703733499278,0.07986293733119965,0.9642857142857143,0.96875,0.9736842105263157,0.967967967967968,1.8876310272536688e-05,0.6875,0.0,2.0,easy|hard|medium
test,0,2,135,32,0.5325993489968823,72.08351671800483,223.670135938999,0.24101600050926208,0.9365079365079365,0.9375,0.9365079365079365,0.9365079365079365,1.8867924528301888e-05,0.75,0.0,2.0,easy|hard|medium
test,0,2,136,32,0.5326775320136221,72.61669026000891,224.2033094859944,0.24121558666229248,0.9352226720647774,0.9375,0.9352226720647774,0.9352226720647774,1.8859538784067088e-05,1.09375,0.0,2.0,hard|medium|easy
test,0,2,137,32,0.5321913960069651,73.14940147900779,224.7360206329904,0.3246019184589386,0.925,0.90625,0.9,0.9039039039039038,1.8851153039832285e-05,1.03125,0.0,2.0,easy|medium|hard
test,0,2,138,32,0.5327560299920151,73.68265133199748,225.26927055999113,0.3783068060874939,0.875,0.84375,0.8529411764705883,0.8423645320197044,1.8842767295597485e-05,0.9375,0.0,2.0,hard|easy|medium
test,0,2,139,32,0.5329020729986951,74.21617417600646,225.80279348698969,0.23471671342849731,0.9352226720647774,0.9375,0.9352226720647774,0.9352226720647774,1.8834381551362685e-05,0.84375,0.0,2.0,easy|medium|hard
test,0,2,140,32,0.5321689959964715,74.74892627900408,226.33554550299596,0.33496829867362976,0.95,0.9375,0.9285714285714286,0.9352226720647774,1.8825995807127882e-05,0.96875,0.0,2.0,easy|hard|medium
test,0,2,141,32,0.5330808039871044,75.28265761300281,226.86927681999805,0.24077960848808289,0.9583333333333333,0.96875,0.9761904761904762,0.9660657476139979,1.8817610062893082e-05,0.90625,0.0,2.0,easy|medium|hard
test,0,2,142,32,0.5333022529957816,75.81650488000014,227.4031241069897,0.383710652589798,0.8745098039215686,0.875,0.8745098039215686,0.8745098039215686,1.8809224318658282e-05,1.0625,0.0,2.0,medium|hard|easy
test,0,2,143,32,0.5318141689931508,76.34887517600146,227.93549457700283,0.21086840331554413,0.903921568627451,0.90625,0.9087301587301587,0.9054187192118226,1.8800838574423483e-05,1.0625,0.0,2.0,easy|hard|medium
test,0,2,144,32,0.5330209450039547,76.8824187470018,228.46903797899722,0.22484605014324188,0.90625,0.90625,0.907843137254902,0.906158357771261,1.879245283018868e-05,1.03125,0.0,2.0,hard|medium|easy
test,0,2,145,32,0.5333433190098731,77.41626342300151,229.00288264799747,0.2159004509449005,0.8823529411764706,0.875,0.8947368421052632,0.8745098039215686,1.878406708595388e-05,1.03125,0.0,2.0,medium|hard|easy
test,0,2,146,32,0.5322004609915894,77.94907803699607,229.53569726999558,0.05455732345581055,1.0,1.0,1.0,1.0,1.877568134171908e-05,1.125,0.0,2.0,hard|easy|medium
test,0,2,147,32,0.5326717300049495,78.482312017004,230.06893129399396,0.1738598495721817,0.9666666666666667,0.96875,0.9722222222222222,0.9684729064039409,1.876729559748428e-05,0.96875,0.0,2.0,easy|hard|medium
test,0,2,148,32,0.5320911939925281,79.0150055569975,230.6016248770029,0.14636819064617157,0.9,0.90625,0.925,0.9039039039039038,1.8758909853249477e-05,1.09375,0.0,2.0,hard|medium|easy
test,0,2,149,32,0.5318560829909984,79.54745285700483,231.13407209300203,0.3603671193122864,0.90625,0.90625,0.9210526315789473,0.9054187192118226,1.8750524109014677e-05,0.78125,0.0,2.0,easy|hard|medium
test,0,2,150,32,0.5327285499952268,80.08063897599641,231.6672582070023,0.16618716716766357,0.9375,0.9375,0.9444444444444444,0.9372549019607843,1.8742138364779877e-05,0.90625,0.0,2.0,hard|medium|easy
test,0,2,151,32,0.5330222119955579,80.61423407999973,232.20085330300208,0.1509840488433838,0.9782608695652174,0.96875,0.95,0.9625730994152046,1.8733752620545077e-05,0.84375,0.0,2.0,easy|hard|medium
test,0,2,152,32,0.5322662089893129,81.14696848600579,232.73358772799838,0.26420965790748596,0.9083333333333333,0.90625,0.8967611336032388,0.9015384615384616,1.8725366876310274e-05,0.8125,0.0,2.0,easy|hard|medium
test,0,2,153,32,0.5329725920018973,81.68054957700951,233.2671688219998,0.13881322741508484,0.9411764705882353,0.9375,0.9411764705882353,0.9375,1.8716981132075474e-05,1.0625,0.0,2.0,hard|easy|medium
test,0,2,154,32,0.532641933998093,82.21383278100984,233.80045226799848,0.21895579993724823,0.875,0.875,0.875,0.875,1.8708595387840674e-05,0.71875,0.0,2.0,easy|hard|medium
test,0,2,155,32,0.5323463690001518,82.7467587919964,234.33337833199766,0.1749190241098404,0.8745098039215686,0.875,0.8745098039215686,0.8745098039215686,1.870020964360587e-05,0.90625,0.0,2.0,easy|medium|hard
test,0,2,156,32,0.5326599599939073,83.27998181100702,234.86660102299356,0.33839333057403564,0.8833333333333333,0.875,0.8650793650793651,0.8704453441295547,1.869182389937107e-05,0.84375,0.0,2.0,easy|medium|hard
test,0,2,157,32,0.5322999380005058,83.81282992300112,235.3994491409976,0.27307555079460144,0.9069264069264069,0.90625,0.8916666666666666,0.8981972428419936,1.868343815513627e-05,1.15625,0.0,2.0,hard|medium|easy
test,0,2,158,32,0.5323719699954381,84.34573852999893,235.93235775499488,0.46879643201828003,0.85,0.8125,0.8333333333333333,0.8117647058823529,1.867505241090147e-05,1.03125,0.0,2.0,hard|medium|easy
test,0,2,159,32,0.5324217160086846,84.87875632000214,236.46537553699454,0.08545069396495819,0.9736842105263157,0.96875,0.9642857142857143,0.967967967967968,1.866666666666667e-05,0.78125,0.0,2.0,easy|hard|medium
test,0,2,160,32,0.5318735800101422,85.41124976200808,236.9978690029966,0.1578640192747116,0.9411764705882353,0.9375,0.9411764705882353,0.9375,1.865828092243187e-05,0.75,0.0,2.0,hard|easy|medium
test,0,2,161,32,0.5312287050037412,85.94303925400891,237.52965847299492,0.34005674719810486,0.8562753036437247,0.84375,0.84375,0.8423645320197044,1.8649895178197066e-05,0.90625,0.0,2.0,hard|medium|easy
test,0,2,162,32,0.5324691849964438,86.47608243400464,238.06270175799727,0.3808981478214264,0.8531746031746033,0.84375,0.8490196078431372,0.8435972629521017,1.8641509433962266e-05,1.28125,0.0,2.0,easy|medium|hard
test,0,2,163,32,0.5325090210099006,87.0092111670092,238.59583049100183,0.08461348712444305,0.9736842105263157,0.96875,0.9642857142857143,0.967967967967968,1.8633123689727466e-05,0.71875,0.0,2.0,hard|easy|medium
test,0,2,164,32,0.5320440089999465,87.5417828589998,239.1284020759922,0.23337683081626892,0.9333333333333333,0.9375,0.9333333333333333,0.9333333333333333,1.8624737945492663e-05,1.03125,0.0,2.0,hard|easy|medium
test,0,2,165,32,0.5326679470017552,88.07498074999603,239.661599974992,0.12773355841636658,0.975,0.96875,0.9615384615384616,0.9671794871794872,1.8616352201257863e-05,1.34375,0.0,2.0,hard|medium|easy
test,0,2,166,32,0.5329409760015551,88.60851484100567,240.19513408400235,0.08992201089859009,0.9736842105263157,0.96875,0.9642857142857143,0.967967967967968,1.8607966457023063e-05,0.96875,0.0,2.0,medium|easy|hard
test,0,2,167,32,0.5317889720026869,89.14078777600662,240.7274070019921,0.13709817826747894,0.9705882352941176,0.96875,0.96875,0.9687194525904204,1.859958071278826e-05,0.9375,0.0,2.0,medium|easy|hard
test,0,2,168,32,0.5329164680006215,89.67414925100456,241.26076846900105,0.18929290771484375,0.9087301587301587,0.90625,0.903921568627451,0.9054187192118226,1.859119496855346e-05,1.125,0.0,2.0,hard|easy|medium
test,0,2,169,32,0.5325278470118064,90.20732265499828,241.79394190000312,0.09789158403873444,0.9705882352941176,0.96875,0.96875,0.9687194525904204,1.858280922431866e-05,0.96875,0.0,2.0,medium|hard|easy
test,0,2,170,32,0.5313741410063813,90.73929939999653,242.32591861199762,0.2893507480621338,0.8833333333333333,0.875,0.8650793650793651,0.8704453441295547,1.8574423480083857e-05,1.125,0.0,2.0,hard|easy|medium
test,0,2,171,32,0.5336115780082764,91.27352153899847,242.86014079599408,0.05900653451681137,0.9705882352941176,0.96875,0.96875,0.9687194525904204,1.8566037735849057e-05,0.90625,0.0,2.0,hard|medium|easy
test,0,2,172,32,0.5333961219876073,91.80742643799749,243.39404568399186,0.16560213267803192,0.9210526315789473,0.90625,0.90625,0.9054187192118226,1.8557651991614258e-05,0.96875,0.0,2.0,hard|medium|easy
test,0,2,173,32,0.5322196619963506,92.34024114100612,243.92686049599433,0.17462390661239624,0.9117647058823529,0.90625,0.9166666666666667,0.906158357771261,1.8549266247379458e-05,0.9375,0.0,2.0,medium|easy|hard
test,0,2,174,32,0.5330767849955009,92.87382399300986,244.46044358800282,0.27552178502082825,0.9372549019607843,0.9375,0.9372549019607843,0.9372549019607843,1.8540880503144655e-05,1.28125,0.0,2.0,medium|easy|hard
test,0,2,175,32,0.5327465039881645,93.40723735700885,244.99385652899218,0.17094558477401733,0.9705882352941176,0.96875,0.96875,0.9687194525904204,1.8532494758909855e-05,0.875,0.0,2.0,medium|easy|hard
test,0,2,176,32,0.5317287270008819,93.9394364470063,245.52605568099534,0.12282925099134445,0.9411764705882353,0.9375,0.9411764705882353,0.9375,1.8524109014675055e-05,1.09375,0.0,2.0,easy|hard|medium
test,0,2,177,32,0.5331959150062175,94.47320341800514,246.05982263699116,0.08640974760055542,0.95,0.96875,0.9782608695652174,0.9625730994152046,1.8515723270440255e-05,1.03125,0.0,2.0,medium|hard|easy
test,0,2,178,32,0.5326093100011349,95.00629664800363,246.59291586698964,0.1851574331521988,0.9372549019607843,0.9375,0.9372549019607843,0.9372549019607843,1.8507337526205452e-05,0.65625,0.0,2.0,easy|medium|hard
test,0,2,179,32,0.5315282160008792,95.53832020300615,247.1249395039922,0.07127445936203003,0.9583333333333333,0.96875,0.9761904761904762,0.9660657476139979,1.8498951781970652e-05,0.84375,0.0,2.0,easy|medium|hard
test,0,2,180,32,0.5325757660029922,96.07147297699703,247.65809219700168,0.14335298538208008,0.9761904761904762,0.96875,0.9583333333333333,0.9660657476139979,1.8490566037735852e-05,0.90625,0.0,2.0,easy|medium|hard
test,0,2,181,32,0.5330023740098113,96.60501631100487,248.19163553699036,0.3053269386291504,0.90625,0.90625,0.9210526315789473,0.9054187192118226,1.8482180293501052e-05,1.125,0.0,2.0,hard|easy|medium
test,0,2,182,32,0.5308820789941819,97.13644186699821,248.72306107799523,0.17914286255836487,0.903921568627451,0.90625,0.9087301587301587,0.9054187192118226,1.847379454926625e-05,0.9375,0.0,2.0,hard|medium|easy
test,0,2,183,32,0.5330021900008433,97.67001201299718,249.25663123799313,0.23718324303627014,0.9372549019607843,0.9375,0.9372549019607843,0.9372549019607843,1.846540880503145e-05,0.9375,0.0,2.0,hard|medium|easy
test,0,2,184,32,0.5328535970038502,98.20346929800871,249.7900885029958,0.2613930404186249,0.8823529411764706,0.875,0.8947368421052632,0.8745098039215686,1.845702306079665e-05,1.21875,0.0,2.0,easy|hard|medium
test,0,2,185,32,0.5317854479944799,98.73568280300242,250.3223020180012,0.17541703581809998,0.9583333333333333,0.96875,0.9761904761904762,0.9660657476139979,1.8448637316561846e-05,1.15625,0.0,2.0,easy|hard|medium
test,0,2,186,32,0.5331930140091572,99.26944160900894,250.85606115199334,0.24167662858963013,0.9083333333333333,0.90625,0.8967611336032388,0.9015384615384616,1.8440251572327047e-05,1.03125,0.0,2.0,medium|hard|easy
test,0,2,187,32,0.532647015992552,99.80262368600233,251.38924290599243,0.19585154950618744,0.9772727272727273,0.96875,0.9545454545454546,0.964562569213732,1.8431865828092247e-05,0.78125,0.0,2.0,easy|hard|medium
test,0,2,188,32,0.5318614130083006,100.33502060899627,251.9216398389981,0.18029674887657166,0.9083333333333333,0.90625,0.8967611336032388,0.9015384615384616,1.8423480083857444e-05,0.96875,0.0,2.0,easy|medium|hard
test,0,2,189,32,0.5330707619868917,100.86869528300304,252.45531452698924,0.26753291487693787,0.8928571428571428,0.90625,0.9285714285714286,0.9015384615384616,1.8415094339622644e-05,1.125,0.0,2.0,medium|hard|easy
test,0,2,190,32,0.5321371269965312,101.40140998399875,252.98802920000162,0.08905123174190521,0.9666666666666667,0.96875,0.9722222222222222,0.9684729064039409,1.8406708595387844e-05,1.21875,0.0,2.0,easy|medium|hard
test,0,2,191,32,0.5319447279907763,101.93388493399834,253.52050415499252,0.04127083718776703,1.0,1.0,1.0,1.0,1.839832285115304e-05,0.875,0.0,2.0,medium|easy|hard
test,0,2,192,32,0.5335995250061387,102.46806073200423,254.05467994599894,0.25939303636550903,0.9,0.875,0.875,0.873015873015873,1.838993710691824e-05,1.03125,0.0,2.0,medium|hard|easy
test,0,2,193,32,0.5322217119974084,103.00093999299861,254.58755922000273,0.028305552899837494,1.0,1.0,1.0,1.0,1.838155136268344e-05,0.8125,0.0,2.0,easy|hard|medium
test,0,2,194,32,0.5315083729947219,103.53301448300772,255.11963376599306,0.15809626877307892,0.975,0.96875,0.9615384615384616,0.9671794871794872,1.8373165618448638e-05,1.0625,0.0,2.0,medium|hard|easy
test,0,2,195,32,0.533130751005956,104.06671186600579,255.6533311050007,0.38675034046173096,0.8333333333333333,0.8125,0.8125,0.8095238095238095,1.8364779874213838e-05,1.09375,0.0,2.0,hard|medium|easy
test,0,2,196,32,0.5325578750052955,104.59978952699748,256.1864090829913,0.16101163625717163,0.8745098039215686,0.875,0.8745098039215686,0.8745098039215686,1.8356394129979038e-05,0.9375,0.0,2.0,hard|medium|easy
test,0,2,197,32,0.5315050229983171,105.1318334719981,256.71845269500045,0.3143623471260071,0.8372549019607842,0.84375,0.8583333333333334,0.8398398398398399,1.8348008385744235e-05,0.90625,0.0,2.0,easy|medium|hard
test,0,2,198,32,0.5332346100040013,105.66563476300507,257.2522539799975,0.22876779735088348,0.9523809523809523,0.9375,0.9230769230769231,0.9333333333333333,1.8339622641509435e-05,1.0625,0.0,2.0,medium|hard|easy
test,0,2,199,32,0.5325936029985314,106.19883777000359,257.7854570049967,0.15701183676719666,0.9352226720647774,0.9375,0.9352226720647774,0.9352226720647774,1.8331236897274632e-05,0.9375,0.0,2.0,easy|medium|hard
test,0,2,200,32,0.5313667160080513,106.7309116999968,258.3175309329963,0.027201663702726364,1.0,1.0,1.0,1.0,1.8322851153039832e-05,1.125,0.0,2.0,hard|medium|easy
test,0,2,201,32,0.5334899889858207,107.26504738000222,258.8516665849893,0.17167095839977264,0.9375,0.9375,0.9444444444444444,0.9372549019607843,1.8314465408805032e-05,1.28125,0.0,2.0,hard|easy|medium
test,0,2,202,32,0.5326123319973703,107.79825415300729,259.38487338699633,0.2239469438791275,0.9365079365079365,0.9375,0.9365079365079365,0.9365079365079365,1.8306079664570233e-05,1.25,0.0,2.0,medium|hard|easy
test,0,2,203,32,0.5312608300009742,108.33011909399647,259.91673831199296,0.1398390829563141,0.9365079365079365,0.9375,0.9365079365079365,0.9365079365079365,1.829769392033543e-05,1.09375,0.0,2.0,easy|medium|hard
test,0,2,204,32,0.5333483319991501,108.86401426700468,260.4506335030019,0.15229696035385132,0.95,0.96875,0.9782608695652174,0.9625730994152046,1.828930817610063e-05,1.0625,0.0,2.0,hard|easy|medium
test,0,2,205,32,0.5327009400061797,109.39733596400765,260.98395518699544,0.20478686690330505,0.8272727272727273,0.875,0.875,0.8454106280193237,1.828092243186583e-05,1.34375,0.0,2.0,hard|easy|medium
test,0,2,206,32,0.5317136369994842,109.92953950499941,261.51615873200353,0.24620509147644043,0.903921568627451,0.90625,0.9087301587301587,0.9054187192118226,1.827253668763103e-05,0.90625,0.0,2.0,easy|hard|medium
test,0,2,207,32,0.5332028709963197,110.46327210500021,262.04989133999334,0.19147899746894836,0.8967611336032388,0.90625,0.9083333333333333,0.9015384615384616,1.8264150943396227e-05,0.8125,0.0,2.0,easy|hard|medium
test,0,2,208,32,0.532422658012365,110.99627047000104,262.58288972399896,0.2782185971736908,0.9087301587301587,0.90625,0.903921568627451,0.9054187192118226,1.8255765199161427e-05,1.21875,0.0,2.0,medium|easy|hard
test,0,2,209,32,0.5320920380036114,111.52889670500008,263.11551592100295,0.19762977957725525,0.9372549019607843,0.9375,0.9372549019607843,0.9372549019607843,1.8247379454926627e-05,1.21875,0.0,2.0,medium|hard|easy
test,0,2,210,32,0.5331437769928016,112.06256311500329,263.64918238300015,0.3262284994125366,0.8705882352941177,0.875,0.8825910931174089,0.873015873015873,1.8238993710691827e-05,0.71875,0.0,2.0,easy|hard|medium
test,0,2,211,32,0.5325264319981216,112.59559434800758,264.1822135580005,0.14959865808486938,0.9090909090909092,0.9375,0.9565217391304348,0.9272727272727272,1.8230607966457024e-05,0.9375,0.0,2.0,hard|medium|easy
test,0,2,212,32,0.5316556170000695,113.1277895480016,264.714408793996,0.055578816682100296,0.9705882352941176,0.96875,0.96875,0.9687194525904204,1.8222222222222224e-05,0.9375,0.0,2.0,easy|hard|medium
test,0,2,213,32,0.5329370370018296,113.66126910300227,265.24788832699414,0.1319088190793991,0.9736842105263157,0.96875,0.9642857142857143,0.967967967967968,1.8213836477987425e-05,0.96875,0.0,2.0,easy|medium|hard
test,0,2,214,32,0.5322868340008426,114.19407325400971,265.78069248900283,0.2502995729446411,0.9375,0.9375,0.9375,0.9375,1.820545073375262e-05,1.0625,0.0,2.0,easy|medium|hard
test,0,2,215,32,0.5311545110016596,114.72569800300698,266.31231722800294,0.12230381369590759,0.9583333333333333,0.96875,0.9761904761904762,0.9660657476139979,1.819706498951782e-05,0.875,0.0,2.0,easy|medium|hard
test,0,2,216,32,0.5334229130094172,115.25958673100104,266.8462062179897,0.3992731273174286,0.8056680161943319,0.8125,0.8056680161943319,0.8056680161943319,1.818867924528302e-05,1.0625,0.0,2.0,hard|medium|easy
test,0,2,217,32,0.532465249998495,115.79259020400059,267.379209435996,0.3328438401222229,0.8319838056680162,0.84375,0.8416666666666667,0.8358974358974359,1.818029350104822e-05,0.84375,0.0,2.0,easy|medium|hard
test,0,2,218,32,0.531710524999653,116.32482532900758,267.9114445449959,0.2348359078168869,0.9473684210526316,0.9375,0.9333333333333333,0.9365079365079365,1.817190775681342e-05,0.9375,0.0,2.0,hard|medium|easy
test,0,2,219,32,0.5329790800024057,116.85835421700904,268.44497343699913,0.20784741640090942,0.9666666666666667,0.96875,0.9722222222222222,0.9684729064039409,1.816352201257862e-05,0.875,0.0,2.0,easy|medium|hard
test,0,2,220,32,0.5326947040011873,117.39167479799653,268.97829403099604,0.3844295144081116,0.84375,0.84375,0.8450980392156863,0.8435972629521017,1.8155136268343816e-05,1.15625,0.0,2.0,hard|medium|easy
test,0,2,221,32,0.5318616510048741,117.92413074000797,269.5107499619917,0.16465385258197784,0.9615384615384616,0.96875,0.975,0.9671794871794872,1.8146750524109016e-05,1.375,0.0,2.0,medium|hard|easy
test,0,2,222,32,0.5330862270056969,118.45782944600796,270.0444486810011,0.09731470048427582,0.9705882352941176,0.96875,0.96875,0.9687194525904204,1.8138364779874216e-05,1.09375,0.0,2.0,medium|hard|easy
test,0,2,223,32,0.5325467080110684,118.99091918701015,270.5775384299923,0.21044182777404785,0.8831168831168831,0.875,0.8582995951417004,0.8666666666666667,1.8129979035639413e-05,1.0,0.0,2.0,hard|medium|easy
test,0,2,224,32,0.5314541370025836,119.52295836900885,271.1095777719893,0.35275569558143616,0.8319838056680162,0.84375,0.8416666666666667,0.8358974358974359,1.8121593291404613e-05,1.15625,0.0,2.0,medium|hard|easy
test,0,2,225,32,0.533498431002954,120.05701152700931,271.64363074299763,0.14074154198169708,0.9736842105263157,0.96875,0.9642857142857143,0.967967967967968,1.8113207547169813e-05,1.03125,0.0,2.0,easy|hard|medium
test,0,2,226,32,0.5332653329969617,120.59085061000951,272.17747014400084,0.20996396243572235,0.9375,0.9375,0.9444444444444444,0.9372549019607843,1.810482180293501e-05,1.0,0.0,2.0,medium|hard|easy
test,0,2,227,32,0.5317581030103611,121.12315403499815,272.7097733679984,0.33045288920402527,0.8745098039215686,0.875,0.8745098039215686,0.8745098039215686,1.809643605870021e-05,1.03125,0.0,2.0,easy|medium|hard
test,0,2,228,32,0.5336439089878695,121.65734347399848,273.2439627059939,0.07693032920360565,1.0,1.0,1.0,1.0,1.808805031446541e-05,1.21875,0.0,2.0,easy|hard|medium
test,0,2,229,32,0.5325438820000272,122.19043681300536,273.77705603399954,0.18780198693275452,0.9411764705882353,0.9375,0.9411764705882353,0.9375,1.8079664570230607e-05,1.125,0.0,2.0,medium|easy|hard
test,0,2,230,32,0.5319798580021597,122.72290837700712,274.30952759299544,0.10246497392654419,0.9642857142857143,0.96875,0.9736842105263157,0.967967967967968,1.8071278825995807e-05,0.96875,0.0,2.0,medium|easy|hard
test,0,2,231,32,0.5336854730121559,123.25720719801029,274.84382640699914,0.1600223034620285,0.9089068825910931,0.90625,0.9007936507936507,0.9039039039039038,1.8062893081761008e-05,1.21875,0.0,2.0,hard|easy|medium
test,0,2,232,32,0.5323565279977629,123.79010271500738,275.3767219349975,0.2683437466621399,0.8704453441295547,0.875,0.8704453441295547,0.8704453441295547,1.8054507337526204e-05,1.03125,0.0,2.0,medium|easy|hard
test,0,2,233,32,0.5315532319946215,124.32218766299775,275.9088068919955,0.32850492000579834,0.8833333333333333,0.875,0.8650793650793651,0.8704453441295547,1.8046121593291405e-05,1.125,0.0,2.0,medium|easy|hard
test,0,2,234,32,0.533401809996576,124.8561145170097,276.44273374399927,0.3454691469669342,0.84375,0.84375,0.8562753036437247,0.8423645320197044,1.8037735849056605e-05,1.0,0.0,2.0,medium|easy|hard
test,0,2,235,32,0.5324692889989819,125.38919936800085,276.9758186019899,0.39333227276802063,0.8450980392156863,0.84375,0.84375,0.8435972629521017,1.8029350104821805e-05,0.75,0.0,2.0,easy|medium|hard
test,0,2,236,32,0.5314287910005078,125.92127618100494,277.50789573999646,0.15231524407863617,0.9375,0.9375,0.9375,0.9375,1.8020964360587e-05,1.125,0.0,2.0,hard|medium|easy
test,0,2,237,32,0.5337859880091855,126.4555988600041,278.042218083996,0.37953540682792664,0.873015873015873,0.875,0.873015873015873,0.873015873015873,1.8012578616352202e-05,1.0625,0.0,2.0,hard|medium|easy
test,0,2,238,32,0.5324886140006129,126.98860866900941,278.57522788499773,0.20405805110931396,0.9333333333333333,0.9375,0.9473684210526316,0.9365079365079365,1.8004192872117402e-05,1.09375,0.0,2.0,easy|medium|hard
test,0,2,239,32,0.5319829350046348,127.52111840799625,279.1077376460016,0.18576261401176453,0.975,0.96875,0.9615384615384616,0.9671794871794872,1.7995807127882602e-05,1.15625,0.0,2.0,hard|easy|medium
test,0,2,240,32,0.5329906560073141,128.05463095600135,279.6412502669991,0.20040050148963928,0.9375,0.9375,0.9444444444444444,0.9372549019607843,1.79874213836478e-05,1.0,0.0,2.0,easy|hard|medium
test,0,2,241,32,0.5327960569993593,128.58795795800688,280.17457716399804,0.07696148753166199,0.9666666666666667,0.96875,0.9722222222222222,0.9684729064039409,1.7979035639413e-05,0.90625,0.0,2.0,easy|medium|hard
test,0,2,242,32,0.5312746619893005,129.11983856500592,280.7064577929996,0.1616952121257782,0.9736842105263157,0.96875,0.9642857142857143,0.967967967967968,1.79706498951782e-05,0.9375,0.0,2.0,hard|easy|medium
test,0,2,243,32,0.5330554070096696,129.65337076199648,281.2399899879965,0.3569200038909912,0.8593073593073592,0.84375,0.8293650793650793,0.8358974358974359,1.79622641509434e-05,0.875,0.0,2.0,hard|medium|easy
test,0,2,244,32,0.5326577899977565,130.18664847500622,281.77326773099776,0.2254701852798462,0.95,0.9375,0.9285714285714286,0.9352226720647774,1.7953878406708596e-05,0.875,0.0,2.0,medium|hard|easy
test,0,2,245,32,0.5313517930044327,130.71849314399878,282.305112379996,0.21496789157390594,0.903921568627451,0.90625,0.9087301587301587,0.9054187192118226,1.7945492662473797e-05,1.09375,0.0,2.0,easy|hard|medium
test,0,2,246,32,0.5331972330022836,131.25216704400373,282.83878627300146,0.2379467487335205,0.907843137254902,0.90625,0.90625,0.906158357771261,1.7937106918238997e-05,0.875,0.0,2.0,hard|medium|easy
test,0,2,247,32,0.5324014150100993,131.7850860900071,283.37170531999436,0.4843887686729431,0.9130434782608696,0.875,0.8461538461538461,0.8614718614718615,1.7928721174004194e-05,0.9375,0.0,2.0,hard|medium|easy
test,0,2,248,32,0.5316976730100578,132.31738724799652,283.9040064879955,0.21961182355880737,0.9473684210526316,0.9375,0.9333333333333333,0.9365079365079365,1.7920335429769394e-05,1.0625,0.0,2.0,hard|medium|easy
test,0,2,249,32,0.5333884749998106,132.85127896700578,284.4378981839982,0.3789263367652893,0.8529411764705883,0.84375,0.875,0.8423645320197044,1.7911949685534594e-05,1.0,0.0,2.0,medium|hard|easy
test,0,2,250,32,0.5324826470023254,133.38434821100964,284.97096743599104,0.3110363483428955,0.8650793650793651,0.875,0.8833333333333333,0.8704453441295547,1.790356394129979e-05,0.90625,0.0,2.0,medium|easy|hard
test,0,2,251,32,0.5316721080016578,133.91658857100992,285.5032078069926,0.1412324607372284,0.9642857142857143,0.96875,0.9736842105263157,0.967967967967968,1.789517819706499e-05,1.0,0.0,2.0,hard|medium|easy
test,0,2,252,32,0.5335508519929135,134.45059530100843,286.03721454199695,0.18658572435379028,0.9375,0.9375,0.9375,0.9375,1.788679245283019e-05,0.9375,0.0,2.0,medium|easy|hard
test,0,2,253,32,0.5324107789929258,134.98352285999863,286.5701420809928,0.284357488155365,0.9166666666666667,0.90625,0.9117647058823529,0.906158357771261,1.7878406708595388e-05,0.84375,0.0,2.0,hard|easy|medium
test,0,2,254,32,0.5318149910017382,135.51580915499653,287.1024283699953,0.09277155250310898,0.9666666666666667,0.96875,0.9722222222222222,0.9684729064039409,1.7870020964360588e-05,1.21875,0.0,2.0,hard|medium|easy
test,0,2,255,32,0.5331945150101092,136.0495290569961,287.6361482749926,0.16224554181098938,0.907843137254902,0.90625,0.90625,0.906158357771261,1.7861635220125788e-05,0.9375,0.0,2.0,hard|medium|easy
test,0,2,256,32,0.5325199100043392,136.58260506500665,288.1692242979916,0.07449355721473694,0.9545454545454546,0.96875,0.9772727272727273,0.964562569213732,1.7853249475890985e-05,0.9375,0.0,2.0,hard|medium|easy
test,0,2,257,32,0.531634725004551,137.1147210580093,288.70134050499473,0.21468567848205566,0.9117647058823529,0.90625,0.9166666666666667,0.906158357771261,1.7844863731656185e-05,1.21875,0.0,2.0,easy|hard|medium
test,0,2,258,32,0.5330012749909656,137.6482754620083,289.23489467200125,0.1474977433681488,0.96875,0.96875,0.9705882352941176,0.9687194525904204,1.7836477987421385e-05,1.0625,0.0,2.0,hard|medium|easy
test,0,2,259,32,0.5325589790008962,138.18141088599805,289.7680301179935,0.22198498249053955,0.8967611336032388,0.90625,0.9083333333333333,0.9015384615384616,1.7828092243186582e-05,1.25,0.0,2.0,medium|hard|easy
test,0,2,260,32,0.5324097249977058,138.71425181599625,290.30087103699043,0.15832757949829102,0.9372549019607843,0.9375,0.9372549019607843,0.9372549019607843,1.7819706498951782e-05,1.0,0.0,2.0,hard|easy|medium
test,0,2,261,32,0.5331901750032557,139.24836472699826,290.83498394599883,0.2473396211862564,0.9333333333333333,0.9375,0.9333333333333333,0.9333333333333333,1.7811320754716983e-05,1.0,0.0,2.0,hard|easy|medium
test,0,2,262,32,0.532351911009755,139.78116577600304,291.36778500799846,0.1444351226091385,0.9473684210526316,0.9375,0.9333333333333333,0.9365079365079365,1.780293501048218e-05,0.96875,0.0,2.0,hard|medium|easy
test,0,2,263,32,0.5323549079912482,140.3139909629972,291.9006101959967,0.32872071862220764,0.9087301587301587,0.90625,0.903921568627451,0.9054187192118226,1.779454926624738e-05,0.625,0.0,2.0,easy|hard|medium
test,0,2,264,32,0.532858717997442,140.84731053900032,292.4339297569968,0.21462216973304749,0.9090909090909092,0.9375,0.9565217391304348,0.9272727272727272,1.778616352201258e-05,0.84375,0.0,2.0,medium|easy|hard
test,0,2,265,6,0.16021765899495222,141.00799651900888,292.5946156759892,0.02729109115898609,1.0,1.0,1.0,1.0,1.7777777777777777e-05,1.3333333730697632,1.0,2.0,medium|hard
test,0,3,1,32,0.5356333430099767,0.620794050002587,303.66486134899606,0.10151547193527222,1.0,1.0,1.0,1.0,1.7769392033542977e-05,1.09375,0.0,2.0,hard|easy|medium
test,0,3,2,32,0.5313753109949175,1.1529035020066658,304.1969673650019,0.07155013084411621,0.9615384615384616,0.96875,0.975,0.9671794871794872,1.7761006289308177e-05,1.03125,0.0,2.0,medium|easy|hard
test,0,3,3,32,0.5337467349891085,1.6871562730084406,304.73122009899816,0.1405060589313507,0.96875,0.96875,0.9705882352941176,0.9687194525904204,1.7752620545073377e-05,0.875,0.0,2.0,easy|hard|medium
test,0,3,4,32,0.5323552569898311,2.2200489490060136,305.26411279499007,0.10339298844337463,0.96875,0.96875,0.9705882352941176,0.9687194525904204,1.7744234800838574e-05,1.15625,0.0,2.0,easy|medium|hard
test,0,3,5,32,0.5316491129924543,2.7522346890036715,305.79629852400103,0.1711694449186325,0.9375,0.9375,0.9444444444444444,0.9372549019607843,1.7735849056603774e-05,0.875,0.0,2.0,hard|medium|easy
test,0,3,6,32,0.5333084349986166,3.2860526430013124,306.3301167009922,0.22133499383926392,0.95,0.9375,0.9285714285714286,0.9352226720647774,1.7727463312368974e-05,0.84375,0.0,2.0,easy|hard|medium
test,0,3,7,32,0.5328252949984744,3.8194329450052464,306.86349676900136,0.15472178161144257,0.9736842105263157,0.96875,0.9642857142857143,0.967967967967968,1.7719077568134175e-05,0.8125,0.0,2.0,easy|hard|medium
test,0,3,8,32,0.5317649460048415,4.351746669010026,307.39581048199034,0.17320173978805542,0.90625,0.90625,0.907843137254902,0.906158357771261,1.7710691823899375e-05,0.875,0.0,2.0,medium|hard|easy
test,0,3,9,32,0.5334676169877639,4.885801096999785,307.92986495299556,0.21026337146759033,0.9007936507936507,0.90625,0.9089068825910931,0.9039039039039038,1.770230607966457e-05,1.0625,0.0,2.0,medium|easy|hard
test,0,3,10,32,0.5324510400096187,5.418792224008939,308.462856320999,0.13107062876224518,0.9473684210526316,0.9375,0.9333333333333333,0.9365079365079365,1.769392033542977e-05,1.15625,0.0,2.0,medium|hard|easy
test,0,3,11,32,0.5322048460075166,5.951582285997574,308.99564611799724,0.0883609801530838,1.0,1.0,1.0,1.0,1.7685534591194972e-05,0.84375,0.0,2.0,medium|easy|hard
test,0,3,12,32,0.5335222550056642,6.48558741400484,309.5296512420027,0.32683247327804565,0.9007936507936507,0.90625,0.9089068825910931,0.9039039039039038,1.767714884696017e-05,0.78125,0.0,2.0,medium|easy|hard
test,0,3,13,32,0.532623520004563,7.01876999301021,310.06283382199763,0.017622997984290123,1.0,1.0,1.0,1.0,1.766876310272537e-05,1.09375,0.0,2.0,medium|hard|easy
test,0,3,14,32,0.5319733040087158,7.55135218599753,310.59541601299134,0.11792786419391632,0.9285714285714286,0.9375,0.95,0.9352226720647774,1.766037735849057e-05,1.0,0.0,2.0,hard|medium|easy
test,0,3,15,32,0.5338444419903681,8.085835375997704,311.12989919100073,0.05316561087965965,0.96875,0.96875,0.9705882352941176,0.9687194525904204,1.7651991614255766e-05,1.03125,0.0,2.0,medium|hard|easy
test,0,3,16,32,0.5323356190056074,8.618733502997202,311.66279736299475,0.039945460855960846,1.0,1.0,1.0,1.0,1.7643605870020966e-05,1.03125,0.0,2.0,medium|hard|easy
test,0,3,17,32,0.5317897989880294,9.151094123008079,312.19515821000095,0.23779700696468353,0.95,0.9375,0.9285714285714286,0.9352226720647774,1.7635220125786166e-05,0.9375,0.0,2.0,hard|easy|medium
test,0,3,18,32,0.5327588649961399,9.684444541999255,312.7285083579918,0.0161098912358284,1.0,1.0,1.0,1.0,1.7626834381551363e-05,0.96875,0.0,2.0,easy|medium|hard
test,0,3,19,32,0.5324049780028872,10.217346200006432,313.26141001099313,0.26409032940864563,0.925,0.90625,0.9,0.9039039039039038,1.7618448637316563e-05,0.96875,0.0,2.0,easy|medium|hard
test,0,3,20,32,0.5318011100025615,10.749784590996569,313.7938484100014,0.19560757279396057,0.9372549019607843,0.9375,0.9372549019607843,0.9372549019607843,1.7610062893081763e-05,0.78125,0.0,2.0,easy|medium|hard
test,0,3,21,32,0.5329646059981314,11.283356676998665,314.3274205189955,0.05150596797466278,0.975,0.96875,0.9615384615384616,0.9671794871794872,1.760167714884696e-05,0.90625,0.0,2.0,hard|medium|easy
test,0,3,22,32,0.5324660129990662,11.816428480000468,314.86049231200013,0.03573630750179291,1.0,1.0,1.0,1.0,1.759329140461216e-05,0.78125,0.0,2.0,easy|hard|medium
test,0,3,23,32,0.5322173359891167,12.349216943010106,315.39328080900304,0.21385571360588074,0.9473684210526316,0.9375,0.9333333333333333,0.9365079365079365,1.758490566037736e-05,0.84375,0.0,2.0,easy|hard|medium
test,0,3,24,32,0.5337078729935456,12.883527083002264,315.92759084799036,0.1152842566370964,0.9352226720647774,0.9375,0.9352226720647774,0.9352226720647774,1.7576519916142557e-05,1.09375,0.0,2.0,hard|easy|medium
test,0,3,25,32,0.5322000440064585,13.416334638997796,316.46039849000226,0.1898215115070343,0.9375,0.9375,0.9444444444444444,0.9372549019607843,1.7568134171907758e-05,0.8125,0.0,2.0,medium|easy|hard
test,0,3,26,32,0.531963518995326,13.948792857001536,316.99285670300014,0.23054258525371552,0.9166666666666667,0.9375,0.9545454545454546,0.9307359307359306,1.7559748427672958e-05,1.09375,0.0,2.0,medium|hard|easy
test,0,3,27,32,0.5336220619938103,14.483005114001571,317.52706895399024,0.20653200149536133,0.907843137254902,0.90625,0.90625,0.906158357771261,1.7551362683438155e-05,0.9375,0.0,2.0,medium|easy|hard
test,0,3,28,32,0.5325725589937065,15.016164640997886,318.06022847299755,0.011707291007041931,1.0,1.0,1.0,1.0,1.7542976939203355e-05,0.96875,0.0,2.0,hard|medium|easy
test,0,3,29,32,0.5313460149918683,15.54807165999955,318.59213554899907,0.20711733400821686,0.9375,0.9375,0.9444444444444444,0.9372549019607843,1.7534591194968555e-05,1.125,0.0,2.0,hard|easy|medium
test,0,3,30,32,0.5337021570012439,16.082353307996527,319.12641715699283,0.08042284846305847,0.9736842105263157,0.96875,0.9642857142857143,0.967967967967968,1.7526205450733752e-05,1.15625,0.0,2.0,hard|easy|medium
test,0,3,31,32,0.5320569640025496,16.614988329005428,319.6590521649923,0.3346460163593292,0.9007936507936507,0.90625,0.9089068825910931,0.9039039039039038,1.7517819706498952e-05,1.15625,0.0,2.0,easy|hard|medium
test,0,3,32,32,0.5318974930123659,17.147420570996474,320.1914844099956,0.2910815477371216,0.9083333333333333,0.90625,0.8967611336032388,0.9015384615384616,1.7509433962264152e-05,1.09375,0.0,2.0,hard|easy|medium
test,0,3,33,32,0.5331470259989146,17.681089734003763,320.7251535660034,0.1925593614578247,0.9642857142857143,0.96875,0.9736842105263157,0.967967967967968,1.7501048218029352e-05,0.84375,0.0,2.0,medium|easy|hard
test,0,3,34,32,0.5329122980037937,18.214592175005237,321.2586560030031,0.18476898968219757,0.9090909090909092,0.875,0.8571428571428572,0.8666666666666667,1.749266247379455e-05,1.03125,0.0,2.0,hard|medium|easy
test,0,3,35,32,0.5319709850009531,18.74716879100015,321.79123286799586,0.08822127431631088,0.9705882352941176,0.96875,0.96875,0.9687194525904204,1.748427672955975e-05,1.09375,0.0,2.0,medium|hard|easy
test,0,3,36,32,0.5332733010000084,19.280996358007542,322.3250601920008,0.02284633368253708,1.0,1.0,1.0,1.0,1.747589098532495e-05,0.6875,0.0,2.0,hard|easy|medium
test,0,3,37,32,0.5320961539982818,19.813662828004453,322.8577266509965,0.29602307081222534,0.9089068825910931,0.90625,0.9007936507936507,0.9039039039039038,1.746750524109015e-05,0.875,0.0,2.0,hard|medium|easy
test,0,3,38,32,0.5322221200040076,20.346494723999058,323.39055864399415,0.08666776865720749,0.96875,0.96875,0.9705882352941176,0.9687194525904204,1.7459119496855346e-05,1.09375,0.0,2.0,medium|easy|hard
test,0,3,39,32,0.5335635069932323,20.88062249000359,323.92468653099786,0.08116346597671509,0.9736842105263157,0.96875,0.9642857142857143,0.967967967967968,1.7450733752620547e-05,1.25,0.0,2.0,hard|medium|easy
test,0,3,40,32,0.5324010880140122,21.41357302600227,324.45763685400016,0.018025683239102364,1.0,1.0,1.0,1.0,1.7442348008385747e-05,0.90625,0.0,2.0,hard|easy|medium
test,0,3,41,32,0.5318069179920712,21.945979772004648,324.9900436189928,0.07021426409482956,0.9705882352941176,0.96875,0.96875,0.9687194525904204,1.7433962264150947e-05,1.15625,0.0,2.0,medium|hard|easy
test,0,3,42,32,0.5330239839968272,22.479535204998683,325.52359904599143,0.16555455327033997,0.9365079365079365,0.9375,0.9365079365079365,0.9365079365079365,1.7425576519916144e-05,0.75,0.0,2.0,medium|easy|hard
test,0,3,43,32,0.5326385980006307,23.01277269500133,326.0568365359941,0.14828993380069733,0.9365079365079365,0.9375,0.9365079365079365,0.9365079365079365,1.7417190775681344e-05,1.09375,0.0,2.0,hard|medium|easy
test,0,3,44,32,0.5317054789920803,23.545106801000657,326.58917070599273,0.1170794889330864,0.9722222222222222,0.96875,0.9666666666666667,0.9684729064039409,1.7408805031446544e-05,0.875,0.0,2.0,easy|hard|medium
test,0,3,45,32,0.5332104230037658,24.078900663997047,327.122964588998,0.5376663208007812,0.875,0.875,0.8809523809523809,0.8745098039215686,1.740041928721174e-05,0.875,0.0,2.0,medium|hard|easy
test,0,3,46,32,0.5324313459859695,24.6118310400052,327.6558948789898,0.06841809302568436,0.9722222222222222,0.96875,0.9666666666666667,0.9684729064039409,1.739203354297694e-05,1.03125,0.0,2.0,hard|easy|medium
test,0,3,47,32,0.5320510580058908,25.14443614400807,328.18849997399957,0.2907666563987732,0.875,0.875,0.8272727272727273,0.8454106280193237,1.738364779874214e-05,1.21875,0.0,2.0,medium|easy|hard
test,0,3,48,32,0.5331941439944785,25.67826848900586,328.7223323240032,0.10483826696872711,0.9761904761904762,0.96875,0.9583333333333333,0.9660657476139979,1.7375262054507338e-05,0.71875,0.0,2.0,easy|hard|medium
test,0,3,49,32,0.532685654994566,26.211633582002833,329.2556973960018,0.12642234563827515,0.96875,0.96875,0.9705882352941176,0.9687194525904204,1.7366876310272538e-05,1.28125,0.0,2.0,hard|medium|easy
test,0,3,50,32,0.5318539239960955,26.744090772001073,329.78815466800006,0.1757279336452484,0.9666666666666667,0.96875,0.9722222222222222,0.9684729064039409,1.735849056603774e-05,1.03125,0.0,2.0,medium|easy|hard
test,0,3,51,32,0.5336722280044341,27.278262256004382,330.32232627600024,0.03635281324386597,1.0,1.0,1.0,1.0,1.7350104821802935e-05,1.03125,0.0,2.0,hard|easy|medium
test,0,3,52,32,0.5324535999970976,27.811475716007408,330.85553953199997,0.1767987161874771,0.9705882352941176,0.96875,0.96875,0.9687194525904204,1.7341719077568135e-05,0.75,0.0,2.0,easy|hard|medium
test,0,3,53,32,0.5317964330024552,28.34380907799641,331.3878732689918,0.1358313113451004,0.9705882352941176,0.96875,0.96875,0.9687194525904204,1.7333333333333336e-05,1.03125,0.0,2.0,medium|hard|easy
test,0,3,54,32,0.5333382069948129,28.87772749600117,331.92179132899037,0.1167963296175003,0.9736842105263157,0.96875,0.9642857142857143,0.967967967967968,1.7324947589098532e-05,0.9375,0.0,2.0,hard|medium|easy
test,0,3,55,32,0.5323184890003176,29.410601518000476,332.4546653610014,0.062154680490493774,1.0,1.0,1.0,1.0,1.7316561844863733e-05,1.0,0.0,2.0,hard|medium|easy
test,0,3,56,32,0.5320198580011493,29.943233354002587,332.9872975249891,0.05419634282588959,0.96875,0.96875,0.9705882352941176,0.9687194525904204,1.7308176100628933e-05,1.0,0.0,2.0,hard|medium|easy
test,0,3,57,32,0.5329532689938787,30.476779039003304,333.5208428869955,0.2950977087020874,0.875,0.875,0.875,0.875,1.729979035639413e-05,0.625,0.0,2.0,easy|hard|medium
test,0,3,58,32,0.5323670869984198,31.009742579000886,334.0538063989952,0.07043300569057465,0.9615384615384616,0.96875,0.975,0.9671794871794872,1.729140461215933e-05,0.875,0.0,2.0,easy|medium|hard
test,0,3,59,32,0.5319872679974651,31.542282237001928,334.5863460699911,0.01771482825279236,1.0,1.0,1.0,1.0,1.728301886792453e-05,1.03125,0.0,2.0,hard|medium|easy
test,0,3,60,32,0.5332117450016085,32.07604217900371,335.12010629998986,0.03100142627954483,1.0,1.0,1.0,1.0,1.7274633123689727e-05,1.125,0.0,2.0,medium|hard|easy
test,0,3,61,32,0.5324181089963531,32.60899583400169,335.6530596609955,0.1032378226518631,0.975,0.96875,0.9615384615384616,0.9671794871794872,1.7266247379454927e-05,0.875,0.0,2.0,easy|medium|hard
test,0,3,62,32,0.5316262459964491,33.14117685701058,336.1852406800026,0.10789768397808075,0.975,0.96875,0.9615384615384616,0.9671794871794872,1.7257861635220127e-05,1.15625,0.0,2.0,medium|hard|easy
test,0,3,63,32,0.5325408570060972,33.674242086010054,336.7183059270028,0.07738307118415833,0.9666666666666667,0.96875,0.9722222222222222,0.9684729064039409,1.7249475890985324e-05,1.0,0.0,2.0,hard|easy|medium
test,0,3,64,32,0.531944829999702,34.20663907499693,337.25070323799446,0.09115729480981827,0.975,0.96875,0.9615384615384616,0.9671794871794872,1.7241090146750524e-05,1.03125,0.0,2.0,medium|hard|easy
test,0,3,65,32,0.5321081370057072,34.73934841599839,337.7834122560016,0.3173607587814331,0.85,0.875,0.8818181818181818,0.8614718614718615,1.7232704402515724e-05,1.25,0.0,2.0,medium|hard|easy
test,0,3,66,32,0.5329423830116866,35.272769021001295,338.316832823999,0.11767139285802841,0.9722222222222222,0.96875,0.9666666666666667,0.9684729064039409,1.7224318658280925e-05,0.875,0.0,2.0,hard|easy|medium
test,0,3,67,32,0.532411364998552,35.80578011200123,338.8498439749965,0.022727513685822487,1.0,1.0,1.0,1.0,1.721593291404612e-05,0.84375,0.0,2.0,medium|hard|easy
test,0,3,68,32,0.5325372790102847,36.338862700009486,339.38292652099335,0.2600032687187195,0.9089068825910931,0.90625,0.9007936507936507,0.9039039039039038,1.720754716981132e-05,0.84375,0.0,2.0,medium|hard|easy
test,0,3,69,32,0.5328485919890227,36.87234946800163,339.91641329099366,0.2971251904964447,0.9372549019607843,0.9375,0.9372549019607843,0.9372549019607843,1.7199161425576522e-05,1.21875,0.0,2.0,hard|easy|medium
test,0,3,70,32,0.532499157008715,37.405350152999745,340.449413986993,0.3188263475894928,0.8967611336032388,0.90625,0.9083333333333333,0.9015384615384616,1.7190775681341722e-05,0.53125,0.0,2.0,easy|medium|hard
test,0,3,71,32,0.5325531830021646,37.93855471500137,340.9826185359998,0.20946237444877625,0.9230769230769231,0.9375,0.9523809523809523,0.9333333333333333,1.718238993710692e-05,1.0,0.0,2.0,hard|medium|easy
test,0,3,72,32,0.5324638509919168,38.47159704299702,341.5156609949918,0.15459303557872772,0.9372549019607843,0.9375,0.9372549019607843,0.9372549019607843,1.717400419287212e-05,1.03125,0.0,2.0,hard|easy|medium
test,0,3,73,32,0.5323195270029828,39.004528771998594,342.04859260500234,0.23210343718528748,0.9087301587301587,0.90625,0.903921568627451,0.9054187192118226,1.716561844863732e-05,0.84375,0.0,2.0,hard|medium|easy
test,0,3,74,32,0.5324727880069986,39.53756899300788,342.5816328450019,0.020602596923708916,1.0,1.0,1.0,1.0,1.715723270440252e-05,0.9375,0.0,2.0,easy|hard|medium
test,0,3,75,32,0.5329669780039694,40.071148621005705,343.1152124499931,0.2012976109981537,0.9117647058823529,0.90625,0.9166666666666667,0.906158357771261,1.7148846960167716e-05,1.125,0.0,2.0,easy|hard|medium
test,0,3,76,32,0.5322361809958238,40.60391750300187,343.64798133399745,0.22884416580200195,0.9365079365079365,0.9375,0.9365079365079365,0.9365079365079365,1.7140461215932916e-05,1.09375,0.0,2.0,medium|easy|hard
test,0,3,77,32,0.5324635080032749,41.136930888998904,344.1809947069996,0.3255966603755951,0.9089068825910931,0.90625,0.9007936507936507,0.9039039039039038,1.7132075471698116e-05,0.96875,0.0,2.0,easy|medium|hard
test,0,3,78,32,0.5330763840029249,41.67053410100925,344.7145979079942,0.05065951868891716,0.9545454545454546,0.96875,0.9772727272727273,0.964562569213732,1.7123689727463313e-05,0.96875,0.0,2.0,hard|medium|easy
test,0,3,79,32,0.5323338630114449,42.20343690300069,345.2475008429901,0.017263025045394897,1.0,1.0,1.0,1.0,1.7115303983228513e-05,1.0625,0.0,2.0,hard|easy|medium
test,0,3,80,32,0.5326709389919415,42.73661699000513,345.7806808449968,0.12400026619434357,0.9411764705882353,0.9375,0.9411764705882353,0.9375,1.7106918238993714e-05,1.0625,0.0,2.0,medium|easy|hard
test,0,3,81,32,0.5325461770116817,43.26976286699937,346.31382669600134,0.17192582786083221,0.9705882352941176,0.96875,0.96875,0.9687194525904204,1.709853249475891e-05,0.90625,0.0,2.0,easy|hard|medium
test,0,3,82,32,0.5320776180014946,43.802410589996725,346.846474400998,0.044675808399915695,1.0,1.0,1.0,1.0,1.709014675052411e-05,0.65625,0.0,2.0,easy|medium|hard
test,0,3,83,32,0.5315965820045676,44.33453616700717,347.37860000399814,0.13614743947982788,0.9333333333333333,0.9375,0.9333333333333333,0.9333333333333333,1.708176100628931e-05,1.125,0.0,2.0,hard|easy|medium
test,0,3,84,32,0.5331395690009231,44.86827598299715,347.9123398059892,0.15063726902008057,0.9642857142857143,0.96875,0.9736842105263157,0.967967967967968,1.7073375262054508e-05,0.84375,0.0,2.0,hard|easy|medium
test,0,3,85,32,0.5323965010029497,45.401283059996786,348.44534690999717,0.03674779459834099,0.9583333333333333,0.96875,0.9761904761904762,0.9660657476139979,1.7064989517819708e-05,0.875,0.0,2.0,hard|medium|easy
test,0,3,86,32,0.5325342870055465,45.93435034500726,348.9784142540011,0.053088583052158356,0.9666666666666667,0.96875,0.9722222222222222,0.9684729064039409,1.7056603773584908e-05,1.0,0.0,2.0,hard|easy|medium
test,0,3,87,32,0.5328337070095586,46.467817274009576,349.51188116299454,0.028162742033600807,1.0,1.0,1.0,1.0,1.7048218029350105e-05,0.96875,0.0,2.0,medium|hard|easy
test,0,3,88,32,0.532347637010389,47.000749662998714,350.04481350300193,0.055460184812545776,0.9666666666666667,0.96875,0.9722222222222222,0.9684729064039409,1.7039832285115305e-05,0.9375,0.0,2.0,medium|hard|easy
test,0,3,89,32,0.5327379430091241,47.53404400999716,350.57810784399044,0.1887710690498352,0.9411764705882353,0.9375,0.9411764705882353,0.9375,1.7031446540880505e-05,1.09375,0.0,2.0,medium|easy|hard
test,0,3,90,32,0.5327722009969875,48.06741260099807,351.1114764340018,0.1476946622133255,0.9352226720647774,0.9375,0.9352226720647774,0.9352226720647774,1.7023060796645702e-05,0.8125,0.0,2.0,hard|medium|easy
test,0,3,91,32,0.5321708859992214,48.60018129400851,351.64424521099136,0.07122185081243515,0.975,0.96875,0.9615384615384616,0.9671794871794872,1.7014675052410902e-05,0.78125,0.0,2.0,easy|medium|hard
test,0,3,92,32,0.5319934600120177,49.132696177010075,352.1767600210005,0.11714218556880951,0.9307359307359306,0.9375,0.9307359307359306,0.9307359307359306,1.7006289308176102e-05,0.84375,0.0,2.0,medium|hard|easy
test,0,3,93,32,0.5329701139999088,49.66626636800356,352.710330196991,0.12236350774765015,0.9333333333333333,0.9375,0.9333333333333333,0.9333333333333333,1.69979035639413e-05,0.84375,0.0,2.0,hard|medium|easy
test,0,3,94,32,0.5325141799985431,50.199337694997666,353.2434015609906,0.015531519427895546,1.0,1.0,1.0,1.0,1.69895178197065e-05,0.96875,0.0,2.0,hard|medium|easy
test,0,3,95,32,0.5326416720054112,50.73244073300157,353.776504605994,0.11132485419511795,0.9722222222222222,0.96875,0.9666666666666667,0.9684729064039409,1.69811320754717e-05,0.90625,0.0,2.0,easy|hard|medium
test,0,3,96,32,0.5332044469978428,51.26624019500741,354.31030407299113,0.0794023647904396,0.9705882352941176,0.96875,0.96875,0.9687194525904204,1.6972746331236896e-05,1.15625,0.0,2.0,medium|easy|hard
test,0,3,97,32,0.5325959399924614,51.799416392008425,354.84348035400035,0.03954777494072914,0.9736842105263157,0.96875,0.9642857142857143,0.967967967967968,1.6964360587002096e-05,1.03125,0.0,2.0,hard|medium|easy
test,0,3,98,32,0.5320436570036691,52.332065624999814,355.3761294720025,0.20604577660560608,0.9372549019607843,0.9375,0.9372549019607843,0.9372549019607843,1.6955974842767297e-05,1.0,0.0,2.0,easy|hard|medium
test,0,3,99,32,0.5328230429877294,52.865478624997195,355.9095424459956,0.22658468782901764,0.9375,0.9375,0.9444444444444444,0.9372549019607843,1.6947589098532497e-05,1.09375,0.0,2.0,medium|hard|easy
test,0,3,100,32,0.5320219610002823,53.39801118899777,356.44207503300277,0.10977103561162949,0.9352226720647774,0.9375,0.9352226720647774,0.9352226720647774,1.6939203354297694e-05,0.875,0.0,2.0,easy|medium|hard
test,0,3,101,32,0.5323916030029068,53.930994700000156,356.9750586059963,0.025639457628130913,1.0,1.0,1.0,1.0,1.6930817610062894e-05,1.15625,0.0,2.0,medium|easy|hard
test,0,3,102,32,0.5330367190035759,54.464606378009194,357.508670227995,0.05348993465304375,1.0,1.0,1.0,1.0,1.6922431865828094e-05,1.0625,0.0,2.0,easy|medium|hard
test,0,3,103,32,0.5325180679938057,54.99771560799854,358.04177943499235,0.07787419855594635,0.9666666666666667,0.96875,0.9722222222222222,0.9684729064039409,1.6914046121593294e-05,1.15625,0.0,2.0,hard|medium|easy
test,0,3,104,32,0.5327394880005158,55.53104312000505,358.5751070569968,0.10009714215993881,0.9642857142857143,0.96875,0.9736842105263157,0.967967967967968,1.690566037735849e-05,0.875,0.0,2.0,medium|easy|hard
test,0,3,105,32,0.5331562000064878,56.06474386299669,359.1088079140027,0.022877849638462067,1.0,1.0,1.0,1.0,1.689727463312369e-05,1.03125,0.0,2.0,medium|easy|hard
test,0,3,106,32,0.5324176259891829,56.59777597800712,359.6418399440008,0.29733985662460327,0.90625,0.90625,0.907843137254902,0.906158357771261,1.688888888888889e-05,1.1875,0.0,2.0,easy|medium|hard
test,0,3,107,32,0.5324895840021782,57.13087250699755,360.1749363409908,0.15253232419490814,0.9117647058823529,0.90625,0.9166666666666667,0.906158357771261,1.688050314465409e-05,0.96875,0.0,2.0,medium|hard|easy
test,0,3,108,32,0.5329069009894738,57.66437702901021,360.70844085499994,0.05281343311071396,1.0,1.0,1.0,1.0,1.687211740041929e-05,0.71875,0.0,2.0,hard|easy|medium
test,0,3,109,32,0.5323044889955781,58.197378662996925,361.24144257599255,0.22486422955989838,0.9230769230769231,0.9375,0.9523809523809523,0.9333333333333333,1.686373165618449e-05,1.09375,0.0,2.0,hard|medium|easy
test,0,3,110,32,0.532459647001815,58.73040828900412,361.7744721229974,0.19942203164100647,0.8928571428571428,0.90625,0.9285714285714286,0.9015384615384616,1.685534591194969e-05,1.1875,0.0,2.0,hard|medium|easy
test,0,3,111,32,0.5330790120060556,59.26404717999685,362.30811102899315,0.06065996736288071,1.0,1.0,1.0,1.0,1.6846960167714885e-05,0.96875,0.0,2.0,easy|medium|hard
test,0,3,112,32,0.5327186829963466,59.79735407100816,362.8414178959938,0.11547581106424332,0.9307359307359306,0.9375,0.9307359307359306,0.9307359307359306,1.6838574423480086e-05,1.15625,0.0,2.0,hard|easy|medium
test,0,3,113,32,0.5322706549923168,60.33022852400609,363.3742923629907,0.4500466585159302,0.8529411764705883,0.84375,0.875,0.8423645320197044,1.6830188679245286e-05,1.15625,0.0,2.0,hard|medium|easy
test,0,3,114,32,0.5335432860010769,60.86442593600077,363.9084897599969,0.2872903347015381,0.9318181818181819,0.90625,0.8846153846153846,0.8981972428419936,1.6821802935010483e-05,0.9375,0.0,2.0,easy|medium|hard
test,0,3,115,32,0.5319224320119247,61.3968835179985,364.44094733799284,0.30242350697517395,0.90625,0.90625,0.9210526315789473,0.9054187192118226,1.6813417190775683e-05,1.0625,0.0,2.0,easy|hard|medium
test,0,3,116,32,0.5327623969933484,61.9302403620095,364.97430419299053,0.08461375534534454,0.9666666666666667,0.96875,0.9722222222222222,0.9684729064039409,1.6805031446540883e-05,0.90625,0.0,2.0,medium|easy|hard
test,0,3,117,32,0.5330186399951344,62.46383078499639,365.50789460800297,0.13479827344417572,0.96875,0.96875,0.9705882352941176,0.9687194525904204,1.679664570230608e-05,0.84375,0.0,2.0,medium|easy|hard
test,0,3,118,32,0.5326757270086091,62.99714771100844,366.04121153499,0.07018746435642242,0.9666666666666667,0.96875,0.9722222222222222,0.9684729064039409,1.678825995807128e-05,1.1875,0.0,2.0,hard|easy|medium
test,0,3,119,32,0.5325921839976218,63.53032604001055,366.57438985999033,0.15997104346752167,0.9333333333333333,0.9375,0.9333333333333333,0.9333333333333333,1.677987421383648e-05,1.34375,0.0,2.0,medium|hard|easy
test,0,3,120,32,0.5328988710098201,64.0638240440021,367.1078879109991,0.13354983925819397,0.9473684210526316,0.9375,0.9333333333333333,0.9365079365079365,1.6771488469601677e-05,0.9375,0.0,2.0,medium|easy|hard
test,0,3,121,32,0.5322705250000581,64.59667730500223,367.6407413709967,0.22893203794956207,0.9372549019607843,0.9375,0.9372549019607843,0.9372549019607843,1.6763102725366877e-05,0.96875,0.0,2.0,easy|medium|hard
test,0,3,122,32,0.5326997140073217,65.12997445100336,368.17403835299774,0.17737635970115662,0.9347826086956521,0.90625,0.875,0.893687707641196,1.6754716981132077e-05,1.0,0.0,2.0,easy|medium|hard
test,0,3,123,32,0.5333154660038417,65.66386098100338,368.7079248009977,0.07201281189918518,0.9722222222222222,0.96875,0.9666666666666667,0.9684729064039409,1.6746331236897274e-05,1.0,0.0,2.0,medium|easy|hard
test,0,3,124,32,0.5328664400003618,66.19724130100803,369.24130514600256,0.17882764339447021,0.9666666666666667,0.96875,0.9722222222222222,0.9684729064039409,1.6737945492662474e-05,0.96875,0.0,2.0,easy|medium|hard
test,0,3,125,32,0.5326463679957669,66.73055468400707,369.77461851999396,0.2087966799736023,0.9375,0.9375,0.9444444444444444,0.9372549019607843,1.6729559748427675e-05,1.03125,0.0,2.0,medium|easy|hard
test,0,3,126,32,0.5332795099966461,67.26432211100473,370.30838592800137,0.07508396357297897,0.975,0.96875,0.9615384615384616,0.9671794871794872,1.672117400419287e-05,0.84375,0.0,2.0,easy|hard|medium
test,0,3,127,32,0.5324229630059563,67.7973957080103,370.8414595429931,0.1254735141992569,0.9705882352941176,0.96875,0.96875,0.9687194525904204,1.671278825995807e-05,1.0625,0.0,2.0,easy|hard|medium
test,0,3,128,32,0.531799748991034,68.3297717430105,371.37383558000147,0.1223599761724472,0.9705882352941176,0.96875,0.96875,0.9687194525904204,1.6704402515723272e-05,1.03125,0.0,2.0,medium|easy|hard
test,0,3,129,32,0.5331478539883392,68.8634364430036,371.9075002710015,0.21239948272705078,0.903921568627451,0.90625,0.9087301587301587,0.9054187192118226,1.6696016771488472e-05,1.15625,0.0,2.0,medium|easy|hard
test,0,3,130,32,0.5325521030026721,69.39657290800824,372.4406367729971,0.1050199419260025,0.95,0.9375,0.9285714285714286,0.9352226720647774,1.668763102725367e-05,1.21875,0.0,2.0,hard|medium|easy
test,0,3,131,32,0.5317306880024262,69.92890096300107,372.9729648319917,0.15310737490653992,0.907843137254902,0.90625,0.90625,0.906158357771261,1.667924528301887e-05,1.125,0.0,2.0,medium|hard|easy
test,0,3,132,32,0.5330771360022482,70.46247135099838,373.5065352209931,0.03618256375193596,1.0,1.0,1.0,1.0,1.667085953878407e-05,1.21875,0.0,2.0,easy|hard|medium
test,0,3,133,32,0.5318981619930128,70.99495799200668,374.03902181299054,0.06504061818122864,0.9583333333333333,0.96875,0.9761904761904762,0.9660657476139979,1.666247379454927e-05,0.84375,0.0,2.0,easy|hard|medium
test,0,3,134,32,0.5323946889984654,71.52780230200733,374.57186612799705,0.09224176406860352,0.9615384615384616,0.96875,0.975,0.9671794871794872,1.6654088050314466e-05,1.0625,0.0,2.0,hard|medium|easy
test,0,3,135,32,0.5331003089959268,72.06150258499838,375.10556643999007,0.01617545820772648,1.0,1.0,1.0,1.0,1.6645702306079666e-05,1.15625,0.0,2.0,easy|hard|medium
test,0,3,136,32,0.5318623319908511,72.59393298299983,375.6379969279951,0.19961389899253845,0.8666666666666667,0.875,0.9047619047619048,0.8704453441295547,1.6637316561844866e-05,1.1875,0.0,2.0,hard|medium|easy
test,0,3,137,32,0.5322755650122417,73.1267961380072,376.17085997299,0.2119622677564621,0.9272727272727272,0.9375,0.9272727272727272,0.9272727272727272,1.6628930817610067e-05,0.78125,0.0,2.0,easy|medium|hard
test,0,3,138,32,0.5334031030070037,73.66075309300504,376.7048169920017,0.04015425592660904,1.0,1.0,1.0,1.0,1.6620545073375263e-05,1.03125,0.0,2.0,easy|medium|hard
test,0,3,139,32,0.532302253996022,74.19354071700945,377.2376045609999,0.05397054925560951,0.96875,0.96875,0.9705882352941176,0.9687194525904204,1.6612159329140464e-05,0.96875,0.0,2.0,medium|easy|hard
test,0,3,140,32,0.5320638249977492,74.72620777100383,377.77027160099533,0.004289720207452774,1.0,1.0,1.0,1.0,1.6603773584905664e-05,1.0,0.0,2.0,hard|medium|easy
test,0,3,141,32,0.5328069359966321,75.25953207499697,378.3035959099943,0.0757187157869339,0.9473684210526316,0.9375,0.9333333333333333,0.9365079365079365,1.659538784067086e-05,1.03125,0.0,2.0,medium|easy|hard
test,0,3,142,32,0.5324390119931195,75.79253110500576,378.83659493199957,0.035276539623737335,0.9642857142857143,0.96875,0.9736842105263157,0.967967967967968,1.658700209643606e-05,0.84375,0.0,2.0,medium|easy|hard
test,0,3,143,32,0.5329395909939194,76.32607016000838,379.3701340779953,0.05742334946990013,0.9705882352941176,0.96875,0.96875,0.9687194525904204,1.657861635220126e-05,0.8125,0.0,2.0,hard|medium|easy
test,0,3,144,32,0.5328517860034481,76.85948690200166,379.90355077999993,0.021544018760323524,1.0,1.0,1.0,1.0,1.6570230607966458e-05,0.78125,0.0,2.0,easy|hard|medium
test,0,3,145,32,0.5319261279946659,77.39199464600824,380.4360584660026,0.2095893919467926,0.9166666666666667,0.90625,0.9117647058823529,0.906158357771261,1.6561844863731658e-05,0.75,0.0,2.0,medium|easy|hard
test,0,3,146,32,0.5317188990011346,77.92430075000448,380.96836456899473,0.246524378657341,0.9285714285714286,0.9375,0.95,0.9352226720647774,1.6553459119496858e-05,0.875,0.0,2.0,hard|medium|easy
test,0,3,147,32,0.5330629410018446,78.45794405099878,381.5020079169917,0.09580626338720322,0.96875,0.96875,0.9705882352941176,0.9687194525904204,1.6545073375262055e-05,1.03125,0.0,2.0,medium|hard|easy
test,0,3,148,32,0.5324362109968206,78.99097035999876,382.0350342049933,0.12361407279968262,0.9444444444444444,0.9375,0.9375,0.9372549019607843,1.6536687631027255e-05,1.0625,0.0,2.0,hard|medium|easy
test,0,3,149,32,0.5321822480036644,79.52368925300834,382.56775308899523,0.4716910123825073,0.90625,0.90625,0.9210526315789473,0.9054187192118226,1.6528301886792455e-05,0.84375,0.0,2.0,hard|easy|medium
test,0,3,150,32,0.5325958920002449,80.05686327100557,383.10092719599197,0.37392717599868774,0.8833333333333333,0.875,0.8650793650793651,0.8704453441295547,1.6519916142557652e-05,0.9375,0.0,2.0,medium|hard|easy
test,0,3,151,32,0.5321512509981403,80.58958866501052,383.6336525049992,0.13356417417526245,0.9772727272727273,0.96875,0.9545454545454546,0.964562569213732,1.6511530398322852e-05,1.125,0.0,2.0,easy|medium|hard
test,0,3,152,32,0.5324151999957394,81.12257649000094,384.16664034099085,0.28194037079811096,0.9352226720647774,0.9375,0.9352226720647774,0.9352226720647774,1.6503144654088052e-05,1.0,0.0,2.0,hard|easy|medium
test,0,3,153,32,0.5327161939931102,81.65586953100865,384.69993336299376,0.1637985110282898,0.9642857142857143,0.96875,0.9736842105263157,0.967967967967968,1.649475890985325e-05,0.96875,0.0,2.0,easy|medium|hard
test,0,3,154,32,0.5322818779968657,82.18869308099966,385.23275693198957,0.011721421964466572,1.0,1.0,1.0,1.0,1.648637316561845e-05,1.15625,0.0,2.0,medium|hard|easy
test,0,3,155,32,0.5319047910015797,82.72116170999652,385.7652255209978,0.04306508228182793,1.0,1.0,1.0,1.0,1.647798742138365e-05,0.96875,0.0,2.0,easy|medium|hard
test,0,3,156,32,0.5330324079986895,83.25463766499888,386.29870152199874,0.11302745342254639,0.9642857142857143,0.96875,0.9736842105263157,0.967967967967968,1.6469601677148846e-05,0.875,0.0,2.0,medium|easy|hard
test,0,3,157,32,0.5325505219952902,83.78779472500901,386.83185857000353,0.27392086386680603,0.8809523809523809,0.875,0.875,0.8745098039215686,1.6461215932914047e-05,0.84375,0.0,2.0,easy|medium|hard
test,0,3,158,32,0.5323070430022199,84.32055068601039,387.3646145449893,0.28469768166542053,0.903921568627451,0.90625,0.9087301587301587,0.9054187192118226,1.6452830188679247e-05,1.0,0.0,2.0,easy|medium|hard
test,0,3,159,32,0.5329380290058907,84.85409284199704,387.8981566720031,0.0938064381480217,0.9705882352941176,0.96875,0.96875,0.9687194525904204,1.6444444444444444e-05,1.125,0.0,2.0,hard|easy|medium
test,0,3,160,32,0.5323173390061129,85.38697994500399,388.43104377599957,0.01828303188085556,1.0,1.0,1.0,1.0,1.6436058700209644e-05,1.21875,0.0,2.0,medium|hard|easy
test,0,3,161,32,0.5321846519946121,85.91963662700437,388.96370045799995,0.13507859408855438,0.9375,0.9375,0.9444444444444444,0.9372549019607843,1.6427672955974844e-05,0.875,0.0,2.0,hard|easy|medium
test,0,3,162,32,0.5327190170064569,86.45295456500025,389.4970183940022,0.02606910467147827,1.0,1.0,1.0,1.0,1.6419287211740044e-05,0.75,0.0,2.0,easy|medium|hard
test,0,3,163,32,0.532055356001365,86.98562025799765,390.0296840709925,0.11763399094343185,0.9230769230769231,0.9375,0.9523809523809523,0.9333333333333333,1.641090146750524e-05,1.03125,0.0,2.0,hard|medium|easy
test,0,3,164,32,0.5317946860013762,87.51798315500491,390.562047008003,0.008581520989537239,1.0,1.0,1.0,1.0,1.640251572327044e-05,0.96875,0.0,2.0,hard|medium|easy
test,0,3,165,32,0.5329338489973452,88.05150365200825,391.09556748199975,0.07398927211761475,0.975,0.96875,0.9615384615384616,0.9671794871794872,1.639412997903564e-05,1.34375,0.0,2.0,medium|hard|easy
test,0,3,166,32,0.5330789980071131,88.58519550600613,391.6292593399994,0.014687633141875267,1.0,1.0,1.0,1.0,1.638574423480084e-05,0.84375,0.0,2.0,easy|medium|hard
test,0,3,167,32,0.5318937150004786,89.11755199500476,392.161615813995,0.011958980932831764,1.0,1.0,1.0,1.0,1.637735849056604e-05,1.0625,0.0,2.0,easy|medium|hard
test,0,3,168,32,0.5325135619932553,89.65055341500556,392.69461725099245,0.04285658895969391,0.9666666666666667,0.96875,0.9722222222222222,0.9684729064039409,1.636897274633124e-05,0.875,0.0,2.0,easy|medium|hard
test,0,3,169,32,0.5322466090001399,90.18338801500795,393.2274518490012,0.14634037017822266,0.9722222222222222,0.96875,0.9666666666666667,0.9684729064039409,1.636058700209644e-05,1.0,0.0,2.0,hard|easy|medium
test,0,3,170,32,0.5324564710026607,90.71631176999654,393.76037559699034,0.16622932255268097,0.9365079365079365,0.9375,0.9365079365079365,0.9365079365079365,1.635220125786164e-05,1.25,0.0,2.0,easy|hard|medium
test,0,3,171,32,0.5330099809943931,91.24979624499974,394.2938600759953,0.21495577692985535,0.9473684210526316,0.9375,0.9333333333333333,0.9365079365079365,1.6343815513626836e-05,1.09375,0.0,2.0,hard|medium|easy
test,0,3,172,32,0.5326252380036749,91.78293236500758,394.82699618399784,0.1572222113609314,0.9352226720647774,0.9375,0.9352226720647774,0.9352226720647774,1.6335429769392036e-05,1.03125,0.0,2.0,easy|hard|medium
test,0,3,173,32,0.5316646249993937,92.31512387000839,395.35918768499687,0.2808113396167755,0.8705882352941177,0.875,0.8825910931174089,0.873015873015873,1.6327044025157236e-05,0.84375,0.0,2.0,hard|medium|easy
test,0,3,174,32,0.5327190039970446,92.84847326800809,395.8925371239893,0.2230737805366516,0.9772727272727273,0.96875,0.9545454545454546,0.964562569213732,1.6318658280922433e-05,1.125,0.0,2.0,easy|hard|medium
test,0,3,175,32,0.5330665509973187,93.38201344999834,396.426077377997,0.2823735475540161,0.9210526315789473,0.90625,0.90625,0.9054187192118226,1.6310272536687633e-05,0.875,0.0,2.0,hard|medium|easy
test,0,3,176,32,0.532490013007191,93.91509795100137,396.9591617809929,0.1756223440170288,0.9666666666666667,0.96875,0.9722222222222222,0.9684729064039409,1.6301886792452833e-05,1.28125,0.0,2.0,medium|easy|hard
test,0,3,177,32,0.5330796490015928,94.44871601900377,397.4927798419958,0.022737491875886917,1.0,1.0,1.0,1.0,1.629350104821803e-05,0.9375,0.0,2.0,easy|hard|medium
test,0,3,178,32,0.5326292730023852,94.98192668800766,398.025990530994,0.27662086486816406,0.9473684210526316,0.9375,0.9333333333333333,0.9365079365079365,1.628511530398323e-05,0.84375,0.0,2.0,hard|easy|medium
test,0,3,179,32,0.5319035559950862,95.51435992700863,398.558423814,0.19124309718608856,0.9705882352941176,0.96875,0.96875,0.9687194525904204,1.627672955974843e-05,1.1875,0.0,2.0,easy|medium|hard
test,0,3,180,32,0.533285908997641,96.04825890999928,399.0923227399908,0.019439568743109703,1.0,1.0,1.0,1.0,1.6268343815513627e-05,0.84375,0.0,2.0,easy|medium|hard
test,0,3,181,32,0.5331553519936278,96.58203795400914,399.6261017969955,0.11685647070407867,0.9666666666666667,0.96875,0.9722222222222222,0.9684729064039409,1.6259958071278827e-05,1.0625,0.0,2.0,easy|hard|medium
test,0,3,182,32,0.5318381349934498,97.11445134499809,400.15851520099386,0.02846844121813774,1.0,1.0,1.0,1.0,1.6251572327044028e-05,1.34375,0.0,2.0,medium|hard|easy
test,0,3,183,32,0.5336113310040673,97.64873343100771,400.69279727499816,0.09683741629123688,0.9333333333333333,0.9375,0.9333333333333333,0.9333333333333333,1.6243186582809224e-05,1.125,0.0,2.0,hard|medium|easy
test,0,3,184,32,0.5317912510072347,98.1810704380041,401.22513426298974,0.08195173740386963,0.9705882352941176,0.96875,0.96875,0.9687194525904204,1.6234800838574425e-05,1.1875,0.0,2.0,hard|easy|medium
test,0,3,185,32,0.531952324003214,98.71356239200395,401.75762640099856,0.306841641664505,0.90625,0.90625,0.9210526315789473,0.9054187192118226,1.6226415094339625e-05,0.96875,0.0,2.0,easy|hard|medium
test,0,3,186,32,0.5329027530096937,99.2470768320054,402.2911407609936,0.17466431856155396,0.9761904761904762,0.96875,0.9583333333333333,0.9660657476139979,1.621802935010482e-05,1.0,0.0,2.0,easy|hard|medium
test,0,3,187,32,0.5322090039990144,99.77975307199813,402.8238169129909,0.01081492006778717,1.0,1.0,1.0,1.0,1.6209643605870022e-05,0.96875,0.0,2.0,easy|hard|medium
test,0,3,188,32,0.5322208709985716,100.31248059400241,403.3565444299893,0.06468288600444794,0.9583333333333333,0.96875,0.9761904761904762,0.9660657476139979,1.6201257861635222e-05,1.0625,0.0,2.0,medium|hard|easy
test,0,3,189,32,0.5326398729957873,100.84571403599693,403.88977787300246,0.2518376111984253,0.9166666666666667,0.90625,0.9117647058823529,0.906158357771261,1.619287211740042e-05,0.9375,0.0,2.0,hard|easy|medium
test,0,3,190,32,0.5327469179901527,101.37902301200666,404.42308683900046,0.009646574035286903,1.0,1.0,1.0,1.0,1.618448637316562e-05,0.96875,0.0,2.0,medium|easy|hard
test,0,3,191,32,0.5318755979969865,101.9114526159974,404.95551643898943,0.1398887187242508,0.925,0.90625,0.9,0.9039039039039038,1.617610062893082e-05,0.875,0.0,2.0,easy|medium|hard
test,0,3,192,32,0.5325971889978973,102.44452198100043,405.48858580600063,0.09597599506378174,0.9642857142857143,0.96875,0.9736842105263157,0.967967967967968,1.6167714884696016e-05,1.0,0.0,2.0,easy|medium|hard
test,0,3,193,32,0.5330412570037879,102.97815486500622,406.02221870599897,0.12606748938560486,0.9089068825910931,0.90625,0.9007936507936507,0.9039039039039038,1.6159329140461216e-05,1.03125,0.0,2.0,hard|medium|easy
test,0,3,194,32,0.5325946999946609,103.51135632600926,406.55542030200013,0.04455933719873428,0.9736842105263157,0.96875,0.9642857142857143,0.967967967967968,1.6150943396226416e-05,1.0,0.0,2.0,easy|hard|medium
test,0,3,195,32,0.532664216007106,104.04448224700172,407.0885461119906,0.1976846158504486,0.9411764705882353,0.9375,0.9411764705882353,0.9375,1.6142557651991616e-05,0.90625,0.0,2.0,medium|easy|hard
test,0,3,196,32,0.5329972729959991,104.57810067399987,407.62216450599954,0.014530910179018974,1.0,1.0,1.0,1.0,1.6134171907756813e-05,1.1875,0.0,2.0,hard|medium|easy
test,0,3,197,32,0.5320986000006087,105.11072101500758,408.1547848429909,0.3637934923171997,0.9166666666666667,0.90625,0.9117647058823529,0.906158357771261,1.6125786163522013e-05,1.03125,0.0,2.0,easy|hard|medium
test,0,3,198,32,0.5327754340105457,105.64407985800062,408.68814372499764,0.328727126121521,0.9083333333333333,0.90625,0.8967611336032388,0.9015384615384616,1.6117400419287214e-05,1.15625,0.0,2.0,hard|medium|easy
test,0,3,199,32,0.5328401459992165,106.17746474100568,409.22152858099435,0.10407369583845139,0.9365079365079365,0.9375,0.9365079365079365,0.9365079365079365,1.6109014675052414e-05,1.03125,0.0,2.0,easy|medium|hard
test,0,3,200,32,0.5318034090014407,106.7098460749985,409.75391315900197,0.13087284564971924,0.9705882352941176,0.96875,0.96875,0.9687194525904204,1.610062893081761e-05,0.9375,0.0,2.0,hard|medium|easy
test,0,3,201,32,0.5325089850084623,107.24288674200943,410.28695067600347,0.23343409597873688,0.9333333333333333,0.9375,0.9473684210526316,0.9365079365079365,1.609224318658281e-05,0.90625,0.0,2.0,medium|hard|easy
test,0,3,202,32,0.5329784679925069,107.77640658900782,410.82047043798957,0.10196088254451752,0.9705882352941176,0.96875,0.96875,0.9687194525904204,1.608385744234801e-05,1.0625,0.0,2.0,easy|medium|hard
test,0,3,203,32,0.5320605020096991,108.30893038799695,411.3529942210007,0.12382909655570984,0.9761904761904762,0.96875,0.9583333333333333,0.9660657476139979,1.607547169811321e-05,1.125,0.0,2.0,hard|medium|easy
test,0,3,204,32,0.532426587989903,108.84194612099964,411.8860102079925,0.10377160459756851,0.9365079365079365,0.9375,0.9365079365079365,0.9365079365079365,1.6067085953878408e-05,1.0625,0.0,2.0,easy|medium|hard
test,0,3,205,32,0.5330722130020149,109.37551670600078,412.4195805240015,0.06267432123422623,0.9642857142857143,0.96875,0.9736842105263157,0.967967967967968,1.6058700209643608e-05,1.15625,0.0,2.0,easy|hard|medium
test,0,3,206,32,0.5321666550007649,109.90823645899945,412.95230055900174,0.09609081596136093,0.9365079365079365,0.9375,0.9365079365079365,0.9365079365079365,1.605031446540881e-05,0.96875,0.0,2.0,easy|hard|medium
test,0,3,207,32,0.5325652110041119,110.44133563801006,413.4853994649893,0.08251727372407913,0.9642857142857143,0.96875,0.9736842105263157,0.967967967967968,1.6041928721174005e-05,1.15625,0.0,2.0,medium|hard|easy
test,0,3,208,32,0.5335101810051128,110.9753924760007,414.0194563089899,0.1725831776857376,0.9352226720647774,0.9375,0.9352226720647774,0.9352226720647774,1.6033542976939205e-05,0.8125,0.0,2.0,easy|medium|hard
test,0,3,209,32,0.5324027960014064,111.50835189700592,414.5524157320033,0.27523860335350037,0.9333333333333333,0.9375,0.9333333333333333,0.9333333333333333,1.6025157232704405e-05,0.9375,0.0,2.0,hard|easy|medium
test,0,3,210,32,0.5327282780053793,112.04169955100224,415.0857633830019,0.04837975651025772,0.9705882352941176,0.96875,0.96875,0.9687194525904204,1.6016771488469602e-05,1.09375,0.0,2.0,medium|hard|easy
test,0,3,211,32,0.5329272439994384,112.57516786000633,415.6192317249952,0.010755496099591255,1.0,1.0,1.0,1.0,1.6008385744234802e-05,0.90625,0.0,2.0,easy|medium|hard
test,0,3,212,32,0.532126932987012,113.10780160001013,416.1518654410029,0.1817018985748291,0.903921568627451,0.90625,0.9087301587301587,0.9054187192118226,1.6000000000000003e-05,1.0625,0.0,2.0,hard|easy|medium
test,0,3,213,32,0.5326540960086277,113.64097246600431,416.68503644400334,0.25715547800064087,0.8831168831168831,0.875,0.8582995951417004,0.8666666666666667,1.59916142557652e-05,0.875,0.0,2.0,easy|medium|hard
test,0,3,214,32,0.5329808660026174,114.17451122100465,417.218575063991,0.051340602338314056,0.9736842105263157,0.96875,0.9642857142857143,0.967967967967968,1.59832285115304e-05,1.0625,0.0,2.0,hard|medium|easy
test,0,3,215,32,0.5321099740103818,114.70718261699949,417.7512464649917,0.18411698937416077,0.9365079365079365,0.9375,0.9365079365079365,0.9365079365079365,1.59748427672956e-05,1.0,0.0,2.0,hard|medium|easy
test,0,3,216,32,0.5325232949981,115.24021689100482,418.2842807209963,0.09446878731250763,0.9642857142857143,0.96875,0.9736842105263157,0.967967967967968,1.5966457023060797e-05,1.28125,0.0,2.0,hard|medium|easy
test,0,3,217,32,0.5329623180005001,115.77371666600811,418.817780516998,0.0723869577050209,0.9722222222222222,0.96875,0.9666666666666667,0.9684729064039409,1.5958071278825997e-05,0.96875,0.0,2.0,easy|hard|medium
test,0,3,218,32,0.5321150069939904,116.30635064801027,419.350414489003,0.12067367136478424,0.9722222222222222,0.96875,0.9666666666666667,0.9684729064039409,1.5949685534591197e-05,1.09375,0.0,2.0,easy|hard|medium
test,0,3,219,32,0.5320036789926235,116.83895298700372,419.8830168269924,0.017581306397914886,1.0,1.0,1.0,1.0,1.5941299790356394e-05,1.0,0.0,2.0,medium|hard|easy
test,0,3,220,32,0.5327130499936175,117.37221194501035,420.4162757890008,0.3045269846916199,0.9365079365079365,0.9375,0.9365079365079365,0.9365079365079365,1.5932914046121594e-05,0.8125,0.0,2.0,easy|hard|medium
test,0,3,221,32,0.5324047270114534,117.90521538900794,420.94927922399074,0.15878206491470337,0.9722222222222222,0.96875,0.9666666666666667,0.9684729064039409,1.5924528301886794e-05,0.9375,0.0,2.0,hard|easy|medium
test,0,3,222,32,0.5323992540070321,118.43819657000131,421.4822603999928,0.31077417731285095,0.9166666666666667,0.90625,0.9117647058823529,0.906158357771261,1.591614255765199e-05,1.0,0.0,2.0,hard|easy|medium
test,0,3,223,32,0.533067120006308,118.97185746300966,422.01592129599885,0.044494375586509705,0.96875,0.96875,0.9705882352941176,0.9687194525904204,1.590775681341719e-05,0.875,0.0,2.0,easy|medium|hard
test,0,3,224,32,0.5323564930004068,119.5047836790036,422.5488475329912,0.1552763283252716,0.9782608695652174,0.96875,0.95,0.9625730994152046,1.589937106918239e-05,1.0,0.0,2.0,medium|easy|hard
test,0,3,225,32,0.5329176709929015,120.03826670000853,423.08233059500344,0.010311131365597248,1.0,1.0,1.0,1.0,1.5890985324947588e-05,0.96875,0.0,2.0,medium|easy|hard
test,0,3,226,32,0.5329127029981464,120.57185464800568,423.61591848699027,0.059694260358810425,0.9333333333333333,0.9375,0.9473684210526316,0.9365079365079365,1.588259958071279e-05,0.9375,0.0,2.0,easy|hard|medium
test,0,3,227,32,0.5317285140044987,121.10418952400505,424.1482534809911,0.14285506308078766,0.975,0.96875,0.9615384615384616,0.9671794871794872,1.587421383647799e-05,1.125,0.0,2.0,medium|hard|easy
test,0,3,228,32,0.5323656389955431,121.63713128000381,424.6811951559939,0.212924987077713,0.8772727272727273,0.90625,0.9009661835748792,0.887719298245614,1.586582809224319e-05,1.09375,0.0,2.0,hard|medium|easy
test,0,3,229,32,0.5336671890108846,122.17138855899975,425.2154523789941,0.10297708213329315,0.9722222222222222,0.96875,0.9666666666666667,0.9684729064039409,1.585744234800839e-05,1.03125,0.0,2.0,hard|medium|easy
test,0,3,230,32,0.5317845370009309,122.70368059400062,425.7477444239921,0.09942694008350372,0.975,0.96875,0.9615384615384616,0.9671794871794872,1.5849056603773586e-05,0.96875,0.0,2.0,hard|medium|easy
test,0,3,231,32,0.5318942299927585,123.23609725300048,426.2801610780007,0.026101004332304,1.0,1.0,1.0,1.0,1.5840670859538786e-05,1.125,0.0,2.0,hard|easy|medium
test,0,3,232,32,0.5332520610099891,123.769840768,426.8139046110009,0.22555267810821533,0.9565217391304348,0.9375,0.9090909090909092,0.9272727272727272,1.5832285115303986e-05,1.03125,0.0,2.0,easy|medium|hard
test,0,3,233,32,0.5318843870045384,124.30220997599827,427.34627380099846,0.19654004275798798,0.9365079365079365,0.9375,0.9365079365079365,0.9365079365079365,1.5823899371069186e-05,1.125,0.0,2.0,hard|easy|medium
test,0,3,234,32,0.5309578559972579,124.83369692100678,427.8777607630036,0.020271990448236465,1.0,1.0,1.0,1.0,1.5815513626834383e-05,1.0625,0.0,2.0,easy|hard|medium
test,0,3,235,32,0.5326856659958139,125.36687096000242,428.4109348459897,0.10802863538265228,0.95,0.9375,0.9285714285714286,0.9352226720647774,1.5807127882599583e-05,1.0,0.0,2.0,hard|easy|medium
test,0,3,236,32,0.5323648679914186,125.89974928399897,428.943813121994,0.09487956762313843,0.96875,0.96875,0.9705882352941176,0.9687194525904204,1.5798742138364783e-05,1.09375,0.0,2.0,hard|easy|medium
test,0,3,237,32,0.5318560909945518,126.43220657300844,429.4762704039895,0.06758976727724075,0.9791666666666667,0.96875,0.9444444444444444,0.9599499374217773,1.579035639412998e-05,1.09375,0.0,2.0,hard|medium|easy
test,0,3,238,32,0.5338010910054436,126.96656249300577,430.0106263219932,0.021042652428150177,1.0,1.0,1.0,1.0,1.578197064989518e-05,1.21875,0.0,2.0,hard|medium|easy
test,0,3,239,32,0.5321745630062651,127.49933605000842,430.54339987599815,0.09302251040935516,0.9372549019607843,0.9375,0.9372549019607843,0.9372549019607843,1.577358490566038e-05,1.34375,0.0,2.0,hard|medium|easy
test,0,3,240,32,0.5317875340115279,128.03159360500285,431.07565741299186,0.024753984063863754,1.0,1.0,1.0,1.0,1.5765199161425577e-05,1.0,0.0,2.0,easy|medium|hard
test,0,3,241,32,0.5333418049995089,128.56541602300422,431.60948011699656,0.010800397023558617,1.0,1.0,1.0,1.0,1.5756813417190778e-05,1.0625,0.0,2.0,medium|easy|hard
test,0,3,242,32,0.5322390590008581,129.0982280790049,432.1422919149918,0.20617878437042236,0.9473684210526316,0.9375,0.9333333333333333,0.9365079365079365,1.5748427672955978e-05,0.90625,0.0,2.0,easy|hard|medium
test,0,3,243,32,0.5317568939935882,129.63056323300407,432.67462738500035,0.11897940188646317,0.9375,0.9375,0.9375,0.9375,1.5740041928721175e-05,1.0,0.0,2.0,easy|medium|hard
test,0,3,244,32,0.5327254369913135,130.16385813700617,433.2079219820007,0.14301714301109314,0.9736842105263157,0.96875,0.9642857142857143,0.967967967967968,1.5731656184486375e-05,1.21875,0.0,2.0,medium|hard|easy
test,0,3,245,32,0.5315335640043486,130.69594781500928,433.74001162899367,0.3598268926143646,0.8831168831168831,0.875,0.8582995951417004,0.8666666666666667,1.5723270440251575e-05,1.09375,0.0,2.0,easy|hard|medium
test,0,3,246,32,0.5313267419987824,131.22777672100347,434.27184055199905,0.008159174583852291,1.0,1.0,1.0,1.0,1.5714884696016772e-05,1.0,0.0,2.0,medium|hard|easy
test,0,3,247,32,0.5323924829863245,131.76077453501057,434.8048383659916,0.04995612055063248,1.0,1.0,1.0,1.0,1.5706498951781972e-05,0.875,0.0,2.0,medium|easy|hard
test,0,3,248,32,0.5318456010136288,132.29314145400713,435.33720528199046,0.33491382002830505,0.95,0.9375,0.9285714285714286,0.9352226720647774,1.5698113207547172e-05,1.0,0.0,2.0,medium|easy|hard
test,0,3,249,32,0.5315135429991642,132.82522528100526,435.8692891279934,0.1316080242395401,0.9583333333333333,0.96875,0.9761904761904762,0.9660657476139979,1.568972746331237e-05,1.0625,0.0,2.0,medium|hard|easy
test,0,3,250,32,0.5324488899932476,133.35823055800574,436.40229438499955,0.07142132520675659,0.9666666666666667,0.96875,0.9722222222222222,0.9684729064039409,1.568134171907757e-05,0.96875,0.0,2.0,easy|medium|hard
test,0,3,251,32,0.5321054560045013,133.89092184000765,436.934985660002,0.17208626866340637,0.9736842105263157,0.96875,0.9642857142857143,0.967967967967968,1.567295597484277e-05,1.25,0.0,2.0,hard|medium|easy
test,0,3,252,32,0.5314348199899541,134.422883954001,437.4669477869902,0.16249500215053558,0.9583333333333333,0.96875,0.9761904761904762,0.9660657476139979,1.5664570230607966e-05,1.09375,0.0,2.0,hard|easy|medium
test,0,3,253,32,0.5327959419955732,134.95628407799813,438.0003482579923,0.0759577751159668,0.9642857142857143,0.96875,0.9736842105263157,0.967967967967968,1.5656184486373166e-05,1.15625,0.0,2.0,easy|medium|hard
test,0,3,254,32,0.5318198559980374,135.48863940800948,438.5327032339992,0.24381104111671448,0.9285714285714286,0.90625,0.8928571428571428,0.9015384615384616,1.5647798742138366e-05,0.90625,0.0,2.0,hard|medium|easy
test,0,3,255,32,0.5321519100107253,136.02137145600864,439.06543530999625,0.04345705732703209,0.9642857142857143,0.96875,0.9736842105263157,0.967967967967968,1.5639412997903563e-05,1.03125,0.0,2.0,easy|medium|hard
test,0,3,256,32,0.5327659260074142,136.55470339700696,439.59876723898924,0.251626580953598,0.9045454545454545,0.90625,0.8852813852813852,0.893687707641196,1.5631027253668763e-05,0.9375,0.0,2.0,medium|easy|hard
test,0,3,257,32,0.5319297719979659,137.087159237999,440.1312230839976,0.027914751321077347,1.0,1.0,1.0,1.0,1.5622641509433964e-05,0.71875,0.0,2.0,hard|medium|easy
test,0,3,258,32,0.5322325409943005,137.61987168299675,440.6639355060033,0.1559000313282013,0.9372549019607843,0.9375,0.9372549019607843,0.9372549019607843,1.5614255765199164e-05,0.9375,0.0,2.0,easy|hard|medium
test,0,3,259,32,0.532834035999258,138.15322931901028,441.1972931779892,0.2042681872844696,0.90625,0.90625,0.907843137254902,0.906158357771261,1.560587002096436e-05,0.875,0.0,2.0,medium|hard|easy
test,0,3,260,32,0.5325527079985477,138.6863212550088,441.7303850719909,0.04023251309990883,1.0,1.0,1.0,1.0,1.559748427672956e-05,1.1875,0.0,2.0,easy|medium|hard
test,0,3,261,32,0.5318718360067578,139.219015167997,442.26307898099185,0.11571758985519409,0.9722222222222222,0.96875,0.9666666666666667,0.9684729064039409,1.558909853249476e-05,1.0625,0.0,2.0,hard|medium|easy
test,0,3,262,32,0.5323453470045933,139.75180807700963,442.7958719159942,0.17132499814033508,0.8947368421052632,0.875,0.8823529411764706,0.8745098039215686,1.558071278825996e-05,1.15625,0.0,2.0,easy|hard|medium
test,0,3,263,32,0.5325292739871657,140.28477088500222,443.3288348019996,0.2167617231607437,0.9375,0.9375,0.9444444444444444,0.9372549019607843,1.5572327044025158e-05,1.1875,0.0,2.0,easy|hard|medium
test,0,3,264,32,0.5314004449901404,140.8166461100045,443.860709939996,0.17509707808494568,0.8967611336032388,0.90625,0.9083333333333333,0.9015384615384616,1.5563941299790358e-05,1.28125,0.0,2.0,hard|medium|easy
test,0,3,265,6,0.15994388599938247,140.97707408299902,444.02113790399744,0.013380349613726139,1.0,1.0,1.0,1.0,1.555555555555556e-05,0.5,0.0,2.0,easy|medium|hard
test,0,4,1,32,0.5344538480130723,0.6199136380018899,455.08831752400147,0.15816521644592285,0.9523809523809523,0.9375,0.9230769230769231,0.9333333333333333,1.554716981132076e-05,0.96875,0.0,2.0,hard|medium|easy
test,0,4,2,32,0.5322663179977098,1.1529514209978515,455.6213518040022,0.026023194193840027,1.0,1.0,1.0,1.0,1.5538784067085955e-05,1.125,0.0,2.0,medium|hard|easy
test,0,4,3,32,0.5317458109930158,1.6852449790021637,456.15364535999834,0.018055999651551247,1.0,1.0,1.0,1.0,1.5530398322851156e-05,1.25,0.0,2.0,medium|hard|easy
test,0,4,4,32,0.532647125000949,2.2184689410059946,456.6868693599972,0.0169539712369442,1.0,1.0,1.0,1.0,1.5522012578616356e-05,1.15625,0.0,2.0,hard|medium|easy
test,0,4,5,32,0.5327247560053365,2.7517734699940775,457.2201738790027,0.08718150109052658,0.9333333333333333,0.9375,0.9473684210526316,0.9365079365079365,1.5513626834381552e-05,1.0625,0.0,2.0,medium|easy|hard
test,0,4,6,32,0.5312556939898059,3.283552797001903,457.7519531729922,0.0034117759205400944,1.0,1.0,1.0,1.0,1.5505241090146753e-05,1.03125,0.0,2.0,hard|medium|easy
test,0,4,7,32,0.5335035030002473,3.8175805789942387,458.2859809399961,0.15392544865608215,0.9333333333333333,0.9375,0.9333333333333333,0.9333333333333333,1.5496855345911953e-05,0.96875,0.0,2.0,easy|hard|medium
test,0,4,8,32,0.5323554390051868,4.3504913020005915,458.8188917439984,0.012853809632360935,1.0,1.0,1.0,1.0,1.548846960167715e-05,0.9375,0.0,2.0,easy|medium|hard
test,0,4,9,32,0.532049638000899,4.88309998200566,459.35150052300014,0.04689646512269974,1.0,1.0,1.0,1.0,1.548008385744235e-05,1.03125,0.0,2.0,hard|medium|easy
test,0,4,10,32,0.5327488330076449,5.41639028499776,459.88479067500157,0.020939834415912628,1.0,1.0,1.0,1.0,1.547169811320755e-05,0.8125,0.0,2.0,medium|easy|hard
test,0,4,11,32,0.5325158100022236,5.949406115003512,460.4178064890002,0.16566382348537445,0.9444444444444444,0.9375,0.9375,0.9372549019607843,1.5463312368972747e-05,1.03125,0.0,2.0,medium|easy|hard
test,0,4,12,32,0.533168352994835,6.4831416420056485,460.9515421010001,0.03621524199843407,1.0,1.0,1.0,1.0,1.5454926624737947e-05,0.96875,0.0,2.0,medium|easy|hard
test,0,4,13,32,0.533049684992875,7.016875897999853,461.485276352003,0.04431561380624771,0.96875,0.96875,0.9705882352941176,0.9687194525904204,1.5446540880503147e-05,1.09375,0.0,2.0,hard|medium|easy
test,0,4,14,32,0.5324353699979838,7.549920709003345,462.01832135100267,0.007721634581685066,1.0,1.0,1.0,1.0,1.5438155136268344e-05,1.09375,0.0,2.0,easy|hard|medium
test,0,4,15,32,0.5317895500047598,8.08222112999647,462.55062149900186,0.1556076854467392,0.975,0.96875,0.9615384615384616,0.9671794871794872,1.5429769392033544e-05,0.78125,0.0,2.0,easy|hard|medium
test,0,4,16,32,0.5330073319928488,8.615814738004701,463.0842151169927,0.0031073936261236668,1.0,1.0,1.0,1.0,1.5421383647798744e-05,1.0,0.0,2.0,hard|medium|easy
test,0,4,17,32,0.5325659410009393,9.148942967003677,463.6173433369986,0.07350251823663712,0.9705882352941176,0.96875,0.96875,0.9687194525904204,1.541299790356394e-05,0.96875,0.0,2.0,easy|medium|hard
test,0,4,18,32,0.5312330000015208,9.680717081995681,464.1491175650008,0.06141640245914459,0.9666666666666667,0.96875,0.9722222222222222,0.9684729064039409,1.540461215932914e-05,0.84375,0.0,2.0,easy|hard|medium
test,0,4,19,32,0.5332122240070021,10.214539011998568,464.68293940900185,0.2802099287509918,0.9372549019607843,0.9375,0.9372549019607843,0.9372549019607843,1.539622641509434e-05,1.0,0.0,2.0,hard|medium|easy
test,0,4,20,32,0.5320005240064347,10.747119553998346,465.2155199349945,0.002927428111433983,1.0,1.0,1.0,1.0,1.538784067085954e-05,0.875,0.0,2.0,medium|hard|easy
test,0,4,21,32,0.531094378005946,11.278876946002129,465.74727731899475,0.13158723711967468,0.9736842105263157,0.96875,0.9642857142857143,0.967967967967968,1.537945492662474e-05,0.84375,0.0,2.0,easy|hard|medium
test,0,4,22,32,0.532849815004738,11.812217087004683,466.28061745199375,0.010536088608205318,1.0,1.0,1.0,1.0,1.537106918238994e-05,1.34375,0.0,2.0,hard|medium|easy
test,0,4,23,32,0.5322260170069057,12.345107998000458,466.8135083889938,0.01066155731678009,1.0,1.0,1.0,1.0,1.5362683438155136e-05,1.28125,0.0,2.0,medium|easy|hard
test,0,4,24,32,0.5309342289983761,12.876547641993966,467.3449480239942,0.33405816555023193,0.962962962962963,0.9375,0.8571428571428572,0.8974358974358975,1.5354297693920336e-05,0.90625,0.0,2.0,hard|easy|medium
test,0,4,25,32,0.5328441680030664,13.409894002994406,467.8782944519917,0.0020436947233974934,1.0,1.0,1.0,1.0,1.5345911949685536e-05,1.15625,0.0,2.0,easy|medium|hard
test,0,4,26,32,0.5319714789948193,13.942433150994475,468.41083354900184,0.001967434072867036,1.0,1.0,1.0,1.0,1.5337526205450736e-05,1.0625,0.0,2.0,easy|medium|hard
test,0,4,27,32,0.5314837650075788,14.47450923899305,468.9429096340027,0.0024102977477014065,1.0,1.0,1.0,1.0,1.5329140461215933e-05,1.25,0.0,2.0,medium|hard|easy
test,0,4,28,32,0.5334981259948108,15.008568880002713,469.4769692639966,0.006608574651181698,1.0,1.0,1.0,1.0,1.5320754716981133e-05,0.78125,0.0,2.0,easy|medium|hard
test,0,4,29,32,0.5320094189955853,15.541160127002513,470.00956053599657,0.002453096676617861,1.0,1.0,1.0,1.0,1.5312368972746333e-05,0.875,0.0,2.0,hard|medium|easy
test,0,4,30,32,0.5310753029916668,16.072699532000115,470.5410999189917,0.04924771562218666,0.9705882352941176,0.96875,0.96875,0.9687194525904204,1.5303983228511533e-05,1.0,0.0,2.0,easy|hard|medium
test,0,4,31,32,0.5326167500024894,16.605886207995354,471.0742865929933,0.0033426040317863226,1.0,1.0,1.0,1.0,1.529559748427673e-05,1.03125,0.0,2.0,medium|easy|hard
test,0,4,32,32,0.531845767996856,17.138266769004986,471.60666724199837,0.1058143749833107,0.9736842105263157,0.96875,0.9642857142857143,0.967967967967968,1.528721174004193e-05,0.96875,0.0,2.0,easy|medium|hard
test,0,4,33,32,0.5316314079973381,17.670483884998248,472.13888427500206,0.32810521125793457,0.9333333333333333,0.9375,0.9333333333333333,0.9333333333333333,1.527882599580713e-05,1.03125,0.0,2.0,hard|easy|medium
test,0,4,34,32,0.5330137999990257,18.20408989400312,472.6724902679998,0.198865607380867,0.9583333333333333,0.96875,0.9761904761904762,0.9660657476139979,1.527044025157233e-05,0.65625,0.0,2.0,easy|medium|hard
test,0,4,35,32,0.5318190699908882,18.73637535099988,473.20477575500263,0.023343876004219055,1.0,1.0,1.0,1.0,1.5262054507337528e-05,1.0,0.0,2.0,easy|hard|medium
test,0,4,36,32,0.5314513460034505,19.26841623999644,473.7368166160013,0.015695324167609215,1.0,1.0,1.0,1.0,1.5253668763102728e-05,1.03125,0.0,2.0,medium|hard|easy
test,0,4,37,32,0.5329104560078122,19.801911118003773,474.27031154799624,0.0031191539019346237,1.0,1.0,1.0,1.0,1.5245283018867926e-05,1.0,0.0,2.0,easy|hard|medium
test,0,4,38,32,0.5318752550083445,20.334405379006057,474.8028060020006,0.001433757715858519,1.0,1.0,1.0,1.0,1.5236897274633125e-05,0.875,0.0,2.0,easy|hard|medium
test,0,4,39,32,0.531816736998735,20.866793958004564,475.3351943250018,0.006105272565037012,1.0,1.0,1.0,1.0,1.5228511530398325e-05,1.25,0.0,2.0,easy|medium|hard
test,0,4,40,32,0.5324249759869417,21.39977971299959,475.868180423,0.09388357400894165,0.9722222222222222,0.96875,0.9666666666666667,0.9684729064039409,1.5220125786163525e-05,0.90625,0.0,2.0,medium|easy|hard
test,0,4,41,32,0.5318733209860511,21.932217310997657,476.4006176969997,0.0031142132356762886,1.0,1.0,1.0,1.0,1.5211740041928722e-05,0.84375,0.0,2.0,easy|hard|medium
test,0,4,42,32,0.5314554950018646,22.464230432000477,476.9326308710006,0.17408549785614014,0.9736842105263157,0.96875,0.9642857142857143,0.967967967967968,1.5203354297693922e-05,1.0,0.0,2.0,easy|medium|hard
test,0,4,43,32,0.5327794740005629,22.997578940994572,477.4659793229948,0.09562089294195175,0.9705882352941176,0.96875,0.96875,0.9687194525904204,1.5194968553459122e-05,0.96875,0.0,2.0,easy|medium|hard
test,0,4,44,32,0.5323763050109847,23.530559195001842,477.99895961199945,0.2710376977920532,0.9166666666666667,0.90625,0.9117647058823529,0.906158357771261,1.5186582809224319e-05,1.125,0.0,2.0,medium|hard|easy
test,0,4,45,32,0.5319436190038687,24.063066860006074,478.53146730900335,0.20991112291812897,0.9722222222222222,0.96875,0.9666666666666667,0.9684729064039409,1.517819706498952e-05,1.03125,0.0,2.0,easy|hard|medium
test,0,4,46,32,0.5330118050042074,24.59667093200551,479.06507132400293,0.1911507546901703,0.8852813852813852,0.90625,0.9045454545454545,0.893687707641196,1.516981132075472e-05,0.84375,0.0,2.0,easy|hard|medium
test,0,4,47,32,0.5333486489980714,25.130555782001466,479.5989561669994,0.025040822103619576,1.0,1.0,1.0,1.0,1.5161425576519916e-05,0.9375,0.0,2.0,easy|medium|hard
test,0,4,48,32,0.5318447350000497,25.662985207003658,480.13138567299757,0.01449074037373066,1.0,1.0,1.0,1.0,1.5153039832285116e-05,1.03125,0.0,2.0,medium|hard|easy
test,0,4,49,32,0.5327862359990831,26.19635104900226,480.6647514389915,0.22315910458564758,0.9642857142857143,0.96875,0.9736842105263157,0.967967967967968,1.5144654088050317e-05,1.09375,0.0,2.0,hard|medium|easy
test,0,4,50,32,0.5326959939993685,26.72963675200299,481.1980371319951,0.02622908726334572,1.0,1.0,1.0,1.0,1.5136268343815515e-05,1.25,0.0,2.0,hard|medium|easy
test,0,4,51,32,0.5319796580006368,27.26216920200386,481.7305696609983,0.03403610363602638,0.9642857142857143,0.96875,0.9736842105263157,0.967967967967968,1.5127882599580714e-05,0.90625,0.0,2.0,hard|medium|easy
test,0,4,52,32,0.5331654350011377,27.795822885003872,482.2642232609942,0.01572628878057003,1.0,1.0,1.0,1.0,1.5119496855345914e-05,1.09375,0.0,2.0,hard|easy|medium
test,0,4,53,32,0.5323926980054239,28.328815796994604,482.7972161910002,0.009928159415721893,1.0,1.0,1.0,1.0,1.5111111111111112e-05,1.1875,0.0,2.0,hard|medium|easy
test,0,4,54,32,0.5323815670126351,28.8617227539944,483.3301231439982,0.23590664565563202,0.9545454545454546,0.9375,0.9166666666666667,0.9307359307359306,1.5102725366876312e-05,1.09375,0.0,2.0,easy|hard|medium
test,0,4,55,32,0.5324320240033558,29.394684964005137,483.8630853599898,0.1158270537853241,0.975,0.96875,0.9615384615384616,0.9671794871794872,1.5094339622641511e-05,1.0,0.0,2.0,medium|easy|hard
test,0,4,56,32,0.5330303910013754,29.928287383998395,484.3966878219944,0.13940390944480896,0.9210526315789473,0.90625,0.90625,0.9054187192118226,1.508595387840671e-05,0.96875,0.0,2.0,easy|medium|hard
test,0,4,57,32,0.5318607429944677,30.460666885002865,484.92906732999836,0.16755308210849762,0.9615384615384616,0.96875,0.975,0.9671794871794872,1.507756813417191e-05,1.25,0.0,2.0,hard|medium|easy
test,0,4,58,32,0.5327482879947638,30.993907734999084,485.4623081229947,0.14986509084701538,0.9473684210526316,0.9375,0.9333333333333333,0.9365079365079365,1.506918238993711e-05,1.09375,0.0,2.0,medium|hard|easy
test,0,4,59,32,0.5325107499957085,31.527009305005777,485.9954096790025,0.02823140285909176,1.0,1.0,1.0,1.0,1.5060796645702307e-05,0.9375,0.0,2.0,medium|easy|hard
test,0,4,60,32,0.5317270300001837,32.059285606999765,486.52768598699186,0.004095773212611675,1.0,1.0,1.0,1.0,1.5052410901467507e-05,0.84375,0.0,2.0,medium|hard|easy
test,0,4,61,32,0.5329149900062475,32.59278951700253,487.06118989099923,0.00683055492118001,1.0,1.0,1.0,1.0,1.5044025157232707e-05,0.96875,0.0,2.0,easy|medium|hard
test,0,4,62,32,0.532458196990774,33.125802299997304,487.59420266399684,0.02080048806965351,1.0,1.0,1.0,1.0,1.5035639412997904e-05,1.21875,0.0,2.0,easy|hard|medium
test,0,4,63,32,0.5315949439973338,33.658021459996235,488.12642183399294,0.003444226924329996,1.0,1.0,1.0,1.0,1.5027253668763104e-05,1.0,0.0,2.0,medium|easy|hard
test,0,4,64,32,0.5310112099978141,34.189634895999916,488.658035253,0.03317122906446457,0.975,0.96875,0.9615384615384616,0.9671794871794872,1.5018867924528304e-05,1.09375,0.0,2.0,easy|medium|hard
test,0,4,65,32,0.5323936090135248,34.722573128994554,489.19097379400046,0.010829715058207512,1.0,1.0,1.0,1.0,1.5010482180293503e-05,0.875,0.0,2.0,easy|medium|hard
test,0,4,66,32,0.5316015349962981,35.254774011002155,489.72317438200116,0.042854320257902145,0.9722222222222222,0.96875,0.9666666666666667,0.9684729064039409,1.5002096436058701e-05,0.8125,0.0,2.0,hard|medium|easy
test,0,4,67,32,0.5304102460067952,35.78577900100208,490.2541793699929,0.0038297937717288733,1.0,1.0,1.0,1.0,1.49937106918239e-05,0.9375,0.0,2.0,medium|hard|easy
test,0,4,68,32,0.5329057170019951,36.31914671200502,490.78754713099624,0.012535938993096352,1.0,1.0,1.0,1.0,1.49853249475891e-05,1.28125,0.0,2.0,medium|hard|easy
test,0,4,69,32,0.5318307199922856,36.851493658003164,491.31989408099616,0.002174490364268422,1.0,1.0,1.0,1.0,1.49769392033543e-05,0.875,0.0,2.0,medium|easy|hard
test,0,4,70,32,0.5315904970047995,37.38363729100092,491.8520377160021,0.0031083780340850353,1.0,1.0,1.0,1.0,1.4968553459119497e-05,1.125,0.0,2.0,easy|hard|medium
test,0,4,71,32,0.5328585579991341,37.91701191899483,492.38541233599244,0.05943091958761215,0.975,0.96875,0.9615384615384616,0.9671794871794872,1.4960167714884697e-05,0.9375,0.0,2.0,hard|easy|medium
test,0,4,72,32,0.5318370919994777,38.44935054599773,492.91775095599587,0.2517105042934418,0.9372549019607843,0.9375,0.9372549019607843,0.9372549019607843,1.4951781970649897e-05,0.8125,0.0,2.0,medium|easy|hard
test,0,4,73,32,0.531430905990419,38.981315668992465,493.44971606899344,0.14369386434555054,0.9615384615384616,0.96875,0.975,0.9671794871794872,1.4943396226415094e-05,1.21875,0.0,2.0,hard|easy|medium
test,0,4,74,32,0.5329932430031477,39.51481582999986,493.98321653199673,0.0016122005181387067,1.0,1.0,1.0,1.0,1.4935010482180294e-05,0.96875,0.0,2.0,medium|easy|hard
test,0,4,75,32,0.5320742850017268,40.04746587500267,494.51586625799246,0.014842038042843342,1.0,1.0,1.0,1.0,1.4926624737945494e-05,1.125,0.0,2.0,medium|easy|hard
test,0,4,76,32,0.5314958929957356,40.57947924599284,495.0478796279931,0.1481887400150299,0.96875,0.96875,0.9705882352941176,0.9687194525904204,1.4918238993710691e-05,1.0,0.0,2.0,easy|hard|medium
test,0,4,77,32,0.5327148999931524,41.11269485700177,495.5810952769971,0.07214318215847015,0.9583333333333333,0.96875,0.9761904761904762,0.9660657476139979,1.4909853249475891e-05,1.0,0.0,2.0,easy|medium|hard
test,0,4,78,32,0.5317921630048659,41.6450676270033,496.1134680559917,0.22115783393383026,0.9705882352941176,0.96875,0.96875,0.9687194525904204,1.4901467505241092e-05,0.75,0.0,2.0,easy|hard|medium
test,0,4,79,32,0.531680503001553,42.17729538799904,496.6456957939954,0.10764951258897781,0.9411764705882353,0.9375,0.9411764705882353,0.9375,1.489308176100629e-05,1.15625,0.0,2.0,hard|easy|medium
test,0,4,80,32,0.5322158519993536,42.71006014000159,497.1784605349967,0.1191914901137352,0.9705882352941176,0.96875,0.96875,0.9687194525904204,1.4884696016771489e-05,1.09375,0.0,2.0,easy|medium|hard
test,0,4,81,32,0.5318010229966603,43.24240846300381,497.71080885699484,0.0015208071563392878,1.0,1.0,1.0,1.0,1.4876310272536689e-05,1.0625,0.0,2.0,medium|easy|hard
test,0,4,82,32,0.5308936420042301,43.773847930002376,498.24224830699677,0.0047973766922950745,1.0,1.0,1.0,1.0,1.4867924528301887e-05,0.90625,0.0,2.0,medium|easy|hard
test,0,4,83,32,0.5320729059894802,44.3064480759931,498.77484875998925,0.004488660022616386,1.0,1.0,1.0,1.0,1.4859538784067087e-05,1.25,0.0,2.0,hard|medium|easy
test,0,4,84,32,0.5325427269999636,44.83952399199188,499.30792437698983,0.12295626103878021,0.96875,0.96875,0.9705882352941176,0.9687194525904204,1.4851153039832286e-05,0.90625,0.0,2.0,hard|easy|medium
test,0,4,85,32,0.5315552789979847,45.371652021000045,499.84005239799444,0.005259029567241669,1.0,1.0,1.0,1.0,1.4842767295597484e-05,0.75,0.0,2.0,medium|easy|hard
test,0,4,86,32,0.5324096870026551,45.90456343500409,500.37296384599176,0.004980169236660004,1.0,1.0,1.0,1.0,1.4834381551362685e-05,0.78125,0.0,2.0,medium|easy|hard
test,0,4,87,32,0.531988401999115,46.43700533799711,500.90540574199986,0.00257394602522254,1.0,1.0,1.0,1.0,1.4825995807127885e-05,1.5,0.0,2.0,medium|hard|easy
test,0,4,88,32,0.5318740640068427,46.969420195004204,501.43782061299135,0.13738518953323364,0.9583333333333333,0.96875,0.9761904761904762,0.9660657476139979,1.4817610062893082e-05,0.96875,0.0,2.0,easy|hard|medium
test,0,4,89,32,0.5330203930061543,47.50293338899792,501.97133381500316,0.40480294823646545,0.9523809523809523,0.9375,0.9230769230769231,0.9333333333333333,1.4809224318658282e-05,1.03125,0.0,2.0,medium|hard|easy
test,0,4,90,32,0.5322696229995927,48.03575489600189,502.5041553129995,0.1289760023355484,0.9642857142857143,0.96875,0.9736842105263157,0.967967967967968,1.4800838574423482e-05,0.65625,0.0,2.0,medium|hard|easy
test,0,4,91,32,0.5315004860021872,48.56782990400097,503.0362303169968,0.002842929447069764,1.0,1.0,1.0,1.0,1.4792452830188679e-05,1.03125,0.0,2.0,medium|easy|hard
test,0,4,92,32,0.5338509970024461,49.10224305000156,503.5706434449967,0.4155506491661072,0.875,0.875,0.8809523809523809,0.8745098039215686,1.4784067085953879e-05,0.9375,0.0,2.0,easy|hard|medium
test,0,4,93,32,0.5326425209932495,49.63548699799867,504.1038873669895,0.07241986691951752,0.9722222222222222,0.96875,0.9666666666666667,0.9684729064039409,1.4775681341719079e-05,1.09375,0.0,2.0,medium|hard|easy
test,0,4,94,32,0.5316707480087643,50.167717460004496,504.63611782599764,0.0018449279014021158,1.0,1.0,1.0,1.0,1.4767295597484278e-05,0.875,0.0,2.0,hard|medium|easy
test,0,4,95,32,0.5332323650072794,50.70157284800371,505.1699732690031,0.45103102922439575,0.9089068825910931,0.90625,0.9007936507936507,0.9039039039039038,1.4758909853249476e-05,1.0625,0.0,2.0,hard|medium|easy
test,0,4,96,32,0.5319189509900752,51.234009281004546,505.70240974100307,0.022630440071225166,1.0,1.0,1.0,1.0,1.4750524109014676e-05,0.875,0.0,2.0,hard|easy|medium
test,0,4,97,32,0.5306977500003995,51.76526525699592,506.23366563700256,0.07723834365606308,0.9333333333333333,0.9375,0.9473684210526316,0.9365079365079365,1.4742138364779875e-05,1.0,0.0,2.0,easy|hard|medium
test,0,4,98,32,0.5326279840082861,52.29842170899792,506.7668220899941,0.004652674775570631,1.0,1.0,1.0,1.0,1.4733752620545075e-05,1.0,0.0,2.0,easy|medium|hard
test,0,4,99,32,0.531880132999504,52.83086381699832,507.299264235,0.004728831350803375,1.0,1.0,1.0,1.0,1.4725366876310273e-05,1.125,0.0,2.0,hard|easy|medium
test,0,4,100,32,0.5310871889960254,53.36246406799182,507.83086445799563,0.15665856003761292,0.9642857142857143,0.96875,0.9736842105263157,0.967967967967968,1.4716981132075472e-05,0.9375,0.0,2.0,easy|medium|hard
test,0,4,101,32,0.533008554004482,53.89597086100548,508.3643714009959,0.0029923096299171448,1.0,1.0,1.0,1.0,1.4708595387840672e-05,1.09375,0.0,2.0,hard|easy|medium
test,0,4,102,32,0.5319905609940179,54.42852173000574,508.89692215199466,0.02060895413160324,1.0,1.0,1.0,1.0,1.4700209643605872e-05,1.0,0.0,2.0,medium|easy|hard
test,0,4,103,32,0.5317455290060025,54.96079632100009,509.4291967129975,0.1572723090648651,0.9666666666666667,0.96875,0.9722222222222222,0.9684729064039409,1.4691823899371069e-05,1.125,0.0,2.0,hard|medium|easy
test,0,4,104,32,0.5327046849997714,55.49402501400618,509.9624254299997,0.0021296152845025063,1.0,1.0,1.0,1.0,1.468343815513627e-05,0.96875,0.0,2.0,hard|easy|medium
test,0,4,105,32,0.5319459390011616,56.02657837499282,510.4949787439982,0.0020520018879324198,1.0,1.0,1.0,1.0,1.467505241090147e-05,1.03125,0.0,2.0,medium|hard|easy
test,0,4,106,32,0.5317569540056866,56.55892019800376,511.0273206199927,0.07092887163162231,0.9761904761904762,0.96875,0.9583333333333333,0.9660657476139979,1.4666666666666666e-05,1.3125,0.0,2.0,hard|medium|easy
test,0,4,107,32,0.5329675599932671,57.09245994599769,511.56086039199727,0.07195960730314255,0.9642857142857143,0.96875,0.9736842105263157,0.967967967967968,1.4658280922431866e-05,1.25,0.0,2.0,medium|easy|hard
test,0,4,108,32,0.5323328499944182,57.62543172600272,512.0938321259891,0.20731569826602936,0.9411764705882353,0.9375,0.9411764705882353,0.9375,1.4649895178197067e-05,0.96875,0.0,2.0,hard|medium|easy
test,0,4,109,32,0.5314990530023351,58.15740716799337,512.6258077300008,0.003832576796412468,1.0,1.0,1.0,1.0,1.4641509433962265e-05,1.09375,0.0,2.0,hard|easy|medium
test,0,4,110,32,0.5328028750082012,58.690772490997915,513.1591728899948,0.0013761227019131184,1.0,1.0,1.0,1.0,1.4633123689727464e-05,0.90625,0.0,2.0,medium|easy|hard
test,0,4,111,32,0.531415695004398,59.22274955599278,513.6911499419948,0.006339419167488813,1.0,1.0,1.0,1.0,1.4624737945492664e-05,1.15625,0.0,2.0,easy|hard|medium
test,0,4,112,32,0.5320487249991857,59.75537700300629,514.2237774319947,0.0798141360282898,0.96875,0.96875,0.9705882352941176,0.9687194525904204,1.4616352201257862e-05,0.96875,0.0,2.0,easy|medium|hard
test,0,4,113,32,0.5327362490061205,60.288681392004946,514.7570817770029,0.26090604066848755,0.9375,0.9375,0.9444444444444444,0.9372549019607843,1.4607966457023063e-05,0.875,0.0,2.0,medium|easy|hard
test,0,4,114,32,0.5321234199946048,60.8213391439931,515.289739557993,0.1628062129020691,0.9583333333333333,0.96875,0.9761904761904762,0.9660657476139979,1.4599580712788261e-05,1.03125,0.0,2.0,easy|hard|medium
test,0,4,115,32,0.5318468100012979,61.35374658599903,515.8221469779965,0.0015512672252953053,1.0,1.0,1.0,1.0,1.459119496855346e-05,1.375,0.0,2.0,hard|easy|medium
test,0,4,116,32,0.5327404239942553,61.88705016199674,516.3554505560023,0.18411627411842346,0.9615384615384616,0.96875,0.975,0.9671794871794872,1.458280922431866e-05,1.0,0.0,2.0,hard|easy|medium
test,0,4,117,32,0.5321900639974046,62.419797843002016,516.8881984740001,0.19541078805923462,0.9666666666666667,0.96875,0.9722222222222222,0.9684729064039409,1.457442348008386e-05,1.0625,0.0,2.0,medium|easy|hard
test,0,4,118,32,0.5319515080045676,62.95224240099196,517.4206427939935,0.08031151443719864,0.9583333333333333,0.96875,0.9761904761904762,0.9660657476139979,1.4566037735849057e-05,1.125,0.0,2.0,medium|easy|hard
test,0,4,119,32,0.5328994770097779,63.485782584000845,517.9541829770023,0.02679351344704628,0.9722222222222222,0.96875,0.9666666666666667,0.9684729064039409,1.4557651991614257e-05,0.9375,0.0,2.0,medium|hard|easy
test,0,4,120,32,0.5318619640020188,64.01821099499648,518.4866113780008,0.00766585161909461,1.0,1.0,1.0,1.0,1.4549266247379457e-05,0.96875,0.0,2.0,medium|hard|easy
test,0,4,121,32,0.5317565589939477,64.5505559729936,519.0189564909961,0.2130117267370224,0.9772727272727273,0.96875,0.9545454545454546,0.964562569213732,1.4540880503144654e-05,0.78125,0.0,2.0,medium|easy|hard
test,0,4,122,32,0.5332117720099632,65.08433109900216,519.5527315009967,0.01638754829764366,1.0,1.0,1.0,1.0,1.4532494758909854e-05,0.9375,0.0,2.0,hard|medium|easy
test,0,4,123,32,0.5321523090096889,65.6170901269943,520.0854905419983,0.003953566774725914,1.0,1.0,1.0,1.0,1.4524109014675054e-05,1.09375,0.0,2.0,hard|medium|easy
test,0,4,124,32,0.5315192810085136,66.1490783640038,520.6174787619966,0.31499046087265015,0.8916666666666666,0.90625,0.9069264069264069,0.8981972428419936,1.4515723270440251e-05,0.90625,0.0,2.0,easy|hard|medium
test,0,4,125,32,0.5328937049926026,66.68248968999251,521.150890067991,0.06344939768314362,0.9583333333333333,0.96875,0.9761904761904762,0.9660657476139979,1.4507337526205451e-05,1.125,0.0,2.0,hard|easy|medium
test,0,4,126,32,0.5328718149976339,67.21586712299904,521.6842675559892,0.012838231399655342,1.0,1.0,1.0,1.0,1.4498951781970651e-05,0.65625,0.0,2.0,easy|hard|medium
test,0,4,127,32,0.531679409003118,67.74802653200459,522.2164270089997,0.0020945642609149218,1.0,1.0,1.0,1.0,1.449056603773585e-05,0.8125,0.0,2.0,easy|medium|hard
test,0,4,128,32,0.5327922210126417,68.2813714179938,522.7497718149971,0.14226841926574707,0.9736842105263157,0.96875,0.9642857142857143,0.967967967967968,1.4482180293501048e-05,0.71875,0.0,2.0,medium|easy|hard
test,0,4,129,32,0.5328478349983925,68.81482474099903,523.2832251479995,0.06021885201334953,0.96875,0.96875,0.9705882352941176,0.9687194525904204,1.4473794549266249e-05,1.0625,0.0,2.0,medium|easy|hard
test,0,4,130,32,0.5316902979975566,69.34707345999777,523.8154738579906,0.13440454006195068,0.9705882352941176,0.96875,0.96875,0.9687194525904204,1.4465408805031447e-05,1.0,0.0,2.0,easy|hard|medium
test,0,4,131,32,0.5326097450015368,69.88024098900496,524.3486414149957,0.15047982335090637,0.9372549019607843,0.9375,0.9372549019607843,0.9372549019607843,1.4457023060796647e-05,1.0,0.0,2.0,medium|easy|hard
test,0,4,132,32,0.5328833910025423,70.41368015299668,524.8820806139993,0.10546082258224487,0.9615384615384616,0.96875,0.975,0.9671794871794872,1.4448637316561846e-05,1.375,0.0,2.0,easy|hard|medium
test,0,4,133,32,0.5319608510035323,70.94607747199188,525.4144779069902,0.0031104334630072117,1.0,1.0,1.0,1.0,1.4440251572327044e-05,1.09375,0.0,2.0,easy|medium|hard
test,0,4,134,32,0.5321039959962945,71.47880068699305,525.9472011509934,0.002184419659897685,1.0,1.0,1.0,1.0,1.4431865828092244e-05,1.125,0.0,2.0,easy|medium|hard
test,0,4,135,32,0.5331245639972622,72.01251738799328,526.4809178909927,0.0029591445345431566,1.0,1.0,1.0,1.0,1.4423480083857445e-05,0.875,0.0,2.0,medium|easy|hard
test,0,4,136,32,0.5315503320016433,72.54466055400553,527.0130609519983,0.17412468791007996,0.96875,0.96875,0.9705882352941176,0.9687194525904204,1.4415094339622641e-05,0.78125,0.0,2.0,hard|easy|medium
test,0,4,137,32,0.5304823269980261,73.07557767399703,527.543978044996,0.06894120573997498,0.9666666666666667,0.96875,0.9722222222222222,0.9684729064039409,1.4406708595387842e-05,1.15625,0.0,2.0,medium|hard|easy
test,0,4,138,32,0.532647864005412,73.60877870800323,528.0771790849976,0.006133651360869408,1.0,1.0,1.0,1.0,1.4398322851153042e-05,1.03125,0.0,2.0,easy|hard|medium
test,0,4,139,32,0.5321788810106227,74.14147923000564,528.6098799189931,0.12187851220369339,0.9615384615384616,0.96875,0.975,0.9671794871794872,1.4389937106918239e-05,1.0625,0.0,2.0,medium|hard|easy
test,0,4,140,32,0.5313285779993748,74.67339867400005,529.1417990579939,0.1057823896408081,0.9642857142857143,0.96875,0.9736842105263157,0.967967967967968,1.4381551362683439e-05,1.0625,0.0,2.0,medium|hard|easy
test,0,4,141,32,0.5326990360044874,75.20667922700522,529.6750796869892,0.003067341633141041,1.0,1.0,1.0,1.0,1.4373165618448639e-05,1.15625,0.0,2.0,hard|easy|medium
test,0,4,142,32,0.5315791640023235,75.73876617799397,530.2071665569965,0.006077336147427559,1.0,1.0,1.0,1.0,1.4364779874213837e-05,0.96875,0.0,2.0,hard|easy|medium
test,0,4,143,32,0.5311005590046989,76.27043789500021,530.7388382920035,0.0023094960488379,1.0,1.0,1.0,1.0,1.4356394129979036e-05,0.8125,0.0,2.0,medium|hard|easy
test,0,4,144,32,0.5350623660051497,76.8060621439945,531.2744629259978,0.0011352275032550097,1.0,1.0,1.0,1.0,1.4348008385744236e-05,1.0,0.0,2.0,medium|hard|easy
test,0,4,145,32,0.5316931010020198,77.33837282800232,531.8067732289928,0.18879055976867676,0.9722222222222222,0.96875,0.9666666666666667,0.9684729064039409,1.4339622641509435e-05,1.09375,0.0,2.0,medium|easy|hard
test,0,4,146,32,0.5313236960064387,77.87021454000205,532.3386149339931,0.012869197875261307,1.0,1.0,1.0,1.0,1.4331236897274635e-05,1.0625,0.0,2.0,hard|medium|easy
test,0,4,147,32,0.5329195780068403,78.40368383500027,532.8720842129987,0.16195084154605865,0.9642857142857143,0.96875,0.9736842105263157,0.967967967967968,1.4322851153039833e-05,1.09375,0.0,2.0,easy|hard|medium
test,0,4,148,32,0.5317708199872868,78.93600289999449,533.4044032840029,0.1884787678718567,0.9333333333333333,0.9375,0.9473684210526316,0.9365079365079365,1.4314465408805032e-05,1.15625,0.0,2.0,hard|medium|easy
test,0,4,149,32,0.5315799699892523,79.46816766800475,533.936568028992,0.1133350282907486,0.9722222222222222,0.96875,0.9666666666666667,0.9684729064039409,1.4306079664570232e-05,0.84375,0.0,2.0,easy|hard|medium
test,0,4,150,32,0.5325148710107896,80.0012827640021,534.4696831960027,0.40614891052246094,0.8333333333333333,0.875,0.9166666666666667,0.8545454545454545,1.4297693920335432e-05,1.0,0.0,2.0,medium|hard|easy
test,0,4,151,32,0.5318955690017901,80.53378822399827,535.002188612998,0.4807892441749573,0.9117647058823529,0.90625,0.9166666666666667,0.906158357771261,1.4289308176100629e-05,1.0625,0.0,2.0,hard|medium|easy
test,0,4,152,32,0.5316164840041893,81.06594101099472,535.5343414129893,0.06539114564657211,0.975,0.96875,0.9615384615384616,0.9671794871794872,1.4280922431865829e-05,1.15625,0.0,2.0,medium|hard|easy
test,0,4,153,32,0.5327381690003676,81.5992423610005,536.0676428419974,0.005405687261372805,1.0,1.0,1.0,1.0,1.427253668763103e-05,0.9375,0.0,2.0,hard|medium|easy
test,0,4,154,32,0.5313937059981981,82.13118948199553,536.5995898959955,0.05676378309726715,0.96875,0.96875,0.9705882352941176,0.9687194525904204,1.4264150943396226e-05,0.84375,0.0,2.0,medium|easy|hard
test,0,4,155,32,0.5315614029968856,82.66333798099367,537.1317383549904,0.001761381165124476,1.0,1.0,1.0,1.0,1.4255765199161426e-05,0.71875,0.0,2.0,hard|easy|medium
test,0,4,156,32,0.5327352159947623,83.1966433619964,537.6650437759963,0.13849109411239624,0.9642857142857143,0.96875,0.9736842105263157,0.967967967967968,1.4247379454926626e-05,0.96875,0.0,2.0,easy|hard|medium
test,0,4,157,32,0.5317416350007989,83.72896950200084,538.1973698859947,0.0013901331694796681,1.0,1.0,1.0,1.0,1.4238993710691823e-05,0.65625,0.0,2.0,easy|medium|hard
test,0,4,158,32,0.5313858070003334,84.26093728099659,538.7293376559974,0.09398431330919266,0.9615384615384616,0.96875,0.975,0.9671794871794872,1.4230607966457023e-05,1.0625,0.0,2.0,hard|medium|easy
test,0,4,159,32,0.5318835039943224,84.79330238899274,539.2617027689994,0.062161192297935486,0.9722222222222222,0.96875,0.9666666666666667,0.9684729064039409,1.4222222222222224e-05,0.875,0.0,2.0,medium|easy|hard
test,0,4,160,32,0.5322756469977321,85.32614122499945,539.7945416889997,0.0017668257933109999,1.0,1.0,1.0,1.0,1.4213836477987422e-05,0.84375,0.0,2.0,easy|hard|medium
test,0,4,161,32,0.5311466040002415,85.85774778199266,540.3261481730005,0.009425751864910126,1.0,1.0,1.0,1.0,1.4205450733752622e-05,1.28125,0.0,2.0,medium|easy|hard
test,0,4,162,32,0.5326304650079692,86.39089373999741,540.8592941620009,0.01066624466329813,1.0,1.0,1.0,1.0,1.419706498951782e-05,1.0625,0.0,2.0,easy|medium|hard
test,0,4,163,32,0.5324069769994821,86.92387466000218,541.3922751959908,0.040145985782146454,0.9615384615384616,0.96875,0.975,0.9671794871794872,1.418867924528302e-05,0.875,0.0,2.0,medium|easy|hard
test,0,4,164,32,0.5313847970101051,87.45580475000315,541.9242052699992,0.4080888628959656,0.8705882352941177,0.875,0.8825910931174089,0.873015873015873,1.418029350104822e-05,0.71875,0.0,2.0,medium|easy|hard
test,0,4,165,32,0.5331596600008197,87.9894953299954,542.4578957939957,0.3613733649253845,0.9411764705882353,0.9375,0.9411764705882353,0.9375,1.417190775681342e-05,0.84375,0.0,2.0,easy|medium|hard
test,0,4,166,32,0.5318945369945141,88.52189462400565,542.9902949840034,0.2117639034986496,0.9473684210526316,0.9375,0.9333333333333333,0.9365079365079365,1.4163522012578616e-05,1.0625,0.0,2.0,medium|easy|hard
test,0,4,167,32,0.5313481729972409,89.05380561899801,543.5222060439992,0.21102340519428253,0.9372549019607843,0.9375,0.9372549019607843,0.9372549019607843,1.4155136268343817e-05,0.71875,0.0,2.0,easy|medium|hard
test,0,4,168,32,0.5330564960022457,89.58738643600373,544.055786871002,0.044885650277137756,0.9705882352941176,0.96875,0.96875,0.9687194525904204,1.4146750524109017e-05,0.96875,0.0,2.0,easy|hard|medium
test,0,4,169,32,0.53234691999387,90.12026813600096,544.5886685250007,0.002744857920333743,1.0,1.0,1.0,1.0,1.4138364779874214e-05,1.125,0.0,2.0,easy|hard|medium
test,0,4,170,32,0.5308608609921066,90.65168103099859,545.1200814140029,0.40929141640663147,0.8809523809523809,0.875,0.875,0.8745098039215686,1.4129979035639414e-05,0.90625,0.0,2.0,easy|hard|medium
test,0,4,171,32,0.5331596140022157,91.18536898000457,545.6537693819992,0.014866434969007969,1.0,1.0,1.0,1.0,1.4121593291404614e-05,0.84375,0.0,2.0,hard|easy|medium
test,0,4,172,32,0.5319175170006929,91.71786769399478,546.1862681609928,0.15080967545509338,0.9722222222222222,0.96875,0.9666666666666667,0.9684729064039409,1.411320754716981e-05,0.875,0.0,2.0,medium|hard|easy
test,0,4,173,32,0.5307551650039386,92.2491874749976,546.7175878479902,0.05922411382198334,0.9333333333333333,0.9375,0.9473684210526316,0.9365079365079365,1.4104821802935011e-05,1.03125,0.0,2.0,hard|easy|medium
test,0,4,174,32,0.5326883069938049,92.78249789700203,547.2508982869913,0.11113052070140839,0.9583333333333333,0.96875,0.9761904761904762,0.9660657476139979,1.4096436058700211e-05,1.0625,0.0,2.0,medium|hard|easy
test,0,4,175,32,0.5322069529938744,93.31528247399547,547.7836828579893,0.03342617675662041,0.9545454545454546,0.96875,0.9772727272727273,0.964562569213732,1.408805031446541e-05,0.75,0.0,2.0,hard|easy|medium
test,0,4,176,32,0.531508672007476,93.84726262799813,548.315663041998,0.01986362785100937,1.0,1.0,1.0,1.0,1.4079664570230608e-05,1.0,0.0,2.0,easy|medium|hard
test,0,4,177,32,0.5328652689931914,94.38068264900357,548.8490830509982,0.005081447772681713,1.0,1.0,1.0,1.0,1.4071278825995808e-05,1.0625,0.0,2.0,medium|easy|hard
test,0,4,178,32,0.532142632000614,94.91334059200017,549.3817409689946,0.09376071393489838,0.9352226720647774,0.9375,0.9352226720647774,0.9352226720647774,1.4062893081761007e-05,1.25,0.0,2.0,hard|medium|easy
test,0,4,179,32,0.5319296499947086,95.44583389100444,549.9142342679988,0.11003067344427109,0.9666666666666667,0.96875,0.9722222222222222,0.9684729064039409,1.4054507337526207e-05,1.0,0.0,2.0,medium|easy|hard
test,0,4,180,32,0.5329041110089747,95.9792861570022,550.4476867420017,0.17862407863140106,0.9615384615384616,0.96875,0.975,0.9671794871794872,1.4046121593291406e-05,0.84375,0.0,2.0,easy|medium|hard
test,0,4,181,32,0.5318794449995039,96.51171192599577,550.9801124689984,0.010154216550290585,1.0,1.0,1.0,1.0,1.4037735849056604e-05,0.84375,0.0,2.0,easy|hard|medium
test,0,4,182,32,0.5321034700027667,97.04437250200135,551.5127729249944,0.0025378032587468624,1.0,1.0,1.0,1.0,1.4029350104821804e-05,0.9375,0.0,2.0,hard|easy|medium
test,0,4,183,32,0.5326105990097858,97.57759405000252,552.0459944239992,0.013058716431260109,1.0,1.0,1.0,1.0,1.4020964360587004e-05,0.6875,0.0,2.0,hard|medium|easy
test,0,4,184,32,0.5317458169884048,98.10990089399274,552.5783012789907,0.054856784641742706,0.9666666666666667,0.96875,0.9722222222222222,0.9684729064039409,1.4012578616352201e-05,0.90625,0.0,2.0,medium|easy|hard
test,0,4,185,32,0.5320030239963671,98.64255098599824,553.1109514290001,0.1429367959499359,0.9722222222222222,0.96875,0.9666666666666667,0.9684729064039409,1.4004192872117401e-05,0.875,0.0,2.0,medium|easy|hard
test,0,4,186,32,0.5326631670031929,99.17564386500453,553.6440443259926,0.0020943405106663704,1.0,1.0,1.0,1.0,1.3995807127882602e-05,0.90625,0.0,2.0,easy|hard|medium
test,0,4,187,32,0.532106370999827,99.70829690499522,554.176697279996,0.0308219064027071,0.9722222222222222,0.96875,0.9666666666666667,0.9684729064039409,1.3987421383647798e-05,1.125,0.0,2.0,easy|hard|medium
test,0,4,188,32,0.5321128479990875,100.24098719599715,554.709387572002,0.14366745948791504,0.9705882352941176,0.96875,0.96875,0.9687194525904204,1.3979035639412999e-05,0.9375,0.0,2.0,medium|hard|easy
test,0,4,189,32,0.5325496540026506,100.77413555400562,555.2425359199988,0.005064592696726322,1.0,1.0,1.0,1.0,1.3970649895178199e-05,0.875,0.0,2.0,easy|hard|medium
test,0,4,190,32,0.5319050709949806,101.30660886099213,555.7750092549977,0.005042663309723139,1.0,1.0,1.0,1.0,1.3962264150943397e-05,1.09375,0.0,2.0,hard|easy|medium
test,0,4,191,32,0.5315015889937058,101.83863198000472,556.3070324119908,0.0034455140121281147,1.0,1.0,1.0,1.0,1.3953878406708596e-05,1.125,0.0,2.0,easy|hard|medium
test,0,4,192,32,0.5327434150094632,102.37192697699356,556.8403273579897,0.11569078266620636,0.9705882352941176,0.96875,0.96875,0.9687194525904204,1.3945492662473796e-05,1.125,0.0,2.0,hard|medium|easy
test,0,4,193,32,0.5323018389899516,102.90473665199534,557.3731372350012,0.2298654168844223,0.9307359307359306,0.9375,0.9307359307359306,0.9307359307359306,1.3937106918238994e-05,1.03125,0.0,2.0,medium|hard|easy
test,0,4,194,32,0.5317752310074866,103.43697298500047,557.9053733789915,0.01321252342313528,1.0,1.0,1.0,1.0,1.3928721174004195e-05,0.84375,0.0,2.0,medium|easy|hard
test,0,4,195,32,0.5328561439964687,103.9703867979988,558.4387872559892,0.02979172021150589,0.9444444444444444,0.96875,0.9791666666666667,0.9599499374217773,1.3920335429769393e-05,0.78125,0.0,2.0,easy|hard|medium
test,0,4,196,32,0.5323978249944048,104.50339141000586,558.9717917929956,0.05524364858865738,0.9666666666666667,0.96875,0.9722222222222222,0.9684729064039409,1.3911949685534592e-05,1.0625,0.0,2.0,medium|easy|hard
test,0,4,197,32,0.5320250460063107,105.03588832399691,559.5042887289892,0.13334260880947113,0.9375,0.9375,0.9444444444444444,0.9372549019607843,1.3903563941299792e-05,1.0625,0.0,2.0,easy|medium|hard
test,0,4,198,32,0.5328131260030204,105.56919989400194,560.0376003499987,0.0016210797475650907,1.0,1.0,1.0,1.0,1.3895178197064992e-05,1.0625,0.0,2.0,medium|easy|hard
test,0,4,199,32,0.5331338060059352,106.10292611300247,560.5713264840015,0.008346514776349068,1.0,1.0,1.0,1.0,1.3886792452830189e-05,0.9375,0.0,2.0,hard|medium|easy
test,0,4,200,32,0.5318121430027531,106.63520853400405,561.1036088999972,0.20954149961471558,0.9761904761904762,0.96875,0.9583333333333333,0.9660657476139979,1.3878406708595389e-05,0.96875,0.0,2.0,medium|hard|easy
test,0,4,201,32,0.5322959149925737,107.16810394100321,561.63650430899,0.03257780894637108,0.9642857142857143,0.96875,0.9736842105263157,0.967967967967968,1.3870020964360589e-05,1.1875,0.0,2.0,easy|hard|medium
test,0,4,202,32,0.5331191119912546,107.70185516499623,562.1702555439988,0.1617521494626999,0.9375,0.9375,0.9444444444444444,0.9372549019607843,1.3861635220125786e-05,1.125,0.0,2.0,medium|easy|hard
test,0,4,203,32,0.5322944910003571,108.2347294039937,562.7031297939975,0.04166901111602783,0.9722222222222222,0.96875,0.9666666666666667,0.9684729064039409,1.3853249475890986e-05,1.0,0.0,2.0,medium|hard|easy
test,0,4,204,32,0.5329632229986601,108.76827376100118,563.2366741500009,0.18815267086029053,0.975,0.96875,0.9615384615384616,0.9671794871794872,1.3844863731656186e-05,0.90625,0.0,2.0,medium|hard|easy
test,0,4,205,32,0.5328028180083493,109.30165936099365,563.7700597549992,0.006609449163079262,1.0,1.0,1.0,1.0,1.3836477987421383e-05,0.8125,0.0,2.0,medium|hard|easy
test,0,4,206,32,0.5320740030001616,109.83432024999638,564.3027206499974,0.010398469865322113,1.0,1.0,1.0,1.0,1.3828092243186583e-05,1.03125,0.0,2.0,medium|easy|hard
test,0,4,207,32,0.5323992789926706,110.36730113399972,564.8357015259971,0.008410041220486164,1.0,1.0,1.0,1.0,1.3819706498951783e-05,1.0625,0.0,2.0,medium|easy|hard
test,0,4,208,32,0.5328613489982672,110.90072611300275,565.3691265230009,0.00244089774787426,1.0,1.0,1.0,1.0,1.3811320754716982e-05,0.90625,0.0,2.0,easy|hard|medium
test,0,4,209,32,0.5319816460105358,111.4331930049957,565.9015933990013,0.00800512544810772,1.0,1.0,1.0,1.0,1.3802935010482182e-05,0.90625,0.0,2.0,hard|easy|medium
test,0,4,210,32,0.5322576869948534,111.96601809900312,566.4344184729998,0.08396909385919571,0.9666666666666667,0.96875,0.9722222222222222,0.9684729064039409,1.379454926624738e-05,1.125,0.0,2.0,medium|hard|easy
test,0,4,211,32,0.5325738550018286,112.49915788399812,566.9675582749915,0.36656367778778076,0.9365079365079365,0.9375,0.9365079365079365,0.9365079365079365,1.3786163522012579e-05,1.21875,0.0,2.0,medium|hard|easy
test,0,4,212,32,0.5313787909981329,113.0310016440053,567.4994020619924,0.005914525128901005,1.0,1.0,1.0,1.0,1.377777777777778e-05,1.0625,0.0,2.0,easy|medium|hard
test,0,4,213,32,0.5305574189987965,113.56211931799771,568.0305196940026,0.12311133742332458,0.9166666666666667,0.9375,0.9545454545454546,0.9307359307359306,1.376939203354298e-05,0.78125,0.0,2.0,easy|medium|hard
test,0,4,214,32,0.5327089030033676,114.09540024900343,568.5638006450026,0.19682084023952484,0.9583333333333333,0.96875,0.9761904761904762,0.9660657476139979,1.3761006289308176e-05,1.15625,0.0,2.0,hard|medium|easy
test,0,4,215,32,0.5321422759880079,114.6281159939972,569.0965164439986,0.010175349190831184,1.0,1.0,1.0,1.0,1.3752620545073376e-05,0.84375,0.0,2.0,hard|medium|easy
test,0,4,216,32,0.5317350379918935,115.16040166300081,569.6288020469947,0.032920919358730316,1.0,1.0,1.0,1.0,1.3744234800838577e-05,1.0625,0.0,2.0,hard|easy|medium
test,0,4,217,32,0.5329646310128737,115.69397815699631,570.1623785499978,0.04837105795741081,0.9761904761904762,0.96875,0.9583333333333333,0.9660657476139979,1.3735849056603773e-05,1.0625,0.0,2.0,hard|easy|medium
test,0,4,218,32,0.5320274840050843,116.22652905799623,570.6949294439983,0.007199110928922892,1.0,1.0,1.0,1.0,1.3727463312368974e-05,1.0,0.0,2.0,easy|medium|hard
test,0,4,219,32,0.531169506997685,116.75827274599578,571.2266731249983,0.16266244649887085,0.9642857142857143,0.96875,0.9736842105263157,0.967967967967968,1.3719077568134174e-05,0.90625,0.0,2.0,medium|hard|easy
test,0,4,220,32,0.532880941987969,117.29166090900253,571.7600613569957,0.10746265202760696,0.9615384615384616,0.96875,0.975,0.9671794871794872,1.371069182389937e-05,0.9375,0.0,2.0,medium|easy|hard
test,0,4,221,32,0.5318026809982257,117.82402636499319,572.2924267530034,0.14298486709594727,0.9583333333333333,0.96875,0.9761904761904762,0.9660657476139979,1.370230607966457e-05,0.9375,0.0,2.0,easy|medium|hard
test,0,4,222,32,0.5317613180086482,118.35639974499645,572.8248001579923,0.0391506627202034,0.9666666666666667,0.96875,0.9722222222222222,0.9684729064039409,1.3693920335429771e-05,1.21875,0.0,2.0,easy|hard|medium
test,0,4,223,32,0.5324722179939272,118.8894428450003,573.3578432639915,0.0024371780455112457,1.0,1.0,1.0,1.0,1.368553459119497e-05,1.09375,0.0,2.0,medium|hard|easy
test,0,4,224,32,0.5313432240072871,119.4213980630011,573.8897984639916,0.049653347581624985,0.9666666666666667,0.96875,0.9722222222222222,0.9684729064039409,1.3677148846960168e-05,0.96875,0.0,2.0,medium|easy|hard
test,0,4,225,32,0.5313239480019547,119.95325442199828,574.4216547989927,0.07459888607263565,0.9333333333333333,0.9375,0.9333333333333333,0.9333333333333333,1.3668763102725368e-05,0.9375,0.0,2.0,medium|easy|hard
test,0,4,226,32,0.5326374900032533,120.48640129699197,574.9548017409979,0.009391877800226212,1.0,1.0,1.0,1.0,1.3660377358490567e-05,1.15625,0.0,2.0,easy|hard|medium
test,0,4,227,32,0.5316054450086085,121.01856364599371,575.4869640569959,0.2283983826637268,0.9411764705882353,0.9375,0.9411764705882353,0.9375,1.3651991614255767e-05,1.21875,0.0,2.0,hard|medium|easy
test,0,4,228,32,0.5311671780073084,121.550266405,576.0186667999951,0.00353710213676095,1.0,1.0,1.0,1.0,1.3643605870020965e-05,1.125,0.0,2.0,medium|easy|hard
test,0,4,229,32,0.5322297090024222,122.08304383099312,576.5514442209969,0.17000222206115723,0.9666666666666667,0.96875,0.9722222222222222,0.9684729064039409,1.3635220125786164e-05,0.9375,0.0,2.0,easy|medium|hard
test,0,4,230,32,0.5323473320022458,122.61598998200498,577.0843903549976,0.05556789040565491,1.0,1.0,1.0,1.0,1.3626834381551364e-05,1.25,0.0,2.0,hard|easy|medium
test,0,4,231,32,0.5310929919942282,123.14771077600017,577.6161111480033,0.03942524641752243,0.9761904761904762,0.96875,0.9583333333333333,0.9660657476139979,1.3618448637316564e-05,0.84375,0.0,2.0,easy|medium|hard
test,0,4,232,32,0.5322021790052531,123.68050254500122,578.1489029649965,0.006993464659899473,1.0,1.0,1.0,1.0,1.3610062893081761e-05,0.96875,0.0,2.0,easy|hard|medium
test,0,4,233,32,0.5323668769997312,124.21338032399944,578.681780710991,0.00520666828379035,1.0,1.0,1.0,1.0,1.3601677148846961e-05,0.96875,0.0,2.0,easy|hard|medium
test,0,4,234,32,0.53143940299924,124.74536958399403,579.2137700489984,0.002793381456285715,1.0,1.0,1.0,1.0,1.3593291404612161e-05,0.90625,0.0,2.0,medium|hard|easy
test,0,4,235,32,0.5324857419909677,125.27839354499883,579.7467939149938,0.003938926383852959,1.0,1.0,1.0,1.0,1.3584905660377358e-05,0.90625,0.0,2.0,easy|hard|medium
test,0,4,236,32,0.5328360489947954,125.81176526499621,580.2801659629913,0.004449829459190369,1.0,1.0,1.0,1.0,1.3576519916142558e-05,1.28125,0.0,2.0,easy|hard|medium
test,0,4,237,32,0.5313155240000924,126.34356088799541,580.8119612829905,0.05983864888548851,0.9545454545454546,0.96875,0.9772727272727273,0.964562569213732,1.3568134171907759e-05,1.0,0.0,2.0,hard|easy|medium
test,0,4,238,32,0.5332370910036843,126.8773605299939,581.3457609259931,0.0029207211919128895,1.0,1.0,1.0,1.0,1.3559748427672957e-05,0.9375,0.0,2.0,hard|easy|medium
test,0,4,239,32,0.5322102940117475,127.41020783600106,581.8786083430023,0.21890582144260406,0.9007936507936507,0.90625,0.9089068825910931,0.9039039039039038,1.3551362683438156e-05,1.03125,0.0,2.0,hard|medium|easy
test,0,4,240,32,0.5317503709957236,127.94253262800339,582.410933082996,0.001445468282327056,1.0,1.0,1.0,1.0,1.3542976939203356e-05,1.25,0.0,2.0,hard|medium|easy
test,0,4,241,32,0.5331326440064004,128.47623079699406,582.9446311919892,0.13018694519996643,0.9736842105263157,0.96875,0.9642857142857143,0.967967967967968,1.3534591194968554e-05,0.875,0.0,2.0,hard|easy|medium
test,0,4,242,32,0.532358722994104,129.00906048300385,583.4774608989974,0.10755669325590134,0.9736842105263157,0.96875,0.9642857142857143,0.967967967967968,1.3526205450733754e-05,1.1875,0.0,2.0,medium|easy|hard
test,0,4,243,32,0.5314166850002948,129.54104159500275,584.0094420199894,0.16720418632030487,0.9642857142857143,0.96875,0.9736842105263157,0.967967967967968,1.3517819706498953e-05,0.90625,0.0,2.0,easy|medium|hard
test,0,4,244,32,0.5332360319880536,130.07481640299375,584.5432167769904,0.052542686462402344,0.9722222222222222,0.96875,0.9666666666666667,0.9684729064039409,1.3509433962264151e-05,1.03125,0.0,2.0,medium|hard|easy
test,0,4,245,32,0.5319346489995951,130.60732604100485,585.0757264139975,0.044511549174785614,0.96875,0.96875,0.9705882352941176,0.9687194525904204,1.3501048218029352e-05,0.8125,0.0,2.0,hard|medium|easy
test,0,4,246,32,0.5308827510016272,131.1387569889921,585.6071574309899,0.5144171714782715,0.9117647058823529,0.90625,0.9166666666666667,0.906158357771261,1.3492662473794552e-05,0.8125,0.0,2.0,medium|easy|hard
test,0,4,247,32,0.532752459999756,131.672025723994,586.1404261139978,0.005562798585742712,1.0,1.0,1.0,1.0,1.3484276729559749e-05,1.03125,0.0,2.0,hard|easy|medium
test,0,4,248,32,0.5323178920079954,132.2049496880063,586.6733502040006,0.030493639409542084,1.0,1.0,1.0,1.0,1.3475890985324949e-05,1.0625,0.0,2.0,easy|medium|hard
test,0,4,249,32,0.5310117810004158,132.7365643259982,587.2049647919921,0.1313788890838623,0.9642857142857143,0.96875,0.9736842105263157,0.967967967967968,1.3467505241090149e-05,0.71875,0.0,2.0,easy|hard|medium
test,0,4,250,32,0.5327566390042193,133.26987463499245,587.7382750499964,0.15141858160495758,0.9705882352941176,0.96875,0.96875,0.9687194525904204,1.3459119496855346e-05,1.0,0.0,2.0,medium|easy|hard
test,0,4,251,32,0.5321142460015835,133.80255861699698,588.2709590099985,0.000872268807142973,1.0,1.0,1.0,1.0,1.3450733752620546e-05,1.15625,0.0,2.0,hard|easy|medium
test,0,4,252,32,0.5313151709997328,134.33442855799512,588.8028289840004,0.0039050905033946037,1.0,1.0,1.0,1.0,1.3442348008385746e-05,0.96875,0.0,2.0,medium|easy|hard
test,0,4,253,32,0.5330959660059307,134.86809791599808,589.3364982869971,0.1698138415813446,0.9615384615384616,0.96875,0.975,0.9671794871794872,1.3433962264150943e-05,0.8125,0.0,2.0,easy|medium|hard
test,0,4,254,32,0.5323951320024207,135.40111456799787,589.8695150099957,0.10556207597255707,0.96875,0.96875,0.9705882352941176,0.9687194525904204,1.3425576519916143e-05,1.15625,0.0,2.0,easy|medium|hard
test,0,4,255,32,0.5318584159977036,135.93348285899265,590.4018835149909,0.2513071894645691,0.9444444444444444,0.9375,0.9375,0.9372549019607843,1.3417190775681343e-05,1.0,0.0,2.0,hard|medium|easy
test,0,4,256,32,0.5330571099912049,136.4671224199992,590.9355228490022,0.17144913971424103,0.9372549019607843,0.9375,0.9372549019607843,0.9372549019607843,1.3408805031446542e-05,1.03125,0.0,2.0,easy|hard|medium
test,0,4,257,32,0.5323135369981173,136.99996360500518,591.4683640329895,0.11835022270679474,0.9722222222222222,0.96875,0.9666666666666667,0.9684729064039409,1.3400419287211742e-05,0.9375,0.0,2.0,medium|hard|easy
test,0,4,258,32,0.5318141430034302,137.53230174799683,592.0007021889905,0.006186189129948616,1.0,1.0,1.0,1.0,1.339203354297694e-05,1.09375,0.0,2.0,medium|hard|easy
test,0,4,259,32,0.5329216200043447,138.06584319699323,592.5342436109931,0.0023350089322775602,1.0,1.0,1.0,1.0,1.3383647798742139e-05,0.96875,0.0,2.0,medium|easy|hard
test,0,4,260,32,0.5321117029961897,138.59852915100055,593.0669295620028,0.0012885609176009893,1.0,1.0,1.0,1.0,1.3375262054507339e-05,1.25,0.0,2.0,hard|medium|easy
test,0,4,261,32,0.5320371090056142,139.13144627999282,593.5998467079917,0.3337397873401642,0.9473684210526316,0.9375,0.9333333333333333,0.9365079365079365,1.336687631027254e-05,1.0625,0.0,2.0,hard|medium|easy
test,0,4,262,32,0.5329245670000091,139.66487121199316,594.13327161099,0.0056838784366846085,1.0,1.0,1.0,1.0,1.3358490566037736e-05,1.125,0.0,2.0,hard|medium|easy
test,0,4,263,32,0.5324298149935203,140.1977538850042,594.6661542639922,0.007272565737366676,1.0,1.0,1.0,1.0,1.3350104821802936e-05,1.3125,0.0,2.0,hard|medium|easy
test,0,4,264,32,0.5314708049991168,140.72972160199424,595.1981219839945,0.17648275196552277,0.975,0.96875,0.9615384615384616,0.9671794871794872,1.3341719077568136e-05,1.09375,0.0,2.0,hard|easy|medium
test,0,4,265,6,0.16019067099841777,140.8903400029958,595.3587403779966,0.06012052670121193,1.0,1.0,1.0,1.0,1.3333333333333333e-05,0.5,0.0,2.0,hard|easy|medium
test,0,5,1,32,0.5350660789990798,0.6184104359999765,606.4286766720033,0.1767248958349228,0.9791666666666667,0.96875,0.9444444444444444,0.9599499374217773,1.3324947589098533e-05,1.125,0.0,2.0,hard|easy|medium
test,0,5,2,32,0.5325714359933045,1.1517309110058704,606.9619936550007,0.03615976497530937,0.9666666666666667,0.96875,0.9722222222222222,0.9684729064039409,1.3316561844863734e-05,1.0625,0.0,2.0,medium|easy|hard
test,0,5,3,32,0.532011360002798,1.6843009170115693,607.4945636619959,0.0010725599713623524,1.0,1.0,1.0,1.0,1.330817610062893e-05,0.90625,0.0,2.0,hard|easy|medium
test,0,5,4,32,0.5331938039889792,2.2180366090033203,608.0282993419969,0.0025342567823827267,1.0,1.0,1.0,1.0,1.329979035639413e-05,0.90625,0.0,2.0,easy|medium|hard
test,0,5,5,32,0.5321290229912847,2.7506802510033594,608.5609429809992,0.0013906401582062244,1.0,1.0,1.0,1.0,1.329140461215933e-05,0.84375,0.0,2.0,medium|easy|hard
test,0,5,6,32,0.5324570719967596,3.2837004870089004,609.0939632549998,0.18541528284549713,0.96875,0.96875,0.9705882352941176,0.9687194525904204,1.328301886792453e-05,1.125,0.0,2.0,easy|hard|medium
test,0,5,7,32,0.5332230329950107,3.817500982011552,609.627763750992,0.0022884667851030827,1.0,1.0,1.0,1.0,1.3274633123689728e-05,1.03125,0.0,2.0,medium|hard|easy
test,0,5,8,32,0.5325158129999181,4.350579411999206,610.1608421679994,0.002937119919806719,1.0,1.0,1.0,1.0,1.3266247379454928e-05,0.8125,0.0,2.0,medium|easy|hard
test,0,5,9,32,0.5317362070054514,4.882888810010627,610.6931515589968,0.010186819359660149,1.0,1.0,1.0,1.0,1.3257861635220127e-05,1.0625,0.0,2.0,easy|medium|hard
test,0,5,10,32,0.5328585239913082,5.416288279011496,611.2265510299912,0.001167616224847734,1.0,1.0,1.0,1.0,1.3249475890985327e-05,1.09375,0.0,2.0,hard|easy|medium
test,0,5,11,32,0.5323982979898574,5.949226477008779,611.7594892170018,0.11406176537275314,0.96875,0.96875,0.9705882352941176,0.9687194525904204,1.3241090146750525e-05,0.96875,0.0,2.0,medium|hard|easy
test,0,5,12,32,0.53256333200261,6.482409682008438,612.2926724249992,0.12169046700000763,0.9444444444444444,0.9375,0.9375,0.9372549019607843,1.3232704402515724e-05,0.8125,0.0,2.0,hard|medium|easy
test,0,5,13,32,0.5332636980019743,7.016308095000568,612.8265708429972,0.004040402360260487,1.0,1.0,1.0,1.0,1.3224318658280924e-05,1.1875,0.0,2.0,medium|hard|easy
test,0,5,14,32,0.5321712989971275,7.549061558005633,613.3593243039941,0.13863447308540344,0.9722222222222222,0.96875,0.9666666666666667,0.9684729064039409,1.3215932914046124e-05,1.0625,0.0,2.0,easy|medium|hard
test,0,5,15,32,0.5323264890030259,8.081838381011039,613.89210112,0.007724465802311897,1.0,1.0,1.0,1.0,1.320754716981132e-05,1.0625,0.0,2.0,easy|medium|hard
test,0,5,16,32,0.5331044649938121,8.615456610001274,614.4257194319944,0.0020064660347998142,1.0,1.0,1.0,1.0,1.3199161425576521e-05,0.84375,0.0,2.0,easy|medium|hard
test,0,5,17,32,0.5320171759958612,9.14806735199818,614.9583301039966,0.005881414283066988,1.0,1.0,1.0,1.0,1.3190775681341721e-05,1.0625,0.0,2.0,easy|medium|hard
test,0,5,18,32,0.5321608369995374,9.680785941003705,615.4910486809968,0.3174462616443634,0.9444444444444444,0.9375,0.9375,0.9372549019607843,1.3182389937106918e-05,0.9375,0.0,2.0,hard|easy|medium
test,0,5,19,32,0.5328912300028605,10.214219350003987,616.0244820809894,0.10975579917430878,0.9705882352941176,0.96875,0.96875,0.9687194525904204,1.3174004192872118e-05,0.8125,0.0,2.0,hard|easy|medium
test,0,5,20,32,0.5326130179892061,10.74744910300069,616.5577119319933,0.0010989148868247867,1.0,1.0,1.0,1.0,1.3165618448637318e-05,1.125,0.0,2.0,medium|easy|hard
test,0,5,21,32,0.5322381339938147,11.280272534000687,617.0905352889968,0.03541761264204979,0.9705882352941176,0.96875,0.96875,0.9687194525904204,1.3157232704402517e-05,1.1875,0.0,2.0,hard|medium|easy
test,0,5,22,32,0.5328978369943798,11.813723650004249,617.6239863959927,0.07999442517757416,0.9666666666666667,0.96875,0.9722222222222222,0.9684729064039409,1.3148846960167715e-05,0.96875,0.0,2.0,medium|hard|easy
test,0,5,23,32,0.5323326149955392,12.346587576001184,618.156850333995,0.4609310030937195,0.9166666666666667,0.90625,0.9117647058823529,0.906158357771261,1.3140461215932916e-05,0.9375,0.0,2.0,hard|easy|medium
test,0,5,24,32,0.5323926650016801,12.87953380199906,618.6897965429962,0.03188087046146393,0.9545454545454546,0.96875,0.9772727272727273,0.964562569213732,1.3132075471698114e-05,1.0625,0.0,2.0,medium|easy|hard
test,0,5,25,32,0.5330353890021797,13.413153856003191,619.2234165979899,0.0029850543942302465,1.0,1.0,1.0,1.0,1.3123689727463314e-05,0.90625,0.0,2.0,easy|hard|medium
test,0,5,26,32,0.5319815599941649,13.945734207998612,619.7559969619906,0.0008051279000937939,1.0,1.0,1.0,1.0,1.3115303983228513e-05,1.03125,0.0,2.0,easy|hard|medium
test,0,5,27,32,0.5327447250019759,14.479132660999312,620.2893954189931,0.0013497554464265704,1.0,1.0,1.0,1.0,1.3106918238993711e-05,1.0,0.0,2.0,medium|easy|hard
test,0,5,28,32,0.5330151730013313,15.012676094003837,620.82293884299,0.0007031654822640121,1.0,1.0,1.0,1.0,1.3098532494758911e-05,1.1875,0.0,2.0,hard|easy|medium
test,0,5,29,32,0.5319441960018594,15.545165895004175,621.3554289829917,0.18154264986515045,0.9736842105263157,0.96875,0.9642857142857143,0.967967967967968,1.3090146750524112e-05,0.875,0.0,2.0,easy|hard|medium
test,0,5,30,32,0.5325313289940823,16.07817188500485,621.888434619992,0.05246744304895401,0.9736842105263157,0.96875,0.9642857142857143,0.967967967967968,1.3081761006289308e-05,1.03125,0.0,2.0,hard|medium|easy
test,0,5,31,32,0.532809365002322,16.611441219007247,622.4217041119991,0.06045471131801605,0.9583333333333333,0.96875,0.9761904761904762,0.9660657476139979,1.3073375262054509e-05,0.78125,0.0,2.0,medium|easy|hard
test,0,5,32,32,0.532504514005268,17.1445327130059,622.9547954459995,0.002279969397932291,1.0,1.0,1.0,1.0,1.3064989517819709e-05,1.1875,0.0,2.0,easy|hard|medium
test,0,5,33,32,0.5322178009955678,17.677319948998047,623.4875827099895,0.005658992566168308,1.0,1.0,1.0,1.0,1.3056603773584906e-05,1.03125,0.0,2.0,easy|medium|hard
test,0,5,34,32,0.5331321789999492,18.2109471730073,624.0212099229975,0.0012053587706759572,1.0,1.0,1.0,1.0,1.3048218029350106e-05,0.84375,0.0,2.0,easy|hard|medium
test,0,5,35,32,0.5322035739955027,18.743723385006888,624.5539861409925,0.2097010761499405,0.9666666666666667,0.96875,0.9722222222222222,0.9684729064039409,1.3039832285115306e-05,1.1875,0.0,2.0,hard|medium|easy
test,0,5,36,32,0.5319170980073977,19.276207558999886,625.0864703719999,0.13400809466838837,0.95,0.96875,0.9782608695652174,0.9625730994152046,1.3031446540880503e-05,1.03125,0.0,2.0,medium|easy|hard
test,0,5,37,32,0.5331933010020293,19.809979804005707,625.6202425450028,0.0017171681392937899,1.0,1.0,1.0,1.0,1.3023060796645703e-05,1.0625,0.0,2.0,easy|hard|medium
test,0,5,38,32,0.5323550280008931,20.342933467007242,626.1531962110021,0.0010260746348649263,1.0,1.0,1.0,1.0,1.3014675052410903e-05,0.96875,0.0,2.0,hard|easy|medium
test,0,5,39,32,0.5321413339988794,20.875588595998124,626.6858513469924,0.0009825399611145258,1.0,1.0,1.0,1.0,1.3006289308176102e-05,0.875,0.0,2.0,medium|easy|hard
test,0,5,40,32,0.5330751659930684,21.40925054901163,627.2195132959896,0.0016428937669843435,1.0,1.0,1.0,1.0,1.29979035639413e-05,1.1875,0.0,2.0,medium|hard|easy
test,0,5,41,32,0.5329501740052365,21.94276284100488,627.7530255909951,0.0007120823720470071,1.0,1.0,1.0,1.0,1.29895178197065e-05,0.84375,0.0,2.0,hard|medium|easy
test,0,5,42,32,0.5322669790039072,22.4756256420078,628.2858886570029,0.042924899607896805,0.9705882352941176,0.96875,0.96875,0.9687194525904204,1.2981132075471699e-05,1.15625,0.0,2.0,medium|easy|hard
test,0,5,43,32,0.5328055069985567,23.009003412007587,628.8192661619978,0.028811175376176834,0.9705882352941176,0.96875,0.96875,0.9687194525904204,1.2972746331236899e-05,0.875,0.0,2.0,easy|medium|hard
test,0,5,44,32,0.5324200950126396,23.542034438010887,629.3522971769999,0.13029000163078308,0.9705882352941176,0.96875,0.96875,0.9687194525904204,1.2964360587002099e-05,0.9375,0.0,2.0,easy|medium|hard
test,0,5,45,32,0.5324955119867809,24.075103766008397,629.8853665450006,0.21630851924419403,0.96875,0.96875,0.9705882352941176,0.9687194525904204,1.2955974842767296e-05,0.84375,0.0,2.0,medium|hard|easy
test,0,5,46,32,0.533505305997096,24.609228822009754,630.4194915589906,0.0011201412416994572,1.0,1.0,1.0,1.0,1.2947589098532496e-05,0.875,0.0,2.0,hard|easy|medium
test,0,5,47,32,0.5320187949982937,25.14176585500536,630.9520285859908,0.0036939792335033417,1.0,1.0,1.0,1.0,1.2939203354297696e-05,1.0,0.0,2.0,easy|hard|medium
test,0,5,48,32,0.532199180990574,25.674495997998747,631.48475874,0.1849740445613861,0.9722222222222222,0.96875,0.9666666666666667,0.9684729064039409,1.2930817610062893e-05,1.0,0.0,2.0,hard|medium|easy
test,0,5,49,32,0.532934627000941,26.208040363009786,632.01830324599,0.0012267096899449825,1.0,1.0,1.0,1.0,1.2922431865828093e-05,1.15625,0.0,2.0,easy|medium|hard
test,0,5,50,32,0.5323373040009756,26.740842897008406,632.5511056739924,0.0031113354489207268,1.0,1.0,1.0,1.0,1.2914046121593293e-05,0.78125,0.0,2.0,hard|easy|medium
test,0,5,51,32,0.5320865319954464,27.273475469002733,633.0837382899917,0.000879324390552938,1.0,1.0,1.0,1.0,1.290566037735849e-05,1.15625,0.0,2.0,hard|easy|medium
test,0,5,52,32,0.5330010839970782,27.807057226003963,633.6173199699988,0.0022597224451601505,1.0,1.0,1.0,1.0,1.289727463312369e-05,1.09375,0.0,2.0,hard|medium|easy
test,0,5,53,32,0.5324160689924611,28.33999035700981,634.1502531849983,0.03659692406654358,0.9722222222222222,0.96875,0.9666666666666667,0.9684729064039409,1.288888888888889e-05,1.125,0.0,2.0,hard|easy|medium
test,0,5,54,32,0.5321433399949456,28.872710916999495,634.6829736679938,0.000765741802752018,1.0,1.0,1.0,1.0,1.2880503144654089e-05,0.96875,0.0,2.0,easy|hard|medium
test,0,5,55,32,0.5328413109964458,29.406158326004515,635.2164210659976,0.0008407207205891609,1.0,1.0,1.0,1.0,1.2872117400419288e-05,1.09375,0.0,2.0,medium|hard|easy
test,0,5,56,32,0.532406259997515,29.939178473010543,635.7494412980013,0.0015531412791460752,1.0,1.0,1.0,1.0,1.2863731656184488e-05,1.125,0.0,2.0,medium|hard|easy
test,0,5,57,32,0.5325955440057442,30.47238075500354,636.282643500992,0.0009113900596275926,1.0,1.0,1.0,1.0,1.2855345911949686e-05,1.09375,0.0,2.0,medium|hard|easy
test,0,5,58,32,0.5328256229986437,31.005812547999085,636.8160752989934,0.025109753012657166,1.0,1.0,1.0,1.0,1.2846960167714887e-05,0.875,0.0,2.0,medium|hard|easy
test,0,5,59,32,0.5319338830013294,31.53832827700535,637.3485910129966,0.05260974541306496,0.9705882352941176,0.96875,0.96875,0.9687194525904204,1.2838574423480085e-05,1.15625,0.0,2.0,hard|easy|medium
test,0,5,60,32,0.5324040280102054,32.07130829300149,637.8815710409981,0.0013651828048750758,1.0,1.0,1.0,1.0,1.2830188679245283e-05,0.71875,0.0,2.0,hard|easy|medium
test,0,5,61,32,0.5332680960127618,32.60517618599988,638.4154389329924,0.009498480707406998,1.0,1.0,1.0,1.0,1.2821802935010484e-05,1.0625,0.0,2.0,hard|medium|easy
test,0,5,62,32,0.5323729160008952,33.13801001801039,638.9482727809955,0.0006147648673504591,1.0,1.0,1.0,1.0,1.2813417190775684e-05,0.875,0.0,2.0,medium|easy|hard
test,0,5,63,32,0.532116528993356,33.67065694100165,639.4809197150025,0.0013815962010994554,1.0,1.0,1.0,1.0,1.280503144654088e-05,0.78125,0.0,2.0,medium|easy|hard
test,0,5,64,32,0.5328242469986435,34.20404685100948,640.01430961999,0.00144023890607059,1.0,1.0,1.0,1.0,1.2796645702306081e-05,1.03125,0.0,2.0,medium|hard|easy
test,0,5,65,32,0.5321462479914771,34.73667221800133,640.546934981001,0.09722243994474411,0.9666666666666667,0.96875,0.9722222222222222,0.9684729064039409,1.2788259958071281e-05,0.875,0.0,2.0,easy|medium|hard
test,0,5,66,32,0.5316527510003652,35.26886218501022,641.0791249229951,0.10498308390378952,0.96875,0.96875,0.9705882352941176,0.9687194525904204,1.2779874213836478e-05,1.21875,0.0,2.0,hard|medium|easy
test,0,5,67,32,0.5323662640003022,35.801744190001045,641.6120069399913,0.15066587924957275,0.975,0.96875,0.9615384615384616,0.9671794871794872,1.2771488469601678e-05,1.125,0.0,2.0,hard|easy|medium
test,0,5,68,32,0.5331446119962493,36.335391475004144,642.1456542349915,0.014234648086130619,1.0,1.0,1.0,1.0,1.2763102725366878e-05,1.0625,0.0,2.0,easy|medium|hard
test,0,5,69,32,0.5318881209968822,36.867820515006315,642.6780833939993,0.022844601422548294,0.9666666666666667,0.96875,0.9722222222222222,0.9684729064039409,1.2754716981132077e-05,0.875,0.0,2.0,easy|medium|hard
test,0,5,70,32,0.5326915200130315,37.401082741998835,643.2113454849896,0.00046274688793346286,1.0,1.0,1.0,1.0,1.2746331236897275e-05,0.96875,0.0,2.0,medium|easy|hard
test,0,5,71,32,0.5324777450005058,37.93403756400221,643.744300307997,0.006137374322861433,1.0,1.0,1.0,1.0,1.2737945492662475e-05,0.875,0.0,2.0,hard|medium|easy
test,0,5,72,32,0.5326003429945558,38.467153477002284,644.2774162119895,0.0005750461714342237,1.0,1.0,1.0,1.0,1.2729559748427674e-05,1.09375,0.0,2.0,medium|hard|easy
test,0,5,73,32,0.5328523490024963,39.000602144005825,644.8108648869966,0.0022273631766438484,1.0,1.0,1.0,1.0,1.2721174004192874e-05,0.84375,0.0,2.0,easy|hard|medium
test,0,5,74,32,0.5324384190025739,39.533629897006904,645.3438926480012,0.0006165537051856518,1.0,1.0,1.0,1.0,1.2712788259958073e-05,1.09375,0.0,2.0,easy|medium|hard
test,0,5,75,32,0.5319951819983544,40.066148420009995,645.8764111560013,0.0014748580288141966,1.0,1.0,1.0,1.0,1.2704402515723271e-05,1.0,0.0,2.0,medium|easy|hard
test,0,5,76,32,0.5332868270052131,40.60004595499777,646.4103086999967,0.0004707823391072452,1.0,1.0,1.0,1.0,1.2696016771488471e-05,1.1875,0.0,2.0,medium|hard|easy
test,0,5,77,32,0.5326927909918595,41.13328877001186,646.943551556993,0.000989803927950561,1.0,1.0,1.0,1.0,1.2687631027253671e-05,1.15625,0.0,2.0,hard|medium|easy
test,0,5,78,32,0.5320662440062733,41.66586882900447,647.476131575997,0.0007422296330332756,1.0,1.0,1.0,1.0,1.2679245283018868e-05,0.84375,0.0,2.0,hard|medium|easy
test,0,5,79,32,0.532898372010095,42.199314135999884,648.0095768949977,0.0008323257206939161,1.0,1.0,1.0,1.0,1.2670859538784068e-05,0.8125,0.0,2.0,medium|easy|hard
test,0,5,80,32,0.5328066579968436,42.73271527100587,648.5429780150007,0.2266811579465866,0.9,0.90625,0.925,0.9039039039039038,1.2662473794549269e-05,1.03125,0.0,2.0,medium|easy|hard
test,0,5,81,32,0.532430403996841,43.26568471700011,649.0759474520019,0.05546623840928078,0.9722222222222222,0.96875,0.9666666666666667,0.9684729064039409,1.2654088050314465e-05,1.0625,0.0,2.0,hard|easy|medium
test,0,5,82,32,0.5327705579984467,43.79900562200055,649.6092683649913,0.0019651097245514393,1.0,1.0,1.0,1.0,1.2645702306079666e-05,1.09375,0.0,2.0,easy|medium|hard
test,0,5,83,32,0.5326505989942234,44.33224112300377,650.1425038849993,0.0005216680001467466,1.0,1.0,1.0,1.0,1.2637316561844866e-05,0.875,0.0,2.0,hard|easy|medium
test,0,5,84,32,0.5321577370050363,44.86489713699848,650.6751598690025,0.0005278968601487577,1.0,1.0,1.0,1.0,1.2628930817610063e-05,1.25,0.0,2.0,hard|easy|medium
test,0,5,85,32,0.5328374149976298,45.39835068301181,651.2086134269921,0.00036406732397153974,1.0,1.0,1.0,1.0,1.2620545073375263e-05,1.125,0.0,2.0,hard|easy|medium
test,0,5,86,32,0.5328875819977839,45.93182233400876,651.742085085003,0.0012260661460459232,1.0,1.0,1.0,1.0,1.2612159329140463e-05,1.25,0.0,2.0,hard|medium|easy
test,0,5,87,32,0.5317591150087537,46.46417909000593,652.2744418380025,0.2328375279903412,0.96875,0.96875,0.9705882352941176,0.9687194525904204,1.2603773584905661e-05,1.09375,0.0,2.0,hard|easy|medium
test,0,5,88,32,0.5334644880058477,46.99812747100077,652.808390213002,0.20680011808872223,0.9375,0.9375,0.9444444444444444,0.9372549019607843,1.259538784067086e-05,1.09375,0.0,2.0,easy|hard|medium
test,0,5,89,32,0.5322784379968653,47.53099511101027,653.3412578739953,0.31807151436805725,0.9444444444444444,0.9375,0.9375,0.9372549019607843,1.258700209643606e-05,1.0,0.0,2.0,hard|easy|medium
test,0,5,90,32,0.5324303949892055,48.06400963700435,653.8742723879986,0.21633027493953705,0.9333333333333333,0.9375,0.9473684210526316,0.9365079365079365,1.2578616352201259e-05,1.0625,0.0,2.0,easy|medium|hard
test,0,5,91,32,0.5327941180003108,48.59738172500511,654.4076445550018,0.16336198151111603,0.9705882352941176,0.96875,0.96875,0.9687194525904204,1.2570230607966459e-05,1.21875,0.0,2.0,medium|hard|easy
test,0,5,92,32,0.5326242379960604,49.13055736399838,654.9408200990001,0.022001521661877632,1.0,1.0,1.0,1.0,1.2561844863731659e-05,1.0,0.0,2.0,easy|hard|medium
test,0,5,93,32,0.532362893995014,49.66340930000297,655.4736720419896,0.2659659683704376,0.9615384615384616,0.96875,0.975,0.9671794871794872,1.2553459119496856e-05,1.0625,0.0,2.0,easy|hard|medium
test,0,5,94,32,0.5326986300060526,50.196628983001574,656.0068917390017,0.0005342231597751379,1.0,1.0,1.0,1.0,1.2545073375262056e-05,1.09375,0.0,2.0,medium|hard|easy
test,0,5,95,32,0.5330527949990937,50.7301807699987,656.5404435129894,0.5647639632225037,0.9285714285714286,0.90625,0.8928571428571428,0.9015384615384616,1.2536687631027256e-05,1.09375,0.0,2.0,easy|hard|medium
test,0,5,96,32,0.5317650130018592,51.262517820010544,657.0727805649949,0.0020958567038178444,1.0,1.0,1.0,1.0,1.2528301886792453e-05,1.1875,0.0,2.0,hard|medium|easy
test,0,5,97,32,0.5327515280077932,51.79577431900543,657.6060370609921,0.0005693159764632583,1.0,1.0,1.0,1.0,1.2519916142557653e-05,0.875,0.0,2.0,easy|hard|medium
test,0,5,98,32,0.5326571250043344,52.328972729999805,658.1392354650015,0.07529254257678986,0.9666666666666667,0.96875,0.9722222222222222,0.9684729064039409,1.2511530398322853e-05,1.03125,0.0,2.0,medium|easy|hard
test,0,5,99,32,0.5323439209896605,52.86182749499858,658.6720902649977,0.06745584309101105,0.9473684210526316,0.9375,0.9333333333333333,0.9365079365079365,1.250314465408805e-05,1.1875,0.0,2.0,easy|hard|medium
test,0,5,100,32,0.5329177290113876,53.39534647700202,659.2056092209968,0.0015825978480279446,1.0,1.0,1.0,1.0,1.249475890985325e-05,1.09375,0.0,2.0,medium|hard|easy
test,0,5,101,32,0.5330430809990503,53.92898084199987,659.7392435939983,0.005740887485444546,1.0,1.0,1.0,1.0,1.248637316561845e-05,0.96875,0.0,2.0,hard|medium|easy
test,0,5,102,32,0.5320202510047238,54.46160181199957,660.2718645599962,0.1962376981973648,0.9473684210526316,0.9375,0.9333333333333333,0.9365079365079365,1.2477987421383649e-05,0.9375,0.0,2.0,hard|medium|easy
test,0,5,103,32,0.5326644900051178,54.99482505299966,660.8050878109934,0.14359547197818756,0.9705882352941176,0.96875,0.96875,0.9687194525904204,1.2469601677148847e-05,1.09375,0.0,2.0,hard|easy|medium
test,0,5,104,32,0.5328373230004217,55.528194430007716,661.3384571619972,0.15085351467132568,0.975,0.96875,0.9615384615384616,0.9671794871794872,1.2461215932914048e-05,0.90625,0.0,2.0,medium|hard|easy
test,0,5,105,32,0.5343867010087706,56.06313576600223,661.8733986969892,0.0011485269060358405,1.0,1.0,1.0,1.0,1.2452830188679246e-05,0.9375,0.0,2.0,hard|medium|easy
test,0,5,106,32,0.5334054300037678,56.59736864799925,662.4076313940022,0.002106009516865015,1.0,1.0,1.0,1.0,1.2444444444444446e-05,1.09375,0.0,2.0,medium|hard|easy
test,0,5,107,32,0.5321294580062386,57.1300892290019,662.9403519619955,0.1495487242937088,0.9375,0.9375,0.9444444444444444,0.9372549019607843,1.2436058700209645e-05,1.375,0.0,2.0,hard|easy|medium
test,0,5,108,32,0.5325684800045565,57.66325804400549,663.4735207880003,0.0018356002401560545,1.0,1.0,1.0,1.0,1.2427672955974843e-05,0.65625,0.0,2.0,easy|medium|hard
test,0,5,109,32,0.5331776610109955,58.19700155701139,664.0072644019965,0.0025877109728753567,1.0,1.0,1.0,1.0,1.2419287211740043e-05,0.6875,0.0,2.0,medium|easy|hard
test,0,5,110,32,0.5323208859917941,58.72991577400535,664.5401785180002,0.10409941524267197,0.9705882352941176,0.96875,0.96875,0.9687194525904204,1.2410901467505244e-05,0.90625,0.0,2.0,hard|medium|easy
test,0,5,111,32,0.53246650499932,59.26297115899797,665.0732339209935,0.0013664762955158949,1.0,1.0,1.0,1.0,1.240251572327044e-05,1.125,0.0,2.0,hard|easy|medium
test,0,5,112,32,0.5329113269981463,59.79632475999824,665.6065876549983,0.23917745053768158,0.9473684210526316,0.9375,0.9333333333333333,0.9365079365079365,1.239412997903564e-05,1.21875,0.0,2.0,medium|hard|easy
test,0,5,113,32,0.5323416730097961,60.329261979000876,666.1395247239998,0.0009124063071794808,1.0,1.0,1.0,1.0,1.2385744234800841e-05,1.03125,0.0,2.0,hard|medium|easy
test,0,5,114,32,0.5324146569910226,60.862307519011665,666.6725705799909,0.008851374499499798,1.0,1.0,1.0,1.0,1.2377358490566038e-05,1.0625,0.0,2.0,medium|easy|hard
test,0,5,115,32,0.5327324419922661,61.395631637002225,667.205894394996,0.00415833480656147,1.0,1.0,1.0,1.0,1.2368972746331238e-05,1.125,0.0,2.0,medium|hard|easy
test,0,5,116,32,0.5315523329918506,61.92775360500673,667.7380163569906,0.12378987669944763,0.96875,0.96875,0.9705882352941176,0.9687194525904204,1.2360587002096438e-05,0.90625,0.0,2.0,medium|easy|hard
test,0,5,117,32,0.531917661006446,62.460216452003806,668.270479186991,0.04569173604249954,0.9666666666666667,0.96875,0.9722222222222222,0.9684729064039409,1.2352201257861637e-05,0.96875,0.0,2.0,easy|hard|medium
test,0,5,118,32,0.5324965769978007,62.99329552100971,668.803558250991,0.0016772799426689744,1.0,1.0,1.0,1.0,1.2343815513626835e-05,1.0625,0.0,2.0,medium|hard|easy
test,0,5,119,32,0.5327440989931347,63.526636770999175,669.3368995749915,0.0011490739416331053,1.0,1.0,1.0,1.0,1.2335429769392035e-05,1.21875,0.0,2.0,hard|easy|medium
test,0,5,120,32,0.5314597969991155,64.0586740590079,669.8689367899933,0.005497682839632034,1.0,1.0,1.0,1.0,1.2327044025157234e-05,1.03125,0.0,2.0,medium|easy|hard
test,0,5,121,32,0.5327901109994855,64.59204957300972,670.4023123200022,0.04066232964396477,0.975,0.96875,0.9615384615384616,0.9671794871794872,1.2318658280922434e-05,0.96875,0.0,2.0,medium|hard|easy
test,0,5,122,32,0.5326684659958119,65.12523454301117,670.9354973790032,0.06833238154649734,0.9736842105263157,0.96875,0.9642857142857143,0.967967967967968,1.2310272536687632e-05,1.15625,0.0,2.0,easy|medium|hard
test,0,5,123,32,0.532134835011675,65.65796047200274,671.468223222997,0.0013002539053559303,1.0,1.0,1.0,1.0,1.2301886792452831e-05,0.78125,0.0,2.0,easy|hard|medium
test,0,5,124,32,0.5330206040089251,66.19153261600877,672.0017953539937,0.0010125364642590284,1.0,1.0,1.0,1.0,1.2293501048218031e-05,0.875,0.0,2.0,easy|hard|medium
test,0,5,125,32,0.5342497030069353,66.72631890400953,672.5365816639969,0.0010875911684706807,1.0,1.0,1.0,1.0,1.2285115303983231e-05,1.0,0.0,2.0,easy|hard|medium
test,0,5,126,32,0.5324546939955326,67.25943235401064,673.0696950869897,0.0011279345490038395,1.0,1.0,1.0,1.0,1.2276729559748428e-05,1.125,0.0,2.0,easy|hard|medium
test,0,5,127,32,0.5331756490049884,67.79322279800544,673.603485708998,0.14670619368553162,0.9666666666666667,0.96875,0.9722222222222222,0.9684729064039409,1.2268343815513628e-05,0.75,0.0,2.0,easy|hard|medium
test,0,5,128,32,0.5323151240008883,68.32610004200251,674.1363627959945,0.0010142902610823512,1.0,1.0,1.0,1.0,1.2259958071278828e-05,1.09375,0.0,2.0,hard|easy|medium
test,0,5,129,32,0.5319449750095373,68.85863601999881,674.6688987529924,0.10489598661661148,0.9722222222222222,0.96875,0.9666666666666667,0.9684729064039409,1.2251572327044025e-05,0.96875,0.0,2.0,medium|hard|easy
test,0,5,130,32,0.5328285489958944,69.39205561100971,675.2023183440033,0.021723972633481026,1.0,1.0,1.0,1.0,1.2243186582809225e-05,1.03125,0.0,2.0,hard|medium|easy
test,0,5,131,32,0.5318926619947888,69.92457409499912,675.7348369259998,0.006935426499694586,1.0,1.0,1.0,1.0,1.2234800838574426e-05,0.875,0.0,2.0,medium|easy|hard
test,0,5,132,32,0.5318041980062844,70.45695362699917,676.267216370994,0.0015106130158528686,1.0,1.0,1.0,1.0,1.2226415094339622e-05,1.0,0.0,2.0,medium|easy|hard
test,0,5,133,32,0.5325752360076876,70.99007138000161,676.8003341349977,0.012563370168209076,1.0,1.0,1.0,1.0,1.2218029350104823e-05,0.90625,0.0,2.0,medium|hard|easy
test,0,5,134,32,0.5325601680087857,71.52316339701065,677.3334261529963,0.10248052328824997,0.9722222222222222,0.96875,0.9666666666666667,0.9684729064039409,1.2209643605870023e-05,1.0,0.0,2.0,hard|easy|medium
test,0,5,135,32,0.5319104439986404,72.05565059100627,677.8659133729961,0.008699535392224789,1.0,1.0,1.0,1.0,1.2201257861635221e-05,1.125,0.0,2.0,easy|medium|hard
test,0,5,136,32,0.5326020670036087,72.58886935299961,678.3991321020003,0.0022261138074100018,1.0,1.0,1.0,1.0,1.219287211740042e-05,1.125,0.0,2.0,medium|hard|easy
test,0,5,137,32,0.5327586740022525,73.12218400101119,678.932446730003,0.0010363359469920397,1.0,1.0,1.0,1.0,1.218448637316562e-05,1.21875,0.0,2.0,easy|medium|hard
test,0,5,138,32,0.5319474379939493,73.65473332400143,679.4649960739916,0.0019437818555161357,1.0,1.0,1.0,1.0,1.2176100628930818e-05,0.875,0.0,2.0,medium|easy|hard
test,0,5,139,32,0.5327571350062499,74.18806583900005,679.9983286490024,0.18552105128765106,0.96875,0.96875,0.9705882352941176,0.9687194525904204,1.2167714884696019e-05,0.875,0.0,2.0,easy|medium|hard
test,0,5,140,32,0.5334540609910619,74.72196726500988,680.5322300839907,0.0010921849170699716,1.0,1.0,1.0,1.0,1.2159329140461217e-05,1.15625,0.0,2.0,hard|easy|medium
test,0,5,141,32,0.5320051870075986,75.25452635300462,681.0647890849941,0.0014032486360520124,1.0,1.0,1.0,1.0,1.2150943396226416e-05,1.125,0.0,2.0,easy|hard|medium
test,0,5,142,32,0.5327883499994641,75.7878828690009,681.5981456029986,0.0009775555226951838,1.0,1.0,1.0,1.0,1.2142557651991616e-05,0.84375,0.0,2.0,medium|hard|easy
test,0,5,143,32,0.5332879070047056,76.32174061299884,682.1320033569937,0.31583982706069946,0.9545454545454546,0.9375,0.9166666666666667,0.9307359307359306,1.2134171907756816e-05,0.96875,0.0,2.0,medium|easy|hard
test,0,5,144,32,0.5316850849922048,76.85400914101047,682.6642718980002,0.0011682636104524136,1.0,1.0,1.0,1.0,1.2125786163522013e-05,0.9375,0.0,2.0,medium|easy|hard
test,0,5,145,32,0.5325888029910857,77.38715822499944,683.1974209699983,0.01686793565750122,1.0,1.0,1.0,1.0,1.2117400419287213e-05,0.9375,0.0,2.0,medium|hard|easy
test,0,5,146,32,0.5326519439986441,77.92044662201079,683.7307093919953,0.006929324008524418,1.0,1.0,1.0,1.0,1.2109014675052413e-05,1.03125,0.0,2.0,hard|easy|medium
test,0,5,147,32,0.5318378470110474,78.4528936350107,684.2631563869945,0.04497797042131424,0.9583333333333333,0.96875,0.9761904761904762,0.9660657476139979,1.210062893081761e-05,0.96875,0.0,2.0,easy|hard|medium
test,0,5,148,32,0.5330344350077212,78.98639159199956,684.7966543310031,0.11265235394239426,0.975,0.96875,0.9615384615384616,0.9671794871794872,1.209224318658281e-05,1.0625,0.0,2.0,hard|easy|medium
test,0,5,149,32,0.5325961319904309,79.51952042200719,685.3297832480021,0.0011586315231397748,1.0,1.0,1.0,1.0,1.208385744234801e-05,0.90625,0.0,2.0,hard|medium|easy
test,0,5,150,32,0.531758108001668,80.05183250500704,685.8620952369965,0.0009375821682624519,1.0,1.0,1.0,1.0,1.2075471698113209e-05,1.0,0.0,2.0,easy|hard|medium
test,0,5,151,32,0.5324642670020694,80.58489963700413,686.3951623979956,0.01410349365323782,1.0,1.0,1.0,1.0,1.2067085953878407e-05,1.09375,0.0,2.0,medium|easy|hard
test,0,5,152,32,0.5330712010036223,81.11846240900923,686.9287251529895,0.0010290404316037893,1.0,1.0,1.0,1.0,1.2058700209643607e-05,1.0625,0.0,2.0,easy|hard|medium
test,0,5,153,32,0.5323334949935088,81.65138206499978,687.4616448089946,0.011438621208071709,1.0,1.0,1.0,1.0,1.2050314465408806e-05,1.03125,0.0,2.0,easy|hard|medium
test,0,5,154,32,0.532570865994785,82.18452421500115,687.994786958996,0.15603235363960266,0.9722222222222222,0.96875,0.9666666666666667,0.9684729064039409,1.2041928721174006e-05,1.0,0.0,2.0,easy|hard|medium
test,0,5,155,32,0.532816521008499,82.71786570400582,688.5281284459925,0.002114335773512721,1.0,1.0,1.0,1.0,1.2033542976939205e-05,1.28125,0.0,2.0,hard|medium|easy
test,0,5,156,32,0.5324132249952527,83.25077650199819,689.0610392550007,0.23751285672187805,0.9365079365079365,0.9375,0.9365079365079365,0.9365079365079365,1.2025157232704403e-05,1.125,0.0,2.0,easy|hard|medium
test,0,5,157,32,0.5331572230061283,83.78442994800571,689.594692750994,0.04556804150342941,0.96875,0.96875,0.9705882352941176,0.9687194525904204,1.2016771488469603e-05,1.0625,0.0,2.0,hard|easy|medium
test,0,5,158,32,0.5331828190101078,84.3181634680077,690.128426205003,0.0015803012065589428,1.0,1.0,1.0,1.0,1.2008385744234804e-05,1.0,0.0,2.0,medium|easy|hard
test,0,5,159,32,0.5331565560045419,84.85182841100323,690.6620911619975,0.0017709347885102034,1.0,1.0,1.0,1.0,1.2e-05,1.03125,0.0,2.0,easy|medium|hard
test,0,5,160,32,0.5327790019946406,85.3851598790061,691.1954226179951,0.05006968602538109,0.9375,0.9375,0.9444444444444444,0.9372549019607843,1.19916142557652e-05,1.125,0.0,2.0,medium|easy|hard
test,0,5,161,32,0.5327319979987806,85.91848502701032,691.7287477959908,0.0016212965128943324,1.0,1.0,1.0,1.0,1.19832285115304e-05,0.96875,0.0,2.0,medium|easy|hard
test,0,5,162,32,0.5316350760112982,86.45071753200318,692.2609802770021,0.03229006379842758,0.9666666666666667,0.96875,0.9722222222222222,0.9684729064039409,1.1974842767295597e-05,1.03125,0.0,2.0,easy|hard|medium
test,0,5,163,32,0.5330378829967231,86.98432211400359,692.7945848609961,0.0008614885155111551,1.0,1.0,1.0,1.0,1.1966457023060798e-05,1.125,0.0,2.0,hard|medium|easy
test,0,5,164,32,0.5330253819993231,87.51782458100934,693.3280873210024,0.03984426334500313,0.9722222222222222,0.96875,0.9666666666666667,0.9684729064039409,1.1958071278825998e-05,0.875,0.0,2.0,easy|medium|hard
test,0,5,165,32,0.5318709450075403,88.050209249006,693.8604719900031,0.15301041305065155,0.9736842105263157,0.96875,0.9642857142857143,0.967967967967968,1.1949685534591196e-05,0.84375,0.0,2.0,easy|medium|hard
test,0,5,166,32,0.5327862330013886,88.58349771201028,694.3937604809907,0.001209178240969777,1.0,1.0,1.0,1.0,1.1941299790356395e-05,1.0625,0.0,2.0,hard|medium|easy
test,0,5,167,32,0.5332421139901271,89.11733564300812,694.9275983909902,0.002002557972446084,1.0,1.0,1.0,1.0,1.1932914046121595e-05,0.9375,0.0,2.0,medium|easy|hard
test,0,5,168,32,0.5321697579929605,89.65014193800744,695.4604046820023,0.0010584789561107755,1.0,1.0,1.0,1.0,1.1924528301886794e-05,1.09375,0.0,2.0,hard|medium|easy
test,0,5,169,32,0.5331211560114753,90.18372408801224,695.9939869169903,0.014869727194309235,1.0,1.0,1.0,1.0,1.1916142557651994e-05,1.09375,0.0,2.0,medium|easy|hard
test,0,5,170,32,0.533015938999597,90.71728091100522,696.5275436559896,0.08515001833438873,0.9722222222222222,0.96875,0.9666666666666667,0.9684729064039409,1.1907756813417192e-05,1.1875,0.0,2.0,easy|hard|medium
test,0,5,171,32,0.5319758650002768,91.24977400500211,697.0600367529987,0.10389234870672226,0.9761904761904762,0.96875,0.9583333333333333,0.9660657476139979,1.189937106918239e-05,1.28125,0.0,2.0,hard|medium|easy
test,0,5,172,32,0.532876571000088,91.78325941700314,697.5935221599939,0.0015786943258717656,1.0,1.0,1.0,1.0,1.1890985324947591e-05,0.53125,0.0,2.0,easy|medium|hard
test,0,5,173,32,0.5328382729931036,92.31671534699854,698.1269780919974,0.0019425972132012248,1.0,1.0,1.0,1.0,1.1882599580712791e-05,0.9375,0.0,2.0,medium|easy|hard
test,0,5,174,32,0.5317945150018204,92.8491142730054,698.6593770159961,0.0012743568513542414,1.0,1.0,1.0,1.0,1.1874213836477988e-05,1.1875,0.0,2.0,hard|medium|easy
test,0,5,175,32,0.5329915170004824,93.38277747000393,699.1930402129947,0.09652494639158249,0.96875,0.96875,0.9705882352941176,0.9687194525904204,1.1865828092243188e-05,0.78125,0.0,2.0,medium|hard|easy
test,0,5,176,32,0.5325752530043246,93.91584197701013,699.7261047200009,0.19601941108703613,0.9666666666666667,0.96875,0.9722222222222222,0.9684729064039409,1.1857442348008388e-05,1.0,0.0,2.0,easy|hard|medium
test,0,5,177,32,0.5319764830055647,94.44840852300695,700.2586712699995,0.03733252361416817,0.9736842105263157,0.96875,0.9642857142857143,0.967967967967968,1.1849056603773585e-05,1.09375,0.0,2.0,hard|easy|medium
test,0,5,178,32,0.5329445350071182,94.98188967800525,700.7921524089907,0.12738564610481262,0.9642857142857143,0.96875,0.9736842105263157,0.967967967967968,1.1840670859538785e-05,0.875,0.0,2.0,hard|easy|medium
test,0,5,179,32,0.5328157870098948,95.5153085530037,701.3255712839891,0.007878825068473816,1.0,1.0,1.0,1.0,1.1832285115303985e-05,1.25,0.0,2.0,medium|hard|easy
test,0,5,180,32,0.531817916998989,96.04770271600864,701.8579654589994,0.24850371479988098,0.95,0.9375,0.9285714285714286,0.9352226720647774,1.1823899371069182e-05,0.96875,0.0,2.0,hard|medium|easy
test,0,5,181,32,0.5331098360038595,96.5813756360003,702.3916383670003,0.048088595271110535,0.9583333333333333,0.96875,0.9761904761904762,0.9660657476139979,1.1815513626834382e-05,0.96875,0.0,2.0,easy|medium|hard
test,0,5,182,32,0.5334996189922094,97.11542176399962,702.9256845269992,0.04997862130403519,0.96875,0.96875,0.9705882352941176,0.9687194525904204,1.1807127882599583e-05,1.03125,0.0,2.0,medium|easy|hard
test,0,5,183,32,0.5317129530012608,97.64772094800719,703.4579837030033,0.005699777044355869,1.0,1.0,1.0,1.0,1.1798742138364781e-05,1.15625,0.0,2.0,medium|hard|easy
test,0,5,184,32,0.532684813006199,98.18096189200878,703.9912246629974,0.083759605884552,0.9722222222222222,0.96875,0.9666666666666667,0.9684729064039409,1.179035639412998e-05,1.0,0.0,2.0,hard|easy|medium
test,0,5,185,32,0.5329323079931783,98.71446694200858,704.5247297729948,0.007591764908283949,1.0,1.0,1.0,1.0,1.178197064989518e-05,1.0,0.0,2.0,easy|medium|hard
test,0,5,186,32,0.5315526140038855,99.24662680800247,705.0568895679899,0.10237888991832733,0.9583333333333333,0.96875,0.9761904761904762,0.9660657476139979,1.1773584905660378e-05,0.90625,0.0,2.0,hard|easy|medium
test,0,5,187,32,0.5329363939963514,99.78012082500209,705.5903835709905,0.0008789256098680198,1.0,1.0,1.0,1.0,1.1765199161425578e-05,0.9375,0.0,2.0,easy|medium|hard
test,0,5,188,32,0.533153279000544,100.31382251800096,706.1240852670016,0.07593202590942383,0.9761904761904762,0.96875,0.9583333333333333,0.9660657476139979,1.1756813417190777e-05,0.9375,0.0,2.0,hard|medium|easy
test,0,5,189,32,0.5317434890021104,100.84607299300842,706.6563357580017,0.03448544442653656,0.9705882352941176,0.96875,0.96875,0.9687194525904204,1.1748427672955975e-05,0.875,0.0,2.0,medium|easy|hard
test,0,5,190,32,0.5327376159984851,101.37935819401173,707.189620944002,0.0011877712095156312,1.0,1.0,1.0,1.0,1.1740041928721176e-05,1.03125,0.0,2.0,easy|hard|medium
test,0,5,191,32,0.5326622269931249,101.91253633100132,707.7227990999963,0.0011371553409844637,1.0,1.0,1.0,1.0,1.1731656184486376e-05,0.8125,0.0,2.0,hard|easy|medium
test,0,5,192,32,0.5319810270011658,102.44512699299958,708.2553899969935,0.001026296173222363,1.0,1.0,1.0,1.0,1.1723270440251573e-05,1.21875,0.0,2.0,easy|medium|hard
test,0,5,193,32,0.5331894840055611,102.97888397501083,708.7891467119916,0.32107019424438477,0.9285714285714286,0.9375,0.95,0.9352226720647774,1.1714884696016773e-05,1.25,0.0,2.0,hard|medium|easy
test,0,5,194,32,0.5330493980000028,103.51254436100135,709.3228072819911,0.0008386846166104078,1.0,1.0,1.0,1.0,1.1706498951781973e-05,1.25,0.0,2.0,easy|hard|medium
test,0,5,195,32,0.5317921359965112,104.04495011900144,709.8552128649899,0.007672256324440241,1.0,1.0,1.0,1.0,1.169811320754717e-05,1.375,0.0,2.0,hard|medium|easy
test,0,5,196,32,0.5328384599997662,104.57829466600379,710.3885574329906,0.09291037917137146,0.9722222222222222,0.96875,0.9666666666666667,0.9684729064039409,1.168972746331237e-05,1.1875,0.0,2.0,easy|hard|medium
test,0,5,197,32,0.5330557670095004,105.11200413500774,710.9222668739967,0.0028592192102223635,1.0,1.0,1.0,1.0,1.168134171907757e-05,1.25,0.0,2.0,hard|medium|easy
test,0,5,198,32,0.5319012370018754,105.64441225799965,711.4546750009904,0.0007832547416910529,1.0,1.0,1.0,1.0,1.1672955974842769e-05,0.84375,0.0,2.0,easy|medium|hard
test,0,5,199,32,0.5334265300043626,106.1784095440089,711.9886722819938,0.001206873683258891,1.0,1.0,1.0,1.0,1.1664570230607967e-05,0.90625,0.0,2.0,hard|easy|medium
test,0,5,200,32,0.5331489899981534,106.71215566000319,712.522418419001,0.17845214903354645,0.96875,0.96875,0.9705882352941176,0.9687194525904204,1.1656184486373166e-05,0.84375,0.0,2.0,medium|easy|hard
test,0,5,201,32,0.5316593750030734,107.24436213300214,713.0546252310014,0.008190133608877659,1.0,1.0,1.0,1.0,1.1647798742138366e-05,1.125,0.0,2.0,medium|hard|easy
test,0,5,202,32,0.5328359700069996,107.77775383800326,713.588016624999,0.0008896145736798644,1.0,1.0,1.0,1.0,1.1639412997903566e-05,0.9375,0.0,2.0,easy|hard|medium
test,0,5,203,32,0.5328041209868388,108.31111435699859,714.1213771339972,0.0014630737714469433,1.0,1.0,1.0,1.0,1.1631027253668763e-05,0.90625,0.0,2.0,hard|easy|medium
test,0,5,204,32,0.5315015270025469,108.84308682700794,714.6533495640033,0.0007942267693579197,1.0,1.0,1.0,1.0,1.1622641509433963e-05,1.28125,0.0,2.0,medium|hard|easy
test,0,5,205,32,0.5331604020029772,109.37677007001184,715.187032803995,0.0008622714085504413,1.0,1.0,1.0,1.0,1.1614255765199163e-05,1.0,0.0,2.0,easy|medium|hard
test,0,5,206,32,0.5323762160114711,109.90962027299975,715.7198830120033,0.009067211300134659,1.0,1.0,1.0,1.0,1.160587002096436e-05,0.9375,0.0,2.0,medium|hard|easy
test,0,5,207,32,0.5320442280062707,110.44218986701162,716.2524526039924,0.0012262663803994656,1.0,1.0,1.0,1.0,1.159748427672956e-05,0.75,0.0,2.0,medium|hard|easy
test,0,5,208,32,0.5324491639912594,110.97514035200584,716.7854030949966,0.0007944110548123717,1.0,1.0,1.0,1.0,1.158909853249476e-05,1.125,0.0,2.0,hard|easy|medium
test,0,5,209,32,0.5328710699977819,111.50880425500509,717.3190670219919,0.09938298910856247,0.9365079365079365,0.9375,0.9365079365079365,0.9365079365079365,1.1580712788259957e-05,1.09375,0.0,2.0,medium|easy|hard
test,0,5,210,32,0.5320436309993966,112.04136605501117,717.8516287829989,0.00413507642224431,1.0,1.0,1.0,1.0,1.1572327044025157e-05,0.90625,0.0,2.0,easy|hard|medium
test,0,5,211,32,0.5323982260015327,112.5743352760037,718.3845980059996,0.000776258239056915,1.0,1.0,1.0,1.0,1.1563941299790357e-05,1.0,0.0,2.0,easy|medium|hard
test,0,5,212,32,0.5330615809943993,113.10784209299891,718.9181049079925,0.1266123205423355,0.9372549019607843,0.9375,0.9372549019607843,0.9372549019607843,1.1555555555555556e-05,0.875,0.0,2.0,medium|hard|easy
test,0,5,213,32,0.5324569490039721,113.64087728600134,719.4511400310003,0.0009881663136184216,1.0,1.0,1.0,1.0,1.1547169811320756e-05,1.25,0.0,2.0,hard|easy|medium
test,0,5,214,32,0.5329191070050001,114.1743183159997,719.9845810749975,0.10796040296554565,0.9411764705882353,0.9375,0.9411764705882353,0.9375,1.1538784067085955e-05,0.90625,0.0,2.0,easy|medium|hard
test,0,5,215,32,0.5329054610047024,114.70774730900303,720.5180100659927,0.0008689160458743572,1.0,1.0,1.0,1.0,1.1530398322851153e-05,0.78125,0.0,2.0,medium|easy|hard
test,0,5,216,32,0.5322518220054917,115.24054102800437,721.0508037800028,0.2111223191022873,0.9705882352941176,0.96875,0.96875,0.9687194525904204,1.1522012578616353e-05,0.875,0.0,2.0,hard|easy|medium
test,0,5,217,32,0.5329358969902387,115.77400378900347,721.5842665399978,0.12473642081022263,0.9722222222222222,0.96875,0.9666666666666667,0.9684729064039409,1.1513626834381554e-05,0.96875,0.0,2.0,medium|hard|easy
test,0,5,218,32,0.5343904710025527,116.30885513800604,722.1191180149908,0.0020126858726143837,1.0,1.0,1.0,1.0,1.150524109014675e-05,1.25,0.0,2.0,easy|hard|medium
test,0,5,219,32,0.5318945920007536,116.84157955201226,722.651842331994,0.001216452568769455,1.0,1.0,1.0,1.0,1.149685534591195e-05,0.9375,0.0,2.0,easy|medium|hard
test,0,5,220,32,0.5328238590009278,117.37505228200462,723.185315027993,0.0005974034429527819,1.0,1.0,1.0,1.0,1.148846960167715e-05,0.8125,0.0,2.0,easy|medium|hard
test,0,5,221,32,0.5327050060004694,117.90833930300141,723.7186020389927,0.24012550711631775,0.96875,0.96875,0.9705882352941176,0.9687194525904204,1.1480083857442347e-05,1.03125,0.0,2.0,hard|medium|easy
test,0,5,222,32,0.5318635990115581,118.44066631600435,724.2509290559974,0.03062647208571434,0.9736842105263157,0.96875,0.9642857142857143,0.967967967967968,1.1471698113207548e-05,0.8125,0.0,2.0,easy|medium|hard
test,0,5,223,32,0.5331126870005392,118.97427946400421,724.7845422039973,0.1186428815126419,0.9666666666666667,0.96875,0.9722222222222222,0.9684729064039409,1.1463312368972748e-05,1.09375,0.0,2.0,medium|hard|easy
test,0,5,224,32,0.5328010369994445,119.50772568500543,725.3179885499994,0.0010631205514073372,1.0,1.0,1.0,1.0,1.1454926624737945e-05,0.71875,0.0,2.0,easy|medium|hard
test,0,5,225,32,0.5317416109901387,120.0400480160024,725.8503107599972,0.017415113747119904,1.0,1.0,1.0,1.0,1.1446540880503145e-05,0.625,0.0,2.0,medium|easy|hard
test,0,5,226,32,0.5327791780000553,120.57336745700741,726.3836302069976,0.020410088822245598,1.0,1.0,1.0,1.0,1.1438155136268345e-05,1.125,0.0,2.0,easy|hard|medium
test,0,5,227,32,0.5328610639990075,121.10679588200583,726.9170586269902,0.0009429267374798656,1.0,1.0,1.0,1.0,1.1429769392033544e-05,0.96875,0.0,2.0,medium|easy|hard
test,0,5,228,32,0.5320584759901976,121.63937449200603,727.4496372349968,0.04750548303127289,0.9736842105263157,0.96875,0.9642857142857143,0.967967967967968,1.1421383647798742e-05,0.90625,0.0,2.0,hard|medium|easy
test,0,5,229,32,0.5329491510055959,122.17289467400406,727.9831574150012,0.003926538396626711,1.0,1.0,1.0,1.0,1.1412997903563942e-05,0.8125,0.0,2.0,easy|hard|medium
test,0,5,230,32,0.5327569110086188,122.70617793200654,728.5164406739932,0.027470964938402176,0.9666666666666667,0.96875,0.9722222222222222,0.9684729064039409,1.140461215932914e-05,0.9375,0.0,2.0,hard|medium|easy
test,0,5,231,32,0.5322039279999444,123.23889772400435,729.0491604650015,0.001064620679244399,1.0,1.0,1.0,1.0,1.1396226415094341e-05,0.9375,0.0,2.0,hard|medium|easy
test,0,5,232,32,0.5326690760120982,123.77208495100786,729.5823476899968,0.000962381309363991,1.0,1.0,1.0,1.0,1.138784067085954e-05,1.03125,0.0,2.0,easy|hard|medium
test,0,5,233,32,0.5326388440007577,124.30523318500491,730.1154959429987,0.007232698146253824,1.0,1.0,1.0,1.0,1.1379454926624738e-05,1.09375,0.0,2.0,easy|hard|medium
test,0,5,234,32,0.5323275370028568,124.83811309300654,730.6483759440016,0.0008853223407641053,1.0,1.0,1.0,1.0,1.1371069182389938e-05,1.03125,0.0,2.0,hard|medium|easy
test,0,5,235,32,0.5328341580025153,125.37151157901098,731.1817743369902,0.008075423538684845,1.0,1.0,1.0,1.0,1.1362683438155138e-05,0.9375,0.0,2.0,easy|hard|medium
test,0,5,236,32,0.5329750909877475,125.90507035600604,731.7153330989968,0.00222305441275239,1.0,1.0,1.0,1.0,1.1354297693920335e-05,1.09375,0.0,2.0,hard|medium|easy
test,0,5,237,32,0.5325176530022873,126.43820799000969,732.248470726001,0.19817040860652924,0.9761904761904762,0.96875,0.9583333333333333,0.9660657476139979,1.1345911949685535e-05,0.875,0.0,2.0,hard|medium|easy
test,0,5,238,32,0.5327751459990395,126.97156903900031,732.7818317779893,0.0008784511010162532,1.0,1.0,1.0,1.0,1.1337526205450735e-05,0.90625,0.0,2.0,medium|easy|hard
test,0,5,239,32,0.5327885860024253,127.5049223290116,733.3151850619906,0.0007040182827040553,1.0,1.0,1.0,1.0,1.1329140461215932e-05,0.875,0.0,2.0,easy|medium|hard
test,0,5,240,32,0.5320758849993581,128.03752196099958,733.8477847070026,0.0007688493351452053,1.0,1.0,1.0,1.0,1.1320754716981132e-05,0.96875,0.0,2.0,easy|hard|medium
test,0,5,241,32,0.5326841560017783,128.57087536501058,734.381138140001,0.018012570217251778,1.0,1.0,1.0,1.0,1.1312368972746333e-05,1.125,0.0,2.0,easy|hard|medium
test,0,5,242,32,0.5328337789978832,129.10431963299925,734.9145824699954,0.0395665317773819,0.9705882352941176,0.96875,0.96875,0.9687194525904204,1.1303983228511531e-05,0.875,0.0,2.0,hard|medium|easy
test,0,5,243,32,0.5319393609970575,129.63681856699986,735.4470813499938,0.2879440188407898,0.9372549019607843,0.9375,0.9372549019607843,0.9372549019607843,1.129559748427673e-05,0.65625,0.0,2.0,hard|easy|medium
test,0,5,244,32,0.5328731350018643,130.17017430900887,735.9804371520004,0.0012193027650937438,1.0,1.0,1.0,1.0,1.128721174004193e-05,0.9375,0.0,2.0,easy|medium|hard
test,0,5,245,32,0.5327808770089177,130.70357804100786,736.5138407850027,0.0956522598862648,0.9705882352941176,0.96875,0.96875,0.9687194525904204,1.1278825995807128e-05,1.25,0.0,2.0,hard|easy|medium
test,0,5,246,32,0.5320061109960079,131.23613200600084,737.0463947539974,0.0036373508628457785,1.0,1.0,1.0,1.0,1.1270440251572328e-05,0.84375,0.0,2.0,easy|medium|hard
test,0,5,247,32,0.5326936900091823,131.76941007800633,737.5796728279965,0.00104690867010504,1.0,1.0,1.0,1.0,1.1262054507337527e-05,0.65625,0.0,2.0,medium|easy|hard
test,0,5,248,32,0.5330185030034045,132.30297644600796,738.1132392069994,0.0006763928104192019,1.0,1.0,1.0,1.0,1.1253668763102725e-05,0.875,0.0,2.0,hard|easy|medium
test,0,5,249,32,0.5324880589905661,132.8360468460014,738.6463095810032,0.0016796025447547436,1.0,1.0,1.0,1.0,1.1245283018867926e-05,1.0,0.0,2.0,medium|easy|hard
test,0,5,250,32,0.5327774600009434,133.3693874610035,739.17965034199,0.0957656055688858,0.9642857142857143,0.96875,0.9736842105263157,0.967967967967968,1.1236897274633126e-05,0.875,0.0,2.0,hard|medium|easy
test,0,5,251,32,0.5327720460045384,133.90274166601012,739.7130044249934,0.16822662949562073,0.9615384615384616,0.96875,0.975,0.9671794871794872,1.1228511530398323e-05,0.96875,0.0,2.0,hard|medium|easy
test,0,5,252,32,0.5316967449907679,134.43495403201086,740.2452169229946,0.01664924807846546,1.0,1.0,1.0,1.0,1.1220125786163523e-05,1.03125,0.0,2.0,hard|medium|easy
test,0,5,253,32,0.5328653890028363,134.9683693600091,740.7786321589956,0.004888473078608513,1.0,1.0,1.0,1.0,1.1211740041928723e-05,1.0,0.0,2.0,easy|hard|medium
test,0,5,254,32,0.5330282720096875,135.50191691500368,741.312179665998,0.21589632332324982,0.9333333333333333,0.9375,0.9333333333333333,0.9333333333333333,1.120335429769392e-05,1.0,0.0,2.0,easy|medium|hard
test,0,5,255,32,0.5322205129923532,136.0347362629982,741.844999021996,0.000763450691010803,1.0,1.0,1.0,1.0,1.119496855345912e-05,1.09375,0.0,2.0,easy|hard|medium
test,0,5,256,32,0.5330450289911823,136.5683728330041,742.3786356249911,0.005059029906988144,1.0,1.0,1.0,1.0,1.118658280922432e-05,1.03125,0.0,2.0,medium|easy|hard
test,0,5,257,32,0.5331633399910061,137.10199965001084,742.9122623939911,0.15781530737876892,0.9545454545454546,0.96875,0.9772727272727273,0.964562569213732,1.1178197064989517e-05,0.96875,0.0,2.0,medium|hard|easy
test,0,5,258,32,0.5314808920084033,137.63404075001017,743.444303479002,0.0035816594026982784,1.0,1.0,1.0,1.0,1.1169811320754717e-05,0.75,0.0,2.0,medium|easy|hard
test,0,5,259,32,0.5327424339920981,138.16732444900845,743.9775872239989,0.002476677531376481,1.0,1.0,1.0,1.0,1.1161425576519917e-05,0.9375,0.0,2.0,easy|medium|hard
test,0,5,260,32,0.5331720620015403,138.70110743000987,744.5113701770024,0.0022389222867786884,1.0,1.0,1.0,1.0,1.1153039832285116e-05,0.875,0.0,2.0,easy|hard|medium
test,0,5,261,32,0.5317015690088738,139.2336795930023,745.0439426059893,0.11404608190059662,0.96875,0.96875,0.9705882352941176,0.9687194525904204,1.1144654088050314e-05,1.0625,0.0,2.0,easy|medium|hard
test,0,5,262,32,0.5327947930054506,139.76695142000972,745.5772141630005,0.0036296024918556213,1.0,1.0,1.0,1.0,1.1136268343815514e-05,1.21875,0.0,2.0,easy|hard|medium
test,0,5,263,32,0.5329741099994862,140.300392819001,746.1106555489969,0.0011756225721910596,1.0,1.0,1.0,1.0,1.1127882599580713e-05,0.875,0.0,2.0,medium|hard|easy
test,0,5,264,32,0.5317427870031679,140.83259724100935,746.6428599869978,0.0008102042484097183,1.0,1.0,1.0,1.0,1.1119496855345913e-05,0.96875,0.0,2.0,easy|medium|hard
test,0,5,265,6,0.15995170499081723,140.9930059840117,746.8032689550018,0.0003524365893099457,1.0,1.0,1.0,1.0,1.1111111111111113e-05,1.3333333730697632,0.0,2.0,hard|medium|easy
test,0,6,1,32,0.5352601509948727,0.6202982380054891,757.8803265099996,0.0005850812885910273,1.0,1.0,1.0,1.0,1.110272536687631e-05,1.21875,0.0,2.0,medium|hard|easy
test,0,6,2,32,0.5323351609986275,1.1533838769973954,758.4134087359998,0.0006153265130706131,1.0,1.0,1.0,1.0,1.109433962264151e-05,0.6875,0.0,2.0,easy|medium|hard
test,0,6,3,32,0.5320950859895675,1.6860046090005198,758.94602944699,0.0009159867186099291,1.0,1.0,1.0,1.0,1.108595387840671e-05,1.0625,0.0,2.0,hard|easy|medium
test,0,6,4,32,0.5330522050062427,2.2196382179972716,759.479663361999,0.00047933950554579496,1.0,1.0,1.0,1.0,1.1077568134171907e-05,0.75,0.0,2.0,easy|medium|hard
test,0,6,5,32,0.5324791260063648,2.7526840579957934,760.0127088750014,0.0009140484035015106,1.0,1.0,1.0,1.0,1.1069182389937107e-05,0.9375,0.0,2.0,easy|medium|hard
test,0,6,6,32,0.5320385180093581,3.285197010001866,760.5452218470018,0.0005826071137562394,1.0,1.0,1.0,1.0,1.1060796645702308e-05,1.0,0.0,2.0,medium|hard|easy
test,0,6,7,32,0.5341660280100768,3.8198294489993714,761.079854258991,0.19423621892929077,0.9736842105263157,0.96875,0.9642857142857143,0.967967967967968,1.1052410901467504e-05,1.03125,0.0,2.0,easy|hard|medium
test,0,6,8,32,0.532692588007194,4.353146383000421,761.6131712130009,0.008318915031850338,1.0,1.0,1.0,1.0,1.1044025157232705e-05,1.09375,0.0,2.0,medium|easy|hard
test,0,6,9,32,0.5319438869919395,4.8856900009996025,762.1457148479967,0.00045856129145249724,1.0,1.0,1.0,1.0,1.1035639412997905e-05,1.09375,0.0,2.0,hard|easy|medium
test,0,6,10,32,0.533151159004774,5.419433218994527,762.6794580409914,0.0021147350780665874,1.0,1.0,1.0,1.0,1.1027253668763103e-05,0.84375,0.0,2.0,easy|medium|hard
test,0,6,11,32,0.5326021140062949,5.9526326679915655,763.2126575220027,0.00042995921103283763,1.0,1.0,1.0,1.0,1.1018867924528302e-05,1.0,0.0,2.0,easy|hard|medium
test,0,6,12,32,0.5315985189954517,6.484847803993034,763.7448726619914,0.00046470528468489647,1.0,1.0,1.0,1.0,1.1010482180293502e-05,1.0625,0.0,2.0,easy|hard|medium
test,0,6,13,32,0.533110370990471,7.0185735690029105,764.2785983990034,0.0006283854600042105,1.0,1.0,1.0,1.0,1.10020964360587e-05,0.90625,0.0,2.0,hard|medium|easy
test,0,6,14,32,0.5321026940073352,7.551262502005557,764.8112873469945,0.0006236452027224004,1.0,1.0,1.0,1.0,1.09937106918239e-05,1.25,0.0,2.0,medium|hard|easy
test,0,6,15,32,0.5317850179999368,8.083628353997483,765.3436532009946,0.0011693338165059686,1.0,1.0,1.0,1.0,1.09853249475891e-05,1.0625,0.0,2.0,medium|hard|easy
test,0,6,16,32,0.5335137239890173,8.617698461996042,765.8777232959983,0.0004649072652682662,1.0,1.0,1.0,1.0,1.0976939203354298e-05,1.28125,0.0,2.0,hard|easy|medium
test,0,6,17,32,0.532262761000311,9.150495202004095,766.4105200439953,0.0003247743006795645,1.0,1.0,1.0,1.0,1.0968553459119498e-05,0.96875,0.0,2.0,easy|hard|medium
test,0,6,18,32,0.5316956840106286,9.682707108004251,766.9427319579991,0.00041338420123793185,1.0,1.0,1.0,1.0,1.0960167714884698e-05,1.0,0.0,2.0,hard|medium|easy
test,0,6,19,32,0.5331558939942624,10.216415214003064,767.4764400459972,0.0004788494552485645,1.0,1.0,1.0,1.0,1.0951781970649895e-05,1.125,0.0,2.0,easy|medium|hard
test,0,6,20,32,0.5323545039864257,10.749296955997124,768.009321777994,0.0005735289305448532,1.0,1.0,1.0,1.0,1.0943396226415095e-05,1.0,0.0,2.0,medium|easy|hard
test,0,6,21,32,0.5323673999955645,11.28228598300484,768.5423107889947,0.0003362362622283399,1.0,1.0,1.0,1.0,1.0935010482180295e-05,1.15625,0.0,2.0,medium|easy|hard
test,0,6,22,32,0.5332834099972388,11.816078360992833,769.076103282001,0.0005140979192219675,1.0,1.0,1.0,1.0,1.0926624737945492e-05,0.96875,0.0,2.0,medium|easy|hard
test,0,6,23,32,0.5329252560040914,12.349573515995871,769.6095983379928,0.1915297657251358,0.9722222222222222,0.96875,0.9666666666666667,0.9684729064039409,1.0918238993710692e-05,1.21875,0.0,2.0,hard|medium|easy
test,0,6,24,32,0.5317159109981731,12.881847737997305,770.1418725620024,0.0003014407120645046,1.0,1.0,1.0,1.0,1.0909853249475892e-05,0.875,0.0,2.0,hard|easy|medium
test,0,6,25,32,0.5331045659986557,13.415542300994275,770.6755671099963,0.00038161888369359076,1.0,1.0,1.0,1.0,1.0901467505241091e-05,0.84375,0.0,2.0,medium|easy|hard
test,0,6,26,32,0.5328011539968429,13.948910285995225,771.2089351030008,0.00034753867657855153,1.0,1.0,1.0,1.0,1.089308176100629e-05,1.0625,0.0,2.0,medium|hard|easy
test,0,6,27,32,0.531976611004211,14.481354855000973,771.7413796829933,0.006729183252900839,1.0,1.0,1.0,1.0,1.088469601677149e-05,1.03125,0.0,2.0,medium|hard|easy
test,0,6,28,32,0.5332533530017827,15.015177692999714,772.2752025419904,0.0005841262172907591,1.0,1.0,1.0,1.0,1.0876310272536688e-05,0.84375,0.0,2.0,easy|hard|medium
test,0,6,29,32,0.5322925650107209,15.548065859999042,772.8080906739924,0.10043693333864212,0.9705882352941176,0.96875,0.96875,0.9687194525904204,1.0867924528301888e-05,0.90625,0.0,2.0,medium|easy|hard
test,0,6,30,32,0.532402473007096,16.08104175599874,773.3410665919946,0.04087180271744728,0.9583333333333333,0.96875,0.9761904761904762,0.9660657476139979,1.0859538784067087e-05,1.21875,0.0,2.0,easy|hard|medium
test,0,6,31,32,0.5333916050003609,16.614987876004307,773.8750127319945,0.0006613121367990971,1.0,1.0,1.0,1.0,1.0851153039832285e-05,1.03125,0.0,2.0,hard|easy|medium
test,0,6,32,32,0.5323138870007824,17.147845984000014,774.4078707930021,0.005292222369462252,1.0,1.0,1.0,1.0,1.0842767295597485e-05,1.15625,0.0,2.0,easy|medium|hard
test,0,6,33,32,0.5317851319996407,17.68013341400365,774.9401582439896,0.001011206884868443,1.0,1.0,1.0,1.0,1.0834381551362686e-05,1.0,0.0,2.0,hard|medium|easy
test,0,6,34,32,0.5329950509913033,18.21367459600151,775.4736994089908,0.0014442563988268375,1.0,1.0,1.0,1.0,1.0825995807127882e-05,0.875,0.0,2.0,medium|easy|hard
test,0,6,35,32,0.5325785219902173,18.746733123000013,776.0067579509923,0.0005709705874323845,1.0,1.0,1.0,1.0,1.0817610062893083e-05,1.09375,0.0,2.0,easy|medium|hard
test,0,6,36,32,0.5325381690054201,19.27978644700488,776.539811265,0.0005378278438001871,1.0,1.0,1.0,1.0,1.0809224318658283e-05,1.21875,0.0,2.0,medium|easy|hard
test,0,6,37,32,0.5332441039936384,19.81362168499618,777.0736465009977,0.001647277269512415,1.0,1.0,1.0,1.0,1.080083857442348e-05,1.0,0.0,2.0,hard|medium|easy
test,0,6,38,32,0.5326576390070841,20.346823072002735,777.6068479099922,0.0003074914566241205,1.0,1.0,1.0,1.0,1.079245283018868e-05,0.90625,0.0,2.0,easy|medium|hard
test,0,6,39,32,0.5320589899929473,20.879341595995356,778.1393667849916,0.0008047206792980433,1.0,1.0,1.0,1.0,1.078406708595388e-05,0.8125,0.0,2.0,hard|easy|medium
test,0,6,40,32,0.5334328400058439,21.41327373299282,778.6732985760027,0.0003498781588859856,1.0,1.0,1.0,1.0,1.0775681341719077e-05,0.90625,0.0,2.0,hard|medium|easy
test,0,6,41,32,0.5327891689958051,21.946604191005463,779.2066290209914,0.0002768812410067767,1.0,1.0,1.0,1.0,1.0767295597484277e-05,1.09375,0.0,2.0,medium|hard|easy
test,0,6,42,32,0.5316922630008776,22.478852414002176,779.7388772669947,0.0002771647123154253,1.0,1.0,1.0,1.0,1.0758909853249477e-05,1.1875,0.0,2.0,medium|hard|easy
test,0,6,43,32,0.5336575989931589,23.01310716199805,780.2731319719896,0.026793701574206352,0.9666666666666667,0.96875,0.9722222222222222,0.9684729064039409,1.0750524109014676e-05,0.84375,0.0,2.0,medium|hard|easy
test,0,6,44,32,0.5326100910024252,23.546252161002485,780.8062769749959,0.00023112562485039234,1.0,1.0,1.0,1.0,1.0742138364779874e-05,0.84375,0.0,2.0,medium|easy|hard
test,0,6,45,32,0.5319165850087302,24.07875695900293,781.3387817789917,0.011605450883507729,1.0,1.0,1.0,1.0,1.0733752620545074e-05,0.96875,0.0,2.0,medium|hard|easy
test,0,6,46,32,0.5332971539901337,24.61259435399552,781.8726191710011,0.13871988654136658,0.9736842105263157,0.96875,0.9642857142857143,0.967967967967968,1.0725366876310273e-05,0.9375,0.0,2.0,medium|hard|easy
test,0,6,47,32,0.5337620139907813,25.146951912000077,782.4069767439942,0.0004324845504015684,1.0,1.0,1.0,1.0,1.0716981132075473e-05,1.15625,0.0,2.0,medium|hard|easy
test,0,6,48,32,0.5322257179941516,25.679821653000545,782.9398464789992,0.00046299240784719586,1.0,1.0,1.0,1.0,1.0708595387840673e-05,1.1875,0.0,2.0,hard|easy|medium
test,0,6,49,32,0.5334161500068149,26.213865074998466,783.4738898999931,0.0005671776016242802,1.0,1.0,1.0,1.0,1.070020964360587e-05,0.875,0.0,2.0,medium|hard|easy
test,0,6,50,32,0.5329919950017938,26.747386496004765,784.0074113309965,0.0003100507310591638,1.0,1.0,1.0,1.0,1.069182389937107e-05,1.0625,0.0,2.0,easy|medium|hard
test,0,6,51,32,0.5329719279980054,27.281030589991133,784.5410554169939,0.00029178097611293197,1.0,1.0,1.0,1.0,1.068343815513627e-05,0.875,0.0,2.0,easy|medium|hard
test,0,6,52,32,0.5332581600086996,27.814837559999432,785.0748623789987,0.00029653776437044144,1.0,1.0,1.0,1.0,1.0675052410901467e-05,1.03125,0.0,2.0,hard|medium|easy
test,0,6,53,32,0.5330624420021195,28.348461371992016,785.6084861940035,0.0003375550440978259,1.0,1.0,1.0,1.0,1.0666666666666667e-05,1.15625,0.0,2.0,medium|easy|hard
test,0,6,54,32,0.5316009569942253,28.880579321994446,786.1406041439914,0.1847117692232132,0.9722222222222222,0.96875,0.9666666666666667,0.9684729064039409,1.0658280922431867e-05,1.125,0.0,2.0,hard|easy|medium
test,0,6,55,32,0.5338372140104184,29.41486855900439,786.6748933829949,0.18944451212882996,0.9615384615384616,0.96875,0.975,0.9671794871794872,1.0649895178197064e-05,1.0,0.0,2.0,easy|medium|hard
test,0,6,56,32,0.533092083001975,29.94848742999602,787.208512237994,0.0002795486943796277,1.0,1.0,1.0,1.0,1.0641509433962264e-05,1.03125,0.0,2.0,medium|easy|hard
test,0,6,57,32,0.5321931679936824,30.481246013994678,787.741270818995,0.0023421128280460835,1.0,1.0,1.0,1.0,1.0633123689727465e-05,1.09375,0.0,2.0,easy|hard|medium
test,0,6,58,32,0.5335050040011993,31.01529606799886,788.2753208819922,0.00038065819535404444,1.0,1.0,1.0,1.0,1.0624737945492663e-05,1.03125,0.0,2.0,medium|hard|easy
test,0,6,59,32,0.5329396339948289,31.548799512995174,788.8088243520033,0.00024824999854899943,1.0,1.0,1.0,1.0,1.0616352201257862e-05,1.21875,0.0,2.0,easy|medium|hard
test,0,6,60,32,0.5313782750017708,32.08073553300346,789.3407603879896,0.0003767897142097354,1.0,1.0,1.0,1.0,1.0607966457023062e-05,0.84375,0.0,2.0,easy|hard|medium
test,0,6,61,32,0.5338370379904518,32.61507979000453,789.8751046499965,0.12423763424158096,0.9615384615384616,0.96875,0.975,0.9671794871794872,1.059958071278826e-05,1.1875,0.0,2.0,medium|hard|easy
test,0,6,62,32,0.5328970289992867,33.148526869001216,790.4085517089989,0.0002700957120396197,1.0,1.0,1.0,1.0,1.059119496855346e-05,0.8125,0.0,2.0,medium|hard|easy
test,0,6,63,32,0.5325270819885191,33.681501364000724,790.9415262249968,0.2540358304977417,0.9736842105263157,0.96875,0.9642857142857143,0.967967967967968,1.0582809224318659e-05,1.09375,0.0,2.0,hard|easy|medium
test,0,6,64,32,0.533283108001342,34.21539020500495,791.4754150259978,0.00034120911732316017,1.0,1.0,1.0,1.0,1.0574423480083858e-05,0.84375,0.0,2.0,easy|hard|medium
test,0,6,65,32,0.532823614004883,34.74873521499103,792.0087602459971,0.00030882080318406224,1.0,1.0,1.0,1.0,1.0566037735849058e-05,0.9375,0.0,2.0,medium|hard|easy
test,0,6,66,32,0.5320015929901274,35.281309376994614,792.5413342279935,0.0003633094602264464,1.0,1.0,1.0,1.0,1.0557651991614258e-05,1.0625,0.0,2.0,hard|easy|medium
test,0,6,67,32,0.5333143730094889,35.81509788399853,793.0751227069995,0.0003714641206897795,1.0,1.0,1.0,1.0,1.0549266247379455e-05,1.03125,0.0,2.0,medium|hard|easy
test,0,6,68,32,0.5331904159975238,36.34881577499618,793.6088409459917,0.0004260716668795794,1.0,1.0,1.0,1.0,1.0540880503144655e-05,0.96875,0.0,2.0,medium|hard|easy
test,0,6,69,32,0.5316677539958619,36.88107266600127,794.141097478001,0.00036218290915712714,1.0,1.0,1.0,1.0,1.0532494758909855e-05,1.03125,0.0,2.0,hard|easy|medium
test,0,6,70,32,0.5328907660004916,37.4144973950024,794.6745222289901,0.0005832130555063486,1.0,1.0,1.0,1.0,1.0524109014675052e-05,1.03125,0.0,2.0,medium|hard|easy
test,0,6,71,32,0.5326404539955547,37.9477307920024,795.2077556110016,0.270353227853775,0.96875,0.96875,0.9705882352941176,0.9687194525904204,1.0515723270440252e-05,0.90625,0.0,2.0,medium|easy|hard
test,0,6,72,32,0.5314908439904684,38.47975621899241,795.7397810839902,0.0004421101766638458,1.0,1.0,1.0,1.0,1.0507337526205452e-05,0.90625,0.0,2.0,hard|easy|medium
test,0,6,73,32,0.5335952890018234,39.01393925100274,796.2739640649961,0.003543769009411335,1.0,1.0,1.0,1.0,1.049895178197065e-05,0.625,0.0,2.0,medium|hard|easy
test,0,6,74,32,0.53266430698568,39.54714082900318,796.8071656590037,0.0013320614816620946,1.0,1.0,1.0,1.0,1.049056603773585e-05,1.0625,0.0,2.0,medium|hard|easy
test,0,6,75,32,0.5317306979995919,40.07943827100098,797.3394630870025,0.0008646408095955849,1.0,1.0,1.0,1.0,1.048218029350105e-05,0.84375,0.0,2.0,medium|easy|hard
test,0,6,76,32,0.5330285249947337,40.61303508999117,797.8730600729905,0.00034362293081358075,1.0,1.0,1.0,1.0,1.0473794549266248e-05,1.15625,0.0,2.0,hard|medium|easy
test,0,6,77,32,0.5327882499987027,41.14639829400403,798.4064231569937,0.00033475703094154596,1.0,1.0,1.0,1.0,1.0465408805031448e-05,0.6875,0.0,2.0,easy|medium|hard
test,0,6,78,32,0.5319418379949639,41.6788585089962,798.9388833229896,0.16510213911533356,0.9666666666666667,0.96875,0.9722222222222222,0.9684729064039409,1.0457023060796647e-05,0.96875,0.0,2.0,hard|medium|easy
test,0,6,79,32,0.5333570609946037,42.21280770600424,799.472832525993,0.00039050355553627014,1.0,1.0,1.0,1.0,1.0448637316561845e-05,0.84375,0.0,2.0,easy|medium|hard
test,0,6,80,32,0.5325282690027962,42.74588246499479,800.0059073299926,0.0004131461028009653,1.0,1.0,1.0,1.0,1.0440251572327045e-05,0.875,0.0,2.0,easy|hard|medium
test,0,6,81,32,0.5324410640023416,43.27890752299572,800.5389323359996,0.0003865021571982652,1.0,1.0,1.0,1.0,1.0431865828092245e-05,0.90625,0.0,2.0,medium|hard|easy
test,0,6,82,32,0.5327555789990583,43.81219103500189,801.0722159909928,0.18775852024555206,0.9666666666666667,0.96875,0.9722222222222222,0.9684729064039409,1.0423480083857442e-05,0.9375,0.0,2.0,easy|hard|medium
test,0,6,83,32,0.5332020530040609,44.34596065299411,801.6059854850027,0.00034535262966528535,1.0,1.0,1.0,1.0,1.0415094339622642e-05,1.0625,0.0,2.0,hard|medium|easy
test,0,6,84,32,0.5320170230115764,44.87854068700108,802.1385655170016,0.000498503795824945,1.0,1.0,1.0,1.0,1.0406708595387843e-05,0.90625,0.0,2.0,easy|hard|medium
test,0,6,85,32,0.5336635479907272,45.41278002699255,802.6728048520017,0.00047640380216762424,1.0,1.0,1.0,1.0,1.039832285115304e-05,1.0,0.0,2.0,hard|easy|medium
test,0,6,86,32,0.5318477419932606,45.945205828000326,803.2052306349942,0.0008150970097631216,1.0,1.0,1.0,1.0,1.038993710691824e-05,1.09375,0.0,2.0,hard|easy|medium
test,0,6,87,32,0.5318010829942068,46.47751908800274,803.7375439239986,0.0006630349671468139,1.0,1.0,1.0,1.0,1.038155136268344e-05,1.1875,0.0,2.0,medium|easy|hard
test,0,6,88,32,0.533216727009858,47.01134305300366,804.2713678790024,0.2058888077735901,0.9736842105263157,0.96875,0.9642857142857143,0.967967967967968,1.0373165618448637e-05,1.1875,0.0,2.0,medium|hard|easy
test,0,6,89,32,0.5327403530100128,47.544607374991756,804.8046321979928,0.0003654455067589879,1.0,1.0,1.0,1.0,1.0364779874213837e-05,1.125,0.0,2.0,easy|hard|medium
test,0,6,90,32,0.5315726479893783,48.076717991993064,805.3367428280035,0.0004882357607129961,1.0,1.0,1.0,1.0,1.0356394129979037e-05,0.75,0.0,2.0,easy|medium|hard
test,0,6,91,32,0.5330816890054848,48.610337716992944,805.8703625939961,0.12872667610645294,0.975,0.96875,0.9615384615384616,0.9671794871794872,1.0348008385744235e-05,1.0625,0.0,2.0,hard|medium|easy
test,0,6,92,32,0.5325074779975694,49.14336639500107,806.4033912119921,0.0029267314821481705,1.0,1.0,1.0,1.0,1.0339622641509434e-05,1.1875,0.0,2.0,easy|medium|hard
test,0,6,93,32,0.5313654100027634,49.67522827700304,806.9352531039913,0.0009719498339109123,1.0,1.0,1.0,1.0,1.0331236897274634e-05,1.1875,0.0,2.0,medium|easy|hard
test,0,6,94,32,0.5328950059920317,50.20868209299806,807.4687069289939,0.0003964556963182986,1.0,1.0,1.0,1.0,1.0322851153039833e-05,1.03125,0.0,2.0,hard|medium|easy
test,0,6,95,32,0.5324080549908103,50.741649036004674,808.0016738589911,0.0008224284974858165,1.0,1.0,1.0,1.0,1.0314465408805033e-05,1.03125,0.0,2.0,medium|easy|hard
test,0,6,96,32,0.5310567970009288,51.27326726299361,808.5332920880028,0.0006892335368320346,1.0,1.0,1.0,1.0,1.0306079664570231e-05,0.96875,0.0,2.0,medium|hard|easy
test,0,6,97,32,0.5335689519997686,51.807360081002116,809.0673848979932,0.0006633567390963435,1.0,1.0,1.0,1.0,1.029769392033543e-05,1.1875,0.0,2.0,medium|hard|easy
test,0,6,98,32,0.5332010860001901,52.34112534299493,809.6011504420021,0.00041452248115092516,1.0,1.0,1.0,1.0,1.028930817610063e-05,1.15625,0.0,2.0,hard|easy|medium
test,0,6,99,32,0.5313656350044766,52.87304923099873,810.1330740529957,0.00047245275345630944,1.0,1.0,1.0,1.0,1.028092243186583e-05,0.96875,0.0,2.0,hard|medium|easy
test,0,6,100,32,0.5331869780056877,53.406764286002726,810.6667892510013,0.0018427390605211258,1.0,1.0,1.0,1.0,1.0272536687631027e-05,1.28125,0.0,2.0,hard|easy|medium
test,0,6,101,32,0.5327754340105457,53.94012388000556,811.2001487359958,0.00034466045326553285,1.0,1.0,1.0,1.0,1.0264150943396227e-05,0.90625,0.0,2.0,easy|medium|hard
test,0,6,102,32,0.5311892250028905,54.47184862299764,811.7318734360015,0.00044071744196116924,1.0,1.0,1.0,1.0,1.0255765199161427e-05,1.15625,0.0,2.0,hard|easy|medium
test,0,6,103,32,0.5334883710020222,55.005942527001025,812.2659674549941,0.00064412149367854,1.0,1.0,1.0,1.0,1.0247379454926624e-05,0.9375,0.0,2.0,hard|easy|medium
test,0,6,104,32,0.5327701630012598,55.53924080300203,812.7992657010036,0.0007112122257240117,1.0,1.0,1.0,1.0,1.0238993710691824e-05,0.6875,0.0,2.0,hard|easy|medium
test,0,6,105,32,0.5317277139984071,56.071489337002276,813.3315141589992,0.16939598321914673,0.9666666666666667,0.96875,0.9722222222222222,0.9684729064039409,1.0230607966457024e-05,1.0625,0.0,2.0,medium|hard|easy
test,0,6,106,32,0.5330644539935747,56.605066817995976,813.8650916479965,0.0003702292451635003,1.0,1.0,1.0,1.0,1.0222222222222223e-05,1.1875,0.0,2.0,medium|hard|easy
test,0,6,107,32,0.5325459500018042,57.13813834299799,814.3981632109935,0.0004753229732159525,1.0,1.0,1.0,1.0,1.0213836477987421e-05,0.96875,0.0,2.0,easy|hard|medium
test,0,6,108,32,0.5315694799937773,57.670235309997224,814.930260137,0.0004380422760732472,1.0,1.0,1.0,1.0,1.0205450733752622e-05,0.8125,0.0,2.0,hard|easy|medium
test,0,6,109,32,0.5327262880018679,58.20363036599883,815.4636551919975,0.2085929960012436,0.975,0.96875,0.9615384615384616,0.9671794871794872,1.019706498951782e-05,0.9375,0.0,2.0,medium|hard|easy
test,0,6,110,32,0.532691660002456,58.73685137099528,815.9968762130011,0.0007097475463524461,1.0,1.0,1.0,1.0,1.018867924528302e-05,1.21875,0.0,2.0,hard|medium|easy
test,0,6,111,32,0.5320174719963688,59.26949168299325,816.5295165029966,0.030110863968729973,0.9615384615384616,0.96875,0.975,0.9671794871794872,1.0180293501048219e-05,1.0625,0.0,2.0,easy|medium|hard
test,0,6,112,32,0.533251539003686,59.80331246399146,817.0633372779994,0.28847798705101013,0.9230769230769231,0.9375,0.9523809523809523,0.9333333333333333,1.0171907756813417e-05,0.875,0.0,2.0,easy|medium|hard
test,0,6,113,32,0.5329214709927328,60.33681433899619,817.596839165999,0.0013810789678245783,1.0,1.0,1.0,1.0,1.0163522012578618e-05,1.15625,0.0,2.0,hard|medium|easy
test,0,6,114,32,0.5315571560058743,60.86889657899155,818.1289213929995,0.07571401447057724,0.96875,0.96875,0.9705882352941176,0.9687194525904204,1.0155136268343818e-05,0.875,0.0,2.0,hard|medium|easy
test,0,6,115,32,0.5337208099954296,61.403167910000775,818.6631927249982,0.002378620905801654,1.0,1.0,1.0,1.0,1.0146750524109014e-05,1.03125,0.0,2.0,medium|hard|easy
test,0,6,116,32,0.5326911820011446,61.93640914399293,819.1964339690021,0.0004679884877987206,1.0,1.0,1.0,1.0,1.0138364779874215e-05,0.84375,0.0,2.0,easy|medium|hard
test,0,6,117,32,0.5316293809883064,62.46863144499366,819.7286562450026,0.0006238256464712322,1.0,1.0,1.0,1.0,1.0129979035639415e-05,0.96875,0.0,2.0,hard|medium|easy
test,0,6,118,32,0.5330327349947765,63.00222866800323,820.2622538709984,0.0007256738608703017,1.0,1.0,1.0,1.0,1.0121593291404612e-05,0.90625,0.0,2.0,easy|medium|hard
test,0,6,119,32,0.5323188619950088,63.535018694994505,820.7950435829989,0.17054055631160736,0.9736842105263157,0.96875,0.9642857142857143,0.967967967967968,1.0113207547169812e-05,1.0,0.0,2.0,hard|easy|medium
test,0,6,120,32,0.5316226490103872,64.06718115099648,821.3272059570008,0.00048823270481079817,1.0,1.0,1.0,1.0,1.0104821802935012e-05,1.25,0.0,2.0,easy|medium|hard
test,0,6,121,32,0.533296124995104,64.60105481599749,821.8610796309949,0.0007101235678419471,1.0,1.0,1.0,1.0,1.009643605870021e-05,0.8125,0.0,2.0,hard|medium|easy
test,0,6,122,32,0.5323817089956719,65.13400953299424,822.3940343479917,0.00048424681881442666,1.0,1.0,1.0,1.0,1.0088050314465409e-05,0.90625,0.0,2.0,easy|medium|hard
test,0,6,123,32,0.5318400569958612,65.66639716899954,822.9264219949982,0.0032497092615813017,1.0,1.0,1.0,1.0,1.007966457023061e-05,1.15625,0.0,2.0,hard|easy|medium
test,0,6,124,32,0.5331191959994612,66.2000574679987,823.460082288002,0.0008475721115246415,1.0,1.0,1.0,1.0,1.0071278825995808e-05,0.90625,0.0,2.0,medium|easy|hard
test,0,6,125,32,0.5330257430032361,66.73361818799458,823.9936430149974,0.0034338717814534903,1.0,1.0,1.0,1.0,1.0062893081761008e-05,1.1875,0.0,2.0,medium|easy|hard
test,0,6,126,32,0.5314203660091152,67.26566381999874,824.5256886339921,0.05645018443465233,0.9705882352941176,0.96875,0.96875,0.9687194525904204,1.0054507337526206e-05,1.03125,0.0,2.0,hard|medium|easy
test,0,6,127,32,0.5331105049990583,67.799287885995,825.059312708996,0.0011607019696384668,1.0,1.0,1.0,1.0,1.0046121593291405e-05,0.71875,0.0,2.0,easy|hard|medium
test,0,6,128,32,0.5326456110051367,68.33247005099838,825.5924948570027,0.0006451094523072243,1.0,1.0,1.0,1.0,1.0037735849056605e-05,1.03125,0.0,2.0,hard|medium|easy
test,0,6,129,32,0.530966066988185,68.86404206699808,826.1240668789978,0.0004412785929162055,1.0,1.0,1.0,1.0,1.0029350104821805e-05,1.09375,0.0,2.0,medium|easy|hard
test,0,6,130,32,0.5336775369942188,69.39830579599948,826.6583309370035,0.0018165170913562179,1.0,1.0,1.0,1.0,1.0020964360587002e-05,1.03125,0.0,2.0,easy|medium|hard
test,0,6,131,32,0.5323865179962013,69.93120596600056,827.1912307859893,0.2219873070716858,0.9090909090909092,0.9375,0.9565217391304348,0.9272727272727272,1.0012578616352202e-05,0.90625,0.0,2.0,easy|medium|hard
test,0,6,132,32,0.531529245999991,70.46324768400518,827.7232725149952,0.25582706928253174,0.96875,0.96875,0.9705882352941176,0.9687194525904204,1.0004192872117402e-05,0.90625,0.0,2.0,easy|medium|hard
test,0,6,133,32,0.5332699020073051,70.99711536099494,828.2571402049944,0.0005874084308743477,1.0,1.0,1.0,1.0,9.995807127882601e-06,1.0625,0.0,2.0,hard|easy|medium
test,0,6,134,32,0.5330322889931267,71.53069856300135,828.7907234049926,0.013339418917894363,1.0,1.0,1.0,1.0,9.9874213836478e-06,0.9375,0.0,2.0,easy|hard|medium
test,0,6,135,32,0.5320250250078971,72.0632968400023,829.323321659991,0.0032672996167093515,1.0,1.0,1.0,1.0,9.979035639412998e-06,1.03125,0.0,2.0,easy|hard|medium
test,0,6,136,32,0.5338458309997804,72.59772960399278,829.8577544409927,0.1811021864414215,0.9285714285714286,0.90625,0.8928571428571428,0.9015384615384616,9.970649895178198e-06,0.875,0.0,2.0,easy|medium|hard
test,0,6,137,32,0.5326262419985142,73.13094517099671,830.3909702989913,0.0005502052372321486,1.0,1.0,1.0,1.0,9.962264150943397e-06,1.09375,0.0,2.0,hard|easy|medium
test,0,6,138,32,0.5318365140119568,73.6633290329919,830.9233538589906,0.3400615453720093,0.9545454545454546,0.9375,0.9166666666666667,0.9307359307359306,9.953878406708595e-06,0.875,0.0,2.0,hard|medium|easy
test,0,6,139,32,0.5333427349978592,74.1972591119993,831.4572839289904,0.00087967817671597,1.0,1.0,1.0,1.0,9.945492662473795e-06,1.03125,0.0,2.0,hard|easy|medium
test,0,6,140,32,0.5332924499962246,74.73109657700115,831.9911213710002,0.0004609111638274044,1.0,1.0,1.0,1.0,9.937106918238994e-06,0.96875,0.0,2.0,easy|medium|hard
test,0,6,141,32,0.532030336005846,75.26367894100258,832.523703769999,0.10496095567941666,0.9705882352941176,0.96875,0.96875,0.9687194525904204,9.928721174004194e-06,1.3125,0.0,2.0,hard|easy|medium
test,0,6,142,32,0.5337468200013973,75.7979709259962,833.0579958779999,0.44374534487724304,0.90625,0.90625,0.9210526315789473,0.9054187192118226,9.920335429769392e-06,1.15625,0.0,2.0,hard|medium|easy
test,0,6,143,32,0.5327012439956889,76.33121607400244,833.5912409059965,0.0005933004431426525,1.0,1.0,1.0,1.0,9.911949685534593e-06,1.15625,0.0,2.0,easy|hard|medium
test,0,6,144,32,0.531810166008654,76.86355006899976,834.1235748960025,0.0005846035783179104,1.0,1.0,1.0,1.0,9.903563941299791e-06,0.9375,0.0,2.0,hard|medium|easy
test,0,6,145,32,0.5329482590022963,77.39703075299622,834.6570555729995,0.0005990225472487509,1.0,1.0,1.0,1.0,9.895178197064991e-06,1.1875,0.0,2.0,hard|medium|easy
test,0,6,146,32,0.5326179840049008,77.93019958600053,835.1902244149969,0.22778825461864471,0.9736842105263157,0.96875,0.9642857142857143,0.967967967967968,9.88679245283019e-06,1.125,0.0,2.0,easy|medium|hard
test,0,6,147,32,0.5315934710088186,78.46227009600261,835.7222949139978,0.19320766627788544,0.96875,0.96875,0.9705882352941176,0.9687194525904204,9.878406708595388e-06,1.0625,0.0,2.0,hard|medium|easy
test,0,6,148,32,0.5340145000081975,78.99679207599547,836.2568169019942,0.05164145678281784,0.9642857142857143,0.96875,0.9736842105263157,0.967967967967968,9.870020964360588e-06,1.1875,0.0,2.0,easy|hard|medium
test,0,6,149,32,0.5329528730071615,79.53025733299728,836.7902821329917,0.0009843665175139904,1.0,1.0,1.0,1.0,9.861635220125787e-06,0.90625,0.0,2.0,easy|hard|medium
test,0,6,150,32,0.5322510219994001,80.06307452599867,837.3230994059995,0.001002537552267313,1.0,1.0,1.0,1.0,9.853249475890985e-06,0.9375,0.0,2.0,easy|medium|hard
test,0,6,151,32,0.5327848010056186,80.59635756799253,837.85638238299,0.08942446112632751,0.9722222222222222,0.96875,0.9666666666666667,0.9684729064039409,9.844863731656186e-06,0.8125,0.0,2.0,medium|easy|hard
test,0,6,152,32,0.5322040500032017,81.12907100799202,838.3890958580014,0.2653319239616394,0.95,0.9375,0.9285714285714286,0.9352226720647774,9.836477987421384e-06,0.8125,0.0,2.0,easy|hard|medium
test,0,6,153,32,0.5312835960066877,81.66085775499232,838.9208826120012,0.21394169330596924,0.9722222222222222,0.96875,0.9666666666666667,0.9684729064039409,9.828092243186583e-06,0.9375,0.0,2.0,medium|easy|hard
test,0,6,154,32,0.5332976190111367,82.19474281500152,839.4547676279908,0.0018911638762801886,1.0,1.0,1.0,1.0,9.819706498951783e-06,0.9375,0.0,2.0,easy|medium|hard
test,0,6,155,32,0.5326266270130873,82.72788250500162,839.9879074049968,0.0007080301875248551,1.0,1.0,1.0,1.0,9.811320754716981e-06,1.15625,0.0,2.0,medium|hard|easy
test,0,6,156,32,0.5309043960005511,83.25941448299272,840.5194393109996,0.0004778088768944144,1.0,1.0,1.0,1.0,9.802935010482181e-06,0.8125,0.0,2.0,medium|easy|hard
test,0,6,157,32,0.5327197079895996,83.79271379299462,841.0527385960013,0.0005474413046613336,1.0,1.0,1.0,1.0,9.79454926624738e-06,1.1875,0.0,2.0,hard|easy|medium
test,0,6,158,32,0.5324107600026764,84.32564851999632,841.5856733669934,0.0005524198058992624,1.0,1.0,1.0,1.0,9.78616352201258e-06,0.875,0.0,2.0,hard|easy|medium
test,0,6,159,32,0.5320664979954017,84.85827727700234,842.1183021100005,0.0005598177667707205,1.0,1.0,1.0,1.0,9.777777777777779e-06,1.03125,0.0,2.0,easy|hard|medium
test,0,6,160,32,0.5336539590061875,85.3925161149964,842.6525409939932,0.02880699746310711,0.9583333333333333,0.96875,0.9761904761904762,0.9660657476139979,9.769392033542979e-06,1.21875,0.0,2.0,medium|hard|easy
test,0,6,161,32,0.5324826739961281,85.9255474370002,843.1855722420005,0.0010720898862928152,1.0,1.0,1.0,1.0,9.761006289308177e-06,0.78125,0.0,2.0,hard|medium|easy
test,0,6,162,32,0.532179643996642,86.4583326419961,843.718357492995,0.0548914335668087,0.9722222222222222,0.96875,0.9666666666666667,0.9684729064039409,9.752620545073376e-06,1.21875,0.0,2.0,medium|easy|hard
test,0,6,163,32,0.5329835689917672,86.99196351200226,844.2519883289933,0.15842121839523315,0.96875,0.96875,0.9705882352941176,0.9687194525904204,9.744234800838576e-06,0.75,0.0,2.0,medium|hard|easy
test,0,6,164,32,0.5326747280050768,87.52524326299317,844.7852680829965,0.0007015737937763333,1.0,1.0,1.0,1.0,9.735849056603775e-06,0.96875,0.0,2.0,easy|medium|hard
test,0,6,165,32,0.5313604669936467,88.05722332699224,845.3172481549991,0.1931297928094864,0.9705882352941176,0.96875,0.96875,0.9687194525904204,9.727463312368973e-06,1.1875,0.0,2.0,easy|hard|medium
test,0,6,166,32,0.5330697219906142,88.59076150000328,845.8507863150007,0.0005840659141540527,1.0,1.0,1.0,1.0,9.719077568134173e-06,1.0,0.0,2.0,medium|hard|easy
test,0,6,167,32,0.5324626209912822,89.12384686799487,846.3838717409963,0.04195839539170265,0.9705882352941176,0.96875,0.96875,0.9687194525904204,9.710691823899372e-06,0.9375,0.0,2.0,hard|easy|medium
test,0,6,168,32,0.5323893879976822,89.6567299629969,846.9167547739926,0.0022492827847599983,1.0,1.0,1.0,1.0,9.70230607966457e-06,1.0625,0.0,2.0,hard|medium|easy
test,0,6,169,32,0.5334544910001568,90.1907560480031,847.4507808749913,0.000708331645000726,1.0,1.0,1.0,1.0,9.69392033542977e-06,0.9375,0.0,2.0,hard|easy|medium
test,0,6,170,32,0.53213881701231,90.72346506199392,847.9834898889967,0.0010494349990040064,1.0,1.0,1.0,1.0,9.685534591194969e-06,1.125,0.0,2.0,medium|easy|hard
test,0,6,171,32,0.5318592200055718,91.25590109800396,848.5159259849897,0.17219141125679016,0.98,0.96875,0.9375,0.9564625850340136,9.677148846960169e-06,1.0625,0.0,2.0,easy|medium|hard
test,0,6,172,32,0.5331053359986981,91.78956087000552,849.0495856679918,0.023071257397532463,0.96875,0.96875,0.9705882352941176,0.9687194525904204,9.668763102725368e-06,1.0,0.0,2.0,medium|easy|hard
test,0,6,173,32,0.5323168900067685,92.32254351199663,849.582568451995,0.0006629088893532753,1.0,1.0,1.0,1.0,9.660377358490568e-06,0.84375,0.0,2.0,easy|medium|hard
test,0,6,174,32,0.5319229919987265,92.85508845499135,850.115113271997,0.0006410341011360288,1.0,1.0,1.0,1.0,9.651991614255766e-06,0.78125,0.0,2.0,easy|medium|hard
test,0,6,175,32,0.5330617980071111,93.38869720199727,850.6487220339914,0.0024913279339671135,1.0,1.0,1.0,1.0,9.643605870020966e-06,1.03125,0.0,2.0,easy|hard|medium
test,0,6,176,32,0.5327064149896614,93.92196680699999,851.1819916349923,0.0010215885704383254,1.0,1.0,1.0,1.0,9.635220125786165e-06,1.0,0.0,2.0,hard|medium|easy
test,0,6,177,32,0.5321116840059403,94.45461891099694,851.714643735002,0.000589003087952733,1.0,1.0,1.0,1.0,9.626834381551363e-06,1.03125,0.0,2.0,easy|medium|hard
test,0,6,178,32,0.5330270640115486,94.98817903199233,852.2482038599992,0.000553211837541312,1.0,1.0,1.0,1.0,9.618448637316564e-06,0.84375,0.0,2.0,medium|easy|hard
test,0,6,179,32,0.5328293560014572,95.52154714000062,852.7815719729988,0.0010392677504569292,1.0,1.0,1.0,1.0,9.610062893081762e-06,0.84375,0.0,2.0,medium|hard|easy
test,0,6,180,32,0.5322100659977878,96.05433479200292,853.3143595909933,0.0005575610557571054,1.0,1.0,1.0,1.0,9.60167714884696e-06,1.125,0.0,2.0,medium|hard|easy
test,0,6,181,32,0.5330922740104143,96.58794889500132,853.8479736969894,0.06213488057255745,0.9666666666666667,0.96875,0.9722222222222222,0.9684729064039409,9.59329140461216e-06,1.25,0.0,2.0,hard|easy|medium
test,0,6,182,32,0.5327756680053426,97.12127920000057,854.3813040179957,0.0011727926321327686,1.0,1.0,1.0,1.0,9.58490566037736e-06,1.125,0.0,2.0,hard|medium|easy
test,0,6,183,32,0.5321206869994057,97.65394479800307,854.9139696030034,0.003205833723768592,1.0,1.0,1.0,1.0,9.576519916142558e-06,0.625,0.0,2.0,easy|medium|hard
test,0,6,184,32,0.5330557859997498,98.18758439799421,855.4476092029945,0.0005151505465619266,1.0,1.0,1.0,1.0,9.568134171907758e-06,0.875,0.0,2.0,easy|medium|hard
test,0,6,185,32,0.532698769995477,98.72086105200287,855.9808858609904,0.0005777720361948013,1.0,1.0,1.0,1.0,9.559748427672956e-06,1.0625,0.0,2.0,medium|easy|hard
test,0,6,186,32,0.5320397370087449,99.25348559499253,856.5135104810033,0.0005552986403927207,1.0,1.0,1.0,1.0,9.551362683438155e-06,0.875,0.0,2.0,medium|hard|easy
test,0,6,187,32,0.5334715179924387,99.78753571699781,857.0475605279935,0.0006274461047723889,1.0,1.0,1.0,1.0,9.542976939203355e-06,1.03125,0.0,2.0,easy|medium|hard
test,0,6,188,32,0.5325753960059956,100.32066143299744,857.5806862629979,0.00043983865180052817,1.0,1.0,1.0,1.0,9.534591194968554e-06,1.15625,0.0,2.0,medium|easy|hard
test,0,6,189,32,0.5317644869937794,100.85286420299963,858.1128890089894,0.000907616806216538,1.0,1.0,1.0,1.0,9.526205450733754e-06,1.15625,0.0,2.0,easy|hard|medium
test,0,6,190,32,0.5332495339971501,101.38666562100116,858.6466904379922,0.10629012435674667,0.9705882352941176,0.96875,0.96875,0.9687194525904204,9.517819706498952e-06,0.90625,0.0,2.0,medium|hard|easy
test,0,6,191,32,0.5326038729981519,101.91981763199146,859.1798424519948,0.0006066288333386183,1.0,1.0,1.0,1.0,9.509433962264152e-06,0.9375,0.0,2.0,medium|hard|easy
test,0,6,192,32,0.5320868000126211,102.452449599994,859.7124744140019,0.03931134194135666,0.9615384615384616,0.96875,0.975,0.9671794871794872,9.501048218029351e-06,0.96875,0.0,2.0,easy|hard|medium
test,0,6,193,32,0.5336215380084468,102.98662798000441,860.2466527919896,0.0008964199223555624,1.0,1.0,1.0,1.0,9.492662473794551e-06,0.9375,0.0,2.0,hard|medium|easy
test,0,6,194,32,0.5328593500016723,103.52004031300021,860.7800651379948,0.0005562079604715109,1.0,1.0,1.0,1.0,9.48427672955975e-06,1.125,0.0,2.0,easy|medium|hard
test,0,6,195,32,0.5321113420068286,104.05271024499962,861.3127350559953,0.0004033167497254908,1.0,1.0,1.0,1.0,9.475890985324948e-06,1.0625,0.0,2.0,medium|hard|easy
test,0,6,196,32,0.5336957170075038,104.58702508399438,861.8470498980023,0.03190549463033676,0.9642857142857143,0.96875,0.9736842105263157,0.967967967967968,9.467505241090148e-06,1.03125,0.0,2.0,easy|medium|hard
test,0,6,197,32,0.5326895619946299,105.1201673320029,862.3801921549893,0.000573444296605885,1.0,1.0,1.0,1.0,9.459119496855347e-06,0.9375,0.0,2.0,hard|easy|medium
test,0,6,198,32,0.5310368920036126,105.65177265499369,862.9117974589899,0.029845133423805237,0.9583333333333333,0.96875,0.9761904761904762,0.9660657476139979,9.450733752620545e-06,1.125,0.0,2.0,easy|medium|hard
test,0,6,199,32,0.533398149011191,106.18575640900235,863.44578124299,0.0003846207691822201,1.0,1.0,1.0,1.0,9.442348008385745e-06,0.96875,0.0,2.0,easy|medium|hard
test,0,6,200,32,0.532696369002224,106.71906284199213,863.9790876619954,0.2182627022266388,0.96875,0.96875,0.9705882352941176,0.9687194525904204,9.433962264150944e-06,1.09375,0.0,2.0,easy|hard|medium
test,0,6,201,32,0.5310423250048188,107.2506660920044,864.5106909119932,0.0018423600122332573,1.0,1.0,1.0,1.0,9.425576519916142e-06,0.875,0.0,2.0,hard|easy|medium
test,0,6,202,32,0.5334631139994599,107.78470445999119,865.0447292799945,0.07790683954954147,0.9761904761904762,0.96875,0.9583333333333333,0.9660657476139979,9.417190775681343e-06,0.84375,0.0,2.0,easy|medium|hard
test,0,6,203,32,0.5322532870050054,108.31751898500079,865.5775438129931,0.02817104570567608,0.9722222222222222,0.96875,0.9666666666666667,0.9684729064039409,9.408805031446541e-06,0.875,0.0,2.0,medium|easy|hard
test,0,6,204,32,0.5320875790057471,108.85017217700079,866.1101970169984,0.000529556768015027,1.0,1.0,1.0,1.0,9.400419287211741e-06,1.03125,0.0,2.0,medium|hard|easy
test,0,6,205,32,0.5337652739981422,109.3844929629995,866.6445177799906,0.0003740594838745892,1.0,1.0,1.0,1.0,9.39203354297694e-06,0.96875,0.0,2.0,hard|medium|easy
test,0,6,206,32,0.5323649320052937,109.91743784899882,867.1774626749975,0.14865314960479736,0.9736842105263157,0.96875,0.9642857142857143,0.967967967967968,9.38364779874214e-06,0.875,0.0,2.0,medium|easy|hard
test,0,6,207,32,0.5319048499950441,110.4498909929971,867.7099158159981,0.0004866811214014888,1.0,1.0,1.0,1.0,9.375262054507338e-06,0.875,0.0,2.0,medium|hard|easy
test,0,6,208,32,0.5332827489910414,110.98372467899753,868.2437498200015,0.00045851527829654515,1.0,1.0,1.0,1.0,9.366876310272539e-06,0.9375,0.0,2.0,medium|easy|hard
test,0,6,209,32,0.5324815950007178,111.51676382699225,868.7767886520014,0.0005789257120341063,1.0,1.0,1.0,1.0,9.358490566037737e-06,0.78125,0.0,2.0,easy|hard|medium
test,0,6,210,32,0.531823084995267,112.04911169099796,869.3091365099972,0.00033695902675390244,1.0,1.0,1.0,1.0,9.350104821802936e-06,0.96875,0.0,2.0,hard|easy|medium
test,0,6,211,32,0.5329844890075037,112.58263349000481,869.842658323003,0.0003290850727353245,1.0,1.0,1.0,1.0,9.341719077568136e-06,1.15625,0.0,2.0,hard|easy|medium
test,0,6,212,32,0.5329411010025069,113.11611144899507,870.376136559993,0.0009472069796174765,1.0,1.0,1.0,1.0,9.333333333333334e-06,1.125,0.0,2.0,easy|medium|hard
test,0,6,213,32,0.5314380739873741,113.64809523099393,870.9081200609944,0.0003465940826572478,1.0,1.0,1.0,1.0,9.324947589098533e-06,0.8125,0.0,2.0,easy|medium|hard
test,0,6,214,32,0.5332588129967917,114.18193245399743,871.4419573170017,0.0002890720497816801,1.0,1.0,1.0,1.0,9.316561844863733e-06,1.09375,0.0,2.0,easy|hard|medium
test,0,6,215,32,0.5329611780034611,114.71545376899303,871.9754785940022,0.0002806546399369836,1.0,1.0,1.0,1.0,9.308176100628931e-06,1.21875,0.0,2.0,medium|hard|easy
test,0,6,216,32,0.5321950590005144,115.24816298400401,872.508187814994,0.0011786724207922816,1.0,1.0,1.0,1.0,9.29979035639413e-06,0.8125,0.0,2.0,medium|easy|hard
test,0,6,217,32,0.53350792999845,115.78227041799983,873.0422952779918,0.0004330740193836391,1.0,1.0,1.0,1.0,9.29140461215933e-06,1.15625,0.0,2.0,medium|easy|hard
test,0,6,218,32,0.5323918370122556,116.31524899399665,873.5752738599986,0.3363119959831238,0.9523809523809523,0.9375,0.9230769230769231,0.9333333333333333,9.283018867924529e-06,1.0,0.0,2.0,easy|hard|medium
test,0,6,219,32,0.531877800996881,116.8476109829935,874.1076357939892,0.0004952917224727571,1.0,1.0,1.0,1.0,9.274633123689729e-06,0.875,0.0,2.0,easy|hard|medium
test,0,6,220,32,0.5337607250112342,117.3819343560026,874.6419591809972,0.00029864045791327953,1.0,1.0,1.0,1.0,9.266247379454927e-06,0.9375,0.0,2.0,hard|medium|easy
test,0,6,221,32,0.5323442730004899,117.91486024500045,875.1748851309967,0.0003207328845746815,1.0,1.0,1.0,1.0,9.257861635220128e-06,1.1875,0.0,2.0,medium|hard|easy
test,0,6,222,32,0.5315147610090207,118.4469020760007,875.7069269060012,0.015548835508525372,1.0,1.0,1.0,1.0,9.249475890985326e-06,1.0625,0.0,2.0,medium|hard|easy
test,0,6,223,32,0.5328388469933998,118.9802827819949,876.2403076129995,0.0007725403993390501,1.0,1.0,1.0,1.0,9.241090146750526e-06,0.84375,0.0,2.0,medium|easy|hard
test,0,6,224,32,0.5326221830036957,119.51343912399898,876.7734639650007,0.0004041685024276376,1.0,1.0,1.0,1.0,9.232704402515725e-06,0.875,0.0,2.0,easy|hard|medium
test,0,6,225,32,0.5315827159938635,120.04558391300088,877.3056087169971,0.00028131817816756666,1.0,1.0,1.0,1.0,9.224318658280923e-06,0.84375,0.0,2.0,hard|easy|medium
test,0,6,226,32,0.5332691350049572,120.57946549500048,877.8394903890003,0.00222300598397851,1.0,1.0,1.0,1.0,9.215932914046123e-06,1.0625,0.0,2.0,hard|medium|easy
test,0,6,227,32,0.5331109799881233,121.11308527299843,878.373110104003,0.009635179303586483,1.0,1.0,1.0,1.0,9.207547169811322e-06,1.09375,0.0,2.0,hard|medium|easy
test,0,6,228,32,0.5322371310030576,121.64584342199669,878.9058682379982,0.0003300589742138982,1.0,1.0,1.0,1.0,9.19916142557652e-06,0.9375,0.0,2.0,easy|hard|medium
test,0,6,229,32,0.5335244659945602,122.17984766399604,879.439872486997,0.00029990170150995255,1.0,1.0,1.0,1.0,9.19077568134172e-06,1.1875,0.0,2.0,medium|hard|easy
test,0,6,230,32,0.5321275559981586,122.71250401799625,879.9725289229973,0.00030066422186791897,1.0,1.0,1.0,1.0,9.182389937106919e-06,0.78125,0.0,2.0,hard|easy|medium
test,0,6,231,32,0.5323672090016771,123.24538123399543,880.5054060620023,0.009756880812346935,1.0,1.0,1.0,1.0,9.174004192872118e-06,0.875,0.0,2.0,easy|medium|hard
test,0,6,232,32,0.533490792993689,123.77939822500048,881.039423041002,0.00022438049199990928,1.0,1.0,1.0,1.0,9.165618448637316e-06,0.90625,0.0,2.0,easy|medium|hard
test,0,6,233,32,0.5322419340081979,124.31220973900054,881.5722345949907,0.0002914431970566511,1.0,1.0,1.0,1.0,9.157232704402516e-06,0.78125,0.0,2.0,medium|easy|hard
test,0,6,234,32,0.5320918369980063,124.84483459599141,882.104859457002,0.1967734545469284,0.9642857142857143,0.96875,0.9736842105263157,0.967967967967968,9.148846960167715e-06,0.96875,0.0,2.0,hard|easy|medium
test,0,6,235,32,0.5332705689943396,125.37863569699402,882.6386605299922,0.11459673941135406,0.9642857142857143,0.96875,0.9736842105263157,0.967967967967968,9.140461215932915e-06,1.03125,0.0,2.0,medium|easy|hard
test,0,6,236,32,0.53251897500013,125.91173591799452,883.1717607640021,0.00025038630701601505,1.0,1.0,1.0,1.0,9.132075471698113e-06,1.34375,0.0,2.0,hard|medium|easy
test,0,6,237,32,0.5320215259998804,126.44425511799636,883.7042799389892,0.00048803078243508935,1.0,1.0,1.0,1.0,9.123689727463314e-06,0.90625,0.0,2.0,hard|easy|medium
test,0,6,238,32,0.5331350759952329,126.97791855799733,884.237943382992,0.008476216346025467,1.0,1.0,1.0,1.0,9.115303983228512e-06,1.0625,0.0,2.0,medium|hard|easy
test,0,6,239,32,0.533110393997049,127.51163288600219,884.7716577120009,0.002658192068338394,1.0,1.0,1.0,1.0,9.106918238993712e-06,1.1875,0.0,2.0,hard|easy|medium
test,0,6,240,32,0.5317776140000205,128.04400594100298,885.30403075699,0.000443654804257676,1.0,1.0,1.0,1.0,9.09853249475891e-06,0.875,0.0,2.0,easy|hard|medium
test,0,6,241,32,0.5335746560012922,128.57819249600288,885.8382173979917,0.19524943828582764,0.9642857142857143,0.96875,0.9736842105263157,0.967967967967968,9.09014675052411e-06,1.125,0.0,2.0,hard|medium|easy
test,0,6,242,32,0.5321662119968096,129.1109151050041,886.3709400569933,0.0013732443330809474,1.0,1.0,1.0,1.0,9.08176100628931e-06,1.0,0.0,2.0,hard|medium|easy
test,0,6,243,32,0.5318640240002424,129.6433443089918,886.9033691239893,0.0004191292973700911,1.0,1.0,1.0,1.0,9.073375262054508e-06,0.625,0.0,2.0,easy|medium|hard
test,0,6,244,32,0.533235634007724,130.17716309899697,887.4371879410028,0.09106806665658951,0.9722222222222222,0.96875,0.9666666666666667,0.9684729064039409,9.064989517819706e-06,1.15625,0.0,2.0,easy|medium|hard
test,0,6,245,32,0.5325913790002232,130.71026637199975,887.9702911939967,0.035794977098703384,0.9782608695652174,0.96875,0.95,0.9625730994152046,9.056603773584907e-06,1.21875,0.0,2.0,easy|hard|medium
test,0,6,246,32,0.5318946539919125,131.2427026850055,888.5027274890017,0.010533557273447514,1.0,1.0,1.0,1.0,9.048218029350105e-06,1.09375,0.0,2.0,hard|easy|medium
test,0,6,247,32,0.5330432240007212,131.7762521340046,889.0362769579951,0.0003062541363760829,1.0,1.0,1.0,1.0,9.039832285115304e-06,1.3125,0.0,2.0,medium|hard|easy
test,0,6,248,32,0.5323554720089305,132.3090719460015,889.5690969110001,0.00024343318364117295,1.0,1.0,1.0,1.0,9.031446540880504e-06,1.09375,0.0,2.0,hard|easy|medium
test,0,6,249,32,0.5319202810060233,132.84154640100314,890.1015711979999,0.000745088851545006,1.0,1.0,1.0,1.0,9.023060796645702e-06,0.8125,0.0,2.0,easy|hard|medium
test,0,6,250,32,0.5329670619976241,133.3750813259976,890.635106139991,0.004234661348164082,1.0,1.0,1.0,1.0,9.014675052410902e-06,1.15625,0.0,2.0,hard|easy|medium
test,0,6,251,32,0.5320161050040042,133.90758626499155,891.1676111729903,0.0014117362443357706,1.0,1.0,1.0,1.0,9.006289308176101e-06,1.125,0.0,2.0,hard|medium|easy
test,0,6,252,32,0.5323639349953737,134.4404135109944,891.7004383289895,0.03229810297489166,0.9666666666666667,0.96875,0.9722222222222222,0.9684729064039409,8.997903563941301e-06,0.84375,0.0,2.0,easy|medium|hard
test,0,6,253,32,0.5330204860074446,134.97400958900107,892.2340344169934,0.00043873838149011135,1.0,1.0,1.0,1.0,8.9895178197065e-06,1.09375,0.0,2.0,easy|hard|medium
test,0,6,254,32,0.5325219210062642,135.50699741300195,892.7670222279994,0.00042864997521974146,1.0,1.0,1.0,1.0,8.9811320754717e-06,0.96875,0.0,2.0,easy|medium|hard
test,0,6,255,32,0.5325825930049177,136.04011303199513,893.3001378289919,0.00023851392325013876,1.0,1.0,1.0,1.0,8.972746331236898e-06,1.09375,0.0,2.0,easy|medium|hard
test,0,6,256,32,0.53313563199481,136.57386100800068,893.8338858179923,0.0003343981225043535,1.0,1.0,1.0,1.0,8.964360587002097e-06,0.8125,0.0,2.0,easy|medium|hard
test,0,6,257,32,0.532317092991434,137.1068155230023,894.3668404519995,0.000315273879095912,1.0,1.0,1.0,1.0,8.955974842767297e-06,1.09375,0.0,2.0,easy|medium|hard
test,0,6,258,32,0.532336499003577,137.6397135379957,894.8997383840033,0.000249618839006871,1.0,1.0,1.0,1.0,8.947589098532495e-06,0.84375,0.0,2.0,medium|easy|hard
test,0,6,259,32,0.5328767159953713,138.17314441599592,895.4331692260021,0.00021717019262723625,1.0,1.0,1.0,1.0,8.939203354297694e-06,0.84375,0.0,2.0,hard|easy|medium
test,0,6,260,32,0.5322483319905587,138.70589001900225,895.9659148329956,0.0006323708221316338,1.0,1.0,1.0,1.0,8.930817610062894e-06,1.09375,0.0,2.0,hard|easy|medium
test,0,6,261,32,0.5320562200067798,139.23884750499565,896.4988723290007,0.0002343669766560197,1.0,1.0,1.0,1.0,8.922431865828093e-06,0.96875,0.0,2.0,medium|easy|hard
test,0,6,262,32,0.5330326050025178,139.77230973399128,897.0323345689976,0.07747263461351395,0.9583333333333333,0.96875,0.9761904761904762,0.9660657476139979,8.914046121593291e-06,0.9375,0.0,2.0,hard|easy|medium
test,0,6,263,32,0.5317372110002907,140.30448731599608,897.5645124189905,0.00024773780023679137,1.0,1.0,1.0,1.0,8.905660377358491e-06,0.9375,0.0,2.0,easy|hard|medium
test,0,6,264,32,0.5319471109978622,140.83683124500385,898.0968560799956,0.0002956136886496097,1.0,1.0,1.0,1.0,8.89727463312369e-06,1.28125,0.0,2.0,medium|hard|easy
test,0,6,265,6,0.16018946300027892,140.9975044610037,898.257529273993,0.013454210944473743,1.0,1.0,1.0,1.0,8.888888888888888e-06,1.6666667461395264,1.0,2.0,medium|hard
test,0,7,1,32,0.5347450859990204,0.6187543330015615,909.334113031,0.00024138175649568439,1.0,1.0,1.0,1.0,8.880503144654088e-06,1.15625,0.0,2.0,easy|hard|medium
test,0,7,2,32,0.5327639739989536,1.152254068001639,909.8676094190014,0.00022700305271428078,1.0,1.0,1.0,1.0,8.872117400419287e-06,1.09375,0.0,2.0,easy|hard|medium
test,0,7,3,32,0.5314660310104955,1.6843369440030074,910.3996922270017,0.000229869139729999,1.0,1.0,1.0,1.0,8.863731656184487e-06,0.84375,0.0,2.0,easy|medium|hard
test,0,7,4,32,0.5328291640034877,2.217726141010644,910.9330814220011,0.25596076250076294,0.9666666666666667,0.96875,0.9722222222222222,0.9684729064039409,8.855345911949687e-06,0.90625,0.0,2.0,hard|medium|easy
test,0,7,5,32,0.5319435020064702,2.750258522006334,911.4656138680002,0.00022863576305098832,1.0,1.0,1.0,1.0,8.846960167714886e-06,1.25,0.0,2.0,medium|hard|easy
test,0,7,6,32,0.5310960250062635,3.2818819640087895,911.9972372310003,0.00022253033239394426,1.0,1.0,1.0,1.0,8.838574423480084e-06,0.8125,0.0,2.0,medium|easy|hard
test,0,7,7,32,0.5334046770003624,3.8158889550104504,912.5312442419963,0.001100448309443891,1.0,1.0,1.0,1.0,8.830188679245285e-06,1.0,0.0,2.0,hard|easy|medium
test,0,7,8,32,0.53263945299841,4.3490934550063685,913.0644487279933,0.003694874932989478,1.0,1.0,1.0,1.0,8.821802935010483e-06,0.875,0.0,2.0,medium|hard|easy
test,0,7,9,32,0.5314166669995757,4.881096294004237,913.5964516559907,0.00022218984668143094,1.0,1.0,1.0,1.0,8.813417190775682e-06,0.78125,0.0,2.0,easy|hard|medium
test,0,7,10,32,0.5333880739926826,5.4150735340081155,914.1304288289975,0.0004545896372292191,1.0,1.0,1.0,1.0,8.805031446540882e-06,1.0625,0.0,2.0,hard|medium|easy
test,0,7,11,32,0.5331424059986603,5.948784111998975,914.6641393949976,0.00023096583026926965,1.0,1.0,1.0,1.0,8.79664570230608e-06,1.0,0.0,2.0,medium|hard|easy
test,0,7,12,32,0.5321068390039727,6.481438793998677,915.1967940679897,0.0014445849228650331,1.0,1.0,1.0,1.0,8.788259958071279e-06,1.15625,0.0,2.0,hard|easy|medium
test,0,7,13,32,0.5332693490054226,7.015237332001561,915.730592605003,0.00024023916921578348,1.0,1.0,1.0,1.0,8.779874213836479e-06,1.0625,0.0,2.0,easy|hard|medium
test,0,7,14,32,0.5325130429991987,7.548328484001104,916.2636837729951,0.0001988621661439538,1.0,1.0,1.0,1.0,8.771488469601677e-06,0.875,0.0,2.0,hard|easy|medium
test,0,7,15,32,0.5315942739980528,8.080527067009825,916.7958823869994,0.005281765013933182,1.0,1.0,1.0,1.0,8.763102725366876e-06,0.9375,0.0,2.0,hard|medium|easy
test,0,7,16,32,0.5331029299995862,8.614217267007916,917.3295725569915,0.0002395895280642435,1.0,1.0,1.0,1.0,8.754716981132076e-06,1.125,0.0,2.0,medium|hard|easy
test,0,7,17,32,0.5322439729934558,9.14698943500116,917.862344772002,0.0002341866202186793,1.0,1.0,1.0,1.0,8.746331236897275e-06,1.09375,0.0,2.0,medium|easy|hard
test,0,7,18,32,0.5316380339936586,9.679231558009633,918.3945868339943,0.0002425267011858523,1.0,1.0,1.0,1.0,8.737945492662475e-06,1.125,0.0,2.0,hard|medium|easy
test,0,7,19,32,0.5327609339874471,10.212612082003034,918.9279673629935,0.0002435834176139906,1.0,1.0,1.0,1.0,8.729559748427673e-06,0.84375,0.0,2.0,medium|easy|hard
test,0,7,20,32,0.5324506509932689,10.745589121012017,919.4609444149974,0.025429079309105873,0.9666666666666667,0.96875,0.9722222222222222,0.9684729064039409,8.721174004192873e-06,0.90625,0.0,2.0,medium|easy|hard
test,0,7,21,32,0.530960273987148,11.277061840999522,919.9924171149905,0.0004716152907349169,1.0,1.0,1.0,1.0,8.712788259958072e-06,0.875,0.0,2.0,medium|easy|hard
test,0,7,22,32,0.5328309060132597,11.810499767001602,920.5258550459985,0.000256225757766515,1.0,1.0,1.0,1.0,8.704402515723272e-06,0.71875,0.0,2.0,easy|hard|medium
test,0,7,23,32,0.5325303529971279,12.343481379008153,921.0588366709999,0.0034382205922156572,1.0,1.0,1.0,1.0,8.69601677148847e-06,0.9375,0.0,2.0,hard|medium|easy
test,0,7,24,32,0.5319987809925806,12.876021686999593,921.5913769909967,0.0432865247130394,0.9666666666666667,0.96875,0.9722222222222222,0.9684729064039409,8.687631027253669e-06,1.0625,0.0,2.0,hard|medium|easy
test,0,7,25,32,0.533131168995169,13.409681187011302,922.1250365789892,0.00019490259001031518,1.0,1.0,1.0,1.0,8.67924528301887e-06,0.875,0.0,2.0,easy|hard|medium
test,0,7,26,32,0.5326025469985325,13.942839947005268,922.6581952309934,0.00026933837216347456,1.0,1.0,1.0,1.0,8.670859538784068e-06,0.90625,0.0,2.0,hard|easy|medium
test,0,7,27,32,0.5325226489949273,14.47596048899868,923.1913158620009,0.0412646159529686,0.9722222222222222,0.96875,0.9666666666666667,0.9684729064039409,8.662473794549266e-06,1.28125,0.0,2.0,hard|easy|medium
test,0,7,28,32,0.5332604130089749,15.00980199300102,923.7251572829991,0.00030326296109706163,1.0,1.0,1.0,1.0,8.654088050314466e-06,0.875,0.0,2.0,easy|hard|medium
test,0,7,29,32,0.5331292610062519,15.54347982100444,924.2588351129962,0.002540083136409521,1.0,1.0,1.0,1.0,8.645702306079665e-06,1.0625,0.0,2.0,easy|hard|medium
test,0,7,30,32,0.531632329992135,16.07565565800178,924.7910109499935,0.00025341290165670216,1.0,1.0,1.0,1.0,8.637316561844863e-06,1.0,0.0,2.0,easy|hard|medium
test,0,7,31,32,0.5329358730086824,16.609107416006736,925.3244627149979,0.0008729253313504159,1.0,1.0,1.0,1.0,8.628930817610064e-06,0.90625,0.0,2.0,medium|hard|easy
test,0,7,32,32,0.5322240200039232,17.14187961400603,925.857234887997,0.13123026490211487,0.9666666666666667,0.96875,0.9722222222222222,0.9684729064039409,8.620545073375262e-06,1.09375,0.0,2.0,hard|medium|easy
test,0,7,33,32,0.5320216109976172,17.6744491999998,926.3898044899979,0.0003562650235835463,1.0,1.0,1.0,1.0,8.612159329140462e-06,0.96875,0.0,2.0,easy|medium|hard
test,0,7,34,32,0.5330093939992366,18.20800731801137,926.9233626289933,0.05368505045771599,0.9615384615384616,0.96875,0.975,0.9671794871794872,8.60377358490566e-06,0.84375,0.0,2.0,easy|hard|medium
test,0,7,35,32,0.5323758119920967,18.740917449002154,927.4562728110031,0.0006585117080248892,1.0,1.0,1.0,1.0,8.595387840670861e-06,0.96875,0.0,2.0,medium|hard|easy
test,0,7,36,32,0.5320237990090391,19.27344747701136,927.9888028760033,0.00019173823238816112,1.0,1.0,1.0,1.0,8.58700209643606e-06,1.15625,0.0,2.0,medium|hard|easy
test,0,7,37,32,0.5330717489996459,19.807096163000097,928.5224514610018,0.00021317723440006375,1.0,1.0,1.0,1.0,8.57861635220126e-06,0.9375,0.0,2.0,hard|easy|medium
test,0,7,38,32,0.5321403650013963,20.339792056998704,929.0551473369997,0.0004279782297089696,1.0,1.0,1.0,1.0,8.570230607966458e-06,1.09375,0.0,2.0,hard|medium|easy
test,0,7,39,32,0.5319871440005954,20.872338587010745,929.587693879992,0.00472178915515542,1.0,1.0,1.0,1.0,8.561844863731657e-06,0.9375,0.0,2.0,hard|medium|easy
test,0,7,40,32,0.5333018060046015,21.406251638007234,930.1216069090005,0.030000247061252594,0.975,0.96875,0.9615384615384616,0.9671794871794872,8.553459119496857e-06,1.21875,0.0,2.0,easy|hard|medium
test,0,7,41,32,0.5320498190121725,21.93892927801062,930.6542845489894,0.0005037360824644566,1.0,1.0,1.0,1.0,8.545073375262055e-06,0.78125,0.0,2.0,easy|hard|medium
test,0,7,42,32,0.5320372489950387,22.47150253500149,931.1868578129943,0.012907861731946468,1.0,1.0,1.0,1.0,8.536687631027254e-06,0.96875,0.0,2.0,easy|hard|medium
test,0,7,43,32,0.5332142490078695,23.005283266000333,931.7206385379977,0.00022313845693133771,1.0,1.0,1.0,1.0,8.528301886792454e-06,1.125,0.0,2.0,easy|medium|hard
test,0,7,44,32,0.5327358640060993,23.538563534006244,932.2539189090021,0.00017769396072253585,1.0,1.0,1.0,1.0,8.519916142557652e-06,1.03125,0.0,2.0,easy|hard|medium
test,0,7,45,32,0.5325844769977266,24.07167250099883,932.7870277960028,0.0003558986645657569,1.0,1.0,1.0,1.0,8.511530398322851e-06,0.8125,0.0,2.0,medium|easy|hard
test,0,7,46,32,0.5331747759919381,24.60536620300263,933.3207214909926,0.00021574259153567255,1.0,1.0,1.0,1.0,8.503144654088051e-06,0.9375,0.0,2.0,hard|medium|easy
test,0,7,47,32,0.5322034580021864,25.13809284400486,933.8534481980023,0.0003155834274366498,1.0,1.0,1.0,1.0,8.49475890985325e-06,0.9375,0.0,2.0,easy|medium|hard
test,0,7,48,32,0.5318778780056164,25.670537152007455,934.3858924520027,0.0001826826628530398,1.0,1.0,1.0,1.0,8.486373165618448e-06,0.9375,0.0,2.0,easy|medium|hard
test,0,7,49,32,0.5332204669975908,26.204357731010532,934.9197130480024,0.00029289795202203095,1.0,1.0,1.0,1.0,8.477987421383648e-06,1.09375,0.0,2.0,easy|medium|hard
test,0,7,50,32,0.5324303709930973,26.737343943008455,935.4526992199972,0.0001654436346143484,1.0,1.0,1.0,1.0,8.469601677148847e-06,1.21875,0.0,2.0,medium|hard|easy
test,0,7,51,32,0.5313385449990164,27.269274981008493,935.9846303079976,0.00018355832435190678,1.0,1.0,1.0,1.0,8.461215932914047e-06,0.875,0.0,2.0,medium|easy|hard
test,0,7,52,32,0.5328860830049962,27.80277880000358,936.5181341169955,0.00017487656441517174,1.0,1.0,1.0,1.0,8.452830188679245e-06,0.875,0.0,2.0,easy|medium|hard
test,0,7,53,32,0.5328298959939275,28.33610146099818,937.051456753994,0.00019153767789248377,1.0,1.0,1.0,1.0,8.444444444444446e-06,1.28125,0.0,2.0,easy|hard|medium
test,0,7,54,32,0.5322118299955036,28.868870117003098,937.5842254439922,0.00044568354496732354,1.0,1.0,1.0,1.0,8.436058700209644e-06,1.0,0.0,2.0,hard|medium|easy
test,0,7,55,32,0.5327117749984609,29.40214628400281,938.1175015710032,0.0009580896585248411,1.0,1.0,1.0,1.0,8.427672955974844e-06,1.15625,0.0,2.0,hard|medium|easy
test,0,7,56,32,0.5320787750097224,29.93482146700262,938.6501767369919,0.00015752299805171788,1.0,1.0,1.0,1.0,8.419287211740043e-06,0.625,0.0,2.0,easy|medium|hard
test,0,7,57,32,0.5322788030025549,30.467566698003793,939.182921981992,0.12051236629486084,0.9666666666666667,0.96875,0.9722222222222222,0.9684729064039409,8.410901467505241e-06,1.09375,0.0,2.0,easy|hard|medium
test,0,7,58,32,0.5331272859912133,31.00130313100817,939.7166584359948,0.00022331617947202176,1.0,1.0,1.0,1.0,8.402515723270442e-06,1.15625,0.0,2.0,hard|easy|medium
test,0,7,59,32,0.5323028249986237,31.534180758011644,940.2495362629998,0.00020246303756721318,1.0,1.0,1.0,1.0,8.39412997903564e-06,1.0,0.0,2.0,easy|hard|medium
test,0,7,60,32,0.5322283080022316,32.06701015200815,940.782365438994,0.00015774296480230987,1.0,1.0,1.0,1.0,8.385744234800838e-06,0.875,0.0,2.0,medium|easy|hard
test,0,7,61,32,0.5324244079965865,32.599943238004926,941.3152985329943,0.00029939800151623785,1.0,1.0,1.0,1.0,8.377358490566039e-06,1.03125,0.0,2.0,easy|medium|hard
test,0,7,62,32,0.5320164059958188,33.132485702997656,941.8478410429962,0.07977087795734406,0.9705882352941176,0.96875,0.96875,0.9687194525904204,8.368972746331237e-06,0.90625,0.0,2.0,easy|medium|hard
test,0,7,63,32,0.5324916670069797,33.66553440800635,942.3808897190029,0.09619439393281937,0.9736842105263157,0.96875,0.9642857142857143,0.967967967967968,8.360587002096436e-06,1.21875,0.0,2.0,medium|hard|easy
test,0,7,64,32,0.5327406770084053,34.19880352400651,942.9141588089988,0.00022835101117379963,1.0,1.0,1.0,1.0,8.352201257861636e-06,0.84375,0.0,2.0,medium|easy|hard
test,0,7,65,32,0.5325673800107324,34.731944169005146,943.4472994410025,0.00018788306624628603,1.0,1.0,1.0,1.0,8.343815513626834e-06,1.09375,0.0,2.0,medium|hard|easy
test,0,7,66,32,0.5323683729948243,35.26484144300048,943.9801967139938,0.0002759569906629622,1.0,1.0,1.0,1.0,8.335429769392035e-06,0.8125,0.0,2.0,hard|easy|medium
test,0,7,67,32,0.5327285890089115,35.79813367400493,944.5134889850015,0.001012501772493124,1.0,1.0,1.0,1.0,8.327044025157233e-06,1.15625,0.0,2.0,easy|hard|medium
test,0,7,68,32,0.5320715770067181,36.33079899501172,945.0461545529979,0.017589109018445015,1.0,1.0,1.0,1.0,8.318658280922433e-06,1.0,0.0,2.0,easy|hard|medium
test,0,7,69,32,0.5323580269905506,36.8637473990093,945.5791026869992,0.0006366873276419938,1.0,1.0,1.0,1.0,8.310272536687632e-06,0.75,0.0,2.0,hard|medium|easy
test,0,7,70,32,0.5333369169966318,37.397613692999585,946.112969305992,0.000346888555213809,1.0,1.0,1.0,1.0,8.301886792452832e-06,0.875,0.0,2.0,easy|medium|hard
test,0,7,71,32,0.5332429900008719,37.9314616870106,946.6468169619911,0.011412308551371098,1.0,1.0,1.0,1.0,8.29350104821803e-06,0.9375,0.0,2.0,easy|medium|hard
test,0,7,72,32,0.5324598000006517,38.464417379000224,947.1797726389923,0.24903294444084167,0.96875,0.96875,0.9705882352941176,0.9687194525904204,8.285115303983229e-06,1.0625,0.0,2.0,easy|hard|medium
test,0,7,73,32,0.5336868110025534,38.998700281998026,947.7140555590013,0.00015864134184084833,1.0,1.0,1.0,1.0,8.276729559748429e-06,1.09375,0.0,2.0,medium|hard|easy
test,0,7,74,32,0.5326064019900514,39.53178374499839,948.2471390379942,0.2739206552505493,0.9705882352941176,0.96875,0.96875,0.9687194525904204,8.268343815513628e-06,1.0625,0.0,2.0,hard|medium|easy
test,0,7,75,32,0.532654516006005,40.064993118998245,948.7803484169999,0.00020883575780317187,1.0,1.0,1.0,1.0,8.259958071278826e-06,0.96875,0.0,2.0,hard|easy|medium
test,0,7,76,32,0.5327144850016339,40.59818303299835,949.3135384039924,0.00018836522940546274,1.0,1.0,1.0,1.0,8.251572327044026e-06,0.875,0.0,2.0,medium|hard|easy
test,0,7,77,32,0.5323001309880055,41.13108794001164,949.8464432239998,0.00019871897529810667,1.0,1.0,1.0,1.0,8.243186582809225e-06,1.0625,0.0,2.0,easy|hard|medium
test,0,7,78,32,0.5324624560016673,41.664005905011436,950.379361275991,0.00018969885422848165,1.0,1.0,1.0,1.0,8.234800838574423e-06,1.25,0.0,2.0,hard|medium|easy
test,0,7,79,32,0.5333375750051346,42.19785753900942,950.9132128130004,0.00021103801555000246,1.0,1.0,1.0,1.0,8.226415094339623e-06,1.125,0.0,2.0,easy|medium|hard
test,0,7,80,32,0.531934408005327,42.73039248000714,951.4457477550022,0.00023450634034816176,1.0,1.0,1.0,1.0,8.218029350104822e-06,1.1875,0.0,2.0,hard|medium|easy
test,0,7,81,32,0.5329878219927195,43.263911030007876,951.9792664809938,0.0025602083187550306,1.0,1.0,1.0,1.0,8.209643605870022e-06,0.90625,0.0,2.0,hard|medium|easy
test,0,7,82,32,0.5333194480044767,43.797809411000344,952.5131647109956,0.00020114993094466627,1.0,1.0,1.0,1.0,8.20125786163522e-06,0.9375,0.0,2.0,hard|medium|easy
test,0,7,83,32,0.5329148700111546,44.33127382400562,953.0466291259945,0.0002019642706727609,1.0,1.0,1.0,1.0,8.19287211740042e-06,1.125,0.0,2.0,easy|medium|hard
test,0,7,84,32,0.5321365089912433,44.86402511601045,953.5793804089917,0.00023788049293216318,1.0,1.0,1.0,1.0,8.18448637316562e-06,1.03125,0.0,2.0,medium|easy|hard
test,0,7,85,32,0.5335087480052607,45.39813323300041,954.1134885170031,0.08246143907308578,0.96875,0.96875,0.9705882352941176,0.9687194525904204,8.17610062893082e-06,1.21875,0.0,2.0,hard|medium|easy
test,0,7,86,32,0.5320356120064389,45.93074198500835,954.6460972670029,0.0001814401475712657,1.0,1.0,1.0,1.0,8.167714884696018e-06,1.03125,0.0,2.0,hard|easy|medium
test,0,7,87,32,0.5326962620019913,46.46401877699827,955.1793741029978,0.0012805619044229388,1.0,1.0,1.0,1.0,8.159329140461216e-06,1.25,0.0,2.0,easy|hard|medium
test,0,7,88,32,0.5331386299949372,46.99767380200501,955.7130290969944,0.0002293704601470381,1.0,1.0,1.0,1.0,8.150943396226417e-06,1.03125,0.0,2.0,medium|hard|easy
test,0,7,89,32,0.5323177670070436,47.530554611003026,956.2459132009972,0.00025527316029183567,1.0,1.0,1.0,1.0,8.142557651991615e-06,0.84375,0.0,2.0,easy|medium|hard
test,0,7,90,32,0.5318810059980024,48.06300432000717,956.7783595819928,0.0007121702074073255,1.0,1.0,1.0,1.0,8.134171907756814e-06,0.8125,0.0,2.0,medium|easy|hard
test,0,7,91,32,0.5333160089940066,48.596859278011834,957.3122146069945,0.017980562523007393,1.0,1.0,1.0,1.0,8.125786163522014e-06,0.9375,0.0,2.0,hard|medium|easy
test,0,7,92,32,0.5323731319949729,49.129727874998935,957.8450831630034,0.0003820735146291554,1.0,1.0,1.0,1.0,8.117400419287212e-06,0.90625,0.0,2.0,medium|easy|hard
test,0,7,93,32,0.5319435400015209,49.66214276901155,958.3774980849994,0.0007435630541294813,1.0,1.0,1.0,1.0,8.10901467505241e-06,0.875,0.0,2.0,hard|medium|easy
test,0,7,94,32,0.5328779709961964,50.19553993000591,958.9108951959934,0.00021942940657027066,1.0,1.0,1.0,1.0,8.100628930817611e-06,0.8125,0.0,2.0,medium|easy|hard
test,0,7,95,32,0.532434483000543,50.72859855199931,959.4439541250031,0.06340131163597107,0.975,0.96875,0.9615384615384616,0.9671794871794872,8.09224318658281e-06,0.90625,0.0,2.0,easy|hard|medium
test,0,7,96,32,0.5328261889953865,51.26198747800663,959.9773427949985,0.0003468547365628183,1.0,1.0,1.0,1.0,8.083857442348008e-06,1.03125,0.0,2.0,hard|medium|easy
test,0,7,97,32,0.5334021839953493,51.79596488599782,960.5113201759959,0.0005026524886488914,1.0,1.0,1.0,1.0,8.075471698113208e-06,1.15625,0.0,2.0,easy|medium|hard
test,0,7,98,32,0.5322617450001417,52.32878899300704,961.0441442989977,0.00033938666456378996,1.0,1.0,1.0,1.0,8.067085953878407e-06,0.9375,0.0,2.0,medium|easy|hard
test,0,7,99,32,0.531620979993022,52.860965237006894,961.5763205039984,0.00020461446547415107,1.0,1.0,1.0,1.0,8.058700209643607e-06,0.6875,0.0,2.0,easy|hard|medium
test,0,7,100,32,0.532649434011546,53.39416725600313,962.1095226140023,0.49343371391296387,0.9230769230769231,0.9375,0.9523809523809523,0.9333333333333333,8.050314465408805e-06,1.0,0.0,2.0,medium|easy|hard
test,0,7,101,32,0.5326797669986263,53.92735959800484,962.64271486699,0.008740113116800785,1.0,1.0,1.0,1.0,8.041928721174005e-06,0.875,0.0,2.0,easy|medium|hard
test,0,7,102,32,0.5330375869962154,54.460993077009334,963.176348352994,0.2376948595046997,0.9736842105263157,0.96875,0.9642857142857143,0.967967967967968,8.033542976939204e-06,0.96875,0.0,2.0,hard|easy|medium
test,0,7,103,32,0.5333553029922768,54.99492157300119,963.7102768600016,0.00029721399187110364,1.0,1.0,1.0,1.0,8.025157232704404e-06,1.3125,0.0,2.0,hard|easy|medium
test,0,7,104,32,0.5323295679991134,55.52781514500384,964.2431704539922,0.00035134045174345374,1.0,1.0,1.0,1.0,8.016771488469603e-06,1.0625,0.0,2.0,easy|hard|medium
test,0,7,105,32,0.5317865240067476,56.06021008300013,964.7755654459907,0.0002609870571177453,1.0,1.0,1.0,1.0,8.008385744234801e-06,1.0,0.0,2.0,easy|medium|hard
test,0,7,106,32,0.5325917910085991,56.59328912300407,965.3086444049986,0.00030784023692831397,1.0,1.0,1.0,1.0,8.000000000000001e-06,1.21875,0.0,2.0,easy|medium|hard
test,0,7,107,32,0.5321889769984409,57.126068641999154,965.8414239249978,0.00032541347900405526,1.0,1.0,1.0,1.0,7.9916142557652e-06,0.96875,0.0,2.0,hard|easy|medium
test,0,7,108,32,0.5324580960004823,57.659091976005584,966.3744472699909,0.0002551580546423793,1.0,1.0,1.0,1.0,7.983228511530398e-06,1.0625,0.0,2.0,hard|medium|easy
test,0,7,109,32,0.5329428230033955,58.192492221001885,966.9078474869893,0.021325184032320976,1.0,1.0,1.0,1.0,7.974842767295599e-06,1.09375,0.0,2.0,hard|medium|easy
test,0,7,110,32,0.5327413920022082,58.72584179000114,967.4411970779911,0.0013879162725061178,1.0,1.0,1.0,1.0,7.966457023060797e-06,1.03125,0.0,2.0,easy|hard|medium
test,0,7,111,32,0.5324896999954944,59.25888578299782,967.9742410850013,0.0004884792142547667,1.0,1.0,1.0,1.0,7.958071278825995e-06,0.65625,0.0,2.0,easy|medium|hard
test,0,7,112,32,0.53320351500588,59.792606656003045,968.5079619519965,0.00028325419407337904,1.0,1.0,1.0,1.0,7.949685534591196e-06,1.09375,0.0,2.0,hard|medium|easy
test,0,7,113,32,0.5324049990013009,60.32556697400287,969.0409222619928,0.00034213889739476144,1.0,1.0,1.0,1.0,7.941299790356394e-06,0.78125,0.0,2.0,medium|easy|hard
test,0,7,114,32,0.5322548450058093,60.85840849801025,969.5737637769926,0.0002803332463372499,1.0,1.0,1.0,1.0,7.932914046121594e-06,0.8125,0.0,2.0,medium|hard|easy
test,0,7,115,32,0.5331226169946603,61.39213344499876,970.1074887290015,0.000898292229976505,1.0,1.0,1.0,1.0,7.924528301886793e-06,0.8125,0.0,2.0,medium|easy|hard
test,0,7,116,32,0.5327540660073282,61.92545623501064,970.6408115219965,0.013302866369485855,1.0,1.0,1.0,1.0,7.916142557651993e-06,0.84375,0.0,2.0,easy|medium|hard
test,0,7,117,32,0.5321544129983522,62.45814806201088,971.1735033409932,0.00038357602898031473,1.0,1.0,1.0,1.0,7.907756813417192e-06,0.875,0.0,2.0,easy|hard|medium
test,0,7,118,32,0.532850083996891,62.99159725201025,971.7069525279949,0.0006405004533007741,1.0,1.0,1.0,1.0,7.899371069182392e-06,0.8125,0.0,2.0,hard|medium|easy
test,0,7,119,32,0.5326094369956991,63.52474444999825,972.2400998559897,0.0003263156395405531,1.0,1.0,1.0,1.0,7.89098532494759e-06,0.9375,0.0,2.0,medium|easy|hard
test,0,7,120,32,0.5320784909999929,64.05742935099988,972.7727846979978,0.07025126367807388,0.9722222222222222,0.96875,0.9666666666666667,0.9684729064039409,7.882599580712789e-06,0.96875,0.0,2.0,medium|hard|easy
test,0,7,121,32,0.535371904989006,64.59339832099795,973.3087536160019,0.00024364878481719643,1.0,1.0,1.0,1.0,7.874213836477989e-06,1.15625,0.0,2.0,hard|easy|medium
test,0,7,122,32,0.5332107209978858,65.1275395249977,973.8428948200017,0.13584204018115997,0.9615384615384616,0.96875,0.975,0.9671794871794872,7.865828092243187e-06,1.46875,0.0,2.0,hard|medium|easy
test,0,7,123,32,0.5313995979959145,65.65939711401006,974.3747524100036,0.00028412428218871355,1.0,1.0,1.0,1.0,7.857442348008386e-06,0.8125,0.0,2.0,easy|medium|hard
test,0,7,124,32,0.5330370269948617,66.192966927003,974.9083225149952,0.00033797029755078256,1.0,1.0,1.0,1.0,7.849056603773586e-06,1.1875,0.0,2.0,medium|hard|easy
test,0,7,125,32,0.5320116369985044,66.7255311379995,975.4408864129946,0.00022554716269951314,1.0,1.0,1.0,1.0,7.840670859538785e-06,0.8125,0.0,2.0,hard|easy|medium
test,0,7,126,32,0.5321874789951835,67.25827283800754,975.9736281099904,0.14730478823184967,0.9722222222222222,0.96875,0.9666666666666667,0.9684729064039409,7.832285115303983e-06,1.34375,0.0,2.0,hard|medium|easy
test,0,7,127,32,0.5330395970086101,67.79190969800402,976.5072649599897,0.00045687431702390313,1.0,1.0,1.0,1.0,7.823899371069183e-06,0.78125,0.0,2.0,hard|medium|easy
test,0,7,128,32,0.5323059960064711,68.32477330999973,977.0401285760017,0.00024269756977446377,1.0,1.0,1.0,1.0,7.815513626834382e-06,0.84375,0.0,2.0,easy|medium|hard
test,0,7,129,32,0.5319625609990908,68.85733395500574,977.572689351,0.0002271370030939579,1.0,1.0,1.0,1.0,7.807127882599582e-06,1.03125,0.0,2.0,easy|medium|hard
test,0,7,130,32,0.5330408440058818,69.39091802301118,978.106273308993,0.00042608834337443113,1.0,1.0,1.0,1.0,7.79874213836478e-06,1.125,0.0,2.0,easy|hard|medium
test,0,7,131,32,0.532294432996423,69.92380071000662,978.6391559929907,0.0003129615797661245,1.0,1.0,1.0,1.0,7.79035639412998e-06,1.0625,0.0,2.0,hard|medium|easy
test,0,7,132,32,0.5321291269938229,70.45651078999799,979.1718661100022,0.0003916148270945996,1.0,1.0,1.0,1.0,7.781970649895179e-06,1.1875,0.0,2.0,hard|medium|easy
test,0,7,133,32,0.5335124470002484,70.99067383501097,979.7060291349917,0.00024622282944619656,1.0,1.0,1.0,1.0,7.77358490566038e-06,0.90625,0.0,2.0,easy|medium|hard
test,0,7,134,32,0.532448165002279,71.52364492700144,980.2390002109896,0.00021991382527630776,1.0,1.0,1.0,1.0,7.765199161425578e-06,1.125,0.0,2.0,easy|hard|medium
test,0,7,135,32,0.5323225289903348,72.05650287499884,980.7718581450026,0.002839579014107585,1.0,1.0,1.0,1.0,7.756813417190776e-06,1.0625,0.0,2.0,hard|easy|medium
test,0,7,136,32,0.5330185269995127,72.59015159199771,981.3055068679969,0.000271691387752071,1.0,1.0,1.0,1.0,7.748427672955976e-06,1.03125,0.0,2.0,hard|medium|easy
test,0,7,137,32,0.5325823690072866,73.12329687400779,981.8386525359965,0.0005032450426369905,1.0,1.0,1.0,1.0,7.740041928721175e-06,0.875,0.0,2.0,medium|hard|easy
test,0,7,138,32,0.5321594819979509,73.65592334901157,982.3712786249962,0.0002910935436375439,1.0,1.0,1.0,1.0,7.731656184486373e-06,0.875,0.0,2.0,hard|easy|medium
test,0,7,139,32,0.5331191519944696,74.1896624200017,982.9050177309982,0.00020055830827914178,1.0,1.0,1.0,1.0,7.723270440251574e-06,0.9375,0.0,2.0,easy|hard|medium
test,0,7,140,32,0.5329023950034752,74.72317484700761,983.4385301290022,0.0004881166387349367,1.0,1.0,1.0,1.0,7.714884696016772e-06,0.96875,0.0,2.0,easy|medium|hard
test,0,7,141,32,0.5325508679961786,75.25620236500981,983.9715576369927,0.0001884845842141658,1.0,1.0,1.0,1.0,7.70649895178197e-06,0.84375,0.0,2.0,easy|medium|hard
test,0,7,142,32,0.5327913390065078,75.78960962699784,984.5049649479915,0.0004930701106786728,1.0,1.0,1.0,1.0,7.69811320754717e-06,0.96875,0.0,2.0,medium|hard|easy
test,0,7,143,32,0.5324575389968231,76.32258969800023,985.0379449869943,0.00020852878515142947,1.0,1.0,1.0,1.0,7.68972746331237e-06,0.8125,0.0,2.0,medium|easy|hard
test,0,7,144,32,0.5319932269921992,76.85517586801143,985.5705311389902,0.005427119322121143,1.0,1.0,1.0,1.0,7.681341719077568e-06,1.0,0.0,2.0,medium|easy|hard
test,0,7,145,32,0.5331065169884823,77.38882302300772,986.1041783199908,0.13471922278404236,0.9705882352941176,0.96875,0.96875,0.9687194525904204,7.672955974842768e-06,1.125,0.0,2.0,medium|hard|easy
test,0,7,146,32,0.5325660330126993,77.92185797001002,986.6372133050027,0.21207256615161896,0.9722222222222222,0.96875,0.9666666666666667,0.9684729064039409,7.664570230607966e-06,1.0625,0.0,2.0,medium|easy|hard
test,0,7,147,32,0.5319277980015613,78.45431765900867,987.1696729359974,0.00021380886028055102,1.0,1.0,1.0,1.0,7.656184486373167e-06,1.0625,0.0,2.0,hard|medium|easy
test,0,7,148,32,0.5327120440051658,78.98758224199992,987.7029375049897,0.00019059921032749116,1.0,1.0,1.0,1.0,7.647798742138365e-06,1.03125,0.0,2.0,easy|hard|medium
test,0,7,149,32,0.5321025730081601,79.52020361000905,988.2355588889914,0.004390166141092777,1.0,1.0,1.0,1.0,7.639412997903565e-06,1.125,0.0,2.0,easy|medium|hard
test,0,7,150,32,0.531986424990464,80.05277784600912,988.7681331350032,0.0006128420354798436,1.0,1.0,1.0,1.0,7.631027253668764e-06,1.0,0.0,2.0,hard|medium|easy
test,0,7,151,32,0.5331654570036335,80.58654693700373,989.3019022049994,0.0001719535212032497,1.0,1.0,1.0,1.0,7.622641509433963e-06,0.875,0.0,2.0,medium|hard|easy
test,0,7,152,32,0.5324063449952519,81.11947631000658,989.8348315769981,0.00030290172435343266,1.0,1.0,1.0,1.0,7.6142557651991625e-06,0.96875,0.0,2.0,easy|medium|hard
test,0,7,153,32,0.5318877469981089,81.65191011200659,990.3672653899994,0.0024960730224847794,1.0,1.0,1.0,1.0,7.605870020964361e-06,0.84375,0.0,2.0,easy|medium|hard
test,0,7,154,32,0.5328240500093671,82.18530288500187,990.9006581580034,0.004795588552951813,1.0,1.0,1.0,1.0,7.597484276729561e-06,1.03125,0.0,2.0,easy|hard|medium
test,0,7,155,32,0.5325474530109204,82.71835671000008,991.4337119849952,0.03551044687628746,0.9736842105263157,0.96875,0.9642857142857143,0.967967967967968,7.58909853249476e-06,1.1875,0.0,2.0,medium|easy|hard
test,0,7,156,32,0.5319758140103659,83.25091247999808,991.9662677809974,0.0001903913653222844,1.0,1.0,1.0,1.0,7.580712788259958e-06,1.03125,0.0,2.0,easy|medium|hard
test,0,7,157,32,0.5330839180096518,83.78454839000187,992.4999038259994,0.0007954604807309806,1.0,1.0,1.0,1.0,7.572327044025158e-06,1.0,0.0,2.0,hard|easy|medium
test,0,7,158,32,0.5324686349922558,84.31753982500231,993.0328954059951,0.0001833645801525563,1.0,1.0,1.0,1.0,7.563941299790357e-06,0.9375,0.0,2.0,medium|easy|hard
test,0,7,159,32,0.532804621005198,84.85094604401093,993.5663013259909,0.07848388701677322,0.9761904761904762,0.96875,0.9583333333333333,0.9660657476139979,7.555555555555556e-06,1.1875,0.0,2.0,hard|easy|medium
test,0,7,160,32,0.5334488389926264,85.38486353600456,994.1002188449929,0.0015466395998373628,1.0,1.0,1.0,1.0,7.5471698113207555e-06,0.90625,0.0,2.0,hard|easy|medium
test,0,7,161,32,0.5325109789991984,85.9179500760074,994.6333053619892,0.0003698547661770135,1.0,1.0,1.0,1.0,7.538784067085955e-06,0.8125,0.0,2.0,hard|easy|medium
test,0,7,162,32,0.5316243370034499,86.45001231900824,995.1653676610003,0.0002247833472210914,1.0,1.0,1.0,1.0,7.530398322851153e-06,1.1875,0.0,2.0,hard|easy|medium
test,0,7,163,32,0.5328320889966562,86.98346553101146,995.6988208109979,0.1888323575258255,0.9722222222222222,0.96875,0.9666666666666667,0.9684729064039409,7.5220125786163535e-06,0.78125,0.0,2.0,hard|medium|easy
test,0,7,164,32,0.532300803999533,87.51631688700581,996.2316721969983,0.00025660201208665967,1.0,1.0,1.0,1.0,7.513626834381552e-06,1.09375,0.0,2.0,easy|hard|medium
test,0,7,165,32,0.5326437479961896,88.04959944200527,996.7649547109904,0.0003684950643219054,1.0,1.0,1.0,1.0,7.505241090146751e-06,0.84375,0.0,2.0,medium|easy|hard
test,0,7,166,32,0.5332267359917751,88.58342106700002,997.2987763749989,0.0001696660474408418,1.0,1.0,1.0,1.0,7.49685534591195e-06,0.9375,0.0,2.0,easy|hard|medium
test,0,7,167,32,0.5323959480010672,89.11635311800637,997.8317083919974,0.13830283284187317,0.9615384615384616,0.96875,0.975,0.9671794871794872,7.48846960167715e-06,1.03125,0.0,2.0,medium|easy|hard
test,0,7,168,32,0.5317238340066979,89.64857905299868,998.3639343449904,0.020931173115968704,1.0,1.0,1.0,1.0,7.4800838574423485e-06,1.1875,0.0,2.0,easy|hard|medium
test,0,7,169,32,0.5333553310047137,90.18249440799991,998.8978496950003,0.0008717845776118338,1.0,1.0,1.0,1.0,7.471698113207547e-06,1.03125,0.0,2.0,easy|medium|hard
test,0,7,170,32,0.532615029005683,90.71556785301073,999.4309231209918,0.0002957911929115653,1.0,1.0,1.0,1.0,7.463312368972747e-06,1.09375,0.0,2.0,hard|medium|easy
test,0,7,171,32,0.5323521149985027,91.2483699870063,999.9637253219989,0.000229069686611183,1.0,1.0,1.0,1.0,7.454926624737946e-06,1.0625,0.0,2.0,hard|medium|easy
test,0,7,172,32,0.5332486080005765,91.78219408700534,1000.49754936299,0.00021690025459975004,1.0,1.0,1.0,1.0,7.446540880503145e-06,1.125,0.0,2.0,hard|easy|medium
test,0,7,173,32,0.5323945999989519,92.3151810420095,1001.0305363279913,0.22696655988693237,0.9583333333333333,0.96875,0.9761904761904762,0.9660657476139979,7.438155136268344e-06,0.9375,0.0,2.0,medium|hard|easy
test,0,7,174,32,0.5322145889949752,92.84804425601033,1001.5633995629905,0.00038204819429665804,1.0,1.0,1.0,1.0,7.429769392033544e-06,0.96875,0.0,2.0,easy|hard|medium
test,0,7,175,32,0.5330663929926232,93.38168007601053,1002.0970353540033,0.00024569881497882307,1.0,1.0,1.0,1.0,7.421383647798742e-06,1.28125,0.0,2.0,hard|medium|easy
test,0,7,176,32,0.5331481460016221,93.91539065100369,1002.6307460509997,0.00027887418400496244,1.0,1.0,1.0,1.0,7.412997903563942e-06,1.09375,0.0,2.0,easy|hard|medium
test,0,7,177,32,0.5325507920060772,94.44854384400242,1003.1638991249929,0.0002731319982558489,1.0,1.0,1.0,1.0,7.404612159329141e-06,1.09375,0.0,2.0,hard|easy|medium
test,0,7,178,32,0.5331906539940974,94.98234666400822,1003.6977019350015,0.00033945549512282014,1.0,1.0,1.0,1.0,7.396226415094339e-06,1.09375,0.0,2.0,hard|medium|easy
test,0,7,179,32,0.5324766450066818,95.51538778000395,1004.2307430560031,0.00027262329240329564,1.0,1.0,1.0,1.0,7.3878406708595396e-06,1.125,0.0,2.0,hard|easy|medium
test,0,7,180,32,0.532277788995998,96.04826175099879,1004.76361704999,0.00030635451548732817,1.0,1.0,1.0,1.0,7.379454926624738e-06,1.0625,0.0,2.0,easy|hard|medium
test,0,7,181,32,0.533146248999401,96.58188974900986,1005.2972450279922,0.0017250704113394022,1.0,1.0,1.0,1.0,7.371069182389937e-06,1.3125,0.0,2.0,hard|easy|medium
test,0,7,182,32,0.5323532049951609,97.11477788300544,1005.8301332739939,0.00042730552377179265,1.0,1.0,1.0,1.0,7.362683438155137e-06,0.90625,0.0,2.0,easy|hard|medium
test,0,7,183,32,0.5320350940019125,97.6474775460083,1006.3628329899948,0.00027812598273158073,1.0,1.0,1.0,1.0,7.354297693920336e-06,0.96875,0.0,2.0,medium|hard|easy
test,0,7,184,32,0.5334957930026576,98.18157956900541,1006.8969349449908,0.00035977925290353596,1.0,1.0,1.0,1.0,7.3459119496855346e-06,1.03125,0.0,2.0,medium|hard|easy
test,0,7,185,32,0.5321537540003192,98.71424015700177,1007.4295954150002,0.0033033399377018213,1.0,1.0,1.0,1.0,7.337526205450735e-06,1.03125,0.0,2.0,hard|easy|medium
test,0,7,186,32,0.5319945180090144,99.24672458000714,1007.9620798859978,0.00022600183729082346,1.0,1.0,1.0,1.0,7.329140461215933e-06,1.21875,0.0,2.0,easy|medium|hard
test,0,7,187,32,0.5326928360009333,99.78001854900504,1008.495373836995,0.0003191698924638331,1.0,1.0,1.0,1.0,7.3207547169811326e-06,0.6875,0.0,2.0,easy|hard|medium
test,0,7,188,32,0.5324599490122637,100.31299811000645,1009.0283534030023,0.008234214037656784,1.0,1.0,1.0,1.0,7.312368972746332e-06,1.03125,0.0,2.0,hard|medium|easy
test,0,7,189,32,0.5317884160031099,100.8453673490003,1009.5607226309949,0.0003374554798938334,1.0,1.0,1.0,1.0,7.303983228511531e-06,0.71875,0.0,2.0,medium|hard|easy
test,0,7,190,32,0.5331173649901757,101.37901939700532,1010.0943746839912,0.00043271956383250654,1.0,1.0,1.0,1.0,7.29559748427673e-06,1.125,0.0,2.0,easy|hard|medium
test,0,7,191,32,0.5321879900002386,101.91175662400201,1010.6271119519952,0.0003640364157035947,1.0,1.0,1.0,1.0,7.28721174004193e-06,0.8125,0.0,2.0,hard|medium|easy
test,0,7,192,32,0.5322548459953396,102.44459008100966,1011.1599453590024,0.00027884775772690773,1.0,1.0,1.0,1.0,7.2788259958071284e-06,1.0,0.0,2.0,medium|easy|hard
test,0,7,193,32,0.5327911269996548,102.97794242401142,1011.6932977050019,0.1341334730386734,0.9705882352941176,0.96875,0.96875,0.9687194525904204,7.270440251572327e-06,0.71875,0.0,2.0,hard|easy|medium
test,0,7,194,32,0.5323574009962613,103.51087582000764,1012.2262311279919,0.00032473006285727024,1.0,1.0,1.0,1.0,7.262054507337527e-06,0.84375,0.0,2.0,hard|medium|easy
test,0,7,195,32,0.5323532790062018,104.04378201501095,1012.7591372949973,0.0002389793808106333,1.0,1.0,1.0,1.0,7.253668763102726e-06,1.0625,0.0,2.0,medium|easy|hard
test,0,7,196,32,0.5326751289976528,104.57696739700623,1013.292322674999,0.0011714703869074583,1.0,1.0,1.0,1.0,7.245283018867925e-06,1.3125,0.0,2.0,medium|easy|hard
test,0,7,197,32,0.5329668519989355,105.110434962,1013.8257902719924,0.00021445404854603112,1.0,1.0,1.0,1.0,7.236897274633124e-06,1.34375,0.0,2.0,hard|easy|medium
test,0,7,198,32,0.5326090189919341,105.64352153500658,1014.3588768129994,0.00032093568006530404,1.0,1.0,1.0,1.0,7.228511530398324e-06,1.0625,0.0,2.0,easy|hard|medium
test,0,7,199,32,0.5327622729964787,106.17684798700793,1014.892203587995,0.12454281747341156,0.975,0.96875,0.9615384615384616,0.9671794871794872,7.220125786163522e-06,0.875,0.0,2.0,medium|easy|hard
test,0,7,200,32,0.5321029569895472,106.7094017000054,1015.4247570479929,0.00019903978682123125,1.0,1.0,1.0,1.0,7.211740041928722e-06,1.1875,0.0,2.0,medium|easy|hard
test,0,7,201,32,0.5316171040030895,107.24155849900853,1015.9569138529914,0.004319123458117247,1.0,1.0,1.0,1.0,7.203354297693921e-06,0.875,0.0,2.0,medium|easy|hard
test,0,7,202,32,0.5330492700013565,107.77516517500044,1016.4905204459938,0.00023864745162427425,1.0,1.0,1.0,1.0,7.194968553459119e-06,1.125,0.0,2.0,hard|medium|easy
test,0,7,203,32,0.5321131960081402,108.30776823400811,1017.0231235029933,0.05039902776479721,0.96875,0.96875,0.9705882352941176,0.9687194525904204,7.1865828092243195e-06,0.9375,0.0,2.0,easy|hard|medium
test,0,7,204,32,0.5325370479986304,108.84091522100789,1017.5562705019984,0.0009436396649107337,1.0,1.0,1.0,1.0,7.178197064989518e-06,1.21875,0.0,2.0,easy|hard|medium
test,0,7,205,32,0.5325942219933495,109.37409349900554,1018.0894487829937,0.00020514216157607734,1.0,1.0,1.0,1.0,7.169811320754717e-06,1.0625,0.0,2.0,easy|hard|medium
test,0,7,206,32,0.5328406039916445,109.9075036120048,1018.6228588889935,0.0011201947927474976,1.0,1.0,1.0,1.0,7.161425576519917e-06,0.9375,0.0,2.0,easy|hard|medium
test,0,7,207,32,0.5323137579980539,110.44038008300413,1019.1557353649987,0.00014985926100052893,1.0,1.0,1.0,1.0,7.153039832285116e-06,0.90625,0.0,2.0,easy|hard|medium
test,0,7,208,32,0.5334166709944839,110.97442403199966,1019.6897793889948,0.00023581355344504118,1.0,1.0,1.0,1.0,7.1446540880503145e-06,1.03125,0.0,2.0,medium|easy|hard
test,0,7,209,32,0.5322551389981527,111.50724610799807,1020.2226013780019,0.00040835075196810067,1.0,1.0,1.0,1.0,7.136268343815515e-06,0.9375,0.0,2.0,easy|medium|hard
test,0,7,210,32,0.5318202690104954,112.03963917199872,1020.7549944519997,0.0466935932636261,0.9705882352941176,0.96875,0.96875,0.9687194525904204,7.127882599580713e-06,0.9375,0.0,2.0,medium|hard|easy
test,0,7,211,32,0.53267052899173,112.57283229700988,1021.2881875699968,0.00023750045511405915,1.0,1.0,1.0,1.0,7.119496855345912e-06,1.15625,0.0,2.0,medium|easy|hard
test,0,7,212,32,0.5322566130053019,113.10557527000492,1021.8209305509954,0.00020475541532505304,1.0,1.0,1.0,1.0,7.111111111111112e-06,1.125,0.0,2.0,easy|hard|medium
test,0,7,213,32,0.531530826992821,113.63762581300398,1022.3529811369954,0.0003087092482019216,1.0,1.0,1.0,1.0,7.102725366876311e-06,1.21875,0.0,2.0,hard|easy|medium
test,0,7,214,32,0.5327462369896239,114.17093304199807,1022.8862883239926,0.0003308609884697944,1.0,1.0,1.0,1.0,7.09433962264151e-06,1.0625,0.0,2.0,easy|hard|medium
test,0,7,215,32,0.531926042996929,114.70332301800954,1023.4186782769975,0.06398939341306686,0.9666666666666667,0.96875,0.9722222222222222,0.9684729064039409,7.08595387840671e-06,1.375,0.0,2.0,hard|medium|easy
test,0,7,216,32,0.5316541979991598,115.23552215800737,1023.9508774769929,0.00016905773372855037,1.0,1.0,1.0,1.0,7.077568134171908e-06,0.96875,0.0,2.0,easy|hard|medium
test,0,7,217,32,0.5332595829968341,115.76939209700504,1024.484747376002,0.00016027574019972235,1.0,1.0,1.0,1.0,7.069182389937107e-06,0.9375,0.0,2.0,easy|hard|medium
test,0,7,218,32,0.5328841660084436,116.30291796301026,1025.0182732760004,0.00041678745765239,1.0,1.0,1.0,1.0,7.060796645702307e-06,0.90625,0.0,2.0,easy|hard|medium
test,0,7,219,32,0.5319699440005934,116.83535169200331,1025.550706954993,0.00040889455704018474,1.0,1.0,1.0,1.0,7.0524109014675055e-06,1.03125,0.0,2.0,easy|hard|medium
test,0,7,220,32,0.5328222530079074,117.36871798599896,1026.0840733499936,0.00016382403555326164,1.0,1.0,1.0,1.0,7.044025157232705e-06,0.9375,0.0,2.0,hard|easy|medium
test,0,7,221,32,0.5327703589864541,117.90208728500875,1026.6174425630015,0.000156250738655217,1.0,1.0,1.0,1.0,7.035639412997904e-06,1.09375,0.0,2.0,medium|easy|hard
test,0,7,222,32,0.5318214489961974,118.43448834300216,1027.1498436480033,0.0004340577870607376,1.0,1.0,1.0,1.0,7.0272536687631035e-06,1.03125,0.0,2.0,medium|hard|easy
test,0,7,223,32,0.5325529189867666,118.9675391339988,1027.682894395999,0.00018439182895235717,1.0,1.0,1.0,1.0,7.018867924528302e-06,0.875,0.0,2.0,easy|hard|medium
test,0,7,224,32,0.5327011549961753,119.50077487200906,1028.2161301479937,0.00022135089966468513,1.0,1.0,1.0,1.0,7.010482180293502e-06,1.0,0.0,2.0,medium|easy|hard
test,0,7,225,32,0.5319090020057047,120.03327608700783,1028.7486313749978,0.00017712228873278946,1.0,1.0,1.0,1.0,7.002096436058701e-06,0.96875,0.0,2.0,hard|easy|medium
test,0,7,226,32,0.532959493008093,120.56677356600994,1029.2821288609994,0.0002517221146263182,1.0,1.0,1.0,1.0,6.993710691823899e-06,1.0,0.0,2.0,hard|medium|easy
test,0,7,227,32,0.533224225990125,121.1005280160025,1029.815883303003,0.0005160497967153788,1.0,1.0,1.0,1.0,6.985324947589099e-06,1.15625,0.0,2.0,medium|easy|hard
test,0,7,228,32,0.5317434890021104,121.63285859700409,1030.3482140120032,0.0006607763934880495,1.0,1.0,1.0,1.0,6.976939203354298e-06,0.90625,0.0,2.0,easy|medium|hard
test,0,7,229,32,0.5323616210080218,122.16579779901076,1030.881153106995,0.00015594856813549995,1.0,1.0,1.0,1.0,6.968553459119497e-06,0.875,0.0,2.0,easy|hard|medium
test,0,7,230,32,0.5324339219951071,122.69879993000359,1031.4141551889916,0.00019937267643399537,1.0,1.0,1.0,1.0,6.9601677148846965e-06,0.9375,0.0,2.0,hard|medium|easy
test,0,7,231,32,0.5318892900104402,123.23127999099961,1031.9466352789896,0.43425121903419495,0.9444444444444444,0.9375,0.9375,0.9372549019607843,6.951781970649896e-06,1.03125,0.0,2.0,hard|easy|medium
test,0,7,232,32,0.5323072680039331,123.76421182299964,1032.4795671019965,0.00023244594922289252,1.0,1.0,1.0,1.0,6.943396226415094e-06,0.96875,0.0,2.0,easy|medium|hard
test,0,7,233,32,0.5330209480016492,124.29784846000257,1033.0132037309959,0.002412066562101245,1.0,1.0,1.0,1.0,6.9350104821802946e-06,1.0,0.0,2.0,easy|medium|hard
test,0,7,234,32,0.5325213260075543,124.83101381400775,1033.5463691329933,0.00021631775598507375,1.0,1.0,1.0,1.0,6.926624737945493e-06,1.0,0.0,2.0,medium|easy|hard
test,0,7,235,32,0.5331238539947663,125.36483242400573,1034.0801877289923,0.00017498666420578957,1.0,1.0,1.0,1.0,6.9182389937106915e-06,1.0625,0.0,2.0,medium|easy|hard
test,0,7,236,32,0.5334245929989265,125.89888613201038,1034.6142414209899,0.0001413951686117798,1.0,1.0,1.0,1.0,6.909853249475892e-06,0.84375,0.0,2.0,easy|hard|medium
test,0,7,237,32,0.5322178279893706,126.43160670400539,1035.1469619940035,0.0002263916248921305,1.0,1.0,1.0,1.0,6.901467505241091e-06,1.0,0.0,2.0,easy|hard|medium
test,0,7,238,32,0.5329766680079047,126.96518291000393,1035.6805382049934,0.00019122730009257793,1.0,1.0,1.0,1.0,6.8930817610062896e-06,1.0625,0.0,2.0,easy|medium|hard
test,0,7,239,32,0.5332043620001059,127.49892230100522,1036.2142775959946,0.0002614670083858073,1.0,1.0,1.0,1.0,6.88469601677149e-06,0.875,0.0,2.0,easy|medium|hard
test,0,7,240,32,0.532449099002406,128.03190561701194,1036.7472609510005,0.00016661026165820658,1.0,1.0,1.0,1.0,6.876310272536688e-06,0.9375,0.0,2.0,easy|hard|medium
test,0,7,241,32,0.5328684929991141,128.56540836099884,1037.2807636490033,0.00015867993352003396,1.0,1.0,1.0,1.0,6.867924528301887e-06,1.15625,0.0,2.0,easy|hard|medium
test,0,7,242,32,0.5327905960002681,129.0987990420108,1037.8141543620004,0.00019894528668373823,1.0,1.0,1.0,1.0,6.859538784067087e-06,0.75,0.0,2.0,easy|hard|medium
test,0,7,243,32,0.5320964080019621,129.6314067659987,1038.346762080997,0.0033068174961954355,1.0,1.0,1.0,1.0,6.851153039832285e-06,1.0625,0.0,2.0,medium|hard|easy
test,0,7,244,32,0.5330302500078687,130.16506210601074,1038.8804173959943,0.0002390301669947803,1.0,1.0,1.0,1.0,6.842767295597485e-06,0.96875,0.0,2.0,easy|hard|medium
test,0,7,245,32,0.5325972779974109,130.69827089901082,1039.4136262399988,0.03936295583844185,0.9615384615384616,0.96875,0.975,0.9671794871794872,6.834381551362684e-06,1.03125,0.0,2.0,hard|easy|medium
test,0,7,246,32,0.5324592640099581,131.23122865000914,1039.9465840649937,0.00013881802442483604,1.0,1.0,1.0,1.0,6.8259958071278834e-06,1.0,0.0,2.0,hard|medium|easy
test,0,7,247,32,0.5329557099903468,131.76487385699875,1040.4802291499946,0.00016306461475323886,1.0,1.0,1.0,1.0,6.817610062893082e-06,1.0,0.0,2.0,easy|medium|hard
test,0,7,248,32,0.5322819700086256,132.29768385500938,1041.0130391429993,0.00016600209346506745,1.0,1.0,1.0,1.0,6.809224318658282e-06,0.90625,0.0,2.0,easy|hard|medium
test,0,7,249,32,0.5324798189976718,132.83075600700977,1041.5461112729972,0.00013019975449424237,1.0,1.0,1.0,1.0,6.800838574423481e-06,0.96875,0.0,2.0,hard|easy|medium
test,0,7,250,32,0.5329826490051346,133.3641814700095,1042.0795368830004,0.00014104149886406958,1.0,1.0,1.0,1.0,6.792452830188679e-06,0.96875,0.0,2.0,medium|hard|easy
test,0,7,251,32,0.5321414560021367,133.89715494800475,1042.6125102279912,0.002175074303522706,1.0,1.0,1.0,1.0,6.784067085953879e-06,1.09375,0.0,2.0,hard|easy|medium
test,0,7,252,32,0.5323790100082988,134.43001509401074,1043.145370364,0.0005951435887254775,1.0,1.0,1.0,1.0,6.775681341719078e-06,1.1875,0.0,2.0,medium|easy|hard
test,0,7,253,32,0.5332443969964515,134.96380734699778,1043.679162617991,0.00031680293614044785,1.0,1.0,1.0,1.0,6.767295597484277e-06,1.09375,0.0,2.0,medium|hard|easy
test,0,7,254,32,0.5329976770008216,135.49736253899755,1044.2127178340015,0.00018609962717164308,1.0,1.0,1.0,1.0,6.7589098532494765e-06,1.03125,0.0,2.0,medium|hard|easy
test,0,7,255,32,0.5317175709933508,136.0296879850066,1044.7450433269987,0.0005212612450122833,1.0,1.0,1.0,1.0,6.750524109014676e-06,0.875,0.0,2.0,medium|easy|hard
test,0,7,256,32,0.5330472150089918,136.56318426200596,1045.2785395709943,0.00011943181743845344,1.0,1.0,1.0,1.0,6.742138364779874e-06,0.84375,0.0,2.0,easy|hard|medium
test,0,7,257,32,0.5329305350023787,137.0966814639978,1045.8120367520023,0.0001926251279655844,1.0,1.0,1.0,1.0,6.7337526205450745e-06,1.1875,0.0,2.0,easy|hard|medium
test,0,7,258,32,0.5319675570062827,137.62921343400376,1046.3445687549975,0.43359142541885376,0.9372549019607843,0.9375,0.9372549019607843,0.9372549019607843,6.725366876310273e-06,0.90625,0.0,2.0,hard|easy|medium
test,0,7,259,32,0.5327278040058445,138.16244474200357,1046.877800008995,0.00016898101603146642,1.0,1.0,1.0,1.0,6.7169811320754715e-06,0.90625,0.0,2.0,easy|hard|medium
test,0,7,260,32,0.5327591999957804,138.69580913400569,1047.4111644229997,0.000245063187321648,1.0,1.0,1.0,1.0,6.708595387840672e-06,0.875,0.0,2.0,easy|medium|hard
test,0,7,261,32,0.5320251140074106,139.22869160800474,1047.9440468859975,0.0001578950323164463,1.0,1.0,1.0,1.0,6.700209643605871e-06,1.1875,0.0,2.0,hard|easy|medium
test,0,7,262,32,0.5329067010025028,139.7620678220119,1048.4774231549964,0.0001450048730475828,1.0,1.0,1.0,1.0,6.6918238993710695e-06,1.125,0.0,2.0,medium|hard|easy
test,0,7,263,32,0.5327715289895423,140.29526926499966,1049.0106245459901,0.00015299610095098615,1.0,1.0,1.0,1.0,6.68343815513627e-06,1.21875,0.0,2.0,medium|easy|hard
test,0,7,264,32,0.5321674040023936,140.8278997640009,1049.543255053999,0.0013182831462472677,1.0,1.0,1.0,1.0,6.675052410901468e-06,1.03125,0.0,2.0,hard|medium|easy
test,0,7,265,6,0.16019101299752947,140.98856170399813,1049.7039169700001,0.000120350974611938,1.0,1.0,1.0,1.0,6.666666666666667e-06,1.3333333730697632,0.0,2.0,medium|hard|easy
test,0,8,1,32,0.5354563220025739,0.6202441269997507,1060.7966509800026,0.00031274009961634874,1.0,1.0,1.0,1.0,6.658280922431867e-06,1.0625,0.0,2.0,easy|hard|medium
test,0,8,2,32,0.5322743790020468,1.1533745880005881,1061.3297624510014,0.00016468923422507942,1.0,1.0,1.0,1.0,6.649895178197065e-06,1.0,0.0,2.0,easy|medium|hard
test,0,8,3,32,0.5317809959960869,1.6857048039964866,1061.8620926820004,0.00013700505951419473,1.0,1.0,1.0,1.0,6.641509433962265e-06,0.78125,0.0,2.0,medium|easy|hard
test,0,8,4,32,0.5328792959917337,2.219052030995954,1062.3954398959904,0.00021087611094117165,1.0,1.0,1.0,1.0,6.633123689727464e-06,0.96875,0.0,2.0,hard|easy|medium
test,0,8,5,32,0.5321927740005776,2.7518640649941517,1062.9282519449916,0.00011592713417485356,1.0,1.0,1.0,1.0,6.624737945492663e-06,0.9375,0.0,2.0,easy|medium|hard
test,0,8,6,32,0.5327968119963771,3.285245582999778,1063.4616334789898,0.0001530689769424498,1.0,1.0,1.0,1.0,6.616352201257862e-06,1.21875,0.0,2.0,hard|medium|easy
test,0,8,7,32,0.5334507890074747,3.8193373719986994,1063.9957252320019,0.00020073054474778473,1.0,1.0,1.0,1.0,6.607966457023062e-06,0.8125,0.0,2.0,easy|hard|medium
test,0,8,8,32,0.5323887810081942,4.352273315002094,1064.5286611449992,0.00029107544105499983,1.0,1.0,1.0,1.0,6.5995807127882605e-06,1.0625,0.0,2.0,hard|easy|medium
test,0,8,9,32,0.5321040779963369,4.8849895989988,1065.0613774130034,0.00021621352061629295,1.0,1.0,1.0,1.0,6.591194968553459e-06,0.96875,0.0,2.0,easy|medium|hard
test,0,8,10,32,0.533292039996013,5.4188190099957865,1065.5952068339975,0.00015895349497441202,1.0,1.0,1.0,1.0,6.582809224318659e-06,1.15625,0.0,2.0,medium|hard|easy
test,0,8,11,32,0.5323078660003375,5.9516824210004415,1066.1280702759977,0.00011766987154260278,1.0,1.0,1.0,1.0,6.574423480083858e-06,0.90625,0.0,2.0,hard|medium|easy
test,0,8,12,32,0.532748272002209,6.485025208996376,1066.6614130859962,0.00013312457303982228,1.0,1.0,1.0,1.0,6.566037735849057e-06,0.90625,0.0,2.0,medium|easy|hard
test,0,8,13,32,0.532973781999317,7.01859773400065,1067.1949855999992,0.0001717264240141958,1.0,1.0,1.0,1.0,6.557651991614256e-06,1.125,0.0,2.0,easy|medium|hard
test,0,8,14,32,0.5322055540018482,7.551362787999096,1067.7277506639948,0.0001360958267468959,1.0,1.0,1.0,1.0,6.549266247379456e-06,0.78125,0.0,2.0,medium|easy|hard
test,0,8,15,32,0.5320634029922076,8.084015963002457,1068.260403783992,0.07064421474933624,0.9352226720647774,0.9375,0.9352226720647774,0.9352226720647774,6.540880503144654e-06,1.15625,0.0,2.0,medium|hard|easy
test,0,8,16,32,0.5328817179979524,8.617464214999927,1068.7938520799944,0.00012814783258363605,1.0,1.0,1.0,1.0,6.532494758909854e-06,0.8125,0.0,2.0,medium|easy|hard
test,0,8,17,32,0.5322090910049155,9.15017545799492,1069.326563308001,0.00012041466106893495,1.0,1.0,1.0,1.0,6.524109014675053e-06,0.90625,0.0,2.0,medium|easy|hard
test,0,8,18,32,0.5322388990025502,9.683048038001289,1069.8594359010021,0.00013720770948566496,1.0,1.0,1.0,1.0,6.515723270440251e-06,0.6875,0.0,2.0,easy|medium|hard
test,0,8,19,32,0.5329614859947469,10.21650656699785,1070.3928946599917,0.0001193276621052064,1.0,1.0,1.0,1.0,6.5073375262054516e-06,1.0625,0.0,2.0,easy|medium|hard
test,0,8,20,32,0.5324723210069351,10.74954030799563,1070.9259281529958,0.00013811334792990237,1.0,1.0,1.0,1.0,6.49895178197065e-06,1.0625,0.0,2.0,medium|hard|easy
test,0,8,21,32,0.5318684230005601,11.281998095000745,1071.4583859309932,0.00019461888587102294,1.0,1.0,1.0,1.0,6.490566037735849e-06,1.09375,0.0,2.0,medium|easy|hard
test,0,8,22,32,0.5330507420003414,11.815510506989085,1071.9918983980024,0.00012616775347851217,1.0,1.0,1.0,1.0,6.4821802935010496e-06,1.09375,0.0,2.0,easy|hard|medium
test,0,8,23,32,0.5323340100003406,12.348396649002098,1072.5247844599944,0.00021342070249374956,1.0,1.0,1.0,1.0,6.473794549266248e-06,0.96875,0.0,2.0,easy|medium|hard
test,0,8,24,32,0.5324873420031508,12.881482509998023,1073.0578703929932,0.00014424207620322704,1.0,1.0,1.0,1.0,6.4654088050314466e-06,1.03125,0.0,2.0,medium|easy|hard
test,0,8,25,32,0.5331502949993592,13.415138839001884,1073.5915267230012,0.00010741193545982242,1.0,1.0,1.0,1.0,6.457023060796647e-06,0.9375,0.0,2.0,hard|easy|medium
test,0,8,26,32,0.5327553849929245,13.948497199991834,1074.124885104,0.0001322253083344549,1.0,1.0,1.0,1.0,6.448637316561845e-06,0.90625,0.0,2.0,hard|medium|easy
test,0,8,27,32,0.5323123099951772,14.481427017992246,1074.6578148989938,0.00012486852938309312,1.0,1.0,1.0,1.0,6.4402515723270446e-06,0.6875,0.0,2.0,easy|hard|medium
test,0,8,28,32,0.5330757169867866,15.015086357991095,1075.1914742450026,0.00014013683539815247,1.0,1.0,1.0,1.0,6.431865828092244e-06,0.875,0.0,2.0,medium|easy|hard
test,0,8,29,32,0.5321539870055858,15.547807212002226,1075.7241950839962,0.22262221574783325,0.9444444444444444,0.96875,0.9791666666666667,0.9599499374217773,6.423480083857443e-06,0.90625,0.0,2.0,hard|easy|medium
test,0,8,30,32,0.5319317399989814,16.080290258993045,1076.256678122998,0.0001885456731542945,1.0,1.0,1.0,1.0,6.415094339622642e-06,0.90625,0.0,2.0,easy|hard|medium
test,0,8,31,32,0.5331123510113684,16.61402384599205,1076.7904117299913,0.00010813132394105196,1.0,1.0,1.0,1.0,6.406708595387842e-06,1.125,0.0,2.0,medium|easy|hard
test,0,8,32,32,0.5324851339973975,17.14705971899093,1077.3234475369973,0.00013437449524644762,1.0,1.0,1.0,1.0,6.3983228511530404e-06,0.9375,0.0,2.0,easy|hard|medium
test,0,8,33,32,0.5321020639967173,17.679769401001977,1077.8561572339968,0.00013576677883975208,1.0,1.0,1.0,1.0,6.389937106918239e-06,1.0,0.0,2.0,hard|easy|medium
test,0,8,34,32,0.5326297319988953,18.212960546996328,1078.3893484349974,0.00012974087439943105,1.0,1.0,1.0,1.0,6.381551362683439e-06,1.09375,0.0,2.0,easy|medium|hard
test,0,8,35,32,0.5311747060040943,18.744622662998154,1078.9210105329985,0.00014222714526113123,1.0,1.0,1.0,1.0,6.373165618448638e-06,1.0625,0.0,2.0,medium|easy|hard
test,0,8,36,32,0.5317595939995954,19.27694309799699,1079.4533309260005,0.00013303826563060284,1.0,1.0,1.0,1.0,6.364779874213837e-06,1.0625,0.0,2.0,medium|easy|hard
test,0,8,37,32,0.5330035410006531,19.81052114898921,1079.9869091189903,0.00012094779231119901,1.0,1.0,1.0,1.0,6.356394129979036e-06,1.0,0.0,2.0,medium|hard|easy
test,0,8,38,32,0.5327673720021266,20.343841235997388,1080.5202290669986,0.00013745445176027715,1.0,1.0,1.0,1.0,6.348008385744236e-06,0.9375,0.0,2.0,easy|medium|hard
test,0,8,39,32,0.5314310510002542,20.87578013500024,1081.0521681160026,0.00013549451250582933,1.0,1.0,1.0,1.0,6.339622641509434e-06,0.9375,0.0,2.0,easy|medium|hard
test,0,8,40,32,0.5328458760050125,21.409211928999866,1081.5855997549952,0.00026543770218268037,1.0,1.0,1.0,1.0,6.331236897274634e-06,1.0,0.0,2.0,hard|medium|easy
test,0,8,41,32,0.5332127659930848,21.94299256100203,1082.1193804389914,0.00014585777535103261,1.0,1.0,1.0,1.0,6.322851153039833e-06,1.0,0.0,2.0,easy|hard|medium
test,0,8,42,32,0.5321628530073212,22.47567440099374,1082.6520622509997,0.00018347853620070964,1.0,1.0,1.0,1.0,6.314465408805031e-06,0.9375,0.0,2.0,easy|medium|hard
test,0,8,43,32,0.5332597919914406,23.009398213995155,1083.185786039001,0.0035177506506443024,1.0,1.0,1.0,1.0,6.3060796645702315e-06,0.90625,0.0,2.0,hard|easy|medium
test,0,8,44,32,0.5327716689935187,23.542725496998173,1083.7191133789893,0.00019435735885053873,1.0,1.0,1.0,1.0,6.29769392033543e-06,1.125,0.0,2.0,hard|easy|medium
test,0,8,45,32,0.5319762090075528,24.07525203000114,1084.2516398360021,0.27648258209228516,0.9705882352941176,0.96875,0.96875,0.9687194525904204,6.289308176100629e-06,0.75,0.0,2.0,easy|hard|medium
test,0,8,46,32,0.533094901998993,24.608819875997142,1084.7852077179996,0.0001671503996476531,1.0,1.0,1.0,1.0,6.2809224318658295e-06,1.03125,0.0,2.0,easy|hard|medium
test,0,8,47,32,0.5326430150016677,25.14209502999438,1085.3184829459933,0.0001034747765515931,1.0,1.0,1.0,1.0,6.272536687631028e-06,1.375,0.0,2.0,medium|hard|easy
test,0,8,48,32,0.5322567190014524,25.674963707991992,1085.8513516039966,0.0005330487620085478,1.0,1.0,1.0,1.0,6.2641509433962265e-06,1.125,0.0,2.0,medium|hard|easy
test,0,8,49,32,0.5331191459990805,26.208681823991355,1086.3850696439913,0.0001245866878889501,1.0,1.0,1.0,1.0,6.255765199161427e-06,0.875,0.0,2.0,medium|hard|easy
test,0,8,50,32,0.5320870529976673,26.741302757989615,1086.917690577,0.0001857340830611065,1.0,1.0,1.0,1.0,6.247379454926625e-06,0.78125,0.0,2.0,medium|easy|hard
test,0,8,51,32,0.5320601899875328,27.273925215995405,1087.4503130349913,0.0002630339877214283,1.0,1.0,1.0,1.0,6.2389937106918245e-06,1.3125,0.0,2.0,hard|medium|easy
test,0,8,52,32,0.5329633979999926,27.80735355199431,1087.9837414420035,0.00013457468594424427,1.0,1.0,1.0,1.0,6.230607966457024e-06,1.21875,0.0,2.0,medium|easy|hard
test,0,8,53,32,0.5328411509981379,28.34074584899645,1088.5171336609928,0.00013812337419949472,1.0,1.0,1.0,1.0,6.222222222222223e-06,1.25,0.0,2.0,medium|easy|hard
test,0,8,54,32,0.5324292549921665,28.873708537998027,1089.0500965309911,0.00011610194633249193,1.0,1.0,1.0,1.0,6.213836477987422e-06,0.96875,0.0,2.0,easy|hard|medium
test,0,8,55,32,0.5330093410011614,29.40731127699837,1089.5836994739948,0.00040511536644771695,1.0,1.0,1.0,1.0,6.205450733752622e-06,0.96875,0.0,2.0,medium|easy|hard
test,0,8,56,32,0.5330267550016288,29.94090475399571,1090.1172925970022,0.00030310952570289373,1.0,1.0,1.0,1.0,6.19706498951782e-06,1.09375,0.0,2.0,easy|hard|medium
test,0,8,57,32,0.5321085600007791,30.473579227997106,1090.6499670420017,0.0012268585851415992,1.0,1.0,1.0,1.0,6.188679245283019e-06,0.96875,0.0,2.0,hard|medium|easy
test,0,8,58,32,0.5328719639946939,31.006985322994296,1091.1833731880033,0.00012624412192963064,1.0,1.0,1.0,1.0,6.180293501048219e-06,0.8125,0.0,2.0,medium|easy|hard
test,0,8,59,32,0.532096108989208,31.539679964989773,1091.7160677749926,0.0002789145219139755,1.0,1.0,1.0,1.0,6.1719077568134175e-06,1.0,0.0,2.0,hard|medium|easy
test,0,8,60,32,0.5321510049980134,32.07234053200227,1092.2487283849914,0.00012158429308328778,1.0,1.0,1.0,1.0,6.163522012578617e-06,0.875,0.0,2.0,easy|hard|medium
test,0,8,61,32,0.5328325089940336,32.605776080992655,1092.7821639149915,0.00022708687174599618,1.0,1.0,1.0,1.0,6.155136268343816e-06,1.125,0.0,2.0,easy|hard|medium
test,0,8,62,32,0.5330643690103898,33.13934148100088,1093.3157293589902,0.00013721128925681114,1.0,1.0,1.0,1.0,6.1467505241090155e-06,0.75,0.0,2.0,easy|hard|medium
test,0,8,63,32,0.5356174619955709,33.67544443899533,1093.8518324229954,0.0001027704420266673,1.0,1.0,1.0,1.0,6.138364779874214e-06,1.125,0.0,2.0,easy|hard|medium
test,0,8,64,32,0.5339212949911598,34.21009885300009,1094.3864867999946,0.40897470712661743,0.9444444444444444,0.9375,0.9375,0.9372549019607843,6.129979035639414e-06,0.6875,0.0,2.0,easy|medium|hard
test,0,8,65,32,0.5319534589943942,34.742600668992964,1094.9189886270033,0.0012843210715800524,1.0,1.0,1.0,1.0,6.121593291404613e-06,0.84375,0.0,2.0,hard|easy|medium
test,0,8,66,32,0.5319318900001235,35.27509465398907,1095.4514825109945,0.00012376322411000729,1.0,1.0,1.0,1.0,6.113207547169811e-06,0.84375,0.0,2.0,hard|medium|easy
test,0,8,67,32,0.5330441900005098,35.80867770400073,1095.985065586996,0.0001724131579976529,1.0,1.0,1.0,1.0,6.104821802935011e-06,1.125,0.0,2.0,hard|medium|easy
test,0,8,68,32,0.5322042789921397,36.34141153100063,1096.5177993749967,0.00011743054346879944,1.0,1.0,1.0,1.0,6.09643605870021e-06,0.96875,0.0,2.0,medium|hard|easy
test,0,8,69,32,0.5328049810050288,36.87467848499364,1097.051066667991,0.00011695019202306867,1.0,1.0,1.0,1.0,6.088050314465409e-06,1.15625,0.0,2.0,hard|medium|easy
test,0,8,70,32,0.5328868590004276,37.40813354800048,1097.5845213869907,0.0001343690964858979,1.0,1.0,1.0,1.0,6.0796645702306085e-06,0.875,0.0,2.0,medium|hard|easy
test,0,8,71,32,0.5322895499994047,37.94097677599348,1098.1173646739917,0.00011130435450468212,1.0,1.0,1.0,1.0,6.071278825995808e-06,1.0625,0.0,2.0,medium|hard|easy
test,0,8,72,32,0.5315031319914851,38.47304783499567,1098.6494356799958,0.0001370691752526909,1.0,1.0,1.0,1.0,6.062893081761006e-06,0.875,0.0,2.0,easy|medium|hard
test,0,8,73,32,0.5327981730079046,39.00637803199061,1099.1827659359988,0.0002178317226935178,1.0,1.0,1.0,1.0,6.0545073375262066e-06,1.125,0.0,2.0,hard|medium|easy
test,0,8,74,32,0.5325180679938057,39.539470959993196,1099.7158588329912,0.0005321334465406835,1.0,1.0,1.0,1.0,6.046121593291405e-06,1.1875,0.0,2.0,hard|medium|easy
test,0,8,75,32,0.5322299209947232,40.07214595799451,1100.2485339069972,0.20223233103752136,0.9722222222222222,0.96875,0.9666666666666667,0.9684729064039409,6.037735849056604e-06,1.0,0.0,2.0,hard|medium|easy
test,0,8,76,32,0.532578767000814,40.60529685798974,1100.781684665999,0.00017878130893222988,1.0,1.0,1.0,1.0,6.029350104821804e-06,1.15625,0.0,2.0,hard|medium|easy
test,0,8,77,32,0.531636312007322,41.13750122299825,1101.3138891029957,0.00012394582154229283,1.0,1.0,1.0,1.0,6.020964360587003e-06,0.96875,0.0,2.0,medium|easy|hard
test,0,8,78,32,0.532436231005704,41.670532306990935,1101.8469201779953,0.00011792734585469589,1.0,1.0,1.0,1.0,6.0125786163522016e-06,1.15625,0.0,2.0,medium|easy|hard
test,0,8,79,32,0.5329126100114081,42.204032105990336,1102.380419986992,0.00029244317556731403,1.0,1.0,1.0,1.0,6.004192872117402e-06,0.84375,0.0,2.0,medium|easy|hard
test,0,8,80,32,0.5320363899954828,42.73663144699822,1102.9130193159945,0.00042292848229408264,1.0,1.0,1.0,1.0,5.9958071278826e-06,1.0625,0.0,2.0,hard|easy|medium
test,0,8,81,32,0.5322689370077569,43.26943015398865,1103.4458179779904,0.025492824614048004,0.9722222222222222,0.96875,0.9666666666666667,0.9684729064039409,5.987421383647799e-06,1.0,0.0,2.0,easy|medium|hard
test,0,8,82,32,0.5331087690137792,43.803082263999386,1103.9794700999919,0.00016609817976132035,1.0,1.0,1.0,1.0,5.979035639412999e-06,0.84375,0.0,2.0,medium|easy|hard
test,0,8,83,32,0.5326513000036357,44.336200274992734,1104.5125881580025,0.07480689883232117,0.9642857142857143,0.96875,0.9736842105263157,0.967967967967968,5.970649895178197e-06,1.03125,0.0,2.0,easy|medium|hard
test,0,8,84,32,0.5319473120034672,44.86866664599802,1105.0450546179927,0.00016713436343707144,1.0,1.0,1.0,1.0,5.962264150943397e-06,0.875,0.0,2.0,easy|hard|medium
test,0,8,85,32,0.533075863000704,45.40232896299858,1105.5787167699891,0.00012973809498362243,1.0,1.0,1.0,1.0,5.953878406708596e-06,1.03125,0.0,2.0,easy|hard|medium
test,0,8,86,32,0.5325966290110955,45.935467062998214,1106.1118549469975,0.00012326052819844335,1.0,1.0,1.0,1.0,5.9454926624737954e-06,0.9375,0.0,2.0,easy|hard|medium
test,0,8,87,32,0.5319744650041685,46.46803491699393,1106.6444228070031,0.00012933154357597232,1.0,1.0,1.0,1.0,5.937106918238994e-06,1.0,0.0,2.0,medium|hard|easy
test,0,8,88,32,0.5332400319894077,47.00184588799311,1107.1782337460027,0.00018566197832114995,1.0,1.0,1.0,1.0,5.928721174004194e-06,1.28125,0.0,2.0,medium|hard|easy
test,0,8,89,32,0.5328647409914993,47.53528972899949,1107.7116776129988,0.0002100218553096056,1.0,1.0,1.0,1.0,5.920335429769393e-06,1.125,0.0,2.0,easy|medium|hard
test,0,8,90,32,0.5319111270073336,48.0677508309891,1108.2441386400023,0.0001590420724824071,1.0,1.0,1.0,1.0,5.911949685534591e-06,0.875,0.0,2.0,easy|medium|hard
test,0,8,91,32,0.5330212670087349,48.601360549990204,1108.777748373992,0.00011595679097808897,1.0,1.0,1.0,1.0,5.903563941299791e-06,1.34375,0.0,2.0,medium|hard|easy
test,0,8,92,32,0.5327935779932886,49.13471823500004,1109.3111060520023,0.00010568764992058277,1.0,1.0,1.0,1.0,5.89517819706499e-06,0.78125,0.0,2.0,medium|hard|easy
test,0,8,93,32,0.5317318379966309,49.667049950992805,1109.8434377629892,0.00012215800234116614,1.0,1.0,1.0,1.0,5.886792452830189e-06,0.96875,0.0,2.0,easy|medium|hard
test,0,8,94,32,0.5333414269989589,50.20111484298832,1110.3775026859948,0.07890206575393677,0.975,0.96875,0.9615384615384616,0.9671794871794872,5.8784067085953885e-06,0.96875,0.0,2.0,easy|hard|medium
test,0,8,95,32,0.532385760001489,50.73406143899774,1110.9104492819897,0.00013238050451036543,1.0,1.0,1.0,1.0,5.870020964360588e-06,0.8125,0.0,2.0,easy|hard|medium
test,0,8,96,32,0.532138317998033,51.26678844098933,1111.4431762519962,0.00013514859892893583,1.0,1.0,1.0,1.0,5.861635220125786e-06,0.875,0.0,2.0,easy|medium|hard
test,0,8,97,32,0.5327387260040268,51.800096160994144,1111.9764841769938,0.00011546078894753009,1.0,1.0,1.0,1.0,5.8532494758909865e-06,0.75,0.0,2.0,easy|hard|medium
test,0,8,98,32,0.5327054869994754,52.33333379100077,1112.5097216639988,0.00012345719733275473,1.0,1.0,1.0,1.0,5.844863731656185e-06,1.09375,0.0,2.0,easy|medium|hard
test,0,8,99,32,0.5322209599980852,52.86614782799734,1113.0425357380009,0.00011932761844946072,1.0,1.0,1.0,1.0,5.836477987421384e-06,1.09375,0.0,2.0,hard|medium|easy
test,0,8,100,32,0.5333102909935405,53.4000531109923,1113.5764409889962,0.00012798843090422451,1.0,1.0,1.0,1.0,5.828092243186583e-06,0.8125,0.0,2.0,easy|medium|hard
test,0,8,101,32,0.5325073949934449,53.933152942991,1114.1095409229893,0.00011983638250967488,1.0,1.0,1.0,1.0,5.819706498951783e-06,0.8125,0.0,2.0,medium|easy|hard
test,0,8,102,32,0.5322577639890369,54.46597537299385,1114.6423632660008,0.00010506148100830615,1.0,1.0,1.0,1.0,5.8113207547169815e-06,1.0,0.0,2.0,hard|easy|medium
test,0,8,103,32,0.5326759720046539,54.999101907000295,1115.1754897100036,0.00014303819625638425,1.0,1.0,1.0,1.0,5.80293501048218e-06,1.0625,0.0,2.0,hard|medium|easy
test,0,8,104,32,0.5326019589992939,55.53228165199107,1115.7086695289909,0.00013838574523106217,1.0,1.0,1.0,1.0,5.79454926624738e-06,0.84375,0.0,2.0,medium|hard|easy
test,0,8,105,32,0.5321183830092195,56.064919477998046,1116.2413073299977,8.911950135370716e-05,1.0,1.0,1.0,1.0,5.786163522012579e-06,1.125,0.0,2.0,hard|medium|easy
test,0,8,106,32,0.5328686970024137,56.598373318993254,1116.7747611879895,0.00013510853750631213,1.0,1.0,1.0,1.0,5.777777777777778e-06,0.78125,0.0,2.0,medium|hard|easy
test,0,8,107,32,0.5331877970020287,57.132110856997315,1117.3084987429902,9.285924170399085e-05,1.0,1.0,1.0,1.0,5.769392033542977e-06,1.375,0.0,2.0,easy|medium|hard
test,0,8,108,32,0.5320455999899423,57.66472668899223,1117.8411145080026,9.880784637061879e-05,1.0,1.0,1.0,1.0,5.761006289308177e-06,1.03125,0.0,2.0,medium|hard|easy
test,0,8,109,32,0.5331123829964781,58.198401952002314,1118.3747897790017,0.00011623408499872312,1.0,1.0,1.0,1.0,5.752620545073375e-06,0.84375,0.0,2.0,easy|medium|hard
test,0,8,110,32,0.5327493929944467,58.73168238699145,1118.9080702639912,0.00011464825365692377,1.0,1.0,1.0,1.0,5.744234800838575e-06,1.0,0.0,2.0,easy|hard|medium
test,0,8,111,32,0.532324013998732,59.26454971799103,1119.4409375339892,0.00012492723180912435,1.0,1.0,1.0,1.0,5.735849056603774e-06,0.875,0.0,2.0,medium|easy|hard
test,0,8,112,32,0.5329304980114102,59.79791697100154,1119.9743047939992,0.00042446612496860325,1.0,1.0,1.0,1.0,5.727463312368972e-06,0.9375,0.0,2.0,hard|easy|medium
test,0,8,113,32,0.5321889810002176,60.330564997988404,1120.5069528399908,0.00019714937661774457,1.0,1.0,1.0,1.0,5.7190775681341725e-06,1.0,0.0,2.0,hard|easy|medium
test,0,8,114,32,0.5318773160106502,60.862952240000595,1121.0393401289912,0.07706216722726822,0.9666666666666667,0.96875,0.9722222222222222,0.9684729064039409,5.710691823899371e-06,0.78125,0.0,2.0,medium|easy|hard
test,0,8,115,32,0.5330286160024116,61.396559396001976,1121.5729475409898,0.00012605951633304358,1.0,1.0,1.0,1.0,5.70230607966457e-06,1.125,0.0,2.0,hard|easy|medium
test,0,8,116,32,0.5332115189958131,61.93029772199225,1122.1066856199905,0.0016288754995912313,1.0,1.0,1.0,1.0,5.69392033542977e-06,1.09375,0.0,2.0,medium|hard|easy
test,0,8,117,32,0.5321771879971493,62.46305355099321,1122.6394414059905,0.00010392437252448872,1.0,1.0,1.0,1.0,5.685534591194969e-06,0.90625,0.0,2.0,easy|hard|medium
test,0,8,118,32,0.5330166649946477,62.99660074399435,1123.172988648992,0.00010142585961148143,1.0,1.0,1.0,1.0,5.6771488469601675e-06,0.96875,0.0,2.0,medium|easy|hard
test,0,8,119,32,0.5329905719991075,63.530169314995874,1123.7065572290012,0.000261137931374833,1.0,1.0,1.0,1.0,5.668763102725368e-06,1.03125,0.0,2.0,easy|medium|hard
test,0,8,120,32,0.5319107480027014,64.06266335099644,1124.239051247001,0.0001496968325227499,1.0,1.0,1.0,1.0,5.660377358490566e-06,1.1875,0.0,2.0,medium|hard|easy
test,0,8,121,32,0.5328411640075501,64.59604367199063,1124.772431491001,0.00013329224020708352,1.0,1.0,1.0,1.0,5.6519916142557655e-06,0.75,0.0,2.0,medium|easy|hard
test,0,8,122,32,0.5328560969937826,65.12948189799499,1125.3058697749948,0.00013340485747903585,1.0,1.0,1.0,1.0,5.643605870020965e-06,1.125,0.0,2.0,easy|hard|medium
test,0,8,123,32,0.5320320210012142,65.66211788999499,1125.8385057050036,0.00023379808408208191,1.0,1.0,1.0,1.0,5.635220125786164e-06,0.8125,0.0,2.0,medium|easy|hard
test,0,8,124,32,0.5331901640020078,66.19591193599626,1126.3722997639998,0.00011661372263915837,1.0,1.0,1.0,1.0,5.626834381551363e-06,1.15625,0.0,2.0,medium|easy|hard
test,0,8,125,32,0.5323971920006443,66.72887910399004,1126.90526692399,0.00012493086978793144,1.0,1.0,1.0,1.0,5.618448637316563e-06,1.0,0.0,2.0,easy|hard|medium
test,0,8,126,32,0.5323308090009959,67.26165827299701,1127.438046270996,0.00012916536070406437,1.0,1.0,1.0,1.0,5.610062893081761e-06,1.0,0.0,2.0,easy|medium|hard
test,0,8,127,32,0.5333185860072263,67.79550782300066,1127.9718956750003,9.751487232279032e-05,1.0,1.0,1.0,1.0,5.60167714884696e-06,0.96875,0.0,2.0,medium|easy|hard
test,0,8,128,32,0.5317985470028361,68.32788706799329,1128.504274959996,9.59434692049399e-05,1.0,1.0,1.0,1.0,5.59329140461216e-06,1.15625,0.0,2.0,easy|medium|hard
test,0,8,129,32,0.5327024800062645,68.86114066599112,1129.0375285460032,0.00011388733400963247,1.0,1.0,1.0,1.0,5.5849056603773586e-06,1.1875,0.0,2.0,medium|easy|hard
test,0,8,130,32,0.5331246419955278,69.39483082799416,1129.5712186939927,0.047332990914583206,0.9761904761904762,0.96875,0.9583333333333333,0.9660657476139979,5.576519916142558e-06,0.96875,0.0,2.0,easy|medium|hard
test,0,8,131,32,0.5327077580004698,69.92807799599541,1130.104465943994,0.00013851690164301544,1.0,1.0,1.0,1.0,5.568134171907757e-06,1.0625,0.0,2.0,easy|hard|medium
test,0,8,132,32,0.5322976479947101,70.46091358999547,1130.6373014669953,0.00021563589689321816,1.0,1.0,1.0,1.0,5.5597484276729566e-06,0.84375,0.0,2.0,hard|easy|medium
test,0,8,133,32,0.5331980579940137,70.99466761200165,1131.1710554879974,9.820909326663241e-05,1.0,1.0,1.0,1.0,5.551362683438155e-06,0.96875,0.0,2.0,medium|hard|easy
test,0,8,134,32,0.5319426880014362,71.52714999299496,1131.7035378939909,0.0003868835628964007,1.0,1.0,1.0,1.0,5.542976939203355e-06,0.90625,0.0,2.0,medium|easy|hard
test,0,8,135,32,0.5323138889943948,72.05999653899926,1132.23638437099,0.0001011131753330119,1.0,1.0,1.0,1.0,5.534591194968554e-06,1.15625,0.0,2.0,easy|hard|medium
test,0,8,136,32,0.5332435899908887,72.59380199099542,1132.7701898759988,0.000515544496010989,1.0,1.0,1.0,1.0,5.526205450733752e-06,1.0625,0.0,2.0,hard|easy|medium
test,0,8,137,32,0.5325433700054418,73.12688636899111,1133.3032743209915,9.167453390546143e-05,1.0,1.0,1.0,1.0,5.5178197064989524e-06,1.1875,0.0,2.0,medium|hard|easy
test,0,8,138,32,0.5320986770093441,73.65952609899978,1133.8359139359964,8.864227856975049e-05,1.0,1.0,1.0,1.0,5.509433962264151e-06,1.0,0.0,2.0,easy|medium|hard
test,0,8,139,32,0.5332656749960734,74.19341079700098,1134.3697986949992,0.00016377757128793746,1.0,1.0,1.0,1.0,5.50104821802935e-06,1.09375,0.0,2.0,easy|hard|medium
test,0,8,140,32,0.5328511020052247,74.72680187299557,1134.9031897399982,8.444446575595066e-05,1.0,1.0,1.0,1.0,5.49266247379455e-06,0.96875,0.0,2.0,hard|easy|medium
test,0,8,141,32,0.5320176259992877,75.25934491999215,1135.4357328369952,0.000145448706462048,1.0,1.0,1.0,1.0,5.484276729559749e-06,0.96875,0.0,2.0,medium|hard|easy
test,0,8,142,32,0.5329009819979547,75.79276021500118,1135.9691480299953,0.00010916443716268986,1.0,1.0,1.0,1.0,5.4758909853249474e-06,0.90625,0.0,2.0,medium|easy|hard
test,0,8,143,32,0.5326909559953492,76.32596834399737,1136.5023561499984,0.00014543661382049322,1.0,1.0,1.0,1.0,5.467505241090148e-06,1.09375,0.0,2.0,medium|hard|easy
test,0,8,144,32,0.5317469879955752,76.85822251699574,1137.0346103159973,9.914272231981158e-05,1.0,1.0,1.0,1.0,5.459119496855346e-06,1.09375,0.0,2.0,hard|easy|medium
test,0,8,145,32,0.5331672369939042,77.39196784199157,1137.5683558989986,0.000102312391391024,1.0,1.0,1.0,1.0,5.4507337526205454e-06,1.1875,0.0,2.0,medium|hard|easy
test,0,8,146,32,0.5324897139944369,77.92495960499218,1138.1013478329987,0.00011131340579595417,1.0,1.0,1.0,1.0,5.442348008385745e-06,1.1875,0.0,2.0,easy|medium|hard
test,0,8,147,32,0.5321657190070255,78.45773455999733,1138.6341223729978,0.00010506503895157948,1.0,1.0,1.0,1.0,5.433962264150944e-06,0.71875,0.0,2.0,hard|easy|medium
test,0,8,148,32,0.5337163899966981,78.99195519699424,1139.168343131998,0.07988957315683365,0.9615384615384616,0.96875,0.975,0.9671794871794872,5.425576519916143e-06,1.03125,0.0,2.0,hard|medium|easy
test,0,8,149,32,0.5322374810057227,79.52480180599377,1139.7011897379998,0.00016269624757114798,1.0,1.0,1.0,1.0,5.417190775681343e-06,0.96875,0.0,2.0,easy|hard|medium
test,0,8,150,32,0.5321183019987075,80.0574414809962,1140.2338293639914,8.562086441088468e-05,1.0,1.0,1.0,1.0,5.408805031446541e-06,0.8125,0.0,2.0,medium|hard|easy
test,0,8,151,32,0.5333179730077973,80.59135304599477,1140.7677408750023,0.2517644464969635,0.9615384615384616,0.96875,0.975,0.9671794871794872,5.40041928721174e-06,0.9375,0.0,2.0,hard|medium|easy
test,0,8,152,32,0.5329465150134638,81.12481555998966,1141.3012034260028,0.0002891025796998292,1.0,1.0,1.0,1.0,5.39203354297694e-06,1.21875,0.0,2.0,easy|hard|medium
test,0,8,153,32,0.5321304559911368,81.65751911999541,1141.8339069990034,8.440732926828787e-05,1.0,1.0,1.0,1.0,5.3836477987421385e-06,1.0625,0.0,2.0,medium|hard|easy
test,0,8,154,32,0.5331825199973537,82.19128881799406,1142.3676767159923,0.15300895273685455,0.9705882352941176,0.96875,0.96875,0.9687194525904204,5.375262054507338e-06,1.0,0.0,2.0,hard|medium|easy
test,0,8,155,32,0.5318871079944074,82.7237610299926,1142.9001488990034,0.00011714773427229375,1.0,1.0,1.0,1.0,5.366876310272537e-06,1.0625,0.0,2.0,medium|easy|hard
test,0,8,156,32,0.5322639330115635,83.2565678730025,1143.4329558180034,0.00010962346277665347,1.0,1.0,1.0,1.0,5.3584905660377365e-06,0.96875,0.0,2.0,hard|easy|medium
test,0,8,157,32,0.5331545649969485,83.79032423099852,1143.9667121069942,0.00012271702871657908,1.0,1.0,1.0,1.0,5.350104821802935e-06,1.15625,0.0,2.0,easy|medium|hard
test,0,8,158,32,0.5324175510031637,84.3232750659954,1144.4996629340021,0.007738915737718344,1.0,1.0,1.0,1.0,5.341719077568135e-06,0.9375,0.0,2.0,medium|easy|hard
test,0,8,159,32,0.5321817819931312,84.85605723499611,1145.0324450649932,0.0021024239249527454,1.0,1.0,1.0,1.0,5.333333333333334e-06,0.875,0.0,2.0,easy|hard|medium
test,0,8,160,32,0.5331062869954621,85.38972053700127,1145.5661083509913,0.00015881033323239535,1.0,1.0,1.0,1.0,5.324947589098532e-06,0.78125,0.0,2.0,hard|easy|medium
test,0,8,161,32,0.5322952720016474,85.92255493398989,1146.098942785,0.20432913303375244,0.9705882352941176,0.96875,0.96875,0.9687194525904204,5.316561844863732e-06,0.84375,0.0,2.0,easy|medium|hard
test,0,8,162,32,0.532395568996435,86.45549485299853,1146.6318827310024,0.20392146706581116,0.9736842105263157,0.96875,0.9642857142857143,0.967967967967968,5.308176100628931e-06,0.8125,0.0,2.0,hard|easy|medium
test,0,8,163,32,0.5330344709946075,86.9890418129944,1147.1654296199995,0.0002172523527406156,1.0,1.0,1.0,1.0,5.29979035639413e-06,1.0,0.0,2.0,hard|medium|easy
test,0,8,164,32,0.5320067790016765,87.52163452999957,1147.6980223830033,9.563795902067795e-05,1.0,1.0,1.0,1.0,5.2914046121593295e-06,1.0625,0.0,2.0,hard|medium|easy
test,0,8,165,32,0.5321928930061404,88.05436297498818,1148.2307508369995,9.740002860780805e-05,1.0,1.0,1.0,1.0,5.283018867924529e-06,1.0,0.0,2.0,medium|hard|easy
test,0,8,166,32,0.533285547993728,88.58826104899345,1148.764648930999,0.00011221123713767156,1.0,1.0,1.0,1.0,5.274633123689727e-06,0.96875,0.0,2.0,medium|easy|hard
test,0,8,167,32,0.5325118100008694,89.12131616099214,1149.297704069002,0.0007806862704455853,1.0,1.0,1.0,1.0,5.2662473794549275e-06,1.0,0.0,2.0,medium|easy|hard
test,0,8,168,32,0.5321858940005768,89.65405176499917,1149.8304396539897,0.000116826115117874,1.0,1.0,1.0,1.0,5.257861635220126e-06,1.1875,0.0,2.0,medium|easy|hard
test,0,8,169,32,0.5331248130096355,90.1877740869968,1150.3641619940026,0.0012895369436591864,1.0,1.0,1.0,1.0,5.249475890985325e-06,0.84375,0.0,2.0,hard|easy|medium
test,0,8,170,32,0.5327778250066331,90.72109622899734,1150.8974841519957,9.676997433416545e-05,1.0,1.0,1.0,1.0,5.241090146750525e-06,1.15625,0.0,2.0,easy|hard|medium
test,0,8,171,32,0.5318049539928325,91.25346769699536,1151.4298555909918,0.0001018527545966208,1.0,1.0,1.0,1.0,5.232704402515724e-06,1.09375,0.0,2.0,easy|hard|medium
test,0,8,172,32,0.5329723890026798,91.78695164500095,1151.9633395199926,8.943225839175284e-05,1.0,1.0,1.0,1.0,5.2243186582809225e-06,1.125,0.0,2.0,hard|easy|medium
test,0,8,173,32,0.532405881996965,92.31989782299206,1152.4962857229984,0.20013779401779175,0.9705882352941176,0.96875,0.96875,0.9687194525904204,5.215932914046123e-06,0.875,0.0,2.0,easy|medium|hard
test,0,8,174,32,0.5314660549920518,92.85190395399695,1153.0282918329904,0.00011295282456558198,1.0,1.0,1.0,1.0,5.207547169811321e-06,1.03125,0.0,2.0,hard|medium|easy
test,0,8,175,32,0.5335212789941579,93.38599203599733,1153.5623799289897,0.00011346159590175375,1.0,1.0,1.0,1.0,5.19916142557652e-06,0.78125,0.0,2.0,easy|medium|hard
test,0,8,176,32,0.5340887049969751,93.92066057199554,1154.0970486150036,9.352224151371047e-05,1.0,1.0,1.0,1.0,5.19077568134172e-06,0.84375,0.0,2.0,medium|easy|hard
test,0,8,177,32,0.5329030770080863,94.45418252599484,1154.630570409994,0.0001259972050320357,1.0,1.0,1.0,1.0,5.182389937106918e-06,1.03125,0.0,2.0,hard|medium|easy
test,0,8,178,32,0.5333242120104842,94.98813608600176,1155.1645239029895,0.010375890880823135,1.0,1.0,1.0,1.0,5.174004192872118e-06,0.9375,0.0,2.0,easy|medium|hard
test,0,8,179,32,0.532744445008575,95.52151870400121,1155.6979065699998,9.251266601495445e-05,1.0,1.0,1.0,1.0,5.165618448637317e-06,1.21875,0.0,2.0,easy|medium|hard
test,0,8,180,32,0.5326086429995485,96.05463571799919,1156.2310235839977,0.00011172195081599057,1.0,1.0,1.0,1.0,5.157232704402516e-06,0.875,0.0,2.0,hard|medium|easy
test,0,8,181,32,0.5327096770051867,96.58797614199284,1156.7643639949965,0.07328229397535324,0.9705882352941176,0.96875,0.96875,0.9687194525904204,5.148846960167715e-06,0.78125,0.0,2.0,easy|medium|hard
test,0,8,182,32,0.5321357759967213,97.1206227169896,1157.2970105939894,8.505537698511034e-05,1.0,1.0,1.0,1.0,5.140461215932915e-06,1.0625,0.0,2.0,hard|medium|easy
test,0,8,183,32,0.5323455149919027,97.65355621499475,1157.8299440709961,0.00015631299174856395,1.0,1.0,1.0,1.0,5.1320754716981136e-06,0.9375,0.0,2.0,medium|easy|hard
test,0,8,184,32,0.532692100998247,98.18676808399323,1158.363155908999,0.00023301976034417748,1.0,1.0,1.0,1.0,5.123689727463312e-06,0.96875,0.0,2.0,easy|medium|hard
test,0,8,185,32,0.5331312500056811,98.7204764969938,1158.8968643639964,9.24641644814983e-05,1.0,1.0,1.0,1.0,5.115303983228512e-06,0.90625,0.0,2.0,medium|easy|hard
test,0,8,186,32,0.5321657290041912,99.25319744499575,1159.4295853169897,0.00012608562246896327,1.0,1.0,1.0,1.0,5.106918238993711e-06,1.5,0.0,2.0,hard|easy|medium
test,0,8,187,32,0.5332978079968598,99.78693332699186,1159.9633212129993,0.0001248290645889938,1.0,1.0,1.0,1.0,5.09853249475891e-06,1.21875,0.0,2.0,hard|medium|easy
test,0,8,188,32,0.5321690970013151,100.3196594369947,1160.4960472719977,8.864942356012762e-05,1.0,1.0,1.0,1.0,5.090146750524109e-06,0.75,0.0,2.0,hard|medium|easy
test,0,8,189,32,0.5323669030040037,100.8525652919925,1161.028953490997,0.0001244743325514719,1.0,1.0,1.0,1.0,5.081761006289309e-06,0.96875,0.0,2.0,medium|hard|easy
test,0,8,190,32,0.5330704580119345,101.38611196698912,1161.562499844993,0.00010301983274985105,1.0,1.0,1.0,1.0,5.073375262054507e-06,0.9375,0.0,2.0,hard|easy|medium
test,0,8,191,32,0.5328777980030281,101.91959566999867,1162.095983562991,0.00014951637422200292,1.0,1.0,1.0,1.0,5.0649895178197074e-06,1.3125,0.0,2.0,hard|medium|easy
test,0,8,192,32,0.5323866899998393,102.45245117000013,1162.6288390489935,0.00015265989350154996,1.0,1.0,1.0,1.0,5.056603773584906e-06,0.96875,0.0,2.0,hard|easy|medium
test,0,8,193,32,0.5327948619960807,102.98580194599344,1163.1621899969905,9.477126877754927e-05,1.0,1.0,1.0,1.0,5.048218029350105e-06,1.09375,0.0,2.0,medium|hard|easy
test,0,8,194,32,0.5329690880025737,103.51936371099146,1163.6957516269904,0.11885637789964676,0.9615384615384616,0.96875,0.975,0.9671794871794872,5.039832285115305e-06,0.96875,0.0,2.0,hard|easy|medium
test,0,8,195,32,0.532561218002229,104.05256086699956,1164.2289490679977,8.273111598100513e-05,1.0,1.0,1.0,1.0,5.031446540880504e-06,1.15625,0.0,2.0,hard|medium|easy
test,0,8,196,32,0.5329082789976383,104.5860688870016,1164.7624570210028,9.763732668943703e-05,1.0,1.0,1.0,1.0,5.0230607966457024e-06,1.125,0.0,2.0,medium|hard|easy
test,0,8,197,32,0.5328838559944415,105.11949615299818,1165.2958840380015,0.00010920642671408132,1.0,1.0,1.0,1.0,5.014675052410903e-06,0.96875,0.0,2.0,medium|hard|easy
test,0,8,198,32,0.5324758630013093,105.65253136699903,1165.8289191889926,0.00012975389836356044,1.0,1.0,1.0,1.0,5.006289308176101e-06,1.09375,0.0,2.0,medium|easy|hard
test,0,8,199,32,0.5329653640073957,106.18602028000169,1166.3624081390008,0.00010802174801938236,1.0,1.0,1.0,1.0,4.9979035639413005e-06,0.875,0.0,2.0,hard|medium|easy
test,0,8,200,32,0.5324078569974517,106.7190048850025,1166.8953927190014,9.802002023207024e-05,1.0,1.0,1.0,1.0,4.989517819706499e-06,0.9375,0.0,2.0,easy|medium|hard
test,0,8,201,32,0.5323800210026093,107.2519024899957,1167.4282903519925,0.0001017384638544172,1.0,1.0,1.0,1.0,4.981132075471698e-06,1.21875,0.0,2.0,medium|easy|hard
test,0,8,202,32,0.533079713000916,107.78547412899206,1167.9618619539979,0.0001586184516781941,1.0,1.0,1.0,1.0,4.972746331236898e-06,0.78125,0.0,2.0,easy|medium|hard
test,0,8,203,32,0.5324152230023174,108.31848121598887,1168.4948690890014,0.00010406753426650539,1.0,1.0,1.0,1.0,4.964360587002097e-06,1.28125,0.0,2.0,medium|hard|easy
test,0,8,204,32,0.5319849189982051,108.85098122399359,1169.027369228992,0.00011660008749458939,1.0,1.0,1.0,1.0,4.955974842767296e-06,0.90625,0.0,2.0,easy|medium|hard
test,0,8,205,32,0.533167362009408,109.38471224899695,1169.561100150997,0.0001920648937812075,1.0,1.0,1.0,1.0,4.947589098532496e-06,1.09375,0.0,2.0,hard|easy|medium
test,0,8,206,32,0.53255810700648,109.91777596400061,1170.0941638639924,9.328738087788224e-05,1.0,1.0,1.0,1.0,4.939203354297694e-06,0.90625,0.0,2.0,easy|medium|hard
test,0,8,207,32,0.5319498349999776,110.45027232299617,1170.626660185997,0.00010089328861795366,1.0,1.0,1.0,1.0,4.9308176100628935e-06,0.9375,0.0,2.0,hard|easy|medium
test,0,8,208,32,0.5331923959893174,110.98398758599069,1171.1603753989912,0.0001189101894851774,1.0,1.0,1.0,1.0,4.922431865828093e-06,1.09375,0.0,2.0,hard|easy|medium
test,0,8,209,32,0.5325796079996508,111.51715229899855,1171.6935401029914,0.00010483618825674057,1.0,1.0,1.0,1.0,4.914046121593291e-06,0.9375,0.0,2.0,hard|easy|medium
test,0,8,210,32,0.5317597039975226,112.04946283598838,1172.2258507069928,0.0001656135282246396,1.0,1.0,1.0,1.0,4.905660377358491e-06,0.8125,0.0,2.0,medium|easy|hard
test,0,8,211,32,0.5331606690015178,112.5831709849881,1172.759558876991,0.2918432652950287,0.96875,0.96875,0.9705882352941176,0.9687194525904204,4.89727463312369e-06,1.09375,0.0,2.0,medium|hard|easy
test,0,8,212,32,0.5324272500001825,113.11613530600152,1173.2925232220005,0.00010494206071598455,1.0,1.0,1.0,1.0,4.888888888888889e-06,1.0625,0.0,2.0,medium|hard|easy
test,0,8,213,32,0.5318223790090997,113.64856013699318,1173.8249480270024,0.00011712485866155475,1.0,1.0,1.0,1.0,4.880503144654089e-06,1.03125,0.0,2.0,medium|easy|hard
test,0,8,214,32,0.5331294960051309,114.18222949499614,1174.3586173660005,9.688569116406143e-05,1.0,1.0,1.0,1.0,4.872117400419288e-06,1.0625,0.0,2.0,easy|hard|medium
test,0,8,215,32,0.5329740500019398,114.71579417999601,1174.8921820099931,0.00013407027290668339,1.0,1.0,1.0,1.0,4.8637316561844865e-06,1.21875,0.0,2.0,easy|hard|medium
test,0,8,216,32,0.5319700749969343,115.24831410399929,1175.424701980999,0.00012218282790854573,1.0,1.0,1.0,1.0,4.855345911949686e-06,0.90625,0.0,2.0,medium|hard|easy
test,0,8,217,32,0.5329117359942757,115.78176811800222,1175.9581559310027,0.00010542309610173106,1.0,1.0,1.0,1.0,4.846960167714885e-06,0.96875,0.0,2.0,hard|medium|easy
test,0,8,218,32,0.5325410670047859,116.31490374899295,1176.4912917149923,0.00015162915224209428,1.0,1.0,1.0,1.0,4.8385744234800845e-06,1.125,0.0,2.0,hard|easy|medium
test,0,8,219,32,0.5320605460001389,116.84753413099679,1177.0239220770018,0.00643893564119935,1.0,1.0,1.0,1.0,4.830188679245284e-06,0.8125,0.0,2.0,medium|easy|hard
test,0,8,220,32,0.5329938590002712,117.3810826389963,1177.5574706759944,0.000171290899743326,1.0,1.0,1.0,1.0,4.821802935010483e-06,1.0625,0.0,2.0,medium|easy|hard
test,0,8,221,32,0.5328427609929349,117.91436337199411,1178.090751249998,0.00011154977983096614,1.0,1.0,1.0,1.0,4.813417190775682e-06,0.875,0.0,2.0,medium|easy|hard
test,0,8,222,32,0.532101335003972,118.4470206029946,1178.623408458996,0.00012881953443866223,1.0,1.0,1.0,1.0,4.805031446540881e-06,1.15625,0.0,2.0,hard|medium|easy
test,0,8,223,32,0.5331878110009711,118.9806512859941,1179.1570391129935,9.93368958006613e-05,1.0,1.0,1.0,1.0,4.79664570230608e-06,1.125,0.0,2.0,hard|easy|medium
test,0,8,224,32,0.5324277600011555,119.51363237199257,1179.6900201959943,0.00012184882507426664,1.0,1.0,1.0,1.0,4.788259958071279e-06,1.15625,0.0,2.0,easy|hard|medium
test,0,8,225,32,0.5326754120033002,120.04674880400125,1180.2231367939967,0.00012550363317131996,1.0,1.0,1.0,1.0,4.779874213836478e-06,0.96875,0.0,2.0,easy|medium|hard
test,0,8,226,32,0.5334056290012086,120.58075943999575,1180.757147286,0.0003621293872129172,1.0,1.0,1.0,1.0,4.7714884696016775e-06,0.84375,0.0,2.0,hard|medium|easy
test,0,8,227,32,0.5329747610085178,121.11425476899603,1181.2906426080008,0.00011037712101824582,1.0,1.0,1.0,1.0,4.763102725366877e-06,1.03125,0.0,2.0,medium|hard|easy
test,0,8,228,32,0.5319828310020966,121.64685277499666,1181.8232406140014,0.00014781588106416166,1.0,1.0,1.0,1.0,4.754716981132076e-06,1.0,0.0,2.0,easy|medium|hard
test,0,8,229,32,0.5336964300076943,122.1810733799939,1182.3574612609955,0.00010976218618452549,1.0,1.0,1.0,1.0,4.7463312368972756e-06,1.3125,0.0,2.0,medium|easy|hard
test,0,8,230,32,0.5328435160045046,122.71444899399648,1182.8908368919947,0.001745346700772643,1.0,1.0,1.0,1.0,4.737945492662474e-06,1.28125,0.0,2.0,hard|medium|easy
test,0,8,231,32,0.5322052620031172,123.24711157099227,1183.4234997820022,0.23911286890506744,0.9705882352941176,0.96875,0.96875,0.9687194525904204,4.729559748427673e-06,0.84375,0.0,2.0,medium|easy|hard
test,0,8,232,32,0.533287571000983,123.78085674399335,1183.9572446189995,0.008678942918777466,1.0,1.0,1.0,1.0,4.721174004192873e-06,1.15625,0.0,2.0,hard|easy|medium
test,0,8,233,32,0.5329019929922651,124.3142704799975,1184.490658456998,0.00011896080104634166,1.0,1.0,1.0,1.0,4.712788259958071e-06,1.15625,0.0,2.0,hard|easy|medium
test,0,8,234,32,0.532385049998993,124.8472136700002,1185.0236014919938,0.000209121557418257,1.0,1.0,1.0,1.0,4.7044025157232706e-06,0.84375,0.0,2.0,easy|hard|medium
test,0,8,235,32,0.5332885579991853,125.38109521700244,1185.5574830230034,0.051086101680994034,0.96875,0.96875,0.9705882352941176,0.9687194525904204,4.69601677148847e-06,1.0,0.0,2.0,medium|easy|hard
test,0,8,236,32,0.532658290991094,125.91430638199381,1186.090694255996,0.0008102586143650115,1.0,1.0,1.0,1.0,4.687631027253669e-06,1.25,0.0,2.0,hard|medium|easy
test,0,8,237,32,0.5323594390065409,126.4472393449978,1186.6236272270035,0.0001809749228414148,1.0,1.0,1.0,1.0,4.6792452830188686e-06,1.21875,0.0,2.0,medium|easy|hard
test,0,8,238,32,0.5331500900065294,126.98097015399253,1187.1573580089898,0.00015786936273798347,1.0,1.0,1.0,1.0,4.670859538784068e-06,0.84375,0.0,2.0,easy|hard|medium
test,0,8,239,32,0.5327760729996953,127.51428019999003,1187.6906681099936,0.00015377879026345909,1.0,1.0,1.0,1.0,4.662473794549266e-06,0.75,0.0,2.0,easy|hard|medium
test,0,8,240,32,0.5324511869985145,128.04726978098915,1188.223657636001,0.00014252732216846198,1.0,1.0,1.0,1.0,4.654088050314466e-06,1.09375,0.0,2.0,easy|medium|hard
test,0,8,241,32,0.5332078240026021,128.5810426550015,1188.757430518992,0.0005418837536126375,1.0,1.0,1.0,1.0,4.645702306079665e-06,1.09375,0.0,2.0,hard|medium|easy
test,0,8,242,32,0.5328632219898282,129.1144810190017,1189.290869022996,0.00011409971921239048,1.0,1.0,1.0,1.0,4.6373165618448644e-06,0.96875,0.0,2.0,hard|medium|easy
test,0,8,243,32,0.5321918850095244,129.647303441001,1189.8236913970031,0.00011153439118061215,1.0,1.0,1.0,1.0,4.628930817610064e-06,1.34375,0.0,2.0,hard|easy|medium
test,0,8,244,32,0.5333174299885286,130.18117154999345,1190.3575594339927,0.0032707457430660725,1.0,1.0,1.0,1.0,4.620545073375263e-06,1.1875,0.0,2.0,medium|easy|hard
test,0,8,245,32,0.5323224239982665,130.7140822270012,1190.8904701099964,0.00014808637206442654,1.0,1.0,1.0,1.0,4.612159329140462e-06,0.75,0.0,2.0,easy|medium|hard
test,0,8,246,32,0.5318388380110264,131.24639757598925,1191.42278571699,0.035787809640169144,0.9642857142857143,0.96875,0.9736842105263157,0.967967967967968,4.603773584905661e-06,0.75,0.0,2.0,medium|easy|hard
test,0,8,247,32,0.533708258997649,131.78070448999642,1191.9570923189895,0.07538718730211258,0.9666666666666667,0.96875,0.9722222222222222,0.9684729064039409,4.59538784067086e-06,0.96875,0.0,2.0,easy|hard|medium
test,0,8,248,32,0.5323146619921317,132.3136168919882,1192.4900047199917,0.01902441866695881,1.0,1.0,1.0,1.0,4.587002096436059e-06,0.8125,0.0,2.0,easy|hard|medium
test,0,8,249,32,0.532224820999545,132.846431441998,1193.0228193090006,0.00010467394895385951,1.0,1.0,1.0,1.0,4.578616352201258e-06,1.15625,0.0,2.0,medium|hard|easy
test,0,8,250,32,0.5336426110006869,133.38066773499304,1193.557055694997,0.00014618810382671654,1.0,1.0,1.0,1.0,4.5702306079664574e-06,1.03125,0.0,2.0,hard|medium|easy
test,0,8,251,32,0.5323962310067145,133.91364674099896,1194.0900346169947,0.0002099398843711242,1.0,1.0,1.0,1.0,4.561844863731657e-06,1.21875,0.0,2.0,easy|hard|medium
test,0,8,252,32,0.531522629011306,134.44564910099143,1194.6220369869989,0.0001419214968336746,1.0,1.0,1.0,1.0,4.553459119496856e-06,1.09375,0.0,2.0,medium|hard|easy
test,0,8,253,32,0.5335455969907343,134.97972224598925,1195.1561101230036,0.00012272418825887144,1.0,1.0,1.0,1.0,4.545073375262055e-06,1.15625,0.0,2.0,medium|easy|hard
test,0,8,254,32,0.5322790200007148,135.51263545399706,1195.6890232709993,0.0001120899323723279,1.0,1.0,1.0,1.0,4.536687631027254e-06,0.96875,0.0,2.0,easy|hard|medium
test,0,8,255,32,0.531863071009866,136.04500738899515,1196.2213952729944,0.007090724539011717,1.0,1.0,1.0,1.0,4.528301886792453e-06,1.15625,0.0,2.0,hard|medium|easy
test,0,8,256,32,0.5336617949942593,136.57925260199409,1196.7556404779898,0.0001256353862117976,1.0,1.0,1.0,1.0,4.519916142557652e-06,1.125,0.0,2.0,hard|medium|easy
test,0,8,257,32,0.5328875729901483,137.11264203299652,1197.289030246,0.000494771113153547,1.0,1.0,1.0,1.0,4.511530398322851e-06,1.0625,0.0,2.0,hard|easy|medium
test,0,8,258,32,0.5319111040007556,137.6451271549886,1197.821515083997,0.0001271187502425164,1.0,1.0,1.0,1.0,4.5031446540880505e-06,0.96875,0.0,2.0,easy|hard|medium
test,0,8,259,32,0.533338786000968,138.1790486999962,1198.3554365299933,0.0007114577456377447,1.0,1.0,1.0,1.0,4.49475890985325e-06,0.96875,0.0,2.0,hard|easy|medium
test,0,8,260,32,0.5324501490104012,138.71207416900143,1198.888461989991,0.00323695270344615,1.0,1.0,1.0,1.0,4.486373165618449e-06,0.90625,0.0,2.0,hard|easy|medium
test,0,8,261,32,0.5312468299962347,139.2442062619957,1199.4205941129912,0.0001472990697948262,1.0,1.0,1.0,1.0,4.4779874213836485e-06,0.96875,0.0,2.0,medium|easy|hard
test,0,8,262,32,0.5337635530013358,139.77843500199378,1199.9548228670028,0.00011910391913261265,1.0,1.0,1.0,1.0,4.469601677148847e-06,1.125,0.0,2.0,medium|hard|easy
test,0,8,263,32,0.5320006770052714,140.3109487299953,1200.4873365639942,0.00015758936933707446,1.0,1.0,1.0,1.0,4.461215932914046e-06,0.90625,0.0,2.0,medium|hard|easy
test,0,8,264,32,0.5320229979988653,140.84339741099393,1201.0197852919955,0.00011483129492262378,1.0,1.0,1.0,1.0,4.452830188679246e-06,0.78125,0.0,2.0,medium|hard|easy
test,0,8,265,6,0.16074687799846288,141.0046148830006,1201.18100270399,7.307230407604948e-05,1.0,1.0,1.0,1.0,4.444444444444444e-06,1.0,0.0,2.0,hard|medium|easy
test,0,9,1,32,0.5348048439918784,0.6204900050070137,1212.2607674299943,0.00011770973651437089,1.0,1.0,1.0,1.0,4.4360587002096435e-06,1.0,0.0,2.0,hard|medium|easy
test,0,9,2,32,0.5323787119996268,1.1536419519979972,1212.793915657996,0.00010271466453559697,1.0,1.0,1.0,1.0,4.427672955974844e-06,1.21875,0.0,2.0,hard|easy|medium
test,0,9,3,32,0.533245195998461,1.6873789910023334,1213.327652683991,0.021777335554361343,1.0,1.0,1.0,1.0,4.419287211740042e-06,1.03125,0.0,2.0,hard|medium|easy
test,0,9,4,32,0.5328469219966792,2.2208369150030194,1213.8611106280005,0.00013357675925362855,1.0,1.0,1.0,1.0,4.4109014675052415e-06,1.125,0.0,2.0,hard|easy|medium
test,0,9,5,32,0.5335269079951104,2.7548492460045964,1214.3951230139937,0.0001614053180674091,1.0,1.0,1.0,1.0,4.402515723270441e-06,0.875,0.0,2.0,hard|easy|medium
test,0,9,6,32,0.5339406129933195,3.2893760470033158,1214.9296498740005,0.00011349338456057012,1.0,1.0,1.0,1.0,4.394129979035639e-06,1.09375,0.0,2.0,hard|easy|medium
test,0,9,7,32,0.5327407459990354,3.8226804959995206,1215.4629541909962,0.00010331238445360214,1.0,1.0,1.0,1.0,4.385744234800839e-06,1.0,0.0,2.0,medium|easy|hard
test,0,9,8,32,0.5321847820014227,4.355396272003418,1215.9956699829927,9.495984704699367e-05,1.0,1.0,1.0,1.0,4.377358490566038e-06,1.0625,0.0,2.0,hard|easy|medium
test,0,9,9,32,0.5331102659984026,4.88909301100648,1216.5293667520018,0.00010717330587795004,1.0,1.0,1.0,1.0,4.368972746331237e-06,0.84375,0.0,2.0,medium|easy|hard
test,0,9,10,32,0.5320168180041946,5.421689642011188,1217.0619633570022,0.00012191375572001562,1.0,1.0,1.0,1.0,4.360587002096437e-06,0.9375,0.0,2.0,easy|hard|medium
test,0,9,11,32,0.531717892998131,5.954000184006873,1217.5942739049933,0.0001955069601535797,1.0,1.0,1.0,1.0,4.352201257861636e-06,1.09375,0.0,2.0,medium|hard|easy
test,0,9,12,32,0.534377695992589,6.488915442998405,1218.1291891639994,0.00010904789814958349,1.0,1.0,1.0,1.0,4.3438155136268345e-06,0.9375,0.0,2.0,medium|easy|hard
test,0,9,13,32,0.5330166640051175,7.022444991001976,1218.662718705993,0.00012825113662984222,1.0,1.0,1.0,1.0,4.335429769392034e-06,1.0625,0.0,2.0,easy|hard|medium
test,0,9,14,32,0.531692042000941,7.554688083007932,1219.194961796995,0.00024509328068234026,1.0,1.0,1.0,1.0,4.327044025157233e-06,1.21875,0.0,2.0,medium|easy|hard
test,0,9,15,32,0.5333801759989001,8.088601264011231,1219.728874968001,0.0001268406631425023,1.0,1.0,1.0,1.0,4.318658280922432e-06,1.0,0.0,2.0,hard|medium|easy
test,0,9,16,32,0.5328850009973394,8.62204436500906,1220.2623180759983,0.00011755099694710225,1.0,1.0,1.0,1.0,4.310272536687631e-06,1.09375,0.0,2.0,easy|hard|medium
test,0,9,17,32,0.5314096189977136,9.153982357005589,1220.7942561450036,0.00015857475227676332,1.0,1.0,1.0,1.0,4.30188679245283e-06,1.09375,0.0,2.0,easy|hard|medium
test,0,9,18,32,0.5338195789954625,9.688348968003993,1221.328622688001,0.00011656933929771185,1.0,1.0,1.0,1.0,4.29350104821803e-06,1.03125,0.0,2.0,hard|easy|medium
test,0,9,19,32,0.5331747460004408,10.222105303007993,1221.8623790150014,0.00022022330085746944,1.0,1.0,1.0,1.0,4.285115303983229e-06,1.15625,0.0,2.0,medium|hard|easy
test,0,9,20,32,0.5320179469999857,10.754699643002823,1222.3949733629997,0.00011469845776446164,1.0,1.0,1.0,1.0,4.276729559748428e-06,1.1875,0.0,2.0,easy|medium|hard
test,0,9,21,32,0.5336112869990757,11.288870244010468,1222.9291440459929,0.00010683241271181032,1.0,1.0,1.0,1.0,4.268343815513627e-06,0.96875,0.0,2.0,medium|easy|hard
test,0,9,22,32,0.5327395759959472,11.822211662001791,1223.4624854010035,0.00011309250839985907,1.0,1.0,1.0,1.0,4.259958071278826e-06,0.71875,0.0,2.0,medium|hard|easy
test,0,9,23,32,0.5322970239940332,12.355124616005924,1223.9953983469895,0.0001336112036369741,1.0,1.0,1.0,1.0,4.2515723270440256e-06,1.25,0.0,2.0,hard|easy|medium
test,0,9,24,32,0.5334458389988868,12.889194261006196,1224.5294679969957,0.0030999707523733377,1.0,1.0,1.0,1.0,4.243186582809224e-06,1.0,0.0,2.0,hard|medium|easy
test,0,9,25,32,0.5331515019934159,13.422878226003377,1225.063151962997,0.00021244835807010531,1.0,1.0,1.0,1.0,4.234800838574423e-06,0.9375,0.0,2.0,easy|hard|medium
test,0,9,26,32,0.5317705390043557,13.955191116998321,1225.595464825994,0.0002125950122717768,1.0,1.0,1.0,1.0,4.226415094339623e-06,1.125,0.0,2.0,medium|hard|easy
test,0,9,27,32,0.5332574899948668,14.489025565009797,1226.1292992669914,0.00012023167073493823,1.0,1.0,1.0,1.0,4.218029350104822e-06,1.03125,0.0,2.0,easy|medium|hard
test,0,9,28,32,0.5325294420035789,15.022112930004369,1226.6623866430018,9.352914639748633e-05,1.0,1.0,1.0,1.0,4.209643605870021e-06,0.78125,0.0,2.0,medium|easy|hard
test,0,9,29,32,0.5318681659991853,15.55453445200692,1227.1948081769951,8.809129940345883e-05,1.0,1.0,1.0,1.0,4.201257861635221e-06,1.21875,0.0,2.0,medium|easy|hard
test,0,9,30,32,0.5336182489991188,16.088659637011006,1227.7289333559893,0.00011255961726419628,1.0,1.0,1.0,1.0,4.192872117400419e-06,0.9375,0.0,2.0,medium|easy|hard
test,0,9,31,32,0.5325570150016574,16.621745463009574,1228.2620191519964,9.461637091590092e-05,1.0,1.0,1.0,1.0,4.184486373165619e-06,0.96875,0.0,2.0,easy|hard|medium
test,0,9,32,32,0.5316430520033464,17.153922985002282,1228.7941967020015,0.00011542672291398048,1.0,1.0,1.0,1.0,4.176100628930818e-06,0.875,0.0,2.0,hard|easy|medium
test,0,9,33,32,0.5334950770047726,17.687926159007475,1229.3281998930033,0.00014325699885375798,1.0,1.0,1.0,1.0,4.167714884696017e-06,0.875,0.0,2.0,medium|easy|hard
test,0,9,34,32,0.5326306790084345,18.22112012100115,1229.861393831001,9.158893954008818e-05,1.0,1.0,1.0,1.0,4.159329140461217e-06,0.875,0.0,2.0,easy|hard|medium
test,0,9,35,32,0.5319323050061939,18.753568294006982,1230.3938420100021,0.000186257078894414,1.0,1.0,1.0,1.0,4.150943396226416e-06,0.96875,0.0,2.0,hard|easy|medium
test,0,9,36,32,0.5337683999969158,19.287957289008773,1230.9282310069975,0.00021464854944497347,1.0,1.0,1.0,1.0,4.1425576519916144e-06,1.0625,0.0,2.0,easy|medium|hard
test,0,9,37,32,0.5325741169945104,19.82106047900743,1231.4613342469966,9.68662352534011e-05,1.0,1.0,1.0,1.0,4.134171907756814e-06,1.0,0.0,2.0,easy|medium|hard
test,0,9,38,32,0.5322001739987172,20.353799967997475,1231.994073680995,0.00011704083590302616,1.0,1.0,1.0,1.0,4.125786163522013e-06,0.96875,0.0,2.0,easy|hard|medium
test,0,9,39,32,0.5340452159871347,20.888402171010966,1232.528675879992,0.06498388946056366,0.9736842105263157,0.96875,0.9642857142857143,0.967967967967968,4.117400419287212e-06,1.0,0.0,2.0,easy|hard|medium
test,0,9,40,32,0.5327855840005213,21.42179054400185,1233.062064258993,0.00011069010361097753,1.0,1.0,1.0,1.0,4.109014675052411e-06,1.15625,0.0,2.0,easy|medium|hard
test,0,9,41,32,0.5320878329948755,21.954464502006886,1233.5947382129962,0.00011326376989018172,1.0,1.0,1.0,1.0,4.10062893081761e-06,0.9375,0.0,2.0,easy|medium|hard
test,0,9,42,32,0.5339428900042549,22.488955385997542,1234.1292291239952,0.00011144676682306454,1.0,1.0,1.0,1.0,4.09224318658281e-06,0.75,0.0,2.0,easy|medium|hard
test,0,9,43,32,0.5330806010024389,23.02272197000275,1234.6629957050027,9.851496724877506e-05,1.0,1.0,1.0,1.0,4.083857442348009e-06,1.0,0.0,2.0,medium|hard|easy
test,0,9,44,32,0.5321476480021374,23.555425804006518,1235.1956995209912,9.254638280253857e-05,1.0,1.0,1.0,1.0,4.075471698113208e-06,1.0625,0.0,2.0,medium|hard|easy
test,0,9,45,32,0.5329960700037191,24.088981050008442,1235.7292547639954,9.605819650460035e-05,1.0,1.0,1.0,1.0,4.067085953878407e-06,1.34375,0.0,2.0,hard|medium|easy
test,0,9,46,32,0.5326399670011597,24.622148303009453,1236.2624221419974,0.00029104991699568927,1.0,1.0,1.0,1.0,4.058700209643606e-06,0.90625,0.0,2.0,hard|medium|easy
test,0,9,47,32,0.5319094639999093,25.15468415200303,1236.7949578709959,0.00011311599519103765,1.0,1.0,1.0,1.0,4.0503144654088055e-06,0.78125,0.0,2.0,hard|easy|medium
test,0,9,48,32,0.5332724990003044,25.688489931999356,1237.3287636909954,0.00011960354459006339,1.0,1.0,1.0,1.0,4.041928721174004e-06,1.125,0.0,2.0,easy|medium|hard
test,0,9,49,32,0.5326853519945871,26.22177681500034,1237.862050522992,0.00010599255620036274,1.0,1.0,1.0,1.0,4.033542976939203e-06,1.09375,0.0,2.0,medium|hard|easy
test,0,9,50,32,0.5320055769989267,26.754367304005427,1238.3946410149947,9.857942495727912e-05,1.0,1.0,1.0,1.0,4.025157232704403e-06,0.90625,0.0,2.0,easy|hard|medium
test,0,9,51,32,0.5329808340029558,27.287932197010377,1238.9282061799895,9.96299204416573e-05,1.0,1.0,1.0,1.0,4.016771488469602e-06,0.90625,0.0,2.0,medium|easy|hard
test,0,9,52,32,0.532728534002672,27.82121263499721,1239.461486368993,0.00016250675253104419,1.0,1.0,1.0,1.0,4.008385744234801e-06,0.84375,0.0,2.0,hard|easy|medium
test,0,9,53,32,0.5321498849953059,28.353926725001656,1239.9942004689947,0.00014583261508960277,1.0,1.0,1.0,1.0,4.000000000000001e-06,1.25,0.0,2.0,medium|easy|hard
test,0,9,54,32,0.5330099880084163,28.88751277299889,1240.527786480001,0.00010649344039848074,1.0,1.0,1.0,1.0,3.991614255765199e-06,0.875,0.0,2.0,medium|easy|hard
test,0,9,55,32,0.532878443991649,29.420945646998007,1241.0612194610003,9.47020307648927e-05,1.0,1.0,1.0,1.0,3.9832285115303985e-06,0.96875,0.0,2.0,hard|easy|medium
test,0,9,56,32,0.5319930199912051,29.953518979004002,1241.593792685002,9.992800914915279e-05,1.0,1.0,1.0,1.0,3.974842767295598e-06,1.1875,0.0,2.0,hard|easy|medium
test,0,9,57,32,0.5329462380032055,30.48702392000996,1242.1272976309992,0.00014678912702947855,1.0,1.0,1.0,1.0,3.966457023060797e-06,0.9375,0.0,2.0,easy|medium|hard
test,0,9,58,32,0.5327903340075864,31.020404886003234,1242.6606785859913,9.081032476387918e-05,1.0,1.0,1.0,1.0,3.9580712788259965e-06,1.0,0.0,2.0,easy|hard|medium
test,0,9,59,32,0.5318238409963669,31.552804257997195,1243.193077969001,0.00011700227332767099,1.0,1.0,1.0,1.0,3.949685534591196e-06,1.1875,0.0,2.0,medium|hard|easy
test,0,9,60,32,0.5329501160013024,32.086359389009885,1243.726633112994,9.669196151662618e-05,1.0,1.0,1.0,1.0,3.941299790356394e-06,0.90625,0.0,2.0,medium|hard|easy
test,0,9,61,32,0.5327112359955208,32.6196056589979,1244.25987935999,0.011772979982197285,1.0,1.0,1.0,1.0,3.932914046121594e-06,0.9375,0.0,2.0,medium|hard|easy
test,0,9,62,32,0.5316566240071552,33.15179212699877,1244.7920658279909,0.1542672961950302,0.9761904761904762,0.96875,0.9583333333333333,0.9660657476139979,3.924528301886793e-06,0.65625,0.0,2.0,medium|easy|hard
test,0,9,63,32,0.5331780230044387,33.685527280002134,1245.3258009819983,0.018723761662840843,1.0,1.0,1.0,1.0,3.9161425576519915e-06,1.15625,0.0,2.0,medium|easy|hard
test,0,9,64,32,0.5327611900138436,34.21884915900591,1245.8591228799924,0.00014215745613910258,1.0,1.0,1.0,1.0,3.907756813417191e-06,1.0,0.0,2.0,medium|easy|hard
test,0,9,65,32,0.5320353470015107,34.75147271499736,1246.391746430003,9.62674239417538e-05,1.0,1.0,1.0,1.0,3.89937106918239e-06,0.8125,0.0,2.0,easy|hard|medium
test,0,9,66,32,0.5331271230097627,35.285193346004235,1246.9254671160015,0.00024675094755366445,1.0,1.0,1.0,1.0,3.8909853249475895e-06,0.96875,0.0,2.0,medium|hard|easy
test,0,9,67,32,0.5326183579891222,35.81837225900381,1247.4586459669954,0.0001378557935822755,1.0,1.0,1.0,1.0,3.882599580712789e-06,0.9375,0.0,2.0,medium|hard|easy
test,0,9,68,32,0.5321811989997514,36.35122999000305,1247.9915037879982,0.0001557280629640445,1.0,1.0,1.0,1.0,3.874213836477988e-06,0.96875,0.0,2.0,medium|hard|easy
test,0,9,69,32,0.5338264320016606,36.88568843300163,1248.525962240994,9.287312423111871e-05,1.0,1.0,1.0,1.0,3.865828092243187e-06,1.125,0.0,2.0,medium|hard|easy
test,0,9,70,32,0.5329018310003448,37.41915268100274,1249.0594264269894,0.00010328811185900122,1.0,1.0,1.0,1.0,3.857442348008386e-06,0.71875,0.0,2.0,easy|hard|medium
test,0,9,71,32,0.5316129410057329,37.9512358810025,1249.5915095749951,9.896004485199228e-05,1.0,1.0,1.0,1.0,3.849056603773585e-06,0.71875,0.0,2.0,easy|hard|medium
test,0,9,72,32,0.5327914670051541,38.484624852004345,1250.1248985580023,9.289859735872597e-05,1.0,1.0,1.0,1.0,3.840670859538784e-06,0.9375,0.0,2.0,easy|hard|medium
test,0,9,73,32,0.5322785059979651,39.017518802007544,1250.657792789003,0.00018028328486252576,1.0,1.0,1.0,1.0,3.832285115303983e-06,1.0,0.0,2.0,medium|easy|hard
test,0,9,74,32,0.5318186919903383,39.54989325700444,1251.190166950997,0.07702222466468811,0.9705882352941176,0.96875,0.96875,0.9687194525904204,3.8238993710691826e-06,1.03125,0.0,2.0,easy|medium|hard
test,0,9,75,32,0.5332525269914186,40.0837478050089,1251.724021499991,0.00010798365838127211,1.0,1.0,1.0,1.0,3.815513626834382e-06,1.28125,0.0,2.0,hard|medium|easy
test,0,9,76,32,0.5329079450020799,40.61723462300142,1252.257508442999,8.359155617654324e-05,1.0,1.0,1.0,1.0,3.8071278825995812e-06,0.90625,0.0,2.0,easy|medium|hard
test,0,9,77,32,0.5317776519950712,41.14961699100968,1252.7898907799972,0.00017966826271731406,1.0,1.0,1.0,1.0,3.7987421383647806e-06,0.96875,0.0,2.0,hard|medium|easy
test,0,9,78,32,0.5332393610005965,41.68334179400699,1253.3236155030027,0.0001004392106551677,1.0,1.0,1.0,1.0,3.790356394129979e-06,0.78125,0.0,2.0,medium|easy|hard
test,0,9,79,32,0.533046311000362,42.21688447800989,1253.8571581900032,9.397203393746167e-05,1.0,1.0,1.0,1.0,3.7819706498951784e-06,0.84375,0.0,2.0,easy|medium|hard
test,0,9,80,32,0.5319569449929986,42.749452624004334,1254.3897263309918,8.445931598544121e-05,1.0,1.0,1.0,1.0,3.7735849056603777e-06,1.0625,0.0,2.0,hard|easy|medium
test,0,9,81,32,0.5331369640043704,43.28310977399815,1254.9233834780025,9.285524720326066e-05,1.0,1.0,1.0,1.0,3.7651991614255767e-06,1.0625,0.0,2.0,hard|medium|easy
test,0,9,82,32,0.5321061630093027,43.81585874099983,1255.4561324559909,0.00011632424866547808,1.0,1.0,1.0,1.0,3.756813417190776e-06,0.90625,0.0,2.0,medium|hard|easy
test,0,9,83,32,0.5322989790001884,44.34874351799954,1255.989017229993,9.124246571445838e-05,1.0,1.0,1.0,1.0,3.748427672955975e-06,1.09375,0.0,2.0,medium|hard|easy
test,0,9,84,32,0.5333295919990633,44.88259958100389,1256.5228733050026,0.00011517364328028634,1.0,1.0,1.0,1.0,3.7400419287211743e-06,1.125,0.0,2.0,easy|hard|medium
test,0,9,85,32,0.5326029560092138,45.41574870501063,1257.0560225160007,0.09254210442304611,0.9615384615384616,0.96875,0.975,0.9671794871794872,3.7316561844863736e-06,0.875,0.0,2.0,easy|hard|medium
test,0,9,86,32,0.5315105050103739,45.94775476701034,1257.5880284809973,8.192972745746374e-05,1.0,1.0,1.0,1.0,3.7232704402515725e-06,1.0,0.0,2.0,easy|hard|medium
test,0,9,87,32,0.5335006859968416,46.48181746400951,1258.1220911889977,8.942097338149324e-05,1.0,1.0,1.0,1.0,3.714884696016772e-06,0.96875,0.0,2.0,medium|easy|hard
test,0,9,88,32,0.5323231600050349,47.014733743999386,1258.655007483001,9.925029735313728e-05,1.0,1.0,1.0,1.0,3.706498951781971e-06,0.8125,0.0,2.0,hard|medium|easy
test,0,9,89,32,0.5316562399966642,47.54692083000555,1259.1871945399907,0.00017119711264967918,1.0,1.0,1.0,1.0,3.6981132075471697e-06,1.0625,0.0,2.0,easy|medium|hard
test,0,9,90,32,0.5334494490089128,48.080942155007506,1259.721215928992,7.648063910892233e-05,1.0,1.0,1.0,1.0,3.689727463312369e-06,1.25,0.0,2.0,hard|easy|medium
test,0,9,91,32,0.532756590997451,48.6141931059974,1260.2544669189956,8.832191815599799e-05,1.0,1.0,1.0,1.0,3.6813417190775684e-06,1.3125,0.0,2.0,hard|easy|medium
test,0,9,92,32,0.5322640380036319,49.14706292501069,1260.7873366339918,0.0001448665716452524,1.0,1.0,1.0,1.0,3.6729559748427673e-06,1.125,0.0,2.0,medium|hard|easy
test,0,9,93,32,0.5329539759986801,49.68055636200006,1261.3208300779952,0.00013010371185373515,1.0,1.0,1.0,1.0,3.6645702306079666e-06,1.25,0.0,2.0,easy|hard|medium
test,0,9,94,32,0.5327894869988086,50.21393682900816,1261.8542105410015,8.16883475636132e-05,1.0,1.0,1.0,1.0,3.656184486373166e-06,1.09375,0.0,2.0,medium|hard|easy
test,0,9,95,32,0.5316478629974881,50.74609228600457,1262.3863660119969,0.00012456798867788166,1.0,1.0,1.0,1.0,3.647798742138365e-06,0.625,0.0,2.0,easy|medium|hard
test,0,9,96,32,0.5334059209999396,51.28002844800358,1262.9203021569992,0.004664825741201639,1.0,1.0,1.0,1.0,3.6394129979035642e-06,1.09375,0.0,2.0,medium|hard|easy
test,0,9,97,32,0.5324921480059857,51.813091657997575,1263.453365399997,0.0004506223776843399,1.0,1.0,1.0,1.0,3.6310272536687636e-06,1.25,0.0,2.0,easy|medium|hard
test,0,9,98,32,0.5322929460089654,52.34596182699897,1263.9862355749938,0.0034369302447885275,1.0,1.0,1.0,1.0,3.6226415094339625e-06,1.03125,0.0,2.0,easy|medium|hard
test,0,9,99,32,0.533465023007011,52.87996081200254,1264.5202345689904,0.00010053479491034523,1.0,1.0,1.0,1.0,3.614255765199162e-06,1.1875,0.0,2.0,easy|medium|hard
test,0,9,100,32,0.5325435310078319,53.41296150400012,1265.0532352110022,8.732022979529575e-05,1.0,1.0,1.0,1.0,3.605870020964361e-06,1.0,0.0,2.0,medium|hard|easy
test,0,9,101,32,0.5317748880042927,53.945289794006385,1265.5855635149928,0.00010360311716794968,1.0,1.0,1.0,1.0,3.5974842767295596e-06,1.0,0.0,2.0,medium|easy|hard
test,0,9,102,32,0.5330794679903192,54.4789513249998,1266.1192250890017,0.00014264977653510869,1.0,1.0,1.0,1.0,3.589098532494759e-06,1.1875,0.0,2.0,easy|hard|medium
test,0,9,103,32,0.5329298349970486,55.01234280600329,1266.6526165090036,0.00012214973685331643,1.0,1.0,1.0,1.0,3.5807127882599583e-06,1.125,0.0,2.0,easy|hard|medium
test,0,9,104,32,0.5317456780030625,55.54465573599737,1267.184929451003,0.00010933791782008484,1.0,1.0,1.0,1.0,3.5723270440251572e-06,1.21875,0.0,2.0,easy|hard|medium
test,0,9,105,32,0.5331400849972852,56.078331349010114,1267.7186050570017,8.343136869370937e-05,1.0,1.0,1.0,1.0,3.5639412997903566e-06,0.9375,0.0,2.0,medium|hard|easy
test,0,9,106,32,0.5330310499994084,56.611912972002756,1268.2521866850002,8.50326323416084e-05,1.0,1.0,1.0,1.0,3.555555555555556e-06,0.90625,0.0,2.0,medium|hard|easy
test,0,9,107,32,0.5318533609970473,57.14428898000915,1268.7845627019997,0.00013511627912521362,1.0,1.0,1.0,1.0,3.547169811320755e-06,1.125,0.0,2.0,hard|easy|medium
test,0,9,108,32,0.533858816997963,57.6787620170071,1269.3190357319982,0.00017059606034308672,1.0,1.0,1.0,1.0,3.538784067085954e-06,1.0625,0.0,2.0,medium|hard|easy
test,0,9,109,32,0.5326565119903535,58.21195164600795,1269.8522253650008,7.70351616665721e-05,1.0,1.0,1.0,1.0,3.5303983228511535e-06,0.84375,0.0,2.0,medium|easy|hard
test,0,9,110,32,0.5316290359915001,58.744029497000156,1270.384303207,8.986268221633509e-05,1.0,1.0,1.0,1.0,3.5220125786163524e-06,1.125,0.0,2.0,medium|hard|easy
test,0,9,111,32,0.5338193710049381,59.27843063000182,1270.9187043939892,0.00010779714648379013,1.0,1.0,1.0,1.0,3.5136268343815518e-06,1.40625,0.0,2.0,hard|medium|easy
test,0,9,112,32,0.5328330009942874,59.81181185800233,1271.4520855779992,0.00010910021956078708,1.0,1.0,1.0,1.0,3.505241090146751e-06,0.96875,0.0,2.0,easy|medium|hard
test,0,9,113,32,0.5314801939966856,60.343866563998745,1271.9841403000028,0.00014590492355637252,1.0,1.0,1.0,1.0,3.4968553459119496e-06,1.1875,0.0,2.0,easy|hard|medium
test,0,9,114,32,0.5333172050013673,60.8777039120032,1272.5179776349978,9.440825670026243e-05,1.0,1.0,1.0,1.0,3.488469601677149e-06,0.8125,0.0,2.0,easy|medium|hard
test,0,9,115,32,0.5326291800010949,61.410902734001866,1273.0511764399998,0.00016536717885173857,1.0,1.0,1.0,1.0,3.4800838574423483e-06,0.9375,0.0,2.0,easy|medium|hard
test,0,9,116,32,0.5319186699925922,61.94340014200134,1273.583673878995,9.546242654323578e-05,1.0,1.0,1.0,1.0,3.471698113207547e-06,0.9375,0.0,2.0,easy|hard|medium
test,0,9,117,32,0.5329736950079678,62.47690468101064,1274.1171784189937,8.93839169293642e-05,1.0,1.0,1.0,1.0,3.4633123689727465e-06,1.09375,0.0,2.0,medium|easy|hard
test,0,9,118,32,0.5325401339941891,63.009907717001624,1274.650181541001,7.63726347940974e-05,1.0,1.0,1.0,1.0,3.454926624737946e-06,1.03125,0.0,2.0,hard|easy|medium
test,0,9,119,32,0.5320406249957159,63.5425266270031,1275.1828003339906,9.707524441182613e-05,1.0,1.0,1.0,1.0,3.4465408805031448e-06,0.90625,0.0,2.0,hard|medium|easy
test,0,9,120,32,0.5332184430008056,64.07635038701119,1275.7166241009982,0.0006737165385857224,1.0,1.0,1.0,1.0,3.438155136268344e-06,0.8125,0.0,2.0,medium|easy|hard
test,0,9,121,32,0.5325417299900437,64.6094240740058,1276.2496977870032,0.00013492786092683673,1.0,1.0,1.0,1.0,3.4297693920335435e-06,0.90625,0.0,2.0,easy|medium|hard
test,0,9,122,32,0.531389384996146,65.14135374200123,1276.7816275160003,0.20401690900325775,0.9722222222222222,0.96875,0.9666666666666667,0.9684729064039409,3.4213836477987424e-06,1.28125,0.0,2.0,hard|easy|medium
test,0,9,123,32,0.5332319420122076,65.67512451500806,1277.315398285995,0.00017356521857436746,1.0,1.0,1.0,1.0,3.4129979035639417e-06,1.125,0.0,2.0,hard|medium|easy
test,0,9,124,32,0.5328148830012651,66.20840718199906,1277.8486808949965,9.60765391937457e-05,1.0,1.0,1.0,1.0,3.404612159329141e-06,0.8125,0.0,2.0,medium|hard|easy
test,0,9,125,32,0.5317672790115466,66.74072657100623,1278.3810002709943,8.282742055598646e-05,1.0,1.0,1.0,1.0,3.3962264150943395e-06,0.90625,0.0,2.0,easy|hard|medium
test,0,9,126,32,0.5340397910040338,67.27535222900042,1278.9156259419979,0.0007241856073960662,1.0,1.0,1.0,1.0,3.387840670859539e-06,1.0625,0.0,2.0,medium|hard|easy
test,0,9,127,32,0.532658577998518,67.8086656210071,1279.448939369002,8.3576247561723e-05,1.0,1.0,1.0,1.0,3.3794549266247382e-06,1.0625,0.0,2.0,easy|medium|hard
test,0,9,128,32,0.5320833989972016,68.34133783201105,1279.9816115879948,0.0010122230742126703,1.0,1.0,1.0,1.0,3.371069182389937e-06,0.90625,0.0,2.0,medium|easy|hard
test,0,9,129,32,0.533327167009702,68.87521221500356,1280.5154859329923,0.0018587375525385141,1.0,1.0,1.0,1.0,3.3626834381551365e-06,1.25,0.0,2.0,easy|hard|medium
test,0,9,130,32,0.5328412960079731,69.40857420300017,1281.0488479240012,9.331258479505777e-05,1.0,1.0,1.0,1.0,3.354297693920336e-06,0.6875,0.0,2.0,easy|medium|hard
test,0,9,131,32,0.5317282640025951,69.94087221300288,1281.5811459260003,9.923433390213177e-05,1.0,1.0,1.0,1.0,3.3459119496855347e-06,1.09375,0.0,2.0,hard|medium|easy
test,0,9,132,32,0.5333127979974961,70.47463570200489,1282.1149094159919,0.0004711672372650355,1.0,1.0,1.0,1.0,3.337526205450734e-06,1.21875,0.0,2.0,hard|easy|medium
test,0,9,133,32,0.5331939680036157,71.0084087740106,1282.6486824719905,8.149805216817185e-05,1.0,1.0,1.0,1.0,3.3291404612159334e-06,1.34375,0.0,2.0,easy|hard|medium
test,0,9,134,32,0.5318992239917861,71.54091327100468,1283.1811870139936,0.00010312421363778412,1.0,1.0,1.0,1.0,3.3207547169811323e-06,1.0625,0.0,2.0,medium|easy|hard
test,0,9,135,32,0.5328140029887436,72.07427038700553,1283.7145441030007,8.437631913693622e-05,1.0,1.0,1.0,1.0,3.3123689727463317e-06,1.09375,0.0,2.0,hard|medium|easy
test,0,9,136,32,0.5329219260020182,72.60778059699805,1284.2480546430015,0.07422181218862534,0.9642857142857143,0.96875,0.9736842105263157,0.967967967967968,3.303983228511531e-06,1.15625,0.0,2.0,hard|easy|medium
test,0,9,137,32,0.5319766390020959,73.1403965799982,1284.780670284992,8.993015217129141e-05,1.0,1.0,1.0,1.0,3.2955974842767295e-06,0.8125,0.0,2.0,easy|medium|hard
test,0,9,138,32,0.532992241991451,73.67401973900269,1285.3142934450007,9.045230399351567e-05,1.0,1.0,1.0,1.0,3.287211740041929e-06,1.21875,0.0,2.0,hard|medium|easy
test,0,9,139,32,0.5327288449916523,74.20728809099819,1285.8475618029915,0.00013981379743199795,1.0,1.0,1.0,1.0,3.278825995807128e-06,0.9375,0.0,2.0,medium|easy|hard
test,0,9,140,32,0.531694493998657,74.73958303099789,1286.3798567259946,8.787371916696429e-05,1.0,1.0,1.0,1.0,3.270440251572327e-06,1.0,0.0,2.0,medium|easy|hard
test,0,9,141,32,0.5326502849929966,75.27281317900633,1286.9130868990032,8.819835784379393e-05,1.0,1.0,1.0,1.0,3.2620545073375264e-06,0.90625,0.0,2.0,medium|easy|hard
test,0,9,142,32,0.5324732349981787,75.80582827200124,1287.446102005997,8.948344475356862e-05,1.0,1.0,1.0,1.0,3.2536687631027258e-06,0.84375,0.0,2.0,medium|easy|hard
test,0,9,143,32,0.5314996820088709,76.33787467000366,1287.9781484019913,7.961711526149884e-05,1.0,1.0,1.0,1.0,3.2452830188679247e-06,1.1875,0.0,2.0,medium|hard|easy
test,0,9,144,32,0.5334179750061594,76.87183030600136,1288.5121040249942,0.00010556981578702107,1.0,1.0,1.0,1.0,3.236897274633124e-06,1.1875,0.0,2.0,medium|hard|easy
test,0,9,145,32,0.5326750179956434,77.40507272200193,1289.0453464479942,9.726401913212612e-05,1.0,1.0,1.0,1.0,3.2285115303983234e-06,0.96875,0.0,2.0,hard|medium|easy
test,0,9,146,32,0.5318633029964985,77.93749345499964,1289.5777671709948,0.00010852452396648005,1.0,1.0,1.0,1.0,3.2201257861635223e-06,1.21875,0.0,2.0,hard|easy|medium
test,0,9,147,32,0.5336126999900443,78.47154743500869,1290.1118211479916,0.016948029398918152,1.0,1.0,1.0,1.0,3.2117400419287216e-06,0.90625,0.0,2.0,hard|medium|easy
test,0,9,148,32,0.532441157993162,79.00451602900284,1290.644789743994,9.061604941962287e-05,1.0,1.0,1.0,1.0,3.203354297693921e-06,1.125,0.0,2.0,hard|easy|medium
test,0,9,149,32,0.5319884820055449,79.53707917600696,1291.1773529119964,8.989381603896618e-05,1.0,1.0,1.0,1.0,3.1949685534591195e-06,1.09375,0.0,2.0,medium|easy|hard
test,0,9,150,32,0.5335957569914171,80.0712007760012,1291.711474582,8.558746776543558e-05,1.0,1.0,1.0,1.0,3.186582809224319e-06,0.9375,0.0,2.0,medium|easy|hard
test,0,9,151,32,0.5328210980078438,80.60460132099979,1292.2448750799958,0.00022134689788799733,1.0,1.0,1.0,1.0,3.178197064989518e-06,0.96875,0.0,2.0,hard|medium|easy
test,0,9,152,32,0.5320822880021296,81.13715030900494,1292.7774240599974,0.0009846978355199099,1.0,1.0,1.0,1.0,3.169811320754717e-06,1.09375,0.0,2.0,medium|easy|hard
test,0,9,153,32,0.5332103630062193,81.67094678600552,1293.311220522999,9.447094635106623e-05,1.0,1.0,1.0,1.0,3.1614255765199164e-06,1.09375,0.0,2.0,hard|medium|easy
test,0,9,154,32,0.5325345999881392,82.20407849100593,1293.8443522309972,0.00010454624134581536,1.0,1.0,1.0,1.0,3.1530398322851157e-06,1.125,0.0,2.0,hard|easy|medium
test,0,9,155,32,0.5319608520076144,82.7365949130035,1294.3768688339915,8.207892096834257e-05,1.0,1.0,1.0,1.0,3.1446540880503146e-06,1.125,0.0,2.0,easy|medium|hard
test,0,9,156,32,0.5334335529914824,83.2706086649996,1294.9108823790011,0.00010170035238843411,1.0,1.0,1.0,1.0,3.136268343815514e-06,1.03125,0.0,2.0,medium|easy|hard
test,0,9,157,32,0.5329813400021521,83.80406086800213,1295.4443346280023,0.00010024150833487511,1.0,1.0,1.0,1.0,3.1278825995807133e-06,1.1875,0.0,2.0,hard|easy|medium
test,0,9,158,32,0.5319384470058139,84.3365027300024,1295.9767764729913,8.043661364354193e-05,1.0,1.0,1.0,1.0,3.1194968553459122e-06,1.03125,0.0,2.0,medium|easy|hard
test,0,9,159,32,0.5329891509900335,84.86999783200736,1296.5102715510002,8.632140816189349e-05,1.0,1.0,1.0,1.0,3.1111111111111116e-06,0.78125,0.0,2.0,easy|medium|hard
test,0,9,160,32,0.532717733993195,85.40329128599842,1297.0435649930005,0.041164882481098175,0.96875,0.96875,0.9705882352941176,0.9687194525904204,3.102725366876311e-06,0.90625,0.0,2.0,hard|easy|medium
test,0,9,161,32,0.5319002000032924,85.93578495000838,1297.576058658,0.00010306458716513589,1.0,1.0,1.0,1.0,3.0943396226415094e-06,1.1875,0.0,2.0,medium|hard|easy
test,0,9,162,32,0.53309007200005,86.46937288501067,1298.1096466419986,9.833915828494355e-05,1.0,1.0,1.0,1.0,3.0859538784067088e-06,0.78125,0.0,2.0,hard|easy|medium
test,0,9,163,32,0.5324585040070815,87.00228362099733,1298.642557359999,9.981582115869969e-05,1.0,1.0,1.0,1.0,3.077568134171908e-06,0.9375,0.0,2.0,hard|medium|easy
test,0,9,164,32,0.5323516490025213,87.5351788620028,1299.1754525849974,0.0001318761642323807,1.0,1.0,1.0,1.0,3.069182389937107e-06,0.96875,0.0,2.0,easy|hard|medium
test,0,9,165,32,0.5330794409965165,88.06883281099726,1299.709106522001,7.840467151254416e-05,1.0,1.0,1.0,1.0,3.0607966457023063e-06,0.8125,0.0,2.0,easy|medium|hard
test,0,9,166,32,0.5325736109953141,88.60195262200432,1300.2422263350018,8.748031541472301e-05,1.0,1.0,1.0,1.0,3.0524109014675057e-06,0.96875,0.0,2.0,hard|easy|medium
test,0,9,167,32,0.5321374729974195,89.1347166159976,1300.7749903270014,0.00030649633845314384,1.0,1.0,1.0,1.0,3.0440251572327046e-06,1.03125,0.0,2.0,medium|easy|hard
test,0,9,168,32,0.5327031860069837,89.66798364500573,1301.308257354991,0.00010419743193779141,1.0,1.0,1.0,1.0,3.035639412997904e-06,1.25,0.0,2.0,medium|hard|easy
test,0,9,169,32,0.5329757730069105,90.20147443099995,1301.841748160994,0.0001017266113194637,1.0,1.0,1.0,1.0,3.0272536687631033e-06,0.71875,0.0,2.0,easy|hard|medium
test,0,9,170,32,0.5321289080020506,90.73417539500224,1302.3744491069956,7.893533620517701e-05,1.0,1.0,1.0,1.0,3.018867924528302e-06,0.875,0.0,2.0,hard|medium|easy
test,0,9,171,32,0.5329495509940898,91.26772968300793,1302.9080034020008,7.998904038686305e-05,1.0,1.0,1.0,1.0,3.0104821802935015e-06,0.90625,0.0,2.0,medium|hard|easy
test,0,9,172,32,0.5330115050019231,91.80123771700892,1303.44151142599,0.00011537780665094033,1.0,1.0,1.0,1.0,3.002096436058701e-06,1.0625,0.0,2.0,hard|easy|medium
test,0,9,173,32,0.5316614670009585,92.33340564199898,1303.9736794850032,7.52253836253658e-05,1.0,1.0,1.0,1.0,2.9937106918238994e-06,0.8125,0.0,2.0,hard|medium|easy
test,0,9,174,32,0.5331044839986134,92.86708711000392,1304.5073608270031,9.503675391897559e-05,1.0,1.0,1.0,1.0,2.9853249475890987e-06,1.21875,0.0,2.0,hard|easy|medium
test,0,9,175,32,0.5329720379959326,93.40057374500611,1305.040847532,0.00011774901213357225,1.0,1.0,1.0,1.0,2.976939203354298e-06,1.0625,0.0,2.0,hard|easy|medium
test,0,9,176,32,0.5321362829999998,93.93323363699892,1305.5735073709948,0.0001834602007875219,1.0,1.0,1.0,1.0,2.968553459119497e-06,1.125,0.0,2.0,hard|easy|medium
test,0,9,177,32,0.533133003002149,94.46682779000548,1306.1071015039925,0.00010823534103110433,1.0,1.0,1.0,1.0,2.9601677148846963e-06,1.0,0.0,2.0,hard|easy|medium
test,0,9,178,32,0.5326343549968442,95.0000153400033,1306.6402890609897,8.080515544861555e-05,1.0,1.0,1.0,1.0,2.9517819706498956e-06,1.0,0.0,2.0,easy|hard|medium
test,0,9,179,32,0.5318965190090239,95.53233375800482,1307.1726075210026,0.00010208865569438785,1.0,1.0,1.0,1.0,2.9433962264150946e-06,1.03125,0.0,2.0,hard|medium|easy
test,0,9,180,32,0.5334444729960524,96.06624284799909,1307.7065165739914,9.104741911869496e-05,1.0,1.0,1.0,1.0,2.935010482180294e-06,1.21875,0.0,2.0,hard|easy|medium
test,0,9,181,32,0.5322619380021933,96.59916369400162,1308.239437434997,9.135360596701503e-05,1.0,1.0,1.0,1.0,2.9266247379454932e-06,1.21875,0.0,2.0,medium|hard|easy
test,0,9,182,32,0.5317748079978628,97.13153774000239,1308.7718114710005,0.00020117474196013063,1.0,1.0,1.0,1.0,2.918238993710692e-06,0.9375,0.0,2.0,medium|easy|hard
test,0,9,183,32,0.5335284850007156,97.66559442300058,1309.305868151001,0.00012994057033210993,1.0,1.0,1.0,1.0,2.9098532494758915e-06,0.6875,0.0,2.0,easy|hard|medium
test,0,9,184,32,0.5331709089950891,98.19932062200678,1309.8395943369978,9.040975419338793e-05,1.0,1.0,1.0,1.0,2.90146750524109e-06,1.03125,0.0,2.0,medium|hard|easy
test,0,9,185,32,0.5319789690111065,98.73184789301013,1310.372121701992,0.00010610532626742497,1.0,1.0,1.0,1.0,2.8930817610062893e-06,1.0,0.0,2.0,medium|easy|hard
test,0,9,186,32,0.5327042129938491,99.26513875400997,1310.9054124639952,0.007143840659409761,1.0,1.0,1.0,1.0,2.8846960167714887e-06,1.0,0.0,2.0,hard|medium|easy
test,0,9,187,32,0.5329583120037569,99.79862148599932,1311.4388952169975,8.35129467304796e-05,1.0,1.0,1.0,1.0,2.8763102725366876e-06,1.03125,0.0,2.0,hard|easy|medium
test,0,9,188,32,0.531936561994371,100.33114784500503,1311.9714215989952,9.418015542905778e-05,1.0,1.0,1.0,1.0,2.867924528301887e-06,0.875,0.0,2.0,easy|medium|hard
test,0,9,189,32,0.5336998339917045,100.86537331200088,1312.5056470220006,7.774350524414331e-05,1.0,1.0,1.0,1.0,2.8595387840670863e-06,1.15625,0.0,2.0,medium|hard|easy
test,0,9,190,32,0.5332967660069698,101.39922284000204,1313.0394966199965,0.0001367337827105075,1.0,1.0,1.0,1.0,2.851153039832285e-06,0.96875,0.0,2.0,hard|easy|medium
test,0,9,191,32,0.5315311300073517,101.93127185999765,1313.5715455879981,0.00013340107398107648,1.0,1.0,1.0,1.0,2.8427672955974845e-06,0.90625,0.0,2.0,easy|hard|medium
test,0,9,192,32,0.5331250799936242,102.46495771600166,1314.1052314339904,9.494548430666327e-05,1.0,1.0,1.0,1.0,2.834381551362684e-06,0.78125,0.0,2.0,easy|hard|medium
test,0,9,193,32,0.5327225810033269,102.99823340700823,1314.6385071199911,7.32549378881231e-05,1.0,1.0,1.0,1.0,2.8259958071278828e-06,1.0625,0.0,2.0,hard|easy|medium
test,0,9,194,32,0.5320687499915948,103.53085332999763,1315.171127048001,9.230991418007761e-05,1.0,1.0,1.0,1.0,2.817610062893082e-06,0.875,0.0,2.0,hard|easy|medium
test,0,9,195,32,0.5333942829893203,104.06471889599925,1315.7049926119944,8.831459854263812e-05,1.0,1.0,1.0,1.0,2.8092243186582814e-06,1.34375,0.0,2.0,hard|medium|easy
test,0,9,196,32,0.5327739140047925,104.59800565200567,1316.2382793750003,8.129289199132472e-05,1.0,1.0,1.0,1.0,2.80083857442348e-06,1.0625,0.0,2.0,hard|medium|easy
test,0,9,197,32,0.5322345020103967,105.13082886699704,1316.7711025820026,7.947165431687608e-05,1.0,1.0,1.0,1.0,2.7924528301886793e-06,1.25,0.0,2.0,hard|easy|medium
test,0,9,198,32,0.5326060410006903,105.6639430320065,1317.3042167370004,0.23593735694885254,0.9722222222222222,0.96875,0.9666666666666667,0.9684729064039409,2.7840670859538786e-06,0.96875,0.0,2.0,easy|hard|medium
test,0,9,199,32,0.5327125539915869,106.19725091200962,1317.837524632996,9.570267866365612e-05,1.0,1.0,1.0,1.0,2.7756813417190775e-06,1.15625,0.0,2.0,easy|hard|medium
test,0,9,200,32,0.5316437459987355,106.72941738000372,1318.3696910739964,9.711478924145922e-05,1.0,1.0,1.0,1.0,2.767295597484277e-06,1.0,0.0,2.0,hard|medium|easy
test,0,9,201,32,0.5332389370014425,107.2632586969994,1318.9035324119905,7.786238711560145e-05,1.0,1.0,1.0,1.0,2.7589098532494762e-06,0.96875,0.0,2.0,medium|easy|hard
test,0,9,202,32,0.53261269700306,107.79648834200634,1319.436762058991,7.671525963814929e-05,1.0,1.0,1.0,1.0,2.750524109014675e-06,0.9375,0.0,2.0,easy|hard|medium
test,0,9,203,32,0.5321142780012451,108.32917344500311,1319.96944715899,9.00049926713109e-05,1.0,1.0,1.0,1.0,2.7421383647798745e-06,1.15625,0.0,2.0,hard|medium|easy
test,0,9,204,32,0.5338181260012789,108.86345192900626,1320.5037256599899,0.00015681100194342434,1.0,1.0,1.0,1.0,2.733752620545074e-06,1.0,0.0,2.0,medium|hard|easy
test,0,9,205,32,0.5328947910020361,109.39691490000405,1321.0371886130015,8.087953028734773e-05,1.0,1.0,1.0,1.0,2.7253668763102727e-06,0.90625,0.0,2.0,medium|hard|easy
test,0,9,206,32,0.5316563149972353,109.92909666700871,1321.5693703909928,8.975900709629059e-05,1.0,1.0,1.0,1.0,2.716981132075472e-06,1.1875,0.0,2.0,medium|easy|hard
test,0,9,207,32,0.5335007149988087,110.46309759801079,1322.1033713179932,0.05260096862912178,0.9666666666666667,0.96875,0.9722222222222222,0.9684729064039409,2.7085953878406714e-06,0.9375,0.0,2.0,easy|hard|medium
test,0,9,208,32,0.5330112069932511,110.99668706500961,1322.636960770993,7.272957009263337e-05,1.0,1.0,1.0,1.0,2.70020964360587e-06,1.03125,0.0,2.0,easy|medium|hard
test,0,9,209,32,0.5321742779924534,111.52938462300517,1323.169658327999,0.00010414722783025354,1.0,1.0,1.0,1.0,2.6918238993710692e-06,1.03125,0.0,2.0,medium|hard|easy
test,0,9,210,32,0.5333739799971227,112.06328298000153,1323.7035566979903,0.0007090598228387535,1.0,1.0,1.0,1.0,2.6834381551362686e-06,0.8125,0.0,2.0,hard|medium|easy
test,0,9,211,32,0.5329415060114115,112.59676753000531,1324.2370415519981,7.740782166365534e-05,1.0,1.0,1.0,1.0,2.6750524109014675e-06,0.8125,0.0,2.0,hard|easy|medium
test,0,9,212,32,0.5327886819868581,113.13007125200238,1324.7703449719993,6.960425525903702e-05,1.0,1.0,1.0,1.0,2.666666666666667e-06,1.09375,0.0,2.0,medium|hard|easy
test,0,9,213,32,0.5329672870138893,113.66355212801136,1325.3038259489986,7.528866990469396e-05,1.0,1.0,1.0,1.0,2.658280922431866e-06,0.75,0.0,2.0,easy|medium|hard
test,0,9,214,32,0.5332487299892819,114.19741255100234,1325.8376862559962,8.486150181852281e-05,1.0,1.0,1.0,1.0,2.649895178197065e-06,0.9375,0.0,2.0,easy|hard|medium
test,0,9,215,32,0.5317531049950048,114.72972451300302,1326.3699982260005,0.00016147301357705146,1.0,1.0,1.0,1.0,2.6415094339622644e-06,0.96875,0.0,2.0,medium|hard|easy
test,0,9,216,32,0.53294585099502,115.2631791550084,1326.903452876999,8.942317799665034e-05,1.0,1.0,1.0,1.0,2.6331236897274638e-06,1.0,0.0,2.0,medium|easy|hard
test,0,9,217,32,0.5329587580054067,115.796690793999,1327.4369645029947,9.46200016187504e-05,1.0,1.0,1.0,1.0,2.6247379454926627e-06,0.9375,0.0,2.0,hard|medium|easy
test,0,9,218,32,0.5317841979995137,116.3290781120013,1327.9693518279964,9.872148075373843e-05,1.0,1.0,1.0,1.0,2.616352201257862e-06,0.875,0.0,2.0,hard|medium|easy
test,0,9,219,32,0.532875504999538,116.86253536499862,1328.5028091769927,7.608581654494628e-05,1.0,1.0,1.0,1.0,2.6079664570230614e-06,1.03125,0.0,2.0,hard|easy|medium
test,0,9,220,32,0.5326518259971635,117.39576598600252,1329.0360396969918,8.769481792114675e-05,1.0,1.0,1.0,1.0,2.59958071278826e-06,1.03125,0.0,2.0,hard|easy|medium
test,0,9,221,32,0.5320091440080432,117.9283462690073,1329.5686200089986,7.737097621429712e-05,1.0,1.0,1.0,1.0,2.591194968553459e-06,1.25,0.0,2.0,easy|hard|medium
test,0,9,222,32,0.5329377570014913,118.46184176900715,1330.1021154909977,9.142383350990713e-05,1.0,1.0,1.0,1.0,2.5828092243186585e-06,0.6875,0.0,2.0,medium|hard|easy
test,0,9,223,32,0.5332355569989886,118.99553098301112,1330.6358046919922,8.119620906654745e-05,1.0,1.0,1.0,1.0,2.5744234800838574e-06,1.09375,0.0,2.0,easy|medium|hard
test,0,9,224,32,0.5319664020062191,119.52800513200054,1331.1682788499893,7.833563722670078e-05,1.0,1.0,1.0,1.0,2.5660377358490568e-06,1.0625,0.0,2.0,hard|easy|medium
test,0,9,225,32,0.5328376590041444,120.06135870900471,1331.701632419994,0.00011669227387756109,1.0,1.0,1.0,1.0,2.557651991614256e-06,0.875,0.0,2.0,hard|medium|easy
test,0,9,226,32,0.5329926450067433,120.5949106659973,1332.2351844239893,7.328089122893289e-05,1.0,1.0,1.0,1.0,2.549266247379455e-06,0.75,0.0,2.0,hard|easy|medium
test,0,9,227,32,0.5322855039994465,121.12775332400633,1332.7680270669953,8.071574848145247e-05,1.0,1.0,1.0,1.0,2.5408805031446544e-06,1.03125,0.0,2.0,hard|easy|medium
test,0,9,228,32,0.5330038500105729,121.66126643800817,1333.3015401549928,8.852257451508194e-05,1.0,1.0,1.0,1.0,2.5324947589098537e-06,1.0,0.0,2.0,hard|easy|medium
test,0,9,229,32,0.5329773520061281,122.19489909500408,1333.835172815001,0.0004973895847797394,1.0,1.0,1.0,1.0,2.5241090146750526e-06,0.75,0.0,2.0,easy|medium|hard
test,0,9,230,32,0.5317867850098992,122.72715844699997,1334.3674321639992,8.920043910620734e-05,1.0,1.0,1.0,1.0,2.515723270440252e-06,1.03125,0.0,2.0,easy|medium|hard
test,0,9,231,32,0.5332483709935332,123.26101684800233,1334.901290570997,8.971245551947504e-05,1.0,1.0,1.0,1.0,2.5073375262054513e-06,0.96875,0.0,2.0,easy|medium|hard
test,0,9,232,32,0.533156230012537,123.7947703210084,1335.4350440249982,9.26194479689002e-05,1.0,1.0,1.0,1.0,2.4989517819706502e-06,0.84375,0.0,2.0,medium|easy|hard
test,0,9,233,32,0.5319847619975917,124.32735520700226,1335.9676289509953,0.00011027611617464572,1.0,1.0,1.0,1.0,2.490566037735849e-06,1.03125,0.0,2.0,hard|easy|medium
test,0,9,234,32,0.5332935559999896,124.86114022300171,1336.5014139419945,9.190485434373841e-05,1.0,1.0,1.0,1.0,2.4821802935010485e-06,1.0,0.0,2.0,medium|easy|hard
test,0,9,235,32,0.533200036996277,125.39485812600469,1337.0351318469911,8.236908615799621e-05,1.0,1.0,1.0,1.0,2.473794549266248e-06,1.03125,0.0,2.0,medium|easy|hard
test,0,9,236,32,0.5318434450018685,125.92724849800288,1337.5675222110003,7.855154399294406e-05,1.0,1.0,1.0,1.0,2.4654088050314467e-06,1.03125,0.0,2.0,hard|easy|medium
test,0,9,237,32,0.5332822280033724,126.46100812900113,1338.101282167001,9.554391726851463e-05,1.0,1.0,1.0,1.0,2.4570230607966457e-06,0.8125,0.0,2.0,easy|hard|medium
test,0,9,238,32,0.5331823020096635,126.99475873900519,1338.6350324489904,6.984650099184364e-05,1.0,1.0,1.0,1.0,2.448637316561845e-06,0.875,0.0,2.0,medium|hard|easy
test,0,9,239,32,0.5319206580024911,127.52720859200053,1339.1674822950008,8.602302841609344e-05,1.0,1.0,1.0,1.0,2.4402515723270443e-06,1.1875,0.0,2.0,medium|hard|easy
test,0,9,240,32,0.5327320240030531,128.06049758799782,1339.7007713019993,0.000151524058310315,1.0,1.0,1.0,1.0,2.4318658280922432e-06,0.8125,0.0,2.0,easy|medium|hard
test,0,9,241,32,0.533276078000199,128.5943329330039,1340.234606715996,7.189133611973375e-05,1.0,1.0,1.0,1.0,2.4234800838574426e-06,1.0625,0.0,2.0,hard|medium|easy
test,0,9,242,32,0.5319508210086497,129.12688880899805,1340.7671625279909,7.44689314160496e-05,1.0,1.0,1.0,1.0,2.415094339622642e-06,0.96875,0.0,2.0,easy|medium|hard
test,0,9,243,32,0.533048958008294,129.66047263800283,1341.3007463319955,7.614852074766532e-05,1.0,1.0,1.0,1.0,2.406708595387841e-06,0.84375,0.0,2.0,easy|medium|hard
test,0,9,244,32,0.5330544199969154,130.19402581099712,1341.834299516995,9.171440615318716e-05,1.0,1.0,1.0,1.0,2.39832285115304e-06,1.09375,0.0,2.0,hard|easy|medium
test,0,9,245,32,0.5320334279967938,130.7266028169979,1342.3668765449984,9.940351446857676e-05,1.0,1.0,1.0,1.0,2.389937106918239e-06,0.8125,0.0,2.0,medium|hard|easy
test,0,9,246,32,0.5329916639893781,131.26022041100077,1342.9004941259918,7.846616790629923e-05,1.0,1.0,1.0,1.0,2.3815513626834384e-06,0.9375,0.0,2.0,medium|easy|hard
test,0,9,247,32,0.5333079179981723,131.79402989499795,1343.4343036079954,8.83280299603939e-05,1.0,1.0,1.0,1.0,2.3731656184486378e-06,1.21875,0.0,2.0,hard|medium|easy
test,0,9,248,32,0.5329186619928805,132.3275317360094,1343.967805437991,7.813035335857421e-05,1.0,1.0,1.0,1.0,2.3647798742138367e-06,1.0625,0.0,2.0,easy|hard|medium
test,0,9,249,32,0.5330157680000411,132.86113429300894,1344.50140809,0.00015935429837554693,1.0,1.0,1.0,1.0,2.3563941299790356e-06,0.84375,0.0,2.0,medium|easy|hard
test,0,9,250,32,0.5337535509897862,133.39550021900504,1345.035774021002,0.0002670000831130892,1.0,1.0,1.0,1.0,2.348008385744235e-06,1.1875,0.0,2.0,easy|medium|hard
test,0,9,251,32,0.5316749560006429,133.92775620000612,1345.5680299739906,0.00017021701205521822,1.0,1.0,1.0,1.0,2.3396226415094343e-06,0.8125,0.0,2.0,easy|medium|hard
test,0,9,252,32,0.5332137520017568,134.46154971700162,1346.1018234660005,7.639761315658689e-05,1.0,1.0,1.0,1.0,2.331236897274633e-06,0.9375,0.0,2.0,easy|hard|medium
test,0,9,253,32,0.5323216690012487,134.9944362380047,1346.6347099799896,7.969911530381069e-05,1.0,1.0,1.0,1.0,2.3228511530398325e-06,0.875,0.0,2.0,medium|hard|easy
test,0,9,254,32,0.532277364996844,135.52732104700408,1347.167594835002,9.189306001644582e-05,1.0,1.0,1.0,1.0,2.314465408805032e-06,1.0,0.0,2.0,hard|medium|easy
test,0,9,255,32,0.5331090690015117,136.06100295000942,1347.7012766879925,0.00013629856402985752,1.0,1.0,1.0,1.0,2.306079664570231e-06,0.84375,0.0,2.0,medium|hard|easy
test,0,9,256,32,0.5322081459889887,136.59376059600618,1348.2340467530012,0.00010474120790604502,1.0,1.0,1.0,1.0,2.29769392033543e-06,0.9375,0.0,2.0,medium|easy|hard
test,0,9,257,32,0.5318735199980438,137.126232057999,1348.7665057739941,7.462187204509974e-05,1.0,1.0,1.0,1.0,2.289308176100629e-06,1.0,0.0,2.0,hard|easy|medium
test,0,9,258,32,0.5335448830010137,137.66033013199922,1349.3006038680032,7.238279795274138e-05,1.0,1.0,1.0,1.0,2.2809224318658284e-06,0.90625,0.0,2.0,medium|hard|easy
test,0,9,259,32,0.5324601879983675,138.1934136380005,1349.8336873439985,8.279384928755462e-05,1.0,1.0,1.0,1.0,2.2725366876310273e-06,0.71875,0.0,2.0,medium|easy|hard
test,0,9,260,32,0.5324261929927161,138.7263619430014,1350.3666356600006,0.0006851208745501935,1.0,1.0,1.0,1.0,2.2641509433962266e-06,0.9375,0.0,2.0,easy|hard|medium
test,0,9,261,32,0.5334995550074382,139.26075175100414,1350.901025464991,7.924432429717854e-05,1.0,1.0,1.0,1.0,2.2557651991614256e-06,0.9375,0.0,2.0,medium|easy|hard
test,0,9,262,32,0.5320447690028232,139.79325335699832,1351.433527057001,8.731568232178688e-05,1.0,1.0,1.0,1.0,2.247379454926625e-06,0.96875,0.0,2.0,hard|easy|medium
test,0,9,263,32,0.5321564960031537,140.3259198050073,1351.9661935189943,0.00010219540126854554,1.0,1.0,1.0,1.0,2.2389937106918242e-06,1.1875,0.0,2.0,hard|easy|medium
test,0,9,264,32,0.5333282859937754,140.85969844801002,1352.4999721420027,8.413835894316435e-05,1.0,1.0,1.0,1.0,2.230607966457023e-06,0.96875,0.0,2.0,hard|medium|easy
test,0,9,265,6,0.1600459379988024,141.0202364870056,1352.6605102159956,8.689911919645965e-05,1.0,1.0,1.0,1.0,2.222222222222222e-06,0.6666666865348816,0.0,2.0,medium|easy|hard
test,0,10,1,32,0.5349419440026395,0.6200098940025782,1363.7458979179937,8.482727571390569e-05,1.0,1.0,1.0,1.0,2.213836477987422e-06,1.03125,0.0,2.0,medium|hard|easy
test,0,10,2,32,0.5339407709980151,1.1546498329989845,1364.280537789993,8.172769594239071e-05,1.0,1.0,1.0,1.0,2.2054507337526208e-06,1.125,0.0,2.0,hard|easy|medium
test,0,10,3,32,0.5329271369992057,1.6880752819997724,1364.813963238994,7.472233846783638e-05,1.0,1.0,1.0,1.0,2.1970649895178197e-06,1.0625,0.0,2.0,hard|easy|medium
test,0,10,4,32,0.5329634600057034,2.2216156279901043,1365.34750356499,8.140457794070244e-05,1.0,1.0,1.0,1.0,2.188679245283019e-06,0.90625,0.0,2.0,easy|hard|medium
test,0,10,5,32,0.5336987580085406,2.7559284059971105,1365.88181644,8.510268526151776e-05,1.0,1.0,1.0,1.0,2.1802935010482183e-06,1.09375,0.0,2.0,medium|hard|easy
test,0,10,6,32,0.5330967379995855,3.289605224999832,1366.4154932039964,9.133743878919631e-05,1.0,1.0,1.0,1.0,2.1719077568134173e-06,1.0,0.0,2.0,easy|hard|medium
test,0,10,7,32,0.5317876389890444,3.8219517230027122,1366.9478399419895,7.77172390371561e-05,1.0,1.0,1.0,1.0,2.1635220125786166e-06,0.78125,0.0,2.0,easy|medium|hard
test,0,10,8,32,0.533879499998875,4.35638042500068,1367.4822685679974,8.160927973221987e-05,1.0,1.0,1.0,1.0,2.1551362683438155e-06,0.9375,0.0,2.0,easy|medium|hard
test,0,10,9,32,0.5324116239935393,4.889329356999951,1368.0152173349925,0.0001091416779672727,1.0,1.0,1.0,1.0,2.146750524109015e-06,1.0625,0.0,2.0,medium|hard|easy
test,0,10,10,32,0.5321313080057735,5.422019363992149,1368.547907330998,0.00018317945068702102,1.0,1.0,1.0,1.0,2.138364779874214e-06,1.125,0.0,2.0,hard|medium|easy
test,0,10,11,32,0.5334790969936876,5.956055766000645,1369.0819437609898,8.35385435493663e-05,1.0,1.0,1.0,1.0,2.129979035639413e-06,0.875,0.0,2.0,hard|medium|easy
test,0,10,12,32,0.5336459609970916,6.490138137989561,1369.6160261039913,0.0008280690526589751,1.0,1.0,1.0,1.0,2.121593291404612e-06,1.03125,0.0,2.0,medium|hard|easy
test,0,10,13,32,0.5319201270031044,7.022558027994819,1370.1484463160014,0.0001804219209589064,1.0,1.0,1.0,1.0,2.1132075471698114e-06,0.90625,0.0,2.0,medium|easy|hard
test,0,10,14,32,0.5341163710108958,7.557280320994323,1370.6831683779892,0.0024889372289180756,1.0,1.0,1.0,1.0,2.1048218029350107e-06,1.3125,0.0,2.0,hard|medium|easy
test,0,10,15,32,0.5327834700001404,8.090547000989318,1371.2164349619998,7.354900299105793e-05,1.0,1.0,1.0,1.0,2.0964360587002096e-06,0.96875,0.0,2.0,medium|easy|hard
test,0,10,16,32,0.5322835260012653,8.62345526299032,1371.7493431719922,7.555302727269009e-05,1.0,1.0,1.0,1.0,2.088050314465409e-06,0.875,0.0,2.0,medium|easy|hard
test,0,10,17,32,0.5335764250048669,9.157491167992703,1372.2833791140001,7.490509597118944e-05,1.0,1.0,1.0,1.0,2.0796645702306083e-06,1.125,0.0,2.0,easy|hard|medium
test,0,10,18,32,0.5328037659928668,9.690760583995143,1372.8166486300033,7.176787767093629e-05,1.0,1.0,1.0,1.0,2.0712788259958072e-06,0.9375,0.0,2.0,hard|medium|easy
test,0,10,19,32,0.5318040799902519,10.223133979990962,1373.3490221760003,0.00011445274139987305,1.0,1.0,1.0,1.0,2.0628930817610066e-06,1.03125,0.0,2.0,medium|hard|easy
test,0,10,20,32,0.534187186989584,10.757898262992967,1373.8837863270019,0.0001063989257090725,1.0,1.0,1.0,1.0,2.0545073375262055e-06,0.9375,0.0,2.0,easy|medium|hard
test,0,10,21,32,0.5330545710021397,11.291482293992885,1374.417370419993,0.0006775727961212397,1.0,1.0,1.0,1.0,2.046121593291405e-06,1.21875,0.0,2.0,hard|easy|medium
test,0,10,22,32,0.5325766439927975,11.824577235995093,1374.9504652009928,8.867971337167546e-05,1.0,1.0,1.0,1.0,2.037735849056604e-06,1.1875,0.0,2.0,hard|medium|easy
test,0,10,23,32,0.5336403969995445,12.358828344993526,1375.4847162899969,0.0031867381185293198,1.0,1.0,1.0,1.0,2.029350104821803e-06,1.0,0.0,2.0,hard|medium|easy
test,0,10,24,32,0.533637358006672,12.893061768001644,1376.0189497480023,8.136765973176807e-05,1.0,1.0,1.0,1.0,2.020964360587002e-06,1.0,0.0,2.0,easy|hard|medium
test,0,10,25,32,0.5322692189947702,13.425874081993243,1376.5517620299943,8.21819412522018e-05,1.0,1.0,1.0,1.0,2.0125786163522013e-06,1.15625,0.0,2.0,medium|easy|hard
test,0,10,26,32,0.5333392470056424,13.959796765993815,1377.0856847499963,7.096398621797562e-05,1.0,1.0,1.0,1.0,2.0041928721174007e-06,0.96875,0.0,2.0,medium|easy|hard
test,0,10,27,32,0.5326965159911197,14.493068550989847,1377.6189565279929,9.740228415466845e-05,1.0,1.0,1.0,1.0,1.9958071278825996e-06,0.90625,0.0,2.0,hard|easy|medium
test,0,10,28,32,0.532006540990551,15.025641842003097,1378.151529818002,8.395229815505445e-05,1.0,1.0,1.0,1.0,1.987421383647799e-06,1.125,0.0,2.0,hard|easy|medium
test,0,10,29,32,0.5332841380004538,15.559536169996136,1378.6854241519904,7.976932829478756e-05,1.0,1.0,1.0,1.0,1.9790356394129983e-06,1.3125,0.0,2.0,hard|easy|medium
test,0,10,30,32,0.533515934002935,16.09358386498934,1379.219471823002,8.077874372247607e-05,1.0,1.0,1.0,1.0,1.970649895178197e-06,0.90625,0.0,2.0,easy|medium|hard
test,0,10,31,32,0.5314564209984383,16.625563155990676,1379.7514511259942,9.04907938092947e-05,1.0,1.0,1.0,1.0,1.9622641509433965e-06,0.90625,0.0,2.0,easy|medium|hard
test,0,10,32,32,0.5331573389994446,17.159308570000576,1380.285196547993,7.21559626981616e-05,1.0,1.0,1.0,1.0,1.9538784067085954e-06,1.40625,0.0,2.0,hard|easy|medium
test,0,10,33,32,0.5327606920036487,17.69259568399866,1380.818483652998,0.00035571138141676784,1.0,1.0,1.0,1.0,1.9454926624737948e-06,1.0,0.0,2.0,medium|hard|easy
test,0,10,34,32,0.5323425410024356,18.225396405992797,1381.3512843759963,7.020750490482897e-05,1.0,1.0,1.0,1.0,1.937106918238994e-06,1.125,0.0,2.0,easy|hard|medium
test,0,10,35,32,0.5328248440055177,18.75876884900208,1381.8846568229928,7.649547478649765e-05,1.0,1.0,1.0,1.0,1.928721174004193e-06,0.8125,0.0,2.0,medium|easy|hard
test,0,10,36,32,0.5332629329932388,19.29261993498949,1382.4185078879964,9.847945329966024e-05,1.0,1.0,1.0,1.0,1.920335429769392e-06,1.0,0.0,2.0,easy|hard|medium
test,0,10,37,32,0.5322413709945977,19.825405174997286,1382.9512932029902,0.0010762186720967293,1.0,1.0,1.0,1.0,1.9119496855345913e-06,1.15625,0.0,2.0,easy|hard|medium
test,0,10,38,32,0.5341925399989123,20.360157869989052,1383.4860458210023,8.820975199341774e-05,1.0,1.0,1.0,1.0,1.9035639412997906e-06,1.15625,0.0,2.0,medium|hard|easy
test,0,10,39,32,0.5331578299956163,20.89385811900138,1384.0197460429918,0.000107313840999268,1.0,1.0,1.0,1.0,1.8951781970649895e-06,1.09375,0.0,2.0,medium|hard|easy
test,0,10,40,32,0.5322589519928442,21.426670946995728,1384.5525589250028,7.96687018009834e-05,1.0,1.0,1.0,1.0,1.8867924528301889e-06,1.09375,0.0,2.0,medium|hard|easy
test,0,10,41,32,0.5336853439948754,21.960913381990395,1385.0868016289896,0.010907324030995369,1.0,1.0,1.0,1.0,1.878406708595388e-06,1.125,0.0,2.0,easy|medium|hard
test,0,10,42,32,0.5339466790028382,22.49548722599866,1385.621375481991,7.934841414680704e-05,1.0,1.0,1.0,1.0,1.8700209643605871e-06,1.03125,0.0,2.0,hard|easy|medium
test,0,10,43,32,0.5324334010074381,23.028494871003204,1386.154382765002,0.00019580904336180538,1.0,1.0,1.0,1.0,1.8616352201257863e-06,0.75,0.0,2.0,easy|hard|medium
test,0,10,44,32,0.5333759579953039,23.562483485002303,1386.6883714569994,0.23780690133571625,0.9583333333333333,0.96875,0.9761904761904762,0.9660657476139979,1.8532494758909856e-06,1.03125,0.0,2.0,easy|medium|hard
test,0,10,45,32,0.5331963450007606,24.096201716994983,1387.2220897529915,0.0001002743883873336,1.0,1.0,1.0,1.0,1.8448637316561845e-06,1.25,0.0,2.0,easy|hard|medium
test,0,10,46,32,0.5326576420047786,24.62933371399413,1387.7552216929907,9.451495134271681e-05,1.0,1.0,1.0,1.0,1.8364779874213836e-06,1.09375,0.0,2.0,hard|easy|medium
test,0,10,47,32,0.5331490969983861,25.163036967991502,1388.2889249299915,0.028725676238536835,0.9736842105263157,0.96875,0.9642857142857143,0.967967967967968,1.828092243186583e-06,0.875,0.0,2.0,hard|medium|easy
test,0,10,48,32,0.5321495240059448,25.695748382990132,1388.8216363579995,6.85763661749661e-05,1.0,1.0,1.0,1.0,1.8197064989517821e-06,0.96875,0.0,2.0,medium|hard|easy
test,0,10,49,32,0.5320501620008145,26.228322010996635,1389.3542099640035,7.025970990071073e-05,1.0,1.0,1.0,1.0,1.8113207547169812e-06,0.65625,0.0,2.0,medium|easy|hard
test,0,10,50,32,0.5337790689955,26.762677580001764,1389.8885655350023,9.160169429378584e-05,1.0,1.0,1.0,1.0,1.8029350104821806e-06,1.03125,0.0,2.0,easy|medium|hard
test,0,10,51,32,0.5321343349933159,27.29541758898995,1390.4213055650034,6.27392073511146e-05,1.0,1.0,1.0,1.0,1.7945492662473795e-06,0.875,0.0,2.0,easy|hard|medium
test,0,10,52,32,0.5329147800075589,27.828893871002947,1390.9547818549909,7.185793219832703e-05,1.0,1.0,1.0,1.0,1.7861635220125786e-06,1.28125,0.0,2.0,hard|easy|medium
test,0,10,53,32,0.5334789969929261,28.362942590989405,1391.4888305670029,8.311041892739013e-05,1.0,1.0,1.0,1.0,1.777777777777778e-06,1.1875,0.0,2.0,medium|hard|easy
test,0,10,54,32,0.532329234003555,28.895862018995103,1392.0217499919963,9.437648259336129e-05,1.0,1.0,1.0,1.0,1.769392033542977e-06,0.9375,0.0,2.0,medium|easy|hard
test,0,10,55,32,0.5323928010038799,29.42881821100309,1392.5547061830002,6.856838444946334e-05,1.0,1.0,1.0,1.0,1.7610062893081762e-06,1.125,0.0,2.0,hard|medium|easy
test,0,10,56,32,0.5337119389878353,29.96311541600153,1393.089003385001,6.653876334894449e-05,1.0,1.0,1.0,1.0,1.7526205450733756e-06,0.9375,0.0,2.0,easy|hard|medium
test,0,10,57,32,0.5327974800020456,30.496453425002983,1393.6223413979897,0.008471899665892124,1.0,1.0,1.0,1.0,1.7442348008385745e-06,1.0,0.0,2.0,medium|hard|easy
test,0,10,58,32,0.5325345579913119,31.029540016999817,1394.1554280069977,6.988721725065261e-05,1.0,1.0,1.0,1.0,1.7358490566037736e-06,1.125,0.0,2.0,medium|easy|hard
test,0,10,59,32,0.5328498059971025,31.56294202299614,1394.6888299949933,7.514692697441205e-05,1.0,1.0,1.0,1.0,1.727463312368973e-06,0.84375,0.0,2.0,easy|hard|medium
test,0,10,60,32,0.5353617330110865,32.09884350700304,1395.22473150499,7.683069270569831e-05,1.0,1.0,1.0,1.0,1.719077568134172e-06,1.0,0.0,2.0,easy|medium|hard
test,0,10,61,32,0.5329096540081082,32.63262252700224,1395.7585105109902,8.056657679844648e-05,1.0,1.0,1.0,1.0,1.7106918238993712e-06,0.9375,0.0,2.0,easy|medium|hard
test,0,10,62,32,0.5336336329928599,33.16681681400223,1396.2927047970006,7.791064854245633e-05,1.0,1.0,1.0,1.0,1.7023060796645705e-06,0.96875,0.0,2.0,medium|hard|easy
test,0,10,63,32,0.5324714390008012,33.69973201799439,1396.8256200009928,0.0003713155456352979,1.0,1.0,1.0,1.0,1.6939203354297694e-06,0.875,0.0,2.0,easy|medium|hard
test,0,10,64,32,0.5325942860072246,34.232876909998595,1397.3587648800021,0.003981480374932289,1.0,1.0,1.0,1.0,1.6855345911949686e-06,1.3125,0.0,2.0,medium|hard|easy
test,0,10,65,32,0.5333774270111462,34.766816425995785,1397.8927043949952,7.203664426924661e-05,1.0,1.0,1.0,1.0,1.677148846960168e-06,1.15625,0.0,2.0,easy|medium|hard
test,0,10,66,32,0.5321111060038675,35.299479720997624,1398.425367688993,0.00019912408606614918,1.0,1.0,1.0,1.0,1.668763102725367e-06,1.15625,0.0,2.0,easy|medium|hard
test,0,10,67,32,0.5322419610020006,35.832303135990514,1398.9581911190035,6.456792470999062e-05,1.0,1.0,1.0,1.0,1.6603773584905662e-06,0.78125,0.0,2.0,medium|easy|hard
test,0,10,68,32,0.5335044580133399,36.36632535299577,1399.492213325997,8.481468830723315e-05,1.0,1.0,1.0,1.0,1.6519916142557655e-06,0.90625,0.0,2.0,medium|hard|easy
test,0,10,69,32,0.5329462800000329,36.89983835199382,1400.025726355001,7.096743502188474e-05,1.0,1.0,1.0,1.0,1.6436058700209644e-06,0.84375,0.0,2.0,medium|easy|hard
test,0,10,70,32,0.5320794910076074,37.4325010629982,1400.5583890199923,6.236670014914125e-05,1.0,1.0,1.0,1.0,1.6352201257861635e-06,0.96875,0.0,2.0,hard|medium|easy
test,0,10,71,32,0.5333589399961056,37.96635009799502,1401.0922380239936,7.078087946865708e-05,1.0,1.0,1.0,1.0,1.6268343815513629e-06,1.0625,0.0,2.0,easy|medium|hard
test,0,10,72,32,0.5322515360021498,38.499120084990864,1401.6250080000027,7.757183630019426e-05,1.0,1.0,1.0,1.0,1.618448637316562e-06,1.15625,0.0,2.0,hard|easy|medium
test,0,10,73,32,0.5320758580055553,39.03172462199291,1402.157612586001,0.002245460171252489,1.0,1.0,1.0,1.0,1.6100628930817611e-06,1.25,0.0,2.0,medium|easy|hard
test,0,10,74,32,0.5337241369998083,39.56604447799327,1402.6919324259943,7.377631845884025e-05,1.0,1.0,1.0,1.0,1.6016771488469605e-06,0.6875,0.0,2.0,medium|easy|hard
test,0,10,75,32,0.5327038719988195,40.099296275002416,1403.2251842469996,6.415099778678268e-05,1.0,1.0,1.0,1.0,1.5932914046121594e-06,0.875,0.0,2.0,medium|hard|easy
test,0,10,76,32,0.5316777940024622,40.631493736989796,1403.7573816849908,6.84791593812406e-05,1.0,1.0,1.0,1.0,1.5849056603773585e-06,1.0,0.0,2.0,hard|easy|medium
test,0,10,77,32,0.5338464209926315,41.16586698598985,1404.2917549690028,7.834248390281573e-05,1.0,1.0,1.0,1.0,1.5765199161425579e-06,0.71875,0.0,2.0,easy|medium|hard
test,0,10,78,32,0.5325561140052741,41.69897415599553,1404.8248620509985,7.746364281047136e-05,1.0,1.0,1.0,1.0,1.568134171907757e-06,0.96875,0.0,2.0,easy|hard|medium
test,0,10,79,32,0.5318089580105152,42.23130281300109,1405.3571907809965,8.670485112816095e-05,1.0,1.0,1.0,1.0,1.5597484276729561e-06,0.84375,0.0,2.0,hard|easy|medium
test,0,10,80,32,0.5337054429983255,42.76552716699371,1405.8914151209901,9.952399705071002e-05,1.0,1.0,1.0,1.0,1.5513626834381555e-06,1.15625,0.0,2.0,hard|easy|medium
test,0,10,81,32,0.5321711029973812,43.29823118299828,1406.4241193149937,7.808015652699396e-05,1.0,1.0,1.0,1.0,1.5429769392033544e-06,1.125,0.0,2.0,easy|medium|hard
test,0,10,82,32,0.5315377670049202,43.83034030700219,1406.9562282979896,8.142295700963587e-05,1.0,1.0,1.0,1.0,1.5345911949685535e-06,1.125,0.0,2.0,easy|medium|hard
test,0,10,83,32,0.5333207299991045,44.36418146100186,1407.4900695449905,8.528986654710025e-05,1.0,1.0,1.0,1.0,1.5262054507337528e-06,0.84375,0.0,2.0,medium|hard|easy
test,0,10,84,32,0.5324801499955356,44.89722555500339,1408.0231135369977,6.426262552849948e-05,1.0,1.0,1.0,1.0,1.517819706498952e-06,1.03125,0.0,2.0,hard|medium|easy
test,0,10,85,32,0.5316565789980814,45.42939860999468,1408.5552865899954,7.377806468866765e-05,1.0,1.0,1.0,1.0,1.509433962264151e-06,1.0625,0.0,2.0,hard|medium|easy
test,0,10,86,32,0.5336311770079192,45.963598602989805,1409.0894869879994,7.416725566145033e-05,1.0,1.0,1.0,1.0,1.5010482180293504e-06,1.0625,0.0,2.0,easy|hard|medium
test,0,10,87,32,0.5323205289896578,46.49647344800178,1409.622361474001,7.248713518492877e-05,1.0,1.0,1.0,1.0,1.4926624737945494e-06,1.25,0.0,2.0,hard|medium|easy
test,0,10,88,32,0.5320605500019155,47.02912392099097,1410.1550119079911,8.02384820417501e-05,1.0,1.0,1.0,1.0,1.4842767295597485e-06,0.9375,0.0,2.0,easy|medium|hard
test,0,10,89,32,0.5333213189878734,47.56295272099669,1410.6888409209932,7.776922575430945e-05,1.0,1.0,1.0,1.0,1.4758909853249478e-06,1.0625,0.0,2.0,medium|hard|easy
test,0,10,90,32,0.5322223640105221,48.09570540700224,1411.221593394992,7.219321560114622e-05,1.0,1.0,1.0,1.0,1.467505241090147e-06,0.875,0.0,2.0,easy|medium|hard
test,0,10,91,32,0.5319937500025844,48.62823634900269,1411.7541243349988,6.97682989994064e-05,1.0,1.0,1.0,1.0,1.459119496855346e-06,1.0625,0.0,2.0,easy|medium|hard
test,0,10,92,32,0.5333081769931596,49.162078073000885,1412.2879660559993,7.104208634700626e-05,1.0,1.0,1.0,1.0,1.450733752620545e-06,1.21875,0.0,2.0,medium|hard|easy
test,0,10,93,32,0.5322630320006283,49.69485490299121,1412.820742868993,8.087168680503964e-05,1.0,1.0,1.0,1.0,1.4423480083857443e-06,0.8125,0.0,2.0,easy|hard|medium
test,0,10,94,32,0.5319325750024291,50.22735052899225,1413.3532385019935,0.06911636888980865,0.9666666666666667,0.96875,0.9722222222222222,0.9684729064039409,1.4339622641509435e-06,1.3125,0.0,2.0,medium|hard|easy
test,0,10,95,32,0.5329991029866505,50.76091938599711,1413.8868073490012,7.571609603473917e-05,1.0,1.0,1.0,1.0,1.4255765199161426e-06,0.9375,0.0,2.0,easy|medium|hard
test,0,10,96,32,0.5324533749953844,51.293920354990405,1414.4198083319934,8.008461009012535e-05,1.0,1.0,1.0,1.0,1.417190775681342e-06,1.25,0.0,2.0,easy|hard|medium
test,0,10,97,32,0.5320924110128544,51.82657251799537,1414.952460489003,9.434053936274722e-05,1.0,1.0,1.0,1.0,1.408805031446541e-06,0.875,0.0,2.0,medium|hard|easy
test,0,10,98,32,0.5332181810081238,52.360397822994855,1415.4862858179986,6.917963764863089e-05,1.0,1.0,1.0,1.0,1.40041928721174e-06,0.8125,0.0,2.0,medium|easy|hard
test,0,10,99,32,0.5324844349961495,52.89343631498923,1416.0193242899986,6.790946645196527e-05,1.0,1.0,1.0,1.0,1.3920335429769393e-06,0.875,0.0,2.0,medium|hard|easy
test,0,10,100,32,0.5323353959975066,53.42628307099221,1416.552171065996,7.621925760759041e-05,1.0,1.0,1.0,1.0,1.3836477987421384e-06,1.0625,0.0,2.0,hard|easy|medium
test,0,10,101,32,0.5332276050030487,53.960049323999556,1417.085937402997,9.389779006596655e-05,1.0,1.0,1.0,1.0,1.3752620545073376e-06,1.0625,0.0,2.0,easy|medium|hard
test,0,10,102,32,0.5329086419951636,54.493509728999925,1417.6193976969953,7.224906585179269e-05,1.0,1.0,1.0,1.0,1.366876310272537e-06,1.15625,0.0,2.0,medium|hard|easy
test,0,10,103,32,0.5324325679976027,55.026493986995774,1418.1523819849972,0.11474812775850296,0.9722222222222222,0.96875,0.9666666666666667,0.9684729064039409,1.358490566037736e-06,0.9375,0.0,2.0,medium|easy|hard
test,0,10,104,32,0.5337148730031913,55.56072307199065,1418.6866110279952,7.718081178609282e-05,1.0,1.0,1.0,1.0,1.350104821802935e-06,1.0625,0.0,2.0,easy|medium|hard
test,0,10,105,32,0.5323193920048652,56.093604598994716,1419.2194925779913,6.628517439821735e-05,1.0,1.0,1.0,1.0,1.3417190775681343e-06,1.125,0.0,2.0,medium|hard|easy
test,0,10,106,32,0.5316339379933197,56.62580935699225,1419.7516973199963,0.0004367651999928057,1.0,1.0,1.0,1.0,1.3333333333333334e-06,1.0625,0.0,2.0,medium|easy|hard
test,0,10,107,32,0.533015687004081,57.15939982999407,1420.285287806997,8.562140283174813e-05,1.0,1.0,1.0,1.0,1.3249475890985325e-06,0.9375,0.0,2.0,medium|hard|easy
test,0,10,108,32,0.5326394440053264,57.692554930996266,1420.8184432330017,0.00012834594235755503,1.0,1.0,1.0,1.0,1.3165618448637319e-06,0.90625,0.0,2.0,hard|medium|easy
test,0,10,109,32,0.5320565050060395,58.22517091500049,1421.351058892993,8.878293738234788e-05,1.0,1.0,1.0,1.0,1.308176100628931e-06,1.1875,0.0,2.0,hard|medium|easy
test,0,10,110,32,0.5330287859978853,58.7587643720035,1421.8846526499983,8.867437281878665e-05,1.0,1.0,1.0,1.0,1.29979035639413e-06,0.9375,0.0,2.0,easy|medium|hard
test,0,10,111,32,0.532551501004491,59.291855477989884,1422.417743443002,7.224098953884095e-05,1.0,1.0,1.0,1.0,1.2914046121593293e-06,1.0625,0.0,2.0,easy|medium|hard
test,0,10,112,32,0.5318693409935804,59.82429156299622,1422.9501795239921,0.07243459671735764,0.9736842105263157,0.96875,0.9642857142857143,0.967967967967968,1.2830188679245284e-06,0.9375,0.0,2.0,hard|easy|medium
test,0,10,113,32,0.5331166010000743,60.357927315999405,1423.4838152909942,9.046847117133439e-05,1.0,1.0,1.0,1.0,1.2746331236897275e-06,1.15625,0.0,2.0,medium|easy|hard
test,0,10,114,32,0.5327006919978885,60.89119909299188,1424.0170870750007,0.0003592254361137748,1.0,1.0,1.0,1.0,1.2662473794549269e-06,0.65625,0.0,2.0,easy|medium|hard
test,0,10,115,32,0.5321622320043389,61.42389634899155,1424.5497846109938,0.25773298740386963,0.9642857142857143,0.96875,0.9736842105263157,0.967967967967968,1.257861635220126e-06,1.0,0.0,2.0,easy|medium|hard
test,0,10,116,32,0.5334254530025646,61.957898961001774,1425.0837869399984,7.547467976110056e-05,1.0,1.0,1.0,1.0,1.2494758909853251e-06,0.84375,0.0,2.0,easy|medium|hard
test,0,10,117,32,0.5325563719961792,62.490970366998226,1425.6168584370025,7.62792769819498e-05,1.0,1.0,1.0,1.0,1.2410901467505242e-06,1.15625,0.0,2.0,hard|medium|easy
test,0,10,118,32,0.5327661209885264,63.02431984800205,1426.1502078310004,7.777680002618581e-05,1.0,1.0,1.0,1.0,1.2327044025157234e-06,0.9375,0.0,2.0,easy|medium|hard
test,0,10,119,32,0.5333883270068327,63.55823741799395,1426.6841254149913,6.678439967799932e-05,1.0,1.0,1.0,1.0,1.2243186582809225e-06,1.03125,0.0,2.0,easy|hard|medium
test,0,10,120,32,0.5327006750012515,64.09158264400321,1427.2174706520018,7.859984179958701e-05,1.0,1.0,1.0,1.0,1.2159329140461216e-06,1.03125,0.0,2.0,easy|medium|hard
test,0,10,121,32,0.5317411149881082,64.62377284299873,1427.7496608410001,8.069704927038401e-05,1.0,1.0,1.0,1.0,1.207547169811321e-06,0.96875,0.0,2.0,medium|easy|hard
test,0,10,122,32,0.5331285420106724,65.15751579699281,1428.2834038500005,7.427908712998033e-05,1.0,1.0,1.0,1.0,1.19916142557652e-06,0.90625,0.0,2.0,easy|hard|medium
test,0,10,123,32,0.5325370289938292,65.69061363999208,1428.816501615991,7.599199307151139e-05,1.0,1.0,1.0,1.0,1.1907756813417192e-06,0.84375,0.0,2.0,hard|easy|medium
test,0,10,124,32,0.5319519480108283,66.22313707700232,1429.3490250579925,8.525206067133695e-05,1.0,1.0,1.0,1.0,1.1823899371069183e-06,0.9375,0.0,2.0,medium|hard|easy
test,0,10,125,32,0.5329621540004155,66.75672395499714,1429.8826119259902,7.766129419906065e-05,1.0,1.0,1.0,1.0,1.1740041928721175e-06,0.84375,0.0,2.0,hard|easy|medium
test,0,10,126,32,0.532640930992784,67.28993607198936,1430.415824094991,7.130215817596763e-05,1.0,1.0,1.0,1.0,1.1656184486373166e-06,1.125,0.0,2.0,medium|easy|hard
test,0,10,127,32,0.5320299119921401,67.82251669299148,1430.9484046739963,0.0001144661073340103,1.0,1.0,1.0,1.0,1.157232704402516e-06,1.15625,0.0,2.0,medium|hard|easy
test,0,10,128,32,0.5335500250075711,68.35669848199177,1431.4825864419981,7.292305235750973e-05,1.0,1.0,1.0,1.0,1.148846960167715e-06,0.9375,0.0,2.0,easy|hard|medium
test,0,10,129,32,0.5320246199989924,68.88929271299276,1432.0151806909998,7.670756167499349e-05,1.0,1.0,1.0,1.0,1.1404612159329142e-06,1.0625,0.0,2.0,hard|medium|easy
test,0,10,130,32,0.5321080080029787,69.42192858499766,1432.5478165599925,8.390996663365513e-05,1.0,1.0,1.0,1.0,1.1320754716981133e-06,0.90625,0.0,2.0,medium|easy|hard
test,0,10,131,32,0.5336630210076692,69.95616572900326,1433.0820537659893,0.00010261038551107049,1.0,1.0,1.0,1.0,1.1236897274633125e-06,0.84375,0.0,2.0,easy|hard|medium
test,0,10,132,32,0.5321166350040585,70.4887220679957,1433.6146100749902,7.830154208932072e-05,1.0,1.0,1.0,1.0,1.1153039832285116e-06,1.09375,0.0,2.0,hard|medium|easy
test,0,10,133,32,0.5320415040041553,71.02133887298987,1434.1472269270016,7.082994852680713e-05,1.0,1.0,1.0,1.0,1.106918238993711e-06,1.21875,0.0,2.0,medium|hard|easy
test,0,10,134,32,0.5336031920014648,71.55546424799832,1434.6813522049924,0.00011314971197862178,1.0,1.0,1.0,1.0,1.0985324947589098e-06,1.21875,0.0,2.0,easy|hard|medium
test,0,10,135,32,0.5323769840033492,72.08839645599073,1435.2142847700015,6.685901462333277e-05,1.0,1.0,1.0,1.0,1.0901467505241092e-06,0.96875,0.0,2.0,easy|medium|hard
test,0,10,136,32,0.5316791689983802,72.62061681799241,1435.7465047549922,6.903809116920456e-05,1.0,1.0,1.0,1.0,1.0817610062893083e-06,1.03125,0.0,2.0,hard|medium|easy
test,0,10,137,32,0.5336725230008597,73.154902055001,1436.2807900219923,0.1213592067360878,0.96875,0.96875,0.9705882352941176,0.9687194525904204,1.0733752620545074e-06,0.90625,0.0,2.0,hard|medium|easy
test,0,10,138,32,0.5323684780014446,73.68785445600224,1436.8137424129964,7.657353125978261e-05,1.0,1.0,1.0,1.0,1.0649895178197066e-06,0.9375,0.0,2.0,easy|medium|hard
test,0,10,139,32,0.532015226999647,74.22038727300242,1437.34627528899,7.760510197840631e-05,1.0,1.0,1.0,1.0,1.0566037735849057e-06,1.25,0.0,2.0,medium|easy|hard
test,0,10,140,32,0.5330624690104742,74.75400759099284,1437.8798955849925,7.567591092083603e-05,1.0,1.0,1.0,1.0,1.0482180293501048e-06,0.84375,0.0,2.0,hard|medium|easy
test,0,10,141,32,0.5327742439985741,75.28728275399772,1438.4131707299966,7.349679071921855e-05,1.0,1.0,1.0,1.0,1.0398322851153042e-06,1.0625,0.0,2.0,medium|easy|hard
test,0,10,142,32,0.5315964509936748,75.81939574900025,1438.945283713998,8.909258031053469e-05,1.0,1.0,1.0,1.0,1.0314465408805033e-06,1.15625,0.0,2.0,medium|easy|hard
test,0,10,143,32,0.5335721790033858,76.35347548499703,1439.4793635769893,0.00010704771557357162,1.0,1.0,1.0,1.0,1.0230607966457024e-06,0.96875,0.0,2.0,medium|easy|hard
test,0,10,144,32,0.5325813379895408,76.88657627400244,1440.0124642439914,7.053560693748295e-05,1.0,1.0,1.0,1.0,1.0146750524109015e-06,1.0,0.0,2.0,hard|easy|medium
test,0,10,145,32,0.5322352689981926,77.41938593999657,1440.5452739629982,7.80110276537016e-05,1.0,1.0,1.0,1.0,1.0062893081761007e-06,0.78125,0.0,2.0,hard|easy|medium
test,0,10,146,32,0.5335377379960846,77.95348892400216,1441.0793768279982,7.066591933835298e-05,1.0,1.0,1.0,1.0,9.979035639412998e-07,0.8125,0.0,2.0,hard|medium|easy
test,0,10,147,32,0.5325970599951688,78.48656887900142,1441.6124568389932,9.670847066445276e-05,1.0,1.0,1.0,1.0,9.895178197064991e-07,0.84375,0.0,2.0,easy|medium|hard
test,0,10,148,32,0.5320727649959736,79.01921507299994,1442.1451030180033,8.275631262222305e-05,1.0,1.0,1.0,1.0,9.811320754716983e-07,1.0,0.0,2.0,hard|medium|easy
test,0,10,149,32,0.5333254480065079,79.55308380599308,1442.6789718859945,9.588662214810029e-05,1.0,1.0,1.0,1.0,9.727463312368974e-07,0.84375,0.0,2.0,hard|easy|medium
test,0,10,150,32,0.5326906260015676,80.08633897500113,1443.2122269459942,9.699333168100566e-05,1.0,1.0,1.0,1.0,9.643605870020965e-07,0.96875,0.0,2.0,hard|easy|medium
test,0,10,151,32,0.5314551310002571,80.61837246999494,1443.7442605260003,0.00011173803068231791,1.0,1.0,1.0,1.0,9.559748427672956e-07,0.90625,0.0,2.0,easy|hard|medium
test,0,10,152,32,0.5332331039971905,81.1521835320018,1444.2780714249966,7.538753561675549e-05,1.0,1.0,1.0,1.0,9.475890985324948e-07,0.8125,0.0,2.0,easy|hard|medium
test,0,10,153,32,0.533099056003266,81.68585104499653,1444.8117390249972,6.996938463998958e-05,1.0,1.0,1.0,1.0,9.39203354297694e-07,0.65625,0.0,2.0,medium|easy|hard
test,0,10,154,32,0.5315874310035724,82.21794583099836,1445.3438337859989,6.257529457798228e-05,1.0,1.0,1.0,1.0,9.308176100628931e-07,1.125,0.0,2.0,medium|hard|easy
test,0,10,155,32,0.533879843991599,82.75238436099607,1445.8782723429904,9.437899279873818e-05,1.0,1.0,1.0,1.0,9.224318658280923e-07,1.09375,0.0,2.0,medium|hard|easy
test,0,10,156,32,0.5324767679994693,83.28541333299654,1446.4113012849994,0.2983659505844116,0.9705882352941176,0.96875,0.96875,0.9687194525904204,9.140461215932915e-07,1.03125,0.0,2.0,easy|medium|hard
test,0,10,157,32,0.5315343820111593,83.81754307499796,1446.943431052001,7.571204332634807e-05,1.0,1.0,1.0,1.0,9.056603773584906e-07,0.8125,0.0,2.0,hard|medium|easy
test,0,10,158,32,0.5337597969919443,84.35187047100044,1447.4777584459953,7.027474930509925e-05,1.0,1.0,1.0,1.0,8.972746331236897e-07,0.84375,0.0,2.0,medium|hard|easy
test,0,10,159,32,0.5317075819912134,84.88415478500247,1448.010042762995,7.720329449512064e-05,1.0,1.0,1.0,1.0,8.88888888888889e-07,1.0625,0.0,2.0,medium|easy|hard
test,0,10,160,32,0.5316538390034111,85.41632819199003,1448.5422161680035,8.512780914315954e-05,1.0,1.0,1.0,1.0,8.805031446540881e-07,0.90625,0.0,2.0,easy|hard|medium
test,0,10,161,32,0.5336696399899665,85.95054913699278,1449.0764370879915,9.093154949368909e-05,1.0,1.0,1.0,1.0,8.721174004192872e-07,0.9375,0.0,2.0,medium|easy|hard
test,0,10,162,32,0.5321954950049985,86.48328785000194,1449.6091758249968,7.460301276296377e-05,1.0,1.0,1.0,1.0,8.637316561844865e-07,0.75,0.0,2.0,medium|easy|hard
test,0,10,163,32,0.5321951130026719,87.01604340100312,1450.14193164499,7.022273348411545e-05,1.0,1.0,1.0,1.0,8.553459119496856e-07,0.84375,0.0,2.0,easy|hard|medium
test,0,10,164,32,0.5330887640011497,87.54968814099266,1450.6755760950036,6.463150930358097e-05,1.0,1.0,1.0,1.0,8.469601677148847e-07,0.90625,0.0,2.0,hard|easy|medium
test,0,10,165,32,0.532432998996228,88.08267378200253,1451.2085617709963,0.0001621929695829749,1.0,1.0,1.0,1.0,8.38574423480084e-07,0.9375,0.0,2.0,medium|hard|easy
test,0,10,166,32,0.5326773520064307,88.61589731900312,1451.7417856039974,7.469240517821163e-05,1.0,1.0,1.0,1.0,8.301886792452831e-07,0.96875,0.0,2.0,hard|medium|easy
test,0,10,167,32,0.5337934440030949,89.15028686200094,1452.2761749249912,8.488749881507829e-05,1.0,1.0,1.0,1.0,8.218029350104822e-07,0.96875,0.0,2.0,medium|easy|hard
test,0,10,168,32,0.5322700749966316,89.68311339199136,1452.8090012939938,8.434275514446199e-05,1.0,1.0,1.0,1.0,8.134171907756814e-07,1.125,0.0,2.0,easy|hard|medium
test,0,10,169,32,0.5316566380060976,90.21530039899517,1453.3411883819936,7.133258623071015e-05,1.0,1.0,1.0,1.0,8.050314465408806e-07,0.84375,0.0,2.0,hard|medium|easy
test,0,10,170,32,0.5337447869969765,90.7496232669946,1453.8755112669896,7.553772593382746e-05,1.0,1.0,1.0,1.0,7.966457023060797e-07,1.0,0.0,2.0,medium|easy|hard
test,0,10,171,32,0.5326871880097315,91.28283224299958,1454.408720211999,7.325864862650633e-05,1.0,1.0,1.0,1.0,7.882599580712789e-07,0.8125,0.0,2.0,easy|hard|medium
test,0,10,172,32,0.5319357849948574,91.81533197499812,1454.9412199619983,0.00010462438513059169,1.0,1.0,1.0,1.0,7.798742138364781e-07,1.09375,0.0,2.0,hard|medium|easy
test,0,10,173,32,0.5333462830021745,92.34921962299268,1455.4751079209964,8.796762267593294e-05,1.0,1.0,1.0,1.0,7.714884696016772e-07,0.96875,0.0,2.0,easy|hard|medium
test,0,10,174,32,0.5320990809996147,92.88190902800125,1456.007796979,7.03939440427348e-05,1.0,1.0,1.0,1.0,7.631027253668764e-07,0.8125,0.0,2.0,medium|easy|hard
test,0,10,175,32,0.5322861989989178,93.41469576099189,1456.5405837330036,7.973973697517067e-05,1.0,1.0,1.0,1.0,7.547169811320755e-07,1.0625,0.0,2.0,hard|medium|easy
test,0,10,176,32,0.5335108520084759,93.9488309820008,1457.0747189499962,0.00011213653488084674,1.0,1.0,1.0,1.0,7.463312368972747e-07,1.09375,0.0,2.0,easy|medium|hard
test,0,10,177,32,0.5319207420106977,94.48130526399473,1457.607193238,7.437880412908271e-05,1.0,1.0,1.0,1.0,7.379454926624739e-07,0.71875,0.0,2.0,easy|medium|hard
test,0,10,178,32,0.5321763030078728,95.0140843679983,1458.1399724099902,8.651807729620486e-05,1.0,1.0,1.0,1.0,7.29559748427673e-07,1.09375,0.0,2.0,easy|hard|medium
test,0,10,179,32,0.533670014992822,95.54830274899723,1458.6741907699907,9.600244811736047e-05,1.0,1.0,1.0,1.0,7.211740041928722e-07,0.8125,0.0,2.0,easy|medium|hard
test,0,10,180,32,0.5320834440062754,96.08096211099473,1459.2068501250033,6.646422843914479e-05,1.0,1.0,1.0,1.0,7.127882599580713e-07,1.0625,0.0,2.0,easy|medium|hard
test,0,10,181,32,0.531893115999992,96.61339049099479,1459.739278463996,6.278387445490807e-05,1.0,1.0,1.0,1.0,7.044025157232705e-07,1.0625,0.0,2.0,easy|medium|hard
test,0,10,182,32,0.5331414290121756,97.14704537000216,1460.2729333329917,0.0001002741337288171,1.0,1.0,1.0,1.0,6.960167714884697e-07,1.125,0.0,2.0,medium|hard|easy
test,0,10,183,32,0.532838498998899,97.68035098598921,1460.80623896599,8.110232010949403e-05,1.0,1.0,1.0,1.0,6.876310272536688e-07,1.0625,0.0,2.0,medium|hard|easy
test,0,10,184,32,0.5319185920088785,98.21282829200209,1461.3387163099978,0.00014001857198309153,1.0,1.0,1.0,1.0,6.79245283018868e-07,1.28125,0.0,2.0,medium|hard|easy
test,0,10,185,32,0.5336247490049573,98.74700843599567,1461.8728963920003,0.0022506252862513065,1.0,1.0,1.0,1.0,6.708595387840671e-07,0.84375,0.0,2.0,easy|hard|medium
test,0,10,186,32,0.5321714120073011,99.27971869299654,1462.4056067380006,7.345573976635933e-05,1.0,1.0,1.0,1.0,6.624737945492663e-07,0.96875,0.0,2.0,hard|easy|medium
test,0,10,187,32,0.5317364460061071,99.81203463100246,1462.9379226320016,0.01818045973777771,1.0,1.0,1.0,1.0,6.540880503144655e-07,1.1875,0.0,2.0,hard|easy|medium
test,0,10,188,32,0.5333441689872416,100.3459504450002,1463.4718384279986,8.224639896070585e-05,1.0,1.0,1.0,1.0,6.457023060796646e-07,1.125,0.0,2.0,medium|hard|easy
test,0,10,189,32,0.5324968109925976,100.87903151099454,1464.0049196079926,6.806965393479913e-05,1.0,1.0,1.0,1.0,6.373165618448638e-07,1.125,0.0,2.0,hard|easy|medium
test,0,10,190,32,0.5320936780044576,101.4116857140034,1464.5375736819988,6.91421955707483e-05,1.0,1.0,1.0,1.0,6.28930817610063e-07,0.9375,0.0,2.0,hard|medium|easy
test,0,10,191,32,0.5336929909972241,101.94594487799623,1465.0718328399962,0.0007090968429110944,1.0,1.0,1.0,1.0,6.205450733752621e-07,0.75,0.0,2.0,hard|easy|medium
test,0,10,192,32,0.5336930460034637,102.4801794889936,1465.6060674519977,9.407888865098357e-05,1.0,1.0,1.0,1.0,6.121593291404612e-07,0.84375,0.0,2.0,medium|hard|easy
test,0,10,193,32,0.5314664909965359,103.01226406299975,1466.1381520400028,0.18178869783878326,0.9615384615384616,0.96875,0.975,0.9671794871794872,6.037735849056605e-07,1.1875,0.0,2.0,hard|easy|medium
test,0,10,194,32,0.5334876730048563,103.54626445600297,1466.6721524809982,0.013514500111341476,1.0,1.0,1.0,1.0,5.953878406708596e-07,0.78125,0.0,2.0,medium|easy|hard
test,0,10,195,32,0.5325141729990719,104.07932360999985,1467.2052115889965,0.0009584033978171647,1.0,1.0,1.0,1.0,5.870020964360587e-07,0.875,0.0,2.0,easy|medium|hard
test,0,10,196,32,0.5316601660015294,104.6115146910015,1467.7374026640027,0.025319812819361687,0.9761904761904762,0.96875,0.9583333333333333,0.9660657476139979,5.78616352201258e-07,0.96875,0.0,2.0,easy|hard|medium
test,0,10,197,32,0.5336753199953819,105.14572005199443,1468.2716080349928,0.09210332483053207,0.9736842105263157,0.96875,0.9642857142857143,0.967967967967968,5.702306079664571e-07,1.0,0.0,2.0,hard|medium|easy
test,0,10,198,32,0.5325962119968608,105.67888519499684,1468.804773158001,7.138073851820081e-05,1.0,1.0,1.0,1.0,5.618448637316562e-07,1.03125,0.0,2.0,easy|hard|medium
test,0,10,199,32,0.5316976030007936,106.21110292398953,1469.336990885,8.282353519462049e-05,1.0,1.0,1.0,1.0,5.534591194968555e-07,1.21875,0.0,2.0,medium|easy|hard
test,0,10,200,32,0.5337572669959627,106.74543010198977,1469.8713180560007,7.340346928685904e-05,1.0,1.0,1.0,1.0,5.450733752620546e-07,1.1875,0.0,2.0,medium|hard|easy
test,0,10,201,32,0.5321351239981595,107.2781126369955,1470.404000629991,8.424595580436289e-05,1.0,1.0,1.0,1.0,5.366876310272537e-07,1.25,0.0,2.0,easy|medium|hard
test,0,10,202,32,0.5313574589963537,107.81000394499279,1470.9358918999933,8.883826376404613e-05,1.0,1.0,1.0,1.0,5.283018867924528e-07,1.0625,0.0,2.0,easy|hard|medium
test,0,10,203,32,0.5338075369945727,108.34436255200126,1471.470250585,6.799882976338267e-05,1.0,1.0,1.0,1.0,5.199161425576521e-07,0.78125,0.0,2.0,medium|easy|hard
test,0,10,204,32,0.5320167059981031,108.87693963799393,1472.0028275789955,8.721431368030608e-05,1.0,1.0,1.0,1.0,5.115303983228512e-07,1.125,0.0,2.0,medium|hard|easy
test,0,10,205,32,0.5320545349968597,109.409548480995,1472.5354364629893,7.600703975185752e-05,1.0,1.0,1.0,1.0,5.031446540880503e-07,1.0625,0.0,2.0,hard|medium|easy
test,0,10,206,32,0.5341246899915859,109.94428264899761,1473.0701709449932,6.673951429547742e-05,1.0,1.0,1.0,1.0,4.947589098532496e-07,1.03125,0.0,2.0,easy|medium|hard
test,0,10,207,32,0.5326716139970813,110.47747565399914,1473.6033636369975,7.414081483148038e-05,1.0,1.0,1.0,1.0,4.863731656184487e-07,1.25,0.0,2.0,hard|easy|medium
test,0,10,208,32,0.5318511350051267,111.0099252689979,1474.1358132960013,8.45704780658707e-05,1.0,1.0,1.0,1.0,4.779874213836478e-07,1.0,0.0,2.0,medium|easy|hard
test,0,10,209,32,0.5332600100082345,111.54372714798956,1474.669615502993,7.842772174626589e-05,1.0,1.0,1.0,1.0,4.69601677148847e-07,0.9375,0.0,2.0,medium|easy|hard
test,0,10,210,32,0.5326452290028101,112.07697587599978,1475.2028638420015,6.552906415890902e-05,1.0,1.0,1.0,1.0,4.6121593291404613e-07,1.0625,0.0,2.0,medium|hard|easy
test,0,10,211,32,0.532020623999415,112.6094822879968,1475.7353702879918,6.673982716165483e-05,1.0,1.0,1.0,1.0,4.528301886792453e-07,1.0,0.0,2.0,hard|medium|easy
test,0,10,212,32,0.5337790490011685,113.14381460599543,1476.2697025730013,0.00011831443407572806,1.0,1.0,1.0,1.0,4.444444444444445e-07,1.125,0.0,2.0,easy|hard|medium
test,0,10,213,32,0.532291355993948,113.67665321499226,1476.8025412429997,9.947529179044068e-05,1.0,1.0,1.0,1.0,4.360587002096436e-07,1.0,0.0,2.0,easy|medium|hard
test,0,10,214,32,0.5317477710050298,114.20893965299183,1477.3348276229954,7.477749022655189e-05,1.0,1.0,1.0,1.0,4.276729559748428e-07,1.125,0.0,2.0,hard|easy|medium
test,0,10,215,32,0.5335939139913535,114.74310271500144,1477.868990706993,6.55662443023175e-05,1.0,1.0,1.0,1.0,4.19287211740042e-07,1.09375,0.0,2.0,hard|easy|medium
test,0,10,216,32,0.5321794179908466,115.27580197199131,1478.401689952996,8.232794789364561e-05,1.0,1.0,1.0,1.0,4.109014675052411e-07,0.78125,0.0,2.0,easy|medium|hard
test,0,10,217,32,0.5312895719980588,115.80769729599706,1478.9335852399963,0.0002188110665883869,1.0,1.0,1.0,1.0,4.025157232704403e-07,0.84375,0.0,2.0,hard|easy|medium
test,0,10,218,32,0.5336301479983376,116.341910860996,1479.467798837999,6.380801642080769e-05,1.0,1.0,1.0,1.0,3.9412997903563947e-07,1.03125,0.0,2.0,easy|medium|hard
test,0,10,219,32,0.5321618349989876,116.87466277199565,1480.0005508169997,0.15464404225349426,0.96875,0.96875,0.9705882352941176,0.9687194525904204,3.857442348008386e-07,1.0,0.0,2.0,medium|easy|hard
test,0,10,220,32,0.5314842589868931,117.4067780829937,1480.5326660479914,6.883333844598383e-05,1.0,1.0,1.0,1.0,3.773584905660378e-07,0.65625,0.0,2.0,medium|easy|hard
test,0,10,221,32,0.5332624079892412,117.94061073000194,1481.0664987030032,7.718027336522937e-05,1.0,1.0,1.0,1.0,3.6897274633123696e-07,0.65625,0.0,2.0,easy|medium|hard
test,0,10,222,32,0.5323079789959593,118.4735057450016,1481.59939380399,8.82159365573898e-05,1.0,1.0,1.0,1.0,3.605870020964361e-07,0.75,0.0,2.0,easy|medium|hard
test,0,10,223,32,0.5315292540035443,119.00571561299148,1482.1316036880016,7.439032196998596e-05,1.0,1.0,1.0,1.0,3.5220125786163526e-07,0.90625,0.0,2.0,hard|easy|medium
test,0,10,224,32,0.5334434760006843,119.53976694500307,1482.6656549179897,0.0001899954950204119,1.0,1.0,1.0,1.0,3.438155136268344e-07,0.65625,0.0,2.0,hard|easy|medium
test,0,10,225,32,0.5330548490019282,120.07338404499751,1483.1992723720032,0.0001252303773071617,1.0,1.0,1.0,1.0,3.3542976939203357e-07,1.1875,0.0,2.0,hard|medium|easy
test,0,10,226,32,0.5313095320016146,120.6052358320012,1483.7311238249968,0.07233693450689316,0.9736842105263157,0.96875,0.9642857142857143,0.967967967967968,3.2704402515723275e-07,1.0625,0.0,2.0,medium|easy|hard
test,0,10,227,32,0.5336546030011959,121.13942412799224,1484.2653121039912,6.984244828345254e-05,1.0,1.0,1.0,1.0,3.186582809224319e-07,1.15625,0.0,2.0,medium|hard|easy
test,0,10,228,32,0.5328505799989216,121.6728479989979,1484.7987359769904,7.567190914414823e-05,1.0,1.0,1.0,1.0,3.1027253668763106e-07,1.09375,0.0,2.0,hard|easy|medium
test,0,10,229,32,0.5320889860013267,122.20549257799576,1485.3313806249935,0.00010555908374954015,1.0,1.0,1.0,1.0,3.0188679245283024e-07,0.9375,0.0,2.0,hard|easy|medium
test,0,10,230,32,0.5338049860001775,122.7398725910025,1485.8657605649933,0.155314639210701,0.9791666666666667,0.96875,0.9444444444444444,0.9599499374217773,2.9350104821802937e-07,1.3125,0.0,2.0,hard|medium|easy
test,0,10,231,32,0.5323075079941191,123.27271800600283,1486.3986060359894,7.61437404435128e-05,1.0,1.0,1.0,1.0,2.8511530398322855e-07,0.8125,0.0,2.0,easy|hard|medium
test,0,10,232,32,0.5320337919984013,123.80531787799555,1486.9312059160002,0.0063988515175879,1.0,1.0,1.0,1.0,2.7672955974842773e-07,0.90625,0.0,2.0,medium|hard|easy
test,0,10,233,32,0.533474148993264,124.33935835000011,1487.4652463279926,0.020561184734106064,1.0,1.0,1.0,1.0,2.6834381551362686e-07,1.0625,0.0,2.0,hard|medium|easy
test,0,10,234,32,0.5320493800099939,124.87200130199199,1487.997889338003,8.160600555129349e-05,1.0,1.0,1.0,1.0,2.5995807127882604e-07,0.75,0.0,2.0,easy|hard|medium
test,0,10,235,32,0.5321380959940143,125.4047018650017,1488.530589832997,9.865434549283236e-05,1.0,1.0,1.0,1.0,2.5157232704402517e-07,1.09375,0.0,2.0,medium|hard|easy
test,0,10,236,32,0.5337183860101504,125.93898718799755,1489.06487522299,6.991317786742002e-05,1.0,1.0,1.0,1.0,2.4318658280922435e-07,1.03125,0.0,2.0,medium|easy|hard
test,0,10,237,32,0.532252993012662,126.47178643899679,1489.5976744619984,7.497920887544751e-05,1.0,1.0,1.0,1.0,2.348008385744235e-07,0.84375,0.0,2.0,medium|easy|hard
test,0,10,238,32,0.5320538209925871,127.00441318900266,1490.130301169993,7.025206286925822e-05,1.0,1.0,1.0,1.0,2.2641509433962265e-07,1.09375,0.0,2.0,hard|medium|easy
test,0,10,239,32,0.5337719769886462,127.53875100798905,1490.6646389789967,9.575192234478891e-05,1.0,1.0,1.0,1.0,2.180293501048218e-07,1.15625,0.0,2.0,medium|hard|easy
test,0,10,240,32,0.5325011069944594,128.07182676700177,1491.1977147459984,7.536693738074973e-05,1.0,1.0,1.0,1.0,2.09643605870021e-07,1.125,0.0,2.0,medium|easy|hard
test,0,10,241,32,0.531590544997016,128.60395957400033,1491.729847597002,7.515813922509551e-05,1.0,1.0,1.0,1.0,2.0125786163522014e-07,1.0625,0.0,2.0,medium|hard|easy
test,0,10,242,32,0.5332791609980632,129.13776749599492,1492.2636554719938,0.0001076422049663961,1.0,1.0,1.0,1.0,1.928721174004193e-07,0.84375,0.0,2.0,easy|hard|medium
test,0,10,243,32,0.5322159119969001,129.6705285700009,1492.7964165629965,8.45636022859253e-05,1.0,1.0,1.0,1.0,1.8448637316561848e-07,0.9375,0.0,2.0,hard|easy|medium
test,0,10,244,32,0.53177266100829,130.20289900999342,1493.3287869740016,9.305203275289387e-05,1.0,1.0,1.0,1.0,1.7610062893081763e-07,1.0,0.0,2.0,easy|medium|hard
test,0,10,245,32,0.5332757029973436,130.73674401600147,1493.8626319979958,8.886706200428307e-05,1.0,1.0,1.0,1.0,1.6771488469601679e-07,1.125,0.0,2.0,medium|hard|easy
test,0,10,246,32,0.5324912659998517,131.2698076980014,1494.3956956809998,0.00010715858661569655,1.0,1.0,1.0,1.0,1.5932914046121594e-07,1.03125,0.0,2.0,hard|easy|medium
test,0,10,247,32,0.5317908989964053,131.80210593499942,1494.9279939029948,9.445370960747823e-05,1.0,1.0,1.0,1.0,1.5094339622641512e-07,0.9375,0.0,2.0,easy|medium|hard
test,0,10,248,32,0.5332413879950764,132.33591112100112,1495.461799148994,8.36022591101937e-05,1.0,1.0,1.0,1.0,1.4255765199161427e-07,1.0,0.0,2.0,medium|hard|easy
test,0,10,249,32,0.5325768180045998,132.869069458,1495.9949574409984,8.580599387641996e-05,1.0,1.0,1.0,1.0,1.3417190775681343e-07,1.125,0.0,2.0,easy|medium|hard
test,0,10,250,32,0.5323652900115121,133.40196571098932,1496.5278536849946,0.0012280162191018462,1.0,1.0,1.0,1.0,1.2578616352201258e-07,1.03125,0.0,2.0,easy|medium|hard
test,0,10,251,32,0.5336197299911873,133.93618461900041,1497.0620726089983,6.828925688751042e-05,1.0,1.0,1.0,1.0,1.1740041928721175e-07,1.3125,0.0,2.0,medium|hard|easy
test,0,10,252,32,0.5325464249908691,134.46927274100017,1497.5951607280003,7.43869022699073e-05,1.0,1.0,1.0,1.0,1.090146750524109e-07,1.03125,0.0,2.0,easy|hard|medium
test,0,10,253,32,0.5316508769901702,135.00149132800288,1498.1273796079913,8.30882927402854e-05,1.0,1.0,1.0,1.0,1.0062893081761007e-07,0.90625,0.0,2.0,easy|hard|medium
test,0,10,254,32,0.5329016800096724,135.5349109539966,1498.6607989449985,6.839737761765718e-05,1.0,1.0,1.0,1.0,9.224318658280924e-08,1.0,0.0,2.0,easy|hard|medium
test,0,10,255,32,0.5322442650067387,136.06775469100103,1499.1936426719913,0.0003541662299539894,1.0,1.0,1.0,1.0,8.385744234800839e-08,0.875,0.0,2.0,hard|easy|medium
test,0,10,256,32,0.5320416500035208,136.60032243699243,1499.7262104089896,7.653282955288887e-05,1.0,1.0,1.0,1.0,7.547169811320756e-08,1.375,0.0,2.0,hard|medium|easy
test,0,10,257,32,0.533007242003805,137.13387019799848,1500.2597582919989,0.011991528794169426,1.0,1.0,1.0,1.0,6.708595387840671e-08,0.84375,0.0,2.0,easy|medium|hard
test,0,10,258,32,0.5323691240046173,137.66681951600185,1500.7927077350032,8.855457417666912e-05,1.0,1.0,1.0,1.0,5.8700209643605875e-08,0.875,0.0,2.0,easy|hard|medium
test,0,10,259,32,0.5324378630029969,138.19980755499273,1501.3256955410034,8.232424443122e-05,1.0,1.0,1.0,1.0,5.0314465408805036e-08,1.03125,0.0,2.0,hard|medium|easy
test,0,10,260,32,0.5328135419986211,138.73313634000078,1501.8590243029903,7.231076597236097e-05,1.0,1.0,1.0,1.0,4.1928721174004196e-08,1.15625,0.0,2.0,easy|medium|hard
test,0,10,261,32,0.5327012320049107,139.2667120489932,1502.3926000259962,7.75669323047623e-05,1.0,1.0,1.0,1.0,3.354297693920336e-08,0.90625,0.0,2.0,hard|medium|easy
test,0,10,262,32,0.5320911519957008,139.79926070199872,1502.9251486790017,6.842709990451112e-05,1.0,1.0,1.0,1.0,2.5157232704402518e-08,0.9375,0.0,2.0,easy|medium|hard
test,0,10,263,32,0.5331703489937354,140.3329268929956,1503.4588149319898,0.00010378746083006263,1.0,1.0,1.0,1.0,1.677148846960168e-08,1.21875,0.0,2.0,hard|easy|medium
test,0,10,264,32,0.5322232699982123,140.8656244349986,1503.9915124149993,7.16865761205554e-05,1.0,1.0,1.0,1.0,8.38574423480084e-09,1.03125,0.0,2.0,easy|hard|medium
test,0,10,265,6,0.1601268990052631,141.02623332399526,1504.1521212840016,9.850106289377436e-05,1.0,1.0,1.0,1.0,0.0,1.6666667461395264,0.0,2.0,hard|easy
