split,fold,epoch,batch,batch_size,batch_time_seconds,epoch_accumulated_time_seconds,total_accumulated_time_seconds,loss,precision,accuracy,recall,f1,learning_rate,difficulty_mean,difficulty_min,difficulty_max,difficulty_labels
test,0,1,1,32,0.7736919579983805,0.835723506002978,0.836336307998863,0.692638635635376,0.25806451612903225,0.5,0.47058823529411764,0.3333333333333333,3.125e-07,0.71875,0.0,2.0,easy|hard|medium
test,0,1,2,32,0.5251399129992933,1.382480772001145,1.383093596996332,0.6964640617370605,0.5,0.5,0.5,0.3816425120772947,6.25e-07,0.84375,0.0,2.0,easy|medium|hard
test,0,1,3,32,0.5293523399959668,1.9124472180046723,1.913060091996158,0.6508352756500244,0.8225806451612903,0.65625,0.5416666666666666,0.46907993966817496,9.375000000000001e-07,0.875,0.0,2.0,medium|easy|hard
test,0,1,4,32,0.5291363229989656,2.4421893630060367,2.4428022549982416,0.7094459533691406,0.7666666666666666,0.5625,0.5625,0.45893719806763283,1.25e-06,0.9375,0.0,2.0,easy|medium|hard
test,0,1,5,32,0.5285410950018559,2.9714000530002522,2.972012933998485,0.6970573663711548,0.265625,0.53125,0.5,0.3469387755102041,1.5625e-06,0.8125,0.0,2.0,hard|easy|medium
test,0,1,6,32,0.5282843399982085,3.5003101490001427,3.5009229779971065,0.7229619026184082,0.22580645161290322,0.4375,0.4666666666666667,0.30434782608695654,1.8750000000000003e-06,1.09375,0.0,2.0,medium|hard|easy
test,0,1,7,32,0.5290229129968793,4.0299927790038055,4.030605610998464,0.7073653340339661,0.48333333333333334,0.46875,0.49607843137254903,0.36374269005847953,2.1875000000000002e-06,0.96875,0.0,2.0,hard|easy|medium
test,0,1,8,32,0.52907091799716,4.559622077002132,4.560234967000724,0.7013746500015259,0.6428571428571428,0.5625,0.5625,0.49090909090909085,2.5e-06,0.90625,0.0,2.0,medium|easy|hard
test,0,1,9,32,0.528197415995237,5.0883959400016465,5.08900880299916,0.6451023817062378,0.6166666666666667,0.71875,0.533816425120773,0.5060034305317325,2.8125e-06,1.15625,0.0,2.0,hard|medium|easy
test,0,1,10,32,0.529834947999916,5.618782449004357,5.619395323999925,0.6651450395584106,0.45977011494252873,0.5625,0.4858299595141701,0.4166666666666667,3.125e-06,0.9375,0.0,2.0,easy|hard|medium
test,0,1,11,32,0.5291630449937657,6.1484041350049665,6.149016992996621,0.6984694004058838,0.25806451612903225,0.5,0.47058823529411764,0.3333333333333333,3.4375e-06,0.875,0.0,2.0,hard|easy|medium
test,0,1,12,32,0.5288306190050207,6.677819960001216,6.678432818000147,0.7583752870559692,0.13333333333333333,0.25,0.4,0.2,3.7500000000000005e-06,0.875,0.0,2.0,easy|hard|medium
test,0,1,13,32,0.5279061930050375,7.206289509005728,7.206902375997743,0.6823936700820923,0.5857142857142856,0.59375,0.5595238095238095,0.539313399778516,4.0625000000000005e-06,0.875,0.0,2.0,easy|hard|medium
test,0,1,14,32,0.5295234660006827,7.736396341002546,7.7370091670018155,0.6768090724945068,0.5971428571428572,0.53125,0.5674603174603174,0.5076923076923077,4.3750000000000005e-06,0.71875,0.0,2.0,hard|easy|medium
test,0,1,15,32,0.5283658719999949,8.265349467001215,8.265962332996423,0.7050846219062805,0.6071428571428572,0.5,0.5476190476190477,0.4458874458874459,4.6875000000000004e-06,0.84375,0.0,2.0,easy|medium|hard
test,0,1,16,32,0.5293345419995603,8.795266778004589,8.795879643999797,0.7031617164611816,0.375,0.46875,0.44509803921568625,0.36374269005847953,5e-06,1.0,0.0,2.0,medium|hard|easy
test,0,1,17,32,0.529778874006297,9.325580247001199,9.326193064000108,0.7137113809585571,0.5,0.5,0.5,0.3816425120772947,5.3125e-06,0.96875,0.0,2.0,easy|medium|hard
test,0,1,18,32,0.5293119560010382,9.855467917004717,9.856080678997387,0.6926608085632324,0.5333333333333333,0.5625,0.5079365079365079,0.4166666666666667,5.625e-06,1.03125,0.0,2.0,hard|medium|easy
test,0,1,19,32,0.5284637290023966,10.384517499005597,10.385130611000932,0.6989048719406128,0.5,0.5,0.5,0.4181818181818182,5.9375e-06,0.90625,0.0,2.0,easy|medium|hard
test,0,1,20,32,0.5301858530001482,10.91530710200459,10.915919970997493,0.7028052806854248,0.4542857142857143,0.46875,0.46875,0.4231177094379639,6.25e-06,1.03125,0.0,2.0,easy|hard|medium
test,0,1,21,32,0.5295404170028633,11.44535315700341,11.445966041996144,0.7137359976768494,0.5,0.4375,0.5,0.4285714285714286,6.5625e-06,0.8125,0.0,2.0,easy|hard|medium
test,0,1,22,32,0.5289717040068354,11.97486423200462,11.975477098996635,0.6958794593811035,0.5192307692307692,0.53125,0.5117647058823529,0.4684385382059801,6.875e-06,0.90625,0.0,2.0,hard|easy|medium
test,0,1,23,32,0.5282992130014463,12.503690579003887,12.504303437999624,0.6907339096069336,0.5,0.5,0.5,0.4920634920634921,7.1875e-06,0.8125,0.0,2.0,easy|medium|hard
test,0,1,24,32,0.530254495999543,13.034528496005805,13.035141364001902,0.6674895286560059,0.532051282051282,0.65625,0.5241545893719807,0.5210884353741496,7.500000000000001e-06,1.25,0.0,2.0,medium|hard|easy
test,0,1,25,32,0.5291232320014387,13.564130035003473,13.564742905997264,0.6906523704528809,0.4107142857142857,0.53125,0.4595141700404858,0.3992490613266583,7.8125e-06,1.03125,0.0,2.0,hard|medium|easy
test,0,1,26,32,0.5288583310029935,14.093510358005005,14.094123226997908,0.6958507299423218,0.6428571428571428,0.5625,0.5625,0.49090909090909085,8.125000000000001e-06,1.0,0.0,2.0,hard|easy|medium
test,0,1,27,32,0.5304839599994011,14.624538967000262,14.625152073997015,0.6947399377822876,0.39743589743589747,0.4375,0.4375,0.37662337662337664,8.4375e-06,0.90625,0.0,2.0,easy|hard|medium
test,0,1,28,32,0.5298548810023931,15.154937507002614,15.155550404000678,0.6856611967086792,0.5747126436781609,0.5,0.5254901960784314,0.4181818181818182,8.750000000000001e-06,0.84375,0.0,2.0,hard|medium|easy
test,0,1,29,32,0.5285591920037405,15.684072688003653,15.684685510001145,0.6893055438995361,0.4107142857142857,0.53125,0.4595141700404858,0.3992490613266583,9.0625e-06,0.96875,0.0,2.0,easy|medium|hard
test,0,1,30,32,0.5308004940015962,16.215401567002118,16.21601441299572,0.6924688816070557,0.47101449275362317,0.53125,0.475,0.4684385382059801,9.375000000000001e-06,0.875,0.0,2.0,medium|easy|hard
test,0,1,31,32,0.5297651180007961,16.745770210000046,16.746383297999273,0.6869534254074097,0.41025641025641024,0.5625,0.43636363636363634,0.4166666666666667,9.6875e-06,1.0625,0.0,2.0,hard|easy|medium
test,0,1,32,32,0.5292997139986255,17.275607665003918,17.276220548999845,0.6678354740142822,0.5769230769230769,0.625,0.55,0.536231884057971,1e-05,0.90625,0.0,2.0,easy|medium|hard
test,0,1,33,32,0.5301783329996397,17.806404413000564,17.80701725000108,0.6974650621414185,0.3908045977011494,0.4375,0.4627450980392157,0.34545454545454546,1.0312500000000002e-05,0.96875,0.0,2.0,easy|hard|medium
test,0,1,34,32,0.5300036119951983,18.336963216002914,18.337576049001655,0.6850783824920654,0.5166666666666666,0.53125,0.503921568627451,0.3992490613266583,1.0625e-05,0.84375,0.0,2.0,medium|easy|hard
test,0,1,35,32,0.5298376959981397,18.86739760700584,18.86801055199612,0.7253066897392273,0.4037037037037037,0.40625,0.4484126984126984,0.3552492046659597,1.0937500000000002e-05,1.03125,0.0,2.0,hard|medium|easy
test,0,1,36,32,0.5290754110028502,19.397075316002883,19.397688163997373,0.6929490566253662,0.44252873563218387,0.53125,0.4801587301587301,0.3992490613266583,1.125e-05,1.0,0.0,2.0,medium|hard|easy
test,0,1,37,32,0.5318868779941113,19.929435395002656,19.930048235000868,0.6893107295036316,0.55,0.59375,0.5121457489878543,0.4340136054421769,1.1562500000000002e-05,0.625,0.0,2.0,easy|medium|hard
test,0,1,38,32,0.5312814579956466,20.46133627100062,20.46194912699866,0.6815950870513916,0.7666666666666666,0.5625,0.5625,0.45893719806763283,1.1875e-05,1.09375,0.0,2.0,hard|medium|easy
test,0,1,39,32,0.5305458319999161,20.992442637005297,20.993055519000336,0.6754869222640991,0.7586206896551724,0.5625,0.5882352941176471,0.49090909090909085,1.2187500000000001e-05,0.875,0.0,2.0,easy|medium|hard
test,0,1,40,32,0.531559257004119,21.524581681005657,21.52519448199746,0.6705217361450195,0.7413793103448276,0.53125,0.5833333333333334,0.4684385382059801,1.25e-05,1.09375,0.0,2.0,medium|hard|easy
test,0,1,41,32,0.5313889570024912,22.056536200005212,22.057149068998115,0.7288495898246765,0.1724137931034483,0.3125,0.38461538461538464,0.23809523809523808,1.2812500000000001e-05,0.8125,0.0,2.0,medium|easy|hard
test,0,1,42,32,0.5304762110026786,22.587558536004508,22.58817139900202,0.6989433765411377,0.4222222222222222,0.4375,0.45882352941176474,0.37662337662337664,1.3125e-05,1.03125,0.0,2.0,medium|easy|hard
test,0,1,43,32,0.5326147980013047,23.120655129001534,23.121268007002072,0.6724444627761841,0.6609195402298851,0.65625,0.5583333333333333,0.5210884353741496,1.3437500000000001e-05,0.96875,0.0,2.0,easy|hard|medium
test,0,1,44,32,0.5311523030031822,23.652360899002815,23.65297377100069,0.684299111366272,0.2833333333333333,0.53125,0.4473684210526316,0.3469387755102041,1.375e-05,1.03125,0.0,2.0,hard|easy|medium
test,0,1,45,32,0.530262940999819,24.183219277001626,24.183832151997194,0.6731722354888916,0.6771428571428572,0.65625,0.623015873015873,0.6101882613510521,1.4062500000000001e-05,1.0,0.0,2.0,medium|hard|easy
test,0,1,46,32,0.5321035430024494,24.715922539005987,24.71653540999978,0.6956244707107544,0.5448717948717948,0.46875,0.5283400809716599,0.4420512820512821,1.4375e-05,0.9375,0.0,2.0,easy|hard|medium
test,0,1,47,32,0.5315405319997808,25.24803438300296,25.248647280001023,0.6955406665802002,0.3851851851851852,0.375,0.43724696356275305,0.3333333333333333,1.4687500000000001e-05,0.875,0.0,2.0,medium|hard|easy
test,0,1,48,32,0.53118649499811,25.779787708001095,25.78040053499717,0.6805906295776367,0.6264367816091954,0.59375,0.5436507936507936,0.4793491864831039,1.5000000000000002e-05,1.09375,0.0,2.0,easy|hard|medium
test,0,1,49,32,0.5326917879938264,26.31305273900216,26.313665677000245,0.6672569513320923,0.6666666666666666,0.5625,0.6333333333333333,0.5555555555555556,1.5312500000000003e-05,0.78125,0.0,2.0,hard|easy|medium
test,0,1,50,32,0.5321073939994676,26.845727038002224,26.846340037001937,0.6543534994125366,0.7136363636363636,0.71875,0.6902834008097165,0.694591728525981,1.5625e-05,0.8125,0.0,2.0,medium|easy|hard
test,0,1,51,32,0.531833742003073,27.378264333005063,27.37887752599636,0.675285279750824,0.670995670995671,0.625,0.659919028340081,0.6235294117647059,1.59375e-05,0.75,0.0,2.0,easy|hard|medium
test,0,1,52,32,0.531855325003562,27.910739856000873,27.911352720999275,0.6747936606407166,0.512987012987013,0.53125,0.5119047619047619,0.5076923076923077,1.6250000000000002e-05,1.0625,0.0,2.0,medium|easy|hard
test,0,1,53,32,0.5313929920012015,28.44257262100291,28.443185472999176,0.6390546560287476,0.8095238095238095,0.8125,0.8095238095238095,0.8095238095238095,1.6562500000000003e-05,0.875,0.0,2.0,easy|hard|medium
test,0,1,54,32,0.5311850729995058,28.974286971002584,28.974899832996016,0.6101202964782715,0.78125,0.78125,0.7823529411764706,0.7810361681329423,1.6875e-05,0.84375,0.0,2.0,easy|hard|medium
test,0,1,55,32,0.5317758699966362,29.506685627005936,29.507298471995455,0.5942409038543701,0.8745098039215686,0.875,0.8745098039215686,0.8745098039215686,1.71875e-05,0.875,0.0,2.0,medium|hard|easy
test,0,1,56,32,0.5322221579990583,30.03944151000178,30.04005429300014,0.5543442964553833,0.8490196078431372,0.84375,0.8531746031746033,0.8435972629521017,1.7500000000000002e-05,0.9375,0.0,2.0,hard|medium|easy
test,0,1,57,32,0.5314366089951363,30.571342084003845,30.57195494899497,0.5898899435997009,0.7823529411764706,0.78125,0.78125,0.7810361681329423,1.7812500000000003e-05,0.96875,0.0,2.0,medium|hard|easy
test,0,1,58,32,0.5320183700023335,31.103956515005848,31.104569399001775,0.4537864029407501,0.9523809523809523,0.9375,0.9230769230769231,0.9333333333333333,1.8125e-05,0.75,0.0,2.0,hard|easy|medium
test,0,1,59,32,0.5321344600015436,31.636684878001688,31.63729776100081,0.4656757712364197,0.84375,0.84375,0.8450980392156863,0.8435972629521017,1.84375e-05,0.96875,0.0,2.0,medium|easy|hard
test,0,1,60,32,0.5315223290017457,32.16888876600569,32.16950163999718,0.34189122915267944,0.95,0.9375,0.9285714285714286,0.9352226720647774,1.8750000000000002e-05,0.84375,0.0,2.0,easy|medium|hard
test,0,1,61,32,0.5299846729976707,32.69937083100376,32.69998369299719,0.38266700506210327,0.8490196078431372,0.84375,0.8531746031746033,0.8435972629521017,1.9062500000000003e-05,0.90625,0.0,2.0,easy|medium|hard
test,0,1,62,32,0.5319223660044372,33.231778995999775,33.23239182099496,0.34245437383651733,0.8705882352941177,0.875,0.8825910931174089,0.873015873015873,1.9375e-05,0.75,0.0,2.0,easy|medium|hard
test,0,1,63,32,0.531876919005299,33.764161502003844,33.764774317001866,0.6633403301239014,0.7685714285714286,0.71875,0.6865079365079365,0.681063122923588,1.96875e-05,0.75,0.0,2.0,easy|medium|hard
test,0,1,64,20,0.3627470150022418,34.12734271600493,34.127955532996566,0.5527361035346985,0.696969696969697,0.7,0.696969696969697,0.696969696969697,2e-05,0.8500000238418579,0.0,2.0,easy|medium|hard
test,0,2,1,32,0.5330694420044892,0.6183603030003724,37.379437827999936,0.31951528787612915,0.8704453441295547,0.875,0.8704453441295547,0.8704453441295547,1.996527777777778e-05,0.84375,0.0,2.0,hard|medium|easy
test,0,2,2,32,0.5322149390049162,1.1513267970003653,37.91240401999676,0.41881802678108215,0.8411764705882353,0.84375,0.8452380952380952,0.8423645320197044,1.9930555555555556e-05,1.09375,0.0,2.0,medium|easy|hard
test,0,2,3,32,0.532031154994911,1.6838883669988718,38.44496553399949,0.16645601391792297,0.9352226720647774,0.9375,0.9352226720647774,0.9352226720647774,1.9895833333333334e-05,1.03125,0.0,2.0,medium|hard|easy
test,0,2,4,32,0.5308956440057955,2.2153840879982454,38.976461287995335,0.1508278250694275,0.9666666666666667,0.96875,0.9722222222222222,0.9684729064039409,1.9861111111111114e-05,0.78125,0.0,2.0,medium|hard|easy
test,0,2,5,32,0.5324101900041569,2.7483213689993136,39.50939854999888,0.2419086992740631,0.9372549019607843,0.9375,0.9372549019607843,0.9372549019607843,1.982638888888889e-05,0.90625,0.0,2.0,medium|hard|easy
test,0,2,6,32,0.531778121003299,3.2806215669988887,40.04169879300025,0.34136825799942017,0.9,0.875,0.875,0.873015873015873,1.979166666666667e-05,0.96875,0.0,2.0,medium|hard|easy
test,0,2,7,32,0.5315466709944303,3.812721738999244,40.573798931000056,0.2867189347743988,0.8784313725490196,0.875,0.8784313725490196,0.875,1.9756944444444446e-05,1.125,0.0,2.0,hard|medium|easy
test,0,2,8,32,0.5324475720044575,4.345832805003738,41.1069099929955,0.3853267431259155,0.873015873015873,0.875,0.873015873015873,0.873015873015873,1.9722222222222224e-05,1.03125,0.0,2.0,medium|easy|hard
test,0,2,9,32,0.5315459240009659,4.87796823100507,41.639045431998966,0.19159474968910217,0.9089068825910931,0.90625,0.9007936507936507,0.9039039039039038,1.96875e-05,1.125,0.0,2.0,easy|medium|hard
test,0,2,10,32,0.5316556910038344,5.41021233900392,42.1712894769953,0.2177448719739914,0.903921568627451,0.90625,0.9087301587301587,0.9054187192118226,1.9652777777777778e-05,0.96875,0.0,2.0,easy|hard|medium
test,0,2,11,32,0.5322153259985498,5.942977832004544,42.70405502399808,0.340836763381958,0.8593073593073592,0.84375,0.8293650793650793,0.8358974358974359,1.961805555555556e-05,1.125,0.0,2.0,medium|easy|hard
test,0,2,12,32,0.5325379659989267,6.476121523002803,43.23719872700167,0.24099981784820557,0.8825910931174089,0.875,0.8705882352941177,0.873015873015873,1.9583333333333333e-05,1.15625,0.0,2.0,medium|hard|easy
test,0,2,13,32,0.5315337979991455,7.008235045002948,43.76931224199507,0.220052570104599,0.9069264069264069,0.90625,0.8916666666666666,0.8981972428419936,1.9548611111111113e-05,1.125,0.0,2.0,easy|hard|medium
test,0,2,14,32,0.5319317050016252,7.540735039001447,44.30181224599801,0.05531485006213188,1.0,1.0,1.0,1.0,1.951388888888889e-05,0.90625,0.0,2.0,hard|easy|medium
test,0,2,15,32,0.5328631880038301,8.074130310000328,44.83520752399636,0.2760942280292511,0.9352226720647774,0.9375,0.9352226720647774,0.9352226720647774,1.9479166666666668e-05,0.75,0.0,2.0,easy|hard|medium
test,0,2,16,32,0.5317261910022353,8.606441167001321,45.36751836499752,0.40144240856170654,0.8319838056680162,0.84375,0.8416666666666667,0.8358974358974359,1.9444444444444445e-05,1.125,0.0,2.0,medium|hard|easy
test,0,2,17,32,0.5318212939964724,9.138867148998543,45.89994435099652,0.06110525131225586,1.0,1.0,1.0,1.0,1.9409722222222226e-05,1.0625,0.0,2.0,easy|hard|medium
test,0,2,18,32,0.5325321950003854,9.671988424001029,46.43306561099598,0.26640641689300537,0.9352226720647774,0.9375,0.9352226720647774,0.9352226720647774,1.9375e-05,0.9375,0.0,2.0,easy|medium|hard
test,0,2,19,32,0.5322587549962918,10.204812110001512,46.96588932899613,0.5371561050415039,0.8562753036437247,0.84375,0.84375,0.8423645320197044,1.9340277777777777e-05,1.125,0.0,2.0,medium|hard|easy
test,0,2,20,32,0.5312030269997194,10.736652454004798,47.497729661998164,0.4873864948749542,0.875,0.84375,0.8529411764705883,0.8423645320197044,1.9305555555555558e-05,0.78125,0.0,2.0,hard|medium|easy
test,0,2,21,32,0.5322616119956365,11.26945414700458,48.0305313439967,0.16275371611118317,0.9722222222222222,0.96875,0.9666666666666667,0.9684729064039409,1.9270833333333335e-05,0.96875,0.0,2.0,medium|easy|hard
test,0,2,22,32,0.531000265997136,11.80101514600392,48.56209235999995,0.33120372891426086,0.9083333333333333,0.90625,0.8967611336032388,0.9015384615384616,1.9236111111111113e-05,0.875,0.0,2.0,easy|medium|hard
test,0,2,23,32,0.5308464799963986,12.332411194001907,49.09348840000166,0.48969680070877075,0.8913043478260869,0.84375,0.8214285714285714,0.8303287380699894,1.920138888888889e-05,0.84375,0.0,2.0,medium|easy|hard
test,0,2,24,32,0.5322890959942015,12.865248824004084,49.626326028999756,0.473915696144104,0.8421052631578947,0.8125,0.8421052631578947,0.8125,1.916666666666667e-05,1.0,0.0,2.0,hard|easy|medium
test,0,2,25,32,0.5314552599957096,13.397276041003352,50.15835356799653,0.3786601424217224,0.8571428571428572,0.875,0.9090909090909092,0.8666666666666667,1.9131944444444445e-05,0.90625,0.0,2.0,hard|medium|easy
test,0,2,26,32,0.5310055099980673,13.928797239001142,50.68987451599969,0.10981214791536331,0.9705882352941176,0.96875,0.96875,0.9687194525904204,1.9097222222222225e-05,1.0625,0.0,2.0,easy|hard|medium
test,0,2,27,32,0.5317051960009849,14.4610396700009,51.222116869001184,0.18634340167045593,0.975,0.96875,0.9615384615384616,0.9671794871794872,1.9062500000000003e-05,0.78125,0.0,2.0,easy|medium|hard
test,0,2,28,32,0.5312170710021746,14.99281226599851,51.75388941299752,0.30547773838043213,0.9333333333333333,0.9375,0.9473684210526316,0.9365079365079365,1.902777777777778e-05,0.96875,0.0,2.0,easy|hard|medium
test,0,2,29,32,0.5310745489987312,15.524418733999482,52.285495942000125,0.38942211866378784,0.8745098039215686,0.875,0.8745098039215686,0.8745098039215686,1.8993055555555557e-05,0.90625,0.0,2.0,medium|hard|easy
test,0,2,30,32,0.5325011569948401,16.057461846001388,52.81853911899816,0.5637505650520325,0.8178137651821862,0.8125,0.807843137254902,0.8095238095238095,1.8958333333333334e-05,1.15625,0.0,2.0,medium|easy|hard
test,0,2,31,32,0.5323212319999584,16.590239468998334,53.35131666199595,0.2524435818195343,0.8967611336032388,0.90625,0.9083333333333333,0.9015384615384616,1.8923611111111112e-05,0.90625,0.0,2.0,medium|easy|hard
test,0,2,32,32,0.5313094670054852,17.1220718379991,53.883149043998856,0.22158698737621307,0.90625,0.90625,0.907843137254902,0.906158357771261,1.888888888888889e-05,1.03125,0.0,2.0,hard|easy|medium
test,0,2,33,32,0.5326644149972708,17.655335989002197,54.416413181999815,0.639694333076477,0.7896825396825397,0.78125,0.7862745098039217,0.7810361681329423,1.885416666666667e-05,0.875,0.0,2.0,easy|medium|hard
test,0,2,34,32,0.5320504120027181,18.188008219003677,54.94908542299527,0.3203815817832947,0.9166666666666667,0.875,0.8333333333333333,0.8545454545454545,1.8819444444444447e-05,0.96875,0.0,2.0,hard|easy|medium
test,0,2,35,32,0.5308657929999754,18.719452429999365,55.48052956700121,0.17157161235809326,0.9736842105263157,0.96875,0.9642857142857143,0.967967967967968,1.8784722222222224e-05,0.78125,0.0,2.0,easy|medium|hard
test,0,2,36,32,0.5321058679983253,19.25206804100162,56.01314548600203,0.17641384899616241,0.975,0.96875,0.9615384615384616,0.9671794871794872,1.8750000000000002e-05,1.15625,0.0,2.0,medium|hard|easy
test,0,2,37,32,0.5319664779963205,19.78462054600095,56.545697770001425,0.323878675699234,0.875,0.875,0.8809523809523809,0.8745098039215686,1.871527777777778e-05,0.71875,0.0,2.0,easy|medium|hard
test,0,2,38,32,0.5311910239979625,20.31636635900213,57.07744357499905,0.2192566990852356,0.907843137254902,0.90625,0.90625,0.906158357771261,1.8680555555555556e-05,0.8125,0.0,2.0,medium|easy|hard
test,0,2,39,32,0.5325859949953156,20.84950360700168,57.610580802000186,0.3466932773590088,0.90625,0.90625,0.907843137254902,0.906158357771261,1.8645833333333334e-05,0.53125,0.0,2.0,hard|easy|medium
test,0,2,40,32,0.5319227410000167,21.38198331899912,58.14306050999585,0.41278111934661865,0.7784313725490195,0.78125,0.7817460317460317,0.7793103448275862,1.8611111111111114e-05,0.6875,0.0,2.0,easy|hard|medium
test,0,2,41,32,0.5312444549999782,21.91377358599857,58.67485078799655,0.15059983730316162,0.9705882352941176,0.96875,0.96875,0.9687194525904204,1.8576388888888888e-05,0.8125,0.0,2.0,medium|easy|hard
test,0,2,42,32,0.5330094609962543,22.44731248899916,59.20838971299963,0.22102892398834229,0.9333333333333333,0.9375,0.9333333333333333,0.9333333333333333,1.854166666666667e-05,0.71875,0.0,2.0,easy|medium|hard
test,0,2,43,32,0.532105596998008,22.979984230005357,59.741061376997095,0.18559736013412476,1.0,1.0,1.0,1.0,1.8506944444444446e-05,0.875,0.0,2.0,easy|hard|medium
test,0,2,44,32,0.5302823230013018,23.510796937000123,60.271874361998925,0.32304543256759644,0.90625,0.90625,0.907843137254902,0.906158357771261,1.8472222222222224e-05,0.78125,0.0,2.0,easy|medium|hard
test,0,2,45,32,0.5332540780000272,24.04461343600269,60.80569061699498,0.1098291426897049,1.0,1.0,1.0,1.0,1.84375e-05,1.0,0.0,2.0,medium|easy|hard
test,0,2,46,32,0.5316348699998343,24.576710293004,61.3377875590013,0.1777409315109253,0.96875,0.96875,0.9705882352941176,0.9687194525904204,1.8402777777777778e-05,0.71875,0.0,2.0,easy|hard|medium
test,0,2,47,32,0.531737263998366,25.1090137420033,61.87009088000195,0.14260926842689514,0.9333333333333333,0.9375,0.9473684210526316,0.9365079365079365,1.836805555555556e-05,0.8125,0.0,2.0,medium|easy|hard
test,0,2,48,32,0.5335431499988772,25.643122391004,62.40419959499559,0.37671375274658203,0.8450980392156863,0.84375,0.84375,0.8435972629521017,1.8333333333333333e-05,0.875,0.0,2.0,easy|medium|hard
test,0,2,49,32,0.5324219859976438,26.176133471002686,62.93721066299622,0.204343780875206,0.9365079365079365,0.9375,0.9365079365079365,0.9365079365079365,1.8298611111111114e-05,0.8125,0.0,2.0,medium|easy|hard
test,0,2,50,32,0.5319622919996618,26.70863527500478,63.46971246299654,0.2362695038318634,0.9473684210526316,0.9375,0.9333333333333333,0.9365079365079365,1.826388888888889e-05,0.78125,0.0,2.0,easy|hard|medium
test,0,2,51,32,0.5331922420009505,27.242431352002313,64.00350854499993,0.21169337630271912,0.9210526315789473,0.90625,0.90625,0.9054187192118226,1.8229166666666668e-05,0.875,0.0,2.0,medium|hard|easy
test,0,2,52,32,0.532554731995333,27.775581198999134,64.53665835900028,0.3275127410888672,0.9,0.875,0.875,0.873015873015873,1.8194444444444445e-05,0.90625,0.0,2.0,medium|hard|easy
test,0,2,53,32,0.5318435250010225,28.308013127003505,65.06909028399969,0.32494452595710754,0.9,0.875,0.875,0.873015873015873,1.8159722222222226e-05,1.21875,0.0,2.0,medium|hard|easy
test,0,2,54,32,0.5326200050039915,28.841089173998625,65.60216636599944,0.3853813409805298,0.875,0.875,0.875,0.875,1.8125e-05,0.65625,0.0,2.0,medium|easy|hard
test,0,2,55,32,0.5322184030010249,29.373781244001293,66.13485868799762,0.1337057203054428,0.975,0.96875,0.9615384615384616,0.9671794871794872,1.8090277777777777e-05,1.09375,0.0,2.0,easy|medium|hard
test,0,2,56,32,0.531701450003311,29.90597884300223,66.66705603699666,0.13180723786354065,0.903921568627451,0.90625,0.9087301587301587,0.9054187192118226,1.8055555555555558e-05,0.65625,0.0,2.0,easy|medium|hard
test,0,2,57,32,0.5324174220004352,30.439009770001576,67.200086963996,0.13598120212554932,0.9545454545454546,0.96875,0.9772727272727273,0.964562569213732,1.8020833333333335e-05,1.0,0.0,2.0,medium|hard|easy
test,0,2,58,32,0.5317482750033378,30.971378893998917,67.7324560929992,0.37106019258499146,0.9117647058823529,0.90625,0.9166666666666667,0.906158357771261,1.7986111111111113e-05,0.84375,0.0,2.0,medium|easy|hard
test,0,2,59,32,0.532269235001877,31.50412276499992,68.26519990000088,0.5103372931480408,0.8958333333333333,0.84375,0.8076923076923077,0.82281284606866,1.795138888888889e-05,0.90625,0.0,2.0,hard|easy|medium
test,0,2,60,32,0.5330634839992854,32.03785174999939,68.79892893799843,0.387140154838562,0.90625,0.90625,0.907843137254902,0.906158357771261,1.7916666666666667e-05,1.1875,0.0,2.0,hard|easy|medium
test,0,2,61,32,0.5326072570023825,32.5709095179991,69.33198670599813,0.06654858589172363,1.0,1.0,1.0,1.0,1.7881944444444445e-05,0.90625,0.0,2.0,easy|hard|medium
test,0,2,62,32,0.5315848669997649,33.103012871004466,69.86409002199798,0.14566241204738617,0.9365079365079365,0.9375,0.9365079365079365,0.9365079365079365,1.7847222222222225e-05,0.71875,0.0,2.0,hard|easy|medium
test,0,2,63,32,0.5326524769989192,33.636105263998616,70.3971824629989,0.30548128485679626,0.9285714285714286,0.90625,0.8928571428571428,0.9015384615384616,1.7812500000000003e-05,0.875,0.0,2.0,medium|easy|hard
test,0,2,64,20,0.36312527200061595,33.999705570000515,70.76078275100008,0.08400104194879532,0.9375,0.95,0.9615384615384616,0.9466666666666667,1.7777777777777777e-05,0.800000011920929,0.0,2.0,medium|easy|hard
test,0,3,1,32,0.5327160759989056,0.6205255280001438,74.03688613000122,0.04743858426809311,1.0,1.0,1.0,1.0,1.7743055555555557e-05,0.875,0.0,2.0,easy|hard|medium
test,0,3,2,32,0.53127896800288,1.1525355639969348,74.56889296000008,0.2882484197616577,0.9210526315789473,0.90625,0.90625,0.9054187192118226,1.7708333333333335e-05,1.1875,0.0,2.0,medium|hard|easy
test,0,3,3,32,0.5332571449980605,1.6863302150013624,75.10268760699546,0.3501954674720764,0.925,0.90625,0.9,0.9039039039039038,1.7673611111111112e-05,0.90625,0.0,2.0,easy|medium|hard
test,0,3,4,32,0.5322078410026734,2.2191202379981405,75.63547763400129,0.33966684341430664,0.84375,0.84375,0.8809523809523809,0.8398398398398399,1.763888888888889e-05,0.84375,0.0,2.0,easy|hard|medium
test,0,3,5,32,0.5309313610050594,2.7505787379996036,76.16693617899728,0.13915619254112244,0.9666666666666667,0.96875,0.9722222222222222,0.9684729064039409,1.760416666666667e-05,0.75,0.0,2.0,medium|easy|hard
test,0,3,6,32,0.5332133260017144,3.2844220229962957,76.70077941899945,0.03237131983041763,1.0,1.0,1.0,1.0,1.7569444444444447e-05,1.0,0.0,2.0,easy|hard|medium
test,0,3,7,32,0.5325857790012378,3.8175965560003533,77.23395399800211,0.02751999720931053,1.0,1.0,1.0,1.0,1.7534722222222225e-05,0.875,0.0,2.0,easy|medium|hard
test,0,3,8,32,0.5307006139992154,4.348905433995242,77.76526283899875,0.05618192255496979,0.9705882352941176,0.96875,0.96875,0.9687194525904204,1.7500000000000002e-05,0.90625,0.0,2.0,medium|easy|hard
test,0,3,9,32,0.5332187490057549,4.882692999999563,78.29905041000166,0.035654179751873016,1.0,1.0,1.0,1.0,1.746527777777778e-05,0.9375,0.0,2.0,easy|medium|hard
test,0,3,10,32,0.5320733970002038,5.4153530490002595,78.8317104289963,0.40285778045654297,0.8705882352941177,0.875,0.8825910931174089,0.873015873015873,1.7430555555555556e-05,0.90625,0.0,2.0,easy|medium|hard
test,0,3,11,32,0.531508734995441,5.947426513994287,79.36378390400205,0.05416928231716156,0.9642857142857143,0.96875,0.9736842105263157,0.967967967967968,1.7395833333333334e-05,0.9375,0.0,2.0,easy|hard|medium
test,0,3,12,32,0.5332185320003191,6.481258462998085,79.89761588699912,0.05392445996403694,1.0,1.0,1.0,1.0,1.7361111111111114e-05,0.96875,0.0,2.0,hard|medium|easy
test,0,3,13,32,0.5326946360000875,7.014531813998474,80.43088919699949,0.236796572804451,0.9009661835748792,0.90625,0.8772727272727273,0.887719298245614,1.732638888888889e-05,0.78125,0.0,2.0,medium|hard|easy
test,0,3,14,32,0.5317453129973728,7.54686575300002,80.96322316100122,0.1726709008216858,0.975,0.96875,0.9615384615384616,0.9671794871794872,1.729166666666667e-05,0.78125,0.0,2.0,medium|easy|hard
test,0,3,15,32,0.5331397339978139,8.080551191000268,81.49690860899864,0.02258613333106041,1.0,1.0,1.0,1.0,1.7256944444444446e-05,0.84375,0.0,2.0,easy|hard|medium
test,0,3,16,32,0.5320664350001607,8.613187823997578,82.02954524099914,0.28492704033851624,0.9411764705882353,0.9375,0.9411764705882353,0.9375,1.7222222222222224e-05,0.8125,0.0,2.0,hard|easy|medium
test,0,3,17,32,0.5320935150011792,9.14578760099539,82.56214499899943,0.46393492817878723,0.8450980392156863,0.84375,0.84375,0.8435972629521017,1.71875e-05,0.84375,0.0,2.0,easy|medium|hard
test,0,3,18,32,0.5333101229989552,9.67956779999804,83.09592518999852,0.3257700800895691,0.925,0.90625,0.9,0.9039039039039038,1.715277777777778e-05,0.9375,0.0,2.0,easy|medium|hard
test,0,3,19,32,0.5322672969996347,10.212377766998543,83.62873515099636,0.3533560633659363,0.8916666666666666,0.90625,0.9069264069264069,0.8981972428419936,1.7118055555555556e-05,0.75,0.0,2.0,easy|medium|hard
test,0,3,20,32,0.5320121339973412,10.744973585999105,84.16133101000014,0.059897467494010925,0.9642857142857143,0.96875,0.9736842105263157,0.967967967967968,1.7083333333333333e-05,1.0,0.0,2.0,easy|hard|medium
test,0,3,21,32,0.5326170760017703,11.27813146799599,84.69448886100145,0.060489244759082794,0.9722222222222222,0.96875,0.9666666666666667,0.9684729064039409,1.7048611111111114e-05,1.03125,0.0,2.0,medium|hard|easy
test,0,3,22,32,0.532261018997815,11.81093371699535,85.22729109799548,0.25819724798202515,0.90625,0.90625,0.9210526315789473,0.9054187192118226,1.701388888888889e-05,0.96875,0.0,2.0,medium|easy|hard
test,0,3,23,32,0.5321376659994712,12.343649033995462,85.76000641899736,0.15898819267749786,0.9285714285714286,0.9375,0.95,0.9352226720647774,1.6979166666666668e-05,1.09375,0.0,2.0,easy|hard|medium
test,0,3,24,32,0.5330192969995551,12.87723020699923,86.29358790699916,0.21054966747760773,0.9117647058823529,0.90625,0.9166666666666667,0.906158357771261,1.6944444444444446e-05,1.0,0.0,2.0,medium|easy|hard
test,0,3,25,32,0.5324741049989825,13.410307735997776,86.82666513000004,0.0781460553407669,0.9736842105263157,0.96875,0.9642857142857143,0.967967967967968,1.6909722222222223e-05,0.875,0.0,2.0,medium|hard|easy
test,0,3,26,32,0.5318560279993108,13.942660834996786,87.35901821399602,0.3029929995536804,0.9444444444444444,0.9375,0.9375,0.9372549019607843,1.6875e-05,0.84375,0.0,2.0,easy|medium|hard
test,0,3,27,32,0.5327143059985247,14.475904447994253,87.89226182799757,0.26010891795158386,0.907843137254902,0.90625,0.90625,0.906158357771261,1.6840277777777778e-05,0.9375,0.0,2.0,hard|medium|easy
test,0,3,28,32,0.5324648710011388,15.008947622998676,88.4253050069965,0.07000195235013962,1.0,1.0,1.0,1.0,1.6805555555555558e-05,0.90625,0.0,2.0,medium|hard|easy
test,0,3,29,32,0.532263351000438,15.541802353000094,88.95815979199688,0.2143985629081726,0.9365079365079365,0.9375,0.9365079365079365,0.9365079365079365,1.6770833333333336e-05,0.96875,0.0,2.0,easy|hard|medium
test,0,3,30,32,0.5329499559957185,16.075217581994366,89.49157496800035,0.30159926414489746,0.9083333333333333,0.90625,0.8967611336032388,0.9015384615384616,1.6736111111111113e-05,0.8125,0.0,2.0,medium|easy|hard
test,0,3,31,32,0.5323371409976971,16.608133720998012,90.0244911539994,0.25284361839294434,0.9,0.90625,0.925,0.9039039039039038,1.670138888888889e-05,1.0,0.0,2.0,easy|medium|hard
test,0,3,32,32,0.5319547249964671,17.140642649996153,90.55700004100072,0.14554011821746826,0.9666666666666667,0.96875,0.9722222222222222,0.9684729064039409,1.6666666666666667e-05,1.03125,0.0,2.0,medium|hard|easy
test,0,3,33,32,0.5332453580049332,17.674460662994534,91.09081804999732,0.1559547334909439,0.9705882352941176,0.96875,0.96875,0.9687194525904204,1.6631944444444445e-05,0.875,0.0,2.0,medium|hard|easy
test,0,3,34,32,0.5322347909968812,18.207245761994272,91.62360314599937,0.1781845986843109,0.9444444444444444,0.9375,0.9375,0.9372549019607843,1.6597222222222225e-05,0.90625,0.0,2.0,easy|medium|hard
test,0,3,35,32,0.5321822030018666,18.739955967997957,92.15631335899525,0.13909928500652313,0.9444444444444444,0.9375,0.9375,0.9372549019607843,1.6562500000000003e-05,1.0,0.0,2.0,medium|hard|easy
test,0,3,36,32,0.5329598720054491,19.273460215998057,92.68981761000032,0.16369765996932983,0.903921568627451,0.90625,0.9087301587301587,0.9054187192118226,1.6527777777777777e-05,0.75,0.0,2.0,easy|medium|hard
test,0,3,37,32,0.5322097309981473,19.806204997999885,93.22256243199809,0.16703394055366516,0.9352226720647774,0.9375,0.9352226720647774,0.9352226720647774,1.6493055555555557e-05,0.84375,0.0,2.0,hard|easy|medium
test,0,3,38,32,0.5315847770034452,20.33835830300086,93.7547156829969,0.1689622402191162,0.9375,0.9375,0.9444444444444444,0.9372549019607843,1.6458333333333335e-05,1.03125,0.0,2.0,hard|easy|medium
test,0,3,39,32,0.5325089689940796,20.8713725589987,94.28772995300096,0.07698515802621841,1.0,1.0,1.0,1.0,1.6423611111111112e-05,0.78125,0.0,2.0,easy|medium|hard
test,0,3,40,32,0.5324848449963611,21.40442544999678,94.8207828529994,0.11990571022033691,0.9333333333333333,0.9375,0.9333333333333333,0.9333333333333333,1.638888888888889e-05,0.90625,0.0,2.0,easy|medium|hard
test,0,3,41,32,0.5321715609970852,21.93710139799805,95.35345878199587,0.25248652696609497,0.9117647058823529,0.90625,0.9166666666666667,0.906158357771261,1.635416666666667e-05,1.0,0.0,2.0,medium|hard|easy
test,0,3,42,32,0.5327630510000745,22.470450013999653,95.88680742999713,0.2056615948677063,0.9375,0.9375,0.9375,0.9375,1.6319444444444444e-05,0.8125,0.0,2.0,hard|easy|medium
test,0,3,43,32,0.5324461929994868,23.003430958000536,96.41978841899981,0.029628586024045944,1.0,1.0,1.0,1.0,1.6284722222222225e-05,1.03125,0.0,2.0,easy|hard|medium
test,0,3,44,32,0.5314936389986542,23.535445786998025,96.95180319299834,0.09916187822818756,0.9545454545454546,0.96875,0.9772727272727273,0.964562569213732,1.6250000000000002e-05,0.875,0.0,2.0,easy|medium|hard
test,0,3,45,32,0.5327492770011304,24.068733870997676,97.48509126299905,0.13855192065238953,0.96875,0.96875,0.9705882352941176,0.9687194525904204,1.621527777777778e-05,1.15625,0.0,2.0,easy|hard|medium
test,0,3,46,32,0.5334542100026738,24.602804643996933,98.01916204299778,0.24417202174663544,0.9352226720647774,0.9375,0.9352226720647774,0.9352226720647774,1.6180555555555557e-05,0.9375,0.0,2.0,easy|medium|hard
test,0,3,47,32,0.5312738010034082,25.134728796998388,98.55108617700171,0.08061052858829498,0.96875,0.96875,0.9705882352941176,0.9687194525904204,1.6145833333333334e-05,0.6875,0.0,2.0,medium|easy|hard
test,0,3,48,32,0.5323956959982752,25.667722493999463,99.08407987799728,0.020983334630727768,1.0,1.0,1.0,1.0,1.6111111111111115e-05,1.125,0.0,2.0,easy|medium|hard
test,0,3,49,32,0.5323570539985667,26.200562482998066,99.616919864995,0.05742323398590088,1.0,1.0,1.0,1.0,1.607638888888889e-05,0.8125,0.0,2.0,medium|easy|hard
test,0,3,50,32,0.5319780300051207,26.73312077499577,100.14947817000211,0.01229487918317318,1.0,1.0,1.0,1.0,1.604166666666667e-05,0.9375,0.0,2.0,medium|easy|hard
test,0,3,51,32,0.5324537010019412,27.266094587001135,100.68245197999931,0.25852733850479126,0.9307359307359306,0.9375,0.9307359307359306,0.9307359307359306,1.6006944444444447e-05,0.75,0.0,2.0,medium|easy|hard
test,0,3,52,32,0.53229506900243,27.798933694997686,101.21529108400136,0.15173643827438354,0.9666666666666667,0.96875,0.9722222222222222,0.9684729064039409,1.5972222222222224e-05,1.15625,0.0,2.0,hard|easy|medium
test,0,3,53,32,0.5316578689962626,28.331191874996875,101.74754925999878,0.12005490809679031,0.9705882352941176,0.96875,0.96875,0.9687194525904204,1.59375e-05,1.125,0.0,2.0,medium|hard|easy
test,0,3,54,32,0.5310160629960592,28.862727945001097,102.27908534900052,0.076356902718544,0.9705882352941176,0.96875,0.96875,0.9687194525904204,1.590277777777778e-05,1.1875,0.0,2.0,hard|medium|easy
test,0,3,55,32,0.5324420639954042,29.395767846996023,102.81212548400072,0.10161623358726501,0.9705882352941176,0.96875,0.96875,0.9687194525904204,1.5868055555555556e-05,1.0,0.0,2.0,hard|easy|medium
test,0,3,56,32,0.5317957779989229,29.92811679499573,103.34447419799835,0.5429243445396423,0.8529411764705883,0.84375,0.875,0.8423645320197044,1.5833333333333333e-05,0.71875,0.0,2.0,hard|easy|medium
test,0,3,57,32,0.5311223380049341,30.45981563499663,103.87617302299623,0.5240118503570557,0.875,0.875,0.8272727272727273,0.8454106280193237,1.5798611111111114e-05,0.90625,0.0,2.0,hard|medium|easy
test,0,3,58,32,0.5328571430000011,30.993197678995784,104.40955507200124,0.39393773674964905,0.8809523809523809,0.875,0.875,0.8745098039215686,1.576388888888889e-05,0.875,0.0,2.0,medium|easy|hard
test,0,3,59,32,0.5325156200051424,31.526279466001142,104.94263687499915,0.10454840958118439,0.96875,0.96875,0.9705882352941176,0.9687194525904204,1.572916666666667e-05,0.8125,0.0,2.0,easy|hard|medium
test,0,3,60,32,0.5315394440040109,32.05849906300136,105.47485652600153,0.12046435475349426,0.9722222222222222,0.96875,0.9666666666666667,0.9684729064039409,1.5694444444444446e-05,0.96875,0.0,2.0,hard|easy|medium
test,0,3,61,32,0.5326572319972911,32.59163060999708,106.0079879939949,0.2800374925136566,0.9285714285714286,0.9375,0.95,0.9352226720647774,1.5659722222222223e-05,0.90625,0.0,2.0,easy|hard|medium
test,0,3,62,32,0.5314211599979899,33.12354546899587,106.53990290599904,0.021236231550574303,1.0,1.0,1.0,1.0,1.5625e-05,0.71875,0.0,2.0,medium|easy|hard
test,0,3,63,32,0.531305352000345,33.65529879999667,107.07165623699984,0.18118079006671906,0.95,0.9375,0.9285714285714286,0.9352226720647774,1.5590277777777778e-05,1.0,0.0,2.0,easy|hard|medium
test,0,3,64,20,0.3637452429975383,34.019553883998014,107.43591132199799,0.02838396094739437,1.0,1.0,1.0,1.0,1.555555555555556e-05,0.8500000238418579,0.0,2.0,hard|easy|medium
test,0,4,1,32,0.5337829810014227,0.6216402799982461,110.71766853299778,0.22846367955207825,0.9352226720647774,0.9375,0.9352226720647774,0.9352226720647774,1.5520833333333332e-05,1.125,0.0,2.0,hard|easy|medium
test,0,4,2,32,0.5323005879981793,1.1546659020023071,111.25069450600131,0.054054662585258484,0.975,0.96875,0.9615384615384616,0.9671794871794872,1.5486111111111113e-05,0.78125,0.0,2.0,hard|medium|easy
test,0,4,3,32,0.5322748369944748,1.6874772559967823,111.78350553500059,0.1370682269334793,0.9642857142857143,0.96875,0.9736842105263157,0.967967967967968,1.545138888888889e-05,0.78125,0.0,2.0,hard|medium|easy
test,0,4,4,32,0.5323083219991531,2.2203376199977356,112.3163658409976,0.016331441700458527,1.0,1.0,1.0,1.0,1.5416666666666668e-05,0.71875,0.0,2.0,hard|medium|easy
test,0,4,5,32,0.5318982120006694,2.7527757179996115,112.84880400000111,0.10419709980487823,0.9583333333333333,0.96875,0.9761904761904762,0.9660657476139979,1.5381944444444445e-05,0.71875,0.0,2.0,medium|easy|hard
test,0,4,6,32,0.5328746409941232,3.286177169997245,113.38220544999785,0.018039168789982796,1.0,1.0,1.0,1.0,1.5347222222222226e-05,1.0,0.0,2.0,hard|easy|medium
test,0,4,7,32,0.5320407429971965,3.8187595490016975,113.91478783299681,0.1969076693058014,0.907843137254902,0.90625,0.90625,0.906158357771261,1.5312500000000003e-05,0.71875,0.0,2.0,easy|medium|hard
test,0,4,8,32,0.5317300989991054,4.35110970200185,114.44713796400174,0.0179951973259449,1.0,1.0,1.0,1.0,1.5277777777777777e-05,1.1875,0.0,2.0,medium|easy|hard
test,0,4,9,32,0.5330178429940133,4.884778034000192,114.98080634100188,0.01219655480235815,1.0,1.0,1.0,1.0,1.5243055555555558e-05,0.8125,0.0,2.0,medium|easy|hard
test,0,4,10,32,0.5323814609946567,5.417758221999975,115.5137868189995,0.010957451537251472,1.0,1.0,1.0,1.0,1.5208333333333333e-05,0.96875,0.0,2.0,hard|medium|easy
test,0,4,11,32,0.5321098370041,5.950469832998351,116.04649811399577,0.04373791068792343,0.98,0.96875,0.9375,0.9564625850340136,1.5173611111111112e-05,0.84375,0.0,2.0,easy|medium|hard
test,0,4,12,32,0.5330247180027072,6.4840625829965575,116.58009088200197,0.24004900455474854,0.9473684210526316,0.9375,0.9333333333333333,0.9365079365079365,1.513888888888889e-05,0.75,0.0,2.0,easy|hard|medium
test,0,4,13,32,0.5330225990037434,7.017621587998292,117.11364985899854,0.01436779834330082,1.0,1.0,1.0,1.0,1.5104166666666668e-05,1.09375,0.0,2.0,easy|hard|medium
test,0,4,14,32,0.5323447560003842,7.550430563998816,117.64645917699818,0.03741580992937088,1.0,1.0,1.0,1.0,1.5069444444444446e-05,0.96875,0.0,2.0,easy|hard|medium
test,0,4,15,32,0.5333889680041466,8.08441288099857,118.18044114299846,0.25732141733169556,0.9411764705882353,0.9375,0.9411764705882353,0.9375,1.5034722222222225e-05,1.09375,0.0,2.0,easy|hard|medium
test,0,4,16,32,0.5333317399999942,8.618224389996612,118.71425269199972,0.16720624268054962,0.9736842105263157,0.96875,0.9642857142857143,0.967967967967968,1.5000000000000002e-05,0.875,0.0,2.0,hard|easy|medium
test,0,4,17,32,0.5319797989941435,9.150776274000236,119.24680455199996,0.08696414530277252,0.96875,0.96875,0.9705882352941176,0.9687194525904204,1.4965277777777778e-05,0.96875,0.0,2.0,hard|easy|medium
test,0,4,18,32,0.5331127099998412,9.684499501003302,119.78052788000059,0.01635926589369774,1.0,1.0,1.0,1.0,1.4930555555555557e-05,0.65625,0.0,2.0,hard|medium|easy
test,0,4,19,32,0.5322774779997417,10.217297839000821,120.31332618300075,0.007917266339063644,1.0,1.0,1.0,1.0,1.4895833333333334e-05,1.1875,0.0,2.0,medium|hard|easy
test,0,4,20,32,0.5316711619962007,10.749586782003462,120.84561507699982,0.2690298557281494,0.9087301587301587,0.90625,0.903921568627451,0.9054187192118226,1.4861111111111113e-05,0.8125,0.0,2.0,medium|easy|hard
test,0,4,21,32,0.5365374419998261,11.286632210998505,121.3826605860013,0.005635487847030163,1.0,1.0,1.0,1.0,1.482638888888889e-05,0.84375,0.0,2.0,hard|easy|medium
test,0,4,22,32,0.5324145699996734,11.819798185999389,121.91582647999894,0.004887022078037262,1.0,1.0,1.0,1.0,1.479166666666667e-05,0.75,0.0,2.0,hard|easy|medium
test,0,4,23,32,0.53212169699691,12.352552609001577,122.44858089899935,0.004985576495528221,1.0,1.0,1.0,1.0,1.4756944444444445e-05,0.75,0.0,2.0,easy|medium|hard
test,0,4,24,32,0.533077489999414,12.886187121002877,122.98221541899693,0.004688456654548645,1.0,1.0,1.0,1.0,1.4722222222222224e-05,1.15625,0.0,2.0,medium|hard|easy
test,0,4,25,32,0.5318298919955851,13.418603983001958,123.51463226299529,0.11496970802545547,0.96875,0.96875,0.9705882352941176,0.9687194525904204,1.4687500000000001e-05,0.875,0.0,2.0,medium|easy|hard
test,0,4,26,32,0.5325166360053117,13.951649130001897,124.04767742799595,0.09919396042823792,0.9642857142857143,0.96875,0.9736842105263157,0.967967967967968,1.4652777777777779e-05,1.0,0.0,2.0,medium|easy|hard
test,0,4,27,32,0.532380466000177,14.484558600001037,124.58058686499862,0.003222883678972721,1.0,1.0,1.0,1.0,1.4618055555555558e-05,0.875,0.0,2.0,easy|medium|hard
test,0,4,28,32,0.532554456993239,15.017646088002948,125.11367443999916,0.08797945082187653,0.975,0.96875,0.9615384615384616,0.9671794871794872,1.4583333333333333e-05,1.0,0.0,2.0,easy|medium|hard
test,0,4,29,32,0.5322282350025489,15.550377614003082,125.64640590299678,0.006316760089248419,1.0,1.0,1.0,1.0,1.4548611111111112e-05,1.0,0.0,2.0,hard|easy|medium
test,0,4,30,32,0.532882305997191,16.08382015600364,126.17984845899628,0.0044313156977295876,1.0,1.0,1.0,1.0,1.451388888888889e-05,0.84375,0.0,2.0,hard|easy|medium
test,0,4,31,32,0.5325601040021866,16.61690391800221,126.71293218700157,0.3970957100391388,0.9473684210526316,0.9375,0.9333333333333333,0.9365079365079365,1.4479166666666669e-05,0.9375,0.0,2.0,easy|hard|medium
test,0,4,32,32,0.5319330749989604,17.149441984998703,127.24547027899825,0.010340096428990364,1.0,1.0,1.0,1.0,1.4444444444444446e-05,0.71875,0.0,2.0,hard|easy|medium
test,0,4,33,32,0.5332901689980645,17.683252700000594,127.7792809829989,0.24815557897090912,0.9333333333333333,0.9375,0.9333333333333333,0.9333333333333333,1.4409722222222225e-05,1.21875,0.0,2.0,medium|easy|hard
test,0,4,34,32,0.5326903380046133,18.21652101699874,128.31254930199793,0.008880055509507656,1.0,1.0,1.0,1.0,1.4375e-05,0.96875,0.0,2.0,medium|easy|hard
test,0,4,35,32,0.5315615069994237,18.748613982003008,128.84464228300203,0.18338537216186523,0.9642857142857143,0.96875,0.9736842105263157,0.967967967967968,1.4340277777777778e-05,0.96875,0.0,2.0,easy|medium|hard
test,0,4,36,32,0.5332684530003462,19.28244337200158,129.37847164100094,0.04619103670120239,0.9615384615384616,0.96875,0.975,0.9671794871794872,1.4305555555555557e-05,0.84375,0.0,2.0,easy|hard|medium
test,0,4,37,32,0.5324589970041416,19.81548053000006,129.91150881799695,0.3732365071773529,0.9333333333333333,0.9375,0.9333333333333333,0.9333333333333333,1.4270833333333334e-05,1.0625,0.0,2.0,hard|medium|easy
test,0,4,38,32,0.5324987819985836,20.34848522699758,130.44451353100158,0.0036747725680470467,1.0,1.0,1.0,1.0,1.4236111111111113e-05,0.84375,0.0,2.0,easy|medium|hard
test,0,4,39,32,0.5327421600013622,20.881802620002418,130.97783091699966,0.16585835814476013,0.9333333333333333,0.9375,0.9333333333333333,0.9333333333333333,1.420138888888889e-05,0.90625,0.0,2.0,easy|hard|medium
test,0,4,40,32,0.5324291870056186,21.414800776998163,131.51082907099772,0.02447006292641163,1.0,1.0,1.0,1.0,1.416666666666667e-05,0.71875,0.0,2.0,medium|easy|hard
test,0,4,41,32,0.5322931720002089,21.9476369719996,132.04366558499896,0.03349773585796356,0.9722222222222222,0.96875,0.9666666666666667,0.9684729064039409,1.4131944444444445e-05,0.71875,0.0,2.0,medium|easy|hard
test,0,4,42,32,0.5328964339933009,22.481058564000705,132.57708683899546,0.46716102957725525,0.9117647058823529,0.90625,0.9166666666666667,0.906158357771261,1.4097222222222224e-05,0.9375,0.0,2.0,medium|hard|easy
test,0,4,43,32,0.5325552780050202,23.01409348999732,133.11012186099833,0.3773714601993561,0.9423076923076923,0.90625,0.8333333333333333,0.8693877551020408,1.4062500000000001e-05,0.78125,0.0,2.0,easy|medium|hard
test,0,4,44,32,0.5324349139991682,23.546998427998915,133.64302670799952,0.24277228116989136,0.9375,0.9375,0.9444444444444444,0.9372549019607843,1.4027777777777779e-05,1.125,0.0,2.0,medium|easy|hard
test,0,4,45,32,0.5332393449934898,24.08072132000234,134.17674962599995,0.0722724124789238,0.9736842105263157,0.96875,0.9642857142857143,0.967967967967968,1.3993055555555558e-05,1.09375,0.0,2.0,hard|medium|easy
test,0,4,46,32,0.5326360319959349,24.61389522399986,134.70992352400208,0.016195695847272873,1.0,1.0,1.0,1.0,1.3958333333333333e-05,0.875,0.0,2.0,hard|easy|medium
test,0,4,47,32,0.5321131129967398,25.14648972899886,135.24251800999627,0.1972464770078659,0.9523809523809523,0.9375,0.9230769230769231,0.9333333333333333,1.3923611111111112e-05,0.875,0.0,2.0,medium|easy|hard
test,0,4,48,32,0.5326568559976295,25.67967889099964,135.77570716699847,0.07883654534816742,0.9722222222222222,0.96875,0.9666666666666667,0.9684729064039409,1.388888888888889e-05,0.75,0.0,2.0,medium|easy|hard
test,0,4,49,32,0.5320710509986384,26.212267695002083,136.30829596799595,0.18771003186702728,0.9736842105263157,0.96875,0.9642857142857143,0.967967967967968,1.3854166666666669e-05,0.78125,0.0,2.0,easy|medium|hard
test,0,4,50,32,0.5318543719986337,26.74471774000267,136.84074597899598,0.1933784931898117,0.95,0.96875,0.9782608695652174,0.9625730994152046,1.3819444444444446e-05,1.15625,0.0,2.0,medium|hard|easy
test,0,4,51,32,0.5363104639982339,27.28165960500337,137.377688044995,0.04313906282186508,1.0,1.0,1.0,1.0,1.3784722222222225e-05,1.03125,0.0,2.0,easy|hard|medium
test,0,4,52,32,0.5328101749983034,27.8152031560021,137.9112314399972,0.12190045416355133,0.96875,0.96875,0.9705882352941176,0.9687194525904204,1.375e-05,1.25,0.0,2.0,hard|medium|easy
test,0,4,53,32,0.5316439460002584,28.347439637000207,138.44346791799762,0.0045931097120046616,1.0,1.0,1.0,1.0,1.3715277777777778e-05,1.0,0.0,2.0,easy|medium|hard
test,0,4,54,32,0.5330102630032343,28.88101584099786,138.97704412199528,0.15800799429416656,0.9666666666666667,0.96875,0.9722222222222222,0.9684729064039409,1.3680555555555557e-05,0.625,0.0,2.0,medium|easy|hard
test,0,4,55,32,0.5322150369975134,29.413696554001945,139.50972483999794,0.04398368299007416,0.9722222222222222,0.96875,0.9666666666666667,0.9684729064039409,1.3645833333333334e-05,0.6875,0.0,2.0,easy|medium|hard
test,0,4,56,32,0.5323827730026096,29.946612733998336,140.04264101899753,0.21089312434196472,0.975,0.96875,0.9615384615384616,0.9671794871794872,1.3611111111111113e-05,0.96875,0.0,2.0,easy|medium|hard
test,0,4,57,32,0.533038513000065,30.48019871699944,140.5762270139967,0.29502153396606445,0.9375,0.9375,0.9444444444444444,0.9372549019607843,1.3576388888888889e-05,1.03125,0.0,2.0,hard|medium|easy
test,0,4,58,32,0.5318122500029858,31.01259120999748,141.10861947399826,0.11358138918876648,0.9615384615384616,0.96875,0.975,0.9671794871794872,1.3541666666666668e-05,1.0625,0.0,2.0,medium|easy|hard
test,0,4,59,32,0.5320994300054736,31.54525169700355,141.6412799949976,0.05991024896502495,0.9705882352941176,0.96875,0.96875,0.9687194525904204,1.3506944444444445e-05,0.59375,0.0,2.0,medium|easy|hard
test,0,4,60,32,0.5329840830017929,32.07887882099749,142.17490714299493,0.19348296523094177,0.9411764705882353,0.9375,0.9411764705882353,0.9375,1.3472222222222224e-05,0.875,0.0,2.0,medium|hard|easy
test,0,4,61,32,0.5321629669997492,32.611531807000574,142.7075601319957,0.17214691638946533,0.9307359307359306,0.9375,0.9307359307359306,0.9307359307359306,1.3437500000000001e-05,1.03125,0.0,2.0,easy|hard|medium
test,0,4,62,32,0.53206206500181,33.144021938998776,143.24005022599886,0.010561400093138218,1.0,1.0,1.0,1.0,1.3402777777777779e-05,0.9375,0.0,2.0,medium|easy|hard
test,0,4,63,32,0.5329879499986419,33.67747957100073,143.77350812099758,0.29046159982681274,0.9352226720647774,0.9375,0.9352226720647774,0.9352226720647774,1.3368055555555558e-05,1.15625,0.0,2.0,medium|hard|easy
test,0,4,64,20,0.36342719000094803,34.04135908799799,144.1373873880002,0.04905141144990921,0.95,0.95,0.9545454545454546,0.949874686716792,1.3333333333333333e-05,1.2000000476837158,0.0,2.0,hard|easy|medium
test,0,5,1,32,0.5349106319990824,0.6214161280004191,147.40733465299854,0.0074888477101922035,1.0,1.0,1.0,1.0,1.3298611111111112e-05,1.0,0.0,2.0,medium|easy|hard
test,0,5,2,32,0.5321958030035603,1.154650912998477,147.94056938099675,0.03234323114156723,0.9761904761904762,0.96875,0.9583333333333333,0.9660657476139979,1.326388888888889e-05,1.03125,0.0,2.0,hard|easy|medium
test,0,5,3,32,0.5329897809933755,1.688121201004833,148.47403964000114,0.15273667871952057,0.96875,0.96875,0.9705882352941176,0.9687194525904204,1.3229166666666669e-05,0.90625,0.0,2.0,easy|hard|medium
test,0,5,4,32,0.53187281099963,2.2206217540006037,149.00654027600103,0.19292348623275757,0.9307359307359306,0.9375,0.9307359307359306,0.9307359307359306,1.3194444444444446e-05,1.09375,0.0,2.0,medium|easy|hard
test,0,5,5,32,0.5316794790051063,2.7528993119994993,149.53881776399794,0.008236748166382313,1.0,1.0,1.0,1.0,1.3159722222222225e-05,0.875,0.0,2.0,hard|medium|easy
test,0,5,6,32,0.5328106300003128,3.286313886004791,150.07223238000006,0.006450374610722065,1.0,1.0,1.0,1.0,1.3125e-05,0.9375,0.0,2.0,medium|easy|hard
test,0,5,7,32,0.5318528189964127,3.8187942540025688,150.60471272099676,0.023502293974161148,1.0,1.0,1.0,1.0,1.3090277777777778e-05,0.8125,0.0,2.0,hard|medium|easy
test,0,5,8,32,0.5320801679990836,4.351454073999776,151.13737252199644,0.009312527254223824,1.0,1.0,1.0,1.0,1.3055555555555557e-05,1.21875,0.0,2.0,medium|easy|hard
test,0,5,9,32,0.5327615159985726,4.8847259230024065,151.67064435000066,0.005106872878968716,1.0,1.0,1.0,1.0,1.3020833333333334e-05,0.8125,0.0,2.0,easy|medium|hard
test,0,5,10,32,0.5319053200000781,5.417213366003125,152.2031317889996,0.005166839808225632,1.0,1.0,1.0,1.0,1.2986111111111113e-05,1.0625,0.0,2.0,hard|medium|easy
test,0,5,11,32,0.5317470000009052,5.949548691998643,152.73546714500117,0.0053167082369327545,1.0,1.0,1.0,1.0,1.2951388888888889e-05,0.84375,0.0,2.0,easy|medium|hard
test,0,5,12,32,0.5326435169990873,6.482729219002067,153.26864765599748,0.08027708530426025,0.96875,0.96875,0.9705882352941176,0.9687194525904204,1.2916666666666668e-05,0.78125,0.0,2.0,medium|easy|hard
test,0,5,13,32,0.532117062000907,7.015431637002621,153.80135009800142,0.008625171147286892,1.0,1.0,1.0,1.0,1.2881944444444445e-05,0.75,0.0,2.0,hard|easy|medium
test,0,5,14,32,0.5315944100002525,7.547549376999086,154.3334678559986,0.0705426037311554,0.9705882352941176,0.96875,0.96875,0.9687194525904204,1.2847222222222224e-05,0.9375,0.0,2.0,easy|medium|hard
test,0,5,15,32,0.5326186460006284,8.080751027999213,154.86666945699835,0.003813840914517641,1.0,1.0,1.0,1.0,1.2812500000000001e-05,0.90625,0.0,2.0,medium|hard|easy
test,0,5,16,32,0.5330751540022902,8.614328868003213,155.40024732599704,0.008693631738424301,1.0,1.0,1.0,1.0,1.2777777777777777e-05,1.0625,0.0,2.0,easy|medium|hard
test,0,5,17,32,0.5318479019988445,9.14676530300494,155.93268376799824,0.15971851348876953,0.96875,0.96875,0.9705882352941176,0.9687194525904204,1.2743055555555556e-05,0.5625,0.0,2.0,easy|hard|medium
test,0,5,18,32,0.5328955220029457,9.680228258999705,156.46614675899764,0.19725097715854645,0.975,0.96875,0.9615384615384616,0.9671794871794872,1.2708333333333333e-05,1.1875,0.0,2.0,hard|medium|easy
test,0,5,19,32,0.5326761110045481,10.213512813003035,156.9994312639974,0.00486606964841485,1.0,1.0,1.0,1.0,1.2673611111111112e-05,0.9375,0.0,2.0,easy|hard|medium
test,0,5,20,32,0.532171566002944,10.746228242001962,157.53214670699526,0.003351751947775483,1.0,1.0,1.0,1.0,1.263888888888889e-05,1.03125,0.0,2.0,hard|easy|medium
test,0,5,21,32,0.5325919110036921,11.279416012002912,158.0653345729952,0.0031352366786450148,1.0,1.0,1.0,1.0,1.2604166666666669e-05,0.6875,0.0,2.0,easy|hard|medium
test,0,5,22,32,0.5323802640050417,11.812333765003132,158.59825225100212,0.003423599526286125,1.0,1.0,1.0,1.0,1.2569444444444446e-05,0.84375,0.0,2.0,medium|hard|easy
test,0,5,23,32,0.5318959569995059,12.344754013000056,159.13067249799496,0.1806284338235855,0.9736842105263157,0.96875,0.9642857142857143,0.967967967967968,1.2534722222222225e-05,0.59375,0.0,2.0,easy|hard|medium
test,0,5,24,32,0.5322156459951657,12.87749018100294,159.66340872400178,0.004102439619600773,1.0,1.0,1.0,1.0,1.25e-05,1.09375,0.0,2.0,easy|hard|medium
test,0,5,25,32,0.5327152360041509,13.410656601001392,160.19657507800002,0.008218243718147278,1.0,1.0,1.0,1.0,1.2465277777777778e-05,0.96875,0.0,2.0,easy|medium|hard
test,0,5,26,32,0.5314424259995576,13.942649624004844,160.72856822000176,0.08303134143352509,0.9642857142857143,0.96875,0.9736842105263157,0.967967967967968,1.2430555555555557e-05,0.84375,0.0,2.0,medium|easy|hard
test,0,5,27,32,0.5307976819967735,14.473981437004113,161.25989986999775,0.12106139212846756,0.9722222222222222,0.96875,0.9666666666666667,0.9684729064039409,1.2395833333333334e-05,1.0,0.0,2.0,easy|hard|medium
test,0,5,28,32,0.5324880730040604,15.007065386998875,161.79298384700087,0.1689056009054184,0.9705882352941176,0.96875,0.96875,0.9687194525904204,1.2361111111111113e-05,0.90625,0.0,2.0,easy|hard|medium
test,0,5,29,32,0.5316942079953151,15.539324449004198,162.32524290699803,0.32936447858810425,0.9365079365079365,0.9375,0.9365079365079365,0.9365079365079365,1.2326388888888889e-05,0.75,0.0,2.0,easy|medium|hard
test,0,5,30,32,0.5311928570008604,16.07108882000466,162.85700728499796,0.1002078726887703,0.96875,0.96875,0.9705882352941176,0.9687194525904204,1.2291666666666668e-05,1.09375,0.0,2.0,hard|medium|easy
test,0,5,31,32,0.5324320420040749,16.604108976003772,163.39002748500207,0.005025614984333515,1.0,1.0,1.0,1.0,1.2256944444444445e-05,0.84375,0.0,2.0,easy|medium|hard
test,0,5,32,32,0.5316145129982033,17.13631606999843,163.92223455299973,0.01907508820295334,1.0,1.0,1.0,1.0,1.2222222222222224e-05,0.78125,0.0,2.0,medium|hard|easy
test,0,5,33,32,0.5313366670015967,17.66814409500512,164.45406255199487,0.17349651455879211,0.9705882352941176,0.96875,0.96875,0.9687194525904204,1.2187500000000001e-05,0.78125,0.0,2.0,easy|hard|medium
test,0,5,34,32,0.5330243099961081,18.201768687998992,164.98768715599726,0.3073083758354187,0.9333333333333333,0.9375,0.9333333333333333,0.9333333333333333,1.2152777777777777e-05,1.09375,0.0,2.0,hard|medium|easy
test,0,5,35,32,0.5320272409953759,18.734540238998306,165.5204587049957,0.29641544818878174,0.8928571428571428,0.90625,0.9285714285714286,0.9015384615384616,1.2118055555555556e-05,0.75,0.0,2.0,medium|hard|easy
test,0,5,36,32,0.531367654002679,19.266504434002854,166.05242303299747,0.11074639111757278,0.975,0.96875,0.9615384615384616,0.9671794871794872,1.2083333333333333e-05,1.03125,0.0,2.0,medium|easy|hard
test,0,5,37,32,0.532245911002974,19.799275912999292,166.58519436200004,0.28449273109436035,0.925,0.90625,0.9,0.9039039039039038,1.2048611111111112e-05,1.09375,0.0,2.0,hard|medium|easy
test,0,5,38,32,0.5315515149995917,20.331350687003578,167.1172695159985,0.20801189541816711,0.9411764705882353,0.9375,0.9411764705882353,0.9375,1.201388888888889e-05,0.875,0.0,2.0,easy|hard|medium
test,0,5,39,32,0.5318527890049154,20.863731340999948,167.6496499329951,0.1680963933467865,0.9444444444444444,0.9375,0.9375,0.9372549019607843,1.1979166666666669e-05,1.0625,0.0,2.0,medium|easy|hard
test,0,5,40,32,0.5326945280030486,21.396967398002744,168.18288584399852,0.05813323333859444,0.9642857142857143,0.96875,0.9736842105263157,0.967967967967968,1.1944444444444444e-05,0.875,0.0,2.0,medium|easy|hard
test,0,5,41,32,0.5320024059983552,21.92951482400531,168.7154333139988,0.009160385467112064,1.0,1.0,1.0,1.0,1.1909722222222223e-05,0.625,0.0,2.0,easy|hard|medium
test,0,5,42,32,0.5311964189968421,22.46124945000338,169.24716787799844,0.009578505530953407,1.0,1.0,1.0,1.0,1.1875e-05,0.9375,0.0,2.0,easy|medium|hard
test,0,5,43,32,0.5328179099960835,22.994554411001445,169.78047293599957,0.3476504385471344,0.9365079365079365,0.9375,0.9365079365079365,0.9365079365079365,1.1840277777777778e-05,0.78125,0.0,2.0,easy|medium|hard
test,0,5,44,32,0.5320735420027631,23.52715229000023,170.31307071699848,0.006353758275508881,1.0,1.0,1.0,1.0,1.1805555555555557e-05,0.75,0.0,2.0,easy|medium|hard
test,0,5,45,32,0.531351375997474,24.059100552003656,170.84501905900106,0.07197009027004242,0.9722222222222222,0.96875,0.9666666666666667,0.9684729064039409,1.1770833333333334e-05,1.0625,0.0,2.0,hard|easy|medium
test,0,5,46,32,0.5323593849971076,24.59204279199912,171.37796124300075,0.02205151692032814,1.0,1.0,1.0,1.0,1.1736111111111113e-05,1.03125,0.0,2.0,medium|easy|hard
test,0,5,47,32,0.5324121329977061,25.125050668000767,171.91096913599904,0.24412304162979126,0.9736842105263157,0.96875,0.9642857142857143,0.967967967967968,1.1701388888888889e-05,0.9375,0.0,2.0,medium|hard|easy
test,0,5,48,32,0.5310807729983935,25.656706212001154,172.44262466899818,0.19013084471225739,0.9666666666666667,0.96875,0.9722222222222222,0.9684729064039409,1.1666666666666668e-05,0.96875,0.0,2.0,easy|medium|hard
test,0,5,49,32,0.5321324230026221,26.18944083400129,172.9753593589994,0.07000215351581573,0.96875,0.96875,0.9705882352941176,0.9687194525904204,1.1631944444444445e-05,1.0,0.0,2.0,hard|medium|easy
test,0,5,50,32,0.5322542499998235,26.72222233100183,173.50814078999974,0.06199009716510773,0.9722222222222222,0.96875,0.9666666666666667,0.9684729064039409,1.1597222222222224e-05,0.875,0.0,2.0,easy|hard|medium
test,0,5,51,32,0.5316302279970841,27.25445892100106,174.04037739199703,0.09004828333854675,0.95,0.96875,0.9782608695652174,0.9625730994152046,1.1562500000000002e-05,0.75,0.0,2.0,medium|easy|hard
test,0,5,52,32,0.5326371170012862,27.78760800800228,174.57352650300163,0.1874217391014099,0.9705882352941176,0.96875,0.96875,0.9687194525904204,1.1527777777777777e-05,0.9375,0.0,2.0,easy|hard|medium
test,0,5,53,32,0.532584742999461,28.320772997001768,175.1066914990006,0.014323782175779343,1.0,1.0,1.0,1.0,1.1493055555555556e-05,0.84375,0.0,2.0,hard|easy|medium
test,0,5,54,32,0.5310336129987263,28.852381780998257,175.6383002539951,0.03191835805773735,1.0,1.0,1.0,1.0,1.1458333333333333e-05,0.9375,0.0,2.0,medium|hard|easy
test,0,5,55,32,0.5326980960016954,29.385586855001748,176.17150531499647,0.178981751203537,0.9285714285714286,0.9375,0.95,0.9352226720647774,1.1423611111111112e-05,1.09375,0.0,2.0,easy|hard|medium
test,0,5,56,32,0.5318425849982304,29.91796312799852,176.70388158899732,0.007411226164549589,1.0,1.0,1.0,1.0,1.138888888888889e-05,0.78125,0.0,2.0,easy|medium|hard
test,0,5,57,32,0.5315751179950894,30.45001374700223,177.23593219900067,0.16800427436828613,0.9372549019607843,0.9375,0.9372549019607843,0.9372549019607843,1.1354166666666669e-05,1.0625,0.0,2.0,hard|medium|easy
test,0,5,58,32,0.533113775003585,30.98373988700041,177.7696583329962,0.006558829918503761,1.0,1.0,1.0,1.0,1.1319444444444444e-05,1.0,0.0,2.0,medium|hard|easy
test,0,5,59,32,0.5326266659976682,31.516914435000217,178.30283289199724,0.009115991182625294,1.0,1.0,1.0,1.0,1.1284722222222223e-05,0.84375,0.0,2.0,easy|hard|medium
test,0,5,60,32,0.5310000460012816,32.04869166700519,178.8346101959978,0.010217620059847832,1.0,1.0,1.0,1.0,1.125e-05,0.875,0.0,2.0,hard|easy|medium
test,0,5,61,32,0.5323609339975519,32.58151841600193,179.36743687299895,0.24783465266227722,0.9444444444444444,0.9375,0.9375,0.9372549019607843,1.1215277777777778e-05,0.9375,0.0,2.0,easy|hard|medium
test,0,5,62,32,0.5314360929987743,33.113439704000484,179.89935821999825,0.1839120090007782,0.9365079365079365,0.9375,0.9365079365079365,0.9365079365079365,1.1180555555555557e-05,0.875,0.0,2.0,hard|medium|easy
test,0,5,63,32,0.5311521229959908,33.64503158500156,180.43095014299615,0.005203534848988056,1.0,1.0,1.0,1.0,1.1145833333333334e-05,1.28125,0.0,2.0,hard|easy|medium
test,0,5,64,20,0.3637321720016189,34.00927468000009,180.7951931369971,0.2565975487232208,0.9375,0.95,0.9615384615384616,0.9466666666666667,1.1111111111111113e-05,0.8500000238418579,0.0,2.0,easy|hard|medium
test,0,6,1,32,0.5324202589981724,0.616971563998959,184.06158987800154,0.004152500070631504,1.0,1.0,1.0,1.0,1.1076388888888889e-05,1.03125,0.0,2.0,hard|medium|easy
test,0,6,2,32,0.5319576320034685,1.1496595939970575,184.59427792399947,0.0035530878230929375,1.0,1.0,1.0,1.0,1.1041666666666668e-05,0.96875,0.0,2.0,hard|medium|easy
test,0,6,3,32,0.532147170000826,1.6823628799975268,185.12698118099797,0.009343413636088371,1.0,1.0,1.0,1.0,1.1006944444444445e-05,1.0,0.0,2.0,medium|easy|hard
test,0,6,4,32,0.5327824060004787,2.215754928001843,185.66037325499929,0.004052299074828625,1.0,1.0,1.0,1.0,1.0972222222222224e-05,0.96875,0.0,2.0,medium|hard|easy
test,0,6,5,32,0.531919149994792,2.74824501999683,186.19286332299816,0.17655546963214874,0.9615384615384616,0.96875,0.975,0.9671794871794872,1.0937500000000002e-05,1.0,0.0,2.0,medium|hard|easy
test,0,6,6,32,0.5316390009975294,3.280480561996228,186.72509886600164,0.003033999353647232,1.0,1.0,1.0,1.0,1.0902777777777777e-05,0.96875,0.0,2.0,easy|hard|medium
test,0,6,7,32,0.5323937379944255,3.8134809879993554,187.25809930799733,0.005239604972302914,1.0,1.0,1.0,1.0,1.0868055555555556e-05,0.84375,0.0,2.0,medium|hard|easy
test,0,6,8,32,0.5320797960011987,4.34617476099811,187.79079306699714,0.0033038894180208445,1.0,1.0,1.0,1.0,1.0833333333333334e-05,0.8125,0.0,2.0,easy|medium|hard
test,0,6,9,32,0.5318114059991785,4.878461571999651,188.32307988200046,0.0047004190273582935,1.0,1.0,1.0,1.0,1.0798611111111113e-05,0.9375,0.0,2.0,hard|medium|easy
test,0,6,10,32,0.5324583390029147,5.41152286400029,188.85614116299985,0.0036297072656452656,1.0,1.0,1.0,1.0,1.076388888888889e-05,0.96875,0.0,2.0,hard|medium|easy
test,0,6,11,32,0.5329453629965428,5.9449931619965355,189.38961147499504,0.004723517224192619,1.0,1.0,1.0,1.0,1.0729166666666669e-05,0.71875,0.0,2.0,medium|easy|hard
test,0,6,12,32,0.5317644000024302,6.477358675001597,189.92197697799566,0.004694757051765919,1.0,1.0,1.0,1.0,1.0694444444444444e-05,0.78125,0.0,2.0,medium|easy|hard
test,0,6,13,32,0.5323621679999633,7.010323964001145,190.4549423599965,0.004564890172332525,1.0,1.0,1.0,1.0,1.0659722222222223e-05,0.84375,0.0,2.0,easy|hard|medium
test,0,6,14,32,0.5320835120000993,7.54303447699931,190.9876527640008,0.004370252601802349,1.0,1.0,1.0,1.0,1.0625e-05,0.96875,0.0,2.0,easy|medium|hard
test,0,6,15,32,0.5315860810005688,8.075131135999982,191.5197494460008,0.0027559101581573486,1.0,1.0,1.0,1.0,1.0590277777777778e-05,0.9375,0.0,2.0,easy|hard|medium
test,0,6,16,32,0.5317266030033352,8.607398897998792,192.05201719099568,0.003024747595191002,1.0,1.0,1.0,1.0,1.0555555555555557e-05,0.90625,0.0,2.0,medium|hard|easy
test,0,6,17,32,0.5327527759945951,9.140714811997896,192.58533311700012,0.0023270403034985065,1.0,1.0,1.0,1.0,1.0520833333333333e-05,0.9375,0.0,2.0,medium|hard|easy
test,0,6,18,32,0.5319709870018414,9.673269897000864,193.1178882059976,0.004642045591026545,1.0,1.0,1.0,1.0,1.0486111111111112e-05,0.875,0.0,2.0,easy|medium|hard
test,0,6,19,32,0.5309718439966673,10.204830362003122,193.64944867300073,0.002221351023763418,1.0,1.0,1.0,1.0,1.0451388888888889e-05,0.96875,0.0,2.0,easy|medium|hard
test,0,6,20,32,0.5327459190011723,10.738144643000851,194.18276321300073,0.0023778285831212997,1.0,1.0,1.0,1.0,1.0416666666666668e-05,0.78125,0.0,2.0,hard|medium|easy
test,0,6,21,32,0.5317428069974994,11.27042037100182,194.71503867599677,0.09589342027902603,0.9545454545454546,0.96875,0.9772727272727273,0.964562569213732,1.0381944444444445e-05,0.9375,0.0,2.0,medium|hard|easy
test,0,6,22,32,0.5310680039983708,11.802034428998013,195.24665274799918,0.0028635687194764614,1.0,1.0,1.0,1.0,1.0347222222222224e-05,0.84375,0.0,2.0,hard|easy|medium
test,0,6,23,32,0.5326213239968638,12.335241098000552,195.77985941500083,0.0036142405588179827,1.0,1.0,1.0,1.0,1.0312500000000002e-05,1.0,0.0,2.0,easy|medium|hard
test,0,6,24,32,0.5316331460053334,12.867386901998543,196.31200520499988,0.009263280779123306,1.0,1.0,1.0,1.0,1.0277777777777777e-05,0.84375,0.0,2.0,easy|hard|medium
test,0,6,25,32,0.5316335600000457,13.39952601800178,196.84414434200153,0.0017907260917127132,1.0,1.0,1.0,1.0,1.0243055555555556e-05,0.9375,0.0,2.0,medium|easy|hard
test,0,6,26,32,0.5319668160009314,13.932003948000784,197.3766222599952,0.001405649003572762,1.0,1.0,1.0,1.0,1.0208333333333334e-05,0.8125,0.0,2.0,easy|hard|medium
test,0,6,27,32,0.5315432790011982,14.464159440998628,197.90877774800174,0.0015593401622027159,1.0,1.0,1.0,1.0,1.0173611111111113e-05,1.09375,0.0,2.0,medium|hard|easy
test,0,6,28,32,0.5316901910045999,14.99632636000024,198.44094467299874,0.0017282725311815739,1.0,1.0,1.0,1.0,1.013888888888889e-05,0.96875,0.0,2.0,easy|hard|medium
test,0,6,29,32,0.5326040849977289,15.529495871996915,198.97411419499986,0.0014233557740226388,1.0,1.0,1.0,1.0,1.0104166666666669e-05,0.875,0.0,2.0,hard|easy|medium
test,0,6,30,32,0.5318061470024986,16.061903116002213,199.50652142299805,0.06537648290395737,0.9722222222222222,0.96875,0.9666666666666667,0.9684729064039409,1.0069444444444445e-05,0.90625,0.0,2.0,easy|hard|medium
test,0,6,31,32,0.531519058997219,16.59401542699925,200.03863373399508,0.001260177930817008,1.0,1.0,1.0,1.0,1.0034722222222224e-05,1.0625,0.0,2.0,easy|medium|hard
test,0,6,32,32,0.532080748998851,17.126684832997853,200.5713031560008,0.2987881302833557,0.9372549019607843,0.9375,0.9372549019607843,0.9372549019607843,1e-05,0.96875,0.0,2.0,hard|easy|medium
test,0,6,33,32,0.5324304820023826,17.659605271001055,201.1042235979985,0.0106422770768404,1.0,1.0,1.0,1.0,9.965277777777778e-06,1.1875,0.0,2.0,medium|easy|hard
test,0,6,34,32,0.5308469550000154,18.19101329700061,201.6356315869998,0.001407938078045845,1.0,1.0,1.0,1.0,9.930555555555557e-06,1.0,0.0,2.0,hard|easy|medium
test,0,6,35,32,0.5323062720053713,18.723869663997903,202.16848797800048,0.17063376307487488,0.975,0.96875,0.9615384615384616,0.9671794871794872,9.895833333333334e-06,0.90625,0.0,2.0,medium|hard|easy
test,0,6,36,32,0.5320524999988265,19.256517782996525,202.70113607800158,0.1295713633298874,0.9705882352941176,0.96875,0.96875,0.9687194525904204,9.861111111111112e-06,0.65625,0.0,2.0,easy|medium|hard
test,0,6,37,32,0.5315045770039433,19.788554689002922,203.23317299699556,0.0013737502740696073,1.0,1.0,1.0,1.0,9.826388888888889e-06,0.78125,0.0,2.0,medium|hard|easy
test,0,6,38,32,0.5320913069954258,20.321180500999617,203.76579880899953,0.0022576255723834038,1.0,1.0,1.0,1.0,9.791666666666666e-06,0.9375,0.0,2.0,medium|easy|hard
test,0,6,39,32,0.5324275110033341,20.85408086499956,204.29869915299787,0.003169330069795251,1.0,1.0,1.0,1.0,9.756944444444445e-06,0.65625,0.0,2.0,hard|easy|medium
test,0,6,40,32,0.5312340140008018,21.385853221996513,204.8304715359991,0.19597016274929047,0.96875,0.96875,0.9705882352941176,0.9687194525904204,9.722222222222223e-06,0.96875,0.0,2.0,easy|hard|medium
test,0,6,41,32,0.5327191789983772,21.919161931997223,205.3637802459998,0.17155444622039795,0.9583333333333333,0.96875,0.9761904761904762,0.9660657476139979,9.6875e-06,0.96875,0.0,2.0,medium|hard|easy
test,0,6,42,32,0.5322904030035716,22.452128947996243,205.89674729800026,0.00150976306758821,1.0,1.0,1.0,1.0,9.652777777777779e-06,1.1875,0.0,2.0,hard|easy|medium
test,0,6,43,32,0.5308413520033355,22.983422297998914,206.42804060599883,0.0020389598794281483,1.0,1.0,1.0,1.0,9.618055555555556e-06,0.9375,0.0,2.0,easy|medium|hard
test,0,6,44,32,0.5327559569996083,23.516754276999563,206.96137257499504,0.0019725621677935123,1.0,1.0,1.0,1.0,9.583333333333335e-06,1.0,0.0,2.0,medium|hard|easy
test,0,6,45,32,0.5319190840018564,24.049200276997,207.49381858199922,0.0013474355218932033,1.0,1.0,1.0,1.0,9.548611111111113e-06,0.75,0.0,2.0,easy|hard|medium
test,0,6,46,32,0.5308721580004203,24.58055076799792,208.02516909399856,0.010591673664748669,1.0,1.0,1.0,1.0,9.51388888888889e-06,1.09375,0.0,2.0,hard|easy|medium
test,0,6,47,32,0.5326416600000812,25.113753974001156,208.55837263199646,0.0019943974912166595,1.0,1.0,1.0,1.0,9.479166666666667e-06,0.8125,0.0,2.0,medium|easy|hard
test,0,6,48,32,0.5318392620029044,25.64618281499861,209.0908011079955,0.0013707599136978388,1.0,1.0,1.0,1.0,9.444444444444445e-06,0.71875,0.0,2.0,hard|easy|medium
test,0,6,49,32,0.5315372270051739,26.178320084000006,209.62293836400204,0.0016362166497856379,1.0,1.0,1.0,1.0,9.409722222222224e-06,1.03125,0.0,2.0,hard|easy|medium
test,0,6,50,32,0.5327540150028653,26.711693634999392,210.15631191799912,0.0041788616217672825,1.0,1.0,1.0,1.0,9.375000000000001e-06,0.75,0.0,2.0,easy|hard|medium
test,0,6,51,32,0.5321464119988377,27.244370494998293,210.68898882099893,0.2593104839324951,0.9333333333333333,0.9375,0.9473684210526316,0.9365079365079365,9.340277777777778e-06,0.9375,0.0,2.0,hard|medium|easy
test,0,6,52,32,0.5324120759978541,27.777379254999687,211.2219977939967,0.001283220830373466,1.0,1.0,1.0,1.0,9.305555555555557e-06,0.84375,0.0,2.0,easy|medium|hard
test,0,6,53,32,0.5332949590010685,28.31114601599984,211.7557643159962,0.0017541737761348486,1.0,1.0,1.0,1.0,9.270833333333334e-06,1.0,0.0,2.0,easy|hard|medium
test,0,6,54,32,0.5320617920006043,28.843751631000487,212.2883699410013,0.0012929828371852636,1.0,1.0,1.0,1.0,9.236111111111112e-06,0.71875,0.0,2.0,easy|hard|medium
test,0,6,55,32,0.5315119869992486,29.375825734998216,212.82044403399777,0.0012179638724774122,1.0,1.0,1.0,1.0,9.201388888888889e-06,0.875,0.0,2.0,hard|easy|medium
test,0,6,56,32,0.5326873469966813,29.90905200799898,213.35367055200186,0.0014811453875154257,1.0,1.0,1.0,1.0,9.166666666666666e-06,0.96875,0.0,2.0,easy|hard|medium
test,0,6,57,32,0.5313586629999918,30.44092516299861,213.88554344899603,0.21159543097019196,0.9722222222222222,0.96875,0.9666666666666667,0.9684729064039409,9.131944444444445e-06,0.9375,0.0,2.0,easy|medium|hard
test,0,6,58,32,0.531845108998823,30.973298120996333,214.41791642799944,0.0013466652017086744,1.0,1.0,1.0,1.0,9.097222222222223e-06,0.78125,0.0,2.0,medium|easy|hard
test,0,6,59,32,0.5323244559986051,31.506136217001767,214.95075453400204,0.0037981527857482433,1.0,1.0,1.0,1.0,9.0625e-06,0.90625,0.0,2.0,easy|medium|hard
test,0,6,60,32,0.5315028940021875,32.03832426000008,215.48294257200178,0.002926160115748644,1.0,1.0,1.0,1.0,9.027777777777779e-06,1.03125,0.0,2.0,hard|easy|medium
test,0,6,61,32,0.5309811160041136,32.56978575600078,216.01440408599592,0.0015349846798926592,1.0,1.0,1.0,1.0,8.993055555555556e-06,1.0,0.0,2.0,easy|hard|medium
test,0,6,62,32,0.5325789060007082,33.10280076399795,216.5474193409973,0.0018995751161128283,1.0,1.0,1.0,1.0,8.958333333333334e-06,1.03125,0.0,2.0,hard|easy|medium
test,0,6,63,32,0.5320820959968842,33.63532871800271,217.07994701899588,0.0035747832152992487,1.0,1.0,1.0,1.0,8.923611111111113e-06,0.90625,0.0,2.0,easy|medium|hard
test,0,6,64,20,0.3627380300022196,33.998541492001095,217.44315979899693,0.0018309124279767275,1.0,1.0,1.0,1.0,8.888888888888888e-06,1.100000023841858,0.0,2.0,medium|easy|hard
test,0,7,1,32,0.5339329290000023,0.6206742229987867,220.71655624399864,0.001895036781206727,1.0,1.0,1.0,1.0,8.854166666666667e-06,1.0,0.0,2.0,easy|hard|medium
test,0,7,2,32,0.5322222329996293,1.1535706520007807,221.24944967199554,0.11878807842731476,0.9365079365079365,0.9375,0.9365079365079365,0.9365079365079365,8.819444444444445e-06,1.15625,0.0,2.0,medium|hard|easy
test,0,7,3,32,0.5314078329975018,1.6854970440035686,221.7813760489953,0.0015882846200838685,1.0,1.0,1.0,1.0,8.784722222222224e-06,0.90625,0.0,2.0,hard|easy|medium
test,0,7,4,32,0.5311154689989053,2.2171379630017327,222.3130169750002,0.0016271464992314577,1.0,1.0,1.0,1.0,8.750000000000001e-06,0.96875,0.0,2.0,hard|medium|easy
test,0,7,5,32,0.5319153539967374,2.749598718000925,222.84547771499638,0.18882104754447937,0.95,0.96875,0.9782608695652174,0.9625730994152046,8.715277777777778e-06,0.96875,0.0,2.0,medium|easy|hard
test,0,7,6,32,0.5323261869998532,3.282415071997093,223.37829411499843,0.0014753974974155426,1.0,1.0,1.0,1.0,8.680555555555557e-06,0.65625,0.0,2.0,hard|medium|easy
test,0,7,7,32,0.531761391001055,3.8147947269972065,223.9106737999973,0.1894122064113617,0.9736842105263157,0.96875,0.9642857142857143,0.967967967967968,8.645833333333335e-06,0.9375,0.0,2.0,medium|hard|easy
test,0,7,8,32,0.5317345540024689,4.3470688379966305,224.44294788799743,0.0017975394148379564,1.0,1.0,1.0,1.0,8.611111111111112e-06,0.84375,0.0,2.0,easy|medium|hard
test,0,7,9,32,0.5321900700000697,4.87987527599762,224.9757543109954,0.0013905230443924665,1.0,1.0,1.0,1.0,8.57638888888889e-06,0.8125,0.0,2.0,medium|easy|hard
test,0,7,10,32,0.5308826090040384,5.411267335999582,225.50714639599755,0.0016293046064674854,1.0,1.0,1.0,1.0,8.541666666666666e-06,1.15625,0.0,2.0,hard|easy|medium
test,0,7,11,32,0.5298168619992794,5.941703953001706,226.03758301500056,0.11591213196516037,0.9666666666666667,0.96875,0.9722222222222222,0.9684729064039409,8.506944444444445e-06,1.0,0.0,2.0,easy|medium|hard
test,0,7,12,32,0.5320914980038651,6.474361079002847,226.57024039099633,0.0014252313412725925,1.0,1.0,1.0,1.0,8.472222222222223e-06,1.15625,0.0,2.0,easy|hard|medium
test,0,7,13,32,0.5314277930010576,7.006404291001672,227.10228342299524,0.0035467613488435745,1.0,1.0,1.0,1.0,8.4375e-06,0.6875,0.0,2.0,easy|medium|hard
test,0,7,14,32,0.5310997310007224,7.5380273629998555,227.63390641699516,0.05297760292887688,0.9705882352941176,0.96875,0.96875,0.9687194525904204,8.402777777777779e-06,0.8125,0.0,2.0,easy|medium|hard
test,0,7,15,32,0.5323148160023266,8.070872203999897,228.16675121699518,0.0015201156493276358,1.0,1.0,1.0,1.0,8.368055555555556e-06,1.1875,0.0,2.0,medium|hard|easy
test,0,7,16,32,0.5311112759954995,8.60251101400354,228.6983900080013,0.0014588136691600084,1.0,1.0,1.0,1.0,8.333333333333334e-06,1.3125,0.0,2.0,hard|easy|medium
test,0,7,17,32,0.531203414000629,9.134278263998567,229.23015727500024,0.002346330787986517,1.0,1.0,1.0,1.0,8.298611111111113e-06,1.1875,0.0,2.0,medium|easy|hard
test,0,7,18,32,0.5321850879990961,9.666916656999092,229.76279569399776,0.0013896131422370672,1.0,1.0,1.0,1.0,8.263888888888888e-06,0.90625,0.0,2.0,hard|easy|medium
test,0,7,19,32,0.5310987080010818,10.198691115998372,230.2945701139979,0.0022175959311425686,1.0,1.0,1.0,1.0,8.229166666666667e-06,0.84375,0.0,2.0,hard|medium|easy
test,0,7,20,32,0.5308744750000187,10.730167043002439,230.82604604800144,0.0013189302990213037,1.0,1.0,1.0,1.0,8.194444444444445e-06,0.90625,0.0,2.0,easy|medium|hard
test,0,7,21,32,0.531624308998289,11.262360836997686,231.3582398639992,0.0011587438639253378,1.0,1.0,1.0,1.0,8.159722222222222e-06,0.75,0.0,2.0,easy|hard|medium
test,0,7,22,32,0.5313668039962067,11.794303283000772,231.8901823310007,0.001196861732751131,1.0,1.0,1.0,1.0,8.125000000000001e-06,0.8125,0.0,2.0,hard|medium|easy
test,0,7,23,32,0.5304588199942373,12.325324967998313,232.4212039720005,0.0010132977040484548,1.0,1.0,1.0,1.0,8.090277777777778e-06,0.875,0.0,2.0,easy|hard|medium
test,0,7,24,32,0.5322274479985936,12.858085717001813,232.95396471099957,0.0015151201514527202,1.0,1.0,1.0,1.0,8.055555555555557e-06,0.875,0.0,2.0,easy|medium|hard
test,0,7,25,32,0.5315305749973049,13.390215230996546,233.48609427799965,0.08730236440896988,0.96875,0.96875,0.9705882352941176,0.9687194525904204,8.020833333333335e-06,0.59375,0.0,2.0,easy|medium|hard
test,0,7,26,32,0.5305052120020264,13.921331935001945,234.01721098899725,0.20877210795879364,0.9722222222222222,0.96875,0.9666666666666667,0.9684729064039409,7.986111111111112e-06,0.9375,0.0,2.0,medium|easy|hard
test,0,7,27,32,0.5321836439979961,14.454089348997513,234.54996863999986,0.0010664747096598148,1.0,1.0,1.0,1.0,7.95138888888889e-06,0.78125,0.0,2.0,easy|hard|medium
test,0,7,28,32,0.5318037249962799,14.986523236999346,235.08240230500087,0.000999481650069356,1.0,1.0,1.0,1.0,7.916666666666667e-06,0.96875,0.0,2.0,easy|hard|medium
test,0,7,29,32,0.5308970900005079,15.517992991997744,235.61387199299497,0.0011949095642194152,1.0,1.0,1.0,1.0,7.881944444444446e-06,0.96875,0.0,2.0,medium|easy|hard
test,0,7,30,32,0.5324325379988295,16.05102390999673,236.1469031949964,0.011649326421320438,1.0,1.0,1.0,1.0,7.847222222222223e-06,0.78125,0.0,2.0,medium|easy|hard
test,0,7,31,32,0.5311391519935569,16.582757607997337,236.67863660700095,0.001370527083054185,1.0,1.0,1.0,1.0,7.8125e-06,0.875,0.0,2.0,medium|hard|easy
test,0,7,32,32,0.5312472860023263,17.114543682997464,237.21042273000057,0.0013579383958131075,1.0,1.0,1.0,1.0,7.77777777777778e-06,0.78125,0.0,2.0,medium|easy|hard
test,0,7,33,32,0.5318482439979562,17.646955686999718,237.7428349690017,0.00129182287491858,1.0,1.0,1.0,1.0,7.743055555555556e-06,0.8125,0.0,2.0,medium|hard|easy
test,0,7,34,32,0.5314490099990508,18.178955089002557,238.27483415100141,0.18612338602542877,0.9615384615384616,0.96875,0.975,0.9671794871794872,7.708333333333334e-06,0.875,0.0,2.0,medium|hard|easy
test,0,7,35,32,0.5310469739997643,18.710471145001065,238.80635013400024,0.00809505395591259,1.0,1.0,1.0,1.0,7.673611111111113e-06,0.5,0.0,2.0,easy|medium|hard
test,0,7,36,32,0.5328307480012882,19.24386447299912,239.33974353899976,0.0012586181983351707,1.0,1.0,1.0,1.0,7.638888888888888e-06,0.84375,0.0,2.0,easy|hard|medium
test,0,7,37,32,0.5323876539987396,19.77681403900351,239.872693051002,0.12419451028108597,0.96875,0.96875,0.9705882352941176,0.9687194525904204,7.6041666666666666e-06,1.0,0.0,2.0,hard|medium|easy
test,0,7,38,32,0.5313718809993588,20.30873718800285,240.40461621199938,0.0015257832128554583,1.0,1.0,1.0,1.0,7.569444444444445e-06,1.09375,0.0,2.0,easy|hard|medium
test,0,7,39,32,0.5318941840014304,20.84117395499925,240.9370529719963,0.0011769759003072977,1.0,1.0,1.0,1.0,7.534722222222223e-06,1.1875,0.0,2.0,hard|medium|easy
test,0,7,40,32,0.5320516790015972,21.373791088997677,241.46967009599757,0.059519149363040924,0.9666666666666667,0.96875,0.9722222222222222,0.9684729064039409,7.500000000000001e-06,1.0,0.0,2.0,medium|easy|hard
test,0,7,41,32,0.5316001180035528,21.9059944010005,242.00187357999675,0.002232423983514309,1.0,1.0,1.0,1.0,7.465277777777778e-06,1.0,0.0,2.0,medium|easy|hard
test,0,7,42,32,0.5302428559953114,22.43679249499837,242.53267171899643,0.0019129099091514945,1.0,1.0,1.0,1.0,7.4305555555555565e-06,1.0,0.0,2.0,easy|hard|medium
test,0,7,43,32,0.5321149279989186,22.96948592300032,243.06536497699562,0.0012142877094447613,1.0,1.0,1.0,1.0,7.395833333333335e-06,0.96875,0.0,2.0,easy|hard|medium
test,0,7,44,32,0.531317808003223,23.501314936998824,243.5971939969968,0.0011737194145098329,1.0,1.0,1.0,1.0,7.361111111111112e-06,0.78125,0.0,2.0,medium|easy|hard
test,0,7,45,32,0.5310220760002267,24.03287546199863,244.12875448499835,0.0011812157463282347,1.0,1.0,1.0,1.0,7.326388888888889e-06,0.96875,0.0,2.0,medium|hard|easy
test,0,7,46,32,0.5314971429979778,24.5649051099972,244.6607841840014,0.19630207121372223,0.9615384615384616,0.96875,0.975,0.9671794871794872,7.291666666666667e-06,0.875,0.0,2.0,easy|medium|hard
test,0,7,47,32,0.5310044409998227,25.0964405420018,245.19231953800045,0.0021016437094658613,1.0,1.0,1.0,1.0,7.256944444444445e-06,1.03125,0.0,2.0,medium|hard|easy
test,0,7,48,32,0.5310875819995999,25.62808967199817,245.72396867800126,0.001320597599260509,1.0,1.0,1.0,1.0,7.222222222222223e-06,1.125,0.0,2.0,hard|medium|easy
test,0,7,49,32,0.5322186229968793,26.160850626001775,246.25672992999898,0.0012637664331123233,1.0,1.0,1.0,1.0,7.1875e-06,0.9375,0.0,2.0,medium|hard|easy
test,0,7,50,32,0.5316473620041506,26.69305430699751,246.78893332299776,0.0013812445104122162,1.0,1.0,1.0,1.0,7.152777777777778e-06,1.03125,0.0,2.0,easy|hard|medium
test,0,7,51,32,0.5309946780034807,27.224570370999572,247.320449371,0.0014281879412010312,1.0,1.0,1.0,1.0,7.1180555555555565e-06,0.90625,0.0,2.0,medium|easy|hard
test,0,7,52,32,0.5326628590046312,27.75779720099672,247.85367634100112,0.001425598980858922,1.0,1.0,1.0,1.0,7.083333333333335e-06,0.75,0.0,2.0,medium|easy|hard
test,0,7,53,32,0.5323865760001354,28.290933529999165,248.38681258099678,0.0018132118275389075,1.0,1.0,1.0,1.0,7.048611111111112e-06,0.84375,0.0,2.0,hard|easy|medium
test,0,7,54,32,0.5311293470003875,28.822665466002945,248.91854447100195,0.0012507874052971601,1.0,1.0,1.0,1.0,7.013888888888889e-06,0.84375,0.0,2.0,easy|medium|hard
test,0,7,55,32,0.5321214210052858,29.355328564997762,249.4512076089959,0.04578138142824173,0.9705882352941176,0.96875,0.96875,0.9687194525904204,6.979166666666667e-06,0.8125,0.0,2.0,easy|medium|hard
test,0,7,56,32,0.5319005179990199,29.887820174997614,249.98369917600212,0.0013891644775867462,1.0,1.0,1.0,1.0,6.944444444444445e-06,0.875,0.0,2.0,medium|easy|hard
test,0,7,57,32,0.5308541750055156,30.41922348299704,250.51510253000015,0.001490958034992218,1.0,1.0,1.0,1.0,6.909722222222223e-06,0.65625,0.0,2.0,easy|medium|hard
test,0,7,58,32,0.5319981580032618,30.951766154001234,251.04764515299757,0.001359475776553154,1.0,1.0,1.0,1.0,6.875e-06,1.0,0.0,2.0,easy|medium|hard
test,0,7,59,32,0.5317251480009872,31.484020823998435,251.57989982100116,0.0011058832751587033,1.0,1.0,1.0,1.0,6.840277777777778e-06,0.875,0.0,2.0,easy|hard|medium
test,0,7,60,32,0.5302887209982146,32.01500156499969,252.11088055800064,0.0013747925404459238,1.0,1.0,1.0,1.0,6.8055555555555566e-06,0.875,0.0,2.0,medium|easy|hard
test,0,7,61,32,0.5322488140009227,32.54770134499995,252.6435804089997,0.0011164038442075253,1.0,1.0,1.0,1.0,6.770833333333334e-06,0.875,0.0,2.0,medium|easy|hard
test,0,7,62,32,0.5315468280023197,33.079700936003064,253.1755802350017,0.0011722358176484704,1.0,1.0,1.0,1.0,6.736111111111112e-06,0.9375,0.0,2.0,easy|hard|medium
test,0,7,63,32,0.5314871719965595,33.61164707200078,253.707526350001,0.0012175901792943478,1.0,1.0,1.0,1.0,6.701388888888889e-06,0.96875,0.0,2.0,medium|hard|easy
test,0,7,64,20,0.36330039399763336,33.97542597199936,254.07130496599711,0.0016797054558992386,1.0,1.0,1.0,1.0,6.666666666666667e-06,1.25,0.0,2.0,hard|medium|easy
test,0,8,1,32,0.5340114049977274,0.6208262739964994,257.3581405579971,0.0012350378092378378,1.0,1.0,1.0,1.0,6.631944444444445e-06,1.125,0.0,2.0,medium|hard|easy
test,0,8,2,32,0.5311129680048907,1.1527019899949664,257.89001327499864,0.0013951610308140516,1.0,1.0,1.0,1.0,6.597222222222223e-06,1.0,0.0,2.0,medium|hard|easy
test,0,8,3,32,0.5308388460034621,1.6841126910003368,258.4214239399953,0.0014344020746648312,1.0,1.0,1.0,1.0,6.5625e-06,0.78125,0.0,2.0,medium|easy|hard
test,0,8,4,32,0.5319459679958527,2.216668970999308,258.9539802340005,0.001243032282218337,1.0,1.0,1.0,1.0,6.5277777777777784e-06,0.8125,0.0,2.0,medium|easy|hard
test,0,8,5,32,0.531390582997119,2.7485528029937996,259.48586406799586,0.0010891774436458945,1.0,1.0,1.0,1.0,6.493055555555557e-06,0.75,0.0,2.0,easy|hard|medium
test,0,8,6,32,0.530814507001196,3.279966866997711,260.0172781200017,0.0009551477269269526,1.0,1.0,1.0,1.0,6.458333333333334e-06,0.875,0.0,2.0,medium|easy|hard
test,0,8,7,32,0.5318944399987231,3.8125068659937824,260.54981812599726,0.0012464725878089666,1.0,1.0,1.0,1.0,6.423611111111112e-06,1.0,0.0,2.0,medium|hard|easy
test,0,8,8,32,0.5314115020009922,4.344520883998484,261.0818322749983,0.16266892850399017,0.9615384615384616,0.96875,0.975,0.9671794871794872,6.3888888888888885e-06,0.875,0.0,2.0,medium|hard|easy
test,0,8,9,32,0.5304056520035374,4.875472583000374,261.6127838350003,0.0009551162365823984,1.0,1.0,1.0,1.0,6.354166666666667e-06,0.96875,0.0,2.0,medium|hard|easy
test,0,8,10,32,0.5321695310049108,5.408224773993425,262.14553604499815,0.0009078256553038955,1.0,1.0,1.0,1.0,6.319444444444445e-06,0.90625,0.0,2.0,medium|easy|hard
test,0,8,11,32,0.5315098259961815,5.940250595995167,262.6775618699976,0.0010375615675002337,1.0,1.0,1.0,1.0,6.284722222222223e-06,0.96875,0.0,2.0,hard|easy|medium
test,0,8,12,32,0.5302917969966074,6.4710658629992395,263.20837711999775,0.001012603403069079,1.0,1.0,1.0,1.0,6.25e-06,0.96875,0.0,2.0,easy|medium|hard
test,0,8,13,32,0.5326502909956616,7.004302602996177,263.741613872,0.000875500263646245,1.0,1.0,1.0,1.0,6.2152777777777785e-06,1.125,0.0,2.0,hard|medium|easy
test,0,8,14,32,0.5314061349999974,7.536221357993782,264.27353262099496,0.0010170959867537022,1.0,1.0,1.0,1.0,6.180555555555557e-06,1.03125,0.0,2.0,hard|easy|medium
test,0,8,15,32,0.5311511699983384,8.06788077699457,264.80519203499716,0.0597534254193306,0.96875,0.96875,0.9705882352941176,0.9687194525904204,6.145833333333334e-06,0.875,0.0,2.0,hard|medium|easy
test,0,8,16,32,0.5324748900020495,8.600989328995638,265.3383005860014,0.0009282196406275034,1.0,1.0,1.0,1.0,6.111111111111112e-06,1.21875,0.0,2.0,medium|hard|easy
test,0,8,17,32,0.5311922520049848,9.13279110199801,265.87010239999654,0.0007989484583958983,1.0,1.0,1.0,1.0,6.0763888888888885e-06,0.96875,0.0,2.0,medium|easy|hard
test,0,8,18,32,0.5307771080042585,9.664130514996941,266.4014417809958,0.01497793011367321,1.0,1.0,1.0,1.0,6.041666666666667e-06,1.0625,0.0,2.0,easy|hard|medium
test,0,8,19,32,0.53221530400333,10.196939855995879,266.93425109599775,0.0010643746936693788,1.0,1.0,1.0,1.0,6.006944444444445e-06,0.84375,0.0,2.0,hard|easy|medium
test,0,8,20,32,0.530872053001076,10.728407937996963,267.46571924899763,0.0009640016360208392,1.0,1.0,1.0,1.0,5.972222222222222e-06,0.875,0.0,2.0,easy|medium|hard
test,0,8,21,32,0.5320834730009665,11.261101967000286,267.9984135470004,0.0008172827074304223,1.0,1.0,1.0,1.0,5.9375e-06,1.15625,0.0,2.0,medium|easy|hard
test,0,8,22,32,0.5318110559965135,11.793598056996416,268.5309093169999,0.0009582352358847857,1.0,1.0,1.0,1.0,5.9027777777777785e-06,0.875,0.0,2.0,medium|easy|hard
test,0,8,23,32,0.5322043919950374,12.326325233996613,269.0636364899983,0.0009524610941298306,1.0,1.0,1.0,1.0,5.868055555555557e-06,0.65625,0.0,2.0,medium|easy|hard
test,0,8,24,32,0.5307220559989219,12.857561826000165,269.5948730829987,0.0630304217338562,0.9722222222222222,0.96875,0.9666666666666667,0.9684729064039409,5.833333333333334e-06,0.875,0.0,2.0,easy|medium|hard
test,0,8,25,32,0.5313131370057818,13.389385262998985,270.1266965219984,0.000881437910720706,1.0,1.0,1.0,1.0,5.798611111111112e-06,0.6875,0.0,2.0,medium|hard|easy
test,0,8,26,32,0.5317621559952386,13.921708739995665,270.65902002000075,0.17433428764343262,0.9736842105263157,0.96875,0.9642857142857143,0.967967967967968,5.7638888888888886e-06,1.09375,0.0,2.0,medium|hard|easy
test,0,8,27,32,0.5308394599996973,14.453118301993527,271.1904295599961,0.0009107225341722369,1.0,1.0,1.0,1.0,5.729166666666667e-06,1.15625,0.0,2.0,easy|medium|hard
test,0,8,28,32,0.5309735259943409,14.984693015998346,271.7220043039997,0.0007341593154706061,1.0,1.0,1.0,1.0,5.694444444444445e-06,0.9375,0.0,2.0,medium|easy|hard
test,0,8,29,32,0.5317773429997033,15.517076923999412,272.2543881780002,0.0007563206600025296,1.0,1.0,1.0,1.0,5.659722222222222e-06,0.78125,0.0,2.0,medium|easy|hard
test,0,8,30,32,0.530902408005204,16.048526755999774,272.78583800199704,0.0011762429494410753,1.0,1.0,1.0,1.0,5.625e-06,0.8125,0.0,2.0,hard|easy|medium
test,0,8,31,32,0.5304422129993327,16.579503698994813,273.3168150040001,0.0009739988017827272,1.0,1.0,1.0,1.0,5.5902777777777785e-06,0.90625,0.0,2.0,medium|hard|easy
test,0,8,32,32,0.5319220430028508,17.11205031099962,273.8493615799962,0.0008462435798719525,1.0,1.0,1.0,1.0,5.555555555555557e-06,1.09375,0.0,2.0,easy|hard|medium
test,0,8,33,32,0.5312797160004266,17.6437966529993,274.3811078930012,0.0010176829528063536,1.0,1.0,1.0,1.0,5.520833333333334e-06,0.9375,0.0,2.0,medium|easy|hard
test,0,8,34,32,0.5309560730020166,18.17534940099722,274.9126606860009,0.000771213904954493,1.0,1.0,1.0,1.0,5.486111111111112e-06,0.78125,0.0,2.0,hard|easy|medium
test,0,8,35,32,0.531388880997838,18.707316785999865,275.444628059995,0.0007424716022796929,1.0,1.0,1.0,1.0,5.451388888888889e-06,0.65625,0.0,2.0,easy|medium|hard
test,0,8,36,32,0.5311911500029964,19.239104594998935,275.97641585199744,0.0009083570912480354,1.0,1.0,1.0,1.0,5.416666666666667e-06,0.90625,0.0,2.0,easy|hard|medium
test,0,8,37,32,0.5306661760041607,19.77029771299567,276.5076089840004,0.002690392779186368,1.0,1.0,1.0,1.0,5.381944444444445e-06,0.875,0.0,2.0,hard|easy|medium
test,0,8,38,32,0.5323445969988825,20.303236029998516,277.0405473110004,0.0008160927100107074,1.0,1.0,1.0,1.0,5.347222222222222e-06,1.0,0.0,2.0,hard|easy|medium
test,0,8,39,32,0.5309935070035863,20.834788451997156,277.57209970500116,0.0008085524896159768,1.0,1.0,1.0,1.0,5.3125e-06,0.71875,0.0,2.0,easy|medium|hard
test,0,8,40,32,0.5305330529954517,21.36591050199786,278.1032217519969,0.0009495241683907807,1.0,1.0,1.0,1.0,5.2777777777777785e-06,0.9375,0.0,2.0,hard|easy|medium
test,0,8,41,32,0.5318006919987965,21.89830256699497,278.6356138379997,0.000770371756516397,1.0,1.0,1.0,1.0,5.243055555555556e-06,1.0,0.0,2.0,hard|medium|easy
test,0,8,42,32,0.5314003040039097,22.4302607829959,279.1675720389976,0.0008644653134979308,1.0,1.0,1.0,1.0,5.208333333333334e-06,0.90625,0.0,2.0,easy|hard|medium
test,0,8,43,32,0.5309614509969833,22.96184845300013,279.6991597269953,0.0009322421392425895,1.0,1.0,1.0,1.0,5.173611111111112e-06,1.09375,0.0,2.0,easy|medium|hard
test,0,8,44,32,0.5323423640002147,23.494765721996373,280.23207698199985,0.0009240322979167104,1.0,1.0,1.0,1.0,5.138888888888889e-06,1.15625,0.0,2.0,easy|hard|medium
test,0,8,45,32,0.5310673400017549,24.02641957299784,280.76373082799546,0.18608447909355164,0.9666666666666667,0.96875,0.9722222222222222,0.9684729064039409,5.104166666666667e-06,1.0625,0.0,2.0,hard|easy|medium
test,0,8,46,32,0.5313688940004795,24.55827006099571,281.2955813410008,0.0009205425740219653,1.0,1.0,1.0,1.0,5.069444444444445e-06,0.9375,0.0,2.0,easy|medium|hard
test,0,8,47,32,0.5315590000027441,25.090420900996833,281.82773215400084,0.21335025131702423,0.96875,0.96875,0.9705882352941176,0.9687194525904204,5.034722222222222e-06,1.0625,0.0,2.0,hard|easy|medium
test,0,8,48,32,0.5311906900024042,25.62211702299828,282.3594282720005,0.0007434053113684058,1.0,1.0,1.0,1.0,5e-06,1.0,0.0,2.0,medium|hard|easy
test,0,8,49,32,0.5310242639970966,26.153719735993946,282.8910309819985,0.0008239442249760032,1.0,1.0,1.0,1.0,4.9652777777777786e-06,1.0,0.0,2.0,medium|hard|easy
test,0,8,50,32,0.5312231510033598,26.685432540994952,283.42274382100004,0.0007993768667802215,1.0,1.0,1.0,1.0,4.930555555555556e-06,0.90625,0.0,2.0,medium|easy|hard
test,0,8,51,32,0.532323252002243,27.218363406995195,283.9556747009992,0.010721171274781227,1.0,1.0,1.0,1.0,4.895833333333333e-06,0.71875,0.0,2.0,easy|medium|hard
test,0,8,52,32,0.5313393260003068,27.75029176299722,284.4876030419982,0.0008666374487802386,1.0,1.0,1.0,1.0,4.861111111111111e-06,0.5625,0.0,2.0,easy|medium|hard
test,0,8,53,32,0.5300490189983975,28.280942540994147,285.0182538000008,0.0008676410070620477,1.0,1.0,1.0,1.0,4.8263888888888895e-06,0.875,0.0,2.0,medium|easy|hard
test,0,8,54,32,0.5320191599967075,28.813495260998025,285.55080653899495,0.0007492536096833646,1.0,1.0,1.0,1.0,4.791666666666668e-06,0.875,0.0,2.0,hard|easy|medium
test,0,8,55,32,0.5307320590000018,29.344711612997344,286.0820228730008,0.0007940871873870492,1.0,1.0,1.0,1.0,4.756944444444445e-06,0.8125,0.0,2.0,hard|easy|medium
test,0,8,56,32,0.530589146001148,29.875872096999956,286.61318335100077,0.0009119714377447963,1.0,1.0,1.0,1.0,4.722222222222222e-06,0.78125,0.0,2.0,medium|easy|hard
test,0,8,57,32,0.5314400019997265,30.407911520000198,287.1452227760019,0.0007994407787919044,1.0,1.0,1.0,1.0,4.6875000000000004e-06,0.90625,0.0,2.0,hard|easy|medium
test,0,8,58,32,0.5311329169999226,30.93968232399493,287.67699359599646,0.044795095920562744,0.9615384615384616,0.96875,0.975,0.9671794871794872,4.652777777777779e-06,1.15625,0.0,2.0,medium|hard|easy
test,0,8,59,32,0.530614762006735,31.4708557069971,288.2081669830004,0.0007221804698929191,1.0,1.0,1.0,1.0,4.618055555555556e-06,0.65625,0.0,2.0,medium|hard|easy
test,0,8,60,32,0.5317208509950433,32.0031647279975,288.74047600299673,0.0008531649364158511,1.0,1.0,1.0,1.0,4.583333333333333e-06,0.9375,0.0,2.0,easy|medium|hard
test,0,8,61,32,0.531345733004855,32.534960806995514,289.2722720659949,0.0011999760754406452,1.0,1.0,1.0,1.0,4.548611111111111e-06,0.875,0.0,2.0,hard|medium|easy
test,0,8,62,32,0.5304169199953321,33.06587645099353,289.80318772100145,0.000758509908337146,1.0,1.0,1.0,1.0,4.5138888888888895e-06,1.0,0.0,2.0,easy|medium|hard
test,0,8,63,32,0.531989645001886,33.59833323699422,290.33564453299914,0.0007838832680135965,1.0,1.0,1.0,1.0,4.479166666666667e-06,0.8125,0.0,2.0,easy|medium|hard
test,0,8,64,20,0.3631744929953129,33.961970823998854,290.69928208000056,0.0007814831915311515,1.0,1.0,1.0,1.0,4.444444444444444e-06,0.75,0.0,2.0,medium|hard|easy
test,0,9,1,32,0.5335686719990917,0.6185564900006284,293.96767691199784,0.0007848989916965365,1.0,1.0,1.0,1.0,4.409722222222222e-06,0.71875,0.0,2.0,hard|medium|easy
test,0,9,2,32,0.5310069510014728,1.150288579003245,294.49940554199566,0.000768213823903352,1.0,1.0,1.0,1.0,4.3750000000000005e-06,1.03125,0.0,2.0,medium|hard|easy
test,0,9,3,32,0.5332876480024424,1.684143945996766,295.0332609690013,0.0007301613222807646,1.0,1.0,1.0,1.0,4.340277777777779e-06,0.96875,0.0,2.0,easy|hard|medium
test,0,9,4,32,0.5316229310046765,2.2163726950020646,295.56548961599765,0.0008155778050422668,1.0,1.0,1.0,1.0,4.305555555555556e-06,0.84375,0.0,2.0,easy|medium|hard
test,0,9,5,32,0.5306244730018079,2.747548312996514,296.0966652319985,0.000750979408621788,1.0,1.0,1.0,1.0,4.270833333333333e-06,0.96875,0.0,2.0,easy|hard|medium
test,0,9,6,32,0.5318792550024227,3.2799790630015195,296.6290960260012,0.0007042623474262655,1.0,1.0,1.0,1.0,4.236111111111111e-06,0.96875,0.0,2.0,easy|hard|medium
test,0,9,7,32,0.531648652999138,3.812162991001969,297.1612799259965,0.0008811302250251174,1.0,1.0,1.0,1.0,4.2013888888888896e-06,0.9375,0.0,2.0,hard|medium|easy
test,0,9,8,32,0.531159583995759,4.343831799000327,297.69294875099877,0.0007817441946826875,1.0,1.0,1.0,1.0,4.166666666666667e-06,1.03125,0.0,2.0,medium|hard|easy
test,0,9,9,32,0.532161740004085,4.876556796996738,298.2256737220014,0.0007236901437863708,1.0,1.0,1.0,1.0,4.131944444444444e-06,0.71875,0.0,2.0,medium|easy|hard
test,0,9,10,32,0.5314172889993642,5.408444975000748,298.7575619249983,0.0007202128181234002,1.0,1.0,1.0,1.0,4.097222222222222e-06,0.84375,0.0,2.0,hard|medium|easy
test,0,9,11,32,0.5313235819994588,5.940330979996361,299.28944791699905,0.0006929002702236176,1.0,1.0,1.0,1.0,4.0625000000000005e-06,1.21875,0.0,2.0,hard|easy|medium
test,0,9,12,32,0.5315332370009855,6.47242929800268,299.82154622599774,0.0007550913724116981,1.0,1.0,1.0,1.0,4.027777777777779e-06,0.84375,0.0,2.0,hard|easy|medium
test,0,9,13,32,0.5314278529986041,7.004307253999286,300.35342417799984,0.0006902329623699188,1.0,1.0,1.0,1.0,3.993055555555556e-06,0.59375,0.0,2.0,medium|easy|hard
test,0,9,14,32,0.5314010939982836,7.536293160999776,300.8854101179968,0.0006828881450928748,1.0,1.0,1.0,1.0,3.958333333333333e-06,0.71875,0.0,2.0,easy|medium|hard
test,0,9,15,32,0.5316434029955417,8.068498863998684,301.41761580800085,0.0006828797049820423,1.0,1.0,1.0,1.0,3.9236111111111114e-06,1.09375,0.0,2.0,medium|hard|easy
test,0,9,16,32,0.5324756400004844,8.601587193996238,301.9507041199977,0.0006547893863171339,1.0,1.0,1.0,1.0,3.88888888888889e-06,1.03125,0.0,2.0,hard|medium|easy
test,0,9,17,32,0.5310187959985342,9.133171952002158,302.48228887499863,0.08772913366556168,0.9666666666666667,0.96875,0.9722222222222222,0.9684729064039409,3.854166666666667e-06,1.0625,0.0,2.0,medium|easy|hard
test,0,9,18,32,0.5303877400001511,9.664211365998199,303.01332831200125,0.0006972134578973055,1.0,1.0,1.0,1.0,3.819444444444444e-06,0.96875,0.0,2.0,medium|hard|easy
test,0,9,19,32,0.5319786580002983,10.196768385998439,303.5458853050004,0.1963406801223755,0.9705882352941176,0.96875,0.96875,0.9687194525904204,3.7847222222222224e-06,0.84375,0.0,2.0,medium|hard|easy
test,0,9,20,32,0.531237629998941,10.728597879999143,304.0777149919959,0.001078241504728794,1.0,1.0,1.0,1.0,3.7500000000000005e-06,1.0625,0.0,2.0,medium|hard|easy
test,0,9,21,32,0.5306357540030149,11.259703556002933,304.60882049399515,0.24234303832054138,0.9375,0.9375,0.9444444444444444,0.9372549019607843,3.7152777777777783e-06,0.96875,0.0,2.0,easy|medium|hard
test,0,9,22,32,0.5322067410015734,11.792511145999015,305.14162809900154,0.0007330001099035144,1.0,1.0,1.0,1.0,3.680555555555556e-06,0.96875,0.0,2.0,easy|hard|medium
test,0,9,23,32,0.5307212580009946,12.323760842999036,305.6728777659955,0.000682593323290348,1.0,1.0,1.0,1.0,3.6458333333333333e-06,0.78125,0.0,2.0,medium|easy|hard
test,0,9,24,32,0.5312699819987756,12.855667907002498,306.20478483299667,0.0007329000509344041,1.0,1.0,1.0,1.0,3.6111111111111115e-06,0.9375,0.0,2.0,easy|medium|hard
test,0,9,25,32,0.5317655510007171,13.387955161997525,306.7370720889958,0.0006474202964454889,1.0,1.0,1.0,1.0,3.576388888888889e-06,1.15625,0.0,2.0,easy|hard|medium
test,0,9,26,32,0.5318462619979982,13.920328859996516,307.26944578999974,0.0006428237538784742,1.0,1.0,1.0,1.0,3.5416666666666673e-06,0.71875,0.0,2.0,medium|easy|hard
test,0,9,27,32,0.5308544700019411,14.45177898700058,307.8008959469953,0.0005912795895710588,1.0,1.0,1.0,1.0,3.5069444444444447e-06,0.9375,0.0,2.0,easy|medium|hard
test,0,9,28,32,0.5319435109995538,14.984199890001037,308.33331682399876,0.10659074783325195,0.9705882352941176,0.96875,0.96875,0.9687194525904204,3.4722222222222224e-06,0.90625,0.0,2.0,easy|hard|medium
test,0,9,29,32,0.5314757570013171,15.516148583999893,308.86526554900047,0.0006781471893191338,1.0,1.0,1.0,1.0,3.4375e-06,0.84375,0.0,2.0,medium|easy|hard
test,0,9,30,32,0.5311020970038953,16.047830146002525,309.39694707500166,0.024718809872865677,0.9736842105263157,0.96875,0.9642857142857143,0.967967967967968,3.4027777777777783e-06,1.0625,0.0,2.0,easy|hard|medium
test,0,9,31,32,0.5324652030030848,16.58088806700107,309.9300050230013,0.0007437871536239982,1.0,1.0,1.0,1.0,3.368055555555556e-06,1.15625,0.0,2.0,hard|medium|easy
test,0,9,32,32,0.531786760999239,17.113223398002447,310.46234045199526,0.0006710568559356034,1.0,1.0,1.0,1.0,3.3333333333333333e-06,0.84375,0.0,2.0,easy|medium|hard
test,0,9,33,32,0.5301828759984346,17.64399759999651,310.9931145340015,0.0008992560906335711,1.0,1.0,1.0,1.0,3.2986111111111115e-06,0.875,0.0,2.0,easy|hard|medium
test,0,9,34,32,0.5321719639978255,18.176714180997806,311.525831111001,0.0007331192609854043,1.0,1.0,1.0,1.0,3.2638888888888892e-06,1.25,0.0,2.0,hard|medium|easy
test,0,9,35,32,0.5314426940021804,18.708716503002506,312.0578334249949,0.0014035331550985575,1.0,1.0,1.0,1.0,3.229166666666667e-06,0.875,0.0,2.0,medium|easy|hard
test,0,9,36,32,0.530871394003043,19.240167894997285,312.58928483799536,0.0006776830414310098,1.0,1.0,1.0,1.0,3.1944444444444443e-06,0.8125,0.0,2.0,medium|easy|hard
test,0,9,37,32,0.5324096370022744,19.773154046000855,313.1222710180009,0.000686930026859045,1.0,1.0,1.0,1.0,3.1597222222222224e-06,0.84375,0.0,2.0,medium|hard|easy
test,0,9,38,32,0.5313090230047237,20.304933667001023,313.65405060099874,0.0006284154951572418,1.0,1.0,1.0,1.0,3.125e-06,0.71875,0.0,2.0,hard|medium|easy
test,0,9,39,32,0.5310339400020894,20.836550972002442,314.1856678959957,0.0007223176071420312,1.0,1.0,1.0,1.0,3.0902777777777783e-06,0.8125,0.0,2.0,hard|easy|medium
test,0,9,40,32,0.5321153449986014,21.369250841002213,314.7183677630019,0.0009545355569571257,1.0,1.0,1.0,1.0,3.055555555555556e-06,1.1875,0.0,2.0,medium|hard|easy
test,0,9,41,32,0.5309495510009583,21.90071276499657,315.2498296979975,0.0007531601004302502,1.0,1.0,1.0,1.0,3.0208333333333334e-06,0.875,0.0,2.0,easy|hard|medium
test,0,9,42,32,0.530946454993682,22.432133192996844,315.7812501320004,0.0007648296887055039,1.0,1.0,1.0,1.0,2.986111111111111e-06,0.78125,0.0,2.0,medium|easy|hard
test,0,9,43,32,0.5315796229988337,22.964165762998164,316.31328268099605,0.0023339518811553717,1.0,1.0,1.0,1.0,2.9513888888888892e-06,0.84375,0.0,2.0,easy|hard|medium
test,0,9,44,32,0.5319187990025966,23.496627127002284,316.84574407000036,0.1659095138311386,0.9722222222222222,0.96875,0.9666666666666667,0.9684729064039409,2.916666666666667e-06,0.78125,0.0,2.0,medium|hard|easy
test,0,9,45,32,0.5309301630040864,24.028002220002236,317.3771191490014,0.0005910771433264017,1.0,1.0,1.0,1.0,2.8819444444444443e-06,0.875,0.0,2.0,hard|easy|medium
test,0,9,46,32,0.530163076997269,24.558622741998988,317.9077396759967,0.0013837076257914305,1.0,1.0,1.0,1.0,2.8472222222222224e-06,0.6875,0.0,2.0,hard|easy|medium
test,0,9,47,32,0.5321008200044162,25.091293990997656,318.4404109129973,0.0008607459021732211,1.0,1.0,1.0,1.0,2.8125e-06,0.84375,0.0,2.0,hard|easy|medium
test,0,9,48,32,0.5316383579993271,25.623536660001264,318.9726535959999,0.0006412073853425682,1.0,1.0,1.0,1.0,2.7777777777777783e-06,1.03125,0.0,2.0,easy|medium|hard
test,0,9,49,32,0.5309646960013197,26.155005606000486,319.5041225399982,0.000669300090521574,1.0,1.0,1.0,1.0,2.743055555555556e-06,0.875,0.0,2.0,easy|medium|hard
test,0,9,50,32,0.5321149739975226,26.68764253200061,320.03675947900047,0.0006750085158273578,1.0,1.0,1.0,1.0,2.7083333333333334e-06,0.625,0.0,2.0,medium|hard|easy
test,0,9,51,32,0.5311082589978469,27.219298664000235,320.5684155889976,0.0005374672473408282,1.0,1.0,1.0,1.0,2.673611111111111e-06,0.9375,0.0,2.0,medium|hard|easy
test,0,9,52,32,0.5306146540024201,27.750397119998524,321.0995140899977,0.09139493107795715,0.96875,0.96875,0.9705882352941176,0.9687194525904204,2.6388888888888893e-06,0.9375,0.0,2.0,medium|easy|hard
test,0,9,53,32,0.5317960579995997,28.282735959997808,321.63185292999697,0.0010262676514685154,1.0,1.0,1.0,1.0,2.604166666666667e-06,0.96875,0.0,2.0,easy|medium|hard
test,0,9,54,32,0.5316222390028997,28.81489245800185,322.1640094159957,0.0007646603044122458,1.0,1.0,1.0,1.0,2.5694444444444443e-06,0.5625,0.0,2.0,easy|hard|medium
test,0,9,55,32,0.5312393949934631,29.346664760996646,322.69578169699525,0.0005871723406016827,1.0,1.0,1.0,1.0,2.5347222222222225e-06,1.03125,0.0,2.0,easy|hard|medium
test,0,9,56,32,0.5318918760021916,29.879129988003115,323.2282469290003,0.0006040824227966368,1.0,1.0,1.0,1.0,2.5e-06,0.96875,0.0,2.0,medium|easy|hard
test,0,9,57,32,0.5315809859966976,30.41127363099804,323.7603905599972,0.0006637437036260962,1.0,1.0,1.0,1.0,2.465277777777778e-06,0.9375,0.0,2.0,easy|hard|medium
test,0,9,58,32,0.5312635820009746,30.943124712997815,324.29224202600017,0.0006356015801429749,1.0,1.0,1.0,1.0,2.4305555555555557e-06,0.9375,0.0,2.0,easy|medium|hard
test,0,9,59,32,0.5326539290035726,31.476435359996685,324.82555228699493,0.0006730955792590976,1.0,1.0,1.0,1.0,2.395833333333334e-06,0.9375,0.0,2.0,hard|medium|easy
test,0,9,60,32,0.5322576859980472,32.009347881001304,325.3584648719989,0.0006997889140620828,1.0,1.0,1.0,1.0,2.361111111111111e-06,0.8125,0.0,2.0,medium|hard|easy
test,0,9,61,32,0.5306614000000991,32.540500062998035,325.8896169919972,0.0006499736336991191,1.0,1.0,1.0,1.0,2.3263888888888893e-06,1.15625,0.0,2.0,hard|medium|easy
test,0,9,62,32,0.5320401200006017,33.072998841998924,326.4221158989967,0.006155464332550764,1.0,1.0,1.0,1.0,2.2916666666666666e-06,1.0625,0.0,2.0,hard|medium|easy
test,0,9,63,32,0.5313748359985766,33.604858976003015,326.9539759159961,0.12227172404527664,0.96875,0.96875,0.9705882352941176,0.9687194525904204,2.2569444444444448e-06,1.34375,0.0,2.0,easy|hard|medium
test,0,9,64,20,0.3622619300003862,33.967548695000005,327.31666564199986,0.0007158737862482667,1.0,1.0,1.0,1.0,2.222222222222222e-06,0.800000011920929,0.0,2.0,hard|easy|medium
test,0,10,1,32,0.5343641539948294,0.6188175860006595,330.59349736700096,0.0006530020036734641,1.0,1.0,1.0,1.0,2.1875000000000002e-06,0.8125,0.0,2.0,medium|hard|easy
test,0,10,2,32,0.5326615130034043,1.152240041999903,331.1269197309957,0.13660061359405518,0.9722222222222222,0.96875,0.9666666666666667,0.9684729064039409,2.152777777777778e-06,0.90625,0.0,2.0,hard|easy|medium
test,0,10,3,32,0.5325474889978068,1.6853862229982042,331.660065733995,0.0007286842446774244,1.0,1.0,1.0,1.0,2.1180555555555557e-06,0.75,0.0,2.0,medium|easy|hard
test,0,10,4,32,0.5307857609950588,2.216764090997458,332.1914435860017,0.0005803500534966588,1.0,1.0,1.0,1.0,2.0833333333333334e-06,0.90625,0.0,2.0,hard|easy|medium
test,0,10,5,32,0.5322617269994225,2.7495802639969043,332.72425978299725,0.0006584785878658295,1.0,1.0,1.0,1.0,2.048611111111111e-06,1.15625,0.0,2.0,hard|easy|medium
test,0,10,6,32,0.532636318996083,3.2827422999980627,333.2574218189984,0.0005569001077674329,1.0,1.0,1.0,1.0,2.0138888888888893e-06,0.84375,0.0,2.0,medium|easy|hard
test,0,10,7,32,0.5315079940046417,3.814784160000272,333.7894636639976,0.0005695490399375558,1.0,1.0,1.0,1.0,1.9791666666666666e-06,0.96875,0.0,2.0,medium|easy|hard
test,0,10,8,32,0.5330498440016527,4.348345379999955,334.3230249030021,0.0007997270440682769,1.0,1.0,1.0,1.0,1.944444444444445e-06,0.96875,0.0,2.0,easy|medium|hard
test,0,10,9,32,0.5319117020044359,4.88072382700193,334.85540333099925,0.0006399925914593041,1.0,1.0,1.0,1.0,1.909722222222222e-06,0.71875,0.0,2.0,easy|medium|hard
test,0,10,10,32,0.5312516199992388,5.412493384996196,335.3871728919985,0.0006283538532443345,1.0,1.0,1.0,1.0,1.8750000000000003e-06,1.21875,0.0,2.0,hard|medium|easy
test,0,10,11,32,0.5324729080020916,5.945432301996334,335.9201118209967,0.19649513065814972,0.9642857142857143,0.96875,0.9736842105263157,0.967967967967968,1.840277777777778e-06,0.96875,0.0,2.0,hard|easy|medium
test,0,10,12,32,0.531381227003294,6.477340101999289,336.45201982199796,0.0005944244330748916,1.0,1.0,1.0,1.0,1.8055555555555557e-06,0.96875,0.0,2.0,hard|easy|medium
test,0,10,13,32,0.5307371369999601,7.008687800996995,336.98336731400195,0.0015038144774734974,1.0,1.0,1.0,1.0,1.7708333333333337e-06,1.0625,0.0,2.0,easy|medium|hard
test,0,10,14,32,0.5323520050005754,7.541579921999073,337.5162594189969,0.0005030712345615029,1.0,1.0,1.0,1.0,1.7361111111111112e-06,0.6875,0.0,2.0,medium|easy|hard
test,0,10,15,32,0.5316832050011726,8.073835281997162,338.0485148029984,0.0007616686634719372,1.0,1.0,1.0,1.0,1.7013888888888891e-06,0.90625,0.0,2.0,medium|hard|easy
test,0,10,16,32,0.5313053990030312,8.605686825001612,338.5803663209954,0.000584612600505352,1.0,1.0,1.0,1.0,1.6666666666666667e-06,1.28125,0.0,2.0,easy|medium|hard
test,0,10,17,32,0.5327916039968841,9.139065073002712,339.11374459399667,0.0007923551020212471,1.0,1.0,1.0,1.0,1.6319444444444446e-06,0.875,0.0,2.0,medium|easy|hard
test,0,10,18,32,0.5317120740000973,9.671392363998166,339.6460718870003,0.0005548193003050983,1.0,1.0,1.0,1.0,1.5972222222222221e-06,0.875,0.0,2.0,medium|easy|hard
test,0,10,19,32,0.5317889960060711,10.203795684996294,340.1784751649975,0.0007088635466061532,1.0,1.0,1.0,1.0,1.5625e-06,0.90625,0.0,2.0,easy|hard|medium
test,0,10,20,32,0.5321089620047132,10.736347867001314,340.7110273770013,0.0006446298793889582,1.0,1.0,1.0,1.0,1.527777777777778e-06,0.84375,0.0,2.0,medium|hard|easy
test,0,10,21,32,0.5321478559999377,11.269159224997566,341.24383873199986,0.0006785300793126225,1.0,1.0,1.0,1.0,1.4930555555555555e-06,1.09375,0.0,2.0,easy|hard|medium
test,0,10,22,32,0.5319174159958493,11.801604170002975,341.7762836729962,0.0005743651418015361,1.0,1.0,1.0,1.0,1.4583333333333335e-06,0.6875,0.0,2.0,medium|hard|easy
test,0,10,23,32,0.5323011599975871,12.334432388997811,342.3091119009987,0.0005559534183703363,1.0,1.0,1.0,1.0,1.4236111111111112e-06,1.1875,0.0,2.0,medium|hard|easy
test,0,10,24,32,0.5315804469937575,12.866527685997426,342.8412071720013,0.0005499605322256684,1.0,1.0,1.0,1.0,1.3888888888888892e-06,1.09375,0.0,2.0,medium|hard|easy
test,0,10,25,32,0.5317447060006089,13.398723117999907,343.373402651996,0.0005771198775619268,1.0,1.0,1.0,1.0,1.3541666666666667e-06,0.90625,0.0,2.0,medium|hard|easy
test,0,10,26,32,0.5326396430027671,13.931891164997069,343.90657070499583,0.0006533135892823339,1.0,1.0,1.0,1.0,1.3194444444444446e-06,0.84375,0.0,2.0,medium|easy|hard
test,0,10,27,32,0.5321905909950146,14.464633889998368,344.43931337499816,0.0005788217531517148,1.0,1.0,1.0,1.0,1.2847222222222222e-06,0.90625,0.0,2.0,easy|medium|hard
test,0,10,28,32,0.531721152998216,14.996941719997267,344.9716212229978,0.008140374906361103,1.0,1.0,1.0,1.0,1.25e-06,0.90625,0.0,2.0,medium|easy|hard
test,0,10,29,32,0.5323148030001903,15.529797287999827,345.5044768270018,0.0006944084307178855,1.0,1.0,1.0,1.0,1.2152777777777778e-06,1.125,0.0,2.0,medium|hard|easy
test,0,10,30,32,0.5324363580002682,16.062768600997515,346.03744809899945,0.0007695220410823822,1.0,1.0,1.0,1.0,1.1805555555555556e-06,0.9375,0.0,2.0,hard|medium|easy
test,0,10,31,32,0.5314715699933004,16.594776254001772,346.56945574800193,0.0006352957570925355,1.0,1.0,1.0,1.0,1.1458333333333333e-06,1.09375,0.0,2.0,hard|medium|easy
test,0,10,32,32,0.530414529996051,17.12574798300193,347.10042751400033,0.001984609989449382,1.0,1.0,1.0,1.0,1.111111111111111e-06,0.65625,0.0,2.0,easy|hard|medium
test,0,10,33,32,0.5320876400000998,17.658316998000373,347.63299682700017,0.0006371246417984366,1.0,1.0,1.0,1.0,1.076388888888889e-06,0.84375,0.0,2.0,easy|hard|medium
test,0,10,34,32,0.5315928709969739,18.19041588199616,348.16509541100095,0.0007362292381003499,1.0,1.0,1.0,1.0,1.0416666666666667e-06,0.75,0.0,2.0,medium|easy|hard
test,0,10,35,32,0.5312250470014988,18.722188278996327,348.69686777999596,0.0006102193146944046,1.0,1.0,1.0,1.0,1.0069444444444447e-06,0.75,0.0,2.0,medium|easy|hard
test,0,10,36,32,0.5323074309999356,19.255039372001193,349.2297189309975,0.0005800393410027027,1.0,1.0,1.0,1.0,9.722222222222224e-07,1.0,0.0,2.0,easy|hard|medium
test,0,10,37,32,0.5315262529984466,19.787038565998955,349.76171804800106,0.000563194858841598,1.0,1.0,1.0,1.0,9.375000000000001e-07,0.9375,0.0,2.0,medium|easy|hard
test,0,10,38,32,0.5310804420005297,20.31867606600281,350.2933555790005,0.0006280099041759968,1.0,1.0,1.0,1.0,9.027777777777779e-07,1.09375,0.0,2.0,medium|hard|easy
test,0,10,39,32,0.5321767149944208,20.85138516799634,350.826064658002,0.0005311076529324055,1.0,1.0,1.0,1.0,8.680555555555556e-07,1.0625,0.0,2.0,hard|medium|easy
test,0,10,40,32,0.531294637999963,21.383214879999286,351.3578943859975,0.0006353982607834041,1.0,1.0,1.0,1.0,8.333333333333333e-07,0.65625,0.0,2.0,medium|easy|hard
test,0,10,41,32,0.5312370930041652,21.915002376001212,351.8896818909998,0.000603054475504905,1.0,1.0,1.0,1.0,7.986111111111111e-07,1.09375,0.0,2.0,medium|hard|easy
test,0,10,42,32,0.5319061440022779,22.447356149998086,352.42203566699754,0.00048105200403369963,1.0,1.0,1.0,1.0,7.63888888888889e-07,0.9375,0.0,2.0,medium|hard|easy
test,0,10,43,32,0.5318753079991438,22.97978962599882,352.9544691409974,0.01455841213464737,1.0,1.0,1.0,1.0,7.291666666666667e-07,0.75,0.0,2.0,hard|easy|medium
test,0,10,44,32,0.5314463630056707,23.51172745799704,353.4864069690011,0.0005566732725128531,1.0,1.0,1.0,1.0,6.944444444444446e-07,1.125,0.0,2.0,easy|hard|medium
test,0,10,45,32,0.5322980860000825,24.044618111998716,354.0192976170001,0.14260855317115784,0.9642857142857143,0.96875,0.9736842105263157,0.967967967967968,6.597222222222223e-07,0.9375,0.0,2.0,hard|easy|medium
test,0,10,46,32,0.5325663030016585,24.577655708002567,354.5523354190009,0.0006282087997533381,1.0,1.0,1.0,1.0,6.25e-07,0.84375,0.0,2.0,easy|medium|hard
test,0,10,47,32,0.530762478003453,25.108939315003227,355.083618826,0.0007717547123320401,1.0,1.0,1.0,1.0,5.902777777777778e-07,0.875,0.0,2.0,medium|hard|easy
test,0,10,48,32,0.5321306299956632,25.641531950997887,355.6162114539984,0.0007230403134599328,1.0,1.0,1.0,1.0,5.555555555555555e-07,0.6875,0.0,2.0,easy|hard|medium
test,0,10,49,32,0.5320752970001195,26.174196736996237,356.1488762299996,0.0006926005007699132,1.0,1.0,1.0,1.0,5.208333333333334e-07,1.09375,0.0,2.0,hard|easy|medium
test,0,10,50,32,0.5312128339937772,26.70598134300235,356.68066085299506,0.0006311383913271129,1.0,1.0,1.0,1.0,4.861111111111112e-07,1.0625,0.0,2.0,medium|hard|easy
test,0,10,51,32,0.5328640529987752,27.239415509997343,357.21409501200105,0.0007181712426245213,1.0,1.0,1.0,1.0,4.5138888888888893e-07,0.8125,0.0,2.0,medium|easy|hard
test,0,10,52,32,0.5322167319973232,27.772184868001204,357.7468643960019,0.0005352955777198076,1.0,1.0,1.0,1.0,4.1666666666666667e-07,1.0625,0.0,2.0,hard|medium|easy
test,0,10,53,32,0.5309007709947764,28.30369276500278,358.278372267996,0.0005245652282610536,1.0,1.0,1.0,1.0,3.819444444444445e-07,0.9375,0.0,2.0,easy|hard|medium
test,0,10,54,32,0.5323440009960905,28.83658486999775,358.81126437200146,0.0006938298465684056,1.0,1.0,1.0,1.0,3.472222222222223e-07,0.90625,0.0,2.0,hard|easy|medium
test,0,10,55,32,0.5318573199983803,29.369033880000643,359.34371339000063,0.0005226255743764341,1.0,1.0,1.0,1.0,3.125e-07,1.15625,0.0,2.0,hard|easy|medium
test,0,10,56,32,0.5308967059972929,29.900494761997834,359.87517426999693,0.00048431934555992484,1.0,1.0,1.0,1.0,2.7777777777777776e-07,0.75,0.0,2.0,easy|medium|hard
test,0,10,57,32,0.5325795080061653,30.43366595399857,360.408345455995,0.000629108864814043,1.0,1.0,1.0,1.0,2.430555555555556e-07,0.9375,0.0,2.0,medium|hard|easy
test,0,10,58,32,0.5322960150006111,30.96652306499891,360.94120258199837,0.00046955625293776393,1.0,1.0,1.0,1.0,2.0833333333333333e-07,0.8125,0.0,2.0,easy|hard|medium
test,0,10,59,32,0.5308182290027617,31.4978937900014,361.47257330700086,0.04040500521659851,0.9705882352941176,0.96875,0.96875,0.9687194525904204,1.7361111111111115e-07,0.6875,0.0,2.0,easy|hard|medium
test,0,10,60,32,0.5320803259965032,32.03060604399798,362.00528548900184,0.0005472915945574641,1.0,1.0,1.0,1.0,1.3888888888888888e-07,0.75,0.0,2.0,easy|medium|hard
test,0,10,61,32,0.531670700001996,32.5627434459966,362.53742293999676,0.18049363791942596,0.9705882352941176,0.96875,0.96875,0.9687194525904204,1.0416666666666667e-07,1.0,0.0,2.0,hard|easy|medium
test,0,10,62,32,0.5319917170054396,33.095181415003026,363.06986086899997,0.0005344202509149909,1.0,1.0,1.0,1.0,6.944444444444444e-08,0.96875,0.0,2.0,medium|hard|easy
test,0,10,63,32,0.53253633499844,33.62812048199703,363.6027999910002,0.0007105359109118581,1.0,1.0,1.0,1.0,3.472222222222222e-08,0.625,0.0,2.0,easy|medium|hard
test,0,10,64,20,0.362712902999192,33.9913092650022,363.96598869100126,0.0005863457918167114,1.0,1.0,1.0,1.0,0.0,0.75,0.0,2.0,medium|easy|hard
